$nodes
1, 6.9796989e-01, 9.5206005e-01, 2.9715090e-01 
2, 1.9276187e-02, 5.7682942e-01, 8.0366327e-01 
3, 7.8314802e-01, 5.3018064e-02, 8.3535691e-01 
4, 7.8643532e-01, 5.4256584e-01, 5.4042728e-01 
5, 4.5325229e-01, 5.8473706e-01, 8.9271469e-01 
6, 5.0333623e-01, 5.7907478e-01, 7.1115581e-01 
7, 4.3903755e-01, 9.1871986e-01, 6.4867624e-01 
8, 6.3225044e-01, 5.4302574e-01, 5.9043512e-01 
9, 6.4431715e-01, 6.8597762e-01, 6.0144024e-01 
10, 7.4148127e-01, 8.7793098e-01, 3.4665076e-01 
11, 2.2877299e-01, 9.7075278e-01, 8.4789868e-01 
12, 9.5075311e-01, 1.1562347e-01, 2.0252176e-01 
13, 2.0498124e-01, 1.4507983e-01, 3.6953477e-01 
14, 4.0372093e-01, 7.3013244e-02, 5.6017244e-01 
15, 5.9649639e-01, 4.9933068e-01, 8.4973104e-01 
16, 4.5074831e-02, 3.3926772e-01, 3.6766741e-01 
17, 1.1854155e-01, 5.1151281e-02, 4.9021796e-02 
18, 5.9475771e-01, 4.7773272e-01, 2.3378195e-01 
19, 3.6300441e-01, 3.3440236e-01, 5.0409608e-01 
20, 4.5416442e-01, 6.2514920e-01, 7.7474844e-01 
21, 2.0492643e-01, 3.6442629e-02, 2.8821085e-01 
22, 7.8481811e-01, 6.2658892e-01, 2.1005941e-01 
23, 5.2199523e-01, 9.0711975e-01, 5.1521225e-01 
24, 2.2180535e-01, 3.4243241e-01, 8.3870554e-01 
25, 7.5276338e-01, 2.6079597e-01, 8.0039091e-01 
26, 7.8248308e-01, 3.8110260e-01, 5.1686312e-01 
27, 6.6843269e-01, 7.0210465e-01, 5.6498125e-01 
28, 1.3912880e-02, 1.3663998e-01, 9.0213942e-01 
29, 7.3450610e-01, 9.9489862e-01, 7.7200108e-01 
30, 7.2222578e-01, 1.0905073e-01, 2.6008900e-01 
31, 8.2347766e-01, 9.3621979e-01, 8.4099666e-01 
32, 5.5483928e-01, 4.4499241e-01, 9.7705250e-01 
33, 5.8273840e-01, 4.5100520e-01, 3.7200497e-01 
34, 4.2835408e-01, 2.7236310e-01, 3.1480381e-01 
35, 4.1468461e-01, 8.8508879e-01, 2.8214777e-01 
36, 3.2184374e-01, 6.7039974e-01, 5.0939458e-01 
37, 2.9410131e-01, 5.2468933e-01, 6.9236995e-01 
38, 8.6870506e-01, 6.7848311e-01, 4.4821591e-02 
39, 7.9016639e-01, 4.9872291e-01, 5.2686629e-02 
40, 5.6445188e-01, 1.1554292e-01, 6.6551600e-03 
41, 5.0275495e-01, 2.5546292e-01, 5.0718848e-01 
42, 5.5397383e-01, 8.6675335e-01, 6.5146074e-01 
43, 9.3156147e-01, 5.8832958e-01, 5.3466715e-01 
44, 2.6630653e-01, 9.2297312e-01, 5.7420653e-01 
45, 1.6996498e-02, 8.0512310e-01, 1.4893228e-01 
46, 2.3712552e-02, 3.4607294e-01, 1.9506779e-01 
47, 3.4117343e-01, 7.6118021e-01, 7.4098134e-01 
48, 9.7829960e-01, 5.8788146e-02, 5.4355487e-01 
49, 9.4586383e-01, 4.7596508e-01, 2.6865618e-01 
50, 7.8128179e-01, 6.3948857e-01, 7.0534773e-01 
51, 8.2911644e-01, 2.5787111e-01, 6.1776051e-01 
52, 7.8734933e-02, 3.0365431e-01, 3.4776970e-01 
53, 1.7771126e-01, 2.9972343e-01, 7.7317357e-01 
54, 2.3682659e-01, 8.5145961e-01, 1.6991848e-01 
55, 2.8014242e-01, 1.2795335e-01, 4.5690381e-02 
56, 7.8926478e-01, 5.8458394e-01, 2.2379679e-01 
57, 4.1709600e-01, 6.1079678e-01, 6.9630466e-01 
58, 8.1789189e-01, 6.8905989e-01, 1.6506824e-01 
59, 8.4599534e-01, 7.1217407e-03, 8.5312641e-02 
60, 7.5624669e-01, 9.4881975e-01, 8.6768002e-02 
61, 8.0591611e-01, 3.6048995e-01, 3.5747080e-01 
62, 4.0345677e-01, 5.7644770e-01, 3.4960979e-01 
63, 3.0966636e-03, 8.4303066e-01, 1.1745409e-02 
64, 2.9080790e-01, 9.6236024e-01, 6.2659076e-02 
65, 3.0733380e-01, 4.1156857e-01, 9.2735091e-01 
66, 7.4785800e-02, 5.7021920e-01, 9.5666976e-01 
67, 4.8726253e-02, 5.9886106e-01, 4.3720020e-01 
68, 1.0725395e-01, 6.2521098e-01, 1.8445303e-02 
69, 5.7727503e-01, 1.0391049e-01, 4.6924959e-02 
70, 2.8395630e-01, 1.7370141e-01, 6.1785309e-01 
71, 2.1126543e-01, 5.3243050e-01, 7.2098113e-01 
72, 3.9648790e-01, 7.8594935e-02, 8.8042335e-01 
73, 9.3515305e-01, 3.8233540e-01, 7.2412173e-01 
74, 7.5053416e-01, 7.8317936e-01, 3.8173885e-01 
75, 9.0445405e-01, 5.7602887e-02, 4.9507425e-01 
76, 7.4110723e-01, 4.8907028e-02, 7.4088830e-01 
77, 1.9253524e-01, 9.0504169e-01, 8.7323383e-01 
78, 1.3791240e-01, 1.7091995e-01, 8.0040337e-01 
79, 1.4148587e-01, 8.3590222e-01, 4.7356693e-01 
80, 5.4665976e-01, 3.4645772e-01, 7.2305119e-01 
81, 4.3498933e-01, 1.7957371e-01, 8.5023870e-01 
82, 9.1243750e-01, 2.2384529e-01, 9.9357872e-01 
83, 7.3005037e-01, 4.9239437e-01, 2.8461425e-01 
84, 2.4164114e-01, 3.4024814e-02, 2.4250758e-01 
85, 6.6675059e-01, 9.4222474e-01, 3.2101893e-01 
86, 5.1898105e-01, 3.9916408e-01, 7.1698968e-01 
87, 1.7757381e-01, 8.3233339e-01, 5.7137506e-01 
88, 4.8122318e-01, 2.4728222e-01, 6.5989512e-01 
89, 2.5331854e-01, 7.0234518e-02, 2.3089562e-01 
90, 6.2801590e-01, 6.3319499e-01, 2.3325892e-01 
91, 5.8921238e-01, 3.9264948e-01, 9.3223134e-01 
92, 7.7274122e-01, 9.9355024e-01, 7.5766109e-01 
93, 9.2793819e-01, 4.3359677e-01, 6.7643437e-01 
94, 4.8149099e-01, 2.8775781e-01, 2.8914190e-01 
95, 1.7846586e-01, 1.2059269e-02, 1.3438900e-01 
96, 7.3598281e-01, 4.4315061e-01, 8.2433826e-01 
97, 1.1751113e-01, 2.6773304e-01, 3.0221984e-01 
98, 9.6640819e-01, 3.3328811e-01, 6.0534677e-01 
99, 1.3165777e-01, 9.9320103e-01, 7.3810104e-01 
100, 9.3462462e-01, 4.4206866e-01, 3.1310677e-01 
101, 5.8648331e-01, 8.9884561e-01, 5.8402107e-01 
102, 6.7728504e-01, 6.1016029e-01, 9.3624874e-01 
103, 8.0133616e-02, 4.6459514e-01, 9.4880765e-01 
104, 7.6989326e-01, 2.3686485e-01, 9.2453949e-02 
105, 7.8822584e-02, 6.5161472e-01, 4.4341295e-01 
106, 6.9170433e-01, 7.1136434e-01, 3.9155212e-02 
107, 5.8951364e-01, 5.4780675e-01, 2.7933892e-01 
108, 4.4165695e-01, 6.8242780e-01, 2.8511702e-01 
109, 3.5842556e-01, 4.0638992e-01, 9.6435388e-01 
110, 4.5958236e-01, 7.5850919e-01, 8.2423457e-01 
111, 1.4061925e-01, 3.2373231e-01, 1.9952909e-01 
112, 8.2039539e-01, 9.2515671e-01, 4.4526132e-01 
113, 4.5775830e-02, 9.5568635e-01, 4.7460206e-01 
114, 9.9537189e-01, 8.9001937e-01, 5.2629577e-01 
115, 4.2117741e-01, 3.4984821e-01, 4.6508903e-01 
116, 4.7703290e-01, 8.7881379e-01, 7.0711040e-01 
117, 1.3296646e-01, 2.3234883e-01, 4.0286008e-01 
118, 5.7106871e-01, 4.7936978e-01, 4.5796924e-01 
119, 8.6628457e-01, 5.1704677e-01, 3.2036084e-01 
120, 5.0999072e-02, 9.4698685e-01, 3.5961170e-01 
121, 6.3684590e-02, 5.6064079e-01, 1.5116508e-01 
122, 2.3303144e-01, 3.7574986e-01, 3.8639738e-01 
123, 3.0686594e-01, 9.4574592e-01, 1.5927451e-01 
124, 3.5225952e-01, 6.3743507e-01, 9.8962538e-01 
125, 1.2897871e-01, 5.9930792e-01, 4.8895769e-01 
126, 5.9472951e-01, 4.5890687e-01, 9.6117291e-01 
127, 1.4159032e-01, 8.1901155e-01, 7.6045750e-01 
128, 9.6981554e-01, 6.2169955e-01, 6.2619820e-01 
129, 3.5556005e-01, 2.9244534e-01, 7.4761712e-01 
130, 3.5936694e-01, 3.6586110e-01, 8.3872298e-01 
131, 8.5343009e-03, 6.9953966e-01, 9.4677319e-01 
132, 7.2299076e-01, 5.8859808e-01, 4.6926713e-05 
133, 8.7432319e-01, 9.4443389e-01, 5.7877497e-01 
134, 5.7171753e-01, 2.5964236e-01, 2.2419600e-01 
135, 6.9682631e-01, 2.9439724e-01, 9.4311036e-01 
136, 3.6683815e-01, 5.1487507e-01, 7.9541336e-01 
137, 3.1426240e-02, 2.1119042e-01, 9.8341818e-02 
138, 3.9640802e-03, 2.7292481e-01, 1.8342842e-01 
139, 8.2738201e-01, 7.3216985e-02, 8.1135779e-01 
140, 1.3147282e-01, 3.4932897e-01, 1.6352971e-01 
141, 9.9789904e-02, 1.1387991e-01, 2.4236663e-01 
142, 8.9981784e-01, 1.7954676e-01, 8.8937132e-01 
143, 8.3943827e-02, 2.2706295e-02, 7.7201759e-01 
144, 5.4561578e-01, 4.2643296e-01, 3.9579308e-01 
145, 1.5473780e-01, 2.4469646e-01, 1.2309915e-01 
146, 7.4937472e-02, 2.0021129e-01, 4.6103306e-01 
147, 3.2272862e-01, 3.9580435e-01, 6.1450842e-01 
148, 1.1147660e-01, 1.4118867e-01, 4.8618274e-01 
149, 4.4588366e-01, 4.9125914e-01, 4.8540737e-01 
150, 3.7736421e-02, 5.2237278e-01, 5.3101404e-01 
151, 2.3427368e-01, 3.4625560e-01, 2.5595822e-01 
152, 6.5245620e-01, 4.1535697e-01, 4.8688575e-01 
153, 2.0220624e-02, 5.6058967e-01, 5.7505670e-01 
154, 7.9128533e-01, 2.3627266e-01, 1.4935487e-01 
155, 2.5043925e-01, 5.3335533e-01, 2.8903363e-01 
156, 2.7490727e-01, 7.2172128e-01, 3.9836930e-01 
157, 5.0452335e-01, 2.3493679e-01, 4.4603584e-01 
158, 3.1509388e-01, 7.6196256e-02, 7.2835012e-01 
159, 3.9738424e-02, 1.2533855e-01, 4.6146960e-01 
160, 3.6309062e-01, 4.8189157e-01, 4.8247602e-01 
161, 2.0381183e-01, 8.9593041e-01, 7.9812069e-01 
162, 6.9741273e-01, 2.7740674e-01, 7.0369012e-01 
163, 9.0782331e-01, 9.7110201e-01, 1.0987796e-01 
164, 3.4736244e-01, 2.9552158e-01, 9.5699685e-01 
165, 6.1841498e-01, 4.3868011e-02, 5.2158794e-01 
166, 6.5152613e-01, 9.7829692e-01, 8.2572177e-01 
167, 6.4715566e-01, 4.4769643e-01, 1.4298485e-01 
168, 4.7324340e-01, 6.8892308e-01, 4.6694564e-01 
169, 6.8588842e-01, 7.9314393e-01, 2.7146377e-01 
170, 3.6457298e-01, 6.9486166e-01, 3.0779511e-02 
171, 5.5210970e-02, 4.4365468e-01, 2.4422308e-02 
172, 4.3253052e-02, 3.7427903e-01, 9.5622590e-02 
173, 5.8748949e-01, 3.9401209e-01, 5.5667806e-01 
174, 3.7844844e-01, 3.9159974e-01, 7.1963965e-01 
175, 1.5760427e-01, 3.9554568e-01, 9.3251097e-01 
176, 7.4325252e-01, 9.9553698e-01, 7.4282017e-02 
177, 3.6219944e-01, 4.8662021e-01, 9.1965370e-01 
178, 2.0717143e-01, 7.4283131e-01, 7.4355605e-01 
179, 2.9551533e-01, 2.4380777e-01, 3.5877669e-01 
180, 8.6862342e-01, 1.1330146e-03, 8.3396106e-01 
181, 4.1471738e-01, 4.2014812e-01, 5.7834174e-02 
182, 4.6326916e-01, 8.8735016e-01, 2.4757384e-01 
183, 6.8696980e-01, 3.9789034e-01, 2.9452765e-01 
184, 8.4330720e-01, 5.0752487e-01, 5.3777300e-01 
185, 7.1306604e-01, 2.3876330e-01, 3.3346573e-01 
186, 4.8016915e-01, 5.6886199e-01, 2.5690719e-01 
187, 9.4415238e-01, 1.8632068e-01, 8.1283592e-01 
188, 4.6391902e-01, 4.5389862e-01, 2.0885237e-01 
189, 6.5809480e-01, 8.5178152e-01, 6.8478643e-01 
190, 1.1218973e-01, 4.9650463e-01, 3.8530022e-01 
191, 8.3610806e-01, 1.2836833e-01, 1.6830807e-01 
192, 1.2832147e-02, 8.9027519e-01, 2.2494174e-01 
193, 1.0042208e-01, 4.8972454e-01, 7.2809232e-02 
194, 1.3025763e-01, 9.4076915e-02, 1.7049138e-02 
195, 8.2473946e-01, 5.1335708e-01, 2.5858291e-01 
196, 6.8663555e-01, 1.0752978e-01, 7.0903830e-01 
197, 1.9120101e-01, 3.2254343e-01, 3.2291307e-01 
198, 8.4830001e-02, 8.8460011e-01, 2.8300706e-01 
199, 6.8353334e-01, 7.7358660e-02, 2.8257249e-01 
200, 4.3759109e-01, 8.0458424e-02, 3.9160429e-01 
201, 9.0496617e-01, 1.5235015e-01, 1.9142022e-01 
202, 9.0071036e-01, 1.0613979e-01, 6.9811172e-01 
203, 4.6655500e-01, 2.7814670e-01, 7.0824920e-01 
204, 3.6794919e-01, 4.4151914e-01, 5.6405699e-02 
205, 5.1230537e-01, 6.1905360e-01, 3.6146539e-01 
206, 5.4595208e-01, 4.6556696e-01, 2.7769119e-02 
207, 8.2274819e-01, 2.5873785e-01, 9.4415019e-01 
208, 4.5428158e-01, 5.1168297e-01, 3.4068901e-01 
209, 6.2578738e-01, 4.4056069e-01, 4.4815309e-01 
210, 2.7813513e-01, 9.3187568e-01, 2.8596692e-01 
211, 2.4573914e-01, 9.5413486e-01, 2.6346301e-01 
212, 4.8406650e-01, 1.5054499e-01, 7.3642872e-02 
213, 5.2138485e-01, 6.0604766e-01, 9.7376079e-02 
214, 3.0298038e-01, 7.6831039e-01, 3.3166308e-02 
215, 5.4515505e-02, 3.7188783e-01, 3.2058165e-01 
216, 9.6236366e-01, 3.6255251e-01, 8.2395882e-01 
217, 5.4533773e-01, 6.5882315e-01, 6.1944847e-01 
218, 6.8101660e-01, 5.8306497e-01, 3.6762429e-01 
219, 4.9793870e-01, 6.5079756e-01, 1.6770262e-01 
220, 6.9318157e-01, 3.5696152e-01, 9.2896511e-01 
221, 1.7656672e-01, 3.6780168e-01, 8.5104055e-01 
222, 8.2086280e-01, 5.4223272e-01, 6.2588141e-03 
223, 7.1370622e-02, 8.9249797e-01, 4.1755585e-02 
224, 4.3733549e-01, 4.2686578e-01, 8.3455127e-01 
225, 7.9089478e-01, 2.7997171e-01, 4.5237676e-01 
226, 1.5663015e-01, 8.8357406e-01, 9.6238267e-01 
227, 8.7129038e-01, 5.2187698e-01, 5.9249567e-01 
228, 9.8521275e-01, 3.6774411e-01, 4.4152574e-02 
229, 1.1968408e-01, 3.4690800e-01, 6.6291451e-01 
230, 6.1554170e-02, 3.2838082e-01, 7.7763789e-01 
231, 6.7415824e-01, 4.5998586e-01, 3.2526535e-01 
232, 8.7168136e-01, 6.3351422e-01, 9.9530796e-01 
233, 4.2074521e-02, 2.0425705e-01, 2.1880044e-01 
234, 5.8162171e-01, 1.1163933e-01, 6.3490319e-01 
235, 5.3726433e-01, 8.4559897e-01, 2.8215654e-01 
236, 1.5564391e-01, 2.1574447e-01, 4.3691617e-01 
237, 6.3815311e-01, 7.2234842e-01, 2.7142275e-01 
238, 2.8333817e-01, 7.4324358e-01, 8.8986899e-01 
239, 9.3863911e-01, 2.5677678e-01, 4.8833493e-01 
240, 9.4917840e-01, 2.7414306e-01, 6.6299052e-01 
241, 8.1510823e-01, 4.0676578e-01, 2.9840301e-01 
242, 7.5404168e-01, 7.8423589e-01, 3.8317261e-02 
243, 6.0034777e-01, 9.7368981e-01, 2.2172378e-01 
244, 6.5422695e-01, 8.3363446e-01, 1.0805629e-02 
245, 3.6028981e-01, 4.2824129e-01, 6.6773143e-01 
246, 4.9826962e-01, 5.5607594e-01, 4.0038101e-01 
247, 2.0544226e-01, 8.5471534e-01, 9.6039545e-01 
248, 1.3881878e-01, 2.2928174e-01, 6.3969563e-01 
249, 9.1339912e-01, 6.1199896e-01, 4.9332504e-01 
250, 1.0095559e-01, 6.5663972e-02, 3.0141175e-01 
251, 2.2526084e-01, 4.1831345e-01, 9.2671187e-01 
252, 5.4389876e-01, 4.7225995e-01, 3.5862333e-01 
253, 9.3091220e-01, 8.0839042e-01, 6.8101719e-01 
254, 5.8203284e-01, 5.9705798e-01, 5.7281837e-01 
255, 6.5588640e-01, 8.8319061e-01, 4.6300460e-01 
256, 4.8202258e-01, 7.3104028e-01, 6.7210719e-01 
257, 6.3456486e-01, 3.8691310e-01, 2.3816479e-01 
258, 1.2237790e-01, 4.8553499e-01, 1.5691763e-01 
259, 6.3589856e-01, 6.5251350e-01, 6.8606251e-01 
260, 2.4111031e-01, 5.4207721e-01, 5.2414931e-01 
261, 3.5889888e-01, 7.1141357e-02, 2.6755892e-01 
262, 1.1185436e-01, 8.9353428e-01, 1.8981152e-01 
263, 9.8748687e-01, 7.3544104e-01, 5.1261197e-01 
264, 9.2148677e-01, 9.7907543e-01, 7.3659468e-01 
265, 3.0026534e-01, 8.0484389e-01, 9.7663310e-01 
266, 1.2444160e-01, 6.6507143e-01, 3.8253683e-01 
267, 6.4433726e-01, 8.7924786e-01, 3.4352638e-01 
268, 3.8280061e-01, 1.0231373e-01, 7.7032895e-01 
269, 8.7829384e-01, 2.4152823e-01, 7.9205550e-01 
270, 5.3570687e-01, 1.9433782e-01, 9.7008237e-01 
271, 1.4816616e-02, 7.4932183e-01, 7.5995045e-01 
272, 3.9843102e-01, 9.6668360e-01, 1.2327711e-01 
273, 4.0227160e-01, 1.8540423e-01, 3.5381376e-01 
274, 2.0434415e-02, 5.6094607e-01, 9.0701312e-01 
275, 9.5187969e-01, 5.7102072e-01, 3.4797616e-01 
276, 9.2965106e-01, 2.5510773e-01, 3.2590429e-01 
277, 3.8729255e-01, 2.8642343e-01, 7.2298764e-01 
278, 2.4063573e-01, 1.4734595e-01, 8.7478172e-01 
279, 2.1312388e-01, 1.7739846e-01, 7.6745687e-01 
280, 5.8859508e-01, 5.1263374e-01, 4.6987041e-02 
281, 3.5683671e-01, 4.6330664e-02, 5.4587701e-01 
282, 3.3721307e-02, 4.6662719e-01, 2.4897276e-01 
283, 9.8707494e-01, 8.4052132e-01, 2.1796134e-01 
284, 6.7742149e-01, 4.9085436e-01, 1.8406658e-01 
285, 8.1631280e-01, 2.6899461e-02, 7.7675410e-01 
286, 5.9004904e-01, 1.3954378e-01, 2.4311423e-01 
287, 3.7217803e-03, 6.7296743e-01, 8.5825661e-01 
288, 4.7770465e-01, 4.4820970e-01, 4.8994502e-01 
289, 5.4503243e-01, 5.3182354e-01, 4.4655729e-01 
290, 5.9034134e-01, 4.8890887e-02, 6.0186250e-01 
291, 4.4499731e-01, 4.8716602e-01, 4.3386476e-01 
292, 2.8333158e-01, 9.5316629e-02, 4.2365568e-01 
293, 6.0849732e-01, 3.3265053e-01, 1.7092290e-01 
294, 4.5392162e-01, 6.6549965e-01, 2.5935892e-02 
295, 4.6022260e-01, 1.9169367e-01, 6.0449814e-01 
296, 3.8141007e-01, 9.4529085e-01, 4.1421805e-01 
297, 7.3973280e-01, 7.4858948e-01, 9.3540163e-01 
298, 9.8883112e-01, 2.2392465e-01, 5.3327645e-01 
299, 9.0080297e-01, 4.2437539e-01, 9.8969712e-02 
300, 9.2302406e-01, 6.8929739e-01, 6.2629739e-01 
301, 7.5121367e-01, 8.5871465e-01, 7.7422084e-01 
302, 9.4372470e-01, 4.4137805e-01, 5.8581898e-01 
303, 5.0486763e-02, 3.6426942e-01, 9.5774952e-01 
304, 7.3572779e-01, 1.4437379e-01, 3.3015698e-01 
305, 9.2943049e-01, 5.2017327e-01, 9.8712537e-01 
306, 1.9871903e-01, 6.5485294e-01, 7.5317395e-01 
307, 4.0387792e-02, 9.3780059e-01, 9.1850815e-01 
308, 9.6016310e-02, 9.9523454e-01, 5.5341810e-01 
309, 9.1702203e-01, 1.3628518e-01, 8.7145300e-01 
310, 9.5532381e-01, 1.7555976e-01, 9.8645867e-01 
311, 1.5416045e-02, 2.2670210e-01, 2.7949022e-02 
312, 1.7501070e-01, 1.7229965e-01, 9.7936221e-01 
313, 2.1049540e-01, 9.7095207e-02, 7.5846935e-01 
314, 3.9047581e-01, 6.4129608e-01, 5.5236550e-01 
315, 2.8797393e-01, 3.2779162e-01, 1.9217308e-02 
316, 2.4642132e-01, 6.4386355e-01, 9.6132816e-01 
317, 7.1948506e-01, 1.1953037e-01, 3.6495756e-01 
318, 6.6191763e-01, 1.3675995e-01, 2.5854069e-01 
319, 8.5735628e-01, 5.1368235e-01, 4.2001492e-01 
320, 1.4565757e-03, 3.8522310e-01, 2.4799044e-01 
321, 6.5971750e-01, 8.8664265e-01, 2.4861137e-02 
322, 4.1831425e-01, 4.5688876e-01, 9.1862572e-01 
323, 2.6247059e-01, 1.4960719e-01, 4.2997029e-01 
324, 6.3759916e-01, 1.1367000e-01, 1.7439821e-01 
325, 1.9753424e-01, 6.8168609e-01, 7.2030011e-01 
326, 9.6127354e-01, 1.7140211e-01, 6.9652442e-01 
327, 9.4936984e-01, 3.1874710e-01, 1.3044029e-01 
328, 2.3632175e-01, 5.7476092e-01, 1.1350811e-01 
329, 3.3273292e-01, 1.8348632e-01, 9.3945055e-01 
330, 7.7373501e-02, 2.1142033e-01, 9.4190047e-01 
331, 1.6567892e-01, 8.6457698e-01, 9.1209179e-01 
332, 9.3969809e-01, 1.2629873e-01, 3.0756182e-01 
333, 8.7537442e-01, 9.0887826e-01, 5.1517319e-01 
334, 9.0503458e-01, 3.7625894e-01, 7.7229647e-02 
335, 7.2263791e-01, 4.0865004e-01, 5.6754714e-01 
336, 1.8131769e-01, 2.9686300e-01, 8.1263363e-01 
337, 8.8020283e-02, 6.2692434e-01, 2.4009533e-01 
338, 3.7809538e-01, 5.3644330e-01, 4.8508339e-02 
339, 3.5963560e-01, 1.5435784e-01, 5.0488447e-01 
340, 9.9261584e-01, 6.3573920e-01, 6.8882056e-02 
341, 5.9227666e-01, 2.6081556e-02, 3.8286331e-01 
342, 3.1034603e-01, 8.0251424e-02, 5.6069786e-01 
343, 6.2493080e-01, 4.4068869e-01, 4.0442546e-01 
344, 9.4840204e-01, 2.3730109e-01, 6.2547284e-01 
345, 3.1592143e-01, 4.1883560e-01, 9.7011913e-01 
346, 7.8669571e-01, 6.7087731e-01, 5.0688214e-01 
347, 5.9798171e-01, 7.7253453e-01, 9.1901248e-01 
348, 6.9003213e-02, 5.1287399e-01, 8.1375131e-01 
349, 2.6619283e-02, 3.3118418e-01, 8.0032293e-01 
350, 5.6561942e-03, 3.9602872e-02, 5.2669315e-01 
351, 6.9135486e-02, 8.6349638e-01, 8.0937082e-02 
352, 2.2501719e-01, 8.3852968e-01, 3.6413630e-02 
353, 3.3905278e-01, 3.0381927e-01, 5.5719187e-01 
354, 5.2822379e-01, 2.2861071e-01, 9.1325753e-01 
355, 6.4980841e-02, 4.2522126e-01, 3.6606060e-01 
356, 4.1060260e-01, 7.9428011e-01, 8.5008785e-01 
357, 5.0091855e-01, 4.2606708e-01, 9.0320267e-01 
358, 6.6391186e-03, 7.3632657e-01, 4.1904950e-01 
359, 9.9592444e-01, 5.6257403e-01, 7.0089111e-01 
360, 5.4767777e-01, 7.0061539e-01, 2.5902668e-01 
361, 3.8094056e-01, 6.0318709e-01, 8.9096571e-02 
362, 1.1501492e-01, 8.8918474e-01, 2.3913273e-01 
363, 4.9305642e-01, 8.7379022e-01, 7.8481552e-01 
364, 6.4594331e-01, 1.7866792e-01, 2.0385348e-01 
365, 2.5209500e-01, 7.7096323e-01, 2.0293839e-02 
366, 3.2390210e-01, 7.5621108e-01, 6.1389260e-01 
367, 9.3518801e-01, 6.5607616e-01, 9.0985197e-01 
368, 6.1180745e-01, 2.6509328e-01, 1.2782234e-01 
369, 3.0409827e-01, 3.4508339e-01, 2.1353738e-01 
370, 5.5564208e-01, 8.9290294e-01, 8.7921182e-01 
371, 3.7043786e-01, 6.3986111e-02, 1.4126705e-01 
372, 3.9541907e-01, 9.2690570e-01, 6.2507221e-01 
373, 4.2103341e-01, 8.0507313e-01, 1.5908269e-01 
374, 5.3520355e-02, 2.8561599e-01, 4.5719306e-01 
375, 1.2457333e-01, 1.2795868e-01, 7.5129562e-01 
376, 4.1262404e-01, 4.0288375e-01, 9.6275160e-01 
377, 9.1313333e-01, 1.4047353e-01, 1.5422292e-01 
378, 2.0901011e-01, 3.1244288e-01, 2.3444896e-01 
379, 2.7740530e-01, 1.4476827e-02, 5.4947844e-01 
380, 4.1138811e-01, 3.3535865e-01, 6.7911636e-02 
381, 8.9556001e-01, 9.2734381e-02, 7.7737676e-01 
382, 5.7647765e-01, 2.1156075e-01, 7.5868310e-01 
383, 7.5420737e-01, 4.6537562e-01, 5.7027908e-01 
384, 7.7408213e-01, 9.1646946e-01, 4.7654025e-01 
385, 9.9730965e-01, 2.1984011e-01, 2.2877177e-01 
386, 9.7820222e-01, 4.4076443e-02, 1.3794637e-02 
387, 6.4457122e-01, 7.9071609e-01, 8.6813473e-01 
388, 4.7295150e-01, 8.4437160e-01, 4.2317551e-01 
389, 5.6428136e-01, 1.5819642e-01, 5.1023613e-01 
390, 4.9631852e-01, 3.5571162e-01, 3.2930320e-01 
391, 8.6642904e-01, 3.5960519e-02, 5.5525087e-01 
392, 1.6979837e-01, 3.4634649e-01, 4.9877988e-01 
393, 6.0979626e-01, 7.2348340e-01, 3.9978446e-01 
394, 1.3971982e-01, 2.9467172e-01, 8.6037854e-03 
395, 8.2523065e-01, 8.5948214e-01, 5.2795923e-01 
396, 8.6606216e-02, 7.1017334e-01, 7.0466152e-01 
397, 3.7166514e-02, 8.2183833e-01, 4.6727467e-01 
398, 2.4551309e-01, 7.9908100e-01, 2.2122169e-01 
399, 9.5724989e-01, 2.6794035e-01, 2.7707523e-01 
400, 6.2915714e-01, 9.4958588e-01, 4.8966198e-01 
401, 7.3500264e-01, 2.6569612e-01, 1.1126471e-02 
402, 7.3310849e-01, 6.1526473e-01, 4.9079081e-01 
403, 6.5768281e-01, 6.1646981e-01, 4.4185343e-01 
404, 1.9745941e-01, 9.9220737e-02, 6.1854225e-01 
405, 8.2121850e-01, 6.3984558e-02, 2.5044258e-01 
406, 5.5455360e-01, 8.5705446e-01, 8.5369441e-01 
407, 2.5115769e-02, 6.7761534e-01, 4.8208537e-01 
408, 4.7629957e-01, 3.3754635e-01, 5.1544945e-01 
409, 9.9649584e-01, 2.9653384e-01, 8.4232341e-01 
410, 8.9358066e-02, 2.5007423e-01, 6.6436533e-01 
411, 8.9740478e-01, 8.3595351e-01, 9.0366951e-01 
412, 4.1918341e-01, 7.3480262e-01, 7.6657199e-01 
413, 9.8208155e-01, 4.0889361e-01, 8.2906411e-01 
414, 1.6024301e-01, 7.2192796e-01, 3.2117519e-01 
415, 3.6378260e-01, 8.7853808e-01, 7.9339171e-01 
416, 3.4606562e-01, 5.7417268e-01, 5.8600415e-01 
417, 2.8717198e-01, 5.3089147e-01, 2.5601341e-01 
418, 9.0410128e-02, 3.3329092e-01, 1.2762849e-01 
419, 7.8210105e-01, 8.7172157e-01, 9.3487927e-01 
420, 4.4945100e-01, 3.8455831e-02, 4.0391270e-01 
421, 9.4460150e-01, 2.1962426e-01, 9.1474470e-01 
422, 7.3565795e-01, 1.5488983e-01, 1.1803739e-01 
423, 9.8497483e-01, 1.0484306e-01, 5.1531006e-01 
424, 8.8947385e-01, 5.1113611e-01, 4.3536981e-03 
425, 8.9958060e-01, 7.1051522e-01, 5.8925816e-01 
426, 8.4361689e-01, 7.9890126e-01, 7.2930298e-01 
427, 9.9882295e-01, 3.2369097e-03, 5.9047723e-01 
428, 8.9996696e-01, 5.0651613e-01, 8.8668758e-01 
429, 7.9064322e-01, 8.0863086e-01, 2.5608070e-01 
430, 2.2181517e-01, 8.2762156e-02, 6.5620543e-01 
431, 9.9281567e-01, 1.1819788e-02, 7.5909403e-01 
432, 4.8560488e-03, 6.0483641e-01, 2.3906153e-01 
433, 5.2285740e-01, 3.3113936e-02, 6.7201242e-01 
434, 3.2942031e-01, 2.3372745e-01, 3.9445838e-01 
435, 9.9836941e-01, 5.2156941e-02, 2.5015872e-01 
436, 2.6711272e-01, 7.7416931e-01, 8.0020914e-01 
437, 5.3082002e-01, 9.1757727e-01, 1.1429621e-01 
438, 5.7873358e-01, 9.7440550e-01, 5.4095464e-01 
439, 1.4882189e-01, 2.9549425e-01, 5.0305248e-01 
440, 6.2767913e-01, 5.1387552e-02, 5.6261952e-01 
441, 3.3758908e-01, 1.2713719e-01, 9.9737687e-01 
442, 5.0908943e-02, 3.0448473e-01, 9.3746344e-01 
443, 3.6365294e-01, 2.9069272e-01, 1.6332244e-01 
444, 9.7047337e-01, 3.0068592e-01, 9.4501743e-01 
445, 4.0559193e-01, 9.9241110e-01, 6.7917050e-01 
446, 9.6217302e-01, 5.4103041e-02, 1.3495378e-01 
447, 5.1902664e-03, 4.3359095e-02, 4.7696890e-01 
448, 4.0530642e-01, 8.7542334e-01, 1.0956342e-01 
449, 9.6394604e-01, 9.4441243e-01, 1.2187705e-01 
450, 9.2683497e-02, 9.6455955e-01, 2.5190762e-01 
451, 8.1649428e-01, 8.4435066e-01, 9.3784145e-01 
452, 2.8485669e-02, 2.7589096e-02, 5.9877560e-02 
453, 9.5979039e-01, 8.6760055e-01, 9.6246617e-01 
454, 1.6333863e-01, 8.9728724e-02, 2.7405182e-01 
455, 8.7387434e-01, 3.6129977e-01, 8.8982232e-01 
456, 6.9903870e-01, 6.8600931e-01, 2.6944974e-01 
457, 9.9809516e-01, 4.8418716e-01, 3.8371763e-01 
458, 6.5661592e-01, 4.1462864e-01, 4.1770739e-01 
459, 9.5884059e-01, 3.0890090e-01, 4.6994253e-01 
460, 3.7250265e-01, 5.2227662e-01, 3.1698867e-01 
461, 5.5108671e-01, 9.4831894e-01, 9.0118186e-01 
462, 6.2875315e-01, 3.2539662e-02, 4.6754425e-01 
463, 9.2176681e-01, 1.1344081e-01, 4.0027937e-01 
464, 8.7364094e-01, 3.0030101e-01, 7.5860515e-01 
465, 3.3820008e-01, 5.5810158e-01, 2.1257345e-01 
466, 6.7157671e-01, 5.8898129e-01, 8.7435306e-01 
467, 3.9143459e-01, 8.6850529e-01, 8.7923018e-01 
468, 3.6111183e-01, 5.1503388e-01, 6.8666170e-01 
469, 1.1317615e-01, 2.8978503e-01, 1.6227441e-01 
470, 4.0351097e-01, 7.5759264e-01, 6.6402669e-01 
471, 5.3625169e-01, 1.4576622e-02, 7.9114207e-01 
472, 1.8735447e-01, 8.3082984e-01, 1.8965077e-01 
473, 9.8984202e-01, 1.9495939e-01, 7.6833860e-01 
474, 6.4707988e-01, 1.1872902e-01, 3.1290017e-01 
475, 7.2759427e-02, 6.5124253e-01, 7.2455506e-01 
476, 9.6674995e-01, 6.0036547e-01, 7.6239837e-01 
477, 6.1007806e-01, 8.0631350e-01, 6.4536098e-01 
478, 5.7873480e-02, 2.5314949e-01, 3.1878259e-01 
479, 9.7662174e-01, 4.7510053e-01, 7.0697866e-01 
480, 8.3051660e-01, 1.4474553e-01, 9.4112226e-01 
481, 9.5764582e-01, 3.0341710e-01, 1.9146762e-01 
482, 7.6509833e-01, 7.8651548e-01, 5.7874879e-01 
483, 2.4482549e-02, 3.2369507e-01, 7.0212512e-01 
484, 7.8733827e-01, 6.5532792e-01, 9.6271708e-01 
485, 8.1305208e-01, 9.0513704e-01, 3.9150066e-01 
486, 7.5927030e-01, 5.8211099e-01, 9.2361815e-01 
487, 6.9839377e-01, 7.2911286e-01, 7.6959842e-01 
488, 7.9357068e-01, 9.4399969e-01, 2.7393852e-01 
489, 5.3844750e-01, 2.2760657e-01, 1.5482271e-01 
490, 9.7356153e-01, 3.0800189e-01, 6.6929331e-01 
491, 7.9804999e-01, 2.6327295e-01, 9.8948884e-01 
492, 5.3031505e-01, 5.4568053e-01, 6.0991498e-01 
493, 4.5327407e-01, 2.1130733e-01, 9.5889610e-01 
494, 1.6412325e-03, 1.3941200e-01, 1.5127971e-01 
495, 6.0801100e-01, 2.2616895e-02, 6.9830448e-02 
496, 9.7183028e-01, 6.2642840e-01, 3.5743798e-02 
497, 6.2363828e-01, 7.1108611e-01, 9.8710412e-01 
498, 1.2440620e-01, 4.0937043e-01, 3.0089633e-01 
499, 3.0516873e-01, 6.7333954e-01, 3.9594143e-01 
500, 4.4312777e-01, 4.4264037e-01, 3.2485762e-01 
501, 3.7931294e-01, 6.2916516e-01, 7.9897445e-01 
502, 5.5873665e-01, 3.4229430e-01, 9.8559440e-02 
503, 3.0565854e-01, 9.2017921e-01, 4.4446509e-02 
504, 1.1988961e-01, 7.1926515e-01, 6.3940768e-02 
505, 2.8689309e-01, 1.5675530e-01, 8.8044495e-01 
506, 9.9647943e-01, 6.7799299e-01, 3.6152660e-01 
507, 5.4396945e-01, 6.3157210e-02, 9.8050728e-01 
508, 3.5727022e-01, 1.5598998e-01, 8.6352613e-01 
509, 6.0996243e-02, 4.9487014e-01, 2.3616900e-01 
510, 2.4605704e-01, 3.9517480e-01, 5.7486514e-01 
511, 2.1250260e-01, 2.3810469e-01, 5.1146007e-01 
512, 3.0421945e-01, 1.9190370e-01, 3.3887309e-01 
513, 5.1019801e-01, 3.3495541e-01, 4.9290659e-01 
514, 6.8117109e-01, 3.9700471e-01, 5.8875673e-01 
515, 4.7070029e-01, 3.9904869e-02, 6.9832957e-01 
516, 6.5165676e-01, 9.6724257e-01, 1.6165941e-01 
517, 6.7459725e-01, 3.8753909e-01, 9.7931653e-01 
518, 4.9201951e-01, 3.3685796e-01, 6.3946101e-02 
519, 9.1387762e-01, 9.2044040e-01, 8.3995511e-01 
520, 8.4430680e-01, 3.1285217e-01, 5.2879093e-01 
521, 2.8253113e-01, 7.3685651e-01, 5.1030711e-01 
522, 8.0110790e-01, 3.3003564e-01, 8.6418980e-01 
523, 8.4008017e-01, 5.5087165e-01, 2.4825704e-01 
524, 8.9775663e-01, 8.4075196e-01, 7.3293741e-01 
525, 3.9066287e-01, 7.5914816e-01, 1.6795413e-01 
526, 3.9086007e-01, 6.8915927e-01, 3.1524051e-01 
527, 9.5627982e-01, 2.7578652e-02, 6.9306538e-01 
528, 6.7992804e-01, 8.7958190e-02, 5.5176647e-01 
529, 7.9870660e-01, 9.7984741e-01, 1.5590574e-01 
530, 1.2201409e-01, 9.3220913e-01, 5.2353732e-01 
531, 1.4481808e-01, 3.0078536e-01, 3.9395250e-01 
532, 9.8773161e-01, 4.5539321e-02, 3.3684444e-01 
533, 1.2067365e-01, 5.5301954e-01, 9.4421560e-01 
534, 2.5156848e-01, 9.6051418e-02, 2.8969739e-02 
535, 1.8208141e-01, 5.3215635e-01, 9.1984969e-01 
536, 4.2548927e-01, 2.6447612e-01, 8.4680143e-01 
537, 1.1959482e-01, 3.8782556e-01, 3.7913843e-01 
538, 5.3526414e-01, 4.1529786e-01, 5.1987166e-01 
539, 2.3566230e-02, 9.3912051e-01, 1.8649889e-01 
540, 2.2402448e-01, 8.8123085e-01, 7.5758635e-01 
541, 7.8782651e-01, 6.7132972e-02, 6.0865038e-01 
542, 8.1308683e-01, 7.1253403e-01, 7.7354296e-01 
543, 8.2458175e-01, 4.1855167e-01, 1.2354638e-02 
544, 5.2198351e-01, 4.7112161e-01, 8.4331503e-01 
545, 8.6057264e-01, 1.4294457e-01, 5.2033258e-01 
546, 8.5776279e-01, 9.6361688e-01, 3.3265050e-01 
547, 9.4431460e-01, 1.1619037e-01, 7.8364668e-01 
548, 6.1746650e-01, 9.7501326e-01, 5.1152623e-02 
549, 5.3031887e-01, 7.1795604e-01, 6.5842949e-01 
550, 2.8132232e-01, 6.1341596e-01, 3.3332403e-01 
551, 6.8644152e-01, 4.6025548e-01, 9.5579214e-01 
552, 8.0375022e-01, 6.4699966e-01, 8.2540603e-01 
553, 2.0987474e-01, 2.0981620e-01, 8.2040261e-01 
554, 1.7477928e-01, 3.2924702e-01, 1.4892593e-01 
555, 9.1872074e-01, 3.5161779e-01, 4.2224038e-01 
556, 8.7932268e-01, 6.0796619e-01, 5.2645879e-01 
557, 2.5225567e-01, 3.7515992e-01, 8.5030426e-01 
558, 7.5446810e-01, 3.1039948e-01, 7.1594255e-01 
559, 5.3484668e-01, 6.3893578e-01, 1.1006748e-02 
560, 2.7927685e-01, 6.5789781e-02, 3.4423415e-01 
561, 3.0535911e-01, 7.1466035e-01, 1.2733001e-01 
562, 9.6393605e-01, 7.4296436e-01, 6.3226703e-01 
563, 8.0934530e-01, 3.3527114e-01, 7.1332543e-01 
564, 7.0100611e-01, 5.5331944e-01, 2.3254994e-01 
565, 2.8387744e-01, 9.2558111e-01, 5.0269786e-01 
566, 3.5986654e-01, 2.4745735e-01, 4.4147561e-01 
567, 3.7905945e-01, 1.3931576e-01, 6.7685714e-01 
568, 7.2866391e-01, 7.2164464e-01, 2.4648667e-01 
569, 6.2663745e-01, 4.9801244e-01, 9.7436513e-01 
570, 4.5706163e-01, 3.8089354e-01, 5.5356383e-02 
571, 3.7024012e-02, 2.7310399e-01, 3.8081116e-01 
572, 3.3208058e-01, 1.2220115e-01, 7.9578353e-01 
573, 4.0176088e-01, 8.3547906e-01, 1.1009229e-01 
574, 4.5695533e-01, 1.6747944e-01, 7.5208385e-01 
575, 9.0063664e-01, 9.9712955e-01, 2.2930107e-01 
576, 3.1685165e-01, 6.7784155e-02, 2.5003443e-01 
577, 3.7080264e-01, 7.4433200e-01, 4.7634493e-01 
578, 3.5383592e-01, 1.9668713e-01, 2.6703779e-01 
579, 6.5253187e-02, 5.1507408e-01, 1.2522655e-01 
580, 4.0714842e-01, 2.0231463e-01, 2.2874433e-01 
581, 2.6786544e-01, 9.5780477e-02, 9.4110375e-01 
582, 3.8828252e-01, 6.1529008e-01, 4.1346076e-02 
583, 3.9197808e-01, 1.5168615e-01, 3.0665183e-01 
584, 4.9884347e-01, 5.8016447e-01, 1.5199122e-01 
585, 3.2441060e-01, 5.6859771e-01, 4.3968458e-01 
586, 1.4583083e-01, 2.8139734e-01, 2.5842659e-01 
587, 9.3929526e-01, 7.3234033e-01, 6.6461160e-01 
588, 4.0792078e-01, 8.5396756e-01, 1.9444075e-01 
589, 9.6651368e-01, 7.8262240e-01, 5.1076467e-01 
590, 8.9434764e-01, 3.9102932e-01, 9.2367615e-01 
591, 3.1471097e-01, 1.1261742e-03, 2.1342671e-01 
592, 3.1857280e-01, 8.9865882e-01, 6.2306792e-01 
593, 7.7992283e-01, 7.7200123e-01, 7.6860737e-01 
594, 7.2529772e-01, 6.8590829e-01, 7.1548459e-01 
595, 8.2765199e-01, 5.5923045e-01, 1.9112613e-01 
596, 1.7039539e-01, 4.6925733e-01, 2.1931058e-01 
597, 4.5570566e-01, 2.5050816e-01, 4.8887344e-01 
598, 6.3629740e-01, 9.9673187e-01, 9.4602906e-01 
599, 8.3642417e-01, 7.8130710e-01, 3.5174278e-02 
600, 3.4169842e-01, 5.0800956e-01, 5.0708563e-01 
601, 8.7457331e-01, 6.4221155e-01, 2.6716749e-01 
602, 6.4918174e-01, 9.0286398e-01, 6.7482807e-01 
603, 7.3198418e-01, 5.5817679e-01, 8.6174733e-01 
604, 8.0270530e-02, 6.1481164e-01, 6.5845575e-01 
605, 8.7629990e-01, 8.8727518e-01, 6.1722450e-01 
606, 8.3455744e-01, 6.2738884e-01, 8.5512597e-01 
607, 9.1927496e-01, 5.2487938e-01, 4.3440303e-01 
608, 9.7380306e-01, 5.8061813e-02, 6.6548005e-01 
609, 5.2901263e-01, 6.1904995e-01, 2.9380607e-01 
610, 7.9629951e-02, 9.0568417e-01, 5.6181956e-01 
611, 4.3738385e-01, 5.3899260e-01, 7.1460004e-01 
612, 2.6194615e-01, 6.7974785e-02, 5.7162124e-01 
613, 1.7121411e-01, 6.5506982e-02, 6.3626737e-01 
614, 1.0805349e-01, 7.8597006e-01, 1.1638520e-01 
615, 5.5339261e-01, 6.0835118e-01, 6.1706681e-01 
616, 3.1574895e-01, 3.2399957e-01, 1.1503895e-01 
617, 7.9124404e-01, 3.6447397e-01, 7.5947528e-01 
618, 3.4774874e-01, 7.6077051e-01, 3.9108728e-01 
619, 1.6774067e-01, 9.7678505e-01, 2.8071759e-01 
620, 5.8894491e-01, 3.7483610e-01, 8.1294441e-01 
621, 6.9776326e-01, 4.2145437e-01, 5.3009033e-01 
622, 2.4160090e-01, 5.0290841e-02, 7.1851173e-01 
623, 2.8254635e-01, 7.0323068e-01, 2.2851197e-01 
624, 3.5769240e-01, 8.3511686e-01, 3.5061613e-01 
625, 4.2982043e-01, 5.0927314e-01, 7.9825447e-01 
626, 7.3291881e-01, 8.7412553e-01, 4.7209029e-01 
627, 9.7154937e-01, 6.5893254e-01, 2.6094648e-01 
628, 2.8856470e-01, 8.3991369e-01, 7.7105423e-01 
629, 9.5500124e-01, 7.6500502e-01, 8.2585929e-01 
630, 5.9715935e-01, 2.5458964e-01, 3.0721772e-01 
631, 2.2970971e-01, 9.8773096e-01, 2.3743424e-01 
632, 1.9239687e-01, 8.1772882e-01, 4.4618684e-01 
633, 7.9885318e-01, 8.8808410e-01, 3.2506653e-01 
634, 7.5175858e-01, 9.8277021e-01, 3.4155493e-01 
635, 4.6992757e-01, 7.1728182e-01, 6.2966074e-01 
636, 4.2948896e-02, 8.7360112e-01, 8.9250972e-01 
637, 8.5407422e-01, 9.0691482e-01, 4.1641228e-01 
638, 3.0318737e-01, 5.3778894e-02, 9.9823118e-01 
639, 6.5480208e-02, 6.1400530e-02, 1.0958189e-01 
640, 7.8975953e-01, 2.7240883e-02, 1.2799084e-01 
641, 6.0765009e-02, 8.0137781e-01, 7.7763173e-01 
642, 9.5266767e-01, 9.7792624e-01, 9.8079921e-03 
643, 9.8567369e-01, 6.6940797e-01, 4.6622479e-01 
644, 8.6526829e-02, 6.6560257e-02, 1.8512298e-01 
645, 1.8970783e-01, 8.9553927e-01, 6.6420321e-01 
646, 6.4532540e-01, 3.3141260e-01, 2.2913523e-01 
647, 3.2238896e-01, 6.5275444e-01, 5.7669498e-02 
648, 8.0662440e-02, 3.3734787e-01, 4.9582084e-01 
649, 1.2780403e-02, 5.6785503e-01, 6.5210170e-01 
650, 6.8732028e-02, 1.0451258e-01, 4.5423997e-02 
651, 6.6920016e-01, 1.9716705e-01, 6.4730234e-02 
652, 9.0722201e-01, 9.8502202e-01, 6.4800469e-01 
653, 7.0224397e-01, 7.5141653e-01, 5.3328452e-02 
654, 8.1853296e-01, 1.6773196e-02, 5.4310708e-01 
655, 7.6289595e-01, 9.0182796e-01, 5.7086814e-01 
656, 3.3434652e-01, 9.3784130e-01, 2.4266285e-01 
657, 1.1077654e-01, 8.6995863e-01, 4.3443003e-01 
658, 8.9991907e-01, 6.6400883e-01, 7.6524047e-01 
659, 1.5544543e-01, 6.0673089e-01, 2.0892111e-01 
660, 2.7401923e-01, 7.3938744e-01, 3.1069713e-01 
661, 1.4139406e-01, 4.5381969e-01, 5.3310100e-01 
662, 2.9030559e-01, 8.4420562e-01, 2.8283288e-01 
663, 2.8226744e-01, 8.3483829e-01, 1.4175338e-01 
664, 6.4603438e-01, 7.0970511e-03, 4.3287648e-01 
665, 5.6041750e-01, 9.8919261e-01, 8.7515909e-01 
666, 8.6048071e-01, 1.1877351e-01, 9.6095735e-01 
667, 1.1096852e-02, 3.8436122e-01, 4.6710114e-02 
668, 3.4928274e-01, 7.3264336e-01, 8.6982880e-01 
669, 6.1197542e-01, 5.6061868e-01, 9.6719397e-01 
670, 2.3824616e-01, 5.1856056e-01, 1.2519375e-01 
671, 2.6974813e-01, 3.1961323e-01, 8.9767714e-01 
672, 6.7635916e-01, 7.8244139e-01, 9.3764190e-01 
673, 5.2833279e-01, 1.2696177e-01, 3.7208594e-01 
674, 8.9491119e-01, 2.5483232e-01, 3.6745167e-02 
675, 4.5850407e-01, 6.9265746e-01, 8.2609183e-01 
676, 4.6341381e-02, 9.2241179e-01, 2.3657959e-01 
677, 4.3160623e-01, 6.8617298e-01, 9.1437555e-01 
678, 5.4813025e-01, 5.7014341e-01, 8.6393269e-01 
679, 8.5197564e-01, 4.9594348e-01, 3.8023721e-01 
680, 7.4096348e-01, 6.2400775e-01, 8.3479087e-01 
681, 9.8633286e-01, 3.1382139e-01, 2.4870005e-01 
682, 1.0923410e-01, 4.9764208e-01, 7.5372396e-01 
683, 7.5285359e-01, 6.6873160e-01, 4.1133521e-01 
684, 4.8273585e-01, 3.7132213e-01, 6.7472228e-01 
685, 6.9091879e-02, 9.3037018e-01, 8.2657467e-01 
686, 9.5729167e-01, 3.6128186e-01, 7.5491913e-01 
687, 9.1593624e-01, 9.2129211e-02, 8.6403981e-02 
688, 5.1801533e-01, 1.9493414e-01, 2.1858342e-01 
689, 5.6301007e-01, 3.2794157e-01, 7.6559390e-01 
690, 8.8921458e-02, 5.6264220e-02, 9.6048955e-01 
691, 5.5985935e-01, 1.7273931e-01, 1.1116560e-01 
692, 5.0444348e-01, 8.2779113e-01, 3.7614001e-01 
693, 8.1926357e-02, 8.6678132e-01, 3.8589043e-01 
694, 2.5540497e-01, 5.3925822e-01, 7.9175296e-02 
695, 7.1203841e-01, 6.8414950e-01, 6.5584789e-01 
696, 8.0322100e-01, 6.0098668e-01, 1.0489633e-01 
697, 7.5129999e-01, 4.9448964e-01, 4.7409975e-01 
698, 6.4091409e-01, 2.5055710e-01, 8.4657493e-01 
699, 2.9228833e-01, 1.2785843e-01, 7.9171236e-01 
700, 6.2334407e-03, 9.8086703e-01, 7.7380146e-01 
701, 2.5138535e-02, 4.3813610e-02, 9.3066219e-01 
702, 3.4796570e-02, 7.0499053e-01, 4.5044599e-01 
703, 4.7025579e-02, 7.3224448e-01, 2.9470534e-01 
704, 2.0833467e-01, 4.6030321e-01, 5.4845485e-02 
705, 4.9484297e-01, 5.3436385e-01, 2.8256881e-01 
706, 6.8799597e-01, 6.7571552e-01, 4.1403725e-01 
707, 9.1288358e-01, 9.0711331e-01, 1.6088143e-01 
708, 3.0175261e-01, 8.8314487e-01, 3.0111739e-01 
709, 7.1071236e-01, 1.6176887e-01, 1.8131564e-01 
710, 6.5973547e-02, 6.4850663e-01, 7.6613430e-01 
711, 9.9092793e-01, 8.5068251e-01, 4.4318602e-01 
712, 1.3042812e-01, 6.2910092e-01, 9.2726290e-01 
713, 4.5977977e-01, 7.2053177e-02, 1.4400410e-01 
714, 8.2751724e-01, 3.8784018e-01, 4.4513360e-01 
715, 2.3206024e-01, 2.6272930e-01, 8.8835867e-01 
716, 9.9044031e-01, 5.3802622e-01, 7.5616039e-01 
717, 1.5795213e-01, 5.3585571e-01, 3.4407027e-01 
718, 2.2297526e-01, 5.2600062e-01, 3.2525804e-01 
719, 4.0968135e-01, 3.8533086e-01, 3.7419909e-01 
720, 1.4170728e-01, 5.3471574e-01, 3.8031961e-01 
721, 8.8088016e-01, 5.4842424e-01, 9.7974291e-01 
722, 7.7872580e-01, 1.1445369e-01, 4.6387398e-01 
723, 1.2475183e-01, 3.0574543e-02, 8.5014518e-01 
724, 9.4921501e-01, 1.1502559e-01, 6.8379561e-01 
725, 6.5089977e-01, 3.6045346e-01, 4.0235019e-01 
726, 1.8733738e-01, 8.4197083e-01, 6.2426005e-01 
727, 6.6634654e-01, 4.6995197e-01, 7.8169248e-01 
728, 7.6423073e-01, 5.8052684e-01, 7.3941547e-01 
729, 7.9850740e-01, 8.3561876e-01, 1.8943109e-01 
730, 3.3801501e-01, 4.2571596e-01, 8.4785176e-01 
731, 5.6618970e-01, 5.7418632e-01, 8.1047819e-01 
732, 4.3398833e-01, 1.5217705e-01, 5.7669199e-01 
733, 9.8241744e-01, 1.5824810e-01, 5.4328176e-01 
734, 1.5395143e-01, 3.4104727e-01, 8.7448636e-01 
735, 5.4407700e-01, 2.1006483e-01, 4.6967832e-01 
736, 6.8219092e-01, 5.5118880e-01, 8.3019298e-01 
737, 6.2259450e-01, 8.4010842e-01, 9.4381628e-01 
738, 4.8943177e-01, 9.2807888e-01, 9.6149664e-02 
739, 2.2720358e-01, 9.9569696e-01, 1.9719987e-01 
740, 8.0453796e-01, 2.4785348e-01, 5.7929611e-01 
741, 8.7074938e-01, 1.2967738e-01, 7.4067680e-01 
742, 9.6559271e-01, 9.6474486e-01, 4.3666995e-01 
743, 6.8556119e-01, 9.8127057e-01, 2.6177099e-02 
744, 1.8462245e-01, 8.2859649e-01, 3.3711329e-01 
745, 2.9165306e-02, 8.3192459e-02, 7.0310513e-02 
746, 4.6289782e-01, 7.5149036e-01, 5.2296245e-01 
747, 3.2894970e-01, 2.7813311e-01, 2.9548411e-01 
748, 8.9425791e-02, 5.4968390e-01, 1.9697455e-01 
749, 5.3449677e-02, 8.4613631e-02, 8.2061763e-01 
750, 5.5108177e-02, 5.5689858e-01, 3.5064555e-01 
751, 7.6707491e-01, 2.8688263e-01, 7.1737539e-02 
752, 2.0359760e-01, 2.0886605e-02, 7.7816124e-01 
753, 2.7332619e-01, 2.1939437e-01, 5.7066397e-01 
754, 8.1924616e-01, 8.6312631e-01, 8.5404547e-01 
755, 2.8901136e-01, 6.0794391e-01, 4.2733651e-01 
756, 9.3238399e-01, 1.6123866e-01, 7.4812090e-01 
757, 9.2822481e-01, 7.7990197e-01, 5.6109131e-01 
758, 7.9201340e-01, 2.4482630e-01, 7.6532622e-01 
759, 1.0440869e-01, 7.1889549e-02, 7.8632893e-01 
760, 5.3164828e-02, 1.7008533e-01, 2.4104559e-01 
761, 6.3349892e-01, 1.3114374e-01, 5.4317859e-02 
762, 5.4302272e-01, 1.1217139e-02, 9.7325135e-01 
763, 2.3040655e-01, 5.8065802e-01, 9.8393546e-01 
764, 1.7063533e-01, 8.1392735e-01, 9.2859353e-01 
765, 6.7293357e-01, 1.2826656e-01, 1.6253901e-01 
766, 3.1956512e-01, 7.4206673e-01, 5.3255260e-01 
767, 3.8447935e-01, 5.5019100e-01, 1.6349460e-01 
768, 9.1309349e-01, 4.5519546e-01, 7.9630415e-01 
769, 4.3517844e-01, 7.4825559e-02, 9.7913353e-01 
770, 5.7593539e-01, 7.0635696e-01, 5.9425809e-02 
771, 3.7188879e-01, 8.1762233e-01, 5.1093767e-01 
772, 8.8815434e-01, 2.2452278e-01, 8.6455132e-01 
773, 5.7554809e-01, 5.1311579e-02, 4.1127373e-02 
774, 4.1866127e-01, 8.0325168e-01, 5.0401759e-01 
775, 6.2842295e-01, 7.5637069e-01, 1.1250114e-01 
776, 1.2567584e-01, 9.8320567e-01, 7.8176498e-01 
777, 2.4361289e-01, 9.3710503e-01, 9.8548613e-01 
778, 7.6797615e-01, 8.1622394e-01, 7.6772959e-01 
779, 1.5946575e-01, 3.8788263e-01, 1.8054558e-01 
780, 6.2725306e-01, 3.1725870e-01, 9.1050081e-02 
781, 4.5399451e-02, 1.9122386e-01, 5.1748955e-01 
782, 7.8651876e-01, 9.3185784e-02, 8.8581555e-01 
783, 7.0972423e-01, 6.4183182e-01, 1.9829885e-01 
784, 6.5782876e-01, 8.5458018e-01, 7.5269210e-01 
785, 9.0017375e-01, 6.6589194e-01, 8.1207136e-01 
786, 3.8577833e-01, 1.9467197e-01, 9.4176882e-01 
787, 8.6986489e-01, 6.4857050e-01, 3.3563451e-01 
788, 5.0401910e-01, 1.8340951e-01, 1.1143835e-03 
789, 5.5690674e-02, 5.3449140e-01, 7.1993127e-02 
790, 3.8343074e-01, 9.2236104e-01, 5.2276604e-01 
791, 1.6714775e-01, 3.2683605e-01, 7.3192802e-01 
792, 1.3958117e-01, 4.5003202e-01, 4.3456809e-01 
793, 5.6953582e-01, 1.6874796e-01, 9.1194395e-01 
794, 1.1085629e-01, 8.3909638e-02, 4.4564486e-01 
795, 1.3490755e-01, 4.3447101e-02, 5.4353262e-01 
796, 7.5392210e-01, 7.2948981e-01, 8.2434366e-01 
797, 9.9477649e-01, 6.3223070e-01, 1.3424505e-01 
798, 9.8595378e-01, 2.2716000e-01, 9.9603328e-01 
799, 7.8096072e-01, 6.6431575e-01, 6.4767534e-01 
800, 9.7184888e-01, 4.9824982e-01, 3.1614635e-01 
801, 3.3211157e-01, 1.6848539e-01, 5.0691017e-02 
802, 7.5958911e-01, 5.7869492e-01, 4.8469827e-01 
803, 6.5741803e-01, 2.4251779e-01, 4.0961526e-01 
804, 3.1456727e-01, 2.0653812e-04, 7.6245928e-01 
805, 3.5879141e-01, 2.8839198e-01, 2.6990822e-02 
806, 5.2298236e-01, 1.2106016e-02, 1.5324668e-01 
807, 8.4188007e-02, 1.7817251e-02, 8.2742392e-01 
808, 1.5887923e-01, 6.4511650e-01, 9.6648430e-01 
809, 7.7350306e-01, 6.8755455e-01, 3.7280786e-01 
810, 3.9369293e-01, 9.7125569e-01, 3.2949397e-01 
811, 7.4989524e-01, 8.8969467e-01, 6.4884446e-01 
812, 8.7679657e-01, 7.0539457e-01, 5.2966004e-01 
813, 2.1335770e-01, 9.0769382e-01, 5.0531453e-01 
814, 1.3054970e-01, 4.6877826e-01, 4.9492233e-01 
815, 7.6231821e-01, 3.2493819e-01, 2.4162816e-01 
816, 5.3215190e-01, 4.1042046e-01, 8.2192190e-01 
817, 1.6818959e-01, 5.0235359e-01, 9.5334640e-02 
818, 1.9733311e-01, 4.4351910e-01, 8.7435381e-01 
819, 3.1085011e-01, 9.0204271e-01, 5.6775096e-01 
820, 8.9985134e-01, 7.8700759e-01, 2.7104630e-01 
821, 9.5182795e-01, 9.6372957e-01, 3.5571317e-01 
822, 3.2974449e-01, 4.5424034e-01, 1.7841342e-01 
823, 1.5540648e-01, 2.3208693e-01, 9.6139010e-01 
824, 4.6538865e-01, 9.9324871e-01, 7.0364504e-01 
825, 5.8664503e-01, 9.8712886e-01, 9.7489049e-01 
826, 1.1257022e-01, 6.8965074e-01, 2.3076601e-02 
827, 3.2003027e-01, 1.2508394e-02, 4.7828261e-01 
828, 3.6756475e-01, 1.9518351e-01, 3.7326755e-01 
829, 8.9240840e-01, 1.9655868e-01, 3.6582730e-01 
830, 1.8410547e-01, 2.9371264e-01, 9.4275254e-01 
831, 1.6958857e-01, 7.1728422e-01, 8.3586134e-01 
832, 1.4537937e-02, 6.3918599e-01, 4.7754124e-02 
833, 1.5388952e-01, 3.3195131e-01, 6.1314962e-01 
834, 5.8720035e-03, 6.7791017e-01, 6.6026961e-01 
835, 8.8696317e-01, 5.1142024e-01, 9.5105192e-01 
836, 9.0344911e-01, 4.6326207e-01, 4.5424093e-01 
837, 7.0400731e-01, 2.6413819e-01, 2.0175593e-01 
838, 4.8170928e-01, 6.8599921e-01, 5.4603901e-01 
839, 6.8565165e-01, 5.5091792e-01, 7.1853385e-01 
840, 8.5153822e-01, 7.6038735e-01, 4.6948680e-01 
841, 8.2031019e-01, 9.5856896e-03, 4.6814800e-01 
842, 8.2681571e-01, 7.4563282e-01, 2.0531723e-01 
843, 9.4316324e-02, 3.0268160e-01, 6.2146413e-01 
844, 6.1084458e-01, 6.8699628e-01, 6.4412391e-01 
845, 2.7018580e-01, 6.8819121e-01, 3.3318880e-01 
846, 8.2089834e-01, 9.7455799e-01, 8.1043290e-01 
847, 8.0088655e-01, 4.7733269e-01, 2.4422741e-01 
848, 7.2894872e-01, 1.3637973e-01, 6.5138018e-01 
849, 4.9298010e-01, 8.7831733e-01, 5.3830675e-01 
850, 5.4275691e-01, 9.2327469e-01, 2.4181643e-01 
851, 6.7732262e-01, 3.8751431e-01, 7.8345063e-01 
852, 3.7408423e-02, 1.2697788e-01, 9.7788340e-01 
853, 7.5834573e-01, 4.4316583e-01, 3.9623307e-01 
854, 9.6886884e-01, 9.9715562e-01, 8.2927463e-01 
855, 3.8613592e-01, 7.9033749e-01, 3.0790635e-01 
856, 4.8705745e-01, 7.3385573e-01, 4.0993013e-01 
857, 2.0108464e-01, 6.8369467e-01, 6.6631083e-01 
858, 4.8897700e-01, 1.9868287e-01, 7.3900092e-01 
859, 4.0624459e-01, 4.1205917e-01, 9.1125817e-01 
860, 4.4846242e-01, 4.0238775e-01, 1.3481838e-01 
861, 1.3413446e-01, 6.5420686e-01, 5.9660585e-01 
862, 3.9492432e-01, 9.6851855e-01, 9.9713703e-01 
863, 9.3858671e-03, 3.1719270e-01, 9.3348823e-02 
864, 4.1807908e-01, 7.5551907e-01, 7.0516785e-01 
865, 9.0061904e-01, 7.5249558e-01, 9.0055646e-01 
866, 1.1924994e-01, 2.1435687e-01, 1.5973092e-01 
867, 2.6382713e-02, 8.3297202e-02, 7.5051843e-01 
868, 8.4879829e-01, 6.2854368e-01, 4.0771348e-01 
869, 7.7664788e-01, 1.1378685e-01, 1.2984654e-01 
870, 5.5322629e-01, 4.3372741e-01, 4.6530959e-01 
871, 7.7538498e-01, 1.0862786e-01, 3.7478666e-01 
872, 9.3716161e-01, 2.1609347e-02, 2.1189073e-01 
873, 2.3608631e-01, 2.1418948e-01, 7.6627784e-01 
874, 1.4422608e-01, 3.5892760e-01, 8.2601850e-01 
875, 8.6633523e-01, 4.0100365e-01, 2.4104341e-01 
876, 4.7909450e-01, 9.7056053e-01, 9.2823699e-01 
877, 3.9965029e-01, 6.6545834e-01, 6.8789437e-01 
878, 1.5792366e-01, 1.0653219e-01, 5.0401892e-01 
879, 3.3159124e-01, 9.3705233e-01, 5.5820438e-01 
880, 3.9088192e-03, 6.2811317e-01, 6.8428673e-01 
881, 7.4427191e-01, 6.6747270e-02, 4.8367206e-01 
882, 4.2131807e-01, 8.6687537e-01, 7.1632704e-01 
883, 4.1721736e-01, 3.3341900e-01, 2.4399281e-01 
884, 6.9209054e-01, 9.5993114e-01, 5.8320750e-01 
885, 9.7868656e-02, 2.5083379e-01, 9.9675631e-01 
886, 2.1260653e-01, 1.2139621e-01, 9.3119764e-01 
887, 2.7414202e-01, 4.0591504e-01, 9.9004682e-01 
888, 4.6190809e-02, 1.6493285e-01, 6.7629198e-01 
889, 8.3609910e-01, 7.3724662e-01, 8.4134880e-01 
890, 6.7572048e-02, 7.1272974e-01, 5.6058634e-01 
891, 5.7144960e-02, 3.2137532e-01, 5.2944466e-01 
892, 4.8057180e-01, 5.3405614e-02, 5.6946385e-01 
893, 8.1642703e-01, 2.9092189e-01, 2.4483010e-01 
894, 1.5875715e-01, 1.7571305e-01, 4.2054618e-01 
895, 8.7763261e-01, 2.1214600e-01, 9.1544008e-01 
896, 2.9756131e-01, 6.7985490e-02, 9.5809835e-01 
897, 1.2814774e-01, 8.9668694e-01, 6.7129534e-01 
898, 8.2724759e-01, 3.9960756e-02, 7.3302648e-01 
899, 7.3598651e-01, 1.7954527e-02, 6.1076876e-01 
900, 1.9081714e-01, 7.3444536e-01, 4.7816532e-01 
901, 2.2857366e-01, 4.2096772e-02, 1.9041109e-01 
902, 9.6819628e-01, 9.5741257e-01, 6.2482617e-01 
903, 1.5177725e-01, 5.7783895e-01, 3.4538215e-01 
904, 6.4859118e-02, 8.8489121e-01, 3.2104206e-01 
905, 9.9259704e-01, 8.1584396e-03, 5.4911692e-01 
906, 5.6563418e-01, 6.9272306e-01, 7.6338386e-01 
907, 8.3703518e-01, 2.1050932e-01, 4.0178145e-02 
908, 5.1688170e-01, 4.7967885e-01, 2.9222383e-01 
909, 1.2642062e-01, 9.7860842e-01, 1.0217046e-01 
910, 6.6939669e-01, 5.2687385e-01, 9.4494599e-01 
911, 8.7184367e-01, 4.9547793e-01, 7.1952825e-01 
912, 5.7938806e-01, 7.6616181e-02, 4.9329384e-01 
913, 9.5572303e-01, 6.7196193e-01, 6.9089310e-01 
914, 6.5959237e-01, 2.6779646e-01, 5.3689825e-01 
915, 7.9205454e-01, 4.8099520e-01, 4.8275161e-01 
916, 5.0178906e-01, 2.7210380e-01, 3.0490525e-02 
917, 5.4000385e-01, 3.1252513e-01, 5.6439415e-01 
918, 5.7002057e-01, 3.9286830e-02, 1.4204978e-01 
919, 4.1568968e-01, 5.9680018e-01, 7.5188676e-01 
920, 5.8649230e-01, 4.9303750e-01, 7.2702496e-01 
921, 6.3958928e-02, 6.5330776e-01, 2.1400285e-01 
922, 5.7274497e-01, 7.2294086e-01, 2.0535724e-02 
923, 2.9156559e-02, 1.0865769e-01, 2.3026777e-01 
924, 4.8460025e-02, 8.1475519e-01, 1.8353685e-01 
925, 9.7281017e-01, 9.6825276e-01, 2.1341549e-01 
926, 3.4123005e-01, 5.4090795e-01, 2.9058037e-01 
927, 9.0479239e-01, 4.8022904e-01, 4.1661441e-01 
928, 8.9252243e-01, 9.2204976e-01, 1.6347672e-02 
929, 7.5399929e-01, 7.2331454e-01, 3.8270672e-01 
930, 7.6827492e-01, 9.9088539e-01, 2.5467095e-02 
931, 5.1463672e-01, 8.3435565e-01, 3.3574121e-01 
932, 4.1035551e-01, 8.2911161e-01, 4.9518892e-02 
933, 8.1767998e-01, 4.3188799e-01, 4.4148442e-01 
934, 3.9290076e-02, 5.4977595e-01, 2.7232287e-01 
935, 9.6808068e-01, 4.0084935e-01, 3.9383158e-01 
936, 4.9319320e-01, 6.1037196e-01, 7.6630038e-01 
937, 1.7468610e-01, 4.9266475e-01, 9.9224324e-01 
938, 8.0974958e-01, 9.0950332e-01, 8.8706100e-01 
939, 8.1158533e-01, 5.1869086e-01, 4.3745945e-01 
940, 7.8873919e-01, 9.6150251e-01, 4.8737180e-01 
941, 7.5476531e-01, 1.8148213e-02, 9.6672708e-01 
942, 3.1029549e-01, 4.1461905e-01, 7.9254637e-01 
943, 4.8182779e-01, 7.0122193e-01, 1.1550109e-01 
944, 7.3105244e-01, 6.9301524e-01, 8.4856233e-02 
945, 4.1318355e-01, 5.7422836e-02, 1.8546588e-01 
946, 4.3458308e-01, 1.6801737e-02, 8.6785645e-01 
947, 9.8435543e-01, 1.2989432e-03, 4.7769998e-01 
948, 3.7819690e-01, 3.9077871e-01, 8.0199171e-02 
949, 7.2893671e-01, 8.2202115e-01, 1.5898276e-02 
950, 3.2940093e-02, 8.9543314e-01, 5.9111250e-01 
951, 6.6320557e-02, 8.7112986e-02, 8.7463373e-01 
952, 5.5949466e-01, 1.8906498e-01, 8.6626863e-01 
953, 1.5106453e-01, 7.1218791e-01, 6.0663288e-01 
954, 9.9193595e-01, 3.7145253e-01, 2.0353466e-01 
955, 4.7504866e-01, 1.7140967e-01, 3.2761356e-01 
956, 6.6673173e-01, 8.9373797e-01, 1.2165851e-01 
957, 5.6137455e-01, 5.6519535e-01, 6.2940321e-01 
958, 1.1434162e-01, 8.4735488e-01, 7.4702573e-01 
959, 9.7210325e-01, 9.2365873e-01, 9.0324379e-01 
960, 6.3636473e-01, 7.3068722e-03, 9.8568916e-01 
961, 5.2918816e-01, 6.0317788e-02, 2.1358931e-02 
962, 7.5436886e-01, 9.6666510e-01, 4.2634146e-01 
963, 3.6603324e-02, 6.6120158e-01, 9.1720082e-01 
964, 6.6131446e-01, 4.6246790e-01, 8.9237938e-01 
965, 8.9932043e-02, 4.9708894e-01, 9.7611568e-01 
966, 1.8314988e-01, 6.9105145e-01, 1.6451648e-01 
967, 9.9884862e-01, 7.6594286e-01, 1.7313313e-01 
968, 8.7655108e-01, 7.2672835e-01, 2.9661995e-01 
969, 4.4851034e-01, 2.7117142e-01, 5.7973465e-01 
970, 3.0378465e-01, 9.4377501e-01, 3.4151128e-01 
971, 4.4332601e-01, 5.6060074e-01, 5.8589085e-01 
972, 1.9722338e-01, 5.8789425e-01, 7.7425082e-01 
973, 6.7445952e-01, 5.4608824e-01, 3.9761114e-01 
974, 7.9283392e-01, 4.5436849e-01, 1.6330379e-01 
975, 3.1757868e-01, 9.1315585e-01, 7.7436265e-01 
976, 7.4639735e-01, 9.8450156e-01, 4.7898423e-01 
977, 8.7031213e-02, 4.1485187e-02, 8.7983957e-01 
978, 9.1521359e-01, 9.8927259e-01, 4.8590805e-01 
979, 8.2936027e-01, 1.9003484e-01, 1.3942019e-01 
980, 6.2835435e-01, 2.0580429e-01, 1.0682336e-01 
981, 3.6324847e-01, 9.4406145e-01, 8.9522054e-01 
982, 7.2842477e-01, 1.5526422e-01, 4.9252751e-01 
983, 2.8828283e-01, 9.2140212e-01, 8.0996029e-01 
984, 1.5322213e-01, 4.2575465e-01, 8.5856814e-01 
985, 6.5328495e-01, 5.0996386e-01, 6.2119594e-02 
986, 4.4589698e-01, 3.1066504e-01, 4.8147322e-01 
987, 7.5116663e-01, 7.5131943e-01, 3.4336002e-01 
988, 5.2072203e-02, 7.7488894e-01, 2.5139179e-01 
989, 2.8102431e-01, 7.2878286e-01, 1.8614222e-01 
990, 5.5309384e-01, 9.5727508e-01, 5.7272743e-01 
991, 1.5927814e-01, 1.3596407e-01, 3.2207072e-01 
992, 8.0416575e-01, 1.8466846e-01, 4.7400839e-01 
993, 2.4003809e-01, 8.8059048e-01, 6.1915537e-01 
994, 3.9813099e-01, 1.8940932e-02, 4.8973248e-01 
995, 1.3614599e-01, 4.1581791e-01, 9.0100824e-01 
996, 2.6147537e-01, 4.6485248e-01, 7.9957094e-01 
997, 8.2599473e-01, 9.3941211e-01, 3.4659142e-01 
998, 9.9007852e-01, 4.7219056e-01, 7.9883839e-01 
999, 1.3211004e-01, 3.1236929e-01, 7.5308761e-01 
1000, 7.0040757e-01, 4.9407004e-01, 7.7924951e-01 
1001, 6.1911539e-01, 4.8488378e-01, 3.0118847e-01 
1002, 9.6654787e-01, 2.7436629e-01, 5.7114800e-01 
1003, 6.9646610e-01, 5.5906724e-01, 5.5288119e-01 
1004, 6.8891126e-02, 8.1490960e-01, 4.2754854e-01 
1005, 2.2751070e-01, 6.2886141e-01, 1.2159823e-01 
1006, 9.0500952e-01, 3.7851591e-01, 1.4660050e-01 
1007, 3.2415995e-01, 8.0198892e-01, 7.4421636e-01 
1008, 3.2398184e-02, 2.2052666e-01, 7.4921644e-01 
1009, 4.2828821e-01, 5.8044309e-01, 5.2300181e-03 
1010, 9.9938763e-01, 9.0340460e-01, 1.6500496e-01 
1011, 1.7414811e-01, 7.2352863e-01, 6.1364854e-02 
1012, 2.8510416e-01, 9.0335219e-01, 6.4817665e-01 
1013, 3.8026803e-02, 7.4940218e-01, 8.1054740e-01 
1014, 4.6094097e-01, 4.4527622e-01, 7.4352703e-01 
1015, 2.4682462e-01, 3.4159346e-02, 4.6926987e-01 
1016, 8.3364240e-01, 8.7911271e-03, 1.5937455e-01 
1017, 3.4069443e-01, 3.7732772e-01, 3.4146092e-01 
1018, 6.8562668e-01, 6.2470291e-02, 1.4515480e-01 
1019, 5.0094038e-01, 2.9438306e-01, 5.9106567e-01 
1020, 8.6668814e-01, 4.7580532e-01, 8.2077067e-01 
1021, 8.7862467e-03, 7.4353686e-01, 2.6789169e-02 
1022, 5.0760210e-01, 9.8775419e-01, 6.1823639e-01 
1023, 8.9569408e-01, 8.6999660e-01, 1.5734703e-01 
1024, 3.7235319e-01, 6.1986293e-01, 7.1052868e-01 
1025, 5.8943844e-01, 7.3894197e-01, 1.4247208e-01 
1026, 2.9970075e-01, 3.1992735e-02, 1.0574064e-01 
1027, 1.5588016e-01, 1.1460136e-01, 8.1492182e-01 
1028, 4.0020791e-01, 3.2986060e-01, 6.5325612e-01 
1029, 9.5285995e-02, 3.5787558e-01, 8.4127951e-01 
1030, 4.7890561e-01, 2.1907420e-01, 1.6017607e-01 
1031, 6.2939311e-01, 1.9103754e-01, 8.5722757e-01 
1032, 8.5897454e-01, 7.7035646e-01, 6.8209484e-01 
1033, 8.5078193e-03, 3.7390172e-01, 7.6208948e-01 
1034, 2.6444568e-01, 6.8389626e-01, 7.9047715e-01 
1035, 2.9036518e-01, 5.1887500e-01, 1.9881147e-01 
1036, 2.4041415e-01, 6.6679982e-01, 6.3683311e-02 
1037, 7.0082170e-01, 8.2400653e-01, 7.1406366e-01 
1038, 8.0474010e-01, 9.2280102e-01, 2.0569621e-01 
1039, 3.4844258e-01, 9.5921266e-01, 9.3128859e-01 
1040, 2.2287297e-01, 2.0413881e-01, 8.5944501e-01 
1041, 2.1655225e-01, 4.7618494e-01, 9.6823700e-01 
1042, 1.5540948e-01, 8.6890051e-01, 8.6015046e-01 
1043, 5.1707260e-01, 3.3172446e-01, 9.3283934e-01 
1044, 1.3651208e-01, 4.9379196e-01, 3.6994150e-02 
1045, 2.2747494e-02, 4.9862569e-01, 5.0192821e-01 
1046, 5.3826089e-01, 7.3579840e-01, 5.2256227e-01 
1047, 6.4832391e-01, 9.6138329e-02, 6.2221379e-01 
1048, 3.9819226e-03, 5.5987379e-01, 2.3644357e-01 
1049, 1.8567673e-01, 5.1521561e-01, 7.6916618e-01 
1050, 7.9352790e-01, 2.8126498e-01, 9.1145592e-01 
1051, 9.1486962e-01, 2.1339965e-02, 3.5945454e-01 
1052, 1.1533926e-01, 7.4048841e-01, 3.6937591e-01 
1053, 2.1665538e-01, 3.1574518e-01, 1.0308036e-02 
1054, 1.6530288e-01, 9.0998028e-01, 5.4989376e-01 
1055, 7.7286531e-01, 2.0914652e-01, 3.8154985e-01 
1056, 9.0850698e-01, 6.0512734e-01, 7.8680642e-02 
1057, 3.6385108e-01, 2.6310556e-01, 2.1740292e-01 
1058, 5.3299744e-01, 7.5666381e-02, 8.9590058e-01 
1059, 3.5039065e-01, 1.6678754e-01, 1.0367419e-01 
1060, 2.2325121e-02, 6.2925653e-01, 4.9233542e-01 
1061, 1.9949208e-01, 4.2032064e-01, 7.7101645e-02 
1062, 3.3931278e-01, 2.7960756e-01, 6.9748039e-01 
1063, 9.2731291e-01, 3.8435035e-03, 7.4700510e-01 
1064, 8.2169608e-01, 1.7179143e-01, 7.7777692e-01 
1065, 9.1257493e-02, 9.1542868e-03, 1.3791733e-03 
1066, 7.2221900e-01, 6.6414591e-01, 5.3931635e-01 
1067, 5.4652248e-01, 3.7704293e-01, 1.4751349e-01 
1068, 3.6493002e-01, 6.2452709e-01, 9.1188199e-01 
1069, 8.4457268e-01, 9.9775605e-01, 9.8936032e-01 
1070, 1.8453936e-01, 5.7201999e-01, 4.4755654e-01 
1071, 6.4967948e-01, 9.9922722e-01, 7.3086041e-01 
1072, 8.5298139e-01, 8.8046643e-01, 6.2823847e-02 
1073, 5.7182157e-01, 8.5090365e-01, 1.6036638e-01 
1074, 5.3889441e-02, 4.4434242e-01, 4.7873015e-01 
1075, 2.2316625e-01, 2.9981700e-01, 3.4745834e-01 
1076, 4.2003564e-01, 2.1648450e-01, 5.4163375e-01 
1077, 4.2171266e-02, 1.4047300e-01, 2.7582149e-01 
1078, 2.9609014e-01, 6.6616882e-01, 1.5988788e-01 
1079, 9.0773523e-01, 8.4260024e-01, 2.7843684e-01 
1080, 3.0424837e-01, 7.3633929e-01, 4.6317888e-01 
1081, 9.9657450e-01, 7.6416362e-01, 4.1837911e-01 
1082, 3.4650501e-01, 9.7186546e-01, 1.7744583e-01 
1083, 3.2329586e-01, 1.2395202e-01, 2.0147689e-01 
1084, 1.3383149e-01, 1.6133797e-02, 3.1769637e-01 
1085, 8.0513927e-01, 7.7909861e-01, 8.7619443e-01 
1086, 4.8550114e-01, 7.4891635e-01, 6.0608801e-01 
1087, 6.1000432e-01, 9.8610935e-01, 8.8240824e-01 
1088, 3.6702732e-01, 5.4183837e-01, 7.6448439e-01 
1089, 8.9481314e-01, 9.2985347e-01, 6.9357275e-02 
1090, 5.8013370e-01, 6.4669981e-01, 4.4610863e-01 
1091, 3.5766536e-01, 2.0597714e-02, 7.7334889e-02 
1092, 4.8763911e-01, 8.4309847e-01, 4.9209950e-01 
1093, 8.4084459e-01, 2.2333819e-01, 4.1571586e-01 
1094, 8.7621992e-01, 3.9089333e-01, 5.3032298e-01 
1095, 5.5574515e-01, 8.6071975e-01, 2.7951754e-02 
1096, 5.6095199e-01, 1.7996690e-01, 6.1948916e-01 
1097, 9.5505826e-01, 8.3649951e-01, 1.2649615e-02 
1098, 2.8078609e-01, 4.8757318e-01, 6.8681916e-01 
1099, 7.3736706e-01, 2.9950958e-02, 4.3322603e-01 
1100, 2.8369180e-03, 4.6216835e-01, 5.8863639e-01 
1101, 6.9451936e-01, 7.5655460e-01, 3.1420087e-01 
1102, 6.1500878e-02, 4.3482782e-01, 1.5780937e-01 
1103, 1.9660821e-01, 1.1387324e-01, 4.9769642e-01 
1104, 9.5766042e-01, 1.2374253e-01, 9.3732150e-01 
1105, 5.8259384e-01, 8.5553053e-01, 2.6507762e-01 
1106, 1.0246735e-01, 3.6994180e-01, 9.4694398e-01 
1107, 5.5125912e-01, 5.1541946e-01, 2.6282290e-01 
1108, 2.5912393e-01, 2.9839799e-01, 3.9332947e-01 
1109, 2.5541912e-01, 9.7952187e-03, 5.9144180e-01 
1110, 8.6116811e-01, 9.5494179e-01, 1.7300687e-01 
1111, 1.3522323e-01, 8.4251365e-01, 2.9551494e-01 
1112, 7.7034986e-01, 6.8881126e-01, 6.9104548e-02 
1113, 1.3286108e-02, 4.7645267e-01, 5.4766759e-01 
1114, 7.7024473e-01, 9.9422078e-01, 9.7680617e-01 
1115, 3.0275616e-01, 8.9363326e-01, 8.7677528e-01 
1116, 1.5959984e-01, 1.5305201e-01, 9.1474681e-01 
1117, 8.5176151e-01, 8.1968375e-01, 6.0205652e-01 
1118, 6.2493090e-01, 2.0722098e-01, 4.7943369e-01 
1119, 7.4519471e-02, 3.8276845e-01, 9.0352864e-01 
1120, 9.7799984e-01, 2.6978780e-01, 3.6845118e-01 
1121, 5.8132104e-01, 6.7903896e-01, 4.8136640e-01 
1122, 5.7659321e-01, 9.0886721e-01, 6.8005306e-01 
1123, 2.6045224e-01, 4.2315964e-01, 9.0087357e-01 
1124, 4.5644919e-01, 4.2246530e-01, 4.5486704e-01 
1125, 1.9952470e-01, 1.3043043e-01, 8.7888035e-01 
1126, 7.7434424e-01, 8.1666488e-01, 6.9331442e-01 
1127, 4.7598224e-01, 1.7691949e-01, 8.1190732e-01 
1128, 2.9239071e-02, 4.9269523e-01, 3.2878514e-01 
1129, 7.7410037e-01, 8.9839048e-01, 1.0184160e-01 
1130, 3.7042035e-01, 7.0497696e-01, 1.7290091e-01 
1131, 5.8045022e-01, 4.4132617e-02, 3.0748633e-01 
1132, 7.5560254e-01, 6.3036097e-01, 7.4880059e-01 
1133, 1.9202324e-01, 9.6225289e-01, 4.5988353e-02 
1134, 2.0316891e-01, 5.7890817e-01, 1.7613164e-01 
1135, 1.1379825e-01, 2.0549537e-01, 5.4806242e-01 
1136, 7.0750322e-01, 1.6449823e-01, 8.6822518e-01 
1137, 8.0928403e-01, 8.0521148e-01, 2.9176259e-01 
1138, 5.1592589e-01, 9.9799065e-01, 2.4787515e-02 
1139, 7.9035601e-01, 7.4049702e-01, 3.0987400e-01 
1140, 1.9193255e-01, 5.8185716e-01, 5.2291748e-01 
1141, 4.6693048e-01, 4.0146814e-01, 7.9346288e-01 
1142, 1.0648122e-02, 2.5723817e-01, 7.7677371e-01 
1143, 6.0655590e-01, 4.6267083e-01, 1.5788948e-01 
1144, 1.6697872e-01, 9.1461640e-01, 7.1717947e-01 
1145, 2.2935074e-02, 3.7975491e-01, 5.4842611e-01 
1146, 8.7007255e-01, 3.1280293e-01, 1.1995361e-01 
1147, 4.0258654e-01, 2.3911021e-01, 4.3178232e-01 
1148, 7.1632892e-01, 9.7692400e-01, 3.6434464e-01 
1149, 8.8389087e-01, 8.3146409e-02, 5.5136276e-01 
1150, 3.8960053e-01, 1.3506336e-01, 9.7602199e-01 
1151, 8.8448130e-01, 9.0647386e-01, 7.7250052e-01 
1152, 2.2167126e-01, 9.9098878e-02, 3.1387527e-01 
1153, 3.1693767e-01, 6.8676924e-01, 5.9107686e-01 
1154, 9.3037802e-01, 9.5252497e-01, 1.6912349e-01 
1155, 3.5048610e-01, 3.2254876e-01, 4.1010523e-01 
1156, 7.0044277e-01, 9.5509813e-01, 5.3817668e-01 
1157, 6.0810182e-01, 4.0214101e-01, 4.0894131e-02 
1158, 4.0442852e-01, 6.6931098e-01, 6.3411629e-01 
1159, 5.8051950e-01, 3.6833352e-01, 3.3851897e-01 
1160, 9.1855672e-02, 9.0821183e-01, 9.7574286e-01 
1161, 3.3212715e-01, 9.7333597e-01, 4.2757822e-02 
1162, 8.7334515e-01, 9.9189818e-01, 8.1120522e-01 
1163, 8.1276545e-01, 8.8225678e-01, 6.4557580e-01 
1164, 4.5110942e-01, 9.6500123e-01, 4.6292820e-01 
1165, 1.9344826e-02, 5.0753970e-01, 6.7045459e-01 
1166, 7.1043372e-01, 8.4949362e-01, 6.1836172e-01 
1167, 2.4615932e-01, 5.6603604e-01, 9.2921556e-01 
1168, 3.0662065e-01, 6.7545242e-01, 6.5657435e-01 
1169, 6.7021715e-01, 3.1581214e-01, 5.1771325e-01 
1170, 9.3885615e-02, 6.0814343e-01, 7.1109954e-01 
1171, 5.9846421e-01, 6.3758194e-01, 9.1255144e-01 
1172, 8.0466368e-01, 4.6312785e-01, 5.6910378e-01 
1173, 5.2878789e-01, 5.1309780e-01, 8.2869477e-01 
1174, 5.8403799e-01, 1.0577740e-01, 4.5708226e-01 
1175, 5.4246313e-01, 9.1127884e-01, 6.3233483e-01 
1176, 3.4837392e-02, 9.0048883e-01, 9.3656896e-01 
1177, 7.5626801e-01, 7.0238621e-01, 9.8457521e-01 
1178, 6.9380326e-01, 1.9159904e-01, 9.0898019e-01 
1179, 7.7505563e-01, 2.0119453e-01, 5.6444910e-01 
1180, 7.6171804e-01, 8.1892013e-01, 1.0537376e-01 
1181, 9.8764407e-01, 7.4310076e-03, 7.1153649e-01 
1182, 1.2729511e-01, 8.3939123e-01, 3.7860434e-01 
1183, 9.5154271e-01, 6.8202378e-01, 9.6042479e-01 
1184, 8.8833511e-02, 9.0768460e-01, 3.9512442e-01 
1185, 6.5507798e-01, 4.8637428e-01, 8.2944229e-01 
1186, 4.6180009e-01, 9.6986359e-01, 5.3266864e-01 
1187, 8.6551449e-03, 3.0578964e-01, 9.7881640e-01 
1188, 9.5099131e-01, 7.1857605e-01, 7.6506446e-01 
1189, 5.8525731e-01, 5.6807765e-01, 1.4668670e-01 
1190, 6.7244435e-01, 6.3314191e-01, 6.2495417e-01 
1191, 7.4482264e-01, 4.4608235e-01, 2.8305347e-01 
1192, 8.8899968e-01, 5.6954845e-01, 4.3974823e-01 
1193, 1.7662436e-01, 5.9427629e-03, 3.2281978e-01 
1194, 3.0900764e-01, 5.0142217e-01, 8.7198270e-01 
1195, 2.7483132e-01, 1.7243756e-01, 7.0128562e-01 
1196, 2.1853841e-01, 8.6437068e-01, 4.8341162e-01 
1197, 8.0429982e-01, 8.3528244e-01, 7.1429699e-01 
1198, 4.4524644e-01, 1.5471745e-01, 1.3081152e-01 
1199, 2.9163054e-01, 5.3470954e-01, 3.1503387e-01 
1200, 4.5635697e-01, 8.4327959e-01, 5.8271867e-01 
1201, 4.6372608e-01, 3.2716889e-01, 8.6137191e-01 
1202, 1.8603103e-01, 9.0406384e-01, 3.3211918e-01 
1203, 5.7610249e-01, 3.4866673e-01, 4.0696246e-01 
1204, 6.0149564e-01, 5.4698376e-01, 8.9347332e-01 
1205, 7.6196339e-01, 7.4776344e-01, 9.6881565e-02 
1206, 9.8097324e-01, 5.2416698e-01, 5.4573548e-01 
1207, 1.7435157e-01, 2.1178809e-01, 8.9393227e-02 
1208, 3.4461249e-01, 1.1248436e-02, 6.4925258e-03 
1209, 9.2401426e-01, 4.2511191e-01, 1.3875838e-01 
1210, 8.1871110e-02, 2.4142684e-01, 5.1346977e-01 
1211, 4.9424482e-01, 1.9126785e-03, 5.0685825e-01 
1212, 6.3032486e-01, 3.0600190e-01, 4.1229748e-01 
1213, 3.7828817e-01, 9.5540728e-01, 3.7359298e-01 
1214, 8.2652179e-01, 7.2330894e-01, 6.0120574e-01 
1215, 2.2651868e-01, 2.5015893e-01, 9.4451398e-01 
1216, 3.7733577e-01, 2.4761158e-01, 3.9327777e-01 
1217, 9.8298557e-01, 8.9825565e-01, 6.4531346e-01 
1218, 9.8166648e-01, 8.9917449e-01, 3.8966723e-01 
1219, 7.1673605e-01, 5.2200872e-01, 6.0910149e-01 
1220, 1.4925165e-01, 8.6696522e-01, 1.8425953e-01 
1221, 6.8530645e-01, 7.9982773e-01, 1.6697010e-01 
1222, 1.6154637e-02, 9.2701336e-02, 1.8237677e-01 
1223, 9.5521234e-01, 9.3076143e-01, 7.0898278e-01 
1224, 9.6855887e-02, 5.4211159e-01, 4.2267758e-01 
1225, 9.4414519e-01, 4.3685445e-01, 2.4567068e-01 
1226, 7.0797070e-01, 5.2467673e-01, 6.6551785e-02 
1227, 2.3340649e-01, 1.4975088e-01, 7.0412745e-01 
1228, 3.4177082e-01, 1.7029243e-01, 7.8545485e-01 
1229, 1.1505597e-01, 3.8652226e-03, 4.9872746e-01 
1230, 8.3274599e-01, 8.5131805e-02, 2.1875840e-01 
1231, 3.0670711e-01, 9.6997891e-01, 5.9021718e-01 
1232, 8.5342989e-01, 1.3652703e-01, 3.5341662e-01 
1233, 4.5830700e-01, 3.8528216e-01, 4.3381284e-01 
1234, 3.3336434e-01, 8.0805655e-01, 1.9015540e-01 
1235, 8.8832235e-01, 6.6055247e-03, 9.4191531e-01 
1236, 8.3684099e-01, 7.4582388e-01, 1.0765965e-01 
1237, 6.7865219e-01, 4.9912599e-01, 9.7716225e-01 
1238, 9.8702599e-01, 4.5165163e-02, 9.0665131e-01 
1239, 6.4391572e-01, 4.0801663e-01, 7.5502081e-01 
1240, 6.4324623e-01, 2.7526576e-01, 2.9403327e-01 
1241, 1.3701118e-01, 4.1311670e-01, 4.7244583e-01 
1242, 3.4263579e-01, 2.3974443e-02, 3.4352942e-01 
1243, 4.1555151e-01, 7.2623616e-01, 4.2599057e-01 
1244, 1.3341115e-02, 1.7970730e-02, 2.6029087e-01 
1245, 1.2568720e-01, 6.6529385e-01, 7.3820542e-01 
1246, 5.3027797e-01, 9.7840068e-01, 1.6815312e-01 
1247, 3.7430284e-01, 1.3222574e-03, 8.1319901e-01 
1248, 9.2382837e-01, 5.2614333e-02, 1.9476001e-02 
1249, 5.1429774e-01, 7.1196170e-01, 4.2992922e-01 
1250, 5.3637550e-01, 1.4616486e-01, 9.6224479e-01 
1251, 3.6257134e-01, 5.9352144e-01, 4.9997395e-01 
1252, 8.2877273e-01, 6.1789564e-01, 1.3700866e-01 
1253, 7.0886032e-01, 5.7866087e-01, 8.0945918e-01 
1254, 2.2391005e-02, 5.9167869e-02, 1.7688599e-03 
1255, 5.0638206e-01, 4.6570285e-01, 5.6278508e-01 
1256, 7.0031747e-01, 4.9978430e-01, 4.1778853e-01 
1257, 4.2806778e-01, 9.8517982e-01, 9.2796471e-01 
1258, 6.1403029e-02, 8.2478717e-01, 2.6780921e-01 
1259, 2.9826254e-01, 8.1419006e-01, 9.1355789e-02 
1260, 1.9925157e-02, 6.8619522e-01, 2.7972872e-01 
1261, 5.4944467e-02, 6.9191229e-02, 4.3958351e-01 
1262, 4.9071349e-02, 9.2292870e-01, 9.7564857e-01 
1263, 6.1294162e-01, 9.8013915e-01, 1.1723588e-01 
1264, 9.4673955e-01, 5.2482682e-01, 6.3575536e-01 
1265, 3.5397834e-02, 2.0072694e-01, 3.6301422e-01 
1266, 8.3882931e-01, 7.1404993e-01, 5.3817293e-01 
1267, 4.4614508e-01, 4.6646909e-01, 6.4375584e-01 
1268, 2.5056838e-01, 2.0046185e-01, 9.7659521e-02 
1269, 6.2342371e-01, 5.7157282e-01, 4.1042665e-01 
1270, 7.9158726e-01, 8.2081063e-01, 5.5539680e-01 
1271, 7.0041974e-01, 4.2066362e-01, 1.2813809e-01 
1272, 7.5826565e-01, 5.2393601e-01, 3.9651805e-01 
1273, 1.0106430e-02, 1.6512082e-01, 2.8032403e-01 
1274, 4.4888983e-01, 8.2942849e-01, 1.8484410e-01 
1275, 2.3019937e-01, 2.9156660e-01, 4.5004445e-01 
1276, 8.4119498e-01, 2.8443151e-01, 6.7163970e-01 
1277, 2.1109984e-01, 6.4982859e-01, 9.0563182e-01 
1278, 8.5545951e-01, 7.6416129e-01, 9.8340404e-01 
1279, 2.2178713e-01, 4.0371160e-01, 3.0225035e-01 
1280, 4.4424655e-01, 5.8203347e-01, 4.2222046e-01 
1281, 2.1816626e-01, 2.2022134e-01, 7.5671039e-02 
1282, 7.8863960e-01, 7.7019478e-01, 1.8295879e-01 
1283, 6.5995578e-01, 2.9075577e-01, 7.5375177e-01 
1284, 9.2663637e-01, 5.9780181e-01, 1.2804062e-01 
1285, 2.3313069e-01, 3.0844331e-01, 1.3564175e-01 
1286, 8.6909049e-01, 1.6283081e-01, 1.1105003e-01 
1287, 8.1677723e-01, 1.0447642e-01, 5.1671646e-01 
1288, 2.8756245e-01, 7.9855677e-01, 5.9121488e-01 
1289, 5.1382164e-01, 8.1484881e-01, 1.9628199e-01 
1290, 4.0762613e-01, 3.3934181e-01, 6.0850168e-01 
1291, 9.3127620e-01, 6.6685188e-01, 4.8465107e-02 
1292, 8.1188791e-01, 8.9929723e-01, 7.9486073e-01 
1293, 5.5318262e-02, 4.3595714e-02, 4.0699251e-01 
1294, 5.6855523e-01, 2.9327623e-01, 8.2556378e-02 
1295, 5.4059062e-01, 5.4385017e-01, 7.7694258e-01 
1296, 6.9439184e-01, 1.4159521e-01, 1.1585455e-02 
1297, 2.7954428e-01, 3.7772001e-01, 2.5094455e-01 
1298, 6.2007537e-01, 8.3016465e-01, 7.4830098e-01 
1299, 1.3750832e-01, 1.1256889e-01, 5.6469147e-01 
1300, 2.5552467e-01, 3.4445296e-01, 9.7094358e-01 
1301, 6.7320588e-01, 8.6968731e-01, 5.0701895e-01 
1302, 3.9827442e-01, 1.2642077e-01, 4.6402974e-02 
1303, 3.3461920e-01, 7.6763814e-01, 2.1004504e-01 
1304, 9.0978923e-01, 7.1694949e-01, 1.8107797e-02 
1305, 6.3243230e-01, 3.9370847e-01, 3.2101101e-01 
1306, 7.4899757e-02, 3.8862481e-01, 2.1142578e-01 
1307, 7.9424935e-02, 8.2914537e-01, 5.2506881e-01 
1308, 7.9499728e-01, 7.4627967e-01, 7.9752023e-01 
1309, 2.5969791e-01, 5.7965697e-01, 5.3684109e-01 
1310, 7.2336418e-01, 6.1747221e-01, 8.8856502e-01 
1311, 1.0743064e-01, 8.0426057e-01, 8.5112569e-01 
1312, 8.8769600e-01, 8.8327092e-01, 7.3418041e-01 
1313, 6.6020301e-02, 5.5464033e-01, 8.4430901e-01 
1314, 6.0072501e-01, 1.3472100e-01, 4.8591452e-01 
1315, 7.8467198e-01, 1.5756610e-02, 1.7804473e-01 
1316, 9.9463396e-02, 3.5301953e-01, 5.4138260e-01 
1317, 5.8768694e-01, 9.3872728e-01, 3.4007854e-01 
1318, 6.7381821e-01, 2.4298392e-01, 3.0499352e-01 
1319, 7.7487121e-01, 2.5368899e-01, 2.9360795e-01 
1320, 2.3805492e-01, 8.8324079e-01, 2.4068621e-01 
1321, 4.5217522e-01, 8.8132968e-01, 9.9360706e-01 
1322, 6.6477220e-02, 7.3138870e-01, 5.0333128e-01 
1323, 2.9985922e-01, 4.0479953e-01, 3.3261474e-01 
1324, 8.1789458e-01, 5.5774945e-01, 1.1396366e-01 
1325, 9.3335362e-01, 4.3669174e-01, 7.5694298e-01 
1326, 5.5374223e-01, 1.8335006e-01, 4.2349843e-01 
1327, 6.4122028e-01, 4.8673021e-01, 5.3811937e-01 
1328, 7.0767596e-02, 6.0484554e-02, 5.2813680e-01 
1329, 4.9013017e-01, 7.7206435e-01, 3.3576088e-01 
1330, 1.8446854e-01, 2.7811722e-01, 8.4747168e-01 
1331, 8.3276619e-01, 2.9548259e-01, 2.4447038e-02 
1332, 6.7985458e-01, 1.4300544e-01, 3.5654918e-01 
1333, 9.8909774e-01, 4.6551229e-01, 3.9226996e-02 
1334, 5.8579795e-01, 4.5012614e-01, 8.5634451e-01 
1335, 9.5492528e-01, 5.2463443e-01, 7.8181257e-01 
1336, 2.2099150e-01, 3.4913587e-01, 1.8833780e-01 
1337, 5.9185543e-01, 4.1206724e-01, 3.3273200e-01 
1338, 1.9618876e-01, 8.0235564e-02, 7.0875376e-02 
1339, 3.6558658e-01, 8.7509146e-01, 8.3409984e-01 
1340, 6.3383467e-01, 3.5641337e-01, 8.9634843e-02 
1341, 2.0038052e-01, 7.0257363e-01, 4.1484927e-01 
1342, 1.3684165e-01, 8.4251448e-01, 2.4644932e-01 
1343, 2.7666154e-01, 9.7831399e-01, 3.9290755e-01 
1344, 4.6226205e-01, 6.8142713e-01, 7.3915020e-01 
1345, 2.4515128e-01, 2.8222571e-01, 2.0007144e-01 
1346, 8.5494167e-01, 7.0225359e-01, 4.8130401e-01 
1347, 5.1455525e-01, 9.6801567e-02, 1.0242022e-01 
1348, 7.2635398e-01, 9.4822660e-01, 2.1964840e-02 
1349, 5.3965846e-01, 3.6667122e-01, 6.8079505e-01 
1350, 3.2441799e-01, 7.4202737e-01, 8.7421537e-03 
1351, 8.1925121e-01, 7.7561314e-01, 9.6149522e-01 
1352, 6.3861792e-01, 7.4290803e-01, 3.1359243e-01 
1353, 6.9783594e-01, 2.4916594e-01, 4.7546670e-01 
1354, 1.5318104e-02, 3.3767615e-01, 8.9326611e-01 
1355, 9.7662838e-01, 5.3979581e-01, 8.6316346e-01 
1356, 6.4253831e-01, 4.6126465e-02, 8.0839601e-01 
1357, 4.3871098e-01, 1.4767965e-01, 4.5170675e-01 
1358, 2.2485462e-01, 7.7985078e-02, 8.3762724e-01 
1359, 7.0248194e-01, 7.7826439e-01, 1.2927212e-02 
1360, 1.2675640e-01, 6.1803222e-02, 5.8692529e-01 
1361, 4.1808216e-01, 6.4887084e-01, 4.9993865e-01 
1362, 5.3719170e-01, 6.0367372e-01, 5.7499418e-01 
1363, 3.6933050e-01, 6.1198709e-01, 7.6440234e-01 
1364, 1.1696364e-01, 1.6853490e-01, 7.5147772e-01 
1365, 7.6389790e-01, 9.8903852e-01, 2.3111470e-01 
1366, 8.7130553e-01, 3.5711543e-01, 9.2754381e-02 
1367, 4.1984538e-01, 4.6674915e-01, 5.1545983e-01 
1368, 5.0598976e-01, 7.1466798e-01, 8.7579994e-01 
1369, 9.5802696e-01, 3.8314484e-01, 3.5884847e-01 
1370, 6.9634017e-01, 8.6415097e-01, 7.0704100e-01 
1371, 4.9519715e-01, 6.5528908e-01, 3.7069647e-01 
1372, 3.2289220e-01, 6.7599368e-01, 9.7284838e-01 
1373, 4.1989191e-02, 8.3026166e-01, 8.5321617e-02 
1374, 7.3280322e-01, 4.4179918e-01, 8.7409533e-01 
1375, 6.8167220e-02, 4.2447530e-01, 4.4592699e-01 
1376, 6.4661929e-01, 5.4578220e-01, 9.8365624e-01 
1377, 8.0505043e-01, 5.0789793e-01, 7.5755912e-01 
1378, 6.9005039e-01, 3.4256485e-01, 2.7575962e-01 
1379, 5.3687186e-01, 3.6830589e-01, 7.9545608e-01 
1380, 3.6064448e-01, 2.3947673e-01, 5.0405246e-01 
1381, 7.1663778e-01, 2.8974175e-01, 3.1692598e-01 
1382, 5.6234848e-02, 8.9493248e-01, 4.1920719e-01 
1383, 1.1607227e-01, 7.6663998e-01, 1.8077580e-01 
1384, 1.3946212e-01, 9.5567152e-01, 6.0127870e-01 
1385, 1.3681932e-01, 3.9696648e-01, 7.5130502e-01 
1386, 4.7939583e-01, 9.1908929e-01, 6.7469424e-01 
1387, 2.6927157e-01, 8.8732765e-01, 1.1987898e-01 
1388, 3.7945256e-01, 2.5643063e-01, 9.9118854e-01 
1389, 3.3626339e-01, 9.7824104e-02, 6.2199531e-01 
1390, 3.8759037e-01, 7.0518891e-01, 6.8056578e-01 
1391, 6.1438275e-01, 2.6043380e-01, 8.1548954e-01 
1392, 8.1593532e-01, 1.3812861e-01, 4.6056411e-02 
1393, 7.5504486e-01, 6.5482205e-01, 2.8803349e-01 
1394, 7.1813703e-01, 8.9217138e-01, 4.1184712e-01 
1395, 5.9012997e-01, 5.5857214e-02, 1.7485359e-01 
1396, 6.0010579e-01, 2.9759833e-01, 3.6465683e-01 
1397, 1.6631221e-01, 6.3634631e-01, 8.7897195e-01 
1398, 7.1404300e-01, 3.7489362e-01, 6.3806038e-01 
1399, 2.4361538e-01, 3.9303667e-01, 1.1893786e-01 
1400, 5.8870066e-01, 2.5680057e-01, 6.2963215e-01 
1401, 6.5185007e-01, 8.3849655e-01, 7.9817879e-01 
1402, 9.2378707e-01, 6.0279579e-01, 1.7151989e-01 
1403, 4.5909275e-02, 1.0129489e-01, 5.1633127e-01 
1404, 4.8807781e-01, 2.0797665e-01, 9.8572895e-01 
1405, 6.0922271e-02, 1.4413472e-02, 4.6270622e-01 
1406, 8.7504877e-01, 3.5434717e-01, 3.6512841e-01 
1407, 7.5762412e-01, 4.0930860e-01, 8.1262799e-01 
1408, 5.9619865e-02, 3.6253926e-01, 7.3143500e-01 
1409, 1.6765058e-01, 4.1020320e-01, 5.9921147e-01 
1410, 7.4353450e-01, 7.9521529e-01, 9.2761032e-01 
1411, 2.7957100e-01, 9.4397983e-01, 1.0175724e-01 
1412, 4.6862693e-01, 4.2456941e-01, 9.7930612e-01 
1413, 9.2252470e-01, 8.8074602e-01, 7.6807609e-01 
1414, 9.1400045e-01, 4.2370247e-01, 6.1532150e-01 
1415, 3.4234574e-02, 4.7769148e-01, 1.8883088e-01 
1416, 4.5373400e-01, 5.4883795e-01, 1.7629849e-01 
1417, 6.4520418e-01, 5.5954776e-03, 5.5159375e-01 
1418, 9.4901738e-01, 1.6606662e-01, 3.0307406e-01 
1419, 9.6878032e-02, 8.0084915e-01, 3.4937591e-01 
1420, 8.6511132e-01, 3.6193472e-01, 3.0625932e-01 
1421, 4.1042349e-01, 7.0458849e-01, 1.6635641e-01 
1422, 3.5758521e-01, 8.1383749e-01, 5.6497691e-01 
1423, 3.2530781e-01, 3.1916369e-01, 8.5299613e-01 
1424, 6.8719092e-01, 5.5543459e-01, 9.9969576e-01 
1425, 3.7281332e-01, 9.6614394e-01, 6.1976711e-01 
1426, 4.6071573e-01, 3.7992544e-02, 6.5389961e-01 
1427, 2.5343001e-01, 6.0572897e-01, 8.7861760e-01 
1428, 9.5475759e-01, 5.6678192e-01, 7.6553155e-03 
1429, 4.2823091e-01, 3.9491362e-01, 6.1481307e-01 
1430, 5.8907105e-01, 7.9986468e-01, 7.8043001e-01 
1431, 8.3212381e-01, 8.8759416e-01, 5.7640998e-01 
1432, 2.1451728e-01, 4.2695471e-01, 7.5407285e-01 
1433, 2.8439569e-01, 7.8420335e-01, 7.5869227e-01 
1434, 2.2187402e-01, 7.6574775e-01, 2.8091179e-01 
1435, 9.0627106e-01, 7.2892002e-01, 1.1121085e-01 
1436, 7.0075042e-02, 4.7931303e-01, 3.4882046e-01 
1437, 4.9815691e-01, 6.2245061e-01, 6.2029141e-01 
1438, 4.3198773e-01, 9.8662245e-01, 2.5449432e-01 
1439, 4.3925260e-01, 3.8616133e-02, 3.6626716e-02 
1440, 7.4102125e-01, 4.4639045e-01, 4.8895466e-01 
1441, 4.4140843e-01, 3.5444342e-01, 5.7001575e-01 
1442, 2.9395788e-01, 7.0673300e-01, 9.8940739e-01 
1443, 7.8945709e-02, 7.4681904e-01, 7.9615113e-01 
1444, 4.5818808e-01, 9.0173613e-01, 1.4716018e-01 
1445, 2.0144983e-01, 9.6856533e-01, 3.1727495e-01 
1446, 7.7795397e-01, 8.0690196e-01, 4.3970447e-01 
1447, 5.0507355e-02, 8.3708945e-01, 7.0484691e-01 
1448, 5.6238830e-01, 8.3069642e-01, 5.5328364e-01 
1449, 2.9875747e-01, 3.9203663e-01, 1.8303112e-01 
1450, 8.7818819e-01, 9.7614752e-01, 4.4467646e-01 
1451, 9.7884264e-01, 2.2244600e-01, 8.5058929e-01 
1452, 8.9360967e-01, 5.5669569e-01, 6.2148170e-02 
1453, 9.5211364e-01, 9.5608699e-01, 2.9632922e-01 
1454, 9.0141706e-01, 8.4819995e-01, 6.1618583e-01 
1455, 7.3801597e-01, 8.8158181e-01, 8.5486200e-01 
1456, 9.6640543e-01, 1.2687966e-01, 2.7031979e-01 
1457, 7.6615089e-01, 4.0693869e-01, 1.8975636e-02 
1458, 9.2518617e-01, 2.5329104e-01, 1.2247779e-01 
1459, 1.9817167e-01, 4.7332875e-01, 4.9531203e-01 
1460, 5.6798703e-01, 4.9742608e-01, 5.9015027e-01 
1461, 9.5075705e-01, 7.3732011e-01, 9.4438229e-01 
1462, 3.7980294e-01, 1.9873953e-02, 6.0196695e-01 
1463, 3.8394266e-01, 6.7044479e-01, 9.6892495e-01 
1464, 2.5974791e-01, 2.4779732e-01, 2.2602767e-01 
1465, 8.7594298e-01, 2.3450018e-01, 9.7974744e-01 
1466, 9.1322917e-01, 3.2933887e-02, 5.9657262e-01 
1467, 6.6260624e-01, 9.5882060e-01, 9.4817334e-01 
1468, 3.4340982e-01, 2.7657714e-01, 8.8683300e-01 
1469, 9.1977242e-01, 2.4361690e-01, 6.7517085e-01 
1470, 3.1866116e-01, 2.6576559e-01, 1.5997162e-02 
1471, 9.6522860e-01, 7.7957684e-01, 9.2889421e-02 
1472, 9.5279125e-01, 2.0391632e-01, 4.0864720e-01 
1473, 6.7519420e-01, 7.8561665e-01, 4.3173241e-01 
1474, 9.3393487e-02, 3.4168966e-01, 3.3595626e-02 
1475, 2.4073701e-01, 1.6458974e-01, 1.8706421e-01 
1476, 3.0042988e-01, 2.6523910e-01, 4.6923222e-01 
1477, 7.7826811e-03, 7.1876996e-02, 8.2447861e-01 
1478, 6.0909203e-01, 1.6415004e-01, 3.0702538e-01 
1479, 9.6684727e-01, 6.7726381e-01, 5.1832478e-01 
1480, 3.0815381e-01, 1.3371372e-02, 4.1259280e-01 
1481, 7.8592035e-02, 9.7998890e-01, 8.6395135e-02 
1482, 9.2749687e-01, 4.5277554e-01, 9.5327927e-01 
1483, 4.3775230e-01, 1.4944755e-01, 3.7482520e-01 
1484, 7.7168009e-01, 6.1638515e-01, 5.9839078e-01 
1485, 2.5873676e-01, 7.1733965e-01, 1.2715856e-01 
1486, 5.8909183e-01, 7.5358317e-01, 4.2457308e-01 
1487, 5.2960032e-01, 2.1819404e-01, 6.3266368e-01 
1488, 9.2528495e-01, 6.8380276e-02, 3.8157352e-01 
1489, 3.9817439e-01, 7.1314039e-01, 9.4096670e-01 
1490, 8.5761049e-01, 7.3779418e-01, 6.5102666e-01 
1491, 1.3259413e-01, 6.8118703e-01, 4.4275246e-01 
1492, 3.6336065e-01, 9.1321680e-01, 5.7785653e-01 
1493, 2.7664143e-01, 4.4395444e-01, 6.5596889e-01 
1494, 8.6954890e-01, 1.3948925e-01, 8.1188933e-01 
1495, 6.5657755e-01, 1.8659940e-01, 6.7983500e-01 
1496, 7.4879622e-01, 4.3906623e-01, 1.8843501e-01 
1497, 3.4399551e-01, 6.3830805e-02, 4.6796174e-01 
1498, 9.7739797e-01, 6.9706845e-01, 2.8791979e-01 
1499, 6.7867002e-01, 3.8633218e-03, 9.8045649e-01 
1500, 7.8199680e-01, 1.5007352e-01, 6.9253202e-01 
1501, 2.4436567e-01, 1.2702184e-01, 9.7032559e-01 
1502, 3.5250097e-01, 4.3323466e-01, 4.3135165e-01 
1503, 2.8550942e-03, 1.0938901e-01, 8.4319762e-01 
1504, 9.9837646e-01, 1.6450655e-01, 3.1458895e-01 
1505, 3.5110654e-01, 1.1765986e-01, 3.1988757e-01 
1506, 3.8931703e-01, 7.2968330e-01, 5.3536409e-01 
1507, 6.6554177e-02, 8.6155605e-01, 5.6883700e-01 
1508, 4.8998262e-02, 7.2715712e-02, 5.7295210e-01 
1509, 8.1987712e-01, 6.3227136e-01, 9.4863020e-01 
1510, 9.4608193e-01, 8.8240713e-01, 4.8978337e-01 
1511, 6.1831759e-01, 4.3318657e-01, 1.1208249e-01 
1512, 8.4593460e-01, 6.6411386e-01, 8.2084370e-01 
1513, 9.0181023e-01, 3.0382739e-01, 1.4924718e-01 
1514, 9.6176698e-01, 2.1224908e-01, 4.6723209e-01 
1515, 4.3243327e-01, 7.6405926e-01, 9.5681159e-01 
1516, 4.9338241e-01, 9.4599861e-01, 1.6453766e-01 
1517, 8.6849774e-01, 4.9361116e-01, 5.5203418e-02 
1518, 6.5248697e-01, 6.3621529e-01, 8.8369110e-01 
1519, 7.9526228e-01, 7.8751114e-01, 3.5774056e-01 
1520, 2.2823031e-01, 9.7391432e-01, 3.3129369e-03 
1521, 3.2750874e-01, 8.6061284e-01, 6.4150233e-01 
1522, 8.3878433e-01, 4.2073560e-01, 8.0137166e-01 
1523, 9.1769895e-01, 3.8403821e-01, 2.6774697e-01 
1524, 6.5335636e-01, 9.3562172e-01, 1.7570092e-02 
1525, 6.6377597e-01, 9.6721100e-01, 7.6958810e-01 
1526, 1.3680383e-01, 9.8762204e-01, 3.3717153e-01 
1527, 4.0267859e-01, 5.0425152e-01, 6.8654620e-01 
1528, 6.2244613e-01, 4.6439079e-01, 3.9539362e-02 
1529, 1.5203132e-01, 8.2094156e-01, 1.7357346e-01 
1530, 2.3853628e-01, 9.7298937e-01, 7.7877197e-01 
1531, 4.1414995e-01, 2.6597792e-01, 6.1960449e-01 
1532, 1.5698725e-01, 3.9312815e-01, 1.9125920e-02 
1533, 6.5272116e-01, 2.0736595e-01, 1.5427261e-01 
1534, 9.6408012e-01, 7.2023993e-01, 2.1894269e-01 
1535, 4.7326007e-01, 5.9051204e-01, 4.0106890e-03 
1536, 8.7429419e-01, 2.1685043e-01, 6.2636375e-01 
1537, 8.6828158e-02, 5.8736431e-01, 3.3029472e-01 
1538, 4.0518156e-01, 6.6149616e-01, 1.5054879e-01 
1539, 6.6473864e-01, 9.9836538e-01, 1.2083705e-01 
1540, 7.2730418e-01, 3.2970951e-01, 9.3099523e-01 
1541, 5.8714682e-01, 3.7129358e-01, 6.2628117e-01 
1542, 9.5199802e-01, 7.3816473e-01, 8.9714118e-01 
1543, 4.3803067e-01, 6.9989411e-01, 3.9006347e-01 
1544, 5.8968159e-02, 6.9199599e-01, 4.1399992e-01 
1545, 6.1237649e-01, 5.8843359e-01, 2.9413721e-01 
1546, 3.7499984e-01, 8.2192985e-01, 8.9039516e-01 
1547, 2.7877848e-01, 3.4214234e-01, 3.9826830e-01 
1548, 5.8025536e-01, 1.5093151e-01, 7.8861819e-01 
1549, 7.4407704e-01, 8.9951366e-02, 9.4250544e-02 
1550, 6.5802850e-01, 1.5186476e-01, 5.3507368e-01 
1551, 2.9091864e-01, 2.2184915e-01, 6.1493480e-01 
1552, 5.4136791e-01, 6.9239035e-01, 9.6238334e-01 
1553, 2.2391231e-01, 9.7592569e-01, 5.1228334e-01 
1554, 6.1641904e-01, 2.8052628e-01, 7.7321303e-01 
1555, 6.0262679e-01, 3.0911022e-01, 7.3364785e-01 
1556, 6.1728250e-01, 5.6670441e-01, 6.8933136e-01 
1557, 9.3398842e-01, 1.6051237e-01, 5.9035622e-01 
1558, 6.9976387e-01, 9.8815672e-01, 2.2310178e-01 
1559, 6.7838044e-02, 9.6616166e-01, 5.0808749e-01 
1560, 7.0241592e-01, 8.7699630e-01, 2.0211585e-01 
1561, 6.1297843e-01, 9.6607523e-01, 4.0596897e-01 
1562, 7.4085610e-01, 9.6744192e-01, 9.4421848e-01 
1563, 5.0611764e-01, 8.9028893e-01, 4.1236658e-01 
1564, 6.3048449e-01, 2.6236890e-02, 2.1166444e-01 
1565, 6.0138324e-01, 6.6373968e-01, 8.3790869e-01 
1566, 8.1438339e-01, 1.9096535e-04, 6.0990261e-01 
1567, 9.1876075e-01, 4.9383434e-01, 1.8950639e-01 
1568, 3.4389937e-01, 3.8117555e-01, 1.1106608e-01 
1569, 6.3709180e-01, 7.0337786e-01, 8.3668825e-01 
1570, 9.2312351e-01, 3.2065439e-01, 9.4906438e-01 
1571, 1.2558074e-01, 6.5897470e-02, 4.0796698e-01 
1572, 8.1536887e-02, 2.5109593e-01, 2.2238803e-01 
1573, 4.5057077e-01, 9.8755079e-01, 8.8949935e-02 
1574, 5.8429112e-01, 6.7649860e-01, 5.4595312e-01 
1575, 3.9669595e-01, 5.2255279e-02, 9.2616194e-01 
1576, 5.8936027e-02, 3.1022460e-02, 1.9539624e-01 
1577, 5.0724468e-01, 3.2128977e-01, 7.9059399e-01 
1578, 7.0202278e-01, 7.3342265e-01, 5.8363355e-01 
1579, 4.2741729e-03, 2.7716613e-01, 6.3597993e-01 
1580, 1.5606255e-01, 8.9971119e-01, 2.4277205e-01 
1581, 4.6507877e-01, 5.4420893e-01, 3.7011485e-01 
1582, 8.5379536e-01, 1.2891720e-01, 4.2865805e-01 
1583, 7.0515769e-01, 5.0738363e-01, 7.1397644e-01 
1584, 9.7962729e-02, 9.4610525e-01, 1.9431008e-01 
1585, 6.3600777e-01, 3.4579830e-01, 8.4083527e-01 
1586, 2.9043991e-01, 1.7426056e-01, 9.9335193e-02 
1587, 6.7284744e-02, 7.8663293e-01, 5.3582902e-01 
1588, 7.9907531e-01, 3.5000967e-01, 9.1267536e-01 
1589, 4.7088362e-01, 3.2943498e-01, 9.3412048e-01 
1590, 5.5757057e-03, 6.0888204e-01, 3.2518714e-01 
1591, 3.0199776e-01, 7.2074437e-01, 6.1386012e-01 
1592, 5.4209574e-02, 5.8702973e-02, 3.5178314e-01 
1593, 6.7841298e-01, 4.3286239e-01, 8.6608324e-02 
1594, 4.0416294e-01, 3.2965913e-01, 1.5895203e-01 
1595, 3.3702430e-01, 8.0849304e-01, 6.1788085e-02 
1596, 2.3590103e-01, 6.3594977e-01, 8.8633802e-03 
1597, 7.2647295e-01, 8.7862067e-01, 9.5994465e-01 
1598, 9.6003031e-01, 4.0169362e-01, 4.8351066e-01 
1599, 8.3804427e-01, 3.0955210e-01, 4.1581573e-01 
1600, 9.4516925e-01, 4.9564596e-02, 8.5927512e-01 
1601, 6.8655766e-01, 6.4543332e-01, 2.8588543e-01 
1602, 1.0508444e-01, 6.2981267e-02, 1.2473032e-01 
1603, 1.4739218e-01, 2.1122102e-01, 7.4489293e-01 
1604, 5.7334246e-01, 1.2201497e-01, 7.0088515e-01 
1605, 1.9419676e-01, 4.2458812e-01, 1.6272255e-01 
1606, 3.1362070e-01, 6.6779825e-02, 1.3151435e-01 
1607, 7.8945641e-01, 7.1320346e-01, 5.4026294e-01 
1608, 1.1929068e-01, 1.8107254e-01, 1.8715603e-01 
1609, 2.0848658e-01, 1.0451225e-01, 9.9177170e-01 
1610, 7.6211477e-02, 5.1123591e-02, 2.6307581e-01 
1611, 5.8808503e-01, 9.0037440e-01, 4.0031668e-01 
1612, 9.8592403e-01, 4.2203174e-03, 1.9179203e-01 
1613, 2.2110604e-01, 9.0427708e-01, 9.4988965e-01 
1614, 4.5726728e-01, 2.3777679e-01, 8.6343760e-01 
1615, 2.5188721e-01, 6.6498918e-01, 3.9596375e-01 
1616, 1.5710273e-01, 9.4879233e-01, 8.1646565e-01 
1617, 4.8214246e-01, 1.2016018e-01, 9.9281589e-01 
1618, 8.1592579e-01, 1.3243360e-01, 7.6463701e-01 
1619, 5.5478467e-01, 2.2306217e-02, 4.8337651e-01 
1620, 6.9001466e-01, 7.6400631e-01, 3.9385023e-01 
1621, 3.5068254e-01, 8.2491959e-01, 6.9874119e-01 
1622, 5.2090313e-01, 6.6521615e-01, 9.6350572e-02 
1623, 8.6690724e-01, 5.9716936e-01, 1.4487839e-01 
1624, 7.3488684e-01, 4.1915012e-01, 7.7089798e-02 
1625, 4.2619650e-01, 3.7088672e-01, 4.9946563e-01 
1626, 1.7517381e-01, 5.9733193e-01, 7.3265080e-01 
1627, 4.8754965e-01, 9.0164890e-02, 4.3678687e-01 
1628, 1.5994592e-01, 5.9883208e-01, 8.6305918e-02 
1629, 8.8912317e-01, 9.5402472e-01, 3.0095583e-01 
1630, 5.6181204e-01, 5.9708138e-01, 9.3789453e-01 
1631, 3.2981651e-01, 2.2696068e-01, 1.9221473e-01 
1632, 2.2587608e-01, 6.9059862e-02, 4.7616950e-01 
1633, 7.1917789e-01, 2.0340960e-01, 5.5573844e-01 
1634, 5.3772464e-01, 8.0917770e-01, 8.7932439e-01 
1635, 9.3505088e-01, 1.2640032e-02, 9.6914692e-01 
1636, 3.3119686e-01, 5.2257803e-02, 6.1977028e-01 
1637, 2.7557416e-02, 5.0800958e-01, 4.0760125e-01 
1638, 8.9287219e-01, 2.8812849e-01, 4.2421542e-01 
1639, 8.2976215e-01, 5.9506196e-01, 7.4023680e-01 
1640, 8.3073794e-01, 8.8738820e-01, 7.5426058e-01 
1641, 7.7674437e-01, 6.2675414e-01, 3.6459923e-01 
1642, 7.1371775e-01, 2.1942515e-01, 8.8321029e-01 
1643, 9.3307542e-01, 5.5579974e-01, 7.2683732e-01 
1644, 6.8882139e-01, 4.0889118e-01, 3.6593612e-01 
1645, 8.1354000e-01, 4.6290512e-01, 9.8541532e-01 
1646, 2.3639054e-01, 7.5343856e-01, 5.7581121e-01 
1647, 1.6902444e-01, 1.7989829e-01, 8.5671995e-01 
1648, 4.0184952e-01, 6.4142037e-01, 7.6786846e-01 
1649, 2.4267754e-01, 7.1524987e-01, 6.2417392e-01 
1650, 9.5759723e-01, 8.8055999e-02, 2.4768339e-01 
1651, 9.0432754e-01, 9.1063190e-01, 9.8515798e-01 
1652, 7.5248482e-01, 4.0257185e-01, 4.8289953e-01 
1653, 7.3155700e-01, 5.0869249e-02, 8.3266446e-01 
1654, 6.4094851e-03, 5.0748166e-01, 2.3164320e-01 
1655, 4.3902148e-01, 6.9880674e-02, 6.9158247e-01 
1656, 2.0676417e-01, 2.3107996e-01, 9.0944487e-01 
1657, 2.7187298e-01, 2.6041001e-01, 5.3792233e-01 
1658, 9.2745892e-01, 1.4692280e-01, 3.4997162e-03 
1659, 9.8198235e-01, 5.1040692e-01, 2.5068814e-01 
1660, 6.7736587e-01, 8.6022498e-01, 8.9995210e-01 
1661, 6.1598102e-01, 3.7395165e-01, 8.9035395e-01 
1662, 5.5166735e-01, 2.7827296e-01, 9.0375666e-01 
1663, 5.3538126e-01, 3.2445842e-01, 9.9131121e-01 
1664, 8.6645435e-01, 4.8362886e-01, 4.7122270e-01 
1665, 3.0049325e-01, 9.5882832e-01, 7.0538824e-01 
1666, 2.8497574e-01, 1.6648151e-02, 6.6734924e-01 
1667, 4.4745188e-01, 9.8687187e-01, 2.1495031e-01 
1668, 8.4094731e-02, 1.6806615e-01, 8.6148908e-01 
1669, 5.8342690e-02, 2.4932555e-01, 6.9578934e-01 
1670, 8.2765794e-01, 3.8755340e-01, 6.9165122e-01 
1671, 1.8552230e-01, 1.6754928e-01, 5.4732169e-01 
1672, 8.9591524e-01, 2.6041534e-01, 6.3133234e-01 
1673, 1.1761891e-01, 9.7876371e-01, 3.3549951e-02 
1674, 2.0980620e-01, 2.0151881e-01, 4.7943876e-01 
1675, 7.7515840e-02, 9.7037345e-01, 8.1861961e-01 
1676, 1.4340774e-01, 8.6154109e-01, 5.6958239e-02 
1677, 7.7350965e-01, 5.2741824e-01, 7.0985376e-01 
1678, 2.0977571e-01, 5.3542376e-01, 5.5338798e-02 
1679, 2.6987748e-01, 5.7726355e-01, 2.0094619e-01 
1680, 6.1174010e-01, 1.4592918e-01, 1.2001439e-01 
1681, 3.3931134e-02, 5.7599775e-01, 7.3900776e-03 
1682, 1.3954434e-01, 3.9438358e-01, 7.0274105e-02 
1683, 6.7223711e-01, 6.7918731e-02, 3.6260863e-02 
1684, 4.0498157e-01, 7.2908101e-01, 3.2293703e-01 
1685, 4.4989382e-01, 7.2144115e-01, 4.5207471e-01 
1686, 9.6764315e-01, 5.6289986e-01, 5.5174969e-02 
1687, 8.1786284e-02, 2.7847852e-01, 5.8674944e-01 
1688, 3.4565230e-01, 3.0029702e-01, 3.4336868e-01 
1689, 2.5937642e-01, 5.6188622e-01, 2.4404131e-01 
1690, 3.8767842e-01, 7.1777548e-02, 6.9022484e-01 
1691, 9.3330984e-01, 9.7354519e-01, 6.1324600e-01 
1692, 3.5633865e-01, 6.3939349e-02, 2.1626180e-01 
1693, 8.5275603e-01, 9.4424501e-01, 7.7516461e-01 
1694, 4.5706382e-01, 5.3304474e-01, 9.4756019e-02 
1695, 4.1035227e-02, 2.4647149e-01, 4.7660782e-01 
1696, 3.0289578e-01, 2.5667412e-01, 6.3825799e-01 
1697, 6.3015826e-01, 7.9016374e-01, 2.5954929e-02 
1698, 1.5446176e-03, 1.5247523e-01, 8.0412446e-01 
1699, 7.9692566e-01, 1.6066344e-01, 4.4133997e-01 
1700, 9.6340738e-01, 9.0887237e-02, 3.8450452e-01 
1701, 4.0622167e-01, 9.9085031e-01, 5.9888874e-01 
1702, 1.6606043e-01, 9.4968525e-01, 9.1625797e-01 
1703, 4.6169466e-01, 2.0805774e-01, 4.1644076e-01 
1704, 7.7282471e-01, 1.5501205e-01, 5.6487080e-01 
1705, 9.8918680e-01, 8.2465604e-01, 3.6051982e-01 
1706, 3.0455700e-01, 1.5548211e-01, 4.8602933e-01 
1707, 4.1968245e-02, 8.0400786e-01, 3.1445758e-01 
1708, 1.9002753e-01, 2.1226073e-01, 9.9483927e-01 
1709, 8.6571200e-01, 4.5134395e-01, 8.3712104e-02 
1710, 4.5171590e-01, 3.1525368e-01, 6.5253008e-01 
1711, 9.3763994e-01, 2.1275265e-01, 7.7432101e-01 
1712, 9.5077563e-01, 2.4049673e-02, 1.0756948e-01 
1713, 1.2399874e-01, 8.0352673e-01, 2.1605157e-01 
1714, 5.3545937e-01, 5.2496854e-01, 3.6780904e-01 
1715, 2.5389136e-01, 9.5159183e-01, 3.6259714e-01 
1716, 5.6120732e-01, 7.9490722e-01, 4.1135057e-01 
1717, 2.5794180e-01, 8.1011568e-01, 4.8580510e-01 
1718, 8.8687107e-01, 3.1796426e-01, 5.1590726e-01 
1719, 3.8393259e-01, 4.2285471e-01, 1.2949480e-01 
1720, 7.4161342e-01, 3.7547957e-01, 6.8411928e-01 
1721, 1.5243534e-01, 2.4287363e-01, 1.7303492e-01 
1722, 3.2882486e-01, 3.7244374e-01, 5.4799821e-01 
1723, 6.4670199e-01, 6.8165614e-01, 9.5870006e-01 
1724, 1.7010153e-01, 5.1649486e-01, 6.1943143e-01 
1725, 3.0759671e-01, 5.4812314e-02, 6.6911252e-01 
1726, 7.8799526e-01, 9.2140061e-01, 9.5037435e-01 
1727, 1.8134384e-02, 3.2873295e-01, 5.3265425e-01 
1728, 9.3283694e-01, 5.9097596e-01, 8.0308060e-01 
1729, 3.0722690e-01, 1.3194029e-02, 8.8486677e-01 
1730, 7.9169534e-02, 2.9337161e-01, 2.8968851e-02 
1731, 2.7201167e-01, 7.1964749e-01, 4.8752287e-02 
1732, 2.7091591e-01, 3.7889647e-01, 9.3396104e-01 
1733, 1.1416993e-01, 9.3232421e-01, 3.4342150e-01 
1734, 6.2788300e-01, 2.3317123e-01, 8.8834170e-01 
1735, 9.3227999e-01, 7.6683351e-01, 1.2553677e-01 
1736, 8.9040799e-01, 4.3303827e-01, 8.4929144e-01 
1737, 3.9443021e-01, 4.8367455e-01, 6.0722647e-01 
1738, 6.5276398e-01, 9.7345062e-01, 9.8429875e-01 
1739, 5.1348277e-01, 4.9853448e-01, 9.8591458e-02 
1740, 7.3769599e-01, 6.4801743e-01, 9.9350384e-02 
1741, 1.9183379e-02, 3.8165485e-01, 9.2071192e-01 
1742, 9.5660959e-01, 4.8702831e-01, 9.3190740e-01 
1743, 5.2689206e-01, 9.5611384e-01, 3.0756703e-01 
1744, 2.4961099e-01, 9.0580080e-01, 3.5385905e-01 
1745, 1.3529144e-01, 5.0701082e-01, 5.0844357e-01 
1746, 6.1678075e-01, 6.0308278e-01, 1.3570696e-01 
1747, 9.7929734e-01, 8.7604170e-01, 7.5229328e-01 
1748, 7.0516117e-01, 9.1278672e-01, 2.6904170e-02 
1749, 3.8032211e-01, 6.3188818e-01, 1.2335964e-01 
1750, 1.7241241e-02, 2.7975941e-01, 8.7541724e-01 
1751, 9.2376128e-01, 2.1505617e-01, 7.0416290e-01 
1752, 8.6952801e-01, 1.8200934e-01, 4.2841987e-01 
1753, 5.9693479e-02, 5.2496716e-01, 9.5082526e-01 
1754, 2.8760594e-01, 6.1133238e-01, 7.4372773e-01 
1755, 2.3153038e-01, 2.6655288e-01, 8.4832296e-01 
1756, 5.6715414e-01, 4.0740408e-01, 1.1705910e-01 
1757, 7.1379809e-01, 7.0306500e-01, 8.9348219e-01 
1758, 1.6008743e-01, 6.9550513e-01, 6.9888544e-01 
1759, 1.6052132e-01, 4.6518298e-01, 7.2116476e-01 
1760, 9.3939369e-01, 7.2216209e-01, 1.7783468e-01 
1761, 8.6204762e-01, 7.8181290e-01, 1.5322520e-01 
1762, 9.9370371e-01, 3.5601951e-01, 8.6464070e-01 
1763, 8.3455385e-01, 6.4184324e-01, 7.8413316e-01 
1764, 2.7790131e-01, 4.5277028e-01, 5.2626323e-01 
1765, 2.0224749e-01, 8.3101468e-01, 5.2987021e-01 
1766, 2.5955032e-01, 2.4763658e-01, 8.1101907e-01 
1767, 8.4734008e-01, 7.0522071e-01, 2.5175892e-01 
1768, 2.5921940e-01, 4.5023496e-01, 4.9122433e-01 
1769, 7.1091846e-01, 8.9376702e-01, 8.1667183e-01 
1770, 3.6962140e-01, 5.1340526e-01, 3.5908772e-01 
1771, 7.2086437e-01, 5.6125585e-01, 4.4300234e-01 
1772, 1.2207547e-01, 9.1082160e-01, 5.9615475e-02 
1773, 3.3984515e-01, 7.7426433e-01, 9.0132360e-01 
1774, 3.2062832e-01, 8.9855625e-02, 9.3254090e-01 
1775, 5.4033798e-01, 9.8248404e-01, 5.1094496e-01 
1776, 7.7645138e-01, 9.9144570e-01, 8.6363709e-01 
1777, 3.3690969e-01, 9.9028387e-01, 6.4871053e-01 
1778, 4.8490821e-02, 5.6248971e-01, 6.9123952e-01 
1779, 5.9114064e-03, 4.4315730e-01, 4.5620697e-01 
1780, 4.4962881e-01, 9.8331610e-01, 8.5934222e-01 
1781, 8.2945654e-01, 3.5908360e-01, 1.6321369e-01 
1782, 3.5525315e-01, 4.3716565e-01, 7.5112661e-01 
1783, 6.9512032e-01, 5.8775807e-01, 3.0877450e-01 
1784, 4.9000575e-01, 4.6577739e-01, 7.1201740e-01 
1785, 8.3024730e-02, 1.3187087e-01, 2.7835052e-01 
1786, 7.5872353e-01, 6.7227771e-01, 8.9109479e-01 
1787, 2.4274097e-02, 7.0503694e-02, 8.7624286e-01 
1788, 3.3306767e-01, 8.0867603e-01, 8.5860272e-01 
1789, 3.0649781e-01, 7.1073169e-01, 8.7508417e-01 
1790, 3.8410365e-01, 9.9361525e-01, 1.7499921e-01 
1791, 3.6359542e-01, 1.9711633e-01, 9.9150207e-01 
1792, 9.2074456e-02, 1.3141736e-01, 7.7835116e-01 
1793, 3.0171473e-01, 7.5328657e-01, 8.7220244e-02 
1794, 2.8489463e-01, 2.7526412e-01, 1.1589105e-01 
1795, 1.8358362e-01, 3.8359072e-01, 6.8570495e-01 
1796, 3.3907818e-01, 1.8134903e-01, 1.5965657e-01 
1797, 2.9355885e-01, 4.2474457e-01, 1.0996975e-01 
1798, 2.6394409e-01, 8.7505055e-01, 7.6431200e-01 
1799, 5.6720119e-01, 2.3345021e-01, 3.3597699e-01 
1800, 4.8015227e-01, 4.6774560e-01, 2.6289455e-01 
1801, 9.6235153e-01, 9.5769337e-01, 4.8307995e-01 
1802, 4.9880269e-01, 9.9389845e-01, 3.1147753e-01 
1803, 5.5508878e-01, 4.1619745e-01, 7.3355238e-01 
1804, 3.5452382e-01, 1.0100539e-01, 9.5267763e-03 
1805, 8.3172590e-01, 2.7029175e-02, 5.1565697e-02 
1806, 1.7719749e-01, 9.7793353e-01, 5.5014520e-01 
1807, 7.6828477e-01, 7.8179811e-02, 1.6271384e-01 
1808, 1.7797524e-01, 4.2082851e-01, 4.0527961e-01 
1809, 2.0011655e-01, 5.0399782e-01, 3.2433161e-02 
1810, 3.0709303e-01, 8.5892584e-01, 6.0367163e-01 
1811, 8.0089806e-01, 5.2086787e-01, 5.7580625e-01 
1812, 5.8499223e-03, 1.7190970e-01, 3.5464578e-01 
1813, 7.1537130e-01, 2.7927603e-01, 1.0174568e-01 
1814, 3.3818089e-01, 5.5744619e-01, 4.4715754e-02 
1815, 8.7818281e-01, 2.5211447e-01, 1.6439759e-01 
1816, 7.6025905e-01, 5.4608869e-01, 8.9492683e-01 
1817, 4.1140371e-01, 6.4414870e-02, 1.1668906e-02 
1818, 2.1137318e-01, 5.7872651e-01, 3.7024708e-01 
1819, 9.2011718e-02, 9.8446323e-01, 6.4109169e-01 
1820, 4.6240771e-01, 1.1828796e-01, 3.5405101e-02 
1821, 1.7109178e-01, 9.4222838e-01, 6.7010796e-01 
1822, 5.6431111e-01, 4.0283174e-01, 6.0085895e-01 
1823, 2.5007742e-01, 1.1028777e-01, 1.8443258e-01 
1824, 4.2582375e-01, 5.6753864e-01, 8.2971544e-01 
1825, 6.7085748e-01, 8.3368953e-01, 2.5430935e-01 
1826, 4.3222341e-01, 3.4022130e-01, 7.9355512e-01 
1827, 8.4823917e-01, 9.4408961e-01, 4.7631747e-01 
1828, 5.4130692e-01, 4.4538484e-01, 2.7916693e-01 
1829, 6.0285092e-01, 9.3222301e-01, 9.4789533e-02 
1830, 6.7630409e-01, 1.0766690e-01, 3.8854608e-01 
1831, 6.1446334e-02, 3.0774947e-01, 2.1476501e-01 
1832, 7.0811353e-02, 3.1742086e-01, 3.9889024e-01 
1833, 2.0257690e-01, 4.9358733e-01, 4.0677270e-01 
1834, 2.4235158e-01, 6.4984338e-01, 1.9563384e-01 
1835, 7.5666448e-01, 8.7228574e-01, 2.8123748e-01 
1836, 8.7100387e-01, 1.8176136e-01, 3.5919312e-02 
1837, 2.3680887e-01, 2.1337601e-01, 2.6596605e-02 
1838, 3.8895078e-01, 1.9907028e-01, 4.8731234e-01 
1839, 7.4269550e-01, 2.6291046e-01, 5.2868808e-01 
1840, 9.3585917e-01, 3.7952073e-01, 6.6279241e-01 
1841, 9.9415173e-01, 7.2427008e-01, 7.9114615e-01 
1842, 3.0217030e-01, 7.3889526e-01, 7.1294556e-01 
1843, 2.8346241e-01, 6.3564089e-01, 8.0882356e-01 
1844, 7.1598966e-01, 7.5434187e-01, 8.7230527e-01 
1845, 8.3831980e-02, 3.9728053e-01, 5.4988387e-01 
1846, 5.3458104e-02, 1.8040336e-01, 4.1021258e-01 
1847, 6.5399773e-01, 9.3281275e-01, 4.4442362e-01 
1848, 3.6149148e-02, 8.2913796e-01, 9.6406103e-01 
1849, 4.1979592e-01, 7.3660905e-01, 2.0187761e-01 
1850, 9.2061420e-02, 8.7044020e-01, 4.8249492e-01 
1851, 7.1050399e-01, 8.0319938e-01, 2.1259891e-01 
1852, 4.9870862e-01, 6.2526035e-01, 4.0480004e-01 
1853, 1.0340928e-01, 1.9605371e-01, 9.5569755e-02 
1854, 5.2487810e-01, 9.4739891e-01, 6.8792036e-01 
1855, 5.4781742e-01, 1.1825385e-01, 1.3915800e-01 
1856, 6.0252065e-01, 2.0372371e-01, 1.5455730e-01 
1857, 1.8884997e-01, 9.6940841e-02, 6.8953892e-01 
1858, 5.3988376e-01, 8.8934545e-01, 2.0777208e-01 
1859, 4.4771099e-01, 9.5678000e-01, 6.3339723e-01 
1860, 2.4565395e-01, 5.0327181e-01, 4.0584496e-02 
1861, 5.0019798e-01, 5.9303912e-01, 8.4063006e-01 
1862, 3.4120501e-01, 7.8674182e-01, 9.5216498e-01 
1863, 7.2493758e-01, 5.3927121e-01, 9.4568680e-01 
1864, 1.2903520e-02, 1.1431829e-01, 6.7119268e-01 
1865, 3.4708244e-01, 1.9054794e-01, 3.1151708e-01 
1866, 8.6146400e-01, 1.7859636e-01, 2.2492651e-01 
1867, 7.4151122e-01, 8.3132466e-01, 4.6243730e-01 
1868, 1.9064280e-01, 3.9231685e-01, 8.1290249e-01 
1869, 8.6019219e-01, 5.5800301e-01, 3.4965486e-01 
1870, 2.0480652e-01, 5.8943522e-01, 6.1067468e-01 
1871, 5.9377206e-01, 8.0410368e-01, 1.8194687e-01 
1872, 5.8699391e-01, 3.6093210e-01, 2.7304768e-01 
1873, 7.9943247e-01, 8.5309699e-01, 2.2688864e-01 
1874, 2.3172741e-01, 3.7209858e-01, 2.5674172e-02 
1875, 3.0483873e-01, 3.7334797e-01, 2.8472993e-02 
1876, 4.3376231e-01, 9.3397750e-01, 7.8180072e-02 
1877, 6.0017169e-01, 1.4238417e-01, 4.0673843e-01 
1878, 7.3245873e-01, 3.5943135e-02, 7.0002557e-01 
1879, 7.7596800e-01, 7.6824577e-01, 1.3619442e-01 
1880, 4.2863687e-01, 7.5764013e-01, 6.1074867e-01 
1881, 1.7810819e-01, 6.1465041e-01, 4.7221687e-01 
1882, 1.7516728e-03, 3.1161272e-01, 6.0191786e-01 
1883, 7.2493318e-01, 3.6627140e-01, 7.1946205e-01 
1884, 8.5673297e-01, 6.6487018e-01, 9.0827006e-01 
1885, 3.8832644e-01, 9.4260183e-01, 1.6566599e-01 
1886, 3.8493326e-01, 1.3670354e-01, 8.1933014e-01 
1887, 6.7223321e-01, 5.1577917e-01, 2.4030839e-01 
1888, 7.6542020e-01, 8.0430011e-02, 7.1568555e-01 
1889, 1.7271809e-02, 8.1704062e-01, 5.2486374e-01 
1890, 5.7335295e-01, 2.3791143e-01, 9.8105362e-01 
1891, 2.9112523e-01, 2.9754718e-01, 7.2822762e-01 
1892, 5.0530473e-01, 6.4430764e-01, 4.6394985e-01 
1893, 7.7426184e-01, 3.5660367e-01, 5.7768590e-01 
1894, 9.0961629e-01, 4.1973767e-02, 6.7682603e-01 
1895, 8.7615667e-01, 6.7287202e-01, 6.4330705e-01 
1896, 9.9748708e-01, 3.5103995e-01, 6.8992759e-01 
1897, 1.9852873e-01, 8.3980911e-01, 7.3774609e-01 
1898, 4.0457881e-01, 7.4604836e-02, 2.7246615e-01 
1899, 7.6664162e-01, 5.8333749e-02, 8.8057660e-01 
1900, 9.5386968e-01, 3.5435336e-01, 4.7910663e-01 
1901, 2.1984858e-01, 9.4995093e-01, 2.2461233e-01 
1902, 8.1691829e-01, 9.0689883e-01, 4.9355290e-01 
1903, 7.8148006e-02, 5.7016080e-01, 8.9118571e-01 
1904, 3.6633973e-01, 7.6775651e-01, 8.1962526e-01 
1905, 4.6128906e-01, 9.6419240e-01, 2.9974966e-01 
1906, 5.2293685e-01, 1.7939137e-01, 4.4806839e-02 
1907, 4.0734750e-01, 6.0938516e-01, 5.6893860e-01 
1908, 9.4481487e-01, 1.8100277e-01, 1.3110254e-01 
1909, 5.5002480e-01, 9.9926333e-01, 7.3671582e-01 
1910, 1.9160172e-02, 8.4900757e-01, 6.5368562e-01 
1911, 2.8399132e-01, 2.5612863e-01, 4.0299665e-01 
1912, 9.2134638e-01, 2.9888850e-01, 1.4603890e-03 
1913, 8.2155428e-01, 7.1684691e-02, 3.4274522e-01 
1914, 9.5083837e-01, 1.7191501e-01, 8.9757736e-01 
1915, 8.4695797e-01, 3.7720001e-01, 8.1706216e-01 
1916, 3.0889312e-01, 6.9119250e-01, 7.6061317e-01 
1917, 9.5571667e-01, 5.2036635e-01, 1.5204369e-01 
1918, 3.2422515e-01, 4.8461823e-01, 8.2030410e-01 
1919, 3.0913621e-01, 5.0098414e-02, 9.0106441e-01 
1920, 2.0177754e-01, 9.3047516e-01, 7.3245215e-01 
1921, 5.8815483e-01, 7.0580909e-01, 5.8865190e-01 
1922, 8.6745735e-01, 1.2743033e-01, 6.2813867e-02 
1923, 6.5410069e-01, 8.4409492e-01, 8.9120531e-02 
1924, 4.6450640e-01, 5.7843223e-01, 3.2344480e-01 
1925, 9.1166913e-01, 8.4272274e-01, 4.7309624e-02 
1926, 1.4628310e-02, 3.8337576e-01, 1.4739743e-01 
1927, 6.0512367e-01, 5.8706233e-01, 7.6029914e-01 
1928, 2.7072100e-01, 9.4808516e-01, 6.4317826e-01 
1929, 8.8035888e-01, 1.8207056e-01, 4.7028475e-01 
1930, 2.6007526e-01, 2.0327134e-01, 8.4034268e-01 
1931, 1.4589734e-01, 2.9187149e-01, 9.0665833e-01 
1932, 9.4050081e-01, 3.1992238e-01, 3.9701900e-01 
1933, 6.0143641e-01, 5.3865962e-01, 6.6329534e-01 
1934, 9.1608054e-01, 5.6285450e-01, 6.4437251e-01 
1935, 4.1656719e-01, 1.0535219e-01, 6.7136555e-01 
1936, 8.6261373e-01, 3.1357572e-01, 8.8188669e-01 
1937, 6.0764512e-01, 9.2737839e-01, 2.8660167e-01 
1938, 3.9687592e-01, 4.3567045e-01, 8.2075393e-01 
1939, 4.8113895e-01, 7.8101737e-01, 6.8105458e-01 
1940, 6.0424539e-01, 9.0122901e-01, 5.2197702e-02 
1941, 5.1100376e-01, 2.2981200e-01, 8.9053455e-03 
1942, 5.4542148e-01, 3.7268980e-01, 4.4751466e-01 
1943, 8.6928888e-01, 1.8591201e-01, 9.8949901e-01 
1944, 4.0229609e-01, 6.0565315e-01, 4.3625091e-01 
1945, 2.7759683e-01, 6.4822563e-01, 7.7213047e-02 
1946, 4.7987710e-01, 2.7901410e-01, 3.5079443e-01 
1947, 3.1792973e-01, 7.3696695e-01, 8.0624969e-01 
1948, 3.9787943e-01, 3.9421037e-01, 2.0111308e-01 
1949, 3.3637724e-01, 5.8913232e-01, 8.8657836e-01 
1950, 8.4574680e-01, 9.4730596e-01, 8.8074211e-01 
1951, 1.8538039e-01, 3.9251432e-02, 8.1976603e-01 
1952, 9.7008568e-02, 2.6869315e-01, 4.8219984e-01 
1953, 2.3125178e-01, 6.8641354e-01, 9.5589526e-01 
1954, 3.8663096e-01, 7.7222473e-01, 5.9617489e-01 
1955, 4.4156206e-01, 8.1489311e-01, 7.1704116e-01 
1956, 2.5192809e-01, 6.9085566e-01, 7.1279169e-01 
1957, 3.8298575e-01, 3.4711881e-01, 3.7331580e-01 
1958, 6.9455728e-01, 2.8030210e-01, 2.5848947e-01 
1959, 4.0911154e-01, 3.0736220e-01, 3.5930829e-01 
1960, 4.0545593e-01, 2.9714914e-01, 9.6046038e-01 
1961, 1.2739443e-01, 8.7779659e-01, 5.6316924e-01 
1962, 3.1201372e-01, 5.2931052e-01, 3.8445166e-01 
1963, 4.0152602e-01, 1.0093791e-01, 1.8004085e-01 
1964, 9.1464258e-02, 7.4496444e-01, 4.3684374e-01 
1965, 3.5536243e-01, 3.1870982e-01, 4.6569739e-01 
1966, 2.8763009e-01, 9.7184424e-02, 3.1185511e-01 
1967, 1.3122787e-01, 6.0000311e-01, 8.1373372e-01 
1968, 1.8284179e-01, 1.2809845e-01, 5.8585965e-01 
1969, 9.9332757e-01, 6.2643168e-01, 5.7104472e-01 
1970, 6.9729609e-01, 7.3657524e-01, 1.3921867e-01 
1971, 7.4778014e-01, 8.4342785e-01, 6.6681182e-01 
1972, 1.6371189e-01, 2.7271439e-01, 7.9505682e-02 
1973, 6.4185637e-01, 5.5002096e-01, 7.8588855e-01 
1974, 3.8205409e-01, 6.1425531e-01, 1.8596419e-01 
1975, 3.1918470e-01, 1.0210158e-01, 4.5843543e-01 
1976, 1.1504932e-01, 6.4255153e-01, 8.5456126e-02 
1977, 3.3329168e-01, 5.0510112e-01, 9.5965687e-01 
1978, 4.8716599e-01, 1.8999482e-01, 6.5616301e-01 
1979, 6.3278276e-01, 5.2297563e-01, 2.3054651e-01 
1980, 1.6387546e-01, 7.9261965e-01, 5.0969081e-01 
1981, 3.0980788e-01, 3.5274148e-01, 8.8830492e-01 
1982, 8.8058263e-01, 7.1646620e-01, 5.9054109e-02 
1983, 5.1913329e-01, 5.0516981e-01, 6.4513508e-01 
1984, 3.5118533e-01, 4.0881554e-01, 2.6881550e-01 
1985, 1.4389948e-01, 1.7518309e-01, 6.1643466e-01 
1986, 1.2047754e-01, 4.6425270e-01, 7.0332741e-01 
1987, 7.9619469e-01, 2.7079885e-01, 7.9309013e-03 
1988, 5.0678986e-01, 9.5289540e-01, 5.7860171e-01 
1989, 8.2644410e-01, 4.3288665e-01, 6.0777409e-01 
1990, 8.0841295e-01, 7.3779729e-01, 3.5056903e-01 
1991, 1.4803357e-01, 4.4256659e-01, 2.8893354e-01 
1992, 2.8362098e-01, 1.0984115e-01, 8.6374694e-01 
1993, 5.3115742e-01, 3.6287926e-01, 2.8985940e-01 
1994, 4.2875078e-02, 7.0061898e-01, 7.9516875e-01 
1995, 7.1860009e-01, 3.3998318e-01, 3.2030690e-01 
1996, 2.4117197e-01, 3.1220044e-01, 9.2642513e-01 
1997, 8.3890816e-02, 8.9990156e-01, 8.0533510e-01 
1998, 6.6620257e-01, 6.2248554e-02, 3.3552657e-01 
1999, 4.8458566e-01, 2.7357537e-01, 8.4070656e-01 
2000, 7.8594545e-01, 7.2368706e-01, 2.2936134e-01 
2001, 7.8235556e-01, 4.4903690e-01, 0.0000000e+00 
2002, 7.8235556e-01, 4.4903690e-01, 1.0000000e+00 
2003, 7.1791628e-01, 1.0000000e+00, 7.8301302e-01 
2004, 7.1791628e-01, 0.0000000e+00, 7.8301302e-01 
2005, 8.3248847e-02, 8.4146708e-02, 0.0000000e+00 
2006, 8.3248847e-02, 8.4146708e-02, 1.0000000e+00 
2007, 4.5290337e-01, 2.7580887e-01, 1.0000000e+00 
2008, 4.5290337e-01, 2.7580887e-01, 0.0000000e+00 
2009, 3.2541209e-01, 3.9386129e-01, 0.0000000e+00 
2010, 3.2541209e-01, 3.9386129e-01, 1.0000000e+00 
2011, 2.3310816e-01, 0.0000000e+00, 5.3154551e-01 
2012, 2.3310816e-01, 1.0000000e+00, 5.3154551e-01 
2013, 7.2312640e-02, 5.6808529e-01, 0.0000000e+00 
2014, 7.2312640e-02, 5.6808529e-01, 1.0000000e+00 
2015, 1.0000000e+00, 6.1745309e-01, 6.0017125e-01 
2016, 0.0000000e+00, 6.1745309e-01, 6.0017125e-01 
2017, 0.0000000e+00, 7.0524057e-01, 9.5955221e-01 
2018, 9.7298747e-01, 7.2328493e-01, 0.0000000e+00 
2019, 8.6630894e-01, 1.0000000e+00, 5.8568632e-01 
2020, 8.6630894e-01, 0.0000000e+00, 5.8568632e-01 
2021, 1.9010866e-01, 3.2643369e-01, 0.0000000e+00 
2022, 1.9010866e-01, 3.2643369e-01, 1.0000000e+00 
2023, 0.0000000e+00, 3.9026742e-02, 6.4249666e-01 
2024, 1.0000000e+00, 3.9026742e-02, 6.4249666e-01 
2025, 4.5730543e-01, 2.0389416e-01, 1.0000000e+00 
2026, 4.5730543e-01, 2.0389416e-01, 0.0000000e+00 
2027, 5.7694324e-01, 1.0000000e+00, 8.0413568e-01 
2028, 5.7694324e-01, 0.0000000e+00, 8.0413568e-01 
2029, 6.8701467e-01, 4.4565660e-01, 0.0000000e+00 
2030, 6.8701467e-01, 4.4565660e-01, 1.0000000e+00 
2031, 4.6634645e-01, 5.9052425e-01, 0.0000000e+00 
2032, 4.6634645e-01, 5.9052425e-01, 1.0000000e+00 
2033, 7.2278016e-01, 5.8853856e-01, 1.0000000e+00 
2034, 7.2278016e-01, 5.8853856e-01, 0.0000000e+00 
2035, 2.8618528e-01, 4.4138885e-01, 1.0000000e+00 
2036, 2.8618528e-01, 4.4138885e-01, 0.0000000e+00 
2037, 0.0000000e+00, 5.0144310e-01, 1.7898464e-01 
2038, 1.0000000e+00, 5.0144310e-01, 1.7898464e-01 
2039, 1.6140324e-01, 1.0281526e-01, 0.0000000e+00 
2040, 1.6140324e-01, 1.0281526e-01, 1.0000000e+00 
2041, 2.3269431e-01, 1.0000000e+00, 2.5552914e-01 
2042, 2.3269431e-01, 0.0000000e+00, 2.5552914e-01 
2043, 0.0000000e+00, 3.7373448e-01, 3.5991660e-01 
2044, 1.0000000e+00, 3.7373448e-01, 3.5991660e-01 
2045, 6.7547364e-01, 3.7204003e-01, 1.0000000e+00 
2046, 6.7547364e-01, 3.7204003e-01, 0.0000000e+00 
2047, 5.4988640e-01, 4.3803968e-01, 1.0000000e+00 
2048, 5.4988640e-01, 4.3803968e-01, 0.0000000e+00 
2049, 1.0000000e+00, 5.2226037e-01, 5.4495307e-01 
2050, 0.0000000e+00, 5.2226037e-01, 5.4495307e-01 
2051, 8.5919608e-01, 3.3569362e-01, 0.0000000e+00 
2052, 8.5919608e-01, 3.3569362e-01, 1.0000000e+00 
2053, 6.8977173e-01, 3.7542813e-01, 0.0000000e+00 
2054, 6.8977173e-01, 3.7542813e-01, 1.0000000e+00 
2055, 1.0000000e+00, 5.8423257e-01, 8.2869246e-01 
2056, 0.0000000e+00, 5.8423257e-01, 8.2869246e-01 
2057, 9.0125881e-01, 6.0291665e-01, 1.0000000e+00 
2058, 0.0000000e+00, 5.0076987e-01, 1.5663878e-02 
2059, 6.3471046e-01, 1.0000000e+00, 2.8243365e-01 
2060, 6.3471046e-01, 0.0000000e+00, 2.8243365e-01 
2061, 7.6407092e-01, 7.9759342e-01, 0.0000000e+00 
2062, 7.6407092e-01, 7.9759342e-01, 1.0000000e+00 
2063, 7.1085792e-01, 1.0000000e+00, 6.8052606e-02 
2064, 7.1085792e-01, 0.0000000e+00, 6.8052606e-02 
2065, 0.0000000e+00, 1.4880744e-01, 6.8512206e-01 
2066, 7.4330602e-01, 1.0000000e+00, 7.6912143e-01 
2067, 2.8412084e-01, 0.0000000e+00, 8.2369983e-01 
2068, 2.8412084e-01, 1.0000000e+00, 8.2369983e-01 
2069, 1.0000000e+00, 8.1390888e-01, 2.4972211e-01 
2070, 0.0000000e+00, 8.1390888e-01, 2.4972211e-01 
2071, 7.9561925e-01, 0.0000000e+00, 8.8355787e-01 
2072, 7.7305825e-01, 9.7067303e-01, 0.0000000e+00 
2073, 0.0000000e+00, 6.1386833e-02, 5.3502508e-01 
2074, 1.0000000e+00, 6.1386833e-02, 5.3502508e-01 
2075, 7.0828555e-01, 7.9937533e-01, 1.0000000e+00 
2076, 7.0828555e-01, 7.9937533e-01, 0.0000000e+00 
2077, 1.0000000e+00, 2.0588232e-01, 5.4929350e-01 
2078, 1.2744896e-01, 1.0000000e+00, 7.3206527e-01 
2079, 9.9321751e-01, 0.0000000e+00, 5.2859504e-01 
2080, 9.9321751e-01, 1.0000000e+00, 5.2859504e-01 
2081, 8.5173239e-01, 3.7015383e-01, 0.0000000e+00 
2082, 8.5173239e-01, 3.7015383e-01, 1.0000000e+00 
2083, 1.0000000e+00, 2.6981430e-01, 1.8311158e-01 
2084, 0.0000000e+00, 2.6981430e-01, 1.8311158e-01 
2085, 9.2080178e-01, 5.1897107e-01, 1.0000000e+00 
2086, 9.2080178e-01, 5.1897107e-01, 0.0000000e+00 
2087, 1.0000000e+00, 1.9240924e-01, 8.6253743e-01 
2088, 0.0000000e+00, 1.9240924e-01, 8.6253743e-01 
2089, 4.0875559e-02, 2.4899382e-01, 0.0000000e+00 
2090, 4.0875559e-02, 2.4899382e-01, 1.0000000e+00 
2091, 8.1036936e-02, 0.0000000e+00, 1.3808742e-01 
2092, 8.1036936e-02, 1.0000000e+00, 1.3808742e-01 
2093, 0.0000000e+00, 6.7848309e-01, 7.0604237e-01 
2094, 1.0000000e+00, 6.7848309e-01, 7.0604237e-01 
2095, 1.6167713e-01, 1.8865783e-01, 0.0000000e+00 
2096, 1.6167713e-01, 1.8865783e-01, 1.0000000e+00 
2097, 6.8692356e-01, 9.0155286e-01, 3.4694470e-18 
2098, 8.6655605e-01, 0.0000000e+00, 8.3585024e-01 
2099, 6.8229342e-01, 8.9461439e-01, 0.0000000e+00 
2100, 6.8229342e-01, 8.9461439e-01, 1.0000000e+00 
2101, 8.6084718e-01, 0.0000000e+00, 8.0181655e-01 
2102, 8.6084718e-01, 1.0000000e+00, 8.0181655e-01 
2103, 1.0000000e+00, 2.8895278e-01, 8.5999675e-02 
2104, 9.7977441e-02, 2.3129603e-01, 1.0000000e+00 
2105, 2.1037411e-01, 0.0000000e+00, 8.5932229e-01 
2106, 2.1037411e-01, 1.0000000e+00, 8.5932229e-01 
2107, 1.3118706e-01, 3.3443301e-01, 1.0000000e+00 
2108, 1.3118706e-01, 3.3443301e-01, 0.0000000e+00 
2109, 5.1370460e-02, 1.0000000e+00, 9.0232299e-01 
2110, 1.0000000e+00, 6.0859387e-02, 8.9793288e-01 
2111, 8.0565868e-01, 1.0000000e+00, 3.9905475e-01 
2112, 8.0565868e-01, 0.0000000e+00, 3.9905475e-01 
2113, 6.0212542e-01, 0.0000000e+00, 4.2804187e-01 
2114, 6.0212542e-01, 1.0000000e+00, 4.2804187e-01 
2115, 1.5416827e-01, 0.0000000e+00, 4.3960454e-01 
2116, 1.5416827e-01, 1.0000000e+00, 4.3960454e-01 
2117, 7.9322397e-01, 1.0000000e+00, 7.9179813e-01 
2118, 7.9322397e-01, 0.0000000e+00, 7.9179813e-01 
2119, 0.0000000e+00, 7.0127599e-01, 5.5883822e-01 
2120, 1.0000000e+00, 7.0127599e-01, 5.5883822e-01 
2121, 0.0000000e+00, 3.6108719e-02, 5.2420695e-01 
2122, 9.4154867e-01, 1.0000000e+00, 4.9851453e-01 
2123, 0.0000000e+00, 4.0669364e-02, 5.3572484e-01 
2124, 1.0000000e+00, 4.0669364e-02, 5.3572484e-01 
2125, 4.5359739e-02, 7.9424533e-01, 0.0000000e+00 
2126, 4.5359739e-02, 7.9424533e-01, 1.0000000e+00 
2127, 3.2404537e-01, 6.8202489e-01, 0.0000000e+00 
2128, 3.2404537e-01, 6.8202489e-01, 1.0000000e+00 
2129, 3.5093692e-01, 2.2354707e-01, 1.0000000e+00 
2130, 3.5093692e-01, 2.2354707e-01, 0.0000000e+00 
2131, 5.2226838e-01, 3.7588077e-01, 1.0000000e+00 
2132, 5.2226838e-01, 3.7588077e-01, 0.0000000e+00 
2133, 2.6879564e-01, 7.5891199e-01, 0.0000000e+00 
2134, 2.6879564e-01, 7.5891199e-01, 1.0000000e+00 
2135, 6.7181115e-01, 9.5645431e-01, 1.0000000e+00 
2136, 6.7181115e-01, 9.5645431e-01, 0.0000000e+00 
2137, 9.5318907e-02, 0.0000000e+00, 5.5183895e-01 
2138, 9.5318907e-02, 1.0000000e+00, 5.5183895e-01 
2139, 0.0000000e+00, 1.8193562e-01, 8.3089315e-01 
2140, 1.0000000e+00, 1.8193562e-01, 8.3089315e-01 
2141, 9.9225240e-01, 0.0000000e+00, 1.1705480e-01 
2142, 0.0000000e+00, 9.8624436e-01, 1.1341517e-01 
2143, 3.3785547e-01, 3.4551795e-01, 0.0000000e+00 
2144, 3.3785547e-01, 3.4551795e-01, 1.0000000e+00 
2145, 1.0000000e+00, 1.5472352e-01, 4.1214239e-02 
2146, 0.0000000e+00, 1.5472352e-01, 4.1214239e-02 
2147, 9.0769755e-01, 0.0000000e+00, 1.7363057e-01 
2148, 9.0769755e-01, 1.0000000e+00, 1.7363057e-01 
2149, 0.0000000e+00, 4.3017058e-01, 5.1905905e-01 
2150, 1.0000000e+00, 4.3017058e-01, 5.1905905e-01 
2151, 0.0000000e+00, 1.7705928e-01, 2.1743291e-01 
2152, 1.0000000e+00, 1.7705928e-01, 2.1743291e-01 
2153, 1.0000000e+00, 8.7639224e-01, 3.6305076e-01 
2154, 0.0000000e+00, 8.7639224e-01, 3.6305076e-01 
2155, 0.0000000e+00, 8.9464844e-01, 7.0161006e-01 
2156, 9.5054021e-01, 0.0000000e+00, 6.9986741e-01 
2157, 1.9475622e-01, 6.1235548e-01, 1.0000000e+00 
2158, 1.9475622e-01, 6.1235548e-01, 0.0000000e+00 
2159, 6.5673927e-01, 1.0000000e+00, 4.4837962e-01 
2160, 6.5673927e-01, 0.0000000e+00, 4.4837962e-01 
2161, 7.2801564e-01, 2.6331009e-01, 0.0000000e+00 
2162, 7.2801564e-01, 2.6331009e-01, 1.0000000e+00 
2163, 1.0000000e+00, 3.5407079e-01, 7.7752223e-02 
2164, 0.0000000e+00, 3.5407079e-01, 7.7752223e-02 
2165, 9.7070538e-01, 3.0869040e-01, 1.0000000e+00 
2166, 9.7070538e-01, 3.0869040e-01, 0.0000000e+00 
2167, 1.7946190e-01, 3.1957276e-01, 0.0000000e+00 
2168, 1.7946190e-01, 3.1957276e-01, 1.0000000e+00 
2169, 1.0000000e+00, 6.0079650e-01, 8.1432773e-01 
2170, 0.0000000e+00, 6.0079650e-01, 8.1432773e-01 
2171, 8.8456249e-01, 0.0000000e+00, 7.1780868e-01 
2172, 8.8456249e-01, 1.0000000e+00, 7.1780868e-01 
2173, 8.9203346e-01, 5.0779310e-01, 0.0000000e+00 
2174, 0.0000000e+00, 3.6678172e-01, 8.1635684e-01 
2175, 1.0000000e+00, 1.3322275e-03, 5.9124622e-01 
2176, 8.2328711e-04, 1.0000000e+00, 5.9178410e-01 
2177, 9.9649078e-01, 0.0000000e+00, 7.5696113e-01 
2178, 0.0000000e+00, 9.8871375e-01, 7.5492451e-01 
2179, 5.1983664e-01, 1.0000000e+00, 1.5322656e-01 
2180, 5.1983664e-01, 0.0000000e+00, 1.5322656e-01 
2181, 4.0463882e-02, 5.1953348e-01, 0.0000000e+00 
2182, 4.0463882e-02, 5.1953348e-01, 1.0000000e+00 
2183, 7.3786498e-02, 3.9007483e-01, 1.0000000e+00 
2184, 7.3786498e-02, 3.9007483e-01, 0.0000000e+00 
2185, 8.4200474e-02, 3.0616048e-01, 1.0000000e+00 
2186, 8.4200474e-02, 3.0616048e-01, 0.0000000e+00 
2187, 4.0397040e-01, 1.0000000e+00, 6.7619792e-01 
2188, 4.0397040e-01, 0.0000000e+00, 6.7619792e-01 
2189, 1.0000000e+00, 5.3388984e-02, 1.1416604e-01 
2190, 0.0000000e+00, 5.3388984e-02, 1.1416604e-01 
2191, 1.0000000e+00, 6.7310566e-02, 1.1499669e-01 
2192, 2.1796654e-01, 1.4341493e-01, 1.0000000e+00 
2193, 0.0000000e+00, 3.9507342e-02, 4.5740066e-01 
2194, 9.4676356e-01, 1.0000000e+00, 2.5668972e-01 
2195, 9.4370168e-02, 1.0000000e+00, 2.4964311e-01 
2196, 9.4370168e-02, 0.0000000e+00, 2.4964311e-01 
2197, 1.0000000e+00, 9.1783469e-01, 9.0078554e-01 
2198, 6.5768714e-02, 0.0000000e+00, 7.9989780e-01 
2199, 8.4071824e-01, 5.8873407e-01, 1.0000000e+00 
2200, 8.4071824e-01, 5.8873407e-01, 0.0000000e+00 
2201, 0.0000000e+00, 1.7703967e-01, 9.1461601e-02 
2202, 9.1818175e-01, 2.2077476e-01, 1.0000000e+00 
2203, 0.0000000e+00, 1.2931691e-01, 2.2181354e-01 
2204, 1.0000000e+00, 1.2931691e-01, 2.2181354e-01 
2205, 1.0000000e+00, 3.3486521e-01, 8.5815641e-01 
2206, 0.0000000e+00, 3.3486521e-01, 8.5815641e-01 
2207, 1.0000000e+00, 4.5927296e-01, 8.4065222e-01 
2208, 0.0000000e+00, 4.5927296e-01, 8.4065222e-01 
2209, 1.0000000e+00, 4.8360304e-01, 3.8424237e-01 
2210, 0.0000000e+00, 4.8360304e-01, 3.8424237e-01 
2211, 6.6541383e-01, 1.0000000e+00, 8.6401392e-01 
2212, 6.6541383e-01, 0.0000000e+00, 8.6401392e-01 
2213, 9.6805766e-01, 0.0000000e+00, 3.1115076e-01 
2214, 0.0000000e+00, 9.2172178e-01, 2.4964882e-01 
2215, 8.5148197e-01, 2.7755576e-17, 7.7174921e-01 
2216, 8.5148197e-01, 1.0000000e+00, 7.7174921e-01 
2217, 0.0000000e+00, 7.9059121e-01, 8.7778534e-01 
2218, 1.0000000e+00, 7.9059121e-01, 8.7778534e-01 
2219, 1.0000000e+00, 6.4194622e-01, 7.6202927e-01 
2220, 0.0000000e+00, 6.4194622e-01, 7.6202927e-01 
2221, 0.0000000e+00, 2.4948571e-01, 2.8200162e-01 
2222, 1.0000000e+00, 2.4948571e-01, 2.8200162e-01 
2223, 1.0000000e+00, 2.2692449e-01, 9.7811087e-01 
2224, 1.0029691e-01, 2.7555637e-01, 0.0000000e+00 
2225, 0.0000000e+00, 8.2575579e-02, 7.4616937e-01 
2226, 1.0000000e+00, 8.2575579e-02, 7.4616937e-01 
2227, 7.6882448e-01, 6.2762488e-01, 1.0000000e+00 
2228, 7.6882448e-01, 6.2762488e-01, 0.0000000e+00 
2229, 5.9897197e-01, 0.0000000e+00, 9.6958532e-02 
2230, 5.9897197e-01, 1.0000000e+00, 9.6958532e-02 
2231, 6.1374158e-01, 0.0000000e+00, 1.1300680e-01 
2232, 6.1374158e-01, 1.0000000e+00, 1.1300680e-01 
2233, 0.0000000e+00, 4.5254033e-01, 2.8332998e-01 
2234, 1.0000000e+00, 4.5254033e-01, 2.8332998e-01 
2235, 1.4986836e-01, 6.8578209e-01, 0.0000000e+00 
2236, 1.4986836e-01, 6.8578209e-01, 1.0000000e+00 
2237, 0.0000000e+00, 2.2006846e-01, 2.3230595e-01 
2238, 1.0000000e+00, 2.2006846e-01, 2.3230595e-01 
2239, 7.0110115e-01, 1.0000000e+00, 1.6025319e-01 
2240, 7.0110115e-01, 0.0000000e+00, 1.6025319e-01 
2241, 8.6009748e-01, 1.3162621e-01, 1.0000000e+00 
2242, 8.9923158e-01, 1.0000000e+00, 9.0097438e-02 
2243, 8.9597181e-01, 2.3985959e-01, 1.0000000e+00 
2244, 0.0000000e+00, 1.4097213e-01, 1.4893007e-01 
2245, 3.7224001e-01, 9.7808736e-01, 0.0000000e+00 
2246, 3.7039615e-01, 0.0000000e+00, 9.8319023e-01 
2247, 9.9061144e-01, 0.0000000e+00, 6.0926053e-01 
2248, 0.0000000e+00, 9.9245816e-01, 5.8634269e-01 
2249, 6.5714715e-01, 0.0000000e+00, 7.7150324e-01 
2250, 6.5714715e-01, 1.0000000e+00, 7.7150324e-01 
2251, 6.3216914e-01, 0.0000000e+00, 6.6677992e-01 
2252, 6.3216914e-01, 1.0000000e+00, 6.6677992e-01 
2253, 8.1282052e-01, 1.0000000e+00, 1.5779826e-01 
2254, 0.0000000e+00, 2.6726469e-01, 1.8289688e-01 
2255, 0.0000000e+00, 4.0803903e-01, 4.0708228e-01 
2256, 1.0000000e+00, 4.0803903e-01, 4.0708228e-01 
2257, 1.0000000e+00, 2.0437223e-02, 2.3937607e-01 
2258, 3.0130376e-02, 9.5878808e-01, 1.0000000e+00 
2259, 0.0000000e+00, 1.2907164e-01, 1.2207399e-01 
2260, 1.0000000e+00, 1.2907164e-01, 1.2207399e-01 
2261, 1.6994986e-01, 5.0632925e-01, 1.0000000e+00 
2262, 1.6994986e-01, 5.0632925e-01, 0.0000000e+00 
2263, 1.3877788e-17, 3.0121456e-01, 4.5130712e-01 
2264, 1.0000000e+00, 3.0121456e-01, 4.5130712e-01 
2265, 1.0000000e+00, 2.9158450e-01, 4.0989224e-01 
2266, 0.0000000e+00, 2.9158450e-01, 4.0989224e-01 
2267, 1.0000000e+00, 6.5704915e-01, 9.2915339e-01 
2268, 8.5098177e-02, 6.3178789e-01, 0.0000000e+00 
2269, 1.0000000e+00, 4.7517955e-01, 1.7842366e-01 
2270, 0.0000000e+00, 4.7517955e-01, 1.7842366e-01 
2271, 5.7145170e-01, 3.5765689e-01, 1.0000000e+00 
2272, 5.7145170e-01, 3.5765689e-01, 0.0000000e+00 
2273, 1.0000000e+00, 6.1668097e-01, 2.4215122e-01 
2274, 0.0000000e+00, 6.1668097e-01, 2.4215122e-01 
2275, 9.2486509e-01, 0.0000000e+00, 8.3340993e-01 
2276, 9.2486509e-01, 1.0000000e+00, 8.3340993e-01 
2277, 1.0000000e+00, 2.4490078e-01, 3.4149772e-01 
2278, 0.0000000e+00, 2.4490078e-01, 3.4149772e-01 
2279, 5.3647427e-01, 6.6994243e-01, 0.0000000e+00 
2280, 5.3647427e-01, 6.6994243e-01, 1.0000000e+00 
2281, 5.9436773e-01, 7.1141481e-01, 0.0000000e+00 
2282, 5.9436773e-01, 7.1141481e-01, 1.0000000e+00 
2283, 9.5246647e-01, 1.0000000e+00, 7.3695177e-01 
2284, 9.5246647e-01, 0.0000000e+00, 7.3695177e-01 
2285, 6.8876799e-01, 4.7512104e-01, 0.0000000e+00 
2286, 6.8876799e-01, 4.7512104e-01, 1.0000000e+00 
2287, 4.6883198e-01, 1.0000000e+00, 5.6254488e-01 
2288, 4.6883198e-01, 0.0000000e+00, 5.6254488e-01 
2289, 6.4994491e-01, 4.9377880e-01, 1.0000000e+00 
2290, 6.4994491e-01, 4.9377880e-01, 0.0000000e+00 
2291, 9.0865156e-02, 0.0000000e+00, 2.4338512e-01 
2292, 9.0865156e-02, 1.0000000e+00, 2.4338512e-01 
2293, 0.0000000e+00, 2.6416363e-01, 3.6405840e-01 
2294, 1.0000000e+00, 2.6416363e-01, 3.6405840e-01 
2295, 4.0294950e-01, 0.0000000e+00, 7.7602718e-01 
2296, 4.0294950e-01, 1.0000000e+00, 7.7602718e-01 
2297, 8.9787306e-01, 1.0000000e+00, 2.1353390e-01 
2298, 8.6044610e-01, 3.8874285e-02, 1.0000000e+00 
2299, 1.0000000e+00, 7.5266111e-01, 4.0716523e-01 
2300, 0.0000000e+00, 7.5266111e-01, 4.0716523e-01 
2301, 5.8215136e-01, 1.0000000e+00, 5.1496196e-01 
2302, 5.8215136e-01, 0.0000000e+00, 5.1496196e-01 
2303, 4.8094488e-01, 0.0000000e+00, 2.5903757e-01 
2304, 4.8094488e-01, 1.0000000e+00, 2.5903757e-01 
2305, 5.9388518e-02, 0.0000000e+00, 4.4519095e-01 
2306, 5.9388518e-02, 1.0000000e+00, 4.4519095e-01 
2307, 1.0000000e+00, 7.4008615e-01, 6.8972135e-01 
2308, 0.0000000e+00, 7.4008615e-01, 6.8972135e-01 
2309, 1.0000000e+00, 8.0665170e-01, 4.4951297e-01 
2310, 0.0000000e+00, 8.0665170e-01, 4.4951297e-01 
2311, 1.0000000e+00, 3.7185328e-01, 1.9459107e-01 
2312, 0.0000000e+00, 3.7185328e-01, 1.9459107e-01 
2313, 8.2280236e-01, 8.0985456e-01, 0.0000000e+00 
2314, 8.2280236e-01, 8.0985456e-01, 1.0000000e+00 
2315, 7.9602482e-01, 7.8328839e-01, 0.0000000e+00 
2316, 7.9602482e-01, 7.8328839e-01, 1.0000000e+00 
2317, 1.0000000e+00, 5.7192146e-01, 5.3231158e-01 
2318, 0.0000000e+00, 5.7192146e-01, 5.3231158e-01 
2319, 8.0942674e-01, 1.0000000e+00, 5.6198916e-01 
2320, 8.0942674e-01, 0.0000000e+00, 5.6198916e-01 
2321, 1.0000000e+00, 7.3930840e-01, 7.6528324e-01 
2322, 0.0000000e+00, 7.3930840e-01, 7.6528324e-01 
2323, 8.3739345e-02, 1.0000000e+00, 7.6569594e-01 
2324, 8.3739345e-02, 0.0000000e+00, 7.6569594e-01 
2325, 0.0000000e+00, 5.7846860e-01, 6.1757487e-01 
2326, 1.0000000e+00, 5.7846860e-01, 6.1757487e-01 
2327, 0.0000000e+00, 1.0298470e-01, 4.3968394e-01 
2328, 1.0000000e+00, 1.0298470e-01, 4.3968394e-01 
2329, 1.0000000e+00, 3.9855362e-01, 2.4862144e-01 
2330, 0.0000000e+00, 3.9855362e-01, 2.4862144e-01 
2331, 5.7823736e-02, 9.0080536e-01, 1.0000000e+00 
2332, 5.7823736e-02, 9.0080536e-01, 0.0000000e+00 
2333, 0.0000000e+00, 1.0316157e-01, 1.1908003e-01 
2334, 1.0000000e+00, 1.0316157e-01, 1.1908003e-01 
2335, 0.0000000e+00, 1.7571556e-02, 6.9213485e-02 
2336, 8.8773117e-01, 9.4242476e-01, 1.0000000e+00 
2337, 8.3623710e-01, 0.0000000e+00, 1.2016287e-01 
2338, 0.0000000e+00, 9.0401725e-01, 9.2581191e-02 
2339, 7.4228548e-01, 0.0000000e+00, 7.7543734e-02 
2340, 6.6931172e-01, 9.5812723e-01, 1.0000000e+00 
2341, 0.0000000e+00, 6.8184293e-01, 9.5398782e-01 
2342, 9.8414611e-01, 6.5065569e-01, 0.0000000e+00 
2343, 2.0506449e-01, 1.0000000e+00, 7.3045644e-01 
2344, 2.0506449e-01, 0.0000000e+00, 7.3045644e-01 
2345, 9.4448932e-01, 9.8752157e-01, 0.0000000e+00 
2346, 9.3385363e-01, 0.0000000e+00, 9.8724501e-01 
2347, 2.7961688e-01, 5.4951422e-01, 0.0000000e+00 
2348, 2.7961688e-01, 5.4951422e-01, 1.0000000e+00 
2349, 6.8502473e-01, 2.1818144e-01, 0.0000000e+00 
2350, 6.8502473e-01, 2.1818144e-01, 1.0000000e+00 
2351, 6.8232344e-01, 4.8922878e-01, 0.0000000e+00 
2352, 6.8232344e-01, 4.8922878e-01, 1.0000000e+00 
2353, 6.4770690e-01, 1.0000000e+00, 5.9155846e-01 
2354, 6.4770690e-01, 0.0000000e+00, 5.9155846e-01 
2355, 3.2645776e-01, 1.0000000e+00, 2.6625199e-01 
2356, 3.2645776e-01, 0.0000000e+00, 2.6625199e-01 
2357, 1.0000000e+00, 5.5326578e-01, 8.6718326e-01 
2358, 0.0000000e+00, 5.5326578e-01, 8.6718326e-01 
2359, 6.2017458e-02, 5.7504768e-01, 0.0000000e+00 
2360, 6.2017458e-02, 5.7504768e-01, 1.0000000e+00 
2361, 3.4143028e-01, 1.0000000e+00, 3.1524340e-01 
2362, 3.4143028e-01, 0.0000000e+00, 3.1524340e-01 
2363, 3.6142807e-01, 8.0076186e-01, 0.0000000e+00 
2364, 3.6142807e-01, 8.0076186e-01, 1.0000000e+00 
2365, 1.0000000e+00, 5.8793904e-02, 8.4299273e-01 
2366, 0.0000000e+00, 5.8793904e-02, 8.4299273e-01 
2367, 1.0000000e+00, 2.0665946e-01, 9.8476346e-01 
2368, 8.9296043e-02, 2.6290879e-01, 0.0000000e+00 
2369, 1.9856088e-02, 3.7464319e-01, 0.0000000e+00 
2370, 1.9856088e-02, 3.7464319e-01, 1.0000000e+00 
2371, 5.9347551e-01, 8.6235685e-01, 1.0000000e+00 
2372, 5.9347551e-01, 8.6235685e-01, 0.0000000e+00 
2373, 6.1854074e-01, 5.3954517e-01, 1.0000000e+00 
2374, 6.1854074e-01, 5.3954517e-01, 0.0000000e+00 
2375, 6.7750430e-01, 6.6376341e-01, 1.0000000e+00 
2376, 6.7750430e-01, 6.6376341e-01, 0.0000000e+00 
2377, 6.2298230e-01, 5.5971627e-01, 1.0000000e+00 
2378, 6.2298230e-01, 5.5971627e-01, 0.0000000e+00 
2379, 1.3316806e-01, 7.0958725e-01, 0.0000000e+00 
2380, 1.3316806e-01, 7.0958725e-01, 1.0000000e+00 
2381, 9.4187020e-01, 2.6172364e-01, 0.0000000e+00 
2382, 0.0000000e+00, 2.7025430e-01, 9.5451374e-01 
2383, 0.0000000e+00, 9.2663035e-01, 2.1264783e-01 
2384, 1.0000000e+00, 9.2663035e-01, 2.1264783e-01 
2385, 0.0000000e+00, 9.1874346e-01, 3.1209367e-01 
2386, 1.0000000e+00, 9.1874346e-01, 3.1209367e-01 
2387, 2.8648917e-01, 7.5471750e-01, 1.0000000e+00 
2388, 2.8648917e-01, 7.5471750e-01, 0.0000000e+00 
2389, 1.0000000e+00, 3.0224961e-01, 2.5315714e-01 
2390, 0.0000000e+00, 3.0224961e-01, 2.5315714e-01 
2391, 0.0000000e+00, 4.8441777e-01, 3.9005928e-01 
2392, 1.0000000e+00, 4.8441777e-01, 3.9005928e-01 
2393, 3.9124308e-02, 1.0000000e+00, 8.4779914e-01 
2394, 1.0000000e+00, 9.0905546e-02, 8.7550884e-01 
2395, 4.9295710e-01, 0.0000000e+00, 3.3234909e-01 
2396, 4.9295710e-01, 1.0000000e+00, 3.3234909e-01 
2397, 8.0059276e-02, 0.0000000e+00, 9.0064067e-01 
2398, 8.0059276e-02, 1.0000000e+00, 9.0064067e-01 
2399, 5.0335649e-01, 2.1131480e-01, 0.0000000e+00 
2400, 5.0335649e-01, 2.1131480e-01, 1.0000000e+00 
2401, 8.9159875e-03, 1.0000000e+00, 3.4568182e-01 
2402, 1.0000000e+00, 1.6268594e-02, 3.4077157e-01 
2403, 0.0000000e+00, 9.9493295e-01, 2.1421818e-01 
2404, 9.9676068e-01, 0.0000000e+00, 2.0743035e-01 
2405, 1.0000000e+00, 6.7311011e-01, 8.5567394e-01 
2406, 0.0000000e+00, 6.7311011e-01, 8.5567394e-01 
2407, 6.4268324e-01, 2.8298404e-01, 1.0000000e+00 
2408, 6.4268324e-01, 2.8298404e-01, 0.0000000e+00 
2409, 3.3356645e-01, 0.0000000e+00, 7.8353437e-01 
2410, 3.3356645e-01, 1.0000000e+00, 7.8353437e-01 
2411, 1.2226358e-02, 1.0000000e+00, 7.4651928e-01 
2412, 1.2226358e-02, 0.0000000e+00, 7.4651928e-01 
2413, 0.0000000e+00, 9.6506603e-01, 7.6301562e-01 
2414, 1.0000000e+00, 9.6506603e-01, 7.6301562e-01 
2415, 4.2061943e-02, 1.0000000e+00, 4.0829660e-01 
2416, 4.2061943e-02, 0.0000000e+00, 4.0829660e-01 
2417, 2.6831475e-01, 5.1601197e-01, 0.0000000e+00 
2418, 2.6831475e-01, 5.1601197e-01, 1.0000000e+00 
2419, 1.0000000e+00, 9.3092882e-01, 2.0184437e-01 
2420, 0.0000000e+00, 9.3092882e-01, 2.0184437e-01 
2421, 1.0000000e+00, 8.4327018e-01, 4.3975387e-01 
2422, 0.0000000e+00, 8.4327018e-01, 4.3975387e-01 
2423, 0.0000000e+00, 3.4169714e-01, 9.1847662e-01 
2424, 1.0000000e+00, 3.4169714e-01, 9.1847662e-01 
2425, 0.0000000e+00, 3.6130925e-01, 9.4174006e-01 
2426, 1.0000000e+00, 3.6130925e-01, 9.4174006e-01 
2427, 7.2131551e-01, 2.0656823e-01, 0.0000000e+00 
2428, 7.2131551e-01, 2.0656823e-01, 1.0000000e+00 
2429, 0.0000000e+00, 3.9310967e-01, 7.2664989e-01 
2430, 1.0000000e+00, 3.9310967e-01, 7.2664989e-01 
2431, 3.5238492e-01, 3.6642833e-01, 1.0000000e+00 
2432, 3.5238492e-01, 3.6642833e-01, 0.0000000e+00 
2433, 0.0000000e+00, 4.9125234e-01, 2.8790585e-01 
2434, 1.0000000e+00, 4.9125234e-01, 2.8790585e-01 
2435, 0.0000000e+00, 4.8480284e-01, 3.8324520e-01 
2436, 1.0000000e+00, 4.8480284e-01, 3.8324520e-01 
2437, 9.5824133e-01, 7.3490557e-01, 1.0000000e+00 
2438, 0.0000000e+00, 8.3556606e-01, 1.0934545e-02 
2439, 1.0000000e+00, 6.1283388e-01, 8.4227164e-01 
2440, 0.0000000e+00, 6.1283388e-01, 8.4227164e-01 
2441, 8.2788413e-01, 0.0000000e+00, 5.4113275e-01 
2442, 8.2788413e-01, 1.0000000e+00, 5.4113275e-01 
2443, 0.0000000e+00, 7.2841015e-02, 9.8765518e-01 
2444, 9.8880053e-01, 7.6635446e-02, 0.0000000e+00 
2445, 0.0000000e+00, 3.6137922e-01, 8.3171176e-01 
2446, 1.0000000e+00, 3.6137922e-01, 8.3171176e-01 
2447, 1.0000000e+00, 1.1055842e-01, 8.3745820e-01 
2448, 5.3719543e-02, 1.0583311e-01, 0.0000000e+00 
2449, 0.0000000e+00, 7.4211112e-01, 5.1960253e-01 
2450, 1.0000000e+00, 7.4211112e-01, 5.1960253e-01 
2451, 1.0000000e+00, 6.6826849e-01, 5.0685890e-01 
2452, 0.0000000e+00, 6.6826849e-01, 5.0685890e-01 
2453, 1.0000000e+00, 1.6638617e-01, 5.4147144e-01 
2454, 0.0000000e+00, 1.6638617e-01, 5.4147144e-01 
2455, 3.1561562e-01, 4.8197698e-01, 1.0000000e+00 
2456, 3.1561562e-01, 4.8197698e-01, 0.0000000e+00 
2457, 3.0867775e-01, 0.0000000e+00, 8.1468839e-01 
2458, 3.0867775e-01, 1.0000000e+00, 8.1468839e-01 
2459, 6.3457994e-01, 8.5790985e-01, 1.0000000e+00 
2460, 6.3457994e-01, 8.5790985e-01, 0.0000000e+00 
2461, 9.3769329e-01, 1.0000000e+00, 3.7884734e-01 
2462, 9.3769329e-01, 0.0000000e+00, 3.7884734e-01 
2463, 7.5555115e-01, 9.6018484e-01, 0.0000000e+00 
2464, 0.0000000e+00, 8.8654024e-01, 9.0857314e-01 
2465, 2.7755576e-17, 9.2593001e-01, 1.9982938e-01 
2466, 8.5950388e-01, 0.0000000e+00, 9.5357488e-02 
2467, 1.0093485e-01, 1.0000000e+00, 4.0894372e-01 
2468, 1.0093485e-01, 0.0000000e+00, 4.0894372e-01 
2469, 3.5757444e-01, 1.0000000e+00, 5.7881423e-01 
2470, 3.5757444e-01, 0.0000000e+00, 5.7881423e-01 
2471, 1.0939026e-01, 0.0000000e+00, 8.7206259e-01 
2472, 1.0939026e-01, 1.0000000e+00, 8.7206259e-01 
2473, 8.3723861e-01, 3.7177053e-01, 0.0000000e+00 
2474, 0.0000000e+00, 5.6868821e-01, 8.3358770e-01 
2475, 1.0000000e+00, 4.7677821e-01, 1.6223160e-01 
2476, 0.0000000e+00, 4.7677821e-01, 1.6223160e-01 
2477, 1.9573327e-01, 0.0000000e+00, 7.7322048e-01 
2478, 1.9573327e-01, 1.0000000e+00, 7.7322048e-01 
2479, 7.1145298e-02, 6.8197534e-02, 1.0000000e+00 
2480, 7.1145298e-02, 6.8197534e-02, 0.0000000e+00 
2481, 8.7704968e-01, 3.4371522e-01, 1.0000000e+00 
2482, 8.7704968e-01, 3.4371522e-01, 0.0000000e+00 
2483, 1.0000000e+00, 6.5489371e-02, 9.1283355e-01 
2484, 0.0000000e+00, 6.5489371e-02, 9.1283355e-01 
2485, 1.2834751e-01, 9.2437373e-02, 1.0000000e+00 
2486, 1.2834751e-01, 9.2437373e-02, 0.0000000e+00 
2487, 0.0000000e+00, 1.5688611e-01, 9.6716793e-02 
2488, 9.6437349e-01, 1.4804112e-01, 1.0000000e+00 
2489, 2.5908996e-01, 0.0000000e+00, 2.4223000e-01 
2490, 2.5908996e-01, 1.0000000e+00, 2.4223000e-01 
2491, 5.1647260e-01, 0.0000000e+00, 8.2650015e-02 
2492, 5.1647260e-01, 1.0000000e+00, 8.2650015e-02 
2493, 7.7670102e-01, 0.0000000e+00, 1.4237429e-01 
2494, 7.7670102e-01, 1.0000000e+00, 1.4237429e-01 
2495, 6.8395225e-01, 0.0000000e+00, 4.3551596e-02 
2496, 6.8395225e-01, 1.0000000e+00, 4.3551596e-02 
2497, 4.0952840e-01, 1.0000000e+00, 4.2511717e-01 
2498, 4.0952840e-01, 0.0000000e+00, 4.2511717e-01 
2499, 2.7396377e-01, 1.0000000e+00, 5.6347268e-01 
2500, 2.7396377e-01, 0.0000000e+00, 5.6347268e-01 
2501, 2.2389286e-01, 4.4073011e-01, 0.0000000e+00 
2502, 2.2389286e-01, 4.4073011e-01, 1.0000000e+00 
2503, 4.1506608e-01, 1.3877788e-17, 8.0003090e-01 
2504, 4.1506608e-01, 1.0000000e+00, 8.0003090e-01 
2505, 5.4602783e-01, 7.0286795e-01, 0.0000000e+00 
2506, 5.4602783e-01, 7.0286795e-01, 1.0000000e+00 
2507, 5.8986248e-01, 1.0000000e+00, 4.7411425e-01 
2508, 5.8986248e-01, 0.0000000e+00, 4.7411425e-01 
2509, 4.1623329e-01, 1.0000000e+00, 6.3664522e-01 
2510, 4.1623329e-01, 0.0000000e+00, 6.3664522e-01 
2511, 5.4627466e-01, 5.9057505e-02, 0.0000000e+00 
2512, 5.4627466e-01, 5.9057505e-02, 1.0000000e+00 
2513, 5.4378946e-01, 9.6425975e-02, 0.0000000e+00 
2514, 5.4378946e-01, 9.6425975e-02, 1.0000000e+00 
2515, 2.7958935e-01, 7.9666061e-01, 1.0000000e+00 
2516, 2.7958935e-01, 7.9666061e-01, 0.0000000e+00 
2517, 1.1395900e-01, 1.0000000e+00, 7.7143491e-01 
2518, 1.0000000e+00, 1.6334315e-01, 6.7096380e-01 
2519, 2.5198240e-01, 9.3456019e-01, 1.0000000e+00 
2520, 2.5198240e-01, 9.3456019e-01, 0.0000000e+00 
2521, 2.2570703e-01, 1.0000000e+00, 8.4312531e-01 
2522, 2.2570703e-01, 0.0000000e+00, 8.4312531e-01 
2523, 2.0126574e-01, 9.7764253e-01, 1.0000000e+00 
2524, 1.7791020e-01, 0.0000000e+00, 8.0047712e-03 
2525, 5.5455870e-01, 2.6520041e-01, 0.0000000e+00 
2526, 5.5455870e-01, 2.6520041e-01, 1.0000000e+00 
2527, 5.0474370e-01, 1.8376169e-01, 0.0000000e+00 
2528, 5.0474370e-01, 1.8376169e-01, 1.0000000e+00 
2529, 5.7124762e-02, 4.8408107e-01, 0.0000000e+00 
2530, 5.7124762e-02, 4.8408107e-01, 1.0000000e+00 
2531, 3.7780317e-01, 1.0000000e+00, 5.0335240e-01 
2532, 3.7780317e-01, 0.0000000e+00, 5.0335240e-01 
2533, 0.0000000e+00, 2.7635439e-01, 4.4617265e-01 
2534, 1.0000000e+00, 2.7635439e-01, 4.4617265e-01 
2535, 6.1218243e-01, 0.0000000e+00, 9.6172621e-01 
2536, 6.4497017e-01, 8.7026253e-01, 0.0000000e+00 
2537, 5.9678009e-01, 0.0000000e+00, 9.2830957e-01 
2538, 5.9678009e-01, 1.0000000e+00, 9.2830957e-01 
2539, 1.9410601e-01, 0.0000000e+00, 4.1359479e-01 
2540, 1.9410601e-01, 1.0000000e+00, 4.1359479e-01 
2541, 0.0000000e+00, 1.6851484e-01, 5.3668899e-01 
2542, 1.0000000e+00, 1.6851484e-01, 5.3668899e-01 
2543, 9.8765814e-01, 2.2768563e-01, 1.0000000e+00 
2544, 0.0000000e+00, 2.3149193e-01, 2.8724438e-02 
2545, 1.0000000e+00, 5.1793196e-01, 2.1783694e-01 
2546, 6.2378090e-02, 5.6154422e-01, 1.0000000e+00 
2547, 3.9012970e-01, 2.5701494e-01, 0.0000000e+00 
2548, 3.9012970e-01, 2.5701494e-01, 1.0000000e+00 
2549, 3.7852146e-01, 3.0359990e-01, 0.0000000e+00 
2550, 3.7852146e-01, 3.0359990e-01, 1.0000000e+00 
2551, 3.1436818e-01, 0.0000000e+00, 7.6280049e-01 
2552, 1.7596359e-01, 8.5641970e-01, 0.0000000e+00 
2553, 3.4126084e-01, 2.9190865e-01, 0.0000000e+00 
2554, 3.4126084e-01, 2.9190865e-01, 1.0000000e+00 
2555, 4.8603718e-01, 0.0000000e+00, 1.7327294e-01 
2556, 4.8603718e-01, 1.0000000e+00, 1.7327294e-01 
2557, 1.2536564e-01, 1.5023931e-01, 1.0000000e+00 
2558, 1.2536564e-01, 1.5023931e-01, 0.0000000e+00 
2559, 1.5421764e-01, 5.9480563e-01, 1.0000000e+00 
2560, 1.5421764e-01, 5.9480563e-01, 0.0000000e+00 
2561, 1.4745750e-01, 6.5401342e-01, 1.0000000e+00 
2562, 1.4745750e-01, 6.5401342e-01, 0.0000000e+00 
2563, 1.0000000e+00, 9.1541266e-01, 2.0405685e-01 
2564, 0.0000000e+00, 9.1541266e-01, 2.0405685e-01 
2565, 1.8197448e-01, 1.0000000e+00, 4.6858773e-01 
2566, 1.8197448e-01, 0.0000000e+00, 4.6858773e-01 
2567, 7.4934163e-02, 1.0000000e+00, 5.1120721e-01 
2568, 1.0000000e+00, 4.9969005e-02, 5.1439716e-01 
2569, 0.0000000e+00, 5.5973452e-01, 6.9465574e-01 
2570, 1.0000000e+00, 5.5973452e-01, 6.9465574e-01 
2571, 1.0000000e+00, 4.0369076e-01, 3.3934530e-01 
2572, 0.0000000e+00, 4.0369076e-01, 3.3934530e-01 
2573, 1.0000000e+00, 2.9284306e-01, 4.1757415e-01 
2574, 0.0000000e+00, 2.9284306e-01, 4.1757415e-01 
2575, 2.2161773e-01, 6.1412488e-01, 0.0000000e+00 
2576, 2.2161773e-01, 6.1412488e-01, 1.0000000e+00 
2577, 4.3739820e-01, 1.0000000e+00, 5.9913530e-01 
2578, 4.3739820e-01, 0.0000000e+00, 5.9913530e-01 
2579, 1.0000000e+00, 6.9954870e-01, 4.3977161e-01 
2580, 0.0000000e+00, 6.9954870e-01, 4.3977161e-01 
2581, 9.1107952e-01, 1.0000000e+00, 1.4215536e-01 
2582, 9.1107952e-01, 0.0000000e+00, 1.4215536e-01 
2583, 1.0000000e+00, 9.9823836e-01, 3.5834326e-01 
2584, 2.4591293e-03, 0.0000000e+00, 3.5847752e-01 
2585, 4.6329374e-01, 3.0242266e-01, 0.0000000e+00 
2586, 4.6329374e-01, 3.0242266e-01, 1.0000000e+00 
2587, 1.8617894e-01, 0.0000000e+00, 9.6077838e-01 
2588, 1.8617894e-01, 1.0000000e+00, 9.6077838e-01 
2589, 0.0000000e+00, 3.7263756e-02, 9.9850413e-01 
2590, 9.7027546e-01, 1.0000000e+00, 5.6029159e-03 
2591, 4.6288846e-01, 1.0000000e+00, 7.2644442e-01 
2592, 4.6288846e-01, 0.0000000e+00, 7.2644442e-01 
2593, 4.7058963e-01, 1.0000000e+00, 6.9568144e-01 
2594, 4.7058963e-01, 0.0000000e+00, 6.9568144e-01 
2595, 5.9733425e-01, 1.0000000e+00, 9.4647027e-01 
2596, 5.9733425e-01, 0.0000000e+00, 9.4647027e-01 
2597, 0.0000000e+00, 5.3302777e-01, 2.0655267e-01 
2598, 1.0000000e+00, 5.3302777e-01, 2.0655267e-01 
2599, 1.0000000e+00, 1.2450607e-01, 2.6567057e-01 
2600, 0.0000000e+00, 1.2450607e-01, 2.6567057e-01 
2601, 2.6110423e-01, 4.1477413e-01, 1.0000000e+00 
2602, 2.6110423e-01, 4.1477413e-01, 0.0000000e+00 
2603, 4.4520795e-02, 1.0000000e+00, 9.1794184e-01 
2604, 4.4520795e-02, 0.0000000e+00, 9.1794184e-01 
2605, 0.0000000e+00, 6.5585658e-01, 3.3334037e-02 
2606, 9.6639353e-01, 6.9439299e-01, 1.0000000e+00 
2607, 1.9021846e-01, 8.6766393e-01, 0.0000000e+00 
2608, 1.9021846e-01, 8.6766393e-01, 1.0000000e+00 
2609, 1.0203299e-01, 6.2792488e-01, 1.0000000e+00 
2610, 1.0203299e-01, 6.2792488e-01, 0.0000000e+00 
2611, 0.0000000e+00, 6.8739826e-01, 6.5831887e-01 
2612, 1.0000000e+00, 6.8739826e-01, 6.5831887e-01 
2613, 9.3018958e-01, 5.2345968e-01, 1.0000000e+00 
2614, 0.0000000e+00, 5.4290332e-01, 7.9050876e-02 
2615, 1.0000000e+00, 4.7863809e-01, 4.2235309e-01 
2616, 0.0000000e+00, 4.7863809e-01, 4.2235309e-01 
2617, 1.0000000e+00, 3.8551462e-01, 6.6919210e-01 
2618, 0.0000000e+00, 3.8551462e-01, 6.6919210e-01 
2619, 8.0015650e-01, 0.0000000e+00, 4.6553871e-01 
2620, 8.0015650e-01, 1.0000000e+00, 4.6553871e-01 
2621, 1.0000000e+00, 7.3332036e-01, 2.6549460e-01 
2622, 0.0000000e+00, 7.3332036e-01, 2.6549460e-01 
2623, 8.2501778e-01, 1.0000000e+00, 8.0638491e-01 
2624, 8.2501778e-01, 0.0000000e+00, 8.0638491e-01 
2625, 7.4137588e-01, 1.0000000e+00, 8.5927119e-01 
2626, 7.4137588e-01, 0.0000000e+00, 8.5927119e-01 
2627, 1.0000000e+00, 9.3618483e-01, 7.3942068e-01 
2628, 0.0000000e+00, 9.3618483e-01, 7.3942068e-01 
2629, 7.3481540e-01, 2.6169653e-01, 1.0000000e+00 
2630, 7.3481540e-01, 2.6169653e-01, 0.0000000e+00 
2631, 6.0191974e-01, 0.0000000e+00, 5.9105122e-01 
2632, 6.0191974e-01, 1.0000000e+00, 5.9105122e-01 
2633, 2.2794611e-01, 1.0000000e+00, 1.4898046e-01 
2634, 2.2794611e-01, 0.0000000e+00, 1.4898046e-01 
2635, 1.0000000e+00, 3.3793895e-01, 3.5967946e-01 
2636, 0.0000000e+00, 3.3793895e-01, 3.5967946e-01 
2637, 9.6838990e-01, 1.0000000e+00, 8.3113501e-01 
2638, 9.2491680e-01, 2.5818101e-01, 0.0000000e+00 
2639, 7.2322539e-01, 9.8338240e-01, 1.0000000e+00 
2640, 7.2322539e-01, 9.8338240e-01, 0.0000000e+00 
2641, 1.0000000e+00, 9.9743037e-01, 8.2325771e-01 
2642, 2.9116450e-01, 0.0000000e+00, 7.6698249e-01 
2643, 4.2058142e-01, 0.0000000e+00, 6.5571327e-01 
2644, 4.2058142e-01, 1.0000000e+00, 6.5571327e-01 
2645, 5.1811835e-01, 2.1049416e-01, 1.0000000e+00 
2646, 5.1811835e-01, 2.1049416e-01, 0.0000000e+00 
2647, 3.4686064e-01, 3.5532918e-01, 0.0000000e+00 
2648, 3.4686064e-01, 3.5532918e-01, 1.0000000e+00 
2649, 0.0000000e+00, 8.8215438e-01, 5.2864080e-01 
2650, 1.0000000e+00, 8.8215438e-01, 5.2864080e-01 
2651, 0.0000000e+00, 6.5982042e-01, 6.9318240e-01 
2652, 1.0000000e+00, 6.5982042e-01, 6.9318240e-01 
2653, 0.0000000e+00, 3.2155207e-01, 9.2314709e-02 
2654, 1.0000000e+00, 3.2155207e-01, 9.2314709e-02 
2655, 0.0000000e+00, 3.2210276e-01, 9.5913751e-02 
2656, 1.0000000e+00, 3.2210276e-01, 9.5913751e-02 
2657, 2.4118288e-01, 2.4173970e-01, 0.0000000e+00 
2658, 2.4118288e-01, 2.4173970e-01, 1.0000000e+00 
2659, 3.9194716e-01, 6.3253664e-01, 1.0000000e+00 
2660, 3.9194716e-01, 6.3253664e-01, 0.0000000e+00 
2661, 1.0000000e+00, 6.5958793e-01, 9.7290090e-01 
2662, 3.7226552e-02, 6.2478618e-01, 0.0000000e+00 
2663, 1.6354364e-01, 1.5496141e-01, 0.0000000e+00 
2664, 1.6354364e-01, 1.5496141e-01, 1.0000000e+00 
2665, 0.0000000e+00, 2.2581086e-01, 1.3283079e-02 
2666, 9.8918382e-01, 2.2684975e-01, 1.0000000e+00 
2667, 0.0000000e+00, 8.0116746e-02, 7.4962782e-01 
2668, 1.0000000e+00, 8.0116746e-02, 7.4962782e-01 
2669, 3.4694470e-18, 1.7717600e-01, 7.3066421e-01 
2670, 1.0000000e+00, 1.7717600e-01, 7.3066421e-01 
2671, 6.4856366e-01, 1.9826401e-02, 0.0000000e+00 
2672, 6.2153687e-01, 1.0000000e+00, 9.7260135e-01 
2673, 9.2024722e-01, 0.0000000e+00, 2.2728438e-01 
2674, 9.2024722e-01, 1.0000000e+00, 2.2728438e-01 
2675, 1.0000000e+00, 9.9841584e-02, 2.2590448e-01 
2676, 0.0000000e+00, 9.9841584e-02, 2.2590448e-01 
2677, 1.0112943e-01, 4.6686158e-01, 1.0000000e+00 
2678, 1.0112943e-01, 4.6686158e-01, 0.0000000e+00 
2679, 1.5970680e-01, 4.5158253e-01, 1.0000000e+00 
2680, 1.5970680e-01, 4.5158253e-01, 0.0000000e+00 
2681, 1.0000000e+00, 4.4225819e-01, 2.4579813e-01 
2682, 0.0000000e+00, 4.4225819e-01, 2.4579813e-01 
2683, 1.0000000e+00, 4.9008546e-01, 2.1463954e-01 
2684, 0.0000000e+00, 4.9008546e-01, 2.1463954e-01 
2685, 4.1158953e-01, 1.0000000e+00, 8.5686133e-01 
2686, 4.1158953e-01, 0.0000000e+00, 8.5686133e-01 
2687, 3.5242177e-01, 0.0000000e+00, 5.0999874e-01 
2688, 3.5242177e-01, 1.0000000e+00, 5.0999874e-01 
2689, 0.0000000e+00, 6.4080493e-01, 6.9104527e-01 
2690, 1.0000000e+00, 6.4080493e-01, 6.9104527e-01 
2691, 8.8181242e-02, 2.4826775e-01, 1.0000000e+00 
2692, 1.0000000e+00, 2.2490991e-01, 2.9526229e-02 
2693, 4.1038306e-02, 2.8571093e-01, 1.0000000e+00 
2694, 1.0000000e+00, 3.1089640e-01, 2.3423333e-03 
2695, 1.8687928e-01, 8.7749821e-02, 1.0000000e+00 
2696, 1.1978256e-01, 1.0000000e+00, 1.7943663e-01 
2697, 1.0000000e+00, 7.4501328e-01, 8.0877871e-01 
2698, 0.0000000e+00, 7.4501328e-01, 8.0877871e-01 
2699, 7.8447852e-01, 8.7401804e-01, 1.0000000e+00 
2700, 7.8447852e-01, 8.7401804e-01, 0.0000000e+00 
2701, 0.0000000e+00, 8.0405012e-01, 6.8341135e-01 
2702, 1.0000000e+00, 8.0405012e-01, 6.8341135e-01 
2703, 0.0000000e+00, 7.2882444e-01, 6.9818481e-01 
2704, 1.0000000e+00, 7.2882444e-01, 6.9818481e-01 
2705, 0.0000000e+00, 3.3380192e-01, 5.2682700e-01 
2706, 1.0000000e+00, 3.3380192e-01, 5.2682700e-01 
2707, 4.8165573e-01, 0.0000000e+00, 5.4280136e-01 
2708, 4.8165573e-01, 1.0000000e+00, 5.4280136e-01 
2709, 7.1937718e-01, 2.9374196e-01, 0.0000000e+00 
2710, 7.1937718e-01, 2.9374196e-01, 1.0000000e+00 
2711, 8.0970363e-01, 2.0233056e-01, 1.0000000e+00 
2712, 8.0970363e-01, 2.0233056e-01, 0.0000000e+00 
2713, 1.4674076e-01, 0.0000000e+00, 7.5810192e-01 
2714, 1.4674076e-01, 1.0000000e+00, 7.5810192e-01 
2715, 2.0627327e-01, 0.0000000e+00, 7.9210335e-01 
2716, 2.0627327e-01, 1.0000000e+00, 7.9210335e-01 
2717, 2.3336568e-01, 6.6164033e-02, 1.0000000e+00 
2718, 2.3336568e-01, 6.6164033e-02, 0.0000000e+00 
2719, 8.8672497e-01, 2.2883625e-01, 1.0000000e+00 
2720, 8.8672497e-01, 2.2883625e-01, 0.0000000e+00 
2721, 8.3503810e-01, 0.0000000e+00, 7.4147063e-01 
2722, 8.3503810e-01, 1.0000000e+00, 7.4147063e-01 
2723, 7.7238887e-01, 0.0000000e+00, 5.9891375e-01 
2724, 7.7238887e-01, 1.0000000e+00, 5.9891375e-01 
2725, 2.7292894e-01, 1.0000000e+00, 5.4579175e-01 
2726, 2.7292894e-01, 0.0000000e+00, 5.4579175e-01 
2727, 4.8604348e-01, 1.0000000e+00, 6.5052023e-01 
2728, 4.8604348e-01, 0.0000000e+00, 6.5052023e-01 
2729, 2.7847348e-01, 0.0000000e+00, 2.1500740e-01 
2730, 2.7847348e-01, 1.0000000e+00, 2.1500740e-01 
2731, 2.5491971e-01, 0.0000000e+00, 2.1005752e-01 
2732, 2.5491971e-01, 1.0000000e+00, 2.1005752e-01 
2733, 1.0000000e+00, 9.8789695e-01, 6.4161922e-01 
2734, 1.2626863e-02, 0.0000000e+00, 6.4828647e-01 
2735, 0.0000000e+00, 5.4551984e-01, 3.3208000e-01 
2736, 1.0000000e+00, 5.4551984e-01, 3.3208000e-01 
2737, 0.0000000e+00, 5.7952386e-01, 3.5255321e-01 
2738, 1.0000000e+00, 5.7952386e-01, 3.5255321e-01 
2739, 0.0000000e+00, 7.9368064e-01, 5.2105358e-01 
2740, 1.0000000e+00, 7.9368064e-01, 5.2105358e-01 
2741, 9.9339966e-01, 0.0000000e+00, 5.4746245e-01 
2742, 0.0000000e+00, 9.3290958e-01, 5.3385704e-01 
2743, 1.0000000e+00, 5.2306876e-02, 5.2107177e-01 
2744, 0.0000000e+00, 5.2306876e-02, 5.2107177e-01 
2745, 1.0000000e+00, 2.9813844e-02, 5.6668373e-01 
2746, 0.0000000e+00, 2.9813844e-02, 5.6668373e-01 
2747, 1.0000000e+00, 1.2107063e-01, 2.0148393e-01 
2748, 0.0000000e+00, 1.2107063e-01, 2.0148393e-01 
2749, 8.0270365e-01, 0.0000000e+00, 2.2481965e-01 
2750, 8.0270365e-01, 1.0000000e+00, 2.2481965e-01 
2751, 1.5545817e-01, 1.0000000e+00, 1.7098264e-01 
2752, 1.5545817e-01, 0.0000000e+00, 1.7098264e-01 
2753, 0.0000000e+00, 9.3979447e-01, 7.7709310e-02 
2754, 1.0000000e+00, 9.3979447e-01, 7.7709310e-02 
2755, 7.5211020e-01, 4.9023695e-01, 1.0000000e+00 
2756, 7.5211020e-01, 4.9023695e-01, 0.0000000e+00 
2757, 5.2038402e-01, 0.0000000e+00, 3.9045474e-01 
2758, 5.2038402e-01, 1.0000000e+00, 3.9045474e-01 
2759, 6.0759846e-01, 0.0000000e+00, 1.6147227e-01 
2760, 6.0759846e-01, 1.0000000e+00, 1.6147227e-01 
2761, 1.3515235e-01, 4.5734538e-01, 0.0000000e+00 
2762, 1.3515235e-01, 4.5734538e-01, 1.0000000e+00 
2763, 0.0000000e+00, 6.0932912e-01, 2.5214011e-01 
2764, 1.0000000e+00, 6.0932912e-01, 2.5214011e-01 
2765, 4.2626234e-01, 6.6613387e-01, 0.0000000e+00 
2766, 4.2626234e-01, 6.6613387e-01, 1.0000000e+00 
2767, 6.2979417e-01, 7.4279943e-01, 0.0000000e+00 
2768, 6.2979417e-01, 7.4279943e-01, 1.0000000e+00 
2769, 0.0000000e+00, 1.2259983e-01, 2.2771108e-01 
2770, 1.0000000e+00, 1.2259983e-01, 2.2771108e-01 
2771, 0.0000000e+00, 8.1360404e-01, 1.9717241e-01 
2772, 1.0000000e+00, 8.1360404e-01, 1.9717241e-01 
2773, 8.1276364e-02, 1.0000000e+00, 1.7250105e-01 
2774, 8.1276364e-02, 0.0000000e+00, 1.7250105e-01 
2775, 1.0000000e+00, 9.1405171e-01, 1.7638573e-01 
2776, 0.0000000e+00, 9.1405171e-01, 1.7638573e-01 
2777, 9.4396877e-01, 1.0000000e+00, 2.1216447e-01 
2778, 9.4396877e-01, 0.0000000e+00, 2.1216447e-01 
2779, 3.5765727e-01, 4.9837946e-01, 0.0000000e+00 
2780, 3.5765727e-01, 4.9837946e-01, 1.0000000e+00 
2781, 0.0000000e+00, 6.3085382e-01, 1.3660213e-01 
2782, 1.0000000e+00, 6.3085382e-01, 1.3660213e-01 
2783, 8.8664485e-01, 8.9217153e-01, 0.0000000e+00 
2784, 8.8664485e-01, 8.9217153e-01, 1.0000000e+00 
2785, 9.3617977e-01, 8.6829162e-01, 0.0000000e+00 
2786, 0.0000000e+00, 7.8970559e-01, 9.7610225e-01 
2787, 4.7685520e-01, 1.0000000e+00, 5.2311955e-01 
2788, 4.7685520e-01, 0.0000000e+00, 5.2311955e-01 
2789, 6.4873445e-01, 1.0000000e+00, 4.3162180e-01 
2790, 6.4873445e-01, 0.0000000e+00, 4.3162180e-01 
2791, 7.8104981e-01, 1.0000000e+00, 2.2013326e-02 
2792, 0.0000000e+00, 1.5621606e-01, 9.6281886e-01 
2793, 7.8281490e-01, 9.9563776e-01, 0.0000000e+00 
2794, 7.9616131e-01, 0.0000000e+00, 9.7662347e-01 
2795, 0.0000000e+00, 5.4234305e-01, 2.8323244e-01 
2796, 1.0000000e+00, 5.4234305e-01, 2.8323244e-01 
2797, 1.0000000e+00, 2.7812547e-01, 4.2396035e-01 
2798, 0.0000000e+00, 2.7812547e-01, 4.2396035e-01 
2799, 2.1290741e-01, 5.3336388e-01, 1.0000000e+00 
2800, 2.1290741e-01, 5.3336388e-01, 0.0000000e+00 
2801, 0.0000000e+00, 5.8314358e-01, 7.9915174e-01 
2802, 1.0000000e+00, 5.8314358e-01, 7.9915174e-01 
2803, 1.7107080e-01, 4.9273488e-01, 1.0000000e+00 
2804, 1.7107080e-01, 4.9273488e-01, 0.0000000e+00 
2805, 0.0000000e+00, 5.2581727e-01, 9.8481101e-01 
2806, 1.0000000e+00, 5.2581727e-01, 9.8481101e-01 
2807, 7.2209396e-01, 7.6237334e-01, 1.0000000e+00 
2808, 7.2209396e-01, 7.6237334e-01, 0.0000000e+00 
2809, 1.0000000e+00, 8.9713705e-01, 9.9955466e-01 
2810, 7.5315608e-04, 8.9708810e-01, 0.0000000e+00 
2811, 7.5365849e-01, 9.9919071e-01, 1.0000000e+00 
2812, 7.5315235e-01, 0.0000000e+00, 1.0191048e-03 
2813, 6.4580416e-01, 1.0000000e+00, 5.8663250e-01 
2814, 6.4580416e-01, 0.0000000e+00, 5.8663250e-01 
2815, 7.5911442e-01, 0.0000000e+00, 9.8886970e-01 
2816, 7.6130057e-01, 9.9087754e-01, 0.0000000e+00 
2817, 7.3522749e-01, 0.0000000e+00, 8.4717116e-01 
2818, 7.3522749e-01, 1.0000000e+00, 8.4717116e-01 
2819, 5.3151562e-01, 9.5292562e-01, 0.0000000e+00 
2820, 5.4080839e-01, 0.0000000e+00, 9.7839864e-01 
2821, 8.1702222e-01, 5.3402917e-01, 0.0000000e+00 
2822, 8.1702222e-01, 5.3402917e-01, 1.0000000e+00 
2823, 1.0000000e+00, 8.8377795e-02, 4.4934970e-01 
2824, 0.0000000e+00, 8.8377795e-02, 4.4934970e-01 
2825, 9.8410009e-01, 0.0000000e+00, 4.7831863e-01 
2826, 9.8410009e-01, 1.0000000e+00, 4.7831863e-01 
2827, 5.1155601e-01, 1.2721691e-01, 0.0000000e+00 
2828, 5.1155601e-01, 1.2721691e-01, 1.0000000e+00 
2829, 7.5291894e-02, 1.0000000e+00, 7.0679642e-01 
2830, 7.5291894e-02, 0.0000000e+00, 7.0679642e-01 
2831, 5.1083251e-02, 1.3877788e-17, 9.5937069e-01 
2832, 4.3777334e-02, 9.5823144e-01, 0.0000000e+00 
2833, 4.7525337e-01, 0.0000000e+00, 7.1409610e-01 
2834, 4.7525337e-01, 1.0000000e+00, 7.1409610e-01 
2835, 4.1428144e-01, 1.0000000e+00, 4.2780647e-01 
2836, 4.1428144e-01, 0.0000000e+00, 4.2780647e-01 
2837, 1.0000000e+00, 2.9558511e-01, 1.7183925e-01 
2838, 0.0000000e+00, 2.9558511e-01, 1.7183925e-01 
2839, 1.0000000e+00, 3.9272316e-01, 1.9147156e-01 
2840, 0.0000000e+00, 3.9272316e-01, 1.9147156e-01 
2841, 1.0000000e+00, 3.7224289e-01, 1.9784583e-01 
2842, 2.8045101e-01, 3.9973006e-01, 1.0000000e+00 
2843, 2.3527027e-01, 1.0000000e+00, 7.7410501e-01 
2844, 2.3527027e-01, 0.0000000e+00, 7.7410501e-01 
2845, 2.1006398e-01, 1.0000000e+00, 7.2557796e-01 
2846, 2.1006398e-01, 0.0000000e+00, 7.2557796e-01 
2847, 0.0000000e+00, 7.4958492e-01, 7.5673881e-01 
2848, 1.0000000e+00, 7.4958492e-01, 7.5673881e-01 
2849, 1.0000000e+00, 9.0952268e-01, 8.9350060e-01 
2850, 0.0000000e+00, 9.0952268e-01, 8.9350060e-01 
2851, 5.6298001e-01, 0.0000000e+00, 2.7601478e-02 
2852, 5.6298001e-01, 1.0000000e+00, 2.7601478e-02 
2853, 5.5872751e-01, 5.1633523e-02, 0.0000000e+00 
2854, 7.3435786e-01, 1.0000000e+00, 8.7300747e-01 
2855, 7.6031641e-01, 1.0000000e+00, 4.4447424e-01 
2856, 7.6031641e-01, 0.0000000e+00, 4.4447424e-01 
2857, 5.5607796e-01, 2.7727155e-01, 1.0000000e+00 
2858, 5.5607796e-01, 2.7727155e-01, 0.0000000e+00 
2859, 0.0000000e+00, 5.1951652e-01, 9.8198088e-01 
2860, 7.2371030e-01, 5.8841864e-01, 0.0000000e+00 
2861, 0.0000000e+00, 5.2021289e-01, 9.6183761e-01 
2862, 1.0000000e+00, 5.2021289e-01, 9.6183761e-01 
2863, 8.5050893e-01, 1.0000000e+00, 8.7905881e-02 
2864, 8.5050893e-01, 0.0000000e+00, 8.7905881e-02 
2865, 3.0648778e-01, 1.0000000e+00, 4.3181087e-01 
2866, 3.0648778e-01, 0.0000000e+00, 4.3181087e-01 
2867, 8.5661197e-01, 2.9053457e-01, 0.0000000e+00 
2868, 8.5661197e-01, 2.9053457e-01, 1.0000000e+00 
2869, 6.3602154e-01, 6.9229720e-01, 0.0000000e+00 
2870, 6.3602154e-01, 6.9229720e-01, 1.0000000e+00 
2871, 1.0276893e-02, 1.0000000e+00, 5.9708484e-01 
2872, 1.0000000e+00, 2.9042724e-03, 5.9115625e-01 
2873, 1.0000000e+00, 9.2616496e-01, 6.0673946e-01 
2874, 0.0000000e+00, 9.2616496e-01, 6.0673946e-01 
2875, 0.0000000e+00, 2.8211343e-02, 8.4600667e-01 
2876, 8.1502965e-01, 1.0000000e+00, 7.7410048e-01 
2877, 9.2339724e-01, 1.0000000e+00, 4.8650864e-01 
2878, 0.0000000e+00, 1.0041349e-01, 4.9213049e-01 
2879, 9.1717739e-01, 1.0000000e+00, 4.9208021e-01 
2880, 9.1717739e-01, 0.0000000e+00, 4.9208021e-01 
2881, 1.0000000e+00, 9.5648142e-01, 4.4000460e-01 
2882, 0.0000000e+00, 9.5648142e-01, 4.4000460e-01 
2883, 6.6776150e-01, 3.2637699e-01, 0.0000000e+00 
2884, 6.6776150e-01, 3.2637699e-01, 1.0000000e+00 
2885, 1.0000000e+00, 2.2586977e-01, 3.1090460e-02 
2886, 0.0000000e+00, 2.2586977e-01, 3.1090460e-02 
2887, 3.5611890e-01, 1.0000000e+00, 9.0555431e-01 
2888, 3.5611890e-01, 0.0000000e+00, 9.0555431e-01 
2889, 3.3458848e-01, 1.0000000e+00, 9.0282489e-01 
2890, 3.3458848e-01, 0.0000000e+00, 9.0282489e-01 
2891, 4.0805487e-01, 1.0000000e+00, 8.8861031e-01 
2892, 4.0805487e-01, 0.0000000e+00, 8.8861031e-01 
2893, 1.0000000e+00, 3.3567293e-01, 3.4932738e-01 
2894, 0.0000000e+00, 3.3567293e-01, 3.4932738e-01 
2895, 2.5558655e-01, 7.8547819e-01, 1.0000000e+00 
2896, 2.5558655e-01, 7.8547819e-01, 0.0000000e+00 
2897, 0.0000000e+00, 4.9039970e-01, 9.4658667e-01 
2898, 1.0000000e+00, 4.9039970e-01, 9.4658667e-01 
2899, 0.0000000e+00, 3.5700083e-01, 8.0378426e-01 
2900, 1.0000000e+00, 3.5700083e-01, 8.0378426e-01 
2901, 0.0000000e+00, 3.5565965e-01, 9.1504765e-01 
2902, 1.0000000e+00, 3.5565965e-01, 9.1504765e-01 
2903, 6.2674446e-01, 5.2219630e-01, 0.0000000e+00 
2904, 6.2674446e-01, 5.2219630e-01, 1.0000000e+00 
2905, 0.0000000e+00, 7.8160975e-01, 2.5232574e-01 
2906, 1.0000000e+00, 7.8160975e-01, 2.5232574e-01 
2907, 0.0000000e+00, 8.8669129e-01, 2.3349173e-01 
2908, 9.4722621e-01, 0.0000000e+00, 2.1535049e-01 
2909, 4.3417722e-01, 8.0060394e-01, 0.0000000e+00 
2910, 4.3417722e-01, 8.0060394e-01, 1.0000000e+00 
2911, 1.8066078e-01, 7.6186153e-01, 0.0000000e+00 
2912, 1.8066078e-01, 7.6186153e-01, 1.0000000e+00 
2913, 6.1442602e-01, 1.0000000e+00, 5.4313845e-01 
2914, 6.1442602e-01, 0.0000000e+00, 5.4313845e-01 
2915, 8.0085788e-01, 0.0000000e+00, 3.8126964e-01 
2916, 8.0085788e-01, 1.0000000e+00, 3.8126964e-01 
2917, 7.5623095e-01, 0.0000000e+00, 3.5285837e-01 
2918, 7.5623095e-01, 1.0000000e+00, 3.5285837e-01 
2919, 1.2626922e-01, 6.0018120e-01, 1.0000000e+00 
2920, 1.2626922e-01, 6.0018120e-01, 0.0000000e+00 
2921, 1.1885760e-01, 2.9412894e-01, 1.0000000e+00 
2922, 1.1885760e-01, 2.9412894e-01, 0.0000000e+00 
2923, 7.6049130e-01, 1.0000000e+00, 2.8672140e-01 
2924, 7.6049130e-01, 0.0000000e+00, 2.8672140e-01 
2925, 8.2015080e-01, 1.0000000e+00, 5.0049915e-01 
2926, 8.2015080e-01, 0.0000000e+00, 5.0049915e-01 
2927, 7.3434255e-01, 1.0000000e+00, 3.4163521e-01 
2928, 7.3434255e-01, 0.0000000e+00, 3.4163521e-01 
2929, 1.0000000e+00, 4.7192231e-01, 7.9886517e-01 
2930, 0.0000000e+00, 4.7192231e-01, 7.9886517e-01 
2931, 0.0000000e+00, 3.5929946e-01, 7.3365858e-01 
2932, 1.0000000e+00, 3.5929946e-01, 7.3365858e-01 
2933, 1.0000000e+00, 2.5900775e-01, 5.2470311e-01 
2934, 0.0000000e+00, 2.5900775e-01, 5.2470311e-01 
2935, 1.0000000e+00, 3.8108799e-01, 4.8785701e-01 
2936, 0.0000000e+00, 3.8108799e-01, 4.8785701e-01 
2937, 1.0000000e+00, 7.9317301e-01, 4.7661336e-01 
2938, 0.0000000e+00, 7.9317301e-01, 4.7661336e-01 
2939, 0.0000000e+00, 7.7887804e-01, 4.8021677e-01 
2940, 1.0000000e+00, 7.7887804e-01, 4.8021677e-01 
2941, 0.0000000e+00, 5.9011008e-01, 3.4846316e-01 
2942, 1.0000000e+00, 5.9011008e-01, 3.4846316e-01 
2943, 2.1266894e-01, 5.3770750e-01, 0.0000000e+00 
2944, 2.1266894e-01, 5.3770750e-01, 1.0000000e+00 
2945, 1.0000000e+00, 2.7884283e-01, 3.2236970e-01 
2946, 0.0000000e+00, 2.7884283e-01, 3.2236970e-01 
2947, 8.8723374e-01, 3.6868682e-01, 0.0000000e+00 
2948, 8.8723374e-01, 3.6868682e-01, 1.0000000e+00 
2949, 3.8388677e-01, 8.0389047e-01, 1.0000000e+00 
2950, 3.8388677e-01, 8.0389047e-01, 0.0000000e+00 
2951, 0.0000000e+00, 2.2861063e-01, 8.1697127e-01 
2952, 9.1248155e-01, 2.5044817e-01, 0.0000000e+00 
2953, 0.0000000e+00, 4.6568707e-01, 7.5457828e-01 
2954, 1.0000000e+00, 4.6568707e-01, 7.5457828e-01 
2955, 1.0000000e+00, 9.0416392e-01, 1.6440888e-01 
2956, 7.7289352e-02, 0.0000000e+00, 8.9176250e-02 
2957, 1.0000000e+00, 9.0271372e-01, 1.6559950e-01 
2958, 0.0000000e+00, 9.0271372e-01, 1.6559950e-01 
2959, 1.3490471e-01, 7.3722013e-01, 6.9388939e-18 
2960, 1.0000000e+00, 7.8428660e-01, 7.8904969e-01 
2961, 0.0000000e+00, 7.2540104e-01, 1.9903165e-01 
2962, 1.0000000e+00, 7.2540104e-01, 1.9903165e-01 
2963, 2.5416488e-01, 0.0000000e+00, 5.2234059e-01 
2964, 2.5416488e-01, 1.0000000e+00, 5.2234059e-01 
2965, 1.0000000e+00, 1.3813593e-01, 1.5135879e-01 
2966, 0.0000000e+00, 1.3813593e-01, 1.5135879e-01 
2967, 1.0000000e+00, 4.9962403e-01, 8.6264984e-01 
2968, 0.0000000e+00, 4.9962403e-01, 8.6264984e-01 
2969, 0.0000000e+00, 7.2357401e-01, 8.2039884e-02 
2970, 1.0000000e+00, 7.2357401e-01, 8.2039884e-02 
2971, 5.0744958e-01, 1.0000000e+00, 6.0970531e-01 
2972, 5.0744958e-01, 0.0000000e+00, 6.0970531e-01 
2973, 1.0000000e+00, 7.7983047e-01, 1.0330706e-01 
2974, 1.9939937e-01, 6.0746183e-01, 1.0000000e+00 
2975, 5.2255212e-01, 8.6474882e-03, 1.3877788e-17 
2976, 6.0510017e-01, 1.0000000e+00, 9.6083182e-01 
2977, 1.1227476e-01, 0.0000000e+00, 9.3196397e-01 
2978, 8.6927148e-02, 9.3338278e-01, 0.0000000e+00 
2979, 8.1018596e-02, 0.0000000e+00, 8.8206595e-01 
2980, 8.1018596e-02, 1.0000000e+00, 8.8206595e-01 
2981, 2.4701223e-01, 0.0000000e+00, 8.2750317e-01 
2982, 2.4701223e-01, 1.0000000e+00, 8.2750317e-01 
2983, 1.2531152e-01, 3.7191392e-01, 1.0000000e+00 
2984, 1.2531152e-01, 3.7191392e-01, 0.0000000e+00 
2985, 3.6679128e-01, 0.0000000e+00, 1.4967227e-01 
2986, 3.6679128e-01, 1.0000000e+00, 1.4967227e-01 
2987, 1.0000000e+00, 3.0881855e-01, 7.8897412e-01 
2988, 0.0000000e+00, 3.0881855e-01, 7.8897412e-01 
2989, 1.0000000e+00, 8.0111344e-01, 6.5725592e-01 
2990, 0.0000000e+00, 8.0111344e-01, 6.5725592e-01 
2991, 0.0000000e+00, 3.7053581e-01, 7.6983617e-01 
2992, 7.4722230e-01, 2.7053052e-01, 0.0000000e+00 
2993, 4.4729715e-02, 4.9718512e-01, 1.0000000e+00 
2994, 4.4729715e-02, 4.9718512e-01, 0.0000000e+00 
2995, 0.0000000e+00, 5.4311543e-01, 7.5735766e-01 
2996, 1.0000000e+00, 5.4311543e-01, 7.5735766e-01 
2997, 1.1214912e-01, 1.0000000e+00, 1.6490323e-01 
2998, 1.1214912e-01, 0.0000000e+00, 1.6490323e-01 
2999, 8.3833178e-01, 1.0000000e+00, 5.8219535e-01 
3000, 8.3833178e-01, 0.0000000e+00, 5.8219535e-01 
3001, 6.4815808e-01, 1.0000000e+00, 4.4377601e-01 
3002, 6.4815808e-01, 0.0000000e+00, 4.4377601e-01 
3003, 7.3232426e-01, 1.0000000e+00, 5.4702364e-01 
3004, 7.3232426e-01, 0.0000000e+00, 5.4702364e-01 
3005, 1.0000000e+00, 9.6943563e-01, 1.6844045e-01 
3006, 1.2797350e-01, 0.0000000e+00, 1.4402299e-01 
3007, 9.6480633e-01, 1.0000000e+00, 2.5741810e-01 
3008, 0.0000000e+00, 1.6973697e-02, 2.6879017e-01 
3009, 7.4128867e-01, 1.0000000e+00, 1.4960472e-01 
3010, 7.4128867e-01, 0.0000000e+00, 1.4960472e-01 
3011, 2.5920553e-01, 8.9490168e-01, 1.0000000e+00 
3012, 2.5920553e-01, 8.9490168e-01, 0.0000000e+00 
3013, 1.7809315e-01, 4.6992216e-01, 0.0000000e+00 
3014, 1.7809315e-01, 4.6992216e-01, 1.0000000e+00 
3015, 0.0000000e+00, 5.2007816e-01, 1.3428441e-01 
3016, 1.0000000e+00, 5.2007816e-01, 1.3428441e-01 
3017, 5.5313207e-01, 0.0000000e+00, 6.6167891e-01 
3018, 5.5313207e-01, 1.0000000e+00, 6.6167891e-01 
3019, 7.5748588e-01, 3.1336120e-01, 1.0000000e+00 
3020, 7.5748588e-01, 3.1336120e-01, 0.0000000e+00 
3021, 1.0000000e+00, 3.7423016e-04, 3.4223290e-01 
3022, 1.5195439e-03, 1.0000000e+00, 3.4192550e-01 
3023, 1.5100637e-01, 1.0000000e+00, 2.9854301e-01 
3024, 1.5100637e-01, 0.0000000e+00, 2.9854301e-01 
3025, 0.0000000e+00, 9.2480287e-01, 2.4316758e-01 
3026, 1.0000000e+00, 9.2480287e-01, 2.4316758e-01 
3027, 2.2701744e-01, 3.2515268e-01, 0.0000000e+00 
3028, 2.2701744e-01, 3.2515268e-01, 1.0000000e+00 
3029, 4.7384400e-02, 1.0000000e+00, 4.0841563e-01 
3030, 1.0000000e+00, 3.6173555e-02, 3.5156401e-01 
3031, 1.1499957e-01, 1.0000000e+00, 7.1492823e-01 
3032, 1.1499957e-01, 0.0000000e+00, 7.1492823e-01 
3033, 9.4645956e-01, 0.0000000e+00, 2.3557382e-01 
3034, 9.4645956e-01, 1.0000000e+00, 2.3557382e-01 
3035, 1.0000000e+00, 7.4304253e-01, 9.7561022e-02 
3036, 1.7046573e-01, 0.0000000e+00, 1.3273811e-01 
3037, 1.0000000e+00, 4.4991638e-01, 7.5156407e-04 
3038, 8.8237748e-04, 4.4841950e-01, 1.0000000e+00 
3039, 5.6574979e-01, 4.2990311e-02, 1.0000000e+00 
3040, 6.0884046e-01, 1.0000000e+00, 1.3695853e-01 
3041, 5.9674206e-01, 7.0155119e-02, 1.0000000e+00 
3042, 5.9674206e-01, 7.0155119e-02, 0.0000000e+00 
3043, 1.8801269e-01, 0.0000000e+00, 4.0220097e-01 
3044, 1.8801269e-01, 1.0000000e+00, 4.0220097e-01 
3045, 0.0000000e+00, 6.3106880e-01, 5.2635507e-01 
3046, 1.0000000e+00, 6.3106880e-01, 5.2635507e-01 
3047, 1.4513054e-01, 0.0000000e+00, 5.9603770e-01 
3048, 1.4513054e-01, 1.0000000e+00, 5.9603770e-01 
3049, 4.6241624e-01, 0.0000000e+00, 7.0349970e-01 
3050, 4.6241624e-01, 1.0000000e+00, 7.0349970e-01 
3051, 9.2963274e-01, 0.0000000e+00, 7.4109788e-01 
3052, 0.0000000e+00, 8.8341571e-01, 5.6191521e-01 
3053, 9.2884844e-02, 1.0659769e-02, 0.0000000e+00 
3054, 9.2884844e-02, 1.0659769e-02, 1.0000000e+00 
3055, 0.0000000e+00, 2.7413646e-01, 2.1648485e-01 
3056, 1.0000000e+00, 2.7413646e-01, 2.1648485e-01 
3057, 8.4387184e-01, 1.0000000e+00, 9.9032781e-01 
3058, 8.3686546e-01, 2.2433060e-02, 0.0000000e+00 
3059, 2.7755576e-17, 7.1965927e-01, 4.8885101e-01 
3060, 1.0000000e+00, 7.1965927e-01, 4.8885101e-01 
3061, 6.4945020e-01, 1.0000000e+00, 7.3084303e-01 
3062, 6.4945020e-01, 0.0000000e+00, 7.3084303e-01 
3063, 1.0000000e+00, 6.1364942e-01, 2.3342649e-01 
3064, 0.0000000e+00, 6.1364942e-01, 2.3342649e-01 
3065, 1.0000000e+00, 9.5986806e-01, 2.4911902e-02 
3066, 7.4307581e-02, 0.0000000e+00, 5.7500767e-03 
3067, 6.9388939e-18, 3.8986349e-01, 4.4320485e-01 
3068, 1.0000000e+00, 3.8986349e-01, 4.4320485e-01 
3069, 0.0000000e+00, 4.7290188e-01, 4.2681429e-01 
3070, 1.0000000e+00, 4.7290188e-01, 4.2681429e-01 
3071, 6.9388939e-18, 3.6543448e-01, 3.1788400e-01 
3072, 1.0000000e+00, 3.6543448e-01, 3.1788400e-01 
3073, 0.0000000e+00, 4.4157670e-01, 2.8404028e-01 
3074, 1.0000000e+00, 4.4157670e-01, 2.8404028e-01 
3075, 0.0000000e+00, 1.4245652e-01, 2.5411296e-01 
3076, 1.0000000e+00, 1.4245652e-01, 2.5411296e-01 
3077, 1.0755631e-01, 0.0000000e+00, 3.4997227e-01 
3078, 1.0755631e-01, 1.0000000e+00, 3.4997227e-01 
3079, 8.8364814e-01, 1.0000000e+00, 5.3714183e-01 
3080, 8.8364814e-01, 0.0000000e+00, 5.3714183e-01 
3081, 2.2451653e-01, 1.0000000e+00, 2.0292479e-01 
3082, 1.0000000e+00, 5.1780873e-02, 2.4981815e-01 
3083, 3.4664363e-01, 0.0000000e+00, 2.4101997e-01 
3084, 3.4664363e-01, 1.0000000e+00, 2.4101997e-01 
3085, 9.1625435e-02, 0.0000000e+00, 3.1862499e-01 
3086, 1.0000000e+00, 9.6497502e-01, 3.2064092e-01 
3087, 7.8740450e-01, 1.0000000e+00, 8.4326115e-01 
3088, 7.8740450e-01, 0.0000000e+00, 8.4326115e-01 
3089, 5.8737253e-01, 8.0027143e-01, 1.0000000e+00 
3090, 5.8737253e-01, 8.0027143e-01, 0.0000000e+00 
3091, 8.6765023e-01, 9.4402700e-01, 0.0000000e+00 
3092, 8.6765023e-01, 9.4402700e-01, 1.0000000e+00 
3093, 9.4555553e-01, 1.0000000e+00, 3.6806386e-02 
3094, 1.0000000e+00, 0.0000000e+00, 1.0000000e+00 
3095, 3.2510004e-01, 0.0000000e+00, 8.4179048e-02 
3096, 3.2510004e-01, 1.0000000e+00, 8.4179048e-02 
3097, 4.7505866e-01, 0.0000000e+00, 6.5504215e-02 
3098, 4.7505866e-01, 1.0000000e+00, 6.5504215e-02 
3099, 3.8789948e-01, 0.0000000e+00, 6.2097540e-02 
3100, 5.1111412e-01, 9.1605709e-01, 1.0000000e+00 
3101, 7.5831102e-01, 1.0000000e+00, 6.8412111e-01 
3102, 7.5831102e-01, 0.0000000e+00, 6.8412111e-01 
3103, 7.7465276e-01, 0.0000000e+00, 7.4806327e-01 
3104, 7.7465276e-01, 1.0000000e+00, 7.4806327e-01 
3105, 1.0000000e+00, 2.6217090e-01, 2.6760016e-01 
3106, 0.0000000e+00, 2.6217090e-01, 2.6760016e-01 
3107, 1.0000000e+00, 7.1874195e-01, 4.2471399e-01 
3108, 0.0000000e+00, 7.1874195e-01, 4.2471399e-01 
3109, 5.3698088e-01, 8.8693240e-01, 0.0000000e+00 
3110, 4.5604168e-01, 0.0000000e+00, 8.7943080e-01 
3111, 6.3258626e-01, 8.5514969e-01, 0.0000000e+00 
3112, 6.3258626e-01, 8.5514969e-01, 1.0000000e+00 
3113, 6.6620066e-01, 1.0000000e+00, 3.4324968e-02 
3114, 6.6620066e-01, 0.0000000e+00, 3.4324968e-02 
3115, 7.6478055e-01, 0.0000000e+00, 4.3481316e-01 
3116, 0.0000000e+00, 7.4300796e-01, 4.4843141e-01 
3117, 0.0000000e+00, 4.6285535e-01, 5.7270330e-01 
3118, 1.0000000e+00, 4.6285535e-01, 5.7270330e-01 
3119, 0.0000000e+00, 4.6490772e-01, 5.8756334e-01 
3120, 1.0000000e+00, 4.6490772e-01, 5.8756334e-01 
3121, 8.2396070e-01, 1.0000000e+00, 2.3868111e-01 
3122, 8.2396070e-01, 0.0000000e+00, 2.3868111e-01 
3123, 0.0000000e+00, 4.3882232e-01, 1.8439743e-01 
3124, 1.0000000e+00, 4.3882232e-01, 1.8439743e-01 
3125, 1.5146851e-01, 3.3127706e-01, 0.0000000e+00 
3126, 1.5146851e-01, 3.3127706e-01, 1.0000000e+00 
3127, 0.0000000e+00, 4.3930090e-01, 1.5906710e-01 
3128, 1.0000000e+00, 4.3930090e-01, 1.5906710e-01 
3129, 0.0000000e+00, 3.4784155e-01, 6.2849385e-01 
3130, 1.0000000e+00, 3.4784155e-01, 6.2849385e-01 
3131, 8.6911588e-01, 0.0000000e+00, 8.7375865e-01 
3132, 8.6911588e-01, 1.0000000e+00, 8.7375865e-01 
3133, 9.9155038e-01, 2.2294117e-01, 1.0000000e+00 
3134, 0.0000000e+00, 2.4767388e-01, 1.5627327e-02 
3135, 9.4510654e-01, 6.3007163e-02, 1.0000000e+00 
3136, 9.3208308e-01, 1.0000000e+00, 6.5022975e-02 
3137, 6.1007144e-01, 1.0000000e+00, 4.6184095e-01 
3138, 6.1007144e-01, 0.0000000e+00, 4.6184095e-01 
3139, 3.8376263e-01, 1.0000000e+00, 1.2325883e-01 
3140, 3.8376263e-01, 0.0000000e+00, 1.2325883e-01 
3141, 6.3044719e-01, 1.0000000e+00, 2.1076247e-01 
3142, 6.3044719e-01, 0.0000000e+00, 2.1076247e-01 
3143, 7.0942471e-02, 2.4662003e-01, 1.0000000e+00 
3144, 7.0942471e-02, 2.4662003e-01, 0.0000000e+00 
3145, 1.7156174e-01, 4.1410378e-01, 1.0000000e+00 
3146, 1.7156174e-01, 4.1410378e-01, 0.0000000e+00 
3147, 0.0000000e+00, 3.8551800e-03, 4.3158964e-01 
3148, 9.9660841e-01, 1.0000000e+00, 4.3209042e-01 
3149, 2.5900912e-01, 0.0000000e+00, 5.9040310e-01 
3150, 2.5900912e-01, 1.0000000e+00, 5.9040310e-01 
3151, 2.3469436e-01, 0.0000000e+00, 5.9964077e-01 
3152, 1.0000000e+00, 8.8907559e-01, 6.9248870e-01 
3153, 1.0000000e+00, 9.0719666e-01, 2.7390482e-01 
3154, 0.0000000e+00, 9.0719666e-01, 2.7390482e-01 
3155, 2.8929844e-01, 1.0000000e+00, 2.7625791e-01 
3156, 2.8929844e-01, 0.0000000e+00, 2.7625791e-01 
3157, 0.0000000e+00, 6.4361633e-01, 3.8248437e-01 
3158, 1.0000000e+00, 6.4361633e-01, 3.8248437e-01 
3159, 2.0888386e-01, 1.0000000e+00, 2.1257996e-01 
3160, 2.0888386e-01, 0.0000000e+00, 2.1257996e-01 
3161, 1.0000000e+00, 4.9507499e-01, 2.2594296e-01 
3162, 0.0000000e+00, 4.9507499e-01, 2.2594296e-01 
3163, 0.0000000e+00, 4.7420306e-01, 5.4542955e-01 
3164, 1.0000000e+00, 4.7420306e-01, 5.4542955e-01 
3165, 0.0000000e+00, 4.4970352e-01, 5.8131334e-01 
3166, 1.0000000e+00, 4.4970352e-01, 5.8131334e-01 
3167, 7.9497689e-01, 1.0000000e+00, 9.6454056e-01 
3168, 0.0000000e+00, 4.7908241e-02, 8.6286192e-01 
3169, 7.8706312e-01, 1.0000000e+00, 9.8287982e-01 
3170, 0.0000000e+00, 7.3170520e-02, 5.9778006e-02 
3171, 3.0454882e-01, 9.1636454e-01, 1.0000000e+00 
3172, 3.0454882e-01, 9.1636454e-01, 0.0000000e+00 
3173, 2.9967985e-01, 8.2969125e-01, 1.0000000e+00 
3174, 2.9967985e-01, 8.2969125e-01, 0.0000000e+00 
3175, 1.0000000e+00, 8.6098406e-01, 6.3919245e-01 
3176, 0.0000000e+00, 8.6098406e-01, 6.3919245e-01 
3177, 0.0000000e+00, 4.5349379e-01, 9.1888720e-01 
3178, 1.0000000e+00, 4.5349379e-01, 9.1888720e-01 
3179, 1.0000000e+00, 3.0501709e-01, 2.7646684e-01 
3180, 0.0000000e+00, 3.0501709e-01, 2.7646684e-01 
3181, 1.0000000e+00, 2.9530199e-01, 5.2637831e-01 
3182, 0.0000000e+00, 2.9530199e-01, 5.2637831e-01 
3183, 4.0392672e-01, 1.0000000e+00, 4.8502622e-01 
3184, 4.0392672e-01, 0.0000000e+00, 4.8502622e-01 
3185, 7.2172505e-01, 8.2613228e-01, 1.0000000e+00 
3186, 7.2172505e-01, 8.2613228e-01, 0.0000000e+00 
3187, 3.8660988e-01, 3.9603890e-01, 1.0000000e+00 
3188, 3.8660988e-01, 3.9603890e-01, 0.0000000e+00 
3189, 2.1355315e-01, 9.8318931e-02, 1.0000000e+00 
3190, 2.1355315e-01, 9.8318931e-02, 0.0000000e+00 
3191, 1.8842599e-01, 2.1960277e-01, 1.0000000e+00 
3192, 1.8842599e-01, 2.1960277e-01, 0.0000000e+00 
3193, 2.4868030e-01, 0.0000000e+00, 7.4636751e-01 
3194, 2.4868030e-01, 1.0000000e+00, 7.4636751e-01 
3195, 6.2907974e-01, 1.0000000e+00, 6.2111600e-01 
3196, 6.2907974e-01, 0.0000000e+00, 6.2111600e-01 
3197, 0.0000000e+00, 5.0871238e-01, 3.1458247e-01 
3198, 1.0000000e+00, 5.0871238e-01, 3.1458247e-01 
3199, 3.4694470e-18, 4.0399474e-01, 2.8482489e-01 
3200, 1.0000000e+00, 4.0399474e-01, 2.8482489e-01 
3201, 6.6400905e-01, 1.0000000e+00, 3.7883822e-01 
3202, 6.6400905e-01, 0.0000000e+00, 3.7883822e-01 
3203, 5.9506424e-01, 0.0000000e+00, 3.0279897e-01 
3204, 5.9506424e-01, 1.0000000e+00, 3.0279897e-01 
3205, 6.5393830e-01, 0.0000000e+00, 2.4151305e-01 
3206, 6.5393830e-01, 1.0000000e+00, 2.4151305e-01 
3207, 1.3502308e-01, 1.0000000e+00, 7.4866375e-02 
3208, 1.0000000e+00, 8.9416072e-02, 1.4327318e-01 
3209, 7.4233036e-01, 1.3895565e-01, 1.0000000e+00 
3210, 7.4233036e-01, 1.3895565e-01, 0.0000000e+00 
3211, 1.0000000e+00, 6.2186465e-01, 1.8636113e-01 
3212, 0.0000000e+00, 6.2186465e-01, 1.8636113e-01 
3213, 1.0000000e+00, 7.2045461e-01, 4.2596115e-01 
3214, 0.0000000e+00, 7.2045461e-01, 4.2596115e-01 
3215, 4.9967429e-01, 1.0000000e+00, 3.8552974e-02 
3216, 4.9967429e-01, 0.0000000e+00, 3.8552974e-02 
3217, 7.4183462e-01, 1.0000000e+00, 3.4758664e-01 
3218, 7.4183462e-01, 0.0000000e+00, 3.4758664e-01 
3219, 1.0000000e+00, 9.1904932e-01, 1.9896612e-01 
3220, 0.0000000e+00, 9.1904932e-01, 1.9896612e-01 
3221, 0.0000000e+00, 9.0402801e-01, 6.1034002e-01 
3222, 1.0000000e+00, 9.0402801e-01, 6.1034002e-01 
3223, 6.7342854e-01, 5.1359025e-01, 0.0000000e+00 
3224, 6.7342854e-01, 5.1359025e-01, 1.0000000e+00 
3225, 0.0000000e+00, 4.4149119e-01, 4.8372539e-01 
3226, 1.0000000e+00, 4.4149119e-01, 4.8372539e-01 
3227, 3.4638638e-01, 0.0000000e+00, 5.3185852e-01 
3228, 3.4638638e-01, 1.0000000e+00, 5.3185852e-01 
3229, 8.5946140e-01, 0.0000000e+00, 6.6574767e-01 
3230, 8.5946140e-01, 1.0000000e+00, 6.6574767e-01 
3231, 7.6048534e-01, 0.0000000e+00, 4.7930157e-01 
3232, 7.6048534e-01, 1.0000000e+00, 4.7930157e-01 
3233, 4.0154566e-01, 1.2864030e-01, 1.0000000e+00 
3234, 4.0154566e-01, 1.2864030e-01, 0.0000000e+00 
3235, 3.8681992e-01, 1.2474964e-01, 1.0000000e+00 
3236, 3.8681992e-01, 1.2474964e-01, 0.0000000e+00 
3237, 1.0000000e+00, 8.4789204e-01, 7.6213879e-01 
3238, 0.0000000e+00, 8.4789204e-01, 7.6213879e-01 
3239, 8.7502522e-01, 1.0000000e+00, 6.7276599e-01 
3240, 8.7502522e-01, 0.0000000e+00, 6.7276599e-01 
3241, 9.4226505e-01, 1.0000000e+00, 1.7971699e-01 
3242, 9.4226505e-01, 0.0000000e+00, 1.7971699e-01 
3243, 6.5032291e-01, 3.9958418e-01, 0.0000000e+00 
3244, 6.5032291e-01, 3.9958418e-01, 1.0000000e+00 
3245, 0.0000000e+00, 8.8040720e-01, 9.6731971e-01 
3246, 1.0000000e+00, 8.8040720e-01, 9.6731971e-01 
3247, 3.6525874e-01, 8.7769610e-01, 0.0000000e+00 
3248, 3.6525874e-01, 8.7769610e-01, 1.0000000e+00 
3249, 3.0961787e-01, 1.0000000e+00, 3.8337659e-02 
3250, 1.1438686e-01, 2.3126666e-01, 1.0000000e+00 
3251, 1.0000000e+00, 6.3900418e-01, 6.8808642e-01 
3252, 0.0000000e+00, 6.3900418e-01, 6.8808642e-01 
3253, 5.3199766e-01, 1.0000000e+00, 4.1705135e-01 
3254, 5.3199766e-01, 0.0000000e+00, 4.1705135e-01 
3255, 6.3939511e-01, 1.0000000e+00, 5.6064143e-01 
3256, 6.3939511e-01, 0.0000000e+00, 5.6064143e-01 
3257, 0.0000000e+00, 5.1558623e-01, 6.7051408e-01 
3258, 1.0000000e+00, 5.1558623e-01, 6.7051408e-01 
3259, 0.0000000e+00, 3.9926739e-01, 6.7413461e-01 
3260, 1.0000000e+00, 3.9926739e-01, 6.7413461e-01 
3261, 0.0000000e+00, 5.3178933e-01, 6.8849549e-01 
3262, 1.0000000e+00, 5.3178933e-01, 6.8849549e-01 
3263, 0.0000000e+00, 5.1773579e-01, 6.6191663e-01 
3264, 1.0000000e+00, 5.1773579e-01, 6.6191663e-01 
3265, 5.4077384e-01, 1.0000000e+00, 5.8227046e-01 
3266, 5.4077384e-01, 0.0000000e+00, 5.8227046e-01 
3267, 1.0000000e+00, 6.1221703e-01, 5.0020940e-01 
3268, 0.0000000e+00, 6.1221703e-01, 5.0020940e-01 
3269, 4.2014455e-01, 1.0000000e+00, 6.8398849e-01 
3270, 4.2014455e-01, 0.0000000e+00, 6.8398849e-01 
3271, 5.5251304e-01, 1.0000000e+00, 6.6966563e-01 
3272, 5.5251304e-01, 0.0000000e+00, 6.6966563e-01 
3273, 7.7463892e-01, 1.0000000e+00, 5.5729395e-01 
3274, 7.7463892e-01, 0.0000000e+00, 5.5729395e-01 
3275, 0.0000000e+00, 8.4348389e-01, 9.4911102e-01 
3276, 1.0000000e+00, 8.4348389e-01, 9.4911102e-01 
3277, 3.1976824e-02, 9.1029337e-01, 1.0000000e+00 
3278, 3.1976824e-02, 9.1029337e-01, 0.0000000e+00 
3279, 6.2550501e-01, 6.9987423e-01, 1.0000000e+00 
3280, 6.2550501e-01, 6.9987423e-01, 0.0000000e+00 
3281, 1.0000000e+00, 1.2836462e-02, 7.0606011e-01 
3282, 0.0000000e+00, 1.2836462e-02, 7.0606011e-01 
3283, 9.8108764e-01, 0.0000000e+00, 7.1333785e-01 
3284, 9.8108764e-01, 1.0000000e+00, 7.1333785e-01 
3285, 8.6535279e-01, 0.0000000e+00, 8.6075576e-01 
3286, 8.6535279e-01, 1.0000000e+00, 8.6075576e-01 
3287, 0.0000000e+00, 9.2123244e-01, 1.7854119e-01 
3288, 1.0000000e+00, 9.2123244e-01, 1.7854119e-01 
3289, 1.8901532e-01, 1.0000000e+00, 4.5977856e-01 
3290, 1.8901532e-01, 0.0000000e+00, 4.5977856e-01 
3291, 1.0000000e+00, 6.7669712e-01, 9.1979463e-01 
3292, 0.0000000e+00, 6.7669712e-01, 9.1979463e-01 
3293, 9.0977555e-01, 8.5188410e-01, 1.0000000e+00 
3294, 9.0977555e-01, 8.5188410e-01, 0.0000000e+00 
3295, 1.0000000e+00, 6.2045029e-01, 9.3595181e-01 
3296, 0.0000000e+00, 6.2045029e-01, 9.3595181e-01 
3297, 1.7206843e-01, 1.0000000e+00, 3.1847080e-01 
3298, 1.7206843e-01, 0.0000000e+00, 3.1847080e-01 
3299, 1.2016281e-01, 1.0000000e+00, 4.9603861e-01 
3300, 1.2016281e-01, 0.0000000e+00, 4.9603861e-01 
3301, 0.0000000e+00, 9.0715828e-01, 5.5917277e-01 
3302, 1.0000000e+00, 9.0715828e-01, 5.5917277e-01 
3303, 5.1368669e-01, 1.0000000e+00, 4.9889889e-01 
3304, 5.1368669e-01, 0.0000000e+00, 4.9889889e-01 
3305, 0.0000000e+00, 3.0993883e-01, 9.7819793e-01 
3306, 1.0000000e+00, 3.0993883e-01, 9.7819793e-01 
3307, 5.7903106e-01, 2.7962271e-01, 0.0000000e+00 
3308, 5.7903106e-01, 2.7962271e-01, 1.0000000e+00 
3309, 1.5818037e-01, 0.0000000e+00, 3.3459660e-01 
3310, 1.0000000e+00, 9.4903336e-01, 4.3559756e-01 
3311, 0.0000000e+00, 1.2439992e-01, 3.4954655e-01 
3312, 1.0000000e+00, 1.2439992e-01, 3.4954655e-01 
3313, 1.8288437e-01, 6.4670218e-01, 1.0000000e+00 
3314, 1.8288437e-01, 6.4670218e-01, 0.0000000e+00 
3315, 2.4696535e-01, 4.5431661e-01, 1.0000000e+00 
3316, 2.4696535e-01, 4.5431661e-01, 0.0000000e+00 
3317, 1.4669356e-01, 1.0000000e+00, 4.9755242e-01 
3318, 1.4669356e-01, 0.0000000e+00, 4.9755242e-01 
3319, 2.7963744e-01, 1.0000000e+00, 4.3825386e-01 
3320, 2.7963744e-01, 0.0000000e+00, 4.3825386e-01 
3321, 9.9125614e-01, 7.5140198e-01, 1.0000000e+00 
3322, 0.0000000e+00, 7.4747893e-01, 1.3362198e-02 
3323, 1.0000000e+00, 8.9063525e-01, 9.0298061e-01 
3324, 0.0000000e+00, 8.9063525e-01, 9.0298061e-01 
3325, 3.8285713e-01, 3.2543687e-01, 1.0000000e+00 
3326, 3.8285713e-01, 3.2543687e-01, 0.0000000e+00 
3327, 0.0000000e+00, 7.6669311e-01, 4.1681947e-01 
3328, 1.0000000e+00, 7.6669311e-01, 4.1681947e-01 
3329, 7.5628750e-01, 8.2971798e-01, 0.0000000e+00 
3330, 7.4449436e-01, 0.0000000e+00, 7.9870316e-01 
3331, 7.2261201e-01, 6.7863493e-01, 0.0000000e+00 
3332, 7.2261201e-01, 6.7863493e-01, 1.0000000e+00 
3333, 1.0000000e+00, 6.0377688e-01, 1.6964043e-01 
3334, 0.0000000e+00, 6.0377688e-01, 1.6964043e-01 
3335, 1.0000000e+00, 5.3252230e-01, 4.5653042e-01 
3336, 0.0000000e+00, 5.3252230e-01, 4.5653042e-01 
3337, 1.0000000e+00, 4.1182281e-01, 6.2102159e-01 
3338, 0.0000000e+00, 4.1182281e-01, 6.2102159e-01 
3339, 3.3682376e-01, 0.0000000e+00, 8.4411596e-03 
3340, 3.3682376e-01, 1.0000000e+00, 8.4411596e-03 
3341, 3.3654091e-01, 1.3075880e-02, 0.0000000e+00 
3342, 3.3654091e-01, 1.3075880e-02, 1.0000000e+00 
3343, 8.1775982e-01, 5.2637116e-01, 0.0000000e+00 
3344, 8.1775982e-01, 5.2637116e-01, 1.0000000e+00 
3345, 9.9452721e-01, 5.7297155e-01, 0.0000000e+00 
3346, 0.0000000e+00, 5.8444753e-01, 9.8923041e-01 
3347, 0.0000000e+00, 2.8855418e-01, 4.9147381e-01 
3348, 1.0000000e+00, 2.8855418e-01, 4.9147381e-01 
3349, 4.9067309e-01, 0.0000000e+00, 5.0758593e-01 
3350, 4.9067309e-01, 1.0000000e+00, 5.0758593e-01 
3351, 5.0237215e-01, 0.0000000e+00, 5.0532332e-01 
3352, 5.0237215e-01, 1.0000000e+00, 5.0532332e-01 
3353, 4.8403073e-01, 0.0000000e+00, 5.0731592e-01 
3354, 4.8403073e-01, 1.0000000e+00, 5.0731592e-01 
3355, 4.9208802e-01, 1.0000000e+00, 2.0029387e-01 
3356, 4.9208802e-01, 0.0000000e+00, 2.0029387e-01 
3357, 1.0000000e+00, 7.8887300e-01, 4.7690891e-01 
3358, 0.0000000e+00, 7.8887300e-01, 4.7690891e-01 
3359, 2.4220153e-01, 1.3332381e-01, 1.0000000e+00 
3360, 2.6009767e-01, 1.0000000e+00, 6.3316639e-02 
3361, 1.9564493e-01, 2.3178918e-01, 1.0000000e+00 
3362, 1.9564493e-01, 2.3178918e-01, 0.0000000e+00 
3363, 4.0036367e-01, 0.0000000e+00, 4.5498555e-01 
3364, 4.0036367e-01, 1.0000000e+00, 4.5498555e-01 
3365, 1.0000000e+00, 8.8108096e-01, 6.5126015e-01 
3366, 0.0000000e+00, 8.8108096e-01, 6.5126015e-01 
3367, 1.0000000e+00, 9.0402327e-01, 6.3688154e-01 
3368, 2.8313060e-01, 0.0000000e+00, 4.9656915e-01 
3369, 1.0000000e+00, 7.3816840e-01, 4.7782486e-01 
3370, 0.0000000e+00, 7.3816840e-01, 4.7782486e-01 
3371, 1.0000000e+00, 6.7474400e-01, 6.5923044e-01 
3372, 0.0000000e+00, 6.7474400e-01, 6.5923044e-01 
3373, 7.8090534e-01, 8.3227238e-01, 0.0000000e+00 
3374, 7.8090534e-01, 8.3227238e-01, 1.0000000e+00 
3375, 8.4324506e-01, 1.0000000e+00, 1.1179726e-01 
3376, 8.4324506e-01, 0.0000000e+00, 1.1179726e-01 
3377, 8.9275405e-01, 1.0000000e+00, 3.4091104e-01 
3378, 8.9275405e-01, 0.0000000e+00, 3.4091104e-01 
3379, 0.0000000e+00, 1.4076067e-01, 2.0834784e-01 
3380, 1.0000000e+00, 1.4076067e-01, 2.0834784e-01 
3381, 3.4956508e-02, 8.8624011e-02, 0.0000000e+00 
3382, 3.4956508e-02, 8.8624011e-02, 1.0000000e+00 
3383, 9.4835439e-01, 1.0000000e+00, 7.2074042e-01 
3384, 9.4835439e-01, 0.0000000e+00, 7.2074042e-01 
3385, 1.0000000e+00, 4.2261411e-01, 2.4068448e-01 
3386, 0.0000000e+00, 4.2261411e-01, 2.4068448e-01 
3387, 1.0000000e+00, 3.9614223e-01, 3.4801738e-01 
3388, 0.0000000e+00, 3.9614223e-01, 3.4801738e-01 
3389, 3.6806236e-01, 0.0000000e+00, 7.0577617e-01 
3390, 3.6806236e-01, 1.0000000e+00, 7.0577617e-01 
3391, 0.0000000e+00, 1.2265486e-01, 7.6832954e-01 
3392, 1.0000000e+00, 1.2265486e-01, 7.6832954e-01 
3393, 3.7294408e-01, 0.0000000e+00, 8.1472652e-01 
3394, 3.7294408e-01, 1.0000000e+00, 8.1472652e-01 
3395, 1.0990672e-01, 0.0000000e+00, 5.0427743e-01 
3396, 1.0000000e+00, 9.1749977e-01, 6.2273728e-01 
3397, 0.0000000e+00, 2.2710207e-01, 3.8936304e-01 
3398, 1.0000000e+00, 2.2710207e-01, 3.8936304e-01 
3399, 9.1323359e-01, 1.8190821e-01, 0.0000000e+00 
3400, 9.1323359e-01, 1.8190821e-01, 1.0000000e+00 
3401, 4.1461225e-01, 1.0000000e+00, 5.9464749e-01 
3402, 4.1461225e-01, 0.0000000e+00, 5.9464749e-01 
3403, 3.2705945e-01, 1.0000000e+00, 4.4684549e-01 
3404, 3.2705945e-01, 0.0000000e+00, 4.4684549e-01 
3405, 6.0520286e-01, 7.1724474e-01, 0.0000000e+00 
3406, 6.0520286e-01, 7.1724474e-01, 1.0000000e+00 
3407, 3.4281398e-01, 7.6328904e-01, 0.0000000e+00 
3408, 3.4281398e-01, 7.6328904e-01, 1.0000000e+00 
3409, 7.8600826e-01, 0.0000000e+00, 9.5309886e-01 
3410, 7.8600826e-01, 1.0000000e+00, 9.5309886e-01 
3411, 7.2842366e-01, 8.6066911e-01, 0.0000000e+00 
3412, 7.2842366e-01, 8.6066911e-01, 1.0000000e+00 
3413, 8.7793682e-01, 1.4147658e-01, 1.0000000e+00 
3414, 8.7793682e-01, 1.4147658e-01, 0.0000000e+00 
3415, 7.9270704e-01, 2.6368688e-01, 0.0000000e+00 
3416, 7.9270704e-01, 2.6368688e-01, 1.0000000e+00 
3417, 3.0640547e-01, 0.0000000e+00, 3.5820628e-01 
3418, 3.0640547e-01, 1.0000000e+00, 3.5820628e-01 
3419, 3.6438272e-01, 0.0000000e+00, 3.4254471e-01 
3420, 3.6438272e-01, 1.0000000e+00, 3.4254471e-01 
3421, 0.0000000e+00, 2.9966283e-02, 2.5109329e-01 
3422, 1.0000000e+00, 2.9966283e-02, 2.5109329e-01 
3423, 0.0000000e+00, 6.5310712e-03, 2.4386262e-01 
3424, 9.9238336e-01, 1.0000000e+00, 2.3448349e-01 
3425, 0.0000000e+00, 7.4170202e-03, 2.5207713e-01 
3426, 9.9062403e-01, 1.0000000e+00, 2.4630461e-01 
3427, 5.6408467e-02, 7.5442008e-01, 1.0000000e+00 
3428, 5.6408467e-02, 7.5442008e-01, 0.0000000e+00 
3429, 0.0000000e+00, 5.1802961e-01, 6.9894439e-01 
3430, 1.0000000e+00, 5.1802961e-01, 6.9894439e-01 
3431, 4.9415185e-01, 1.0000000e+00, 1.5046630e-01 
3432, 4.9415185e-01, 0.0000000e+00, 1.5046630e-01 
3433, 4.5987178e-01, 1.0000000e+00, 3.3948642e-01 
3434, 4.5987178e-01, 0.0000000e+00, 3.3948642e-01 
3435, 3.7309896e-01, 0.0000000e+00, 8.1097178e-01 
3436, 3.7309896e-01, 1.0000000e+00, 8.1097178e-01 
3437, 9.1012083e-01, 3.7216531e-02, 0.0000000e+00 
3438, 8.7698968e-01, 1.0000000e+00, 9.5292645e-01 
3439, 5.1806779e-01, 1.5411965e-01, 1.0000000e+00 
3440, 5.1806779e-01, 1.5411965e-01, 0.0000000e+00 
3441, 8.5887871e-01, 6.3813311e-01, 0.0000000e+00 
3442, 8.5887871e-01, 6.3813311e-01, 1.0000000e+00 
3443, 1.0000000e+00, 5.5960758e-01, 1.1598516e-01 
3444, 0.0000000e+00, 5.5960758e-01, 1.1598516e-01 
3445, 6.1238558e-01, 5.2569503e-01, 1.0000000e+00 
3446, 6.1238558e-01, 5.2569503e-01, 0.0000000e+00 
3447, 2.1757845e-02, 5.9630293e-02, 0.0000000e+00 
3448, 1.0000000e+00, 7.5520967e-02, 9.3921507e-01 
3449, 2.1488169e-02, 5.6735020e-02, 0.0000000e+00 
3450, 1.0000000e+00, 9.9883139e-01, 9.5789982e-01 
3451, 2.9319499e-01, 8.8777004e-01, 1.0000000e+00 
3452, 2.9319499e-01, 8.8777004e-01, 0.0000000e+00 
3453, 4.4492552e-01, 1.0000000e+00, 9.3752609e-01 
3454, 5.5507377e-01, 9.6834871e-02, 0.0000000e+00 
3455, 5.7142529e-01, 9.4922394e-01, 1.0000000e+00 
3456, 5.7142529e-01, 9.4922394e-01, 0.0000000e+00 
3457, 0.0000000e+00, 8.7676254e-01, 2.1578766e-01 
3458, 8.5440888e-01, 0.0000000e+00, 9.2440709e-02 
3459, 0.0000000e+00, 8.1336751e-01, 2.7557349e-01 
3460, 1.0000000e+00, 8.1336751e-01, 2.7557349e-01 
3461, 0.0000000e+00, 6.9652279e-01, 2.5317417e-01 
3462, 1.0000000e+00, 6.9652279e-01, 2.5317417e-01 
3463, 9.3688468e-03, 0.0000000e+00, 4.4628370e-01 
3464, 1.0000000e+00, 9.8577656e-01, 4.4766104e-01 
3465, 6.7657440e-02, 0.0000000e+00, 4.2480496e-01 
3466, 6.7657440e-02, 1.0000000e+00, 4.2480496e-01 
3467, 0.0000000e+00, 1.6809063e-01, 4.6747913e-01 
3468, 1.0000000e+00, 1.6809063e-01, 4.6747913e-01 
3469, 1.4076442e-02, 1.0000000e+00, 9.8024087e-01 
3470, 1.0000000e+00, 3.1001358e-02, 9.8208809e-01 
3471, 1.3242941e-02, 1.0000000e+00, 9.3132148e-01 
3472, 1.0000000e+00, 2.8487188e-02, 9.1493724e-01 
3473, 6.2053635e-01, 1.0000000e+00, 9.7675972e-02 
3474, 6.5846203e-01, 9.9178804e-02, 1.0000000e+00 
3475, 0.0000000e+00, 1.9407036e-01, 3.5913303e-01 
3476, 1.0000000e+00, 1.9407036e-01, 3.5913303e-01 
3477, 0.0000000e+00, 1.0377741e-01, 1.4688548e-01 
3478, 1.0000000e+00, 1.0377741e-01, 1.4688548e-01 
3479, 1.7701281e-01, 2.4339730e-01, 0.0000000e+00 
3480, 1.7701281e-01, 2.4339730e-01, 1.0000000e+00 
3481, 4.8014294e-01, 5.1906112e-02, 0.0000000e+00 
3482, 4.8014294e-01, 5.1906112e-02, 1.0000000e+00 
3483, 1.0000000e+00, 5.5999620e-01, 2.3826402e-01 
3484, 0.0000000e+00, 5.5999620e-01, 2.3826402e-01 
3485, 8.6011759e-01, 1.0000000e+00, 6.4502310e-01 
3486, 8.6011759e-01, 0.0000000e+00, 6.4502310e-01 
3487, 8.0631970e-01, 4.6622565e-01, 0.0000000e+00 
3488, 8.0631970e-01, 4.6622565e-01, 1.0000000e+00 
3489, 4.1413925e-01, 8.5306326e-01, 0.0000000e+00 
3490, 4.1413925e-01, 8.5306326e-01, 1.0000000e+00 
3491, 0.0000000e+00, 2.7164076e-01, 3.0416615e-01 
3492, 1.0000000e+00, 2.7164076e-01, 3.0416615e-01 
3493, 2.7755576e-17, 3.3594764e-01, 4.2949575e-01 
3494, 1.0000000e+00, 3.3594764e-01, 4.2949575e-01 
3495, 8.5323783e-01, 7.4778834e-01, 1.0000000e+00 
3496, 8.5323783e-01, 7.4778834e-01, 0.0000000e+00 
3497, 9.2476507e-01, 7.2518840e-01, 1.0000000e+00 
3498, 0.0000000e+00, 6.8288121e-01, 1.8015817e-02 
3499, 0.0000000e+00, 2.2889606e-01, 2.0559630e-01 
3500, 1.0000000e+00, 2.2889606e-01, 2.0559630e-01 
3501, 8.7950727e-01, 1.0000000e+00, 1.1403544e-01 
3502, 8.7950727e-01, 0.0000000e+00, 1.1403544e-01 
3503, 7.3691209e-01, 0.0000000e+00, 6.1703110e-01 
3504, 7.3691209e-01, 1.0000000e+00, 6.1703110e-01 
3505, 1.0000000e+00, 3.7413144e-01, 5.6139974e-01 
3506, 0.0000000e+00, 3.7413144e-01, 5.6139974e-01 
3507, 5.6993274e-01, 0.0000000e+00, 6.6072194e-01 
3508, 5.6993274e-01, 1.0000000e+00, 6.6072194e-01 
3509, 8.1875207e-01, 6.4235493e-01, 0.0000000e+00 
3510, 8.1875207e-01, 6.4235493e-01, 1.0000000e+00 
3511, 2.0045920e-01, 2.2646193e-01, 0.0000000e+00 
3512, 2.0045920e-01, 2.2646193e-01, 1.0000000e+00 
3513, 8.8685094e-01, 1.1433255e-01, 0.0000000e+00 
3514, 8.8685094e-01, 1.1433255e-01, 1.0000000e+00 
3515, 8.2919215e-01, 0.0000000e+00, 6.6323702e-02 
3516, 7.7002777e-01, 7.5854174e-01, 1.0000000e+00 
3517, 0.0000000e+00, 7.3022218e-01, 7.3974993e-01 
3518, 1.0000000e+00, 7.3022218e-01, 7.3974993e-01 
3519, 4.7059300e-01, 7.7828548e-01, 0.0000000e+00 
3520, 4.7059300e-01, 7.7828548e-01, 1.0000000e+00 
3521, 6.6204879e-01, 0.0000000e+00, 5.8587877e-01 
3522, 6.6204879e-01, 1.0000000e+00, 5.8587877e-01 
3523, 1.0000000e+00, 7.7664284e-01, 6.7378461e-02 
3524, 0.0000000e+00, 7.7664284e-01, 6.7378461e-02 
3525, 1.0000000e+00, 7.6027212e-01, 7.6249939e-01 
3526, 0.0000000e+00, 7.6027212e-01, 7.6249939e-01 
3527, 8.7249923e-01, 1.0000000e+00, 7.8582727e-01 
3528, 8.7249923e-01, 0.0000000e+00, 7.8582727e-01 
3529, 4.8891817e-01, 2.4153061e-01, 0.0000000e+00 
3530, 4.8891817e-01, 2.4153061e-01, 1.0000000e+00 
3531, 5.3290365e-01, 0.0000000e+00, 1.6228150e-01 
3532, 5.3290365e-01, 1.0000000e+00, 1.6228150e-01 
3533, 6.7148815e-01, 2.1451753e-01, 0.0000000e+00 
3534, 6.7148815e-01, 2.1451753e-01, 1.0000000e+00 
3535, 6.8566125e-01, 1.4402156e-01, 0.0000000e+00 
3536, 6.8566125e-01, 1.4402156e-01, 1.0000000e+00 
3537, 7.1325480e-01, 0.0000000e+00, 3.1491117e-01 
3538, 7.1325480e-01, 1.0000000e+00, 3.1491117e-01 
3539, 6.3569281e-01, 1.0000000e+00, 9.7589723e-01 
3540, 6.3569281e-01, 0.0000000e+00, 9.7589723e-01 
3541, 0.0000000e+00, 1.8097935e-01, 6.8530373e-01 
3542, 1.0000000e+00, 1.8097935e-01, 6.8530373e-01 
3543, 1.7425906e-01, 0.0000000e+00, 5.2782745e-01 
3544, 1.7425906e-01, 1.0000000e+00, 5.2782745e-01 
3545, 2.6670276e-01, 2.2340203e-01, 1.0000000e+00 
3546, 2.8733217e-01, 1.0000000e+00, 5.3624230e-02 
3547, 4.3981517e-01, 1.0000000e+00, 5.3568517e-01 
3548, 4.3981517e-01, 0.0000000e+00, 5.3568517e-01 
3549, 2.3283472e-01, 0.0000000e+00, 1.9223609e-01 
3550, 2.3283472e-01, 1.0000000e+00, 1.9223609e-01 
3551, 2.3944656e-01, 0.0000000e+00, 4.6083687e-02 
3552, 2.3944656e-01, 1.0000000e+00, 4.6083687e-02 
3553, 2.7218893e-01, 1.0000000e+00, 2.2605607e-01 
3554, 2.7218893e-01, 0.0000000e+00, 2.2605607e-01 
3555, 8.0000143e-01, 5.6318045e-01, 0.0000000e+00 
3556, 8.0000143e-01, 5.6318045e-01, 1.0000000e+00 
3557, 9.1020479e-01, 7.3763271e-01, 0.0000000e+00 
3558, 9.1020479e-01, 7.3763271e-01, 1.0000000e+00 
3559, 1.0000000e+00, 6.7647461e-01, 8.8178960e-02 
3560, 0.0000000e+00, 6.7647461e-01, 8.8178960e-02 
3561, 2.0443736e-02, 1.0000000e+00, 6.1065948e-01 
3562, 1.0000000e+00, 5.9220685e-02, 6.4032645e-01 
3563, 6.5585955e-01, 1.0000000e+00, 6.0218249e-01 
3564, 6.5585955e-01, 0.0000000e+00, 6.0218249e-01 
3565, 5.5030939e-01, 1.0000000e+00, 7.9148859e-01 
3566, 5.5030939e-01, 0.0000000e+00, 7.9148859e-01 
3567, 6.8221764e-01, 7.3661991e-01, 1.0000000e+00 
3568, 6.8221764e-01, 7.3661991e-01, 0.0000000e+00 
3569, 6.7132699e-01, 8.3754453e-01, 1.0000000e+00 
3570, 6.7132699e-01, 8.3754453e-01, 0.0000000e+00 
3571, 4.8281008e-01, 5.6101812e-01, 1.0000000e+00 
3572, 4.8281008e-01, 5.6101812e-01, 0.0000000e+00 
3573, 8.9110047e-02, 4.2495457e-01, 1.0000000e+00 
3574, 8.9110047e-02, 4.2495457e-01, 0.0000000e+00 
3575, 8.7836443e-01, 0.0000000e+00, 7.0289392e-01 
3576, 8.7836443e-01, 1.0000000e+00, 7.0289392e-01 
3577, 5.4603339e-01, 1.7661062e-02, 0.0000000e+00 
3578, 5.4603339e-01, 1.7661062e-02, 1.0000000e+00 
3579, 8.2884179e-01, 0.0000000e+00, 1.8792542e-01 
3580, 0.0000000e+00, 9.3894306e-01, 2.2621313e-01 
3581, 7.8398175e-01, 0.0000000e+00, 1.7279453e-01 
3582, 7.8398175e-01, 1.0000000e+00, 1.7279453e-01 
3583, 0.0000000e+00, 1.6262201e-01, 5.9654760e-01 
3584, 9.1504649e-01, 1.0000000e+00, 6.4366504e-01 
3585, 0.0000000e+00, 4.6621275e-01, 3.6583232e-01 
3586, 1.0000000e+00, 4.6621275e-01, 3.6583232e-01 
3587, 0.0000000e+00, 3.3119745e-01, 4.3716942e-01 
3588, 1.0000000e+00, 3.3119745e-01, 4.3716942e-01 
3589, 5.6836641e-01, 1.0000000e+00, 3.5049736e-01 
3590, 5.6836641e-01, 0.0000000e+00, 3.5049736e-01 
3591, 4.6202322e-01, 8.8897098e-01, 1.0000000e+00 
3592, 6.0511585e-01, 0.0000000e+00, 9.2890253e-02 
3593, 0.0000000e+00, 5.7433203e-01, 5.4800289e-01 
3594, 1.0000000e+00, 5.7433203e-01, 5.4800289e-01 
3595, 8.4635724e-01, 4.5786549e-01, 0.0000000e+00 
3596, 8.4635724e-01, 4.5786549e-01, 1.0000000e+00 
3597, 1.0000000e+00, 4.9828455e-01, 8.1886575e-01 
3598, 0.0000000e+00, 4.9828455e-01, 8.1886575e-01 
3599, 7.5641775e-01, 5.0576397e-01, 1.0000000e+00 
3600, 7.5641775e-01, 5.0576397e-01, 0.0000000e+00 
3601, 6.3681494e-01, 0.0000000e+00, 2.0134879e-01 
3602, 6.3681494e-01, 1.0000000e+00, 2.0134879e-01 
3603, 0.0000000e+00, 2.1448805e-02, 5.1639700e-01 
3604, 9.6111563e-01, 1.0000000e+00, 5.0994638e-01 
3605, 0.0000000e+00, 2.7281470e-01, 2.9393144e-01 
3606, 1.0000000e+00, 2.7281470e-01, 2.9393144e-01 
3607, 1.7956602e-01, 3.0398762e-01, 1.0000000e+00 
3608, 1.7956602e-01, 3.0398762e-01, 0.0000000e+00 
3609, 8.4110067e-01, 3.0255257e-01, 0.0000000e+00 
3610, 8.4110067e-01, 3.0255257e-01, 1.0000000e+00 
3611, 7.8941489e-01, 3.3731463e-01, 0.0000000e+00 
3612, 7.8941489e-01, 3.3731463e-01, 1.0000000e+00 
3613, 8.7032047e-01, 5.2061234e-01, 0.0000000e+00 
3614, 8.7032047e-01, 5.2061234e-01, 1.0000000e+00 
3615, 1.0000000e+00, 4.6333340e-01, 3.4032837e-02 
3616, 7.1433064e-02, 4.4905700e-01, 1.0000000e+00 
3617, 3.9469663e-01, 3.1397318e-01, 1.0000000e+00 
3618, 3.9469663e-01, 3.1397318e-01, 0.0000000e+00 
3619, 1.0000000e+00, 5.0690687e-01, 8.0597253e-01 
3620, 0.0000000e+00, 5.0690687e-01, 8.0597253e-01 
3621, 1.0000000e+00, 4.8203677e-01, 7.9914180e-01 
3622, 0.0000000e+00, 4.8203677e-01, 7.9914180e-01 
3623, 5.6701125e-02, 1.5032441e-01, 0.0000000e+00 
3624, 5.6701125e-02, 1.5032441e-01, 1.0000000e+00 
3625, 0.0000000e+00, 6.5387238e-01, 6.6596388e-01 
3626, 1.0000000e+00, 6.5387238e-01, 6.6596388e-01 
3627, 3.5082224e-01, 0.0000000e+00, 8.4203063e-02 
3628, 3.5082224e-01, 1.0000000e+00, 8.4203063e-02 
3629, 2.0338122e-01, 9.3669653e-02, 0.0000000e+00 
3630, 2.0338122e-01, 9.3669653e-02, 1.0000000e+00 
3631, 0.0000000e+00, 8.7453330e-01, 6.2491290e-01 
3632, 1.0000000e+00, 8.7453330e-01, 6.2491290e-01 
3633, 1.8927957e-01, 1.0000000e+00, 8.5797963e-01 
3634, 1.8927957e-01, 0.0000000e+00, 8.5797963e-01 
3635, 4.6988187e-01, 1.0000000e+00, 8.4324334e-01 
3636, 4.6988187e-01, 0.0000000e+00, 8.4324334e-01 
3637, 4.8346550e-01, 2.5836742e-01, 0.0000000e+00 
3638, 4.8346550e-01, 2.5836742e-01, 1.0000000e+00 
3639, 0.0000000e+00, 5.9649495e-01, 3.6092563e-01 
3640, 1.0000000e+00, 5.9649495e-01, 3.6092563e-01 
3641, 0.0000000e+00, 7.6558083e-01, 1.7451409e-01 
3642, 1.0000000e+00, 7.6558083e-01, 1.7451409e-01 
3643, 3.3076171e-01, 1.0000000e+00, 2.2488942e-02 
3644, 3.3076171e-01, 0.0000000e+00, 2.2488942e-02 
3645, 5.3789995e-01, 4.8633568e-01, 1.0000000e+00 
3646, 5.3789995e-01, 4.8633568e-01, 0.0000000e+00 
3647, 3.1466296e-01, 1.0000000e+00, 7.6244418e-01 
3648, 3.1466296e-01, 0.0000000e+00, 7.6244418e-01 
3649, 3.5241775e-01, 0.0000000e+00, 1.9636077e-01 
3650, 3.5241775e-01, 1.0000000e+00, 1.9636077e-01 
3651, 1.0000000e+00, 6.6828216e-01, 6.4329995e-01 
3652, 0.0000000e+00, 6.6828216e-01, 6.4329995e-01 
3653, 3.5345081e-01, 0.0000000e+00, 7.3791068e-02 
3654, 3.5345081e-01, 1.0000000e+00, 7.3791068e-02 
3655, 5.4693355e-01, 0.0000000e+00, 1.0528673e-01 
3656, 5.4693355e-01, 1.0000000e+00, 1.0528673e-01 
3657, 5.2962197e-01, 0.0000000e+00, 8.1218344e-02 
3658, 5.2962197e-01, 1.0000000e+00, 8.1218344e-02 
3659, 4.4046954e-01, 0.0000000e+00, 9.8630371e-02 
3660, 4.4046954e-01, 1.0000000e+00, 9.8630371e-02 
3661, 7.8209507e-01, 9.6263931e-01, 0.0000000e+00 
3662, 0.0000000e+00, 1.8981942e-02, 9.1413431e-01 
3663, 0.0000000e+00, 6.3810461e-01, 6.7543661e-02 
3664, 1.0000000e+00, 6.3810461e-01, 6.7543661e-02 
3665, 2.9693182e-01, 7.3430855e-01, 0.0000000e+00 
3666, 2.9693182e-01, 7.3430855e-01, 1.0000000e+00 
3667, 8.0533841e-01, 7.9585427e-01, 1.0000000e+00 
3668, 8.0533841e-01, 7.9585427e-01, 0.0000000e+00 
3669, 8.0941379e-01, 7.9485465e-01, 1.0000000e+00 
3670, 8.0941379e-01, 7.9485465e-01, 0.0000000e+00 
3671, 8.2719414e-01, 1.0000000e+00, 1.6447359e-01 
3672, 8.2719414e-01, 0.0000000e+00, 1.6447359e-01 
3673, 0.0000000e+00, 3.5235636e-01, 8.9301946e-01 
3674, 1.0000000e+00, 3.5235636e-01, 8.9301946e-01 
3675, 9.1447066e-01, 5.4790456e-01, 1.0000000e+00 
3676, 9.1447066e-01, 5.4790456e-01, 0.0000000e+00 
3677, 7.4211914e-01, 0.0000000e+00, 8.1997812e-01 
3678, 7.4211914e-01, 1.0000000e+00, 8.1997812e-01 
3679, 2.3319192e-01, 0.0000000e+00, 2.0440564e-01 
3680, 2.3319192e-01, 1.0000000e+00, 2.0440564e-01 
3681, 1.9978112e-01, 0.0000000e+00, 8.1438900e-01 
3682, 1.9978112e-01, 1.0000000e+00, 8.1438900e-01 
3683, 3.2352114e-01, 1.4717662e-02, 1.0000000e+00 
3684, 3.4647357e-01, 1.0000000e+00, 3.7772168e-02 
3685, 0.0000000e+00, 1.4199134e-01, 7.6881379e-01 
3686, 1.0000000e+00, 1.4199134e-01, 7.6881379e-01 
3687, 5.3500044e-01, 8.4722590e-01, 0.0000000e+00 
3688, 5.3500044e-01, 8.4722590e-01, 1.0000000e+00 
3689, 7.8993213e-02, 0.0000000e+00, 6.0987276e-01 
3690, 1.0000000e+00, 8.9778665e-01, 6.4782446e-01 
3691, 1.0461671e-01, 0.0000000e+00, 6.2114657e-01 
3692, 1.0461671e-01, 1.0000000e+00, 6.2114657e-01 
3693, 1.0971515e-01, 6.9388939e-18, 5.0371404e-01 
3694, 1.0971515e-01, 1.0000000e+00, 5.0371404e-01 
3695, 3.6512270e-01, 6.8528562e-01, 1.0000000e+00 
3696, 3.6512270e-01, 6.8528562e-01, 0.0000000e+00 
3697, 3.3161978e-01, 6.4473775e-01, 1.0000000e+00 
3698, 3.3161978e-01, 6.4473775e-01, 0.0000000e+00 
3699, 1.7828824e-01, 0.0000000e+00, 9.9209647e-01 
3700, 1.8030255e-01, 9.9446419e-01, 0.0000000e+00 
3701, 6.4236229e-01, 8.2411258e-01, 1.0000000e+00 
3702, 6.4236229e-01, 8.2411258e-01, 0.0000000e+00 
3703, 4.1595780e-01, 7.2031681e-01, 1.0000000e+00 
3704, 4.1595780e-01, 7.2031681e-01, 0.0000000e+00 
3705, 1.0000000e+00, 3.8201617e-01, 3.6305317e-01 
3706, 0.0000000e+00, 3.8201617e-01, 3.6305317e-01 
3707, 1.0000000e+00, 5.0289818e-01, 5.0476232e-01 
3708, 0.0000000e+00, 5.0289818e-01, 5.0476232e-01 
3709, 9.9662647e-02, 7.9259190e-01, 1.0000000e+00 
3710, 9.9662647e-02, 7.9259190e-01, 0.0000000e+00 
3711, 5.2706617e-01, 1.0000000e+00, 7.9896486e-01 
3712, 5.2706617e-01, 0.0000000e+00, 7.9896486e-01 
3713, 0.0000000e+00, 8.4663960e-01, 1.0662594e-01 
3714, 1.0000000e+00, 8.4663960e-01, 1.0662594e-01 
3715, 4.5131987e-01, 5.8648322e-01, 1.0000000e+00 
3716, 4.5131987e-01, 5.8648322e-01, 0.0000000e+00 
3717, 6.6465462e-01, 5.0012476e-01, 1.0000000e+00 
3718, 6.6465462e-01, 5.0012476e-01, 0.0000000e+00 
3719, 0.0000000e+00, 4.5854357e-01, 4.5449185e-01 
3720, 1.0000000e+00, 4.5854357e-01, 4.5449185e-01 
3721, 6.4613846e-01, 5.5581031e-01, 1.0000000e+00 
3722, 6.4613846e-01, 5.5581031e-01, 0.0000000e+00 
3723, 1.0000000e+00, 7.0998344e-01, 8.0189856e-01 
3724, 0.0000000e+00, 7.0998344e-01, 8.0189856e-01 
3725, 2.8926538e-01, 2.7755576e-17, 5.5713327e-01 
3726, 2.8926538e-01, 1.0000000e+00, 5.5713327e-01 
3727, 5.5258313e-03, 1.0000000e+00, 1.9531700e-01 
3728, 1.0000000e+00, 1.1664854e-02, 1.9604386e-01 
3729, 1.1541081e-01, 1.0000000e+00, 5.9708771e-01 
3730, 1.0000000e+00, 2.1271135e-01, 5.7697711e-01 
3731, 6.3956625e-02, 1.0000000e+00, 7.5253753e-01 
3732, 1.0000000e+00, 3.7548260e-02, 8.8066071e-01 
3733, 5.2120693e-01, 1.0000000e+00, 6.4272137e-01 
3734, 5.2120693e-01, 0.0000000e+00, 6.4272137e-01 
3735, 3.8725660e-01, 2.4314615e-01, 1.0000000e+00 
3736, 3.8725660e-01, 2.4314615e-01, 0.0000000e+00 
3737, 3.9323258e-01, 0.0000000e+00, 9.9648660e-01 
3738, 3.9323258e-01, 1.0000000e+00, 9.9648660e-01 
3739, 0.0000000e+00, 2.5099359e-01, 6.5760813e-01 
3740, 1.0000000e+00, 2.5099359e-01, 6.5760813e-01 
3741, 0.0000000e+00, 1.5524564e-01, 5.4719303e-01 
3742, 1.0000000e+00, 1.5524564e-01, 5.4719303e-01 
3743, 8.8313245e-01, 5.0535692e-01, 1.0000000e+00 
3744, 8.8313245e-01, 5.0535692e-01, 0.0000000e+00 
3745, 8.4021984e-01, 2.4458987e-01, 0.0000000e+00 
3746, 8.4021984e-01, 2.4458987e-01, 1.0000000e+00 
3747, 8.8320673e-01, 1.2442216e-01, 0.0000000e+00 
3748, 0.0000000e+00, 1.0062570e-01, 9.2003915e-01 
3749, 8.0826815e-01, 1.8710575e-01, 6.9388939e-18 
3750, 8.0826815e-01, 1.8710575e-01, 1.0000000e+00 
3751, 5.6890618e-01, 0.0000000e+00, 1.5164251e-01 
3752, 5.6890618e-01, 1.0000000e+00, 1.5164251e-01 
3753, 1.0000000e+00, 6.3139194e-01, 4.7527069e-01 
3754, 0.0000000e+00, 6.3139194e-01, 4.7527069e-01 
3755, 6.3702273e-01, 1.0000000e+00, 4.5946184e-01 
3756, 6.3702273e-01, 0.0000000e+00, 4.5946184e-01 
3757, 5.3291384e-01, 0.0000000e+00, 1.5464160e-01 
3758, 5.3291384e-01, 1.0000000e+00, 1.5464160e-01 
3759, 5.4592125e-01, 1.3012797e-01, 0.0000000e+00 
3760, 5.4592125e-01, 1.3012797e-01, 1.0000000e+00 
3761, 7.7612752e-01, 0.0000000e+00, 4.2906360e-01 
3762, 7.7612752e-01, 1.0000000e+00, 4.2906360e-01 
3763, 1.4007320e-01, 6.3318860e-01, 1.0000000e+00 
3764, 1.4007320e-01, 6.3318860e-01, 0.0000000e+00 
3765, 0.0000000e+00, 3.0354587e-01, 8.4307965e-01 
3766, 1.0000000e+00, 3.0354587e-01, 8.4307965e-01 
3767, 1.0000000e+00, 6.2513896e-01, 1.6269367e-01 
3768, 0.0000000e+00, 6.2513896e-01, 1.6269367e-01 
3769, 0.0000000e+00, 7.5357351e-02, 5.9858348e-01 
3770, 1.0000000e+00, 7.5357351e-02, 5.9858348e-01 
3771, 6.9388939e-18, 2.7799510e-01, 4.4407155e-01 
3772, 1.0000000e+00, 2.7799510e-01, 4.4407155e-01 
3773, 6.0499252e-02, 1.7347235e-18, 4.6182155e-01 
3774, 6.0499252e-02, 1.0000000e+00, 4.6182155e-01 
3775, 0.0000000e+00, 4.3153305e-02, 4.4445741e-01 
3776, 1.0000000e+00, 4.3153305e-02, 4.4445741e-01 
3777, 0.0000000e+00, 8.0263834e-02, 4.2768190e-01 
3778, 1.0000000e+00, 8.0263834e-02, 4.2768190e-01 
3779, 6.9556711e-02, 0.0000000e+00, 4.3548729e-01 
3780, 6.9556711e-02, 1.0000000e+00, 4.3548729e-01 
3781, 0.0000000e+00, 3.0579375e-01, 6.4815406e-01 
3782, 1.0000000e+00, 3.0579375e-01, 6.4815406e-01 
3783, 7.1511738e-01, 8.4842207e-01, 1.0000000e+00 
3784, 7.1511738e-01, 8.4842207e-01, 0.0000000e+00 
3785, 6.8164171e-01, 8.0050525e-01, 1.0000000e+00 
3786, 6.8164171e-01, 8.0050525e-01, 0.0000000e+00 
3787, 2.5418195e-01, 9.2787710e-01, 0.0000000e+00 
3788, 2.5418195e-01, 9.2787710e-01, 1.0000000e+00 
3789, 2.4404559e-01, 7.9136311e-01, 0.0000000e+00 
3790, 2.4404559e-01, 7.9136311e-01, 1.0000000e+00 
3791, 9.7836918e-01, 1.0000000e+00, 8.3076390e-01 
3792, 0.0000000e+00, 4.6191866e-02, 8.5504542e-01 
3793, 1.0000000e+00, 9.6216551e-01, 7.7585107e-01 
3794, 3.6001676e-02, 0.0000000e+00, 7.7946399e-01 
3795, 1.0000000e+00, 7.5749757e-01, 7.4231598e-01 
3796, 0.0000000e+00, 7.5749757e-01, 7.4231598e-01 
3797, 1.0000000e+00, 4.5627254e-01, 6.7628716e-01 
3798, 0.0000000e+00, 4.5627254e-01, 6.7628716e-01 
3799, 0.0000000e+00, 4.9174387e-01, 2.6196142e-01 
3800, 1.0000000e+00, 4.9174387e-01, 2.6196142e-01 
3801, 8.8866765e-01, 0.0000000e+00, 5.5257900e-01 
3802, 0.0000000e+00, 9.9744127e-01, 5.5302954e-01 
3803, 7.1646663e-01, 0.0000000e+00, 5.7781517e-01 
3804, 7.1646663e-01, 1.0000000e+00, 5.7781517e-01 
3805, 6.4252664e-01, 0.0000000e+00, 5.5782929e-01 
3806, 6.4252664e-01, 1.0000000e+00, 5.5782929e-01 
3807, 1.0000000e+00, 2.7663623e-01, 3.6419891e-01 
3808, 0.0000000e+00, 2.7663623e-01, 3.6419891e-01 
3809, 0.0000000e+00, 7.6105802e-01, 3.1157169e-01 
3810, 1.0000000e+00, 7.6105802e-01, 3.1157169e-01 
3811, 8.9055361e-01, 4.6746948e-01, 0.0000000e+00 
3812, 8.9055361e-01, 4.6746948e-01, 1.0000000e+00 
3813, 3.3866936e-01, 5.0063610e-01, 0.0000000e+00 
3814, 3.3866936e-01, 5.0063610e-01, 1.0000000e+00 
3815, 2.5313121e-01, 1.0000000e+00, 5.9991890e-01 
3816, 2.5313121e-01, 0.0000000e+00, 5.9991890e-01 
3817, 4.2820906e-01, 1.0000000e+00, 8.4278355e-01 
3818, 4.2820906e-01, 0.0000000e+00, 8.4278355e-01 
3819, 5.1089462e-01, 4.4230541e-01, 1.0000000e+00 
3820, 5.1089462e-01, 4.4230541e-01, 0.0000000e+00 
3821, 6.8780100e-01, 5.5488382e-01, 1.0000000e+00 
3822, 6.8780100e-01, 5.5488382e-01, 0.0000000e+00 
3823, 6.8679934e-01, 5.5588482e-01, 1.0000000e+00 
3824, 6.8679934e-01, 5.5588482e-01, 0.0000000e+00 
3825, 3.5320971e-01, 1.0000000e+00, 6.3951106e-01 
3826, 3.5320971e-01, 0.0000000e+00, 6.3951106e-01 
3827, 2.6441803e-01, 1.0000000e+00, 5.8688370e-01 
3828, 2.6441803e-01, 0.0000000e+00, 5.8688370e-01 
3829, 4.6056166e-01, 0.0000000e+00, 6.7705469e-01 
3830, 4.6056166e-01, 1.0000000e+00, 6.7705469e-01 
3831, 5.8215466e-01, 0.0000000e+00, 7.6325372e-01 
3832, 5.8215466e-01, 1.0000000e+00, 7.6325372e-01 
3833, 3.4250009e-01, 5.5622621e-01, 1.0000000e+00 
3834, 3.4250009e-01, 5.5622621e-01, 0.0000000e+00 
3835, 7.8437204e-02, 4.4587563e-01, 1.0000000e+00 
3836, 7.8437204e-02, 4.4587563e-01, 0.0000000e+00 
3837, 3.7046421e-01, 6.5466089e-01, 1.0000000e+00 
3838, 3.7046421e-01, 6.5466089e-01, 0.0000000e+00 
3839, 9.7611310e-01, 5.7825073e-01, 0.0000000e+00 
3840, 0.0000000e+00, 5.9107900e-01, 9.9143726e-01 
3841, 9.6628432e-01, 5.7443506e-01, 0.0000000e+00 
3842, 0.0000000e+00, 5.9682050e-01, 9.7760822e-01 
3843, 1.0000000e+00, 5.4778433e-01, 1.6074835e-02 
3844, 0.0000000e+00, 5.4778433e-01, 1.6074835e-02 
3845, 7.1547249e-01, 8.6717186e-01, 1.0000000e+00 
3846, 7.1547249e-01, 8.6717186e-01, 0.0000000e+00 
3847, 5.7021556e-01, 1.0000000e+00, 7.6649245e-01 
3848, 5.7021556e-01, 0.0000000e+00, 7.6649245e-01 
3849, 0.0000000e+00, 5.9767737e-01, 6.4197180e-01 
3850, 1.0000000e+00, 5.9767737e-01, 6.4197180e-01 
3851, 0.0000000e+00, 6.3729204e-01, 6.3891121e-01 
3852, 1.0000000e+00, 6.3729204e-01, 6.3891121e-01 
3853, 5.2757643e-01, 8.5277661e-01, 1.0000000e+00 
3854, 5.2757643e-01, 8.5277661e-01, 0.0000000e+00 
3855, 1.1022492e-01, 7.5689060e-01, 0.0000000e+00 
3856, 1.1022492e-01, 7.5689060e-01, 1.0000000e+00 
3857, 1.4923635e-01, 6.5720589e-01, 0.0000000e+00 
3858, 1.4923635e-01, 6.5720589e-01, 1.0000000e+00 
3859, 3.1505469e-01, 1.0000000e+00, 4.6827780e-01 
3860, 3.1505469e-01, 0.0000000e+00, 4.6827780e-01 
3861, 9.9653192e-01, 1.0000000e+00, 1.9098956e-01 
3862, 0.0000000e+00, 1.0415676e-02, 1.9405489e-01 
3863, 8.0769797e-01, 7.6907651e-01, 0.0000000e+00 
3864, 8.0769797e-01, 7.6907651e-01, 1.0000000e+00 
3865, 0.0000000e+00, 4.9494005e-01, 3.9615817e-01 
3866, 1.0000000e+00, 4.9494005e-01, 3.9615817e-01 
3867, 0.0000000e+00, 3.6066787e-01, 4.2320257e-01 
3868, 1.0000000e+00, 3.6066787e-01, 4.2320257e-01 
3869, 4.2737867e-01, 1.0000000e+00, 2.4896468e-01 
3870, 4.2737867e-01, 0.0000000e+00, 2.4896468e-01 
3871, 4.2286935e-01, 1.0000000e+00, 2.7266479e-01 
3872, 4.2286935e-01, 0.0000000e+00, 2.7266479e-01 
3873, 4.2821323e-01, 1.0000000e+00, 2.6769749e-01 
3874, 4.2821323e-01, 0.0000000e+00, 2.6769749e-01 
3875, 4.2450116e-01, 4.3081073e-02, 0.0000000e+00 
3876, 4.2450116e-01, 4.3081073e-02, 1.0000000e+00 
3877, 2.7072152e-01, 4.7105961e-02, 0.0000000e+00 
3878, 2.7072152e-01, 4.7105961e-02, 1.0000000e+00 
3879, 1.0000000e+00, 4.6199739e-01, 5.8755628e-01 
3880, 0.0000000e+00, 4.6199739e-01, 5.8755628e-01 
3881, 4.5023761e-01, 0.0000000e+00, 4.7255205e-01 
3882, 4.5023761e-01, 1.0000000e+00, 4.7255205e-01 
3883, 0.0000000e+00, 6.8129808e-01, 5.1690053e-01 
3884, 1.0000000e+00, 6.8129808e-01, 5.1690053e-01 
3885, 0.0000000e+00, 6.1425841e-01, 7.0037225e-01 
3886, 1.0000000e+00, 6.1425841e-01, 7.0037225e-01 
3887, 5.5648800e-01, 8.4318330e-01, 0.0000000e+00 
3888, 5.5648800e-01, 8.4318330e-01, 1.0000000e+00 
3889, 1.6138088e-01, 8.9258284e-01, 0.0000000e+00 
3890, 1.6138088e-01, 8.9258284e-01, 1.0000000e+00 
3891, 1.9609134e-01, 1.0000000e+00, 3.2453018e-01 
3892, 1.9609134e-01, 0.0000000e+00, 3.2453018e-01 
3893, 4.9702745e-01, 1.0000000e+00, 5.0619960e-01 
3894, 4.9702745e-01, 0.0000000e+00, 5.0619960e-01 
3895, 0.0000000e+00, 8.5159346e-01, 6.6313160e-01 
3896, 1.0000000e+00, 8.5159346e-01, 6.6313160e-01 
3897, 0.0000000e+00, 8.3933915e-01, 7.1100089e-01 
3898, 1.0000000e+00, 8.3933915e-01, 7.1100089e-01 
3899, 6.8654632e-01, 5.5516343e-01, 0.0000000e+00 
3900, 6.8654632e-01, 5.5516343e-01, 1.0000000e+00 
3901, 8.5916807e-01, 1.0000000e+00, 4.0108773e-01 
3902, 8.5916807e-01, 0.0000000e+00, 4.0108773e-01 
3903, 9.7318400e-01, 5.4844021e-01, 1.0000000e+00 
3904, 9.7318400e-01, 5.4844021e-01, 0.0000000e+00 
3905, 8.3011645e-01, 1.4130247e-01, 1.0000000e+00 
3906, 8.3011645e-01, 1.4130247e-01, 0.0000000e+00 
3907, 7.8516757e-01, 6.6937823e-01, 0.0000000e+00 
3908, 7.8516757e-01, 6.6937823e-01, 1.0000000e+00 
3909, 8.2990561e-01, 5.3791513e-01, 6.9388939e-18 
3910, 8.2990561e-01, 5.3791513e-01, 1.0000000e+00 
3911, 8.4830010e-01, 9.9631178e-01, 0.0000000e+00 
3912, 8.4830010e-01, 9.9631178e-01, 1.0000000e+00 
3913, 1.0000000e+00, 8.8689440e-01, 5.8370978e-01 
3914, 2.8816228e-01, 0.0000000e+00, 4.8878084e-01 
3915, 8.2795460e-01, 1.0000000e+00, 4.7547738e-01 
3916, 8.2795460e-01, 0.0000000e+00, 4.7547738e-01 
3917, 4.9699214e-01, 6.9825908e-01, 1.0000000e+00 
3918, 4.9699214e-01, 6.9825908e-01, 0.0000000e+00 
3919, 8.6082192e-01, 9.1573386e-01, 1.0000000e+00 
3920, 8.6082192e-01, 9.1573386e-01, 0.0000000e+00 
3921, 7.9915661e-01, 1.0000000e+00, 9.0783021e-01 
3922, 7.9915661e-01, 0.0000000e+00, 9.0783021e-01 
3923, 8.8249062e-01, 1.0000000e+00, 9.1422714e-01 
3924, 0.0000000e+00, 9.6316185e-02, 9.6251215e-01 
3925, 7.7158169e-01, 0.0000000e+00, 2.8979314e-01 
3926, 7.7158169e-01, 1.0000000e+00, 2.8979314e-01 
3927, 1.0000000e+00, 1.6416731e-01, 2.4558912e-01 
3928, 0.0000000e+00, 1.6416731e-01, 2.4558912e-01 
3929, 9.3550519e-01, 0.0000000e+00, 2.0713677e-01 
3930, 9.3550519e-01, 1.0000000e+00, 2.0713677e-01 
3931, 1.0000000e+00, 2.7166048e-01, 1.1348961e-02 
3932, 1.4722253e-03, 2.7800526e-01, 1.0000000e+00 
3933, 7.7407314e-01, 4.3246930e-01, 0.0000000e+00 
3934, 7.7407314e-01, 4.3246930e-01, 1.0000000e+00 
3935, 1.0000000e+00, 2.8737076e-01, 4.1694857e-02 
3936, 3.8613993e-02, 3.0496048e-01, 1.0000000e+00 
3937, 9.6729190e-01, 2.8750847e-01, 0.0000000e+00 
3938, 0.0000000e+00, 3.1408887e-01, 9.0485818e-01 
3939, 9.4793042e-01, 7.9642672e-01, 1.0000000e+00 
3940, 9.3819502e-01, 0.0000000e+00, 1.9155693e-01 
3941, 9.6911126e-01, 7.4412606e-01, 1.0000000e+00 
3942, 0.0000000e+00, 7.5557996e-01, 9.3600377e-02 
3943, 1.0000000e+00, 7.6051156e-01, 9.7151441e-01 
3944, 5.1699403e-02, 7.8485990e-01, 0.0000000e+00 
3945, 3.8683642e-01, 3.4694470e-18, 6.0679313e-01 
3946, 3.8683642e-01, 1.0000000e+00, 6.0679313e-01 
3947, 3.7068793e-01, 0.0000000e+00, 6.1800188e-01 
3948, 3.7068793e-01, 1.0000000e+00, 6.1800188e-01 
3949, 0.0000000e+00, 2.9561931e-01, 1.9631288e-01 
3950, 1.0000000e+00, 2.9561931e-01, 1.9631288e-01 
3951, 1.0000000e+00, 3.2712806e-01, 9.3213114e-01 
3952, 0.0000000e+00, 3.2712806e-01, 9.3213114e-01 
3953, 8.2557011e-01, 0.0000000e+00, 4.7464047e-01 
3954, 8.2557011e-01, 1.0000000e+00, 4.7464047e-01 
3955, 1.0000000e+00, 8.6222980e-02, 6.7529040e-01 
3956, 0.0000000e+00, 8.6222980e-02, 6.7529040e-01 
3957, 9.4838595e-01, 0.0000000e+00, 6.2180312e-01 
3958, 0.0000000e+00, 9.5164940e-01, 6.5884428e-01 
3959, 6.4308968e-01, 9.0017084e-01, 1.0000000e+00 
3960, 6.4308968e-01, 9.0017084e-01, 0.0000000e+00 
3961, 1.5816555e-01, 1.1797159e-01, 1.0000000e+00 
3962, 1.5816555e-01, 1.1797159e-01, 0.0000000e+00 
3963, 2.4595205e-01, 1.9689971e-01, 1.0000000e+00 
3964, 2.4595205e-01, 1.9689971e-01, 0.0000000e+00 
3965, 9.9895348e-01, 0.0000000e+00, 6.1635697e-01 
3966, 0.0000000e+00, 9.9678015e-01, 6.1557964e-01 
3967, 1.0000000e+00, 7.8877965e-01, 1.0275109e-01 
3968, 0.0000000e+00, 7.8877965e-01, 1.0275109e-01 
3969, 1.0000000e+00, 6.8762813e-01, 1.0413073e-01 
3970, 0.0000000e+00, 6.8762813e-01, 1.0413073e-01 
3971, 1.0000000e+00, 7.6765839e-01, 9.9930525e-02 
3972, 0.0000000e+00, 7.6765839e-01, 9.9930525e-02 
3973, 6.2233222e-01, 0.0000000e+00, 5.4430430e-01 
3974, 6.2233222e-01, 1.0000000e+00, 5.4430430e-01 
3975, 1.0000000e+00, 7.4060179e-01, 4.9116696e-01 
3976, 0.0000000e+00, 7.4060179e-01, 4.9116696e-01 
3977, 0.0000000e+00, 2.7172041e-01, 7.4218339e-04 
3978, 9.9789017e-01, 2.7013976e-01, 1.0000000e+00 
3979, 0.0000000e+00, 3.4856667e-01, 1.2467680e-01 
3980, 1.0000000e+00, 3.4856667e-01, 1.2467680e-01 
3981, 4.3714744e-01, 2.0832875e-01, 0.0000000e+00 
3982, 4.3714744e-01, 2.0832875e-01, 1.0000000e+00 
3983, 4.1421965e-01, 0.0000000e+00, 4.1455417e-01 
3984, 4.1421965e-01, 1.0000000e+00, 4.1455417e-01 
3985, 0.0000000e+00, 5.4159011e-02, 3.4203854e-01 
3986, 1.0000000e+00, 5.4159011e-02, 3.4203854e-01 
3987, 0.0000000e+00, 3.3293185e-02, 8.0631186e-01 
3988, 9.9328448e-01, 1.0000000e+00, 7.9063614e-01 
3989, 0.0000000e+00, 5.7859775e-02, 8.4759076e-01 
3990, 9.4867840e-01, 9.6542554e-01, 0.0000000e+00 
3991, 5.7866918e-01, 0.0000000e+00, 4.9713872e-01 
3992, 5.7866918e-01, 1.0000000e+00, 4.9713872e-01 
3993, 2.8903877e-01, 0.0000000e+00, 4.5383367e-01 
3994, 2.8903877e-01, 1.0000000e+00, 4.5383367e-01 
3995, 3.9816839e-01, 0.0000000e+00, 4.4140926e-01 
3996, 3.9816839e-01, 1.0000000e+00, 4.4140926e-01 
3997, 6.7592994e-02, 1.0000000e+00, 8.6732569e-02 
3998, 1.0000000e+00, 1.2297525e-01, 8.8806223e-02 
3999, 8.3219884e-01, 6.3488320e-01, 1.0000000e+00 
4000, 8.3219884e-01, 6.3488320e-01, 0.0000000e+00 
4001, 1.0000000e+00, 4.4644033e-01, 9.5642259e-01 
4002, 0.0000000e+00, 4.4644033e-01, 9.5642259e-01 
4003, 3.3502935e-01, 0.0000000e+00, 4.6018974e-01 
4004, 3.3502935e-01, 1.0000000e+00, 4.6018974e-01 
4005, 5.1488877e-01, 0.0000000e+00, 2.9431394e-02 
4006, 5.1488877e-01, 1.0000000e+00, 2.9431394e-02 
4007, 2.8378762e-01, 6.0974422e-01, 0.0000000e+00 
4008, 2.8378762e-01, 6.0974422e-01, 1.0000000e+00 
4009, 1.8903539e-01, 7.5738104e-01, 0.0000000e+00 
4010, 1.8903539e-01, 7.5738104e-01, 1.0000000e+00 
4011, 6.4444029e-01, 1.0000000e+00, 4.3264403e-01 
4012, 6.4444029e-01, 0.0000000e+00, 4.3264403e-01 
4013, 1.0000000e+00, 2.1173335e-01, 4.6536086e-01 
4014, 0.0000000e+00, 2.1173335e-01, 4.6536086e-01 
4015, 4.4862442e-01, 8.0888937e-01, 1.0000000e+00 
4016, 5.4932039e-01, 0.0000000e+00, 1.1782778e-01 
4017, 8.2015530e-01, 1.0000000e+00, 7.6505594e-01 
4018, 8.2015530e-01, 0.0000000e+00, 7.6505594e-01 
4019, 0.0000000e+00, 7.8686468e-01, 2.8300963e-01 
4020, 1.0000000e+00, 7.8686468e-01, 2.8300963e-01 
4021, 0.0000000e+00, 8.7269506e-01, 3.9611562e-01 
4022, 1.0000000e+00, 8.7269506e-01, 3.9611562e-01 
4023, 0.0000000e+00, 7.8894233e-01, 4.0916891e-01 
4024, 1.0000000e+00, 7.8894233e-01, 4.0916891e-01 
4025, 1.0000000e+00, 1.0194150e-01, 7.9769200e-01 
4026, 0.0000000e+00, 1.0194150e-01, 7.9769200e-01 
4027, 1.0000000e+00, 1.5009455e-01, 7.7628854e-01 
4028, 0.0000000e+00, 1.5009455e-01, 7.7628854e-01 
4029, 7.2624377e-01, 0.0000000e+00, 6.0843335e-01 
4030, 7.2624377e-01, 1.0000000e+00, 6.0843335e-01 
4031, 4.6501599e-01, 0.0000000e+00, 5.4999383e-01 
4032, 4.6501599e-01, 1.0000000e+00, 5.4999383e-01 
4033, 3.4197488e-01, 0.0000000e+00, 4.1237957e-01 
4034, 3.4197488e-01, 1.0000000e+00, 4.1237957e-01 
4035, 1.0000000e+00, 6.6264118e-01, 3.0835686e-01 
4036, 0.0000000e+00, 6.6264118e-01, 3.0835686e-01 
4037, 6.7207603e-01, 1.3958863e-02, 1.0000000e+00 
4038, 6.7207603e-01, 1.3958863e-02, 0.0000000e+00 
4039, 6.7231676e-01, 0.0000000e+00, 9.8343079e-01 
4040, 6.3692403e-01, 9.7847821e-01, 0.0000000e+00 
4041, 6.8262575e-01, 2.7217123e-03, 1.0000000e+00 
4042, 6.9205660e-01, 1.0000000e+00, 4.6593694e-02 
4043, 6.4765551e-01, 0.0000000e+00, 9.8227974e-01 
4044, 6.4765551e-01, 1.0000000e+00, 9.8227974e-01 
4045, 1.0000000e+00, 1.4419478e-01, 5.5599921e-01 
4046, 0.0000000e+00, 1.4419478e-01, 5.5599921e-01 
4047, 3.1321165e-01, 1.3377807e-01, 1.0000000e+00 
4048, 3.1321165e-01, 1.3377807e-01, 0.0000000e+00 
4049, 2.2620921e-01, 0.0000000e+00, 9.6569352e-01 
4050, 2.2620921e-01, 1.0000000e+00, 9.6569352e-01 
4051, 2.4615079e-01, 1.4103792e-01, 1.0000000e+00 
4052, 2.4615079e-01, 1.4103792e-01, 0.0000000e+00 
4053, 0.0000000e+00, 1.1064204e-01, 8.5335411e-01 
4054, 9.5877634e-01, 1.2873413e-01, 0.0000000e+00 
4055, 0.0000000e+00, 1.1153830e-01, 8.4596504e-01 
4056, 8.4108513e-01, 2.3116827e-01, 0.0000000e+00 
4057, 0.0000000e+00, 1.1001320e-01, 8.4330487e-01 
4058, 1.0000000e+00, 1.1001320e-01, 8.4330487e-01 
4059, 0.0000000e+00, 1.1400168e-01, 8.3742346e-01 
4060, 1.0000000e+00, 1.1400168e-01, 8.3742346e-01 
4061, 9.0622030e-01, 0.0000000e+00, 3.7961668e-01 
4062, 9.0622030e-01, 1.0000000e+00, 3.7961668e-01 
4063, 3.2712889e-01, 0.0000000e+00, 3.1702893e-01 
4064, 3.2712889e-01, 1.0000000e+00, 3.1702893e-01 
4065, 2.3712255e-01, 1.2073484e-01, 0.0000000e+00 
4066, 2.3712255e-01, 1.2073484e-01, 1.0000000e+00 
4067, 4.6052754e-03, 1.0000000e+00, 5.5109061e-01 
4068, 1.0000000e+00, 1.0291910e-02, 5.4977135e-01 
4069, 8.9888240e-02, 1.0000000e+00, 3.8744567e-01 
4070, 8.9888240e-02, 0.0000000e+00, 3.8744567e-01 
4071, 6.9388939e-18, 5.3947742e-02, 4.9495974e-01 
4072, 1.0000000e+00, 5.3947742e-02, 4.9495974e-01 
4073, 0.0000000e+00, 4.5014340e-02, 5.3615519e-01 
4074, 9.2037851e-01, 1.0000000e+00, 4.7636073e-01 
4075, 7.8525000e-01, 6.3243806e-01, 1.0000000e+00 
4076, 7.8525000e-01, 6.3243806e-01, 0.0000000e+00 
4077, 1.0000000e+00, 6.2812782e-01, 6.2099913e-01 
4078, 0.0000000e+00, 6.2812782e-01, 6.2099913e-01 
4079, 6.6415069e-01, 4.3706777e-01, 0.0000000e+00 
4080, 6.6415069e-01, 4.3706777e-01, 1.0000000e+00 
4081, 1.0000000e+00, 6.3068608e-01, 8.0040937e-01 
4082, 0.0000000e+00, 6.3068608e-01, 8.0040937e-01 
4083, 8.4908562e-01, 3.1754921e-01, 0.0000000e+00 
4084, 8.4908562e-01, 3.1754921e-01, 1.0000000e+00 
4085, 1.0000000e+00, 3.2381374e-01, 6.5487670e-02 
4086, 7.6770024e-02, 3.3944014e-01, 1.0000000e+00 
4087, 1.0000000e+00, 3.4741320e-01, 3.5125973e-01 
4088, 0.0000000e+00, 3.4741320e-01, 3.5125973e-01 
4089, 1.0000000e+00, 1.3302855e-02, 7.3082565e-01 
4090, 2.5565116e-03, 1.0000000e+00, 7.4845125e-01 
4091, 1.0000000e+00, 8.3824754e-02, 4.4779546e-01 
4092, 2.4955348e-02, 1.0000000e+00, 4.3510884e-01 
4093, 4.7861653e-01, 1.0000000e+00, 2.2035422e-01 
4094, 4.7861653e-01, 0.0000000e+00, 2.2035422e-01 
4095, 8.6013451e-01, 5.5650207e-01, 6.9388939e-18 
4096, 8.6013451e-01, 5.5650207e-01, 1.0000000e+00 
4097, 2.2492561e-01, 9.9364312e-01, 0.0000000e+00 
4098, 2.2386079e-01, 0.0000000e+00, 9.9893253e-01 
4099, 2.2654516e-01, 9.7148418e-01, 0.0000000e+00 
4100, 2.2654516e-01, 9.7148418e-01, 1.0000000e+00 
4101, 2.2948148e-01, 9.7429369e-01, 0.0000000e+00 
4102, 3.1425961e-01, 0.0000000e+00, 7.7551774e-01 
4103, 0.0000000e+00, 7.9441054e-01, 5.7554598e-01 
4104, 1.0000000e+00, 7.9441054e-01, 5.7554598e-01 
4105, 1.0000000e+00, 3.7836402e-01, 7.2190750e-01 
4106, 0.0000000e+00, 3.7836402e-01, 7.2190750e-01 
4107, 1.0000000e+00, 3.2604434e-01, 3.1940340e-01 
4108, 0.0000000e+00, 3.2604434e-01, 3.1940340e-01 
4109, 1.0000000e+00, 3.4312738e-01, 2.8289172e-01 
4110, 0.0000000e+00, 3.4312738e-01, 2.8289172e-01 
4111, 9.5669752e-01, 4.8711612e-01, 0.0000000e+00 
4112, 9.5669752e-01, 4.8711612e-01, 1.0000000e+00 
4113, 6.6139852e-01, 9.6192876e-01, 0.0000000e+00 
4114, 6.7303705e-01, 0.0000000e+00, 9.7457277e-01 
4115, 6.4348459e-01, 9.0654779e-01, 0.0000000e+00 
4116, 6.4348459e-01, 9.0654779e-01, 1.0000000e+00 
4117, 6.8764768e-01, 7.4852663e-01, 1.0000000e+00 
4118, 6.8764768e-01, 7.4852663e-01, 0.0000000e+00 
4119, 6.4437342e-01, 1.0000000e+00, 6.6350939e-01 
4120, 6.4437342e-01, 0.0000000e+00, 6.6350939e-01 
4121, 4.2613609e-01, 1.0000000e+00, 9.4598027e-01 
4122, 3.5335938e-01, 1.0041560e-02, 0.0000000e+00 
4123, 1.4786401e-01, 1.0000000e+00, 3.7867861e-01 
4124, 1.4786401e-01, 0.0000000e+00, 3.7867861e-01 
4125, 2.8510331e-01, 5.3219897e-01, 1.0000000e+00 
4126, 2.8510331e-01, 5.3219897e-01, 0.0000000e+00 
4127, 9.6693917e-02, 1.0000000e+00, 1.3905482e-01 
4128, 9.6693917e-02, 0.0000000e+00, 1.3905482e-01 
4129, 2.8193365e-01, 1.0000000e+00, 2.4561940e-01 
4130, 2.8193365e-01, 0.0000000e+00, 2.4561940e-01 
4131, 1.2399470e-01, 1.0000000e+00, 3.5883048e-01 
4132, 1.2399470e-01, 0.0000000e+00, 3.5883048e-01 
4133, 3.4469547e-01, 8.7531192e-01, 1.0000000e+00 
4134, 3.4469547e-01, 8.7531192e-01, 0.0000000e+00 
4135, 2.3308689e-01, 1.0000000e+00, 7.7519617e-01 
4136, 2.3308689e-01, 0.0000000e+00, 7.7519617e-01 
4137, 1.7097533e-01, 3.8603574e-01, 0.0000000e+00 
4138, 1.7097533e-01, 3.8603574e-01, 1.0000000e+00 
4139, 1.4757396e-01, 3.9525787e-01, 0.0000000e+00 
4140, 1.0000000e+00, 4.2864596e-01, 7.0015915e-01 
4141, 1.2903867e-01, 3.9555298e-01, 0.0000000e+00 
4142, 1.0000000e+00, 4.0674844e-01, 9.1169560e-01 
4143, 3.6292855e-01, 3.5037578e-01, 0.0000000e+00 
4144, 3.6292855e-01, 3.5037578e-01, 1.0000000e+00 
4145, 1.0000000e+00, 7.2415081e-01, 3.1870337e-01 
4146, 0.0000000e+00, 7.2415081e-01, 3.1870337e-01 
4147, 4.6848332e-01, 5.9831333e-01, 0.0000000e+00 
4148, 4.6848332e-01, 5.9831333e-01, 1.0000000e+00 
4149, 8.5837745e-01, 2.7755576e-17, 6.7977315e-01 
4150, 8.5837745e-01, 1.0000000e+00, 6.7977315e-01 
4151, 8.7561389e-01, 0.0000000e+00, 6.2035040e-01 
4152, 8.7561389e-01, 1.0000000e+00, 6.2035040e-01 
4153, 4.2050046e-01, 5.4971263e-01, 0.0000000e+00 
4154, 4.2050046e-01, 5.4971263e-01, 1.0000000e+00 
4155, 6.6450936e-01, 1.0000000e+00, 1.2051342e-01 
4156, 6.6450936e-01, 0.0000000e+00, 1.2051342e-01 
4157, 6.6544373e-01, 1.0000000e+00, 1.2194315e-01 
4158, 6.6544373e-01, 0.0000000e+00, 1.2194315e-01 
4159, 7.4379511e-01, 3.4418185e-01, 1.0000000e+00 
4160, 7.4379511e-01, 3.4418185e-01, 0.0000000e+00 
4161, 1.0000000e+00, 3.0652549e-01, 9.7734528e-01 
4162, 0.0000000e+00, 3.0652549e-01, 9.7734528e-01 
4163, 6.5502685e-01, 3.1312168e-01, 1.0000000e+00 
4164, 6.5502685e-01, 3.1312168e-01, 0.0000000e+00 
4165, 1.0000000e+00, 8.4968256e-01, 9.1934956e-01 
4166, 6.4702965e-02, 0.0000000e+00, 9.4928473e-01 
4167, 8.8988922e-01, 1.0000000e+00, 9.4081355e-01 
4168, 8.8988922e-01, 0.0000000e+00, 9.4081355e-01 
4169, 0.0000000e+00, 6.1450437e-01, 4.2193204e-01 
4170, 1.0000000e+00, 6.1450437e-01, 4.2193204e-01 
4171, 0.0000000e+00, 3.8450735e-01, 3.8082737e-01 
4172, 1.0000000e+00, 3.8450735e-01, 3.8082737e-01 
4173, 0.0000000e+00, 6.0416048e-01, 5.3051664e-01 
4174, 1.0000000e+00, 6.0416048e-01, 5.3051664e-01 
4175, 3.7995406e-01, 1.0000000e+00, 8.1414182e-01 
4176, 3.7995406e-01, 0.0000000e+00, 8.1414182e-01 
4177, 2.4623830e-01, 7.5884703e-01, 1.0000000e+00 
4178, 2.4623830e-01, 7.5884703e-01, 0.0000000e+00 
4179, 6.0128065e-01, 4.1070113e-02, 1.0000000e+00 
4180, 6.0914065e-01, 1.0000000e+00, 7.9022066e-02 
4181, 6.3279141e-01, 1.3877788e-17, 1.0471114e-01 
4182, 6.3279141e-01, 1.0000000e+00, 1.0471114e-01 
4183, 8.1447384e-01, 1.5435985e-01, 0.0000000e+00 
4184, 8.1447384e-01, 1.5435985e-01, 1.0000000e+00 
4185, 7.0543646e-01, 2.6387361e-01, 0.0000000e+00 
4186, 7.0543646e-01, 2.6387361e-01, 1.0000000e+00 
4187, 5.8144734e-01, 0.0000000e+00, 3.4024701e-01 
4188, 5.8144734e-01, 1.0000000e+00, 3.4024701e-01 
4189, 0.0000000e+00, 2.6636622e-01, 6.5584395e-01 
4190, 1.0000000e+00, 2.6636622e-01, 6.5584395e-01 
4191, 6.0999166e-01, 6.5897744e-01, 1.0000000e+00 
4192, 6.0999166e-01, 6.5897744e-01, 0.0000000e+00 
4193, 5.5178399e-01, 6.9780111e-01, 1.0000000e+00 
4194, 5.5178399e-01, 6.9780111e-01, 0.0000000e+00 
4195, 1.8858842e-01, 1.0000000e+00, 4.6113267e-01 
4196, 1.8858842e-01, 0.0000000e+00, 4.6113267e-01 
4197, 2.3750729e-01, 1.0000000e+00, 5.0173816e-01 
4198, 2.3750729e-01, 0.0000000e+00, 5.0173816e-01 
4199, 2.2413459e-01, 1.0000000e+00, 5.8902719e-01 
4200, 2.2413459e-01, 0.0000000e+00, 5.8902719e-01 
4201, 7.8702671e-01, 3.1165629e-01, 1.0000000e+00 
4202, 7.8702671e-01, 3.1165629e-01, 0.0000000e+00 
4203, 3.9549945e-01, 0.0000000e+00, 6.3100890e-01 
4204, 3.9549945e-01, 1.0000000e+00, 6.3100890e-01 
4205, 1.0000000e+00, 5.7243496e-02, 5.5320181e-01 
4206, 3.6591212e-02, 1.0000000e+00, 5.3260656e-01 
4207, 1.0000000e+00, 4.2351774e-01, 5.5481995e-01 
4208, 0.0000000e+00, 4.2351774e-01, 5.5481995e-01 
4209, 1.0000000e+00, 1.0424069e-01, 5.0795064e-01 
4210, 1.2228341e-01, 1.0000000e+00, 3.5529810e-01 
4211, 6.9662624e-01, 1.0000000e+00, 2.2130794e-01 
4212, 6.9662624e-01, 0.0000000e+00, 2.2130794e-01 
4213, 7.5889899e-01, 1.0000000e+00, 2.0474599e-01 
4214, 0.0000000e+00, 4.8286486e-02, 1.2990722e-01 
4215, 6.9571818e-01, 1.0000000e+00, 2.3695987e-01 
4216, 6.9571818e-01, 0.0000000e+00, 2.3695987e-01 
4217, 6.9743752e-01, 1.0000000e+00, 2.2147416e-01 
4218, 6.9743752e-01, 0.0000000e+00, 2.2147416e-01 
4219, 9.7361102e-02, 1.0000000e+00, 5.2222793e-01 
4220, 9.7361102e-02, 0.0000000e+00, 5.2222793e-01 
4221, 6.6040220e-01, 1.0000000e+00, 2.0921364e-01 
4222, 6.6040220e-01, 0.0000000e+00, 2.0921364e-01 
4223, 8.1090223e-01, 9.6021109e-01, 1.0000000e+00 
4224, 8.1090223e-01, 9.6021109e-01, 0.0000000e+00 
4225, 8.5990137e-01, 9.1321121e-01, 1.0000000e+00 
4226, 0.0000000e+00, 8.4938971e-01, 6.5646574e-02 
4227, 4.9703736e-01, 1.0000000e+00, 3.2821412e-01 
4228, 4.9703736e-01, 0.0000000e+00, 3.2821412e-01 
4229, 6.9462524e-01, 0.0000000e+00, 3.2340884e-01 
4230, 6.9462524e-01, 1.0000000e+00, 3.2340884e-01 
4231, 5.9702477e-01, 6.2116960e-01, 1.0000000e+00 
4232, 5.9702477e-01, 6.2116960e-01, 0.0000000e+00 
4233, 1.0000000e+00, 1.5368194e-01, 5.3565064e-01 
4234, 0.0000000e+00, 1.5368194e-01, 5.3565064e-01 
4235, 9.4005340e-01, 5.4110185e-01, 0.0000000e+00 
4236, 9.4005340e-01, 5.4110185e-01, 1.0000000e+00 
4237, 1.0000000e+00, 3.8361485e-01, 1.0207936e-01 
4238, 9.4854541e-02, 2.5492312e-01, 1.0000000e+00 
4239, 5.8891675e-01, 4.3774073e-01, 0.0000000e+00 
4240, 5.8891675e-01, 4.3774073e-01, 1.0000000e+00 
4241, 1.0000000e+00, 6.9962785e-01, 9.4424387e-01 
4242, 0.0000000e+00, 6.9962785e-01, 9.4424387e-01 
4243, 6.2530084e-01, 5.1097370e-01, 1.0000000e+00 
4244, 6.2530084e-01, 5.1097370e-01, 0.0000000e+00 
4245, 1.0000000e+00, 2.8801404e-01, 8.1740304e-01 
4246, 0.0000000e+00, 2.8801404e-01, 8.1740304e-01 
4247, 1.0000000e+00, 1.1814937e-01, 9.8988072e-01 
4248, 1.9059404e-02, 6.7943841e-02, 0.0000000e+00 
4249, 8.9061942e-01, 3.9389051e-01, 1.0000000e+00 
4250, 8.9061942e-01, 3.9389051e-01, 0.0000000e+00 
4251, 0.0000000e+00, 7.9332829e-02, 3.6192657e-01 
4252, 1.0000000e+00, 7.9332829e-02, 3.6192657e-01 
4253, 0.0000000e+00, 1.8738495e-01, 5.6213081e-01 
4254, 1.0000000e+00, 1.8738495e-01, 5.6213081e-01 
4255, 1.4361354e-01, 0.0000000e+00, 5.4265879e-01 
4256, 1.4361354e-01, 1.0000000e+00, 5.4265879e-01 
4257, 2.0111256e-02, 2.3395923e-01, 2.7755576e-17 
4258, 1.0000000e+00, 2.2834854e-01, 9.2718833e-01 
4259, 4.1351763e-01, 9.9099875e-01, 0.0000000e+00 
4260, 3.1678681e-01, 0.0000000e+00, 7.6778751e-01 
4261, 4.2596876e-01, 9.9199310e-01, 0.0000000e+00 
4262, 3.8162565e-01, 0.0000000e+00, 8.3967503e-01 
4263, 4.6174559e-01, 1.0000000e+00, 1.0432298e-01 
4264, 4.6174559e-01, 0.0000000e+00, 1.0432298e-01 
4265, 3.9614619e-01, 3.7426671e-02, 1.0000000e+00 
4266, 3.9475861e-01, 1.0000000e+00, 1.8636359e-01 
4267, 4.5907071e-01, 0.0000000e+00, 8.9487529e-01 
4268, 4.5907071e-01, 1.0000000e+00, 8.9487529e-01 
4269, 8.4714814e-02, 0.0000000e+00, 1.5404622e-01 
4270, 1.8075165e-01, 8.8442827e-01, 1.0000000e+00 
4271, 0.0000000e+00, 1.9432478e-02, 1.8645254e-01 
4272, 9.0118422e-01, 1.0000000e+00, 1.7145699e-01 
4273, 7.1756833e-02, 0.0000000e+00, 2.0379797e-01 
4274, 7.1756833e-02, 1.0000000e+00, 2.0379797e-01 
4275, 8.3704078e-01, 2.6475301e-01, 1.0000000e+00 
4276, 8.3704078e-01, 2.6475301e-01, 0.0000000e+00 
4277, 0.0000000e+00, 2.5493893e-01, 6.4106371e-01 
4278, 1.0000000e+00, 2.5493893e-01, 6.4106371e-01 
4279, 0.0000000e+00, 2.7301862e-01, 6.3544025e-01 
4280, 1.0000000e+00, 2.7301862e-01, 6.3544025e-01 
4281, 8.5863555e-02, 3.3623790e-01, 1.0000000e+00 
4282, 8.5863555e-02, 3.3623790e-01, 0.0000000e+00 
4283, 3.4421886e-01, 6.4818383e-01, 0.0000000e+00 
4284, 3.4421886e-01, 6.4818383e-01, 1.0000000e+00 
4285, 2.2785034e-01, 1.0000000e+00, 2.8706465e-01 
4286, 2.2785034e-01, 0.0000000e+00, 2.8706465e-01 
4287, 1.4732065e-01, 1.0000000e+00, 3.9444575e-01 
4288, 1.4732065e-01, 0.0000000e+00, 3.9444575e-01 
4289, 1.0000000e+00, 3.3435987e-01, 9.0455688e-01 
4290, 0.0000000e+00, 3.3435987e-01, 9.0455688e-01 
4291, 2.9832420e-01, 9.8818486e-01, 0.0000000e+00 
4292, 3.5458184e-01, 0.0000000e+00, 9.4544147e-01 
4293, 0.0000000e+00, 9.6607389e-01, 1.1507477e-01 
4294, 8.5772708e-01, 9.9507467e-01, 1.0000000e+00 
4295, 0.0000000e+00, 7.8198628e-01, 1.0859607e-01 
4296, 1.0000000e+00, 7.8198628e-01, 1.0859607e-01 
4297, 5.6270836e-01, 0.0000000e+00, 8.7411887e-01 
4298, 5.6270836e-01, 1.0000000e+00, 8.7411887e-01 
4299, 2.9507474e-01, 0.0000000e+00, 4.1454385e-02 
4300, 2.9839422e-01, 8.7519414e-01, 1.0000000e+00 
4301, 5.7994599e-01, 0.0000000e+00, 1.1540443e-01 
4302, 5.7994599e-01, 1.0000000e+00, 1.1540443e-01 
4303, 0.0000000e+00, 6.9100606e-01, 5.1039700e-01 
4304, 1.0000000e+00, 6.9100606e-01, 5.1039700e-01 
4305, 5.0634964e-01, 3.4188919e-01, 1.0000000e+00 
4306, 5.0634964e-01, 3.4188919e-01, 0.0000000e+00 
4307, 4.6172168e-01, 3.3780256e-01, 1.0000000e+00 
4308, 4.6172168e-01, 3.3780256e-01, 0.0000000e+00 
4309, 5.2529767e-01, 2.9290638e-01, 1.0000000e+00 
4310, 5.2529767e-01, 2.9290638e-01, 0.0000000e+00 
4311, 0.0000000e+00, 6.1456565e-01, 3.1562751e-01 
4312, 1.0000000e+00, 6.1456565e-01, 3.1562751e-01 
4313, 0.0000000e+00, 5.9760708e-01, 3.4285244e-01 
4314, 1.0000000e+00, 5.9760708e-01, 3.4285244e-01 
4315, 3.0290266e-01, 7.6454801e-01, 1.0000000e+00 
4316, 3.0290266e-01, 7.6454801e-01, 0.0000000e+00 
4317, 6.9388939e-18, 4.5273551e-02, 2.8240626e-01 
4318, 1.0000000e+00, 4.5273551e-02, 2.8240626e-01 
4319, 1.9837224e-01, 0.0000000e+00, 1.7561581e-01 
4320, 1.9837224e-01, 1.0000000e+00, 1.7561581e-01 
4321, 7.4797491e-02, 0.0000000e+00, 3.2188224e-01 
4322, 7.4797491e-02, 1.0000000e+00, 3.2188224e-01 
4323, 5.7783830e-01, 5.0070170e-01, 0.0000000e+00 
4324, 5.7783830e-01, 5.0070170e-01, 1.0000000e+00 
4325, 6.7498563e-01, 4.4339732e-01, 0.0000000e+00 
4326, 6.7498563e-01, 4.4339732e-01, 1.0000000e+00 
4327, 2.8180384e-01, 4.0142146e-01, 0.0000000e+00 
4328, 2.8180384e-01, 4.0142146e-01, 1.0000000e+00 
4329, 9.6170209e-02, 1.0000000e+00, 1.4954063e-01 
4330, 1.0000000e+00, 7.6466480e-02, 1.8457920e-01 
4331, 2.8037795e-01, 7.7505781e-01, 0.0000000e+00 
4332, 2.8037795e-01, 7.7505781e-01, 1.0000000e+00 
4333, 2.3306708e-01, 6.5353491e-01, 0.0000000e+00 
4334, 2.3306708e-01, 6.5353491e-01, 1.0000000e+00 
4335, 2.5623471e-01, 6.2515094e-01, 0.0000000e+00 
4336, 2.5623471e-01, 6.2515094e-01, 1.0000000e+00 
4337, 6.0643086e-01, 1.0000000e+00, 9.7346977e-01 
4338, 6.0643086e-01, 0.0000000e+00, 9.7346977e-01 
4339, 7.0464965e-01, 1.0000000e+00, 9.9987229e-01 
4340, 7.0457985e-01, 3.8823974e-04, 0.0000000e+00 
4341, 7.0733895e-01, 8.6618471e-01, 1.0000000e+00 
4342, 7.0733895e-01, 8.6618471e-01, 0.0000000e+00 
4343, 1.0000000e+00, 5.8839492e-01, 3.4792433e-01 
4344, 0.0000000e+00, 5.8839492e-01, 3.4792433e-01 
4345, 1.0000000e+00, 4.0534403e-02, 5.5779321e-01 
4346, 0.0000000e+00, 4.0534403e-02, 5.5779321e-01 
4347, 9.5384911e-01, 5.1881323e-02, 1.0000000e+00 
4348, 9.5384911e-01, 5.1881323e-02, 0.0000000e+00 
4349, 1.0000000e+00, 1.4797018e-02, 7.8221460e-01 
4350, 2.3335869e-02, 1.0000000e+00, 7.4941778e-01 
4351, 2.9846840e-02, 7.3665238e-02, 0.0000000e+00 
4352, 1.0000000e+00, 7.7903581e-02, 9.5051935e-01 
4353, 1.3859852e-01, 0.0000000e+00, 1.4775852e-01 
4354, 1.3859852e-01, 1.0000000e+00, 1.4775852e-01 
4355, 1.7570536e-01, 0.0000000e+00, 6.9090386e-01 
4356, 1.7570536e-01, 1.0000000e+00, 6.9090386e-01 
4357, 8.8504446e-02, 0.0000000e+00, 8.0632376e-01 
4358, 8.8504446e-02, 1.0000000e+00, 8.0632376e-01 
4359, 2.6852081e-01, 4.2517098e-01, 0.0000000e+00 
4360, 2.6852081e-01, 4.2517098e-01, 1.0000000e+00 
4361, 0.0000000e+00, 4.4511271e-01, 1.0217025e-02 
4362, 9.8698989e-01, 4.4648774e-01, 1.0000000e+00 
4363, 2.8980362e-01, 0.0000000e+00, 1.4342508e-01 
4364, 2.8980362e-01, 1.0000000e+00, 1.4342508e-01 
4365, 3.2546948e-01, 0.0000000e+00, 1.0411911e-01 
4366, 3.7050231e-01, 7.4619471e-01, 1.0000000e+00 
4367, 0.0000000e+00, 2.2740854e-02, 1.7197092e-01 
4368, 9.8286652e-01, 1.0000000e+00, 1.6978991e-01 
4369, 2.6632268e-01, 3.9456145e-01, 0.0000000e+00 
4370, 2.6632268e-01, 3.9456145e-01, 1.0000000e+00 
4371, 0.0000000e+00, 4.7571016e-02, 1.2455603e-01 
4372, 9.5749278e-01, 1.0000000e+00, 1.0224958e-01 
4373, 0.0000000e+00, 1.0561474e-01, 7.9284741e-01 
4374, 1.0000000e+00, 1.0561474e-01, 7.9284741e-01 
4375, 2.1592901e-01, 1.1344225e-01, 1.0000000e+00 
4376, 2.1592901e-01, 1.1344225e-01, 0.0000000e+00 
4377, 2.1075600e-01, 1.0658393e-01, 1.0000000e+00 
4378, 2.1075600e-01, 1.0658393e-01, 0.0000000e+00 
4379, 4.6723624e-02, 0.0000000e+00, 3.0249612e-01 
4380, 1.0000000e+00, 9.1899446e-01, 3.6495775e-01 
4381, 0.0000000e+00, 1.0235408e-01, 2.7079764e-01 
4382, 1.0000000e+00, 1.0235408e-01, 2.7079764e-01 
4383, 0.0000000e+00, 1.4547246e-01, 3.5296554e-01 
4384, 1.0000000e+00, 1.4547246e-01, 3.5296554e-01 
4385, 5.0427161e-01, 1.0000000e+00, 6.1309969e-01 
4386, 5.0427161e-01, 0.0000000e+00, 6.1309969e-01 
4387, 5.7392790e-01, 1.0000000e+00, 4.2262991e-01 
4388, 5.7392790e-01, 0.0000000e+00, 4.2262991e-01 
4389, 6.7106906e-01, 1.0000000e+00, 3.1058413e-01 
4390, 6.7106906e-01, 0.0000000e+00, 3.1058413e-01 
4391, 8.5722039e-01, 1.0000000e+00, 3.6666317e-01 
4392, 8.5722039e-01, 0.0000000e+00, 3.6666317e-01 
4393, 1.0000000e+00, 1.6557292e-03, 1.9036586e-01 
4394, 9.0876165e-03, 1.0000000e+00, 1.8944511e-01 
4395, 1.0000000e+00, 1.6732461e-02, 1.7597835e-01 
4396, 1.5664073e-01, 1.5597056e-01, 1.0000000e+00 
4397, 9.8637524e-01, 0.0000000e+00, 1.9295898e-01 
4398, 0.0000000e+00, 8.7256258e-01, 2.2819653e-01 
4399, 9.8613382e-01, 0.0000000e+00, 1.9321605e-01 
4400, 0.0000000e+00, 7.2105008e-01, 2.8733938e-01 
4401, 0.0000000e+00, 8.3121861e-01, 7.4502891e-01 
4402, 1.0000000e+00, 8.3121861e-01, 7.4502891e-01 
4403, 2.4604810e-01, 1.0000000e+00, 9.2356085e-01 
4404, 2.4604810e-01, 0.0000000e+00, 9.2356085e-01 
4405, 0.0000000e+00, 7.8855616e-01, 8.4683303e-01 
4406, 1.0000000e+00, 7.8855616e-01, 8.4683303e-01 
4407, 5.1802660e-01, 0.0000000e+00, 8.5735257e-01 
4408, 5.1802660e-01, 1.0000000e+00, 8.5735257e-01 
4409, 1.1180627e-01, 6.5476126e-01, 1.0000000e+00 
4410, 1.1180627e-01, 6.5476126e-01, 0.0000000e+00 
4411, 1.5520792e-01, 1.0000000e+00, 8.0249967e-01 
4412, 1.5520792e-01, 0.0000000e+00, 8.0249967e-01 
4413, 4.8028549e-01, 1.2625977e-01, 1.0000000e+00 
4414, 4.8028549e-01, 1.2625977e-01, 0.0000000e+00 
4415, 4.8734020e-01, 1.2391907e-01, 1.0000000e+00 
4416, 4.8734020e-01, 1.2391907e-01, 0.0000000e+00 
4417, 4.8102748e-01, 1.0999342e-01, 1.0000000e+00 
4418, 4.6896460e-01, 1.0000000e+00, 7.7724299e-02 
4419, 1.0000000e+00, 4.5801817e-02, 4.8485773e-01 
4420, 0.0000000e+00, 4.5801817e-02, 4.8485773e-01 
4421, 8.5676193e-01, 0.0000000e+00, 7.3152792e-01 
4422, 8.5676193e-01, 1.0000000e+00, 7.3152792e-01 
4423, 9.3208388e-01, 0.0000000e+00, 8.3006405e-01 
4424, 0.0000000e+00, 9.2256781e-01, 8.6831839e-01 
4425, 5.5629008e-01, 0.0000000e+00, 4.8116328e-01 
4426, 5.5629008e-01, 1.0000000e+00, 4.8116328e-01 
4427, 1.0000000e+00, 8.7482815e-01, 4.1531351e-01 
4428, 0.0000000e+00, 8.7482815e-01, 4.1531351e-01 
4429, 3.2302389e-01, 1.0000000e+00, 6.0408522e-01 
4430, 3.2302389e-01, 0.0000000e+00, 6.0408522e-01 
4431, 6.4179941e-01, 5.9899274e-01, 0.0000000e+00 
4432, 6.4179941e-01, 5.9899274e-01, 1.0000000e+00 
4433, 3.1899551e-01, 1.0000000e+00, 1.0492157e-01 
4434, 3.1899551e-01, 0.0000000e+00, 1.0492157e-01 
4435, 8.3162973e-01, 7.7013960e-01, 0.0000000e+00 
4436, 8.3162973e-01, 7.7013960e-01, 1.0000000e+00 
4437, 9.0472634e-01, 5.9838001e-01, 0.0000000e+00 
4438, 9.0472634e-01, 5.9838001e-01, 1.0000000e+00 
4439, 1.0000000e+00, 4.0073896e-01, 5.4265157e-02 
4440, 0.0000000e+00, 4.0073896e-01, 5.4265157e-02 
4441, 6.9937603e-01, 3.7237872e-01, 0.0000000e+00 
4442, 6.9937603e-01, 3.7237872e-01, 1.0000000e+00 
4443, 5.0587812e-01, 0.0000000e+00, 3.7977882e-01 
4444, 5.0587812e-01, 1.0000000e+00, 3.7977882e-01 
4445, 5.1930727e-01, 0.0000000e+00, 3.3261863e-01 
4446, 5.1930727e-01, 1.0000000e+00, 3.3261863e-01 
4447, 1.2178811e-01, 6.4595697e-01, 0.0000000e+00 
4448, 1.2178811e-01, 6.4595697e-01, 1.0000000e+00 
4449, 9.0286182e-01, 1.0000000e+00, 2.3568808e-01 
4450, 9.5247340e-01, 1.6602110e-01, 1.0000000e+00 
4451, 9.1547249e-01, 1.0000000e+00, 2.9646237e-01 
4452, 0.0000000e+00, 1.4748674e-01, 2.8204752e-01 
4453, 5.0503782e-01, 1.9070135e-01, 1.0000000e+00 
4454, 5.0503782e-01, 1.9070135e-01, 0.0000000e+00 
4455, 2.9635693e-01, 0.0000000e+00, 8.1088537e-02 
4456, 2.9635693e-01, 1.0000000e+00, 8.1088537e-02 
4457, 0.0000000e+00, 6.1008589e-02, 4.8945462e-01 
4458, 1.0000000e+00, 6.1008589e-02, 4.8945462e-01 
4459, 2.2519530e-01, 0.0000000e+00, 5.7963918e-01 
4460, 2.2519530e-01, 1.0000000e+00, 5.7963918e-01 
4461, 0.0000000e+00, 5.6881758e-03, 4.7760085e-01 
4462, 1.0000000e+00, 5.6881758e-03, 4.7760085e-01 
4463, 5.1961625e-01, 0.0000000e+00, 6.1468750e-01 
4464, 5.1961625e-01, 1.0000000e+00, 6.1468750e-01 
4465, 5.9372765e-01, 9.2564463e-01, 1.0000000e+00 
4466, 5.9372765e-01, 9.2564463e-01, 0.0000000e+00 
4467, 6.0196656e-01, 8.5128635e-01, 1.0000000e+00 
4468, 6.0196656e-01, 8.5128635e-01, 0.0000000e+00 
4469, 9.3801745e-01, 0.0000000e+00, 9.6824368e-01 
4470, 0.0000000e+00, 7.3590287e-01, 9.4937166e-01 
4471, 3.1799198e-01, 0.0000000e+00, 4.8572871e-01 
4472, 3.1799198e-01, 1.0000000e+00, 4.8572871e-01 
4473, 0.0000000e+00, 7.6581227e-01, 4.3437269e-01 
4474, 1.0000000e+00, 7.6581227e-01, 4.3437269e-01 
4475, 0.0000000e+00, 4.7385144e-01, 3.5726736e-01 
4476, 1.0000000e+00, 4.7385144e-01, 3.5726736e-01 
4477, 0.0000000e+00, 5.1968139e-01, 4.2814886e-01 
4478, 1.0000000e+00, 5.1968139e-01, 4.2814886e-01 
4479, 1.0000000e+00, 5.5211875e-02, 4.5951746e-01 
4480, 2.5394183e-02, 1.0000000e+00, 4.6788566e-01 
4481, 1.0000000e+00, 1.2704663e-01, 1.4604247e-01 
4482, 0.0000000e+00, 1.2704663e-01, 1.4604247e-01 
4483, 9.5946886e-01, 0.0000000e+00, 5.8761394e-01 
4484, 9.5946886e-01, 1.0000000e+00, 5.8761394e-01 
4485, 7.9684320e-01, 5.1496801e-01, 1.0000000e+00 
4486, 7.9684320e-01, 5.1496801e-01, 0.0000000e+00 
4487, 8.7346265e-01, 1.0000000e+00, 7.7632668e-01 
4488, 8.7346265e-01, 0.0000000e+00, 7.7632668e-01 
4489, 8.8249543e-01, 1.0000000e+00, 7.3136814e-01 
4490, 8.8249543e-01, 0.0000000e+00, 7.3136814e-01 
4491, 1.0000000e+00, 9.2423316e-01, 8.6031322e-01 
4492, 2.2294280e-01, 9.7276333e-01, 0.0000000e+00 
4493, 1.0000000e+00, 3.8678870e-01, 2.4874629e-01 
4494, 0.0000000e+00, 3.8678870e-01, 2.4874629e-01 
4495, 8.7407292e-01, 7.2554941e-01, 0.0000000e+00 
4496, 8.7407292e-01, 7.2554941e-01, 1.0000000e+00 
4497, 9.6823966e-01, 0.0000000e+00, 9.1071229e-01 
4498, 0.0000000e+00, 9.7261919e-01, 9.1414410e-01 
4499, 4.8796906e-01, 1.5286607e-01, 1.0000000e+00 
4500, 4.8796906e-01, 1.5286607e-01, 0.0000000e+00 
4501, 1.0000000e+00, 5.3075014e-01, 8.3319463e-01 
4502, 0.0000000e+00, 5.3075014e-01, 8.3319463e-01 
4503, 8.1998874e-01, 4.2807010e-01, 1.0000000e+00 
4504, 8.1998874e-01, 4.2807010e-01, 0.0000000e+00 
4505, 1.0000000e+00, 6.7947934e-01, 9.0021477e-01 
4506, 0.0000000e+00, 6.7947934e-01, 9.0021477e-01 
4507, 8.1976018e-01, 4.4927636e-01, 1.0000000e+00 
4508, 8.1976018e-01, 4.4927636e-01, 0.0000000e+00 
4509, 4.1215086e-01, 4.6428126e-01, 1.0000000e+00 
4510, 4.1215086e-01, 4.6428126e-01, 0.0000000e+00 
4511, 1.0000000e+00, 7.3530084e-02, 2.3974351e-01 
4512, 2.1464253e-01, 1.0000000e+00, 1.9955191e-01 
4513, 1.0000000e+00, 1.0873475e-01, 1.0434176e-01 
4514, 3.0865976e-02, 1.2378730e-01, 1.0000000e+00 
4515, 1.0000000e+00, 6.6790175e-01, 9.6537638e-01 
4516, 0.0000000e+00, 6.6790175e-01, 9.6537638e-01 
4517, 1.0000000e+00, 9.4200016e-01, 8.9724626e-01 
4518, 0.0000000e+00, 9.4200016e-01, 8.9724626e-01 
4519, 9.0812098e-01, 8.9854470e-01, 1.0000000e+00 
4520, 9.0812098e-01, 8.9854470e-01, 0.0000000e+00 
4521, 7.3770572e-01, 0.0000000e+00, 8.1692112e-01 
4522, 7.3770572e-01, 1.0000000e+00, 8.1692112e-01 
4523, 6.2839362e-01, 1.2409405e-01, 1.0000000e+00 
4524, 6.2839362e-01, 1.2409405e-01, 0.0000000e+00 
4525, 6.1590720e-01, 0.0000000e+00, 9.4617070e-01 
4526, 6.1590720e-01, 1.0000000e+00, 9.4617070e-01 
4527, 0.0000000e+00, 5.1365522e-01, 2.2937969e-01 
4528, 1.0000000e+00, 5.1365522e-01, 2.2937969e-01 
4529, 0.0000000e+00, 5.0177171e-01, 2.2643553e-01 
4530, 1.0000000e+00, 5.0177171e-01, 2.2643553e-01 
4531, 8.6736174e-19, 4.7059804e-01, 1.8052128e-01 
4532, 9.7736688e-01, 3.4035493e-01, 1.0000000e+00 
4533, 5.9986470e-01, 0.0000000e+00, 6.2270254e-01 
4534, 5.9986470e-01, 1.0000000e+00, 6.2270254e-01 
4535, 5.2076726e-01, 0.0000000e+00, 6.2715764e-01 
4536, 5.2076726e-01, 1.0000000e+00, 6.2715764e-01 
4537, 4.1110682e-01, 0.0000000e+00, 7.4889306e-01 
4538, 4.1110682e-01, 1.0000000e+00, 7.4889306e-01 
4539, 0.0000000e+00, 1.9182483e-02, 7.6414277e-01 
4540, 1.0000000e+00, 1.9182483e-02, 7.6414277e-01 
4541, 0.0000000e+00, 2.9745725e-01, 8.3481951e-01 
4542, 1.0000000e+00, 2.9745725e-01, 8.3481951e-01 
4543, 1.4792591e-01, 2.5316558e-01, 1.0000000e+00 
4544, 1.0000000e+00, 3.0869127e-01, 2.2766562e-01 
4545, 2.0774227e-01, 3.7383961e-01, 1.0000000e+00 
4546, 2.0774227e-01, 3.7383961e-01, 0.0000000e+00 
4547, 3.6239288e-01, 0.0000000e+00, 4.3569487e-01 
4548, 3.6239288e-01, 1.0000000e+00, 4.3569487e-01 
4549, 3.4049271e-01, 0.0000000e+00, 5.6787472e-01 
4550, 3.4049271e-01, 1.0000000e+00, 5.6787472e-01 
4551, 9.3820536e-01, 1.4714951e-01, 0.0000000e+00 
4552, 0.0000000e+00, 1.4845311e-01, 9.7987578e-01 
4553, 9.2670378e-01, 1.4669316e-01, 0.0000000e+00 
4554, 9.2670378e-01, 1.4669316e-01, 1.0000000e+00 
4555, 9.3009049e-01, 1.4722292e-01, 0.0000000e+00 
4556, 0.0000000e+00, 1.5519576e-01, 9.0702746e-01 
4557, 9.2251194e-01, 1.5474831e-01, 0.0000000e+00 
4558, 9.2251194e-01, 1.5474831e-01, 1.0000000e+00 
4559, 9.2549814e-01, 5.0772732e-01, 0.0000000e+00 
4560, 9.2549814e-01, 5.0772732e-01, 1.0000000e+00 
4561, 1.0000000e+00, 5.0350450e-01, 2.7171041e-01 
4562, 0.0000000e+00, 5.0350450e-01, 2.7171041e-01 
4563, 1.0000000e+00, 5.0232409e-01, 2.4161501e-01 
4564, 0.0000000e+00, 5.0232409e-01, 2.4161501e-01 
4565, 6.6015896e-01, 1.0000000e+00, 7.3539643e-01 
4566, 6.6015896e-01, 0.0000000e+00, 7.3539643e-01 
4567, 8.7880279e-01, 1.0000000e+00, 9.4002169e-01 
4568, 8.7880279e-01, 0.0000000e+00, 9.4002169e-01 
4569, 4.9459880e-01, 2.9306053e-01, 1.0000000e+00 
4570, 4.9459880e-01, 2.9306053e-01, 0.0000000e+00 
4571, 7.0132685e-01, 4.5104694e-01, 1.0000000e+00 
4572, 7.0132685e-01, 4.5104694e-01, 0.0000000e+00 
4573, 1.0000000e+00, 2.6000188e-01, 3.8568657e-01 
4574, 0.0000000e+00, 2.6000188e-01, 3.8568657e-01 
4575, 1.0000000e+00, 4.2276219e-01, 3.0477744e-01 
4576, 0.0000000e+00, 4.2276219e-01, 3.0477744e-01 
4577, 2.8742055e-01, 1.0000000e+00, 7.4238327e-01 
4578, 2.8742055e-01, 0.0000000e+00, 7.4238327e-01 
4579, 3.9326893e-01, 1.0000000e+00, 8.3356947e-01 
4580, 5.1372888e-01, 5.3457321e-02, 0.0000000e+00 
4581, 2.7748241e-01, 0.0000000e+00, 6.7844295e-01 
4582, 2.7748241e-01, 1.0000000e+00, 6.7844295e-01 
4583, 2.6232095e-01, 0.0000000e+00, 6.5621011e-01 
4584, 1.0000000e+00, 8.0723024e-01, 5.2722956e-01 
4585, 3.2484888e-01, 0.0000000e+00, 5.4343736e-01 
4586, 3.2484888e-01, 1.0000000e+00, 5.4343736e-01 
4587, 0.0000000e+00, 4.3923410e-02, 8.9623107e-01 
4588, 1.0000000e+00, 4.3923410e-02, 8.9623107e-01 
4589, 4.1914510e-01, 1.0000000e+00, 1.7242687e-01 
4590, 3.0436483e-01, 5.3232811e-02, 1.0000000e+00 
4591, 4.4579400e-01, 1.0000000e+00, 2.1280567e-01 
4592, 4.4579400e-01, 0.0000000e+00, 2.1280567e-01 
4593, 0.0000000e+00, 1.0748644e-01, 9.4438775e-01 
4594, 9.4358537e-01, 6.6846776e-02, 0.0000000e+00 
4595, 7.0562596e-02, 0.0000000e+00, 5.6731610e-01 
4596, 7.0562596e-02, 1.0000000e+00, 5.6731610e-01 
4597, 0.0000000e+00, 1.5266080e-01, 6.5869037e-01 
4598, 9.0786051e-01, 1.0000000e+00, 6.0010069e-01 
4599, 0.0000000e+00, 2.3732204e-01, 7.6670412e-01 
4600, 1.0000000e+00, 2.3732204e-01, 7.6670412e-01 
4601, 8.6229644e-01, 4.7750687e-01, 1.0000000e+00 
4602, 8.6229644e-01, 4.7750687e-01, 0.0000000e+00 
4603, 0.0000000e+00, 3.2966466e-01, 7.7730318e-01 
4604, 1.0000000e+00, 3.2966466e-01, 7.7730318e-01 
4605, 1.6042834e-01, 0.0000000e+00, 3.9222768e-01 
4606, 1.6042834e-01, 1.0000000e+00, 3.9222768e-01 
4607, 5.8410716e-04, 0.0000000e+00, 3.4845121e-01 
4608, 1.0000000e+00, 9.9947081e-01, 3.4782309e-01 
4609, 1.0000000e+00, 2.8258898e-01, 6.2615530e-01 
4610, 0.0000000e+00, 2.8258898e-01, 6.2615530e-01 
4611, 1.0000000e+00, 3.5955000e-01, 5.1929954e-01 
4612, 0.0000000e+00, 3.5955000e-01, 5.1929954e-01 
4613, 1.7308570e-01, 1.0000000e+00, 8.7345244e-02 
4614, 1.7308570e-01, 0.0000000e+00, 8.7345244e-02 
4615, 2.3173805e-01, 1.0000000e+00, 3.4641620e-02 
4616, 2.3173805e-01, 0.0000000e+00, 3.4641620e-02 
4617, 0.0000000e+00, 3.2062427e-01, 5.1144195e-01 
4618, 1.0000000e+00, 3.2062427e-01, 5.1144195e-01 
4619, 5.7127062e-02, 1.0000000e+00, 7.5179398e-01 
4620, 1.0000000e+00, 8.3010268e-02, 5.6455609e-01 
4621, 7.3173549e-03, 1.0000000e+00, 8.3482958e-01 
4622, 1.0000000e+00, 3.0882147e-03, 8.3651927e-01 
4623, 8.2087607e-02, 1.0000000e+00, 7.8452803e-01 
4624, 8.2087607e-02, 0.0000000e+00, 7.8452803e-01 
4625, 0.0000000e+00, 9.2823431e-01, 8.9172155e-02 
4626, 1.0000000e+00, 9.2823431e-01, 8.9172155e-02 
4627, 2.3832419e-01, 1.0000000e+00, 1.3321228e-01 
4628, 2.3832419e-01, 0.0000000e+00, 1.3321228e-01 
4629, 0.0000000e+00, 8.1304273e-01, 2.0325815e-02 
4630, 9.2042899e-01, 7.8613300e-01, 1.0000000e+00 
4631, 1.2826616e-01, 7.0551965e-01, 0.0000000e+00 
4632, 1.2826616e-01, 7.0551965e-01, 1.0000000e+00 
4633, 6.6535686e-01, 3.5202091e-01, 0.0000000e+00 
4634, 6.6535686e-01, 3.5202091e-01, 1.0000000e+00 
4635, 3.7171375e-01, 0.0000000e+00, 1.0682172e-01 
4636, 3.7171375e-01, 1.0000000e+00, 1.0682172e-01 
4637, 8.3779582e-01, 2.2171178e-01, 0.0000000e+00 
4638, 8.3779582e-01, 2.2171178e-01, 1.0000000e+00 
4639, 0.0000000e+00, 7.6755374e-01, 1.5987625e-01 
4640, 1.0000000e+00, 7.6755374e-01, 1.5987625e-01 
4641, 3.6213473e-02, 5.8369984e-01, 0.0000000e+00 
4642, 3.6213473e-02, 5.8369984e-01, 1.0000000e+00 
4643, 7.8862572e-02, 5.2904854e-01, 8.6736174e-19 
4644, 7.8862572e-02, 5.2904854e-01, 1.0000000e+00 
4645, 1.6186172e-01, 3.5272853e-01, 0.0000000e+00 
4646, 1.6186172e-01, 3.5272853e-01, 1.0000000e+00 
4647, 0.0000000e+00, 4.1065087e-01, 2.9692864e-03 
4648, 9.9384372e-01, 4.1136854e-01, 1.0000000e+00 
4649, 7.0351706e-01, 7.1394560e-02, 0.0000000e+00 
4650, 7.0351706e-01, 7.1394560e-02, 1.0000000e+00 
4651, 6.8782786e-01, 1.0676956e-01, 0.0000000e+00 
4652, 6.8782786e-01, 1.0676956e-01, 1.0000000e+00 
4653, 6.9879161e-01, 0.0000000e+00, 6.9726551e-02 
4654, 6.9879161e-01, 1.0000000e+00, 6.9726551e-02 
4655, 0.0000000e+00, 4.8533364e-01, 3.8343309e-01 
4656, 1.0000000e+00, 4.8533364e-01, 3.8343309e-01 
4657, 1.0000000e+00, 3.8447937e-01, 7.7073301e-02 
4658, 0.0000000e+00, 3.8447937e-01, 7.7073301e-02 
4659, 1.0000000e+00, 4.0699044e-01, 1.2630633e-01 
4660, 0.0000000e+00, 4.0699044e-01, 1.2630633e-01 
4661, 8.8254219e-01, 7.0454439e-01, 0.0000000e+00 
4662, 8.8254219e-01, 7.0454439e-01, 1.0000000e+00 
4663, 9.6906073e-01, 4.3156390e-01, 0.0000000e+00 
4664, 9.6906073e-01, 4.3156390e-01, 1.0000000e+00 
4665, 0.0000000e+00, 3.2514092e-01, 5.8263730e-01 
4666, 1.0000000e+00, 3.2514092e-01, 5.8263730e-01 
4667, 0.0000000e+00, 1.1497962e-01, 6.5603023e-01 
4668, 1.0000000e+00, 1.1497962e-01, 6.5603023e-01 
4669, 0.0000000e+00, 2.7223457e-01, 5.6304481e-01 
4670, 1.0000000e+00, 2.7223457e-01, 5.6304481e-01 
4671, 9.3038895e-02, 6.3604181e-01, 0.0000000e+00 
4672, 9.3038895e-02, 6.3604181e-01, 1.0000000e+00 
4673, 4.7544269e-01, 2.2752918e-01, 0.0000000e+00 
4674, 4.7544269e-01, 2.2752918e-01, 1.0000000e+00 
4675, 4.4622974e-01, 0.0000000e+00, 6.1393343e-01 
4676, 4.4622974e-01, 1.0000000e+00, 6.1393343e-01 
4677, 9.3066211e-01, 1.0000000e+00, 6.5521981e-01 
4678, 9.3066211e-01, 0.0000000e+00, 6.5521981e-01 
4679, 1.0000000e+00, 9.9341177e-01, 6.9577150e-01 
4680, 2.2116056e-02, 0.0000000e+00, 7.2313892e-01 
4681, 9.3448797e-01, 1.0000000e+00, 8.5407805e-01 
4682, 9.3448797e-01, 0.0000000e+00, 8.5407805e-01 
4683, 2.5005935e-01, 0.0000000e+00, 1.5117942e-01 
4684, 2.5005935e-01, 1.0000000e+00, 1.5117942e-01 
4685, 3.6926974e-01, 0.0000000e+00, 3.0895010e-01 
4686, 3.6926974e-01, 1.0000000e+00, 3.0895010e-01 
4687, 2.8907195e-01, 0.0000000e+00, 1.6593644e-01 
4688, 2.8907195e-01, 1.0000000e+00, 1.6593644e-01 
4689, 9.0162575e-01, 1.0000000e+00, 7.5018525e-01 
4690, 0.0000000e+00, 1.1223421e-01, 6.9990204e-01 
4691, 6.6143762e-01, 1.0000000e+00, 9.6129604e-01 
4692, 6.6143762e-01, 0.0000000e+00, 9.6129604e-01 
4693, 0.0000000e+00, 3.0265300e-01, 4.9007815e-01 
4694, 1.0000000e+00, 3.0265300e-01, 4.9007815e-01 
4695, 4.1829409e-01, 9.5079955e-01, 0.0000000e+00 
4696, 4.1829409e-01, 9.5079955e-01, 1.0000000e+00 
4697, 5.8908808e-01, 1.0000000e+00, 2.5856413e-01 
4698, 5.8908808e-01, 0.0000000e+00, 2.5856413e-01 
4699, 0.0000000e+00, 1.2756187e-01, 7.6010259e-01 
4700, 1.0000000e+00, 1.2756187e-01, 7.6010259e-01 
4701, 3.2228979e-01, 1.3141091e-01, 1.0000000e+00 
4702, 3.2228979e-01, 1.3141091e-01, 0.0000000e+00 
4703, 0.0000000e+00, 1.5410500e-01, 7.9159485e-01 
4704, 1.0000000e+00, 1.5410500e-01, 7.9159485e-01 
4705, 1.0000000e+00, 6.4067801e-02, 4.0219105e-01 
4706, 8.7414533e-02, 1.0000000e+00, 4.4444165e-01 
4707, 1.0000000e+00, 1.5880752e-01, 4.0304100e-01 
4708, 0.0000000e+00, 1.5880752e-01, 4.0304100e-01 
4709, 0.0000000e+00, 7.7123986e-01, 7.9951755e-01 
4710, 1.0000000e+00, 7.7123986e-01, 7.9951755e-01 
4711, 6.8459330e-01, 0.0000000e+00, 4.5932370e-01 
4712, 6.8459330e-01, 1.0000000e+00, 4.5932370e-01 
4713, 9.2608901e-01, 0.0000000e+00, 6.1190435e-01 
4714, 9.2608901e-01, 1.0000000e+00, 6.1190435e-01 
4715, 1.0000000e+00, 8.0302256e-01, 3.4734438e-01 
4716, 0.0000000e+00, 8.0302256e-01, 3.4734438e-01 
4717, 1.0000000e+00, 8.3198741e-01, 3.5498625e-01 
4718, 0.0000000e+00, 8.3198741e-01, 3.5498625e-01 
4719, 1.0000000e+00, 7.9743407e-01, 3.7080060e-01 
4720, 0.0000000e+00, 7.9743407e-01, 3.7080060e-01 
4721, 8.4609007e-02, 1.0000000e+00, 2.9145407e-01 
4722, 8.4609007e-02, 0.0000000e+00, 2.9145407e-01 
4723, 0.0000000e+00, 7.9765048e-01, 3.1436756e-01 
4724, 1.0000000e+00, 7.9765048e-01, 3.1436756e-01 
4725, 1.7949835e-01, 2.0976491e-01, 1.0000000e+00 
4726, 1.0000000e+00, 1.6721696e-01, 8.7978669e-02 
4727, 1.9174048e-01, 2.1195536e-01, 1.0000000e+00 
4728, 1.9174048e-01, 2.1195536e-01, 0.0000000e+00 
4729, 1.2584268e-01, 3.6182476e-01, 1.0000000e+00 
4730, 1.2584268e-01, 3.6182476e-01, 0.0000000e+00 
4731, 8.6214454e-01, 2.2454890e-01, 0.0000000e+00 
4732, 8.6214454e-01, 2.2454890e-01, 1.0000000e+00 
4733, 8.1807890e-01, 4.4459694e-01, 1.0000000e+00 
4734, 8.1807890e-01, 4.4459694e-01, 0.0000000e+00 
4735, 1.0000000e+00, 1.4126086e-01, 8.1836738e-01 
4736, 0.0000000e+00, 1.4126086e-01, 8.1836738e-01 
4737, 1.0000000e+00, 2.6628508e-01, 7.2684564e-01 
4738, 0.0000000e+00, 2.6628508e-01, 7.2684564e-01 
4739, 1.0000000e+00, 5.4458304e-02, 6.2117021e-02 
4740, 6.7271851e-02, 9.6015869e-02, 1.0000000e+00 
4741, 3.1362405e-01, 1.0000000e+00, 2.1344167e-01 
4742, 3.1362405e-01, 0.0000000e+00, 2.1344167e-01 
4743, 5.2818855e-01, 1.0000000e+00, 6.3577692e-01 
4744, 5.2818855e-01, 0.0000000e+00, 6.3577692e-01 
4745, 4.5273959e-01, 1.0000000e+00, 5.6945780e-01 
4746, 4.5273959e-01, 0.0000000e+00, 5.6945780e-01 
4747, 2.6507937e-01, 1.0000000e+00, 5.2517526e-01 
4748, 2.6507937e-01, 0.0000000e+00, 5.2517526e-01 
4749, 2.9367947e-01, 1.0000000e+00, 1.6054261e-01 
4750, 2.9367947e-01, 0.0000000e+00, 1.6054261e-01 
4751, 0.0000000e+00, 7.3319156e-01, 7.2047702e-01 
4752, 1.0000000e+00, 7.3319156e-01, 7.2047702e-01 
4753, 0.0000000e+00, 7.5821478e-01, 5.5480201e-01 
4754, 1.0000000e+00, 7.5821478e-01, 5.5480201e-01 
4755, 7.5870369e-01, 0.0000000e+00, 3.5051706e-01 
4756, 7.5870369e-01, 1.0000000e+00, 3.5051706e-01 
4757, 1.0000000e+00, 3.6371505e-01, 6.4652121e-01 
4758, 0.0000000e+00, 3.6371505e-01, 6.4652121e-01 
4759, 2.1756738e-01, 0.0000000e+00, 2.6809177e-01 
4760, 2.1756738e-01, 1.0000000e+00, 2.6809177e-01 
4761, 0.0000000e+00, 4.5537972e-03, 5.9032571e-01 
4762, 1.0000000e+00, 4.5537972e-03, 5.9032571e-01 
4763, 7.1497431e-01, 6.6120517e-01, 1.0000000e+00 
4764, 7.1497431e-01, 6.6120517e-01, 0.0000000e+00 
4765, 9.9615789e-02, 3.5586928e-01, 1.0000000e+00 
4766, 9.9615789e-02, 3.5586928e-01, 0.0000000e+00 
4767, 4.5194099e-01, 1.3311730e-01, 1.0000000e+00 
4768, 4.5194099e-01, 1.3311730e-01, 0.0000000e+00 
4769, 8.3687218e-01, 9.1723968e-01, 1.0000000e+00 
4770, 8.3687218e-01, 9.1723968e-01, 0.0000000e+00 
4771, 8.8573530e-01, 4.9299604e-01, 1.0000000e+00 
4772, 8.8573530e-01, 4.9299604e-01, 0.0000000e+00 
4773, 3.2539782e-01, 0.0000000e+00, 8.5096527e-01 
4774, 3.2539782e-01, 1.0000000e+00, 8.5096527e-01 
4775, 4.7617038e-02, 2.8803749e-01, 0.0000000e+00 
4776, 1.0000000e+00, 2.7998757e-01, 9.5628204e-01 
4777, 2.2428348e-01, 3.7713533e-01, 0.0000000e+00 
4778, 2.2428348e-01, 3.7713533e-01, 1.0000000e+00 
4779, 0.0000000e+00, 2.3836438e-01, 1.4275648e-01 
4780, 1.0000000e+00, 2.3836438e-01, 1.4275648e-01 
4781, 1.6864188e-01, 2.2543004e-01, 0.0000000e+00 
4782, 1.6864188e-01, 2.2543004e-01, 1.0000000e+00 
4783, 2.5706341e-01, 1.0000000e+00, 1.9440611e-01 
4784, 2.5706341e-01, 0.0000000e+00, 1.9440611e-01 
4785, 2.5819188e-01, 4.5093710e-01, 1.0000000e+00 
4786, 2.5819188e-01, 4.5093710e-01, 0.0000000e+00 
4787, 1.0857114e-01, 1.0000000e+00, 3.6888605e-01 
4788, 1.0857114e-01, 0.0000000e+00, 3.6888605e-01 
4789, 7.3957315e-02, 1.0000000e+00, 3.5967455e-01 
4790, 1.0000000e+00, 1.2446639e-01, 3.8956646e-01 
4791, 1.0000000e+00, 7.8130426e-01, 1.9438850e-02 
4792, 1.2407397e-02, 7.8395553e-01, 1.0000000e+00 
4793, 1.0000000e+00, 5.9621777e-01, 2.8520466e-01 
4794, 0.0000000e+00, 5.9621777e-01, 2.8520466e-01 
4795, 8.4826917e-01, 2.5734758e-01, 1.0000000e+00 
4796, 8.4826917e-01, 2.5734758e-01, 0.0000000e+00 
4797, 1.0000000e+00, 4.6353923e-01, 8.1955213e-01 
4798, 0.0000000e+00, 4.6353923e-01, 8.1955213e-01 
4799, 3.5763117e-01, 5.6040088e-01, 0.0000000e+00 
4800, 3.5763117e-01, 5.6040088e-01, 1.0000000e+00 
4801, 1.0000000e+00, 6.9691559e-01, 7.5048345e-02 
4802, 0.0000000e+00, 6.9691559e-01, 7.5048345e-02 
4803, 6.6101146e-01, 5.9849207e-01, 0.0000000e+00 
4804, 6.6101146e-01, 5.9849207e-01, 1.0000000e+00 
4805, 7.7630744e-01, 6.5375944e-01, 0.0000000e+00 
4806, 7.7630744e-01, 6.5375944e-01, 1.0000000e+00 
4807, 0.0000000e+00, 4.2038901e-01, 9.4809241e-01 
4808, 9.6363239e-01, 4.9382075e-01, 0.0000000e+00 
4809, 9.6853272e-01, 5.6575961e-01, 1.0000000e+00 
4810, 9.6853272e-01, 5.6575961e-01, 0.0000000e+00 
4811, 1.0000000e+00, 4.7511114e-01, 9.5784603e-01 
4812, 7.0515621e-02, 4.5574402e-01, 0.0000000e+00 
4813, 1.0000000e+00, 3.7846744e-01, 9.0794006e-01 
4814, 0.0000000e+00, 3.7846744e-01, 9.0794006e-01 
4815, 5.5212678e-01, 1.0000000e+00, 2.9249146e-01 
4816, 5.5212678e-01, 0.0000000e+00, 2.9249146e-01 
4817, 1.1678882e-01, 1.0000000e+00, 3.9018208e-01 
4818, 1.1678882e-01, 0.0000000e+00, 3.9018208e-01 
4819, 0.0000000e+00, 5.7060808e-01, 5.0783758e-01 
4820, 1.0000000e+00, 5.7060808e-01, 5.0783758e-01 
4821, 0.0000000e+00, 4.5607831e-01, 5.7378590e-01 
4822, 1.0000000e+00, 4.5607831e-01, 5.7378590e-01 
4823, 1.0000000e+00, 8.7476824e-01, 7.7004318e-01 
4824, 0.0000000e+00, 8.7476824e-01, 7.7004318e-01 
4825, 1.0000000e+00, 8.5808713e-01, 7.4426727e-01 
4826, 0.0000000e+00, 8.5808713e-01, 7.4426727e-01 
4827, 9.1329393e-01, 9.1808223e-01, 1.0000000e+00 
4828, 9.1329393e-01, 9.1808223e-01, 0.0000000e+00 
4829, 7.4182825e-01, 9.5146794e-01, 0.0000000e+00 
4830, 7.8783324e-01, 0.0000000e+00, 9.6624421e-01 
4831, 6.7211488e-01, 8.8329453e-01, 3.4694470e-18 
4832, 6.7211488e-01, 8.8329453e-01, 1.0000000e+00 
4833, 2.7366782e-01, 1.0000000e+00, 2.1366555e-01 
4834, 2.7366782e-01, 0.0000000e+00, 2.1366555e-01 
4835, 2.9507474e-01, 5.9004556e-01, 0.0000000e+00 
4836, 2.9507474e-01, 5.9004556e-01, 1.0000000e+00 
4837, 0.0000000e+00, 2.9372680e-01, 8.7309006e-01 
4838, 1.0000000e+00, 2.9372680e-01, 8.7309006e-01 
4839, 0.0000000e+00, 2.9337953e-01, 8.6826348e-01 
4840, 1.0000000e+00, 2.9337953e-01, 8.6826348e-01 
4841, 1.0000000e+00, 5.2993345e-02, 5.6072571e-01 
4842, 2.4929496e-02, 1.0000000e+00, 5.1382281e-01 
4843, 1.0000000e+00, 2.1231879e-01, 9.8328524e-01 
4844, 4.5654232e-03, 2.1215487e-01, 0.0000000e+00 
4845, 1.0000000e+00, 2.7447805e-01, 6.0292891e-01 
4846, 0.0000000e+00, 2.7447805e-01, 6.0292891e-01 
4847, 6.9388939e-18, 4.8703725e-01, 9.4955612e-01 
4848, 1.0000000e+00, 4.8703725e-01, 9.4955612e-01 
4849, 0.0000000e+00, 6.6183209e-01, 8.7957209e-01 
4850, 1.0000000e+00, 6.6183209e-01, 8.7957209e-01 
4851, 1.2211335e-01, 4.0493269e-01, 1.0000000e+00 
4852, 1.2211335e-01, 4.0493269e-01, 0.0000000e+00 
4853, 1.1520144e-01, 5.7861481e-01, 1.0000000e+00 
4854, 1.1520144e-01, 5.7861481e-01, 0.0000000e+00 
4855, 1.2852823e-01, 2.6943697e-01, 1.0000000e+00 
4856, 1.2852823e-01, 2.6943697e-01, 0.0000000e+00 
4857, 7.3115110e-01, 8.7537421e-01, 1.0000000e+00 
4858, 7.3115110e-01, 8.7537421e-01, 0.0000000e+00 
4859, 0.0000000e+00, 5.5386915e-01, 7.7891680e-01 
4860, 1.0000000e+00, 5.5386915e-01, 7.7891680e-01 
4861, 1.0000000e+00, 7.5627212e-01, 2.6652312e-01 
4862, 0.0000000e+00, 7.5627212e-01, 2.6652312e-01 
4863, 8.3688587e-01, 1.0000000e+00, 1.5994074e-01 
4864, 8.3688587e-01, 0.0000000e+00, 1.5994074e-01 
4865, 1.0000000e+00, 6.5286167e-01, 2.7207333e-01 
4866, 0.0000000e+00, 6.5286167e-01, 2.7207333e-01 
4867, 9.2420755e-01, 5.4045333e-01, 0.0000000e+00 
4868, 9.2420755e-01, 5.4045333e-01, 1.0000000e+00 
4869, 1.0000000e+00, 5.3815754e-01, 1.8175169e-01 
4870, 0.0000000e+00, 5.3815754e-01, 1.8175169e-01 
4871, 1.0000000e+00, 8.6416735e-01, 2.5729386e-01 
4872, 0.0000000e+00, 8.6416735e-01, 2.5729386e-01 
4873, 9.9644122e-01, 3.6633119e-01, 1.0000000e+00 
4874, 0.0000000e+00, 3.7973646e-01, 1.7596832e-01 
4875, 1.0000000e+00, 3.5476838e-01, 8.7176730e-01 
4876, 1.1329243e-01, 3.3225620e-01, 0.0000000e+00 
4877, 0.0000000e+00, 8.3897072e-01, 3.5720586e-01 
4878, 1.0000000e+00, 8.3897072e-01, 3.5720586e-01 
4879, 0.0000000e+00, 8.6461393e-01, 6.6123575e-01 
4880, 1.0000000e+00, 8.6461393e-01, 6.6123575e-01 
4881, 8.9982445e-01, 1.0000000e+00, 9.5599073e-01 
4882, 9.5949772e-01, 3.3557802e-02, 0.0000000e+00 
4883, 8.2507063e-01, 9.2433004e-01, 1.0000000e+00 
4884, 8.2507063e-01, 9.2433004e-01, 0.0000000e+00 
4885, 3.2004670e-01, 4.2610051e-01, 0.0000000e+00 
4886, 3.2004670e-01, 4.2610051e-01, 1.0000000e+00 
4887, 0.0000000e+00, 4.0979666e-01, 3.9106972e-01 
4888, 1.0000000e+00, 4.0979666e-01, 3.9106972e-01 
4889, 1.0000000e+00, 5.9634231e-01, 6.4362223e-01 
4890, 0.0000000e+00, 5.9634231e-01, 6.4362223e-01 
4891, 1.2135129e-01, 7.2598137e-01, 0.0000000e+00 
4892, 1.2135129e-01, 7.2598137e-01, 1.0000000e+00 
4893, 2.9232759e-01, 1.0000000e+00, 1.5852807e-02 
4894, 3.5400056e-01, 3.2304427e-02, 1.0000000e+00 
4895, 1.7880340e-01, 7.5319455e-01, 0.0000000e+00 
4896, 1.7880340e-01, 7.5319455e-01, 1.0000000e+00 
4897, 1.7906959e-01, 1.0000000e+00, 7.3061249e-02 
4898, 1.7906959e-01, 0.0000000e+00, 7.3061249e-02 
4899, 3.1627512e-01, 8.7486566e-01, 1.0000000e+00 
4900, 3.1627512e-01, 8.7486566e-01, 0.0000000e+00 
4901, 4.3973911e-01, 1.3473560e-01, 1.0000000e+00 
4902, 4.3973911e-01, 1.3473560e-01, 0.0000000e+00 
4903, 2.6728485e-01, 1.1402312e-01, 1.0000000e+00 
4904, 2.6728485e-01, 1.1402312e-01, 0.0000000e+00 
4905, 4.2384937e-01, 1.0000000e+00, 5.2030808e-01 
4906, 4.2384937e-01, 0.0000000e+00, 5.2030808e-01 
4907, 9.3978938e-01, 8.9229794e-01, 1.0000000e+00 
4908, 0.0000000e+00, 8.5574951e-01, 5.0266896e-02 
4909, 8.0128431e-01, 1.0000000e+00, 8.6299507e-01 
4910, 8.0128431e-01, 0.0000000e+00, 8.6299507e-01 
4911, 8.2218879e-01, 1.0000000e+00, 9.2763758e-01 
4912, 8.7390200e-01, 9.6719513e-03, 0.0000000e+00 
4913, 7.1690882e-01, 9.2574864e-01, 1.0000000e+00 
4914, 7.1690882e-01, 9.2574864e-01, 0.0000000e+00 
4915, 2.8485750e-01, 1.0000000e+00, 6.5111448e-01 
4916, 1.0000000e+00, 5.3171859e-02, 6.6427018e-01 
4917, 3.3170507e-01, 1.0000000e+00, 6.4769927e-01 
4918, 3.3170507e-01, 0.0000000e+00, 6.4769927e-01 
4919, 3.6419901e-01, 1.0000000e+00, 6.3121941e-01 
4920, 3.6419901e-01, 0.0000000e+00, 6.3121941e-01 
4921, 1.5065855e-01, 4.0300717e-01, 1.0000000e+00 
4922, 1.5065855e-01, 4.0300717e-01, 0.0000000e+00 
4923, 0.0000000e+00, 4.4002220e-01, 4.5336071e-01 
4924, 1.0000000e+00, 4.4002220e-01, 4.5336071e-01 
4925, 4.5264222e-01, 1.0000000e+00, 8.6922983e-01 
4926, 4.9249657e-01, 2.2065551e-01, 0.0000000e+00 
4927, 3.7747252e-01, 1.0000000e+00, 9.1492119e-01 
4928, 2.6701759e-01, 2.5539267e-02, 0.0000000e+00 
4929, 9.4133495e-01, 4.3091021e-01, 0.0000000e+00 
4930, 0.0000000e+00, 4.6857351e-01, 9.1441656e-01 
4931, 7.5531604e-01, 0.0000000e+00, 3.3338944e-01 
4932, 7.5531604e-01, 1.0000000e+00, 3.3338944e-01 
4933, 1.0000000e+00, 3.7849804e-01, 1.1209837e-01 
4934, 0.0000000e+00, 3.7849804e-01, 1.1209837e-01 
4935, 1.0000000e+00, 5.6023328e-01, 2.3737608e-01 
4936, 0.0000000e+00, 5.6023328e-01, 2.3737608e-01 
4937, 4.9165360e-01, 3.6028286e-01, 1.0000000e+00 
4938, 4.9165360e-01, 3.6028286e-01, 0.0000000e+00 
4939, 1.6866134e-01, 1.6950903e-01, 0.0000000e+00 
4940, 1.6866134e-01, 1.6950903e-01, 1.0000000e+00 
4941, 2.3779582e-01, 0.0000000e+00, 3.2263148e-01 
4942, 2.3779582e-01, 1.0000000e+00, 3.2263148e-01 
4943, 1.0000000e+00, 6.8412381e-01, 9.8108886e-01 
4944, 5.0701249e-02, 6.8661312e-01, 0.0000000e+00 
4945, 0.0000000e+00, 6.8743420e-02, 8.7212688e-01 
4946, 1.0000000e+00, 6.8743420e-02, 8.7212688e-01 
4947, 1.4808084e-02, 1.2292903e-01, 1.0000000e+00 
4948, 1.0000000e+00, 2.0494021e-01, 1.9359853e-01 
4949, 3.4694470e-18, 1.4844979e-01, 8.8946776e-01 
4950, 1.0000000e+00, 1.4844979e-01, 8.8946776e-01 
4951, 3.3369190e-01, 7.9216508e-01, 1.0000000e+00 
4952, 3.3369190e-01, 7.9216508e-01, 0.0000000e+00 
4953, 3.0195871e-01, 8.8735682e-01, 1.0000000e+00 
4954, 3.0195871e-01, 8.8735682e-01, 0.0000000e+00 
4955, 3.5806888e-01, 5.8519337e-01, 1.0000000e+00 
4956, 3.5806888e-01, 5.8519337e-01, 0.0000000e+00 
4957, 4.3867942e-01, 7.2391071e-01, 1.0000000e+00 
4958, 4.3867942e-01, 7.2391071e-01, 0.0000000e+00 
4959, 0.0000000e+00, 8.6558219e-01, 7.6006251e-01 
4960, 1.0000000e+00, 8.6558219e-01, 7.6006251e-01 
4961, 3.6900968e-01, 1.0000000e+00, 1.7857569e-01 
4962, 3.6900968e-01, 0.0000000e+00, 1.7857569e-01 
4963, 3.9568180e-01, 1.0000000e+00, 1.6939659e-01 
4964, 3.9568180e-01, 0.0000000e+00, 1.6939659e-01 
4965, 0.0000000e+00, 9.6705998e-01, 3.3557472e-01 
4966, 1.0000000e+00, 9.6705998e-01, 3.3557472e-01 
4967, 1.9968424e-01, 0.0000000e+00, 8.5256046e-01 
4968, 1.9968424e-01, 1.0000000e+00, 8.5256046e-01 
4969, 0.0000000e+00, 2.5194596e-01, 9.2548060e-01 
4970, 9.5336533e-01, 3.1299233e-01, 0.0000000e+00 
4971, 4.2010303e-02, 4.9672223e-02, 1.0000000e+00 
4972, 4.2010303e-02, 4.9672223e-02, 0.0000000e+00 
4973, 0.0000000e+00, 4.9281363e-02, 7.3458165e-01 
4974, 9.4475559e-01, 1.0000000e+00, 7.0832007e-01 
4975, 3.2117993e-01, 6.8202605e-01, 0.0000000e+00 
4976, 3.2117993e-01, 6.8202605e-01, 1.0000000e+00 
4977, 0.0000000e+00, 9.2401136e-01, 1.1817773e-01 
4978, 1.0000000e+00, 9.2401136e-01, 1.1817773e-01 
4979, 2.6990514e-01, 7.4030882e-01, 0.0000000e+00 
4980, 2.6990514e-01, 7.4030882e-01, 1.0000000e+00 
4981, 2.6520662e-01, 1.4781692e-01, 0.0000000e+00 
4982, 2.4237191e-01, 1.0000000e+00, 8.6558623e-01 
4983, 0.0000000e+00, 3.5995508e-01, 4.8979228e-02 
4984, 1.0000000e+00, 3.5995508e-01, 4.8979228e-02 
4985, 4.7090502e-01, 0.0000000e+00, 1.2847030e-01 
4986, 4.7090502e-01, 1.0000000e+00, 1.2847030e-01 
4987, 6.6182948e-01, 0.0000000e+00, 1.2118383e-01 
4988, 6.6182948e-01, 1.0000000e+00, 1.2118383e-01 
4989, 2.7682666e-01, 2.1051496e-01, 0.0000000e+00 
4990, 2.7682666e-01, 2.1051496e-01, 1.0000000e+00 
4991, 1.9936971e-01, 4.7851467e-01, 0.0000000e+00 
4992, 1.9936971e-01, 4.7851467e-01, 1.0000000e+00 
4993, 3.8493491e-01, 8.3708773e-01, 1.0000000e+00 
4994, 3.8493491e-01, 8.3708773e-01, 0.0000000e+00 
4995, 7.3098219e-01, 0.0000000e+00, 4.1505038e-01 
4996, 7.3098219e-01, 1.0000000e+00, 4.1505038e-01 
4997, 5.0636233e-01, 4.6986090e-01, 0.0000000e+00 
4998, 5.0636233e-01, 4.6986090e-01, 1.0000000e+00 
4999, 1.0000000e+00, 9.6617096e-01, 4.5492168e-01 
5000, 1.5023288e-01, 0.0000000e+00, 3.4255865e-01 
5001, 1.0000000e+00, 9.9248100e-01, 4.5226703e-01 
5002, 8.1373440e-03, 0.0000000e+00, 4.4560713e-01 
5003, 4.8885031e-01, 1.0000000e+00, 2.9938015e-01 
5004, 4.8885031e-01, 0.0000000e+00, 2.9938015e-01 
5005, 4.9884610e-01, 1.0000000e+00, 3.1715476e-01 
5006, 4.9884610e-01, 0.0000000e+00, 3.1715476e-01 
5007, 3.8344953e-01, 1.3695095e-01, 0.0000000e+00 
5008, 3.8344953e-01, 1.3695095e-01, 1.0000000e+00 
5009, 3.0216160e-01, 1.0400533e-01, 0.0000000e+00 
5010, 1.0000000e+00, 1.2131681e-01, 9.4502476e-01 
5011, 4.0706905e-01, 0.0000000e+00, 7.9290250e-02 
5012, 4.0706905e-01, 1.0000000e+00, 7.9290250e-02 
5013, 8.3061952e-01, 0.0000000e+00, 6.0643091e-02 
5014, 8.3061952e-01, 1.0000000e+00, 6.0643091e-02 
5015, 7.5644633e-01, 0.0000000e+00, 1.0112809e-01 
5016, 7.5644633e-01, 1.0000000e+00, 1.0112809e-01 
5017, 8.6353947e-01, 2.0099294e-02, 0.0000000e+00 
5018, 9.5581092e-01, 1.0000000e+00, 8.5043984e-01 
5019, 7.9160745e-01, 3.1078879e-02, 0.0000000e+00 
5020, 7.9160745e-01, 3.1078879e-02, 1.0000000e+00 
5021, 3.1252757e-01, 1.0000000e+00, 5.5389263e-01 
5022, 3.1252757e-01, 0.0000000e+00, 5.5389263e-01 
5023, 0.0000000e+00, 8.5688014e-01, 4.4839536e-01 
5024, 1.0000000e+00, 8.5688014e-01, 4.4839536e-01 
5025, 2.5648869e-01, 1.0000000e+00, 4.5111847e-01 
5026, 2.5648869e-01, 0.0000000e+00, 4.5111847e-01 
5027, 7.9236844e-01, 0.0000000e+00, 1.9250104e-01 
5028, 7.9236844e-01, 1.0000000e+00, 1.9250104e-01 
5029, 7.4892041e-01, 0.0000000e+00, 8.4583600e-03 
5030, 7.4785860e-01, 9.9571313e-01, 1.0000000e+00 
5031, 0.0000000e+00, 4.4857561e-01, 4.4100741e-01 
5032, 1.0000000e+00, 4.4857561e-01, 4.4100741e-01 
5033, 0.0000000e+00, 6.5717579e-01, 8.6082853e-02 
5034, 1.0000000e+00, 6.5717579e-01, 8.6082853e-02 
5035, 2.7085487e-01, 6.5682116e-01, 0.0000000e+00 
5036, 2.7085487e-01, 6.5682116e-01, 1.0000000e+00 
5037, 1.4063580e-01, 5.6013398e-01, 0.0000000e+00 
5038, 1.0000000e+00, 6.9286189e-01, 9.2331530e-01 
5039, 2.5675183e-01, 1.0000000e+00, 4.8824196e-01 
5040, 2.5675183e-01, 0.0000000e+00, 4.8824196e-01 
5041, 0.0000000e+00, 1.9728376e-01, 3.7641383e-01 
5042, 1.0000000e+00, 1.9728376e-01, 3.7641383e-01 
5043, 0.0000000e+00, 1.6603404e-01, 3.8864426e-01 
5044, 1.0000000e+00, 1.6603404e-01, 3.8864426e-01 
5045, 0.0000000e+00, 1.7999204e-01, 3.5734546e-01 
5046, 1.0000000e+00, 1.7999204e-01, 3.5734546e-01 
5047, 6.2108465e-01, 4.7533749e-01, 0.0000000e+00 
5048, 6.2108465e-01, 4.7533749e-01, 1.0000000e+00 
5049, 2.7487429e-01, 5.4194143e-01, 0.0000000e+00 
5050, 1.0000000e+00, 4.7462049e-01, 8.0584629e-01 
5051, 2.5264124e-01, 5.0742846e-01, 0.0000000e+00 
5052, 1.0000000e+00, 3.5970115e-01, 8.6793208e-01 
5053, 6.6682983e-01, 1.4407736e-01, 0.0000000e+00 
5054, 6.6682983e-01, 1.4407736e-01, 1.0000000e+00 
5055, 1.0000000e+00, 2.3552783e-01, 1.3354754e-01 
5056, 0.0000000e+00, 2.3552783e-01, 1.3354754e-01 
5057, 7.2618150e-01, 5.9527958e-01, 1.0000000e+00 
5058, 7.2618150e-01, 5.9527958e-01, 0.0000000e+00 
5059, 4.1042910e-01, 7.3388771e-02, 0.0000000e+00 
5060, 4.1042910e-01, 7.3388771e-02, 1.0000000e+00 
5061, 4.1080416e-01, 1.0481522e-01, 0.0000000e+00 
5062, 4.1080416e-01, 1.0481522e-01, 1.0000000e+00 
5063, 1.0804852e-01, 1.0000000e+00, 6.2122935e-01 
5064, 1.0804852e-01, 0.0000000e+00, 6.2122935e-01 
5065, 9.2147952e-02, 1.0000000e+00, 6.4942102e-01 
5066, 9.2147952e-02, 0.0000000e+00, 6.4942102e-01 
5067, 1.0891196e-01, 1.0000000e+00, 7.1081383e-01 
5068, 1.7900899e-01, 6.4441804e-02, 0.0000000e+00 
5069, 4.5474274e-01, 1.1351739e-01, 0.0000000e+00 
5070, 4.5474274e-01, 1.1351739e-01, 1.0000000e+00 
5071, 3.9557495e-01, 2.0924322e-01, 0.0000000e+00 
5072, 3.9557495e-01, 2.0924322e-01, 1.0000000e+00 
5073, 0.0000000e+00, 9.9108908e-01, 7.4298640e-01 
5074, 9.6879731e-01, 0.0000000e+00, 7.5627753e-01 
5075, 0.0000000e+00, 9.2626206e-01, 8.7055984e-01 
5076, 1.0000000e+00, 9.2626206e-01, 8.7055984e-01 
5077, 1.5851922e-01, 1.0000000e+00, 6.4332614e-01 
5078, 1.5851922e-01, 0.0000000e+00, 6.4332614e-01 
5079, 7.3237773e-01, 0.0000000e+00, 7.6986087e-01 
5080, 7.3237773e-01, 1.0000000e+00, 7.6986087e-01 
5081, 1.1562682e-01, 0.0000000e+00, 3.0274247e-01 
5082, 1.1562682e-01, 1.0000000e+00, 3.0274247e-01 
5083, 8.7632912e-01, 1.0000000e+00, 4.8769774e-01 
5084, 8.7632912e-01, 0.0000000e+00, 4.8769774e-01 
5085, 6.0454415e-01, 5.4850107e-01, 0.0000000e+00 
5086, 6.0454415e-01, 5.4850107e-01, 1.0000000e+00 
5087, 3.7603187e-01, 8.9712605e-01, 1.3877788e-17 
5088, 3.7603187e-01, 8.9712605e-01, 1.0000000e+00 
5089, 5.4679230e-01, 1.0000000e+00, 5.5272197e-02 
5090, 4.6838410e-01, 9.4798474e-02, 1.0000000e+00 
5091, 4.9816447e-01, 9.2862188e-01, 0.0000000e+00 
5092, 4.9816447e-01, 9.2862188e-01, 1.0000000e+00 
5093, 6.9006236e-01, 1.0000000e+00, 2.2798966e-03 
5094, 6.9221168e-01, 1.6703614e-03, 1.0000000e+00 
5095, 7.2374544e-01, 0.0000000e+00, 4.1318010e-01 
5096, 7.2374544e-01, 1.0000000e+00, 4.1318010e-01 
5097, 1.0000000e+00, 1.0208637e-01, 5.0045886e-01 
5098, 0.0000000e+00, 1.0208637e-01, 5.0045886e-01 
5099, 0.0000000e+00, 2.9737378e-01, 1.6221153e-01 
5100, 8.1033980e-01, 2.6534818e-01, 1.0000000e+00 
5101, 0.0000000e+00, 3.2209697e-01, 3.7599124e-01 
5102, 1.0000000e+00, 3.2209697e-01, 3.7599124e-01 
5103, 0.0000000e+00, 8.1971342e-01, 2.2928559e-01 
5104, 1.0000000e+00, 8.1971342e-01, 2.2928559e-01 
5105, 6.7072831e-01, 1.0000000e+00, 3.8352954e-01 
5106, 6.7072831e-01, 0.0000000e+00, 3.8352954e-01 
5107, 7.6921009e-01, 9.8493086e-01, 0.0000000e+00 
5108, 7.6921009e-01, 9.8493086e-01, 1.0000000e+00 
5109, 8.5074456e-01, 1.7360443e-01, 0.0000000e+00 
5110, 8.5074456e-01, 1.7360443e-01, 1.0000000e+00 
5111, 1.0000000e+00, 2.0458747e-01, 2.1151921e-03 
5112, 8.0715481e-03, 2.0601574e-01, 1.0000000e+00 
5113, 2.7755576e-17, 1.6313760e-01, 1.1034620e-01 
5114, 1.0000000e+00, 1.6313760e-01, 1.1034620e-01 
5115, 2.2596589e-01, 2.0512391e-01, 0.0000000e+00 
5116, 2.2596589e-01, 2.0512391e-01, 1.0000000e+00 
5117, 0.0000000e+00, 5.6631443e-02, 9.3634601e-02 
5118, 1.0000000e+00, 5.6631443e-02, 9.3634601e-02 
5119, 3.3289483e-01, 2.0105351e-01, 0.0000000e+00 
5120, 3.3289483e-01, 2.0105351e-01, 1.0000000e+00 
5121, 8.9835416e-01, 0.0000000e+00, 6.4157362e-01 
5122, 8.9835416e-01, 1.0000000e+00, 6.4157362e-01 
5123, 1.0000000e+00, 1.7993287e-01, 8.5947641e-01 
5124, 0.0000000e+00, 1.7993287e-01, 8.5947641e-01 
5125, 1.0000000e+00, 3.8508892e-01, 6.9104315e-01 
5126, 0.0000000e+00, 3.8508892e-01, 6.9104315e-01 
5127, 1.0000000e+00, 7.3000408e-01, 7.9730965e-01 
5128, 0.0000000e+00, 7.3000408e-01, 7.9730965e-01 
5129, 7.6954843e-01, 1.0000000e+00, 9.5588422e-01 
5130, 7.6954843e-01, 0.0000000e+00, 9.5588422e-01 
5131, 1.0000000e+00, 7.2932672e-01, 7.7302542e-01 
5132, 0.0000000e+00, 7.2932672e-01, 7.7302542e-01 
5133, 3.6924078e-01, 1.0000000e+00, 6.9512398e-01 
5134, 3.6924078e-01, 0.0000000e+00, 6.9512398e-01 
5135, 3.1594325e-01, 2.9432596e-01, 1.0000000e+00 
5136, 3.1594325e-01, 2.9432596e-01, 0.0000000e+00 
5137, 7.4585256e-01, 7.6085824e-01, 1.0000000e+00 
5138, 7.4585256e-01, 7.6085824e-01, 0.0000000e+00 
5139, 0.0000000e+00, 9.8850731e-02, 5.4242136e-01 
5140, 9.3520292e-01, 1.0000000e+00, 7.0267289e-01 
5141, 0.0000000e+00, 1.4974194e-01, 4.5471187e-01 
5142, 1.0000000e+00, 1.4974194e-01, 4.5471187e-01 
5143, 0.0000000e+00, 2.2642106e-01, 3.8818762e-01 
5144, 1.0000000e+00, 2.2642106e-01, 3.8818762e-01 
5145, 0.0000000e+00, 6.2078916e-02, 3.5014035e-01 
5146, 9.7195321e-01, 1.0000000e+00, 3.1862345e-01 
5147, 6.5149773e-01, 1.0000000e+00, 3.9689309e-01 
5148, 6.5149773e-01, 0.0000000e+00, 3.9689309e-01 
5149, 7.1770782e-01, 1.0000000e+00, 4.7271823e-01 
5150, 7.1770782e-01, 0.0000000e+00, 4.7271823e-01 
5151, 3.2936994e-02, 8.3756023e-01, 1.0000000e+00 
5152, 3.2936994e-02, 8.3756023e-01, 0.0000000e+00 
5153, 0.0000000e+00, 8.3012379e-01, 9.9834346e-01 
5154, 9.9825326e-01, 8.3017143e-01, 0.0000000e+00 
5155, 0.0000000e+00, 7.7319881e-01, 9.9315467e-01 
5156, 9.9149460e-01, 7.6003710e-01, 0.0000000e+00 
5157, 3.1515836e-01, 1.0000000e+00, 2.1337754e-01 
5158, 3.1515836e-01, 0.0000000e+00, 2.1337754e-01 
5159, 4.0306644e-01, 7.1845037e-01, 0.0000000e+00 
5160, 4.0306644e-01, 7.1845037e-01, 1.0000000e+00 
5161, 1.7047148e-01, 1.0000000e+00, 5.7635826e-01 
5162, 1.7047148e-01, 0.0000000e+00, 5.7635826e-01 
5163, 0.0000000e+00, 8.7651557e-01, 5.1575657e-01 
5164, 1.0000000e+00, 8.7651557e-01, 5.1575657e-01 
5165, 2.2781855e-01, 1.0000000e+00, 3.9727769e-01 
5166, 2.2781855e-01, 0.0000000e+00, 3.9727769e-01 
5167, 1.0000000e+00, 6.0810888e-01, 2.3862496e-01 
5168, 0.0000000e+00, 6.0810888e-01, 2.3862496e-01 
5169, 5.9542848e-01, 6.4368077e-01, 0.0000000e+00 
5170, 5.9542848e-01, 6.4368077e-01, 1.0000000e+00 
5171, 1.3877788e-17, 2.2397995e-01, 8.8242308e-02 
5172, 1.0000000e+00, 2.2397995e-01, 8.8242308e-02 
5173, 6.9541771e-01, 7.8499175e-01, 1.0000000e+00 
5174, 6.9541771e-01, 7.8499175e-01, 0.0000000e+00 
5175, 7.8483859e-01, 1.3877788e-17, 2.8712543e-01 
5176, 7.8483859e-01, 1.0000000e+00, 2.8712543e-01 
5177, 3.8922838e-01, 0.0000000e+00, 7.5443866e-02 
5178, 3.8922838e-01, 1.0000000e+00, 7.5443866e-02 
5179, 4.7753742e-01, 1.0000000e+00, 2.6764961e-01 
5180, 4.7753742e-01, 0.0000000e+00, 2.6764961e-01 
5181, 6.1311977e-01, 1.0000000e+00, 2.1091842e-01 
5182, 6.1311977e-01, 0.0000000e+00, 2.1091842e-01 
5183, 5.1104687e-01, 1.0000000e+00, 3.3396270e-01 
5184, 5.1104687e-01, 0.0000000e+00, 3.3396270e-01 
5185, 2.8313231e-01, 1.0000000e+00, 7.3099561e-01 
5186, 2.8313231e-01, 0.0000000e+00, 7.3099561e-01 
5187, 2.0902315e-01, 5.4669557e-01, 0.0000000e+00 
5188, 2.0902315e-01, 5.4669557e-01, 1.0000000e+00 
5189, 3.9912230e-01, 6.0141973e-01, 0.0000000e+00 
5190, 3.9912230e-01, 6.0141973e-01, 1.0000000e+00 
5191, 5.6213277e-01, 4.1105404e-01, 1.0000000e+00 
5192, 5.6213277e-01, 4.1105404e-01, 0.0000000e+00 
5193, 5.1947261e-01, 5.6373914e-01, 1.0000000e+00 
5194, 5.1947261e-01, 5.6373914e-01, 0.0000000e+00 
5195, 3.5965966e-01, 7.9097963e-01, 1.0000000e+00 
5196, 3.5965966e-01, 7.9097963e-01, 0.0000000e+00 
5197, 3.9418999e-01, 8.0148323e-01, 1.0000000e+00 
5198, 3.9418999e-01, 8.0148323e-01, 0.0000000e+00 
5199, 6.7692462e-01, 4.9561426e-01, 1.0000000e+00 
5200, 6.7692462e-01, 4.9561426e-01, 0.0000000e+00 
5201, 0.0000000e+00, 1.0316192e-01, 6.9923283e-01 
5202, 1.0000000e+00, 1.0316192e-01, 6.9923283e-01 
5203, 0.0000000e+00, 1.5468251e-01, 6.6390337e-01 
5204, 1.0000000e+00, 1.5468251e-01, 6.6390337e-01 
5205, 1.1925299e-01, 0.0000000e+00, 8.4136171e-01 
5206, 1.1925299e-01, 1.0000000e+00, 8.4136171e-01 
5207, 3.6315692e-01, 1.9694191e-01, 0.0000000e+00 
5208, 3.6315692e-01, 1.9694191e-01, 1.0000000e+00 
5209, 7.8606202e-01, 0.0000000e+00, 3.6990773e-01 
5210, 7.8606202e-01, 1.0000000e+00, 3.6990773e-01 
5211, 8.2297315e-01, 0.0000000e+00, 2.8648895e-01 
5212, 8.2297315e-01, 1.0000000e+00, 2.8648895e-01 
5213, 1.0000000e+00, 1.2081787e-01, 2.2933909e-01 
5214, 0.0000000e+00, 1.2081787e-01, 2.2933909e-01 
5215, 7.5782886e-01, 1.0000000e+00, 5.1581598e-01 
5216, 7.5782886e-01, 0.0000000e+00, 5.1581598e-01 
5217, 1.0000000e+00, 7.3256640e-01, 4.5879958e-02 
5218, 0.0000000e+00, 7.3256640e-01, 4.5879958e-02 
5219, 0.0000000e+00, 4.8681448e-01, 6.9711201e-01 
5220, 1.0000000e+00, 4.8681448e-01, 6.9711201e-01 
5221, 8.5211725e-01, 5.7403858e-01, 0.0000000e+00 
5222, 8.5211725e-01, 5.7403858e-01, 1.0000000e+00 
5223, 1.0000000e+00, 8.8215711e-01, 9.0344066e-02 
5224, 0.0000000e+00, 8.8215711e-01, 9.0344066e-02 
5225, 1.0000000e+00, 8.6104829e-01, 2.0244740e-01 
5226, 0.0000000e+00, 8.6104829e-01, 2.0244740e-01 
5227, 8.2038085e-01, 1.0000000e+00, 1.8779339e-01 
5228, 8.2038085e-01, 0.0000000e+00, 1.8779339e-01 
5229, 0.0000000e+00, 4.6131486e-01, 3.8618017e-02 
5230, 1.0000000e+00, 4.6131486e-01, 3.8618017e-02 
5231, 3.3113671e-01, 3.4995834e-01, 0.0000000e+00 
5232, 3.3113671e-01, 3.4995834e-01, 1.0000000e+00 
5233, 3.7447435e-01, 1.0000000e+00, 8.7724614e-02 
5234, 3.7447435e-01, 0.0000000e+00, 8.7724614e-02 
5235, 3.7131155e-01, 8.5479155e-01, 0.0000000e+00 
5236, 3.7131155e-01, 8.5479155e-01, 1.0000000e+00 
5237, 4.2078615e-01, 1.0000000e+00, 9.3938615e-02 
5238, 4.2078615e-01, 0.0000000e+00, 9.3938615e-02 
5239, 4.1392875e-01, 0.0000000e+00, 5.1177014e-01 
5240, 4.1392875e-01, 1.0000000e+00, 5.1177014e-01 
5241, 7.3714976e-01, 0.0000000e+00, 6.9496235e-01 
5242, 7.3714976e-01, 1.0000000e+00, 6.9496235e-01 
5243, 7.7257495e-01, 0.0000000e+00, 7.5636574e-01 
5244, 9.4605128e-01, 8.4456953e-01, 0.0000000e+00 
5245, 6.8662158e-01, 0.0000000e+00, 8.6352785e-01 
5246, 6.8662158e-01, 1.0000000e+00, 8.6352785e-01 
5247, 1.0000000e+00, 8.8366423e-01, 2.2013385e-01 
5248, 0.0000000e+00, 8.8366423e-01, 2.2013385e-01 
5249, 7.5299400e-01, 1.0000000e+00, 1.0597838e-01 
5250, 7.5299400e-01, 0.0000000e+00, 1.0597838e-01 
5251, 0.0000000e+00, 8.7262041e-01, 3.9737143e-01 
5252, 1.0000000e+00, 8.7262041e-01, 3.9737143e-01 
5253, 0.0000000e+00, 6.0634829e-01, 2.6163037e-01 
5254, 1.0000000e+00, 6.0634829e-01, 2.6163037e-01 
5255, 0.0000000e+00, 3.1082855e-01, 6.0023138e-01 
5256, 1.0000000e+00, 3.1082855e-01, 6.0023138e-01 
5257, 7.9052662e-01, 5.3135566e-01, 1.0000000e+00 
5258, 7.9052662e-01, 5.3135566e-01, 0.0000000e+00 
5259, 0.0000000e+00, 1.9346160e-01, 7.6964962e-01 
5260, 1.0000000e+00, 1.9346160e-01, 7.6964962e-01 
5261, 3.1574291e-01, 3.4113088e-01, 1.0000000e+00 
5262, 3.1574291e-01, 3.4113088e-01, 0.0000000e+00 
5263, 6.5940856e-01, 0.0000000e+00, 7.4259288e-01 
5264, 6.5940856e-01, 1.0000000e+00, 7.4259288e-01 
5265, 7.8968727e-01, 0.0000000e+00, 7.0697245e-01 
5266, 7.8968727e-01, 1.0000000e+00, 7.0697245e-01 
5267, 1.0000000e+00, 1.3922111e-01, 7.3956914e-01 
5268, 0.0000000e+00, 1.3922111e-01, 7.3956914e-01 
5269, 6.3339086e-02, 1.0000000e+00, 3.2025015e-01 
5270, 6.3339086e-02, 0.0000000e+00, 3.2025015e-01 
5271, 2.4066957e-01, 1.0000000e+00, 6.3585958e-01 
5272, 2.4066957e-01, 0.0000000e+00, 6.3585958e-01 
5273, 5.6916193e-01, 2.4432030e-01, 1.0000000e+00 
5274, 5.6916193e-01, 2.4432030e-01, 0.0000000e+00 
5275, 5.8593566e-01, 1.9153438e-01, 1.0000000e+00 
5276, 6.3790145e-01, 1.0000000e+00, 7.8247375e-02 
5277, 8.7167258e-01, 0.0000000e+00, 4.5301541e-01 
5278, 8.7167258e-01, 1.0000000e+00, 4.5301541e-01 
5279, 8.8328108e-01, 0.0000000e+00, 6.9372777e-01 
5280, 8.8328108e-01, 1.0000000e+00, 6.9372777e-01 
5281, 9.1889906e-01, 0.0000000e+00, 7.4542723e-01 
5282, 9.5334658e-01, 8.4423919e-01, 0.0000000e+00 
5283, 1.0000000e+00, 5.8976501e-01, 7.8206554e-01 
5284, 0.0000000e+00, 5.8976501e-01, 7.8206554e-01 
5285, 1.0000000e+00, 5.1044634e-01, 4.6147057e-01 
5286, 0.0000000e+00, 5.1044634e-01, 4.6147057e-01 
5287, 8.6531506e-01, 3.3636997e-01, 1.0000000e+00 
5288, 8.6531506e-01, 3.3636997e-01, 0.0000000e+00 
5289, 1.0000000e+00, 3.4804689e-01, 6.8750162e-01 
5290, 0.0000000e+00, 3.4804689e-01, 6.8750162e-01 
5291, 3.3586876e-02, 1.0000000e+00, 6.8470500e-01 
5292, 1.0000000e+00, 3.2619445e-02, 6.7390431e-01 
5293, 0.0000000e+00, 7.2408269e-01, 7.8720295e-01 
5294, 1.0000000e+00, 7.2408269e-01, 7.8720295e-01 
5295, 3.7412083e-01, 0.0000000e+00, 2.2058081e-01 
5296, 3.7412083e-01, 1.0000000e+00, 2.2058081e-01 
5297, 2.1423484e-01, 1.0363554e-01, 0.0000000e+00 
5298, 2.1423484e-01, 1.0363554e-01, 1.0000000e+00 
5299, 4.1415148e-01, 0.0000000e+00, 3.1040795e-01 
5300, 4.1415148e-01, 1.0000000e+00, 3.1040795e-01 
5301, 7.5454897e-01, 0.0000000e+00, 8.6091268e-01 
5302, 7.5454897e-01, 1.0000000e+00, 8.6091268e-01 
5303, 8.1252925e-01, 3.7373898e-02, 1.0000000e+00 
5304, 8.9435234e-01, 1.0000000e+00, 2.1294607e-01 
5305, 1.0000000e+00, 3.3942706e-01, 4.6285921e-01 
5306, 0.0000000e+00, 3.3942706e-01, 4.6285921e-01 
5307, 1.8272196e-01, 1.0000000e+00, 2.1991920e-01 
5308, 1.0000000e+00, 2.4632094e-01, 1.9682156e-01 
5309, 3.1831929e-01, 9.5704309e-01, 2.7755576e-17 
5310, 3.1831929e-01, 9.5704309e-01, 1.0000000e+00 
5311, 3.0360558e-01, 1.0000000e+00, 1.3150335e-01 
5312, 3.0360558e-01, 0.0000000e+00, 1.3150335e-01 
5313, 9.2443189e-01, 1.0000000e+00, 6.4747130e-01 
5314, 9.2443189e-01, 0.0000000e+00, 6.4747130e-01 
5315, 1.0000000e+00, 9.3458309e-01, 5.5470001e-01 
5316, 0.0000000e+00, 9.3458309e-01, 5.5470001e-01 
5317, 8.5415465e-03, 5.8285945e-01, 1.0000000e+00 
5318, 1.0000000e+00, 5.8441772e-01, 1.3352817e-02 
5319, 2.5475736e-02, 6.2786173e-01, 1.0000000e+00 
5320, 1.0000000e+00, 6.5576966e-01, 5.2629669e-02 
5321, 5.6009409e-01, 1.0000000e+00, 3.6396719e-01 
5322, 5.6009409e-01, 0.0000000e+00, 3.6396719e-01 
5323, 5.5893645e-01, 1.0000000e+00, 2.4891323e-01 
5324, 5.5893645e-01, 0.0000000e+00, 2.4891323e-01 
5325, 5.9194455e-01, 2.1676267e-01, 0.0000000e+00 
5326, 5.9194455e-01, 2.1676267e-01, 1.0000000e+00 
5327, 5.0608483e-01, 9.9121470e-02, 0.0000000e+00 
5328, 4.8527508e-01, 1.0000000e+00, 9.4467017e-01 
5329, 3.9776401e-01, 1.7031722e-01, 0.0000000e+00 
5330, 3.9776401e-01, 1.7031722e-01, 1.0000000e+00 
5331, 8.7582263e-01, 0.0000000e+00, 2.7194700e-02 
5332, 8.5776602e-01, 9.5262806e-01, 1.0000000e+00 
5333, 9.6917333e-01, 2.0921006e-01, 0.0000000e+00 
5334, 0.0000000e+00, 2.4490757e-01, 8.3408421e-01 
5335, 9.1771018e-01, 0.0000000e+00, 3.3398340e-02 
5336, 9.0844495e-01, 9.3812762e-01, 1.0000000e+00 
5337, 5.6132141e-01, 1.0000000e+00, 7.2857036e-01 
5338, 5.6132141e-01, 0.0000000e+00, 7.2857036e-01 
5339, 5.4958396e-01, 1.0000000e+00, 7.3605423e-01 
5340, 5.4958396e-01, 0.0000000e+00, 7.3605423e-01 
5341, 5.5131276e-01, 1.0000000e+00, 7.3547304e-01 
5342, 5.5131276e-01, 0.0000000e+00, 7.3547304e-01 
5343, 3.6235937e-03, 8.4322672e-01, 1.0000000e+00 
5344, 3.6235937e-03, 8.4322672e-01, 0.0000000e+00 
5345, 0.0000000e+00, 8.2328400e-01, 6.1286776e-01 
5346, 1.0000000e+00, 8.2328400e-01, 6.1286776e-01 
5347, 1.2276151e-01, 1.0000000e+00, 3.5013163e-01 
5348, 1.2276151e-01, 0.0000000e+00, 3.5013163e-01 
5349, 1.2250199e-01, 1.0000000e+00, 6.7552043e-01 
5350, 1.2250199e-01, 0.0000000e+00, 6.7552043e-01 
5351, 9.2187815e-01, 2.9934616e-01, 0.0000000e+00 
5352, 0.0000000e+00, 3.6657969e-01, 7.8545445e-01 
5353, 1.0000000e+00, 2.7804267e-01, 2.1125299e-02 
5354, 0.0000000e+00, 2.7804267e-01, 2.1125299e-02 
5355, 7.9822615e-01, 0.0000000e+00, 3.2063295e-01 
5356, 7.9822615e-01, 1.0000000e+00, 3.2063295e-01 
5357, 9.4141505e-01, 0.0000000e+00, 7.9516353e-01 
5358, 9.4141505e-01, 1.0000000e+00, 7.9516353e-01 
5359, 1.0000000e+00, 1.2223281e-01, 7.3499459e-01 
5360, 0.0000000e+00, 1.2223281e-01, 7.3499459e-01 
5361, 8.0000253e-01, 0.0000000e+00, 8.9888716e-01 
5362, 8.0000253e-01, 1.0000000e+00, 8.9888716e-01 
5363, 9.5833225e-01, 3.6958260e-01, 1.0000000e+00 
5364, 9.5833225e-01, 3.6958260e-01, 0.0000000e+00 
5365, 8.6311399e-01, 3.6387272e-01, 1.0000000e+00 
5366, 8.6311399e-01, 3.6387272e-01, 0.0000000e+00 
5367, 8.2495882e-01, 5.6146457e-01, 0.0000000e+00 
5368, 8.2495882e-01, 5.6146457e-01, 1.0000000e+00 
5369, 9.5538319e-01, 6.3439930e-01, 0.0000000e+00 
5370, 9.5538319e-01, 6.3439930e-01, 1.0000000e+00 
5371, 8.5321861e-01, 3.6926202e-01, 0.0000000e+00 
5372, 8.5321861e-01, 3.6926202e-01, 1.0000000e+00 
5373, 3.2440904e-01, 7.3008546e-01, 1.0000000e+00 
5374, 3.2440904e-01, 7.3008546e-01, 0.0000000e+00 
5375, 2.1324732e-01, 5.6177470e-01, 1.0000000e+00 
5376, 2.1324732e-01, 5.6177470e-01, 0.0000000e+00 
5377, 3.2799618e-01, 0.0000000e+00, 9.1733035e-01 
5378, 4.2384960e-01, 7.4538107e-01, 0.0000000e+00 
5379, 0.0000000e+00, 5.2116960e-02, 9.9606717e-01 
5380, 9.8720270e-01, 5.2200522e-02, 0.0000000e+00 
5381, 4.4817939e-01, 1.8080029e-02, 1.0000000e+00 
5382, 5.2669380e-01, 1.0000000e+00, 5.5866601e-02 
5383, 0.0000000e+00, 9.6891026e-01, 9.5710876e-01 
5384, 9.6147681e-01, 9.7624825e-01, 0.0000000e+00 
5385, 0.0000000e+00, 7.1848082e-01, 6.9837156e-01 
5386, 1.0000000e+00, 7.1848082e-01, 6.9837156e-01 
5387, 3.3664764e-01, 1.0000000e+00, 7.2099400e-01 
5388, 3.3664764e-01, 0.0000000e+00, 7.2099400e-01 
5389, 6.5844916e-01, 0.0000000e+00, 5.3064328e-02 
5390, 6.5844916e-01, 1.0000000e+00, 5.3064328e-02 
5391, 7.6711988e-01, 0.0000000e+00, 3.3766453e-02 
5392, 7.6711988e-01, 1.0000000e+00, 3.3766453e-02 
5393, 6.5322959e-01, 8.8950195e-01, 0.0000000e+00 
5394, 6.5322959e-01, 8.8950195e-01, 1.0000000e+00 
5395, 6.7377241e-01, 1.0000000e+00, 2.1841685e-01 
5396, 6.7377241e-01, 0.0000000e+00, 2.1841685e-01 
5397, 4.7803276e-01, 1.0000000e+00, 1.5953199e-01 
5398, 4.7803276e-01, 0.0000000e+00, 1.5953199e-01 
5399, 8.4265590e-01, 7.8907970e-01, 0.0000000e+00 
5400, 8.4265590e-01, 7.8907970e-01, 1.0000000e+00 
5401, 9.0484311e-01, 8.3334847e-01, 0.0000000e+00 
5402, 9.0484311e-01, 8.3334847e-01, 1.0000000e+00 
5403, 0.0000000e+00, 3.9484489e-01, 4.3208889e-03 
5404, 9.9955823e-01, 3.9519126e-01, 1.0000000e+00 
5405, 0.0000000e+00, 3.4020669e-01, 1.3835688e-01 
5406, 1.0000000e+00, 3.4020669e-01, 1.3835688e-01 
5407, 1.9871682e-02, 2.1330103e-01, 0.0000000e+00 
5408, 1.9871682e-02, 2.1330103e-01, 1.0000000e+00 
5409, 1.7885505e-01, 1.0000000e+00, 7.7343326e-01 
5410, 1.7885505e-01, 0.0000000e+00, 7.7343326e-01 
5411, 2.1696692e-01, 1.0000000e+00, 6.5110592e-01 
5412, 2.1696692e-01, 0.0000000e+00, 6.5110592e-01 
5413, 9.9675836e-01, 0.0000000e+00, 4.2154943e-01 
5414, 0.0000000e+00, 9.9492947e-01, 4.2019219e-01 
5415, 9.5154532e-01, 0.0000000e+00, 5.9553043e-01 
5416, 9.5154532e-01, 1.0000000e+00, 5.9553043e-01 
5417, 7.5690606e-01, 0.0000000e+00, 4.7830179e-01 
5418, 7.5690606e-01, 1.0000000e+00, 4.7830179e-01 
5419, 5.0726850e-02, 0.0000000e+00, 8.8607020e-01 
5420, 1.0000000e+00, 9.5074567e-01, 8.9715036e-01 
5421, 1.8546381e-01, 2.2325730e-01, 1.0000000e+00 
5422, 1.8546381e-01, 2.2325730e-01, 0.0000000e+00 
5423, 8.1681496e-03, 3.2459641e-01, 1.0000000e+00 
5424, 1.0000000e+00, 3.2653719e-01, 5.5357091e-03 
5425, 0.0000000e+00, 2.4141975e-01, 7.7366081e-01 
5426, 1.0000000e+00, 2.4141975e-01, 7.7366081e-01 
5427, 1.0000000e+00, 3.2054443e-01, 3.7943129e-01 
5428, 0.0000000e+00, 3.2054443e-01, 3.7943129e-01 
5429, 9.0178958e-01, 3.7956373e-01, 0.0000000e+00 
5430, 9.0178958e-01, 3.7956373e-01, 1.0000000e+00 
5431, 1.0000000e+00, 3.5631822e-01, 3.8312656e-01 
5432, 0.0000000e+00, 3.5631822e-01, 3.8312656e-01 
5433, 1.0000000e+00, 3.0571502e-01, 3.6571873e-01 
5434, 0.0000000e+00, 3.0571502e-01, 3.6571873e-01 
5435, 1.0000000e+00, 5.3518087e-01, 6.4707153e-01 
5436, 0.0000000e+00, 5.3518087e-01, 6.4707153e-01 
5437, 1.0000000e+00, 3.7669480e-01, 9.1540479e-01 
5438, 0.0000000e+00, 3.7669480e-01, 9.1540479e-01 
5439, 5.2434398e-01, 1.0000000e+00, 3.0095204e-01 
5440, 5.2434398e-01, 0.0000000e+00, 3.0095204e-01 
5441, 6.1304669e-01, 1.0000000e+00, 2.3971024e-01 
5442, 6.1304669e-01, 0.0000000e+00, 2.3971024e-01 
5443, 6.2394421e-01, 1.0000000e+00, 3.6698266e-01 
5444, 6.2394421e-01, 0.0000000e+00, 3.6698266e-01 
5445, 1.0000000e+00, 5.2019660e-01, 4.8682002e-01 
5446, 0.0000000e+00, 5.2019660e-01, 4.8682002e-01 
5447, 5.4111336e-01, 9.5512584e-01, 0.0000000e+00 
5448, 4.8855004e-01, 0.0000000e+00, 9.5654053e-01 
5449, 6.9844108e-01, 9.1156958e-01, 0.0000000e+00 
5450, 6.9844108e-01, 9.1156958e-01, 1.0000000e+00 
5451, 4.6980773e-01, 2.4913169e-01, 0.0000000e+00 
5452, 4.6980773e-01, 2.4913169e-01, 1.0000000e+00 
5453, 4.6621270e-01, 2.7321197e-01, 0.0000000e+00 
5454, 4.6621270e-01, 2.7321197e-01, 1.0000000e+00 
5455, 5.1025047e-01, 2.3358298e-01, 0.0000000e+00 
5456, 5.1025047e-01, 2.3358298e-01, 1.0000000e+00 
5457, 8.8806748e-01, 1.7839528e-01, 1.0000000e+00 
5458, 0.0000000e+00, 1.3359070e-01, 6.2592677e-02 
5459, 9.9638334e-01, 0.0000000e+00, 9.7970766e-01 
5460, 0.0000000e+00, 9.9470959e-01, 9.7942903e-01 
5461, 8.7345864e-01, 1.8522058e-01, 1.0000000e+00 
5462, 8.7345864e-01, 1.8522058e-01, 0.0000000e+00 
5463, 8.7896110e-01, 1.7801247e-01, 1.0000000e+00 
5464, 0.0000000e+00, 7.9156983e-02, 1.3141023e-01 
5465, 6.7842907e-01, 7.7568133e-01, 1.0000000e+00 
5466, 6.7842907e-01, 7.7568133e-01, 0.0000000e+00 
5467, 0.0000000e+00, 6.1643788e-01, 8.0363331e-01 
5468, 1.0000000e+00, 6.1643788e-01, 8.0363331e-01 
5469, 4.5535186e-01, 4.5706028e-01, 1.0000000e+00 
5470, 4.5535186e-01, 4.5706028e-01, 0.0000000e+00 
5471, 1.6467608e-01, 5.5570746e-01, 1.0000000e+00 
5472, 1.6467608e-01, 5.5570746e-01, 0.0000000e+00 
5473, 8.6744165e-01, 1.0000000e+00, 8.6577126e-01 
5474, 8.6744165e-01, 0.0000000e+00, 8.6577126e-01 
5475, 2.8912389e-01, 5.3117732e-02, 1.0000000e+00 
5476, 2.8912389e-01, 5.3117732e-02, 0.0000000e+00 
5477, 0.0000000e+00, 1.4793949e-01, 5.6723343e-01 
5478, 1.0000000e+00, 1.4793949e-01, 5.6723343e-01 
5479, 2.0705474e-01, 0.0000000e+00, 8.9730401e-01 
5480, 2.3576156e-01, 9.4801303e-01, 0.0000000e+00 
5481, 2.1099274e-01, 0.0000000e+00, 8.3435401e-01 
5482, 2.1099274e-01, 1.0000000e+00, 8.3435401e-01 
5483, 1.0628632e-01, 0.0000000e+00, 4.5000945e-01 
5484, 1.0628632e-01, 1.0000000e+00, 4.5000945e-01 
5485, 2.5084153e-01, 6.8675054e-01, 1.0000000e+00 
5486, 2.5084153e-01, 6.8675054e-01, 0.0000000e+00 
5487, 0.0000000e+00, 7.3263277e-01, 9.1719009e-01 
5488, 1.0000000e+00, 7.3263277e-01, 9.1719009e-01 
5489, 2.3866672e-01, 6.6778323e-01, 1.0000000e+00 
5490, 2.3866672e-01, 6.6778323e-01, 0.0000000e+00 
5491, 2.8931243e-01, 1.0000000e+00, 5.6163262e-01 
5492, 2.8931243e-01, 0.0000000e+00, 5.6163262e-01 
5493, 2.2804518e-01, 8.2191354e-01, 1.0000000e+00 
5494, 2.2804518e-01, 8.2191354e-01, 0.0000000e+00 
5495, 0.0000000e+00, 5.6135512e-01, 7.1725683e-01 
5496, 1.0000000e+00, 5.6135512e-01, 7.1725683e-01 
5497, 5.3838995e-02, 1.0000000e+00, 8.0340966e-01 
5498, 5.3838995e-02, 0.0000000e+00, 8.0340966e-01 
5499, 8.9854767e-01, 0.0000000e+00, 2.2959695e-01 
5500, 8.9854767e-01, 1.0000000e+00, 2.2959695e-01 
5501, 6.2067384e-01, 0.0000000e+00, 2.6283692e-01 
5502, 6.2067384e-01, 1.0000000e+00, 2.6283692e-01 
5503, 9.8486407e-01, 3.0385911e-01, 0.0000000e+00 
5504, 0.0000000e+00, 3.0508732e-01, 9.8652295e-01 
5505, 3.5210869e-01, 3.0730907e-01, 1.0000000e+00 
5506, 3.5210869e-01, 3.0730907e-01, 0.0000000e+00 
5507, 4.7057275e-01, 0.0000000e+00, 8.0171485e-01 
5508, 4.7057275e-01, 1.0000000e+00, 8.0171485e-01 
5509, 3.9255109e-01, 2.8517428e-01, 1.0000000e+00 
5510, 3.9255109e-01, 2.8517428e-01, 0.0000000e+00 
5511, 0.0000000e+00, 6.7075530e-01, 6.1412491e-01 
5512, 1.0000000e+00, 6.7075530e-01, 6.1412491e-01 
5513, 4.3795020e-02, 1.0000000e+00, 5.7492077e-01 
5514, 1.0000000e+00, 6.4018399e-02, 5.8107701e-01 
5515, 3.8848073e-01, 0.0000000e+00, 3.3190596e-01 
5516, 3.8848073e-01, 1.0000000e+00, 3.3190596e-01 
5517, 3.9192953e-01, 0.0000000e+00, 7.5254517e-02 
5518, 3.8503761e-01, 9.2750931e-01, 1.0000000e+00 
5519, 3.0926039e-01, 1.9082592e-01, 0.0000000e+00 
5520, 3.0926039e-01, 1.9082592e-01, 1.0000000e+00 
5521, 0.0000000e+00, 6.5460424e-01, 4.3026885e-01 
5522, 1.0000000e+00, 6.5460424e-01, 4.3026885e-01 
5523, 0.0000000e+00, 6.7434520e-01, 3.6822785e-01 
5524, 1.0000000e+00, 6.7434520e-01, 3.6822785e-01 
5525, 0.0000000e+00, 7.4360742e-01, 3.9827558e-01 
5526, 1.0000000e+00, 7.4360742e-01, 3.9827558e-01 
5527, 2.9740948e-01, 0.0000000e+00, 4.9569371e-01 
5528, 2.9740948e-01, 1.0000000e+00, 4.9569371e-01 
5529, 2.8167543e-01, 0.0000000e+00, 3.9754486e-01 
5530, 2.8167543e-01, 1.0000000e+00, 3.9754486e-01 
5531, 1.9922804e-01, 0.0000000e+00, 3.6671102e-01 
5532, 1.9922804e-01, 1.0000000e+00, 3.6671102e-01 
5533, 3.6459513e-01, 0.0000000e+00, 6.4030499e-01 
5534, 3.6459513e-01, 1.0000000e+00, 6.4030499e-01 
5535, 1.0000000e+00, 6.3509856e-01, 5.7956907e-01 
5536, 0.0000000e+00, 6.3509856e-01, 5.7956907e-01 
5537, 1.0000000e+00, 6.3330555e-01, 5.7234590e-01 
5538, 0.0000000e+00, 6.3330555e-01, 5.7234590e-01 
5539, 1.0000000e+00, 6.2608932e-01, 5.7496011e-01 
5540, 0.0000000e+00, 6.2608932e-01, 5.7496011e-01 
5541, 6.9049108e-01, 6.5305709e-01, 0.0000000e+00 
5542, 6.9049108e-01, 6.5305709e-01, 1.0000000e+00 
5543, 7.8683754e-01, 6.6038466e-01, 0.0000000e+00 
5544, 7.8683754e-01, 6.6038466e-01, 1.0000000e+00 
5545, 6.7288281e-01, 6.8189629e-01, 0.0000000e+00 
5546, 6.7288281e-01, 6.8189629e-01, 1.0000000e+00 
5547, 6.8615992e-01, 1.0000000e+00, 6.3918016e-01 
5548, 6.8615992e-01, 0.0000000e+00, 6.3918016e-01 
5549, 1.0000000e+00, 8.1873179e-01, 5.3396124e-01 
5550, 0.0000000e+00, 8.1873179e-01, 5.3396124e-01 
5551, 0.0000000e+00, 1.9139182e-01, 2.4998420e-01 
5552, 1.0000000e+00, 1.9139182e-01, 2.4998420e-01 
5553, 0.0000000e+00, 6.7741102e-01, 3.5992359e-01 
5554, 1.0000000e+00, 6.7741102e-01, 3.5992359e-01 
5555, 5.2924741e-01, 6.3012113e-01, 0.0000000e+00 
5556, 5.2924741e-01, 6.3012113e-01, 1.0000000e+00 
5557, 4.5519475e-01, 0.0000000e+00, 5.7553422e-01 
5558, 4.5519475e-01, 1.0000000e+00, 5.7553422e-01 
5559, 2.2916483e-01, 0.0000000e+00, 3.5050437e-01 
5560, 2.2916483e-01, 1.0000000e+00, 3.5050437e-01 
5561, 4.8867408e-01, 0.0000000e+00, 3.1976445e-01 
5562, 4.8867408e-01, 1.0000000e+00, 3.1976445e-01 
5563, 0.0000000e+00, 6.3699031e-01, 1.2886669e-01 
5564, 1.0000000e+00, 6.3699031e-01, 1.2886669e-01 
5565, 1.3877788e-17, 5.9794499e-01, 7.3346441e-02 
5566, 1.0000000e+00, 5.9794499e-01, 7.3346441e-02 
5567, 2.8139184e-02, 6.4951505e-01, 0.0000000e+00 
5568, 1.0000000e+00, 6.5176965e-01, 9.7233158e-01 
5569, 0.0000000e+00, 6.9732860e-01, 7.1007051e-01 
5570, 1.0000000e+00, 6.9732860e-01, 7.1007051e-01 
5571, 3.4408317e-01, 4.8657321e-01, 1.0000000e+00 
5572, 3.4408317e-01, 4.8657321e-01, 0.0000000e+00 
5573, 3.7721791e-01, 0.0000000e+00, 6.3458004e-01 
5574, 3.7721791e-01, 1.0000000e+00, 6.3458004e-01 
5575, 0.0000000e+00, 8.5585351e-01, 4.7895129e-01 
5576, 1.0000000e+00, 8.5585351e-01, 4.7895129e-01 
5577, 0.0000000e+00, 6.2132083e-01, 3.8468330e-01 
5578, 1.0000000e+00, 6.2132083e-01, 3.8468330e-01 
5579, 0.0000000e+00, 8.4517840e-01, 4.5448222e-01 
5580, 1.0000000e+00, 8.4517840e-01, 4.5448222e-01 
5581, 0.0000000e+00, 1.9996851e-01, 7.7214718e-01 
5582, 1.0000000e+00, 1.9996851e-01, 7.7214718e-01 
5583, 8.4381742e-01, 6.9211958e-01, 6.9388939e-18 
5584, 8.4381742e-01, 6.9211958e-01, 1.0000000e+00 
5585, 7.9012616e-01, 8.0661003e-01, 0.0000000e+00 
5586, 7.9012616e-01, 8.0661003e-01, 1.0000000e+00 
5587, 1.0000000e+00, 7.7557796e-01, 1.6994581e-01 
5588, 0.0000000e+00, 7.7557796e-01, 1.6994581e-01 
5589, 8.7069546e-01, 7.0043689e-01, 0.0000000e+00 
5590, 8.7069546e-01, 7.0043689e-01, 1.0000000e+00 
5591, 0.0000000e+00, 2.4404065e-01, 6.5810962e-01 
5592, 1.0000000e+00, 2.4404065e-01, 6.5810962e-01 
5593, 0.0000000e+00, 1.6762678e-02, 4.2110282e-01 
5594, 9.8477380e-01, 1.0000000e+00, 4.0043449e-01 
5595, 9.7460934e-02, 3.2828023e-01, 1.0000000e+00 
5596, 9.7460934e-02, 3.2828023e-01, 0.0000000e+00 
5597, 1.3877788e-17, 4.1360959e-01, 7.0747987e-01 
5598, 1.0000000e+00, 4.1360959e-01, 7.0747987e-01 
5599, 0.0000000e+00, 3.8823096e-01, 7.4141675e-01 
5600, 1.0000000e+00, 3.8823096e-01, 7.4141675e-01 
5601, 7.6202298e-01, 3.0270497e-01, 0.0000000e+00 
5602, 7.6202298e-01, 3.0270497e-01, 1.0000000e+00 
5603, 1.0000000e+00, 1.4046160e-01, 1.5013455e-01 
5604, 0.0000000e+00, 1.4046160e-01, 1.5013455e-01 
5605, 4.5235258e-01, 1.0000000e+00, 6.2293419e-01 
5606, 4.5235258e-01, 0.0000000e+00, 6.2293419e-01 
5607, 5.4967105e-01, 1.0000000e+00, 5.2358255e-01 
5608, 5.4967105e-01, 0.0000000e+00, 5.2358255e-01 
5609, 1.0000000e+00, 3.8675396e-01, 8.8956516e-01 
5610, 0.0000000e+00, 3.8675396e-01, 8.8956516e-01 
5611, 8.8753501e-01, 1.0000000e+00, 3.8526732e-01 
5612, 8.8753501e-01, 0.0000000e+00, 3.8526732e-01 
5613, 1.0000000e+00, 7.8403735e-01, 3.4371661e-01 
5614, 0.0000000e+00, 7.8403735e-01, 3.4371661e-01 
5615, 0.0000000e+00, 5.5429524e-01, 3.9269137e-01 
5616, 1.0000000e+00, 5.5429524e-01, 3.9269137e-01 
5617, 3.7294193e-01, 0.0000000e+00, 7.4014159e-01 
5618, 3.7294193e-01, 1.0000000e+00, 7.4014159e-01 
5619, 3.0947412e-01, 0.0000000e+00, 8.0013497e-01 
5620, 3.0947412e-01, 1.0000000e+00, 8.0013497e-01 
5621, 0.0000000e+00, 7.5392702e-01, 7.2349840e-01 
5622, 1.0000000e+00, 7.5392702e-01, 7.2349840e-01 
5623, 0.0000000e+00, 6.9188965e-01, 8.7274657e-01 
5624, 1.0000000e+00, 6.9188965e-01, 8.7274657e-01 
5625, 0.0000000e+00, 6.3896018e-01, 8.1583368e-01 
5626, 1.0000000e+00, 6.3896018e-01, 8.1583368e-01 
5627, 7.7565528e-02, 2.5023937e-01, 1.0000000e+00 
5628, 7.7565528e-02, 2.5023937e-01, 0.0000000e+00 
5629, 0.0000000e+00, 3.6537793e-01, 7.1817700e-01 
5630, 1.0000000e+00, 3.6537793e-01, 7.1817700e-01 
5631, 3.6598307e-01, 1.0000000e+00, 9.1274004e-01 
5632, 3.6598307e-01, 0.0000000e+00, 9.1274004e-01 
5633, 3.5704107e-01, 1.0000000e+00, 6.9556359e-01 
5634, 3.5704107e-01, 0.0000000e+00, 6.9556359e-01 
5635, 7.6572121e-02, 1.0000000e+00, 7.7395386e-01 
5636, 7.6572121e-02, 0.0000000e+00, 7.7395386e-01 
5637, 8.3121752e-01, 0.0000000e+00, 1.8141979e-01 
5638, 8.3121752e-01, 1.0000000e+00, 1.8141979e-01 
5639, 1.0000000e+00, 3.1500151e-01, 5.2249664e-01 
5640, 0.0000000e+00, 3.1500151e-01, 5.2249664e-01 
5641, 4.1034645e-01, 0.0000000e+00, 1.8993258e-01 
5642, 4.1034645e-01, 1.0000000e+00, 1.8993258e-01 
5643, 1.0000000e+00, 8.4740449e-01, 2.9972245e-01 
5644, 0.0000000e+00, 8.4740449e-01, 2.9972245e-01 
$bonds
1, 1432, 2 
2, 58, 4 
3, 1225, 4 
4, 1896, 4 
5, 514, 5 
6, 877, 5 
7, 1390, 5 
8, 549, 6 
9, 1581, 6 
10, 1942, 6 
11, 47, 7 
12, 168, 7 
13, 464, 8 
14, 1085, 8 
15, 1349, 8 
16, 1493, 8 
17, 357, 9 
18, 568, 9 
19, 1203, 9 
20, 1377, 9 
21, 438, 10 
22, 525, 10 
23, 1110, 10 
24, 178, 11 
25, 1054, 11 
26, 1277, 11 
27, 714, 12 
28, 893, 12 
29, 1779, 13 
30, 1832, 13 
31, 122, 14 
32, 408, 14 
33, 541, 14 
34, 305, 15 
35, 1041, 15 
36, 1190, 15 
37, 1542, 15 
38, 193, 16 
39, 891, 16 
40, 667, 17 
41, 713, 17 
42, 169, 18 
43, 570, 18 
44, 1749, 18 
45, 1797, 18 
46, 148, 19 
47, 174, 19 
48, 1550, 19 
49, 178, 20 
50, 569, 20 
51, 1361, 20 
52, 1952, 21 
53, 217, 22 
54, 1948, 22 
55, 839, 23 
56, 844, 23 
57, 1068, 24 
58, 1295, 24 
59, 1493, 24 
60, 239, 25 
61, 186, 26 
62, 1335, 26 
63, 621, 27 
64, 1003, 27 
65, 1288, 27 
66, 1954, 27 
67, 164, 28 
68, 671, 28 
69, 940, 29 
70, 435, 30 
71, 189, 31 
72, 606, 32 
73, 1123, 32 
74, 1531, 32 
75, 1732, 32 
76, 1028, 33 
77, 1813, 33 
78, 1983, 33 
79, 317, 34 
80, 1416, 34 
81, 1496, 34 
82, 1739, 34 
83, 1280, 35 
84, 1775, 35 
85, 289, 36 
86, 356, 36 
87, 790, 36 
88, 1984, 36 
89, 936, 37 
90, 1412, 37 
91, 1779, 37 
92, 319, 38 
93, 1359, 38 
94, 1393, 38 
95, 1534, 38 
96, 1800, 39 
97, 837, 40 
98, 948, 40 
99, 1285, 40 
100, 1756, 40 
101, 684, 41 
102, 722, 41 
103, 994, 41 
104, 1599, 41 
105, 467, 42 
106, 1197, 42 
107, 633, 43 
108, 1121, 43 
109, 1598, 43 
110, 1677, 43 
111, 1317, 44 
112, 1448, 44 
113, 588, 45 
114, 720, 46 
115, 1602, 46 
116, 1882, 46 
117, 776, 47 
118, 1927, 47 
119, 1016, 48 
120, 1451, 48 
121, 1331, 49 
122, 754, 50 
123, 1086, 50 
124, 1374, 50 
125, 144, 51 
126, 276, 51 
127, 1181, 51 
128, 509, 52 
129, 1100, 52 
130, 323, 53 
131, 493, 53 
132, 1017, 53 
133, 1967, 53 
134, 692, 54 
135, 1731, 54 
136, 176, 56 
137, 556, 56 
138, 1652, 56 
139, 387, 57 
140, 1086, 57 
141, 1092, 57 
142, 1757, 57 
143, 973, 58 
144, 780, 61 
145, 1767, 61 
146, 1872, 61 
147, 1946, 61 
148, 94, 62 
149, 169, 62 
150, 513, 62 
151, 1745, 62 
152, 1005, 63 
153, 110, 65 
154, 1043, 65 
155, 1339, 66 
156, 1649, 66 
157, 472, 67 
158, 1098, 67 
159, 1210, 67 
160, 1991, 68 
161, 1517, 69 
162, 1123, 70 
163, 1493, 70 
164, 1501, 70 
165, 79, 71 
166, 392, 71 
167, 882, 71 
168, 1115, 71 
169, 698, 72 
170, 807, 72 
171, 1404, 72 
172, 1578, 73 
173, 186, 74 
174, 477, 74 
175, 1490, 74 
176, 239, 75 
177, 185, 76 
178, 1577, 76 
179, 1170, 77 
180, 1949, 77 
181, 136, 78 
182, 781, 78 
183, 1722, 78 
184, 988, 79 
185, 603, 80 
186, 768, 80 
187, 1314, 80 
188, 139, 81 
189, 1290, 81 
190, 1178, 82 
191, 1376, 82 
192, 385, 83 
193, 424, 83 
194, 1367, 83 
195, 94, 84 
196, 200, 84 
197, 380, 84 
198, 487, 85 
199, 1082, 85 
200, 1444, 85 
201, 600, 86 
202, 1132, 86 
203, 1326, 86 
204, 1870, 86 
205, 256, 87 
206, 1121, 87 
207, 1684, 87 
208, 630, 88 
209, 1064, 88 
210, 1674, 88 
211, 1734, 88 
212, 1017, 89 
213, 1066, 90 
214, 1381, 90 
215, 1517, 90 
216, 671, 91 
217, 763, 91 
218, 461, 92 
219, 347, 96 
220, 1494, 96 
221, 155, 97 
222, 194, 97 
223, 1864, 97 
224, 269, 98 
225, 607, 98 
226, 1287, 98 
227, 1934, 98 
228, 963, 99 
229, 1382, 99 
230, 1319, 100 
231, 2000, 100 
232, 492, 101 
233, 1308, 101 
234, 1329, 101 
235, 1344, 101 
236, 1398, 102 
237, 1554, 102 
238, 1933, 102 
239, 147, 103 
240, 649, 103 
241, 1959, 104 
242, 748, 105 
243, 813, 105 
244, 1184, 105 
245, 1110, 106 
246, 1709, 106 
247, 696, 107 
248, 1137, 107 
249, 1282, 107 
250, 718, 108 
251, 1011, 108 
252, 1715, 108 
253, 1828, 108 
254, 1330, 109 
255, 1930, 109 
256, 942, 110 
257, 991, 111 
258, 1030, 111 
259, 1453, 114 
260, 152, 115 
261, 188, 115 
262, 894, 115 
263, 1495, 115 
264, 468, 116 
265, 1007, 116 
266, 1754, 116 
267, 292, 117 
268, 1764, 117 
269, 302, 118 
270, 985, 118 
271, 1803, 118 
272, 696, 119 
273, 1491, 120 
274, 1507, 120 
275, 1527, 122 
276, 1695, 122 
277, 845, 123 
278, 1825, 123 
279, 569, 124 
280, 632, 125 
281, 670, 125 
282, 966, 125 
283, 1742, 126 
284, 460, 129 
285, 1043, 129 
286, 848, 130 
287, 1625, 130 
288, 1636, 130 
289, 1798, 131 
290, 584, 132 
291, 815, 132 
292, 1955, 133 
293, 1497, 134 
294, 1568, 134 
295, 514, 135 
296, 203, 136 
297, 1583, 136 
298, 511, 138 
299, 1281, 138 
300, 660, 140 
301, 1721, 141 
302, 768, 142 
303, 1149, 142 
304, 1272, 144 
305, 1336, 144 
306, 1478, 144 
307, 661, 145 
308, 1135, 145 
309, 1480, 146 
310, 153, 147 
311, 157, 147 
312, 1437, 147 
313, 1290, 148 
314, 1724, 148 
315, 501, 149 
316, 521, 149 
317, 1168, 149 
318, 1396, 149 
319, 465, 150 
320, 845, 150 
321, 1476, 150 
322, 337, 151 
323, 499, 151 
324, 1267, 151 
325, 1303, 151 
326, 1209, 152 
327, 1601, 152 
328, 222, 154 
329, 692, 155 
330, 1067, 155 
331, 1350, 155 
332, 1048, 156 
333, 1124, 156 
334, 1438, 156 
335, 1892, 156 
336, 613, 157 
337, 858, 157 
338, 833, 158 
339, 1647, 159 
340, 521, 160 
341, 1506, 160 
342, 1626, 160 
343, 1974, 160 
344, 416, 161 
345, 790, 161 
346, 1649, 161 
347, 444, 162 
348, 615, 162 
349, 1008, 164 
350, 1696, 164 
351, 1326, 165 
352, 185, 167 
353, 198, 168 
354, 1213, 168 
355, 1887, 168 
356, 1191, 169 
357, 1543, 169 
358, 703, 171 
359, 1260, 171 
360, 1833, 172 
361, 939, 173 
362, 1344, 173 
363, 1548, 173 
364, 1828, 173 
365, 1116, 174 
366, 1171, 174 
367, 1591, 174 
368, 1767, 176 
369, 1408, 177 
370, 577, 178 
371, 1785, 179 
372, 1968, 179 
373, 310, 180 
374, 793, 180 
375, 966, 181 
376, 1059, 181 
377, 211, 182 
378, 577, 182 
379, 1365, 182 
380, 1825, 182 
381, 860, 183 
382, 986, 183 
383, 1225, 183 
384, 1395, 183 
385, 851, 184 
386, 1117, 184 
387, 1670, 185 
388, 1957, 185 
389, 577, 186 
390, 1871, 186 
391, 1238, 187 
392, 917, 188 
393, 939, 188 
394, 1134, 188 
395, 366, 189 
396, 1827, 189 
397, 236, 190 
398, 1449, 190 
399, 1737, 190 
400, 525, 192 
401, 1234, 193 
402, 246, 195 
403, 1003, 195 
404, 1010, 195 
405, 459, 196 
406, 520, 196 
407, 390, 197 
408, 570, 197 
409, 1944, 197 
410, 1481, 198 
411, 1743, 198 
412, 495, 199 
413, 1480, 199 
414, 1464, 200 
415, 1804, 200 
416, 1762, 202 
417, 971, 203 
418, 996, 203 
419, 1363, 203 
420, 434, 204 
421, 1001, 204 
422, 1820, 204 
423, 1856, 204 
424, 516, 205 
425, 729, 205 
426, 1080, 205 
427, 1715, 205 
428, 1001, 206 
429, 1644, 206 
430, 798, 207 
431, 960, 207 
432, 361, 208 
433, 366, 208 
434, 670, 208 
435, 1948, 208 
436, 416, 209 
437, 578, 209 
438, 1075, 209 
439, 1887, 209 
440, 1133, 210 
441, 1419, 210 
442, 1684, 211 
443, 1793, 211 
444, 422, 212 
445, 417, 213 
446, 1259, 213 
447, 1794, 213 
448, 1995, 213 
449, 618, 214 
450, 924, 214 
451, 1823, 215 
452, 1860, 215 
453, 782, 216 
454, 964, 216 
455, 1094, 216 
456, 1292, 217 
457, 1810, 217 
458, 956, 218 
459, 1502, 218 
460, 1543, 218 
461, 393, 219 
462, 1383, 219 
463, 1529, 219 
464, 1962, 219 
465, 1704, 220 
466, 1884, 220 
467, 969, 221 
468, 1471, 222 
469, 1460, 224 
470, 1816, 224 
471, 462, 225 
472, 1096, 225 
473, 1099, 225 
474, 1892, 225 
475, 1626, 226 
476, 1920, 226 
477, 1126, 227 
478, 1643, 227 
479, 1699, 227 
480, 1807, 228 
481, 350, 229 
482, 353, 229 
483, 1251, 229 
484, 1145, 230 
485, 420, 231 
486, 502, 231 
487, 1540, 232 
488, 534, 233 
489, 650, 233 
490, 270, 234 
491, 277, 234 
492, 1353, 234 
493, 1224, 236 
494, 1426, 236 
495, 1606, 236 
496, 1200, 237 
497, 1814, 237 
498, 1630, 238 
499, 658, 240 
500, 474, 241 
501, 1221, 241 
502, 1970, 241 
503, 506, 242 
504, 774, 243 
505, 1701, 243 
506, 736, 245 
507, 851, 245 
508, 1127, 245 
509, 1935, 245 
510, 646, 246 
511, 1754, 246 
512, 1799, 246 
513, 671, 248 
514, 699, 248 
515, 1710, 248 
516, 288, 249 
517, 546, 249 
518, 683, 249 
519, 1893, 249 
520, 1682, 250 
521, 1340, 252 
522, 1496, 252 
523, 1627, 252 
524, 1945, 252 
525, 1132, 254 
526, 1270, 254 
527, 1828, 254 
528, 1861, 254 
529, 487, 255 
530, 594, 255 
531, 957, 255 
532, 1510, 255 
533, 1088, 256 
534, 915, 257 
535, 1439, 257 
536, 1866, 257 
537, 291, 258 
538, 500, 258 
539, 1130, 258 
540, 1615, 258 
541, 411, 259 
542, 811, 259 
543, 877, 259 
544, 1379, 259 
545, 675, 260 
546, 1057, 260 
547, 1779, 260 
548, 1824, 260 
549, 794, 261 
550, 1174, 261 
551, 526, 262 
552, 1573, 262 
553, 1598, 263 
554, 1971, 263 
555, 637, 264 
556, 306, 265 
557, 325, 265 
558, 1777, 265 
559, 588, 266 
560, 614, 266 
561, 1744, 266 
562, 1924, 266 
563, 623, 267 
564, 797, 267 
565, 1479, 267 
566, 544, 269 
567, 1989, 269 
568, 553, 270 
569, 1555, 270 
570, 1570, 270 
571, 1134, 272 
572, 1526, 272 
573, 1743, 272 
574, 537, 273 
575, 1099, 273 
576, 1572, 273 
577, 540, 274 
578, 1040, 274 
579, 1783, 275 
580, 391, 276 
581, 1248, 276 
582, 339, 277 
583, 430, 277 
584, 1741, 278 
585, 917, 279 
586, 1103, 279 
587, 1250, 279 
588, 1727, 279 
589, 729, 280 
590, 1601, 280 
591, 474, 281 
592, 1261, 281 
593, 1963, 281 
594, 1646, 282 
595, 1707, 282 
596, 1607, 283 
597, 289, 284 
598, 968, 284 
599, 1936, 285 
600, 369, 286 
601, 1179, 286 
602, 1417, 286 
603, 521, 287 
604, 726, 287 
605, 618, 288 
606, 838, 288 
607, 1080, 288 
608, 1092, 289 
609, 1824, 289 
610, 708, 291 
611, 1212, 291 
612, 1622, 291 
613, 389, 292 
614, 1541, 292 
615, 578, 293 
616, 580, 293 
617, 1942, 293 
618, 623, 294 
619, 1516, 294 
620, 560, 295 
621, 873, 295 
622, 1577, 295 
623, 1759, 295 
624, 962, 296 
625, 1961, 296 
626, 736, 297 
627, 1069, 297 
628, 1370, 297 
629, 709, 298 
630, 383, 300 
631, 1640, 300 
632, 1177, 301 
633, 1736, 301 
634, 701, 303 
635, 1245, 303 
636, 1891, 303 
637, 630, 304 
638, 1820, 304 
639, 995, 306 
640, 1502, 306 
641, 1039, 307 
642, 685, 308 
643, 1521, 308 
644, 590, 310 
645, 1734, 310 
646, 1062, 312 
647, 999, 313 
648, 1150, 313 
649, 1554, 313 
650, 1166, 314 
651, 1253, 314 
652, 1556, 314 
653, 579, 315 
654, 591, 315 
655, 1680, 315 
656, 1966, 315 
657, 415, 316 
658, 864, 316 
659, 1215, 316 
660, 1296, 317 
661, 982, 318 
662, 1286, 318 
663, 1466, 318 
664, 1582, 318 
665, 1377, 319 
666, 1629, 321 
667, 680, 322 
668, 1042, 322 
669, 1518, 322 
670, 1999, 322 
671, 1273, 323 
672, 1669, 323 
673, 801, 324 
674, 1378, 324 
675, 1987, 324 
676, 1041, 325 
677, 768, 326 
678, 1271, 327 
679, 1220, 328 
680, 1187, 329 
681, 1661, 329 
682, 1039, 331 
683, 1332, 332 
684, 1917, 332 
685, 1226, 334 
686, 686, 335 
687, 992, 335 
688, 1334, 335 
689, 1737, 335 
690, 816, 336 
691, 1831, 337 
692, 578, 339 
693, 613, 339 
694, 1930, 339 
695, 1081, 340 
696, 1869, 340 
697, 1979, 340 
698, 1966, 341 
699, 1210, 342 
700, 360, 343 
701, 556, 343 
702, 691, 343 
703, 1800, 343 
704, 458, 344 
705, 1677, 344 
706, 1983, 345 
707, 1223, 346 
708, 1883, 346 
709, 1239, 347 
710, 1868, 348 
711, 1328, 349 
712, 1727, 349 
713, 1768, 349 
714, 619, 351 
715, 462, 353 
716, 498, 353 
717, 1729, 354 
718, 418, 355 
719, 1035, 355 
720, 1168, 356 
721, 521, 358 
722, 604, 358 
723, 563, 359 
724, 590, 359 
725, 1276, 359 
726, 1112, 360 
727, 1202, 360 
728, 1921, 360 
729, 1180, 361 
730, 1684, 361 
731, 610, 362 
732, 1341, 362 
733, 1964, 362 
734, 426, 363 
735, 482, 363 
736, 831, 363 
737, 992, 364 
738, 1703, 364 
739, 1590, 365 
740, 624, 366 
741, 1824, 366 
742, 466, 367 
743, 1163, 367 
744, 1325, 367 
745, 1726, 367 
746, 1457, 368 
747, 1470, 368 
748, 1632, 369 
749, 1678, 369 
750, 1085, 370 
751, 1200, 370 
752, 673, 371 
753, 1563, 372 
754, 1902, 372 
755, 596, 373 
756, 404, 374 
757, 718, 374 
758, 1354, 375 
759, 1727, 375 
760, 910, 376 
761, 1330, 376 
762, 1863, 376 
763, 1140, 378 
764, 1637, 378 
765, 1965, 378 
766, 732, 379 
767, 1992, 379 
768, 1053, 380 
769, 1974, 380 
770, 1465, 381 
771, 1670, 381 
772, 490, 382 
773, 1883, 382 
774, 487, 383 
775, 920, 383 
776, 1854, 384 
777, 1185, 387 
778, 403, 388 
779, 1034, 388 
780, 1147, 389 
781, 1696, 389 
782, 1169, 390 
783, 1710, 390 
784, 933, 391 
785, 867, 392 
786, 1967, 392 
787, 438, 393 
788, 663, 393 
789, 1158, 393 
790, 1128, 394 
791, 1498, 395 
792, 1969, 395 
793, 1107, 398 
794, 1199, 398 
795, 1213, 398 
796, 1169, 399 
797, 1624, 399 
798, 403, 400 
799, 415, 400 
800, 1071, 400 
801, 847, 402 
802, 1431, 402 
803, 1583, 402 
804, 1693, 402 
805, 1169, 403 
806, 1927, 403 
807, 853, 405 
808, 899, 405 
809, 954, 405 
810, 1859, 406 
811, 1459, 407 
812, 661, 408 
813, 1979, 408 
814, 480, 409 
815, 998, 409 
816, 786, 410 
817, 807, 410 
818, 764, 412 
819, 1361, 412 
820, 593, 413 
821, 1398, 413 
822, 774, 414 
823, 1004, 414 
824, 460, 416 
825, 1689, 416 
826, 525, 417 
827, 1800, 417 
828, 878, 418 
829, 1084, 418 
830, 1126, 419 
831, 1169, 420 
832, 1855, 420 
833, 490, 421 
834, 935, 423 
835, 1635, 423 
836, 1369, 424 
837, 637, 425 
838, 1172, 425 
839, 1308, 425 
840, 556, 426 
841, 1973, 426 
842, 829, 427 
843, 1256, 429 
844, 1108, 430 
845, 1699, 431 
846, 863, 432 
847, 673, 433 
848, 538, 434 
849, 1212, 434 
850, 1409, 434 
851, 841, 435 
852, 1212, 435 
853, 943, 437 
854, 838, 438 
855, 1446, 438 
856, 779, 439 
857, 1959, 439 
858, 898, 440 
859, 1838, 440 
860, 730, 441 
861, 1194, 441 
862, 1642, 441 
863, 1647, 441 
864, 1886, 442 
865, 720, 443 
866, 1799, 443 
867, 598, 445 
868, 876, 445 
869, 1158, 445 
870, 1145, 447 
871, 1725, 447 
872, 739, 448 
873, 1121, 448 
874, 662, 450 
875, 497, 451 
876, 591, 452 
877, 760, 452 
878, 1335, 453 
879, 1109, 454 
880, 1534, 456 
881, 1799, 456 
882, 911, 458 
883, 1018, 458 
884, 1718, 458 
885, 608, 459 
886, 1644, 459 
887, 478, 460 
888, 1874, 460 
889, 1670, 463 
890, 600, 465 
891, 1415, 465 
892, 1875, 465 
893, 1400, 466 
894, 1588, 466 
895, 611, 467 
896, 1390, 467 
897, 1029, 468 
898, 1430, 468 
899, 1838, 468 
900, 583, 469 
901, 645, 470 
902, 1090, 470 
903, 1561, 470 
904, 1615, 470 
905, 1633, 471 
906, 819, 472 
907, 1679, 472 
908, 1944, 472 
909, 1550, 474 
910, 1074, 475 
911, 1167, 475 
912, 1467, 477 
913, 1648, 477 
914, 1649, 477 
915, 1059, 478 
916, 1459, 478 
917, 835, 479 
918, 1565, 479 
919, 1771, 479 
920, 1179, 480 
921, 722, 481 
922, 506, 482 
923, 542, 482 
924, 1763, 482 
925, 1674, 483 
926, 1883, 484 
927, 757, 485 
928, 1563, 485 
929, 1925, 485 
930, 602, 486 
931, 842, 488 
932, 1324, 488 
933, 1516, 488 
934, 543, 489 
935, 1836, 489 
936, 1877, 489 
937, 1957, 489 
938, 1599, 490 
939, 1204, 491 
940, 1076, 492 
941, 1724, 492 
942, 1904, 492 
943, 816, 493 
944, 1028, 493 
945, 1487, 493 
946, 1053, 494 
947, 1457, 495 
948, 1271, 496 
949, 1851, 496 
950, 805, 498 
951, 1537, 499 
952, 1885, 499 
953, 1256, 500 
954, 1353, 500 
955, 1845, 500 
956, 1367, 501 
957, 1556, 501 
958, 1616, 501 
959, 1836, 502 
960, 1839, 502 
961, 1849, 503 
962, 1940, 503 
963, 1014, 505 
964, 1043, 505 
965, 1661, 505 
966, 714, 506 
967, 690, 508 
968, 1279, 509 
969, 878, 510 
970, 1295, 510 
971, 1543, 510 
972, 1818, 510 
973, 1293, 511 
974, 1826, 511 
975, 1619, 513 
976, 1677, 513 
977, 1991, 513 
978, 544, 514 
979, 600, 514 
980, 638, 515 
981, 1500, 515 
982, 1826, 515 
983, 1362, 517 
984, 1318, 518 
985, 1399, 518 
986, 1545, 518 
987, 1418, 520 
988, 1815, 520 
989, 559, 523 
990, 927, 523 
991, 1484, 524 
992, 1620, 524 
993, 1202, 526 
994, 1995, 526 
995, 679, 528 
996, 1076, 528 
997, 922, 529 
998, 1521, 530 
999, 1707, 530 
1000, 597, 531 
1001, 612, 531 
1002, 1458, 532 
1003, 831, 533 
1004, 1204, 533 
1005, 1647, 533 
1006, 948, 534 
1007, 1228, 535 
1008, 1938, 535 
1009, 1047, 536 
1010, 1372, 536 
1011, 1273, 537 
1012, 1605, 537 
1013, 731, 538 
1014, 1506, 538 
1015, 1574, 538 
1016, 1491, 539 
1017, 836, 541 
1018, 812, 542 
1019, 1272, 542 
1020, 683, 543 
1021, 686, 545 
1022, 1619, 545 
1023, 1767, 546 
1024, 558, 547 
1025, 1560, 548 
1026, 1092, 549 
1027, 1269, 549 
1028, 1775, 549 
1029, 870, 550 
1030, 1073, 550 
1031, 1808, 550 
1032, 1554, 551 
1033, 1071, 552 
1034, 1278, 552 
1035, 1915, 552 
1036, 638, 553 
1037, 1127, 553 
1038, 1233, 554 
1039, 1818, 554 
1040, 803, 555 
1041, 1699, 555 
1042, 933, 556 
1043, 1109, 557 
1044, 1155, 557 
1045, 1857, 557 
1046, 1752, 558 
1047, 1620, 559 
1048, 1689, 559 
1049, 1935, 560 
1050, 948, 561 
1051, 985, 561 
1052, 809, 562 
1053, 1292, 562 
1054, 1076, 563 
1055, 1509, 563 
1056, 1078, 564 
1057, 1679, 564 
1058, 1685, 565 
1059, 755, 566 
1060, 1124, 566 
1061, 1297, 566 
1062, 638, 567 
1063, 816, 567 
1064, 1803, 567 
1065, 705, 568 
1066, 711, 568 
1067, 1735, 568 
1068, 1936, 569 
1069, 1107, 570 
1070, 717, 571 
1071, 999, 572 
1072, 1058, 572 
1073, 1968, 572 
1074, 706, 573 
1075, 1243, 573 
1076, 1835, 573 
1077, 986, 574 
1078, 1536, 574 
1079, 1299, 576 
1080, 1336, 576 
1081, 1345, 576 
1082, 1952, 576 
1083, 969, 578 
1084, 1224, 579 
1085, 1794, 579 
1086, 860, 580 
1087, 613, 581 
1088, 833, 581 
1089, 1123, 581 
1090, 719, 582 
1091, 1481, 582 
1092, 1615, 582 
1093, 969, 583 
1094, 1721, 583 
1095, 1078, 584 
1096, 1320, 584 
1097, 1858, 584 
1098, 934, 585 
1099, 957, 585 
1100, 1075, 585 
1101, 1795, 585 
1102, 1357, 586 
1103, 1101, 589 
1104, 1869, 589 
1105, 1280, 592 
1106, 1473, 592 
1107, 1754, 592 
1108, 1270, 593 
1109, 1643, 593 
1110, 1355, 594 
1111, 1546, 594 
1112, 1577, 594 
1113, 871, 595 
1114, 1147, 596 
1115, 1309, 596 
1116, 1476, 596 
1117, 622, 597 
1118, 1280, 597 
1119, 1581, 597 
1120, 1509, 598 
1121, 1904, 598 
1122, 1978, 600 
1123, 944, 601 
1124, 1362, 601 
1125, 1852, 601 
1126, 1897, 602 
1127, 1362, 603 
1128, 1782, 604 
1129, 1188, 605 
1130, 665, 606 
1131, 1867, 607 
1132, 718, 609 
1133, 725, 609 
1134, 1066, 609 
1135, 1378, 609 
1136, 1810, 610 
1137, 1028, 611 
1138, 1531, 611 
1139, 1778, 611 
1140, 1795, 612 
1141, 1201, 613 
1142, 624, 614 
1143, 1087, 615 
1144, 1117, 615 
1145, 1192, 615 
1146, 1131, 616 
1147, 1157, 616 
1148, 1019, 617 
1149, 1379, 617 
1150, 1258, 618 
1151, 1459, 618 
1152, 766, 619 
1153, 1876, 619 
1154, 621, 620 
1155, 737, 620 
1156, 1179, 620 
1157, 1276, 620 
1158, 724, 621 
1159, 1574, 621 
1160, 738, 623 
1161, 1945, 623 
1162, 1581, 624 
1163, 1531, 625 
1164, 1604, 625 
1165, 1766, 625 
1166, 1190, 626 
1167, 697, 627 
1168, 978, 627 
1169, 700, 628 
1170, 906, 628 
1171, 1080, 628 
1172, 1430, 629 
1173, 1057, 630 
1174, 1929, 630 
1175, 1559, 631 
1176, 1713, 631 
1177, 1731, 631 
1178, 921, 632 
1179, 934, 632 
1180, 964, 635 
1181, 1484, 635 
1182, 1765, 635 
1183, 1834, 635 
1184, 1879, 637 
1185, 1203, 640 
1186, 1638, 640 
1187, 1506, 641 
1188, 1252, 642 
1189, 821, 643 
1190, 1079, 643 
1191, 1190, 643 
1192, 1939, 645 
1193, 973, 646 
1194, 1155, 646 
1195, 1415, 647 
1196, 1778, 648 
1197, 1843, 649 
1198, 1952, 649 
1199, 1102, 650 
1200, 1623, 651 
1201, 1769, 652 
1202, 932, 653 
1203, 1333, 653 
1204, 1504, 654 
1205, 787, 655 
1206, 909, 656 
1207, 1448, 656 
1208, 1170, 657 
1209, 1387, 657 
1210, 1758, 657 
1211, 789, 659 
1212, 1108, 659 
1213, 1538, 660 
1214, 1694, 660 
1215, 734, 661 
1216, 1994, 661 
1217, 1984, 662 
1218, 732, 664 
1219, 1691, 665 
1220, 1701, 665 
1221, 1443, 668 
1222, 1525, 668 
1223, 916, 670 
1224, 1162, 672 
1225, 1693, 672 
1226, 1995, 673 
1227, 1765, 676 
1228, 680, 677 
1229, 1397, 677 
1230, 859, 678 
1231, 1662, 678 
1232, 1720, 678 
1233, 1232, 679 
1234, 1473, 679 
1235, 1867, 679 
1236, 1769, 680 
1237, 1007, 682 
1238, 1441, 682 
1239, 1398, 683 
1240, 1440, 683 
1241, 1385, 684 
1242, 1891, 684 
1243, 1588, 686 
1244, 709, 688 
1245, 982, 688 
1246, 1001, 688 
1247, 1178, 689 
1248, 1630, 689 
1249, 1890, 689 
1250, 1899, 689 
1251, 994, 691 
1252, 824, 692 
1253, 993, 692 
1254, 1834, 693 
1255, 845, 694 
1256, 1095, 694 
1257, 1329, 695 
1258, 1519, 695 
1259, 1803, 695 
1260, 1110, 696 
1261, 1256, 696 
1262, 844, 697 
1263, 1185, 697 
1264, 1406, 697 
1265, 1172, 698 
1266, 1349, 698 
1267, 851, 699 
1268, 1695, 699 
1269, 1729, 701 
1270, 1153, 702 
1271, 1928, 702 
1272, 1320, 703 
1273, 1470, 704 
1274, 1192, 705 
1275, 1329, 705 
1276, 1624, 705 
1277, 1172, 706 
1278, 1203, 706 
1279, 1801, 706 
1280, 766, 708 
1281, 1046, 708 
1282, 1161, 708 
1283, 805, 709 
1284, 1599, 709 
1285, 1106, 710 
1286, 735, 713 
1287, 1719, 713 
1288, 972, 715 
1289, 1237, 716 
1290, 1664, 716 
1291, 1316, 717 
1292, 1850, 718 
1293, 802, 719 
1294, 1436, 719 
1295, 1688, 720 
1296, 1695, 720 
1297, 1488, 725 
1298, 1574, 725 
1299, 1888, 725 
1300, 1675, 726 
1301, 796, 727 
1302, 1250, 727 
1303, 1844, 727 
1304, 836, 728 
1305, 973, 728 
1306, 1068, 728 
1307, 1442, 730 
1308, 1662, 730 
1309, 757, 731 
1310, 1249, 731 
1311, 1360, 732 
1312, 1946, 732 
1313, 1406, 733 
1314, 1141, 734 
1315, 971, 735 
1316, 1379, 735 
1317, 930, 738 
1318, 1740, 738 
1319, 1028, 740 
1320, 1420, 740 
1321, 1641, 740 
1322, 1002, 741 
1323, 1356, 741 
1324, 1582, 741 
1325, 1217, 742 
1326, 1370, 742 
1327, 1885, 743 
1328, 1543, 744 
1329, 1122, 746 
1330, 1317, 746 
1331, 1578, 746 
1332, 788, 747 
1333, 1326, 747 
1334, 1340, 747 
1335, 1671, 747 
1336, 1423, 749 
1337, 1868, 749 
1338, 822, 750 
1339, 1409, 750 
1340, 1688, 750 
1341, 1931, 752 
1342, 1579, 753 
1343, 1000, 754 
1344, 1260, 755 
1345, 1297, 755 
1346, 768, 756 
1347, 1734, 756 
1348, 1728, 757 
1349, 782, 758 
1350, 1228, 762 
1351, 1621, 763 
1352, 1956, 763 
1353, 1049, 764 
1354, 1723, 764 
1355, 1939, 764 
1356, 1606, 765 
1357, 1124, 767 
1358, 1216, 767 
1359, 1999, 769 
1360, 1139, 770 
1361, 1834, 770 
1362, 1447, 771 
1363, 1847, 771 
1364, 917, 772 
1365, 1536, 772 
1366, 1677, 772 
1367, 1458, 773 
1368, 1148, 775 
1369, 1595, 775 
1370, 1719, 775 
1371, 920, 778 
1372, 1171, 778 
1373, 1895, 778 
1374, 1017, 779 
1375, 918, 780 
1376, 1146, 780 
1377, 1241, 781 
1378, 1325, 782 
1379, 928, 783 
1380, 1381, 783 
1381, 1560, 783 
1382, 811, 784 
1383, 1413, 784 
1384, 1492, 784 
1385, 1266, 785 
1386, 1180, 787 
1387, 1218, 787 
1388, 822, 788 
1389, 1921, 790 
1390, 1911, 791 
1391, 1907, 792 
1392, 1020, 793 
1393, 1831, 794 
1394, 1193, 795 
1395, 1190, 796 
1396, 1454, 796 
1397, 1973, 796 
1398, 1825, 797 
1399, 1990, 797 
1400, 1522, 798 
1401, 1518, 799 
1402, 1803, 799 
1403, 1396, 800 
1404, 1061, 801 
1405, 1541, 802 
1406, 1593, 802 
1407, 1059, 803 
1408, 1865, 806 
1409, 1300, 807 
1410, 1780, 808 
1411, 1402, 809 
1412, 1939, 809 
1413, 1073, 810 
1414, 1561, 810 
1415, 1510, 811 
1416, 1574, 811 
1417, 849, 812 
1418, 1312, 812 
1419, 828, 814 
1420, 1134, 814 
1421, 1380, 816 
1422, 857, 818 
1423, 1070, 818 
1424, 877, 819 
1425, 1530, 819 
1426, 1601, 820 
1427, 1811, 820 
1428, 1483, 822 
1429, 1732, 823 
1430, 975, 825 
1431, 1487, 827 
1432, 1167, 830 
1433, 1798, 831 
1434, 1449, 832 
1435, 1481, 832 
1436, 1710, 833 
1437, 1052, 834 
1438, 1597, 835 
1439, 998, 836 
1440, 915, 838 
1441, 1156, 838 
1442, 1166, 839 
1443, 1672, 839 
1444, 1915, 839 
1445, 1079, 840 
1446, 1431, 840 
1447, 1893, 841 
1448, 1900, 841 
1449, 1365, 842 
1450, 1450, 842 
1451, 887, 843 
1452, 1147, 843 
1453, 1706, 843 
1454, 1644, 844 
1455, 1662, 844 
1456, 883, 845 
1457, 1435, 847 
1458, 1752, 847 
1459, 1946, 847 
1460, 1429, 848 
1461, 971, 849 
1462, 1905, 849 
1463, 1705, 850 
1464, 1043, 851 
1465, 1746, 853 
1466, 970, 855 
1467, 1419, 855 
1468, 990, 856 
1469, 1596, 856 
1470, 1714, 856 
1471, 1045, 857 
1472, 1826, 857 
1473, 1992, 858 
1474, 991, 860 
1475, 996, 861 
1476, 1013, 861 
1477, 1702, 862 
1478, 1140, 864 
1479, 1251, 864 
1480, 1275, 866 
1481, 1284, 868 
1482, 1498, 868 
1483, 1510, 868 
1484, 1900, 868 
1485, 945, 869 
1486, 1912, 869 
1487, 1318, 870 
1488, 1716, 870 
1489, 1975, 870 
1490, 994, 871 
1491, 1500, 871 
1492, 1098, 873 
1493, 1277, 874 
1494, 1774, 874 
1495, 1232, 875 
1496, 1236, 875 
1497, 1068, 876 
1498, 1185, 877 
1499, 1155, 878 
1500, 953, 879 
1501, 1320, 879 
1502, 1160, 880 
1503, 1916, 880 
1504, 947, 881 
1505, 1063, 881 
1506, 1144, 882 
1507, 1463, 882 
1508, 1152, 883 
1509, 1991, 883 
1510, 1085, 884 
1511, 1604, 886 
1512, 1750, 886 
1513, 1708, 888 
1514, 1153, 890 
1515, 1432, 890 
1516, 1572, 891 
1517, 1152, 892 
1518, 1603, 892 
1519, 1839, 893 
1520, 945, 894 
1521, 1399, 894 
1522, 1823, 894 
1523, 1566, 895 
1524, 1614, 896 
1525, 1160, 897 
1526, 1988, 897 
1527, 955, 899 
1528, 904, 900 
1529, 1870, 900 
1530, 1870, 903 
1531, 1976, 903 
1532, 1251, 906 
1533, 1490, 906 
1534, 1842, 906 
1535, 1420, 907 
1536, 957, 908 
1537, 1274, 908 
1538, 1367, 908 
1539, 1535, 908 
1540, 1512, 910 
1541, 1890, 910 
1542, 1118, 911 
1543, 1642, 911 
1544, 1228, 912 
1545, 1298, 913 
1546, 1469, 913 
1547, 1233, 914 
1548, 1276, 914 
1549, 1855, 914 
1550, 1496, 915 
1551, 1268, 916 
1552, 1865, 916 
1553, 1714, 917 
1554, 1511, 918 
1555, 1298, 919 
1556, 1385, 919 
1557, 1442, 919 
1558, 1938, 919 
1559, 1034, 920 
1560, 1645, 920 
1561, 953, 921 
1562, 1853, 923 
1563, 1373, 926 
1564, 1678, 926 
1565, 1488, 927 
1566, 1781, 927 
1567, 1942, 927 
1568, 1081, 929 
1569, 1902, 929 
1570, 1180, 930 
1571, 1390, 931 
1572, 1944, 931 
1573, 1485, 932 
1574, 1873, 932 
1575, 1515, 936 
1576, 1863, 936 
1577, 1895, 936 
1578, 1301, 938 
1579, 1479, 939 
1580, 1752, 939 
1581, 1032, 940 
1582, 1063, 941 
1583, 1695, 942 
1584, 1758, 942 
1585, 1933, 942 
1586, 1340, 943 
1587, 1528, 944 
1588, 1756, 944 
1589, 1946, 945 
1590, 1040, 946 
1591, 1404, 946 
1592, 997, 949 
1593, 1545, 949 
1594, 1761, 949 
1595, 1022, 950 
1596, 1702, 950 
1597, 1247, 952 
1598, 1400, 952 
1599, 1408, 953 
1600, 1279, 955 
1601, 1287, 955 
1602, 1402, 956 
1603, 1171, 957 
1604, 1465, 960 
1605, 1823, 961 
1606, 1162, 962 
1607, 1119, 965 
1608, 1526, 966 
1609, 1129, 967 
1610, 1743, 968 
1611, 1143, 969 
1612, 1661, 971 
1613, 1033, 972 
1614, 1696, 972 
1615, 1933, 973 
1616, 1683, 974 
1617, 1200, 975 
1618, 1448, 975 
1619, 1186, 976 
1620, 1601, 976 
1621, 1725, 977 
1622, 1198, 979 
1623, 1511, 979 
1624, 1230, 980 
1625, 1591, 981 
1626, 1256, 982 
1627, 1262, 983 
1628, 1646, 983 
1629, 1869, 985 
1630, 1548, 986 
1631, 1924, 986 
1632, 1079, 987 
1633, 1154, 987 
1634, 1243, 987 
1635, 1452, 987 
1636, 1382, 989 
1637, 1928, 990 
1638, 1874, 991 
1639, 1965, 991 
1640, 1580, 993 
1641, 1715, 993 
1642, 1698, 995 
1643, 1551, 996 
1644, 1141, 999 
1645, 1136, 1000 
1646, 1290, 1000 
1647, 1420, 1001 
1648, 1830, 1002 
1649, 1400, 1003 
1650, 1746, 1005 
1651, 1833, 1005 
1652, 1872, 1006 
1653, 1887, 1006 
1654, 1806, 1007 
1655, 1305, 1009 
1656, 1345, 1009 
1657, 1874, 1009 
1658, 1984, 1009 
1659, 1046, 1012 
1660, 1445, 1012 
1661, 1195, 1014 
1662, 1714, 1014 
1663, 1723, 1014 
1664, 1075, 1015 
1665, 1721, 1015 
1666, 1978, 1015 
1667, 1679, 1017 
1668, 1585, 1019 
1669, 1957, 1019 
1670, 1844, 1020 
1671, 1673, 1021 
1672, 1955, 1022 
1673, 1871, 1023 
1674, 1407, 1024 
1675, 1531, 1024 
1676, 1716, 1024 
1677, 1988, 1024 
1678, 1428, 1025 
1679, 1524, 1025 
1680, 1152, 1026 
1681, 1412, 1029 
1682, 1230, 1030 
1683, 1376, 1031 
1684, 1379, 1034 
1685, 1547, 1035 
1686, 1594, 1035 
1687, 1764, 1035 
1688, 1309, 1036 
1689, 1336, 1036 
1690, 1885, 1036 
1691, 1204, 1037 
1692, 1614, 1040 
1693, 1617, 1040 
1694, 1515, 1041 
1695, 1463, 1042 
1696, 1648, 1042 
1697, 1279, 1044 
1698, 1538, 1044 
1699, 1142, 1045 
1700, 1679, 1045 
1701, 1954, 1045 
1702, 1156, 1046 
1703, 1519, 1046 
1704, 1587, 1048 
1705, 1437, 1049 
1706, 1862, 1049 
1707, 1662, 1050 
1708, 1872, 1053 
1709, 1878, 1055 
1710, 1894, 1055 
1711, 1641, 1056 
1712, 1533, 1057 
1713, 1944, 1057 
1714, 1722, 1060 
1715, 1198, 1061 
1716, 1812, 1061 
1717, 1845, 1062 
1718, 1096, 1064 
1719, 1487, 1064 
1720, 1599, 1064 
1721, 1293, 1065 
1722, 1243, 1066 
1723, 1814, 1067 
1724, 1877, 1067 
1725, 1158, 1068 
1726, 1329, 1070 
1727, 1507, 1070 
1728, 1738, 1071 
1729, 1128, 1077 
1730, 1673, 1078 
1731, 1916, 1080 
1732, 1243, 1082 
1733, 1553, 1082 
1734, 1273, 1083 
1735, 1935, 1083 
1736, 1853, 1084 
1737, 1460, 1086 
1738, 1852, 1086 
1739, 1361, 1088 
1740, 1541, 1088 
1741, 1758, 1088 
1742, 1694, 1090 
1743, 1775, 1090 
1744, 1533, 1091 
1745, 1582, 1093 
1746, 1813, 1093 
1747, 1280, 1096 
1748, 1999, 1096 
1749, 1365, 1097 
1750, 1788, 1098 
1751, 1904, 1098 
1752, 1872, 1099 
1753, 1370, 1101 
1754, 1993, 1103 
1755, 1977, 1106 
1756, 1449, 1107 
1757, 1207, 1108 
1758, 1513, 1112 
1759, 1459, 1113 
1760, 1231, 1115 
1761, 1385, 1116 
1762, 1162, 1117 
1763, 1272, 1118 
1764, 1440, 1118 
1765, 1985, 1119 
1766, 1460, 1121 
1767, 1652, 1124 
1768, 1766, 1125 
1769, 1973, 1126 
1770, 1663, 1127 
1771, 1784, 1127 
1772, 1511, 1130 
1773, 1535, 1130 
1774, 1744, 1130 
1775, 1237, 1132 
1776, 1934, 1132 
1777, 1285, 1134 
1778, 1505, 1135 
1779, 1150, 1136 
1780, 1412, 1136 
1781, 1266, 1137 
1782, 1348, 1138 
1783, 1667, 1138 
1784, 1918, 1140 
1785, 1412, 1141 
1786, 1706, 1141 
1787, 1300, 1142 
1788, 1774, 1142 
1789, 1297, 1143 
1790, 1967, 1144 
1791, 1440, 1146 
1792, 1370, 1148 
1793, 1253, 1151 
1794, 1476, 1152 
1795, 1537, 1153 
1796, 1859, 1153 
1797, 1236, 1154 
1798, 1818, 1155 
1799, 1479, 1156 
1800, 1252, 1157 
1801, 1216, 1159 
1802, 1226, 1159 
1803, 1545, 1159 
1804, 1718, 1159 
1805, 1372, 1160 
1806, 1871, 1161 
1807, 1355, 1163 
1808, 1365, 1163 
1809, 1556, 1166 
1810, 1447, 1168 
1811, 1833, 1168 
1812, 1313, 1173 
1813, 1757, 1173 
1814, 1843, 1173 
1815, 1657, 1174 
1816, 1856, 1174 
1817, 1911, 1174 
1818, 1334, 1177 
1819, 1960, 1178 
1820, 1240, 1179 
1821, 1306, 1182 
1822, 1317, 1186 
1823, 1530, 1186 
1824, 1519, 1189 
1825, 1697, 1189 
1826, 1923, 1189 
1827, 1498, 1191 
1828, 1593, 1192 
1829, 1639, 1192 
1830, 1782, 1195 
1831, 1537, 1196 
1832, 1841, 1197 
1833, 1337, 1198 
1834, 1739, 1198 
1835, 1628, 1199 
1836, 1927, 1200 
1837, 1931, 1201 
1838, 1933, 1201 
1839, 1628, 1202 
1840, 1380, 1203 
1841, 1934, 1204 
1842, 1756, 1205 
1843, 1398, 1206 
1844, 1711, 1206 
1845, 1222, 1207 
1846, 1809, 1207 
1847, 1315, 1209 
1848, 1865, 1210 
1849, 1631, 1212 
1850, 1541, 1214 
1851, 1639, 1214 
1852, 1986, 1215 
1853, 1283, 1219 
1854, 1407, 1219 
1855, 1887, 1219 
1856, 1654, 1220 
1857, 1306, 1222 
1858, 1844, 1223 
1859, 1950, 1223 
1860, 1233, 1224 
1861, 1984, 1226 
1862, 1845, 1227 
1863, 1674, 1229 
1864, 1795, 1229 
1865, 1993, 1230 
1866, 1434, 1231 
1867, 1496, 1232 
1868, 1371, 1233 
1869, 1715, 1234 
1870, 1535, 1236 
1871, 1660, 1237 
1872, 1822, 1237 
1873, 1404, 1239 
1874, 1552, 1239 
1875, 1598, 1239 
1876, 1406, 1240 
1877, 1487, 1240 
1878, 1587, 1241 
1879, 1785, 1241 
1880, 1462, 1242 
1881, 1254, 1244 
1882, 1962, 1245 
1883, 1619, 1247 
1884, 1386, 1249 
1885, 1521, 1249 
1886, 1905, 1249 
1887, 1980, 1251 
1888, 1527, 1253 
1889, 1423, 1255 
1890, 1688, 1255 
1891, 1839, 1255 
1892, 1911, 1255 
1893, 1433, 1257 
1894, 1584, 1259 
1895, 1327, 1264 
1896, 1346, 1264 
1897, 1796, 1265 
1898, 1827, 1266 
1899, 1847, 1266 
1900, 1269, 1267 
1901, 1376, 1267 
1902, 1714, 1267 
1903, 1571, 1268 
1904, 1560, 1269 
1905, 1410, 1270 
1906, 1813, 1271 
1907, 1396, 1272 
1908, 1867, 1274 
1909, 1625, 1275 
1910, 1661, 1276 
1911, 1295, 1277 
1912, 1649, 1279 
1913, 1406, 1287 
1914, 1321, 1288 
1915, 1626, 1288 
1916, 1304, 1289 
1917, 1561, 1289 
1918, 1990, 1291 
1919, 1709, 1294 
1920, 1971, 1295 
1921, 1926, 1297 
1922, 1312, 1298 
1923, 1430, 1301 
1924, 1323, 1305 
1925, 1567, 1305 
1926, 1625, 1305 
1927, 1860, 1306 
1928, 1842, 1307 
1929, 1859, 1307 
1930, 1962, 1307 
1931, 1416, 1309 
1932, 1719, 1309 
1933, 1907, 1311 
1934, 1401, 1312 
1935, 1750, 1313 
1936, 1604, 1314 
1937, 1700, 1315 
1938, 1700, 1318 
1939, 1922, 1318 
1940, 1457, 1319 
1941, 1587, 1320 
1942, 1565, 1321 
1943, 1947, 1322 
1944, 1464, 1323 
1945, 1615, 1323 
1946, 1979, 1323 
1947, 1703, 1327 
1948, 1722, 1327 
1949, 1924, 1327 
1950, 1778, 1330 
1951, 1478, 1331 
1952, 1703, 1332 
1953, 1966, 1332 
1954, 1421, 1337 
1955, 1460, 1337 
1956, 1817, 1338 
1957, 1502, 1341 
1958, 1667, 1342 
1959, 1561, 1343 
1960, 1646, 1343 
1961, 1940, 1343 
1962, 1834, 1345 
1963, 1892, 1346 
1964, 1629, 1348 
1965, 1363, 1349 
1966, 1771, 1349 
1967, 1377, 1351 
1968, 1738, 1351 
1969, 1567, 1352 
1970, 1706, 1353 
1971, 1891, 1354 
1972, 1720, 1356 
1973, 1582, 1357 
1974, 1592, 1357 
1975, 1798, 1361 
1976, 1581, 1362 
1977, 1423, 1364 
1978, 1986, 1367 
1979, 1513, 1369 
1980, 1528, 1371 
1981, 1881, 1371 
1982, 2000, 1371 
1983, 1393, 1378 
1984, 1694, 1383 
1985, 1744, 1383 
1986, 1901, 1384 
1987, 1515, 1386 
1988, 1733, 1387 
1989, 1883, 1388 
1990, 1899, 1388 
1991, 1391, 1389 
1992, 1868, 1389 
1993, 1897, 1390 
1994, 1981, 1391 
1995, 1578, 1393 
1996, 1422, 1394 
1997, 1697, 1394 
1998, 1880, 1394 
1999, 1922, 1395 
2000, 1875, 1399 
2001, 1996, 1400 
2002, 1515, 1401 
2003, 1786, 1401 
2004, 1551, 1403 
2005, 1763, 1407 
2006, 1942, 1407 
2007, 1468, 1408 
2008, 1713, 1416 
2009, 2000, 1416 
2010, 1924, 1419 
2011, 1851, 1421 
2012, 1979, 1421 
2013, 1701, 1422 
2014, 1639, 1424 
2015, 1780, 1425 
2016, 1916, 1427 
2017, 1547, 1429 
2018, 1724, 1429 
2019, 1773, 1429 
2020, 1953, 1432 
2021, 1685, 1433 
2022, 1713, 1436 
2023, 1720, 1437 
2024, 1826, 1437 
2025, 1633, 1441 
2026, 1993, 1441 
2027, 1559, 1443 
2028, 1652, 1446 
2029, 1811, 1446 
2030, 1904, 1448 
2031, 1569, 1454 
2032, 1950, 1461 
2033, 1816, 1463 
2034, 1884, 1467 
2035, 1909, 1467 
2036, 1857, 1468 
2037, 1720, 1469 
2038, 1739, 1470 
2039, 1479, 1473 
2040, 1797, 1475 
2041, 1729, 1477 
2042, 1840, 1482 
2043, 1995, 1484 
2044, 1664, 1486 
2045, 1701, 1486 
2046, 1885, 1486 
2047, 1807, 1488 
2048, 1884, 1490 
2049, 1819, 1492 
2050, 1653, 1495 
2051, 1782, 1495 
2052, 1855, 1497 
2053, 1514, 1500 
2054, 1832, 1502 
2055, 1987, 1504 
2056, 1764, 1506 
2057, 1845, 1508 
2058, 1538, 1516 
2059, 1989, 1518 
2060, 1652, 1519 
2061, 1993, 1523 
2062, 1937, 1524 
2063, 1810, 1527 
2064, 1783, 1528 
2065, 1768, 1537 
2066, 1620, 1539 
2067, 1907, 1544 
2068, 1879, 1545 
2069, 1692, 1547 
2070, 1898, 1547 
2071, 1784, 1548 
2072, 1886, 1554 
2073, 1927, 1555 
2074, 1989, 1556 
2075, 1634, 1562 
2076, 1852, 1563 
2077, 1650, 1564 
2078, 1842, 1565 
2079, 1633, 1566 
2080, 1635, 1566 
2081, 1586, 1568 
2082, 1749, 1568 
2083, 1954, 1569 
2084, 1734, 1575 
2085, 1816, 1578 
2086, 1672, 1583 
2087, 1791, 1585 
2088, 1981, 1585 
2089, 1647, 1589 
2090, 1921, 1591 
2091, 1770, 1594 
2092, 1731, 1595 
2093, 1719, 1596 
2094, 1794, 1605 
2095, 1801, 1607 
2096, 1822, 1607 
2097, 1967, 1613 
2098, 1655, 1618 
2099, 1626, 1621 
2100, 1802, 1622 
2101, 1746, 1625 
2102, 1726, 1634 
2103, 1710, 1636 
2104, 1830, 1636 
2105, 1950, 1643 
2106, 1913, 1644 
2107, 1768, 1646 
2108, 1903, 1648 
2109, 1912, 1650 
2110, 1687, 1657 
2111, 1735, 1659 
2112, 1690, 1663 
2113, 1773, 1665 
2114, 1997, 1665 
2115, 1882, 1668 
2116, 1948, 1678 
2117, 1957, 1685 
2118, 1978, 1688 
2119, 1972, 1694 
2120, 1856, 1699 
2121, 1913, 1704 
2122, 1832, 1706 
2123, 1815, 1712 
2124, 1880, 1723 
2125, 1914, 1736 
2126, 1755, 1737 
2127, 1838, 1737 
2128, 1786, 1738 
2129, 1745, 1741 
2130, 1945, 1746 
2131, 1767, 1748 
2132, 1919, 1755 
2133, 1771, 1756 
2134, 1955, 1757 
2135, 1857, 1759 
2136, 1938, 1759 
2137, 1863, 1763 
2138, 1907, 1764 
2139, 1838, 1766 
2140, 1903, 1766 
2141, 1789, 1768 
2142, 1849, 1770 
2143, 1782, 1773 
2144, 1822, 1783 
2145, 1949, 1784 
2146, 1824, 1786 
2147, 1921, 1788 
2148, 1882, 1792 
2149, 1916, 1795 
2150, 1880, 1808 
2151, 1972, 1808 
2152, 1852, 1811 
2153, 1936, 1811 
2154, 1959, 1818 
2155, 1854, 1821 
2156, 1925, 1825 
2157, 1854, 1827 
2158, 1962, 1831 
2159, 1889, 1843 
2160, 1977, 1848 
2161, 1906, 1853 
2162, 1862, 1861 
2163, 1999, 1868 
2164, 1900, 1877 
2165, 1881, 1880 
2166, 1959, 1891 
2167, 1983, 1892 
2168, 1983, 1893 
2169, 1896, 1894 
2170, 1913, 1908 
2171, 1958, 1911 
2172, 1973, 1918 
2173, 1996, 1935 
2174, 1947, 1938 
2175, 1998, 1941 
2176, 1972, 1945 
2177, 1961, 1954 
2178, 1981, 1968 
2179, 2001, 39 
2180, 2002, 25 
2181, 2003, 42 
2182, 2004, 3 
2183, 2005, 95 
2184, 2006, 28 
2185, 2007, 109 
2186, 2008, 69 
2187, 2009, 111 
2188, 2010, 109 
2189, 2011, 117 
2190, 2012, 44 
2191, 2013, 121 
2192, 2014, 66 
2193, 2015, 128 
2194, 2016, 125 
2195, 2017, 131 
2196, 2018, 10 
2197, 2019, 133 
2198, 2020, 51 
2199, 2021, 137 
2200, 2022, 65 
2201, 2023, 143 
2202, 2024, 75 
2203, 2025, 164 
2204, 2026, 69 
2205, 2027, 166 
2206, 2028, 158 
2207, 2029, 167 
2208, 2030, 96 
2209, 2031, 170 
2210, 2032, 126 
2211, 2033, 177 
2212, 2034, 132 
2213, 2035, 177 
2214, 2036, 140 
2215, 2037, 193 
2216, 2038, 119 
2217, 2039, 194 
2218, 2040, 81 
2219, 2041, 211 
2220, 2042, 111 
2221, 2043, 215 
2222, 2044, 26 
2223, 2045, 220 
2224, 2046, 33 
2225, 2047, 224 
2226, 2048, 167 
2227, 2049, 227 
2228, 2050, 150 
2229, 2051, 228 
2230, 2052, 135 
2231, 2053, 231 
2232, 2054, 220 
2233, 2055, 232 
2234, 2056, 2 
2235, 2057, 232 
2236, 2058, 171 
2237, 2059, 235 
2238, 2060, 199 
2239, 2061, 242 
2240, 2062, 133 
2241, 2063, 244 
2242, 2064, 154 
2243, 2065, 248 
2244, 2066, 29 
2245, 2067, 268 
2246, 2068, 77 
2247, 2069, 283 
2248, 2070, 105 
2249, 2071, 285 
2250, 2072, 60 
2251, 2073, 292 
2252, 2074, 48 
2253, 2075, 297 
2254, 2076, 243 
2255, 2077, 298 
2256, 2078, 99 
2257, 2079, 298 
2258, 2080, 114 
2259, 2081, 299 
2260, 2082, 25 
2261, 2083, 299 
2262, 2084, 233 
2263, 2085, 305 
2264, 2086, 83 
2265, 2087, 309 
2266, 2088, 24 
2267, 2089, 311 
2268, 2090, 221 
2269, 2091, 311 
2270, 2092, 262 
2271, 2093, 316 
2272, 2094, 300 
2273, 2095, 320 
2274, 2096, 312 
2275, 2097, 321 
2276, 2098, 180 
2277, 2099, 321 
2278, 2100, 264 
2279, 2101, 326 
2280, 2102, 31 
2281, 2103, 327 
2282, 2104, 278 
2283, 2105, 330 
2284, 2106, 11 
2285, 2107, 330 
2286, 2108, 328 
2287, 2109, 331 
2288, 2110, 142 
2289, 2111, 333 
2290, 2112, 30 
2291, 2113, 341 
2292, 2114, 189 
2293, 2115, 342 
2294, 2116, 120 
2295, 2117, 347 
2296, 2118, 285 
2297, 2119, 348 
2298, 2120, 263 
2299, 2121, 350 
2300, 2122, 112 
2301, 2123, 350 
2302, 2124, 139 
2303, 2125, 351 
2304, 2126, 287 
2305, 2127, 352 
2306, 2128, 124 
2307, 2129, 357 
2308, 2130, 55 
2309, 2131, 357 
2310, 2132, 134 
2311, 2133, 365 
2312, 2134, 20 
2313, 2135, 370 
2314, 2136, 176 
2315, 2137, 374 
2316, 2138, 308 
2317, 2139, 375 
2318, 2140, 207 
2319, 2141, 377 
2320, 2142, 351 
2321, 2143, 380 
2322, 2144, 221 
2323, 2145, 386 
2324, 2146, 172 
2325, 2147, 386 
2326, 2148, 384 
2327, 2149, 392 
2328, 2150, 184 
2329, 2151, 394 
2330, 2152, 332 
2331, 2153, 395 
2332, 2154, 198 
2333, 2155, 396 
2334, 2156, 202 
2335, 2157, 396 
2336, 2158, 328 
2337, 2159, 400 
2338, 2160, 304 
2339, 2161, 401 
2340, 2162, 382 
2341, 2163, 405 
2342, 2164, 171 
2343, 2165, 409 
2344, 2166, 327 
2345, 2167, 418 
2346, 2168, 129 
2347, 2169, 419 
2348, 2170, 2 
2349, 2171, 423 
2350, 2172, 31 
2351, 2173, 424 
2352, 2174, 410 
2353, 2175, 427 
2354, 2176, 325 
2355, 2177, 431 
2356, 2178, 396 
2357, 2179, 437 
2358, 2180, 94 
2359, 2181, 439 
2360, 2182, 274 
2361, 2183, 442 
2362, 2184, 193 
2363, 2185, 442 
2364, 2186, 378 
2365, 2187, 445 
2366, 2188, 353 
2367, 2189, 446 
2368, 2190, 17 
2369, 2191, 446 
2370, 2192, 329 
2371, 2193, 447 
2372, 2194, 163 
2373, 2195, 450 
2374, 2196, 141 
2375, 2197, 453 
2376, 2198, 143 
2377, 2199, 453 
2378, 2200, 222 
2379, 2201, 454 
2380, 2202, 82 
2381, 2203, 454 
2382, 2204, 201 
2383, 2205, 455 
2384, 2206, 336 
2385, 2207, 455 
2386, 2208, 348 
2387, 2209, 457 
2388, 2210, 408 
2389, 2211, 461 
2390, 2212, 139 
2391, 2213, 463 
2392, 2214, 192 
2393, 2215, 473 
2394, 2216, 301 
2395, 2217, 475 
2396, 2218, 453 
2397, 2219, 476 
2398, 2220, 127 
2399, 2221, 478 
2400, 2222, 154 
2401, 2223, 480 
2402, 2224, 394 
2403, 2225, 483 
2404, 2226, 431 
2405, 2227, 484 
2406, 2228, 284 
2407, 2229, 495 
2408, 2230, 235 
2409, 2231, 495 
2410, 2232, 267 
2411, 2233, 498 
2412, 2234, 195 
2413, 2235, 504 
2414, 2236, 37 
2415, 2237, 511 
2416, 2238, 385 
2417, 2239, 516 
2418, 2240, 377 
2419, 2241, 522 
2420, 2242, 163 
2421, 2243, 522 
2422, 2244, 494 
2423, 2245, 525 
2424, 2246, 508 
2425, 2247, 527 
2426, 2248, 113 
2427, 2249, 528 
2428, 2250, 166 
2429, 2251, 528 
2430, 2252, 406 
2431, 2253, 529 
2432, 2254, 138 
2433, 2255, 531 
2434, 2256, 319 
2435, 2257, 532 
2436, 2258, 307 
2437, 2259, 534 
2438, 2260, 377 
2439, 2261, 535 
2440, 2262, 498 
2441, 2263, 537 
2442, 2264, 239 
2443, 2265, 541 
2444, 2266, 16 
2445, 2267, 542 
2446, 2268, 68 
2447, 2269, 543 
2448, 2270, 509 
2449, 2271, 544 
2450, 2272, 368 
2451, 2273, 546 
2452, 2274, 432 
2453, 2275, 547 
2454, 2276, 411 
2455, 2277, 555 
2456, 2278, 141 
2457, 2279, 559 
2458, 2280, 461 
2459, 2281, 561 
2460, 2282, 497 
2461, 2283, 562 
2462, 2284, 187 
2463, 2285, 564 
2464, 2286, 551 
2465, 2287, 565 
2466, 2288, 290 
2467, 2289, 569 
2468, 2290, 100 
2469, 2291, 571 
2470, 2292, 262 
2471, 2293, 571 
2472, 2294, 364 
2473, 2295, 574 
2474, 2296, 415 
2475, 2297, 575 
2476, 2298, 139 
2477, 2299, 575 
2478, 2300, 358 
2479, 2301, 577 
2480, 2302, 165 
2481, 2303, 580 
2482, 2304, 235 
2483, 2305, 586 
2484, 2306, 113 
2485, 2307, 587 
2486, 2308, 436 
2487, 2309, 589 
2488, 2310, 362 
2489, 2311, 595 
2490, 2312, 46 
2491, 2313, 599 
2492, 2314, 29 
2493, 2315, 599 
2494, 2316, 387 
2495, 2317, 601 
2496, 2318, 153 
2497, 2319, 602 
2498, 2320, 75 
2499, 2321, 603 
2500, 2322, 271 
2501, 2323, 604 
2502, 2324, 143 
2503, 2325, 604 
2504, 2326, 184 
2505, 2327, 612 
2506, 2328, 463 
2507, 2329, 627 
2508, 2330, 320 
2509, 2331, 636 
2510, 2332, 450 
2511, 2333, 639 
2512, 2334, 154 
2513, 2335, 639 
2514, 2336, 419 
2515, 2337, 640 
2516, 2338, 351 
2517, 2339, 640 
2518, 2340, 370 
2519, 2341, 641 
2520, 2342, 496 
2521, 2343, 641 
2522, 2344, 622 
2523, 2345, 642 
2524, 2346, 162 
2525, 2347, 647 
2526, 2348, 251 
2527, 2349, 651 
2528, 2350, 558 
2529, 2351, 653 
2530, 2352, 517 
2531, 2353, 655 
2532, 2354, 290 
2533, 2355, 656 
2534, 2356, 179 
2535, 2357, 658 
2536, 2358, 103 
2537, 2359, 659 
2538, 2360, 274 
2539, 2361, 662 
2540, 2362, 273 
2541, 2363, 663 
2542, 2364, 110 
2543, 2365, 666 
2544, 2366, 143 
2545, 2367, 666 
2546, 2368, 394 
2547, 2369, 667 
2548, 2370, 230 
2549, 2371, 668 
2550, 2372, 60 
2551, 2373, 669 
2552, 2374, 167 
2553, 2375, 669 
2554, 2376, 242 
2555, 2377, 669 
2556, 2378, 564 
2557, 2379, 670 
2558, 2380, 636 
2559, 2381, 674 
2560, 2382, 336 
2561, 2383, 676 
2562, 2384, 60 
2563, 2385, 676 
2564, 2386, 333 
2565, 2387, 677 
2566, 2388, 365 
2567, 2389, 681 
2568, 2390, 560 
2569, 2391, 682 
2570, 2392, 457 
2571, 2393, 685 
2572, 2394, 421 
2573, 2395, 688 
2574, 2396, 388 
2575, 2397, 690 
2576, 2398, 685 
2577, 2399, 691 
2578, 2400, 536 
2579, 2401, 693 
2580, 2402, 332 
2581, 2403, 693 
2582, 2404, 446 
2583, 2405, 695 
2584, 2406, 287 
2585, 2407, 698 
2586, 2408, 646 
2587, 2409, 699 
2588, 2410, 412 
2589, 2411, 700 
2590, 2412, 146 
2591, 2413, 700 
2592, 2414, 425 
2593, 2415, 703 
2594, 2416, 159 
2595, 2417, 704 
2596, 2418, 675 
2597, 2419, 707 
2598, 2420, 619 
2599, 2421, 711 
2600, 2422, 550 
2601, 2423, 712 
2602, 2424, 421 
2603, 2425, 712 
2604, 2426, 444 
2605, 2427, 713 
2606, 2428, 207 
2607, 2429, 715 
2608, 2430, 93 
2609, 2431, 715 
2610, 2432, 181 
2611, 2433, 717 
2612, 2434, 49 
2613, 2435, 717 
2614, 2436, 457 
2615, 2437, 721 
2616, 2438, 63 
2617, 2439, 721 
2618, 2440, 710 
2619, 2441, 722 
2620, 2442, 605 
2621, 2443, 723 
2622, 2444, 191 
2623, 2445, 723 
2624, 2446, 413 
2625, 2447, 724 
2626, 2448, 650 
2627, 2449, 726 
2628, 2450, 263 
2629, 2451, 728 
2630, 2452, 407 
2631, 2453, 733 
2632, 2454, 19 
2633, 2455, 734 
2634, 2456, 338 
2635, 2457, 734 
2636, 2458, 415 
2637, 2459, 737 
2638, 2460, 1 
2639, 2461, 742 
2640, 2462, 191 
2641, 2463, 743 
2642, 2464, 636 
2643, 2465, 744 
2644, 2466, 59 
2645, 2467, 744 
2646, 2468, 159 
2647, 2469, 746 
2648, 2470, 70 
2649, 2471, 749 
2650, 2472, 247 
2651, 2473, 751 
2652, 2474, 710 
2653, 2475, 751 
2654, 2476, 748 
2655, 2477, 752 
2656, 2478, 396 
2657, 2479, 752 
2658, 2480, 745 
2659, 2481, 758 
2660, 2482, 334 
2661, 2483, 758 
2662, 2484, 701 
2663, 2485, 759 
2664, 2486, 194 
2665, 2487, 760 
2666, 2488, 309 
2667, 2489, 760 
2668, 2490, 656 
2669, 2491, 761 
2670, 2492, 448 
2671, 2493, 761 
2672, 2494, 529 
2673, 2495, 765 
2674, 2496, 743 
2675, 2497, 766 
2676, 2498, 200 
2677, 2499, 766 
2678, 2500, 612 
2679, 2501, 767 
2680, 2502, 175 
2681, 2503, 769 
2682, 2504, 372 
2683, 2505, 770 
2684, 2506, 675 
2685, 2507, 771 
2686, 2508, 462 
2687, 2509, 771 
2688, 2510, 574 
2689, 2511, 773 
2690, 2512, 268 
2691, 2513, 773 
2692, 2514, 536 
2693, 2515, 776 
2694, 2516, 214 
2695, 2517, 776 
2696, 2518, 344 
2697, 2519, 777 
2698, 2520, 35 
2699, 2521, 777 
2700, 2522, 404 
2701, 2523, 777 
2702, 2524, 650 
2703, 2525, 780 
2704, 2526, 81 
2705, 2527, 788 
2706, 2528, 162 
2707, 2529, 789 
2708, 2530, 230 
2709, 2531, 790 
2710, 2532, 566 
2711, 2533, 791 
2712, 2534, 276 
2713, 2535, 793 
2714, 2536, 244 
2715, 2537, 793 
2716, 2538, 737 
2717, 2539, 794 
2718, 2540, 624 
2719, 2541, 795 
2720, 2542, 520 
2721, 2543, 798 
2722, 2544, 97 
2723, 2545, 800 
2724, 2546, 66 
2725, 2547, 801 
2726, 2548, 357 
2727, 2549, 801 
2728, 2550, 376 
2729, 2551, 804 
2730, 2552, 614 
2731, 2553, 805 
2732, 2554, 791 
2733, 2555, 806 
2734, 2556, 210 
2735, 2557, 807 
2736, 2558, 145 
2737, 2559, 808 
2738, 2560, 140 
2739, 2561, 808 
2740, 2562, 703 
2741, 2563, 809 
2742, 2564, 539 
2743, 2565, 813 
2744, 2566, 52 
2745, 2567, 813 
2746, 2568, 545 
2747, 2569, 814 
2748, 2570, 359 
2749, 2571, 815 
2750, 2572, 355 
2751, 2573, 815 
2752, 2574, 374 
2753, 2575, 817 
2754, 2576, 238 
2755, 2577, 819 
2756, 2578, 234 
2757, 2579, 820 
2758, 2580, 407 
2759, 2581, 820 
2760, 2582, 687 
2761, 2583, 821 
2762, 2584, 13 
2763, 2585, 822 
2764, 2586, 354 
2765, 2587, 823 
2766, 2588, 247 
2767, 2589, 823 
2768, 2590, 642 
2769, 2591, 824 
2770, 2592, 769 
2771, 2593, 824 
2772, 2594, 803 
2773, 2595, 825 
2774, 2596, 196 
2775, 2597, 826 
2776, 2598, 100 
2777, 2599, 829 
2778, 2600, 644 
2779, 2601, 830 
2780, 2602, 361 
2781, 2603, 831 
2782, 2604, 701 
2783, 2605, 832 
2784, 2606, 754 
2785, 2607, 832 
2786, 2608, 777 
2787, 2609, 834 
2788, 2610, 68 
2789, 2611, 834 
2790, 2612, 605 
2791, 2613, 835 
2792, 2614, 121 
2793, 2615, 836 
2794, 2616, 190 
2795, 2617, 840 
2796, 2618, 483 
2797, 2619, 841 
2798, 2620, 388 
2799, 2621, 842 
2800, 2622, 414 
2801, 2623, 846 
2802, 2624, 464 
2803, 2625, 846 
2804, 2626, 507 
2805, 2627, 846 
2806, 2628, 645 
2807, 2629, 848 
2808, 2630, 401 
2809, 2631, 848 
2810, 2632, 774 
2811, 2633, 850 
2812, 2634, 95 
2813, 2635, 853 
2814, 2636, 52 
2815, 2637, 854 
2816, 2638, 334 
2817, 2639, 854 
2818, 2640, 743 
2819, 2641, 854 
2820, 2642, 804 
2821, 2643, 858 
2822, 2644, 372 
2823, 2645, 859 
2824, 2646, 69 
2825, 2647, 860 
2826, 2648, 671 
2827, 2649, 861 
2828, 2650, 114 
2829, 2651, 861 
2830, 2652, 658 
2831, 2653, 863 
2832, 2654, 280 
2833, 2655, 863 
2834, 2656, 284 
2835, 2657, 863 
2836, 2658, 786 
2837, 2659, 864 
2838, 2660, 582 
2839, 2661, 865 
2840, 2662, 817 
2841, 2663, 866 
2842, 2664, 622 
2843, 2665, 866 
2844, 2666, 798 
2845, 2667, 867 
2846, 2668, 76 
2847, 2669, 867 
2848, 2670, 93 
2849, 2671, 869 
2850, 2672, 461 
2851, 2673, 872 
2852, 2674, 74 
2853, 2675, 872 
2854, 2676, 586 
2855, 2677, 874 
2856, 2678, 121 
2857, 2679, 874 
2858, 2680, 817 
2859, 2681, 875 
2860, 2682, 417 
2861, 2683, 875 
2862, 2684, 748 
2863, 2685, 876 
2864, 2686, 430 
2865, 2687, 878 
2866, 2688, 23 
2867, 2689, 880 
2868, 2690, 519 
2869, 2691, 885 
2870, 2692, 422 
2871, 2693, 885 
2872, 2694, 543 
2873, 2695, 886 
2874, 2696, 450 
2875, 2697, 889 
2876, 2698, 47 
2877, 2699, 889 
2878, 2700, 60 
2879, 2701, 890 
2880, 2702, 519 
2881, 2703, 890 
2882, 2704, 865 
2883, 2705, 891 
2884, 2706, 26 
2885, 2707, 892 
2886, 2708, 856 
2887, 2709, 893 
2888, 2710, 135 
2889, 2711, 895 
2890, 2712, 364 
2891, 2713, 896 
2892, 2714, 99 
2893, 2715, 896 
2894, 2716, 610 
2895, 2717, 896 
2896, 2718, 639 
2897, 2719, 898 
2898, 2720, 674 
2899, 2721, 898 
2900, 2722, 785 
2901, 2723, 899 
2902, 2724, 114 
2903, 2725, 900 
2904, 2726, 379 
2905, 2727, 900 
2906, 2728, 433 
2907, 2729, 901 
2908, 2730, 35 
2909, 2731, 901 
2910, 2732, 855 
2911, 2733, 902 
2912, 2734, 873 
2913, 2735, 903 
2914, 2736, 119 
2915, 2737, 903 
2916, 2738, 218 
2917, 2739, 904 
2918, 2740, 562 
2919, 2741, 905 
2920, 2742, 407 
2921, 2743, 905 
2922, 2744, 571 
2923, 2745, 905 
2924, 2746, 888 
2925, 2747, 907 
2926, 2748, 250 
2927, 2749, 907 
2928, 2750, 488 
2929, 2751, 909 
2930, 2752, 21 
2931, 2753, 909 
2932, 2754, 244 
2933, 2755, 910 
2934, 2756, 299 
2935, 2757, 912 
2936, 2758, 588 
2937, 2759, 918 
2938, 2760, 429 
2939, 2761, 921 
2940, 2762, 175 
2941, 2763, 921 
2942, 2764, 853 
2943, 2765, 922 
2944, 2766, 124 
2945, 2767, 922 
2946, 2768, 411 
2947, 2769, 923 
2948, 2770, 837 
2949, 2771, 924 
2950, 2772, 429 
2951, 2773, 924 
2952, 2774, 866 
2953, 2775, 925 
2954, 2776, 826 
2955, 2777, 925 
2956, 2778, 837 
2957, 2779, 926 
2958, 2780, 177 
2959, 2781, 926 
2960, 2782, 797 
2961, 2783, 928 
2962, 2784, 606 
2963, 2785, 928 
2964, 2786, 712 
2965, 2787, 929 
2966, 2788, 14 
2967, 2789, 929 
2968, 2790, 664 
2969, 2791, 930 
2970, 2792, 330 
2971, 2793, 930 
2972, 2794, 608 
2973, 2795, 934 
2974, 2796, 119 
2975, 2797, 935 
2976, 2798, 159 
2977, 2799, 937 
2978, 2800, 170 
2979, 2801, 937 
2980, 2802, 476 
2981, 2803, 937 
2982, 2804, 509 
2983, 2805, 937 
2984, 2806, 721 
2985, 2807, 938 
2986, 2808, 106 
2987, 2809, 938 
2988, 2810, 223 
2989, 2811, 938 
2990, 2812, 765 
2991, 2813, 940 
2992, 2814, 433 
2993, 2815, 941 
2994, 2816, 729 
2995, 2817, 941 
2996, 2818, 884 
2997, 2819, 943 
2998, 2820, 762 
2999, 2821, 944 
3000, 2822, 590 
3001, 2823, 947 
3002, 2824, 16 
3003, 2825, 947 
3004, 2826, 300 
3005, 2827, 948 
3006, 2828, 507 
3007, 2829, 950 
3008, 2830, 759 
3009, 2831, 951 
3010, 2832, 45 
3011, 2833, 952 
3012, 2834, 7 
3013, 2835, 953 
3014, 2836, 420 
3015, 2837, 954 
3016, 2838, 452 
3017, 2839, 954 
3018, 2840, 826 
3019, 2841, 954 
3020, 2842, 859 
3021, 2843, 958 
3022, 2844, 572 
3023, 2845, 958 
3024, 2846, 622 
3025, 2847, 958 
3026, 2848, 658 
3027, 2849, 959 
3028, 2850, 436 
3029, 2851, 961 
3030, 2852, 653 
3031, 2853, 961 
3032, 2854, 846 
3033, 2855, 962 
3034, 2856, 740 
3035, 2857, 964 
3036, 2858, 212 
3037, 2859, 965 
3038, 2860, 132 
3039, 2861, 965 
3040, 2862, 486 
3041, 2863, 967 
3042, 2864, 59 
3043, 2865, 970 
3044, 2866, 342 
3045, 2867, 974 
3046, 2868, 142 
3047, 2869, 974 
3048, 2870, 497 
3049, 2871, 975 
3050, 2872, 427 
3051, 2873, 976 
3052, 2874, 897 
3053, 2875, 977 
3054, 2876, 92 
3055, 2877, 978 
3056, 2878, 439 
3057, 2879, 978 
3058, 2880, 490 
3059, 2881, 978 
3060, 2882, 662 
3061, 2883, 979 
3062, 2884, 91 
3063, 2885, 980 
3064, 2886, 311 
3065, 2887, 981 
3066, 2888, 329 
3067, 2889, 981 
3068, 2890, 830 
3069, 2891, 981 
3070, 2892, 952 
3071, 2893, 982 
3072, 2894, 215 
3073, 2895, 983 
3074, 2896, 365 
3075, 2897, 984 
3076, 2898, 305 
3077, 2899, 984 
3078, 2900, 464 
3079, 2901, 984 
3080, 2902, 491 
3081, 2903, 985 
3082, 2904, 6 
3083, 2905, 988 
3084, 2906, 429 
3085, 2907, 988 
3086, 2908, 872 
3087, 2909, 989 
3088, 2910, 406 
3089, 2911, 989 
3090, 2912, 641 
3091, 2913, 990 
3092, 2914, 722 
3093, 2915, 992 
3094, 2916, 633 
3095, 2917, 992 
3096, 2918, 634 
3097, 2919, 995 
3098, 2920, 504 
3099, 2921, 995 
3100, 2922, 644 
3101, 2923, 997 
3102, 2924, 324 
3103, 2925, 997 
3104, 2926, 654 
3105, 2927, 997 
3106, 2928, 955 
3107, 2929, 998 
3108, 2930, 996 
3109, 2931, 999 
3110, 2932, 73 
3111, 2933, 1000 
3112, 2934, 146 
3113, 2935, 1002 
3114, 2936, 750 
3115, 2937, 1003 
3116, 2938, 397 
3117, 2939, 1004 
3118, 2940, 799 
3119, 2941, 1004 
3120, 2942, 800 
3121, 2943, 1005 
3122, 2944, 818 
3123, 2945, 1006 
3124, 2946, 146 
3125, 2947, 1006 
3126, 2948, 455 
3127, 2949, 1007 
3128, 2950, 373 
3129, 2951, 1008 
3130, 2952, 674 
3131, 2953, 1008 
3132, 2954, 716 
3133, 2955, 1010 
3134, 2956, 17 
3135, 2957, 1010 
3136, 2958, 414 
3137, 2959, 1011 
3138, 2960, 253 
3139, 2961, 1011 
3140, 2962, 968 
3141, 2963, 1015 
3142, 2964, 628 
3143, 2965, 1016 
3144, 2966, 494 
3145, 2967, 1020 
3146, 2968, 535 
3147, 2969, 1021 
3148, 2970, 627 
3149, 2971, 1022 
3150, 2972, 157 
3151, 2973, 1023 
3152, 2974, 763 
3153, 2975, 1026 
3154, 2976, 598 
3155, 2977, 1027 
3156, 2978, 223 
3157, 2979, 1027 
3158, 2980, 307 
3159, 2981, 1027 
3160, 2982, 356 
3161, 2983, 1029 
3162, 2984, 779 
3163, 2985, 1030 
3164, 2986, 663 
3165, 2987, 1031 
3166, 2988, 230 
3167, 2989, 1032 
3168, 2990, 726 
3169, 2991, 1033 
3170, 2992, 401 
3171, 2993, 1033 
3172, 2994, 789 
3173, 2995, 1034 
3174, 2996, 716 
3175, 2997, 1036 
3176, 2998, 644 
3177, 2999, 1037 
3178, 3000, 391 
3179, 3001, 1037 
3180, 3002, 664 
3181, 3003, 1037 
3182, 3004, 881 
3183, 3005, 1038 
3184, 3006, 95 
3185, 3007, 1038 
3186, 3008, 250 
3187, 3009, 1038 
3188, 3010, 761 
3189, 3011, 1039 
3190, 3012, 614 
3191, 3013, 1044 
3192, 3014, 130 
3193, 3015, 1044 
3194, 3016, 523 
3195, 3017, 1047 
3196, 3018, 882 
3197, 3019, 1050 
3198, 3020, 118 
3199, 3021, 1051 
3200, 3022, 210 
3201, 3023, 1052 
3202, 3024, 454 
3203, 3025, 1052 
3204, 3026, 925 
3205, 3027, 1053 
3206, 3028, 625 
3207, 3029, 1054 
3208, 3030, 532 
3209, 3031, 1054 
3210, 3032, 951 
3211, 3033, 1055 
3212, 3034, 925 
3213, 3035, 1056 
3214, 3036, 95 
3215, 3037, 1056 
3216, 3038, 303 
3217, 3039, 1058 
3218, 3040, 85 
3219, 3041, 1058 
3220, 3042, 1018 
3221, 3043, 1059 
3222, 3044, 530 
3223, 3045, 1060 
3224, 3046, 552 
3225, 3047, 1062 
3226, 3048, 610 
3227, 3049, 1062 
3228, 3050, 824 
3229, 3051, 1063 
3230, 3052, 397 
3231, 3053, 1065 
3232, 3054, 278 
3233, 3055, 1065 
3234, 3056, 681 
3235, 3057, 1069 
3236, 3058, 104 
3237, 3059, 1070 
3238, 3060, 395 
3239, 3061, 1071 
3240, 3062, 80 
3241, 3063, 1072 
3242, 3064, 432 
3243, 3065, 1072 
3244, 3066, 1065 
3245, 3067, 1074 
3246, 3068, 30 
3247, 3069, 1074 
3248, 3070, 56 
3249, 3071, 1074 
3250, 3072, 481 
3251, 3073, 1075 
3252, 3074, 49 
3253, 3075, 1077 
3254, 3076, 422 
3255, 3077, 1077 
3256, 3078, 632 
3257, 3079, 1081 
3258, 3080, 391 
3259, 3081, 1082 
3260, 3082, 435 
3261, 3083, 1083 
3262, 3084, 855 
3263, 3085, 1084 
3264, 3086, 633 
3265, 3087, 1085 
3266, 3088, 3 
3267, 3089, 1087 
3268, 3090, 770 
3269, 3091, 1089 
3270, 3092, 92 
3271, 3093, 1089 
3272, 3094, 852 
3273, 3095, 1091 
3274, 3096, 45 
3275, 3097, 1091 
3276, 3098, 548 
3277, 3099, 1091 
3278, 3100, 737 
3279, 3101, 1092 
3280, 3102, 898 
3281, 3103, 1093 
3282, 3104, 92 
3283, 3105, 1093 
3284, 3106, 469 
3285, 3107, 1094 
3286, 3108, 358 
3287, 3109, 1095 
3288, 3110, 268 
3289, 3111, 1095 
3290, 3112, 411 
3291, 3113, 1097 
3292, 3114, 773 
3293, 3115, 1099 
3294, 3116, 702 
3295, 3117, 1100 
3296, 3118, 49 
3297, 3119, 1100 
3298, 3120, 346 
3299, 3121, 1101 
3300, 3122, 201 
3301, 3123, 1102 
3302, 3124, 231 
3303, 3125, 1102 
3304, 3126, 830 
3305, 3127, 1102 
3306, 3128, 974 
3307, 3129, 1103 
3308, 3130, 93 
3309, 3131, 1104 
3310, 3132, 31 
3311, 3133, 1104 
3312, 3134, 172 
3313, 3135, 1104 
3314, 3136, 707 
3315, 3137, 1105 
3316, 3138, 165 
3317, 3139, 1105 
3318, 3140, 534 
3319, 3141, 1105 
3320, 3142, 765 
3321, 3143, 1106 
3322, 3144, 745 
3323, 3145, 1106 
3324, 3146, 767 
3325, 3147, 1108 
3326, 3148, 742 
3327, 3149, 1109 
3328, 3150, 314 
3329, 3151, 1109 
3330, 3152, 524 
3331, 3153, 1110 
3332, 3154, 904 
3333, 3155, 1111 
3334, 3156, 261 
3335, 3157, 1111 
3336, 3158, 607 
3337, 3159, 1111 
3338, 3160, 901 
3339, 3161, 1112 
3340, 3162, 282 
3341, 3163, 1113 
3342, 3164, 152 
3343, 3165, 1113 
3344, 3166, 772 
3345, 3167, 1114 
3346, 3168, 313 
3347, 3169, 1114 
3348, 3170, 745 
3349, 3171, 1115 
3350, 3172, 123 
3351, 3173, 1115 
3352, 3174, 755 
3353, 3175, 1117 
3354, 3176, 897 
3355, 3177, 1119 
3356, 3178, 484 
3357, 3179, 1120 
3358, 3180, 172 
3359, 3181, 1120 
3360, 3182, 483 
3361, 3183, 1122 
3362, 3184, 560 
3363, 3185, 1122 
3364, 3186, 949 
3365, 3187, 1123 
3366, 3188, 570 
3367, 3189, 1125 
3368, 3190, 84 
3369, 3191, 1125 
3370, 3192, 554 
3371, 3193, 1125 
3372, 3194, 1012 
3373, 3195, 1126 
3374, 3196, 290 
3375, 3197, 1128 
3376, 3198, 22 
3377, 3199, 1128 
3378, 3200, 377 
3379, 3201, 1129 
3380, 3202, 462 
3381, 3203, 1131 
3382, 3204, 456 
3383, 3205, 1131 
3384, 3206, 1072 
3385, 3207, 1133 
3386, 3208, 201 
3387, 3209, 1136 
3388, 3210, 869 
3389, 3211, 1137 
3390, 3212, 121 
3391, 3213, 1137 
3392, 3214, 702 
3393, 3215, 1138 
3394, 3216, 21 
3395, 3217, 1139 
3396, 3218, 317 
3397, 3219, 1139 
3398, 3220, 539 
3399, 3221, 1140 
3400, 3222, 902 
3401, 3223, 1143 
3402, 3224, 603 
3403, 3225, 1145 
3404, 3226, 275 
3405, 3227, 1147 
3406, 3228, 879 
3407, 3229, 1149 
3408, 3230, 754 
3409, 3231, 1149 
3410, 3232, 931 
3411, 3233, 1150 
3412, 3234, 341 
3413, 3235, 1150 
3414, 3236, 371 
3415, 3237, 1151 
3416, 3238, 178 
3417, 3239, 1151 
3418, 3240, 545 
3419, 3241, 1154 
3420, 3242, 385 
3421, 3243, 1157 
3422, 3244, 73 
3423, 3245, 1160 
3424, 3246, 672 
3425, 3247, 1161 
3426, 3248, 677 
3427, 3249, 1161 
3428, 3250, 885 
3429, 3251, 1162 
3430, 3252, 880 
3431, 3253, 1164 
3432, 3254, 341 
3433, 3255, 1164 
3434, 3256, 899 
3435, 3257, 1165 
3436, 3258, 256 
3437, 3259, 1165 
3438, 3260, 724 
3439, 3261, 1165 
3440, 3262, 889 
3441, 3263, 1165 
3442, 3264, 1066 
3443, 3265, 1166 
3444, 3266, 892 
3445, 3267, 1172 
3446, 3268, 1060 
3447, 3269, 1175 
3448, 3270, 158 
3449, 3271, 1175 
3450, 3272, 382 
3451, 3273, 1175 
3452, 3274, 654 
3453, 3275, 1176 
3454, 3276, 232 
3455, 3277, 1176 
3456, 3278, 539 
3457, 3279, 1177 
3458, 3280, 170 
3459, 3281, 1181 
3460, 3282, 404 
3461, 3283, 1181 
3462, 3284, 593 
3463, 3285, 1181 
3464, 3286, 1114 
3465, 3287, 1182 
3466, 3288, 449 
3467, 3289, 1182 
3468, 3290, 753 
3469, 3291, 1183 
3470, 3292, 306 
3471, 3293, 1183 
3472, 3294, 928 
3473, 3295, 1183 
3474, 3296, 984 
3475, 3297, 1184 
3476, 3298, 21 
3477, 3299, 1184 
3478, 3300, 795 
3479, 3301, 1184 
3480, 3302, 1151 
3481, 3303, 1186 
3482, 3304, 317 
3483, 3305, 1187 
3484, 3306, 551 
3485, 3307, 1191 
3486, 3308, 354 
3487, 3309, 1193 
3488, 3310, 333 
3489, 3311, 1193 
3490, 3312, 829 
3491, 3313, 1194 
3492, 3314, 504 
3493, 3315, 1194 
3494, 3316, 779 
3495, 3317, 1196 
3496, 3318, 781 
3497, 3319, 1196 
3498, 3320, 828 
3499, 3321, 1197 
3500, 3322, 1021 
3501, 3323, 1197 
3502, 3324, 1176 
3503, 3325, 1201 
3504, 3326, 616 
3505, 3327, 1202 
3506, 3328, 1081 
3507, 3329, 1205 
3508, 3330, 76 
3509, 3331, 1205 
3510, 3332, 466 
3511, 3333, 1205 
3512, 3334, 748 
3513, 3335, 1206 
3514, 3336, 934 
3515, 3337, 1206 
3516, 3338, 1008 
3517, 3339, 1208 
3518, 3340, 352 
3519, 3341, 1208 
3520, 3342, 867 
3521, 3343, 1209 
3522, 3344, 486 
3523, 3345, 1209 
3524, 3346, 963 
3525, 3347, 1210 
3526, 3348, 714 
3527, 3349, 1211 
3528, 3350, 87 
3529, 3351, 1211 
3530, 3352, 112 
3531, 3353, 1211 
3532, 3354, 530 
3533, 3355, 1213 
3534, 3356, 806 
3535, 3357, 1214 
3536, 3358, 1004 
3537, 3359, 1215 
3538, 3360, 663 
3539, 3361, 1215 
3540, 3362, 1077 
3541, 3363, 1216 
3542, 3364, 774 
3543, 3365, 1217 
3544, 3366, 325 
3545, 3367, 1217 
3546, 3368, 827 
3547, 3369, 1218 
3548, 3370, 153 
3549, 3371, 1219 
3550, 3372, 834 
3551, 3373, 1221 
3552, 3374, 451 
3553, 3375, 1221 
3554, 3376, 687 
3555, 3377, 1221 
3556, 3378, 1051 
3557, 3379, 1222 
3558, 3380, 399 
3559, 3381, 1222 
3560, 3382, 749 
3561, 3383, 1223 
3562, 3384, 756 
3563, 3385, 1225 
3564, 3386, 369 
3565, 3387, 1225 
3566, 3388, 648 
3567, 3389, 1227 
3568, 3390, 116 
3569, 3391, 1227 
3570, 3392, 547 
3571, 3393, 1228 
3572, 3394, 356 
3573, 3395, 1229 
3574, 3396, 524 
3575, 3397, 1229 
3576, 3398, 1120 
3577, 3399, 1230 
3578, 3400, 421 
3579, 3401, 1231 
3580, 3402, 290 
3581, 3403, 1231 
3582, 3404, 371 
3583, 3405, 1234 
3584, 3406, 497 
3585, 3407, 1234 
3586, 3408, 668 
3587, 3409, 1235 
3588, 3410, 825 
3589, 3411, 1236 
3590, 3412, 1087 
3591, 3413, 1238 
3592, 3414, 104 
3593, 3415, 1240 
3594, 3416, 491 
3595, 3417, 1242 
3596, 3418, 397 
3597, 3419, 1242 
3598, 3420, 931 
3599, 3421, 1244 
3600, 3422, 104 
3601, 3423, 1244 
3602, 3424, 1072 
3603, 3425, 1244 
3604, 3426, 1180 
3605, 3427, 1245 
3606, 3428, 45 
3607, 3429, 1245 
3608, 3430, 93 
3609, 3431, 1246 
3610, 3432, 55 
3611, 3433, 1246 
3612, 3434, 994 
3613, 3435, 1247 
3614, 3436, 1012 
3615, 3437, 1248 
3616, 3438, 301 
3617, 3439, 1250 
3618, 3440, 580 
3619, 3441, 1252 
3620, 3442, 785 
3621, 3443, 1252 
3622, 3444, 817 
3623, 3445, 1253 
3624, 3446, 280 
3625, 3447, 1254 
3626, 3448, 547 
3627, 3449, 1254 
3628, 3450, 959 
3629, 3451, 1257 
3630, 3452, 352 
3631, 3453, 1257 
3632, 3454, 651 
3633, 3455, 1257 
3634, 3456, 1129 
3635, 3457, 1258 
3636, 3458, 59 
3637, 3459, 1258 
3638, 3460, 1101 
3639, 3461, 1260 
3640, 3462, 599 
3641, 3463, 1261 
3642, 3464, 840 
3643, 3465, 1261 
3644, 3466, 1052 
3645, 3467, 1261 
3646, 3468, 1094 
3647, 3469, 1262 
3648, 3470, 82 
3649, 3471, 1262 
3650, 3472, 464 
3651, 3473, 1263 
3652, 3474, 1178 
3653, 3475, 1265 
3654, 3476, 304 
3655, 3477, 1265 
3656, 3478, 386 
3657, 3479, 1268 
3658, 3480, 349 
3659, 3481, 1268 
3660, 3482, 762 
3661, 3483, 1269 
3662, 3484, 1048 
3663, 3485, 1270 
3664, 3486, 202 
3665, 3487, 1271 
3666, 3488, 428 
3667, 3489, 1274 
3668, 3490, 467 
3669, 3491, 1275 
3670, 3492, 399 
3671, 3493, 1275 
3672, 3494, 555 
3673, 3495, 1278 
3674, 3496, 595 
3675, 3497, 1278 
3676, 3498, 694 
3677, 3499, 1281 
3678, 3500, 803 
3679, 3501, 1282 
3680, 3502, 687 
3681, 3503, 1283 
3682, 3504, 655 
3683, 3505, 1283 
3684, 3506, 1145 
3685, 3507, 1283 
3686, 3508, 1175 
3687, 3509, 1284 
3688, 3510, 484 
3689, 3511, 1285 
3690, 3512, 1027 
3691, 3513, 1286 
3692, 3514, 1063 
3693, 3515, 1286 
3694, 3516, 1177 
3695, 3517, 1288 
3696, 3518, 1188 
3697, 3519, 1289 
3698, 3520, 412 
3699, 3521, 1290 
3700, 3522, 884 
3701, 3523, 1291 
3702, 3524, 909 
3703, 3525, 1292 
3704, 3526, 271 
3705, 3527, 1292 
3706, 3528, 473 
3707, 3529, 1294 
3708, 3530, 508 
3709, 3531, 1294 
3710, 3532, 1246 
3711, 3533, 1296 
3712, 3534, 126 
3713, 3535, 1296 
3714, 3536, 858 
3715, 3537, 1296 
3716, 3538, 1148 
3717, 3539, 1298 
3718, 3540, 960 
3719, 3541, 1299 
3720, 3542, 269 
3721, 3543, 1299 
3722, 3544, 1196 
3723, 3545, 1300 
3724, 3546, 64 
3725, 3547, 1301 
3726, 3548, 281 
3727, 3549, 1302 
3728, 3550, 739 
3729, 3551, 1302 
3730, 3552, 1133 
3731, 3553, 1303 
3732, 3554, 89 
3733, 3555, 1304 
3734, 3556, 517 
3735, 3557, 1304 
3736, 3558, 519 
3737, 3559, 1304 
3738, 3560, 659 
3739, 3561, 1307 
3740, 3562, 326 
3741, 3563, 1308 
3742, 3564, 440 
3743, 3565, 1308 
3744, 3566, 471 
3745, 3567, 1310 
3746, 3568, 243 
3747, 3569, 1310 
3748, 3570, 321 
3749, 3571, 1310 
3750, 3572, 338 
3751, 3573, 1313 
3752, 3574, 469 
3753, 3575, 1314 
3754, 3576, 264 
3755, 3577, 1314 
3756, 3578, 762 
3757, 3579, 1315 
3758, 3580, 676 
3759, 3581, 1315 
3760, 3582, 1112 
3761, 3583, 1316 
3762, 3584, 652 
3763, 3585, 1316 
3764, 3586, 800 
3765, 3587, 1316 
3766, 3588, 893 
3767, 3589, 1317 
3768, 3590, 673 
3769, 3591, 1321 
3770, 3592, 1018 
3771, 3593, 1322 
3772, 3594, 302 
3773, 3595, 1324 
3774, 3596, 455 
3775, 3597, 1325 
3776, 3598, 808 
3777, 3599, 1325 
3778, 3600, 1226 
3779, 3601, 1326 
3780, 3602, 516 
3781, 3603, 1328 
3782, 3604, 626 
3783, 3605, 1328 
3784, 3606, 681 
3785, 3607, 1330 
3786, 3608, 554 
3787, 3609, 1331 
3788, 3610, 73 
3789, 3611, 1331 
3790, 3612, 678 
3791, 3613, 1333 
3792, 3614, 102 
3793, 3615, 1333 
3794, 3616, 251 
3795, 3617, 1334 
3796, 3618, 805 
3797, 3619, 1335 
3798, 3620, 251 
3799, 3621, 1335 
3800, 3622, 715 
3801, 3623, 1336 
3802, 3624, 852 
3803, 3625, 1337 
3804, 3626, 913 
3805, 3627, 1338 
3806, 3628, 738 
3807, 3629, 1338 
3808, 3630, 1227 
3809, 3631, 1339 
3810, 3632, 626 
3811, 3633, 1339 
3812, 3634, 951 
3813, 3635, 1339 
3814, 3636, 1031 
3815, 3637, 1340 
3816, 3638, 786 
3817, 3639, 1341 
3818, 3640, 275 
3819, 3641, 1341 
3820, 3642, 967 
3821, 3643, 1342 
3822, 3644, 1208 
3823, 3645, 1344 
3824, 3646, 206 
3825, 3647, 1344 
3826, 3648, 804 
3827, 3649, 1345 
3828, 3650, 588 
3829, 3651, 1346 
3830, 3652, 475 
3831, 3653, 1347 
3832, 3654, 64 
3833, 3655, 1347 
3834, 3656, 775 
3835, 3657, 1347 
3836, 3658, 922 
3837, 3659, 1347 
3838, 3660, 1259 
3839, 3661, 1348 
3840, 3662, 977 
3841, 3663, 1350 
3842, 3664, 340 
3843, 3665, 1350 
3844, 3666, 963 
3845, 3667, 1351 
3846, 3668, 1 
3847, 3669, 1351 
3848, 3670, 1148 
3849, 3671, 1352 
3850, 3672, 1016 
3851, 3673, 1354 
3852, 3674, 1310 
3853, 3675, 1355 
3854, 3676, 595 
3855, 3677, 1356 
3856, 3678, 519 
3857, 3679, 1357 
3858, 3680, 739 
3859, 3681, 1358 
3860, 3682, 127 
3861, 3683, 1358 
3862, 3684, 272 
3863, 3685, 1358 
3864, 3686, 756 
3865, 3687, 1359 
3866, 3688, 1321 
3867, 3689, 1360 
3868, 3690, 253 
3869, 3691, 1360 
3870, 3692, 271 
3871, 3693, 1360 
3872, 3694, 1258 
3873, 3695, 1363 
3874, 3696, 170 
3875, 3697, 1363 
3876, 3698, 647 
3877, 3699, 1364 
3878, 3700, 1133 
3879, 3701, 1368 
3880, 3702, 244 
3881, 3703, 1368 
3882, 3704, 989 
3883, 3705, 1369 
3884, 3706, 122 
3885, 3707, 1369 
3886, 3708, 153 
3887, 3709, 1372 
3888, 3710, 63 
3889, 3711, 1372 
3890, 3712, 471 
3891, 3713, 1373 
3892, 3714, 1038 
3893, 3715, 1374 
3894, 3716, 647 
3895, 3717, 1374 
3896, 3718, 1189 
3897, 3719, 1375 
3898, 3720, 802 
3899, 3721, 1376 
3900, 3722, 237 
3901, 3723, 1377 
3902, 3724, 1013 
3903, 3725, 1380 
3904, 3726, 44 
3905, 3727, 1383 
3906, 3728, 12 
3907, 3729, 1384 
3908, 3730, 1002 
3909, 3731, 1384 
3910, 3732, 1238 
3911, 3733, 1386 
3912, 3734, 914 
3913, 3735, 1388 
3914, 3736, 806 
3915, 3737, 1388 
3916, 3738, 862 
3917, 3739, 1389 
3918, 3740, 240 
3919, 3741, 1389 
3920, 3742, 733 
3921, 3743, 1391 
3922, 3744, 424 
3923, 3745, 1392 
3924, 3746, 428 
3925, 3747, 1392 
3926, 3748, 951 
3927, 3749, 1392 
3928, 3750, 1050 
3929, 3751, 1392 
3930, 3752, 1246 
3931, 3753, 1393 
3932, 3754, 1060 
3933, 3755, 1394 
3934, 3756, 912 
3935, 3757, 1395 
3936, 3758, 448 
3937, 3759, 1395 
3938, 3760, 1250 
3939, 3761, 1396 
3940, 3762, 112 
3941, 3763, 1397 
3942, 3764, 337 
3943, 3765, 1397 
3944, 3766, 409 
3945, 3767, 1402 
3946, 3768, 561 
3947, 3769, 1403 
3948, 3770, 180 
3949, 3771, 1403 
3950, 3772, 935 
3951, 3773, 1405 
3952, 3774, 67 
3953, 3775, 1405 
3954, 3776, 94 
3955, 3777, 1405 
3956, 3778, 829 
3957, 3779, 1405 
3958, 3780, 1220 
3959, 3781, 1409 
3960, 3782, 240 
3961, 3783, 1410 
3962, 3784, 516 
3963, 3785, 1410 
3964, 3786, 1289 
3965, 3787, 1411 
3966, 3788, 161 
3967, 3789, 1411 
3968, 3790, 1277 
3969, 3791, 1413 
3970, 3792, 330 
3971, 3793, 1413 
3972, 3794, 759 
3973, 3795, 1413 
3974, 3796, 1170 
3975, 3797, 1414 
3976, 3798, 682 
3977, 3799, 1415 
3978, 3800, 607 
3979, 3801, 1417 
3980, 3802, 308 
3981, 3803, 1417 
3982, 3804, 652 
3983, 3805, 1417 
3984, 3806, 1368 
3985, 3807, 1418 
3986, 3808, 1375 
3987, 3809, 1419 
3988, 3810, 783 
3989, 3811, 1420 
3990, 3812, 428 
3991, 3813, 1421 
3992, 3814, 65 
3993, 3815, 1422 
3994, 3816, 404 
3995, 3817, 1422 
3996, 3818, 946 
3997, 3819, 1423 
3998, 3820, 206 
3999, 3821, 1424 
4000, 3822, 327 
4001, 3823, 1424 
4002, 3824, 1274 
4003, 3825, 1425 
4004, 3826, 336 
4005, 3827, 1425 
4006, 3828, 1328 
4007, 3829, 1426 
4008, 3830, 110 
4009, 3831, 1426 
4010, 3832, 166 
4011, 3833, 1427 
4012, 3834, 338 
4013, 3835, 1427 
4014, 3836, 667 
4015, 3837, 1427 
4016, 3838, 943 
4017, 3839, 1428 
4018, 3840, 238 
4019, 3841, 1428 
4020, 3842, 436 
4021, 3843, 1428 
4022, 3844, 704 
4023, 3845, 1430 
4024, 3846, 1129 
4025, 3847, 1431 
4026, 3848, 471 
4027, 3849, 1432 
4028, 3850, 128 
4029, 3851, 1433 
4030, 3852, 128 
4031, 3853, 1433 
4032, 3854, 1095 
4033, 3855, 1434 
4034, 3856, 271 
4035, 3857, 1434 
4036, 3858, 712 
4037, 3859, 1434 
4038, 3860, 827 
4039, 3861, 1435 
4040, 3862, 760 
4041, 3863, 1435 
4042, 3864, 1410 
4043, 3865, 1436 
4044, 3866, 4 
4045, 3867, 1436 
4046, 3868, 239 
4047, 3869, 1438 
4048, 3870, 616 
4049, 3871, 1438 
4050, 3872, 753 
4051, 3873, 1438 
4052, 3874, 1380 
4053, 3875, 1439 
4054, 3876, 158 
4055, 3877, 1439 
4056, 3878, 690 
4057, 3879, 1440 
4058, 3880, 1100 
4059, 3881, 1441 
4060, 3882, 1164 
4061, 3883, 1443 
4062, 3884, 643 
4063, 3885, 1443 
4064, 3886, 1264 
4065, 3887, 1444 
4066, 3888, 387 
4067, 3889, 1445 
4068, 3890, 226 
4069, 3891, 1445 
4070, 3892, 531 
4071, 3893, 1446 
4072, 3894, 1211 
4073, 3895, 1447 
4074, 3896, 384 
4075, 3897, 1447 
4076, 3898, 784 
4077, 3899, 1449 
4078, 3900, 1424 
4079, 3901, 1450 
4080, 3902, 422 
4081, 3903, 1451 
4082, 3904, 496 
4083, 3905, 1451 
4084, 3906, 1018 
4085, 3907, 1452 
4086, 3908, 672 
4087, 3909, 1452 
4088, 3910, 1185 
4089, 3911, 1453 
4090, 3912, 1069 
4091, 3913, 1454 
4092, 3914, 827 
4093, 3915, 1454 
4094, 3916, 871 
4095, 3917, 1455 
4096, 3918, 294 
4097, 3919, 1455 
4098, 3920, 449 
4099, 3921, 1455 
4100, 3922, 666 
4101, 3923, 1455 
4102, 3924, 852 
4103, 3925, 1456 
4104, 3926, 1 
4105, 3927, 1456 
4106, 3928, 469 
4107, 3929, 1456 
4108, 3930, 707 
4109, 3931, 1456 
4110, 3932, 1354 
4111, 3933, 1457 
4112, 3934, 606 
4113, 3935, 1458 
4114, 3936, 221 
4115, 3937, 1458 
4116, 3938, 1408 
4117, 3939, 1461 
4118, 3940, 872 
4119, 3941, 1461 
4120, 3942, 988 
4121, 3943, 1461 
4122, 3944, 1387 
4123, 3945, 1462 
4124, 3946, 256 
4125, 3947, 1462 
4126, 3948, 436 
4127, 3949, 1464 
4128, 3950, 481 
4129, 3951, 1465 
4130, 3952, 1119 
4131, 3953, 1466 
4132, 3954, 1 
4133, 3955, 1466 
4134, 3956, 78 
4135, 3957, 1466 
4136, 3958, 127 
4137, 3959, 1467 
4138, 3960, 1025 
4139, 3961, 1468 
4140, 3962, 194 
4141, 3963, 1468 
4142, 3964, 644 
4143, 3965, 1469 
4144, 3966, 950 
4145, 3967, 1471 
4146, 3968, 54 
4147, 3969, 1471 
4148, 3970, 579 
4149, 3971, 1471 
4150, 3972, 1078 
4151, 3973, 1472 
4152, 3974, 990 
4153, 3975, 1473 
4154, 3976, 1322 
4155, 3977, 1474 
4156, 3978, 480 
4157, 3979, 1475 
4158, 3980, 299 
4159, 3981, 1475 
4160, 3982, 354 
4161, 3983, 1475 
4162, 3984, 1164 
4163, 3985, 1476 
4164, 3986, 532 
4165, 3987, 1477 
4166, 3988, 587 
4167, 3989, 1477 
4168, 3990, 1023 
4169, 3991, 1478 
4170, 3992, 42 
4171, 3993, 1480 
4172, 3994, 1144 
4173, 3995, 1480 
4174, 3996, 1156 
4175, 3997, 1481 
4176, 3998, 1366 
4177, 3999, 1482 
4178, 4000, 242 
4179, 4001, 1482 
4180, 4002, 345 
4181, 4003, 1483 
4182, 4004, 565 
4183, 4005, 1483 
4184, 4006, 1138 
4185, 4007, 1485 
4186, 4008, 1194 
4187, 4009, 1485 
4188, 4010, 1311 
4189, 4011, 1486 
4190, 4012, 664 
4191, 4013, 1488 
4192, 4014, 891 
4193, 4015, 1489 
4194, 4016, 918 
4195, 4017, 1490 
4196, 4018, 285 
4197, 4019, 1491 
4198, 4020, 1023 
4199, 4021, 1491 
4200, 4022, 1218 
4201, 4023, 1492 
4202, 4024, 456 
4203, 4025, 1494 
4204, 4026, 759 
4205, 4027, 1494 
4206, 4028, 1195 
4207, 4029, 1495 
4208, 4030, 655 
4209, 4031, 1497 
4210, 4032, 602 
4211, 4033, 1497 
4212, 4034, 1303 
4213, 4035, 1498 
4214, 4036, 792 
4215, 4037, 1499 
4216, 4038, 286 
4217, 4039, 1499 
4218, 4040, 573 
4219, 4041, 1499 
4220, 4042, 634 
4221, 4043, 1499 
4222, 4044, 862 
4223, 4045, 1500 
4224, 4046, 148 
4225, 4047, 1501 
4226, 4048, 212 
4227, 4049, 1501 
4228, 4050, 247 
4229, 4051, 1501 
4230, 4052, 1464 
4231, 4053, 1503 
4232, 4054, 201 
4233, 4055, 1503 
4234, 4056, 751 
4235, 4057, 1503 
4236, 4058, 1031 
4237, 4059, 1503 
4238, 4060, 1469 
4239, 4061, 1504 
4240, 4062, 637 
4241, 4063, 1505 
4242, 4064, 660 
4243, 4065, 1505 
4244, 4066, 886 
4245, 4067, 1507 
4246, 4068, 48 
4247, 4069, 1507 
4248, 4070, 250 
4249, 4071, 1508 
4250, 4072, 1051 
4251, 4073, 1508 
4252, 4074, 1450 
4253, 4075, 1509 
4254, 4076, 90 
4255, 4077, 1510 
4256, 4078, 649 
4257, 4079, 1511 
4258, 4080, 96 
4259, 4081, 1512 
4260, 4082, 972 
4261, 4083, 1513 
4262, 4084, 522 
4263, 4085, 1513 
4264, 4086, 557 
4265, 4087, 1514 
4266, 4088, 282 
4267, 4089, 1514 
4268, 4090, 700 
4269, 4091, 1514 
4270, 4092, 1382 
4271, 4093, 1516 
4272, 4094, 1483 
4273, 4095, 1517 
4274, 4096, 889 
4275, 4097, 1520 
4276, 4098, 175 
4277, 4099, 1520 
4278, 4100, 1042 
4279, 4101, 1520 
4280, 4102, 1462 
4281, 4103, 1521 
4282, 4104, 757 
4283, 4105, 1522 
4284, 4106, 229 
4285, 4107, 1523 
4286, 4108, 117 
4287, 4109, 1523 
4288, 4110, 512 
4289, 4111, 1523 
4290, 4112, 1355 
4291, 4113, 1524 
4292, 4114, 25 
4293, 4115, 1524 
4294, 4116, 347 
4295, 4117, 1525 
4296, 4118, 106 
4297, 4119, 1525 
4298, 4120, 165 
4299, 4121, 1525 
4300, 4122, 1208 
4301, 4123, 1526 
4302, 4124, 430 
4303, 4125, 1527 
4304, 4126, 694 
4305, 4127, 1529 
4306, 4128, 137 
4307, 4129, 1529 
4308, 4130, 583 
4309, 4131, 1529 
4310, 4132, 794 
4311, 4133, 1530 
4312, 4134, 373 
4313, 4135, 1530 
4314, 4136, 791 
4315, 4137, 1532 
4316, 4138, 129 
4317, 4139, 1532 
4318, 4140, 302 
4319, 4141, 1532 
4320, 4142, 1522 
4321, 4143, 1533 
4322, 4144, 251 
4323, 4145, 1534 
4324, 4146, 1322 
4325, 4147, 1535 
4326, 4148, 1489 
4327, 4149, 1536 
4328, 4150, 426 
4329, 4151, 1536 
4330, 4152, 605 
4331, 4153, 1538 
4332, 4154, 224 
4333, 4155, 1539 
4334, 4156, 1157 
4335, 4157, 1539 
4336, 4158, 1319 
4337, 4159, 1540 
4338, 4160, 241 
4339, 4161, 1540 
4340, 4162, 1187 
4341, 4163, 1540 
4342, 4164, 1294 
4343, 4165, 1542 
4344, 4166, 690 
4345, 4167, 1542 
4346, 4168, 1235 
4347, 4169, 1544 
4348, 4170, 714 
4349, 4171, 1544 
4350, 4172, 1120 
4351, 4173, 1544 
4352, 4174, 1264 
4353, 4175, 1546 
4354, 4176, 268 
4355, 4177, 1546 
4356, 4178, 1011 
4357, 4179, 1548 
4358, 4180, 1263 
4359, 4181, 1549 
4360, 4182, 437 
4361, 4183, 1549 
4362, 4184, 895 
4363, 4185, 1549 
4364, 4186, 964 
4365, 4187, 1550 
4366, 4188, 850 
4367, 4189, 1551 
4368, 4190, 240 
4369, 4191, 1552 
4370, 4192, 1324 
4371, 4193, 1552 
4372, 4194, 1352 
4373, 4195, 1553 
4374, 4196, 923 
4375, 4197, 1553 
4376, 4198, 1216 
4377, 4199, 1553 
4378, 4200, 1358 
4379, 4201, 1555 
4380, 4202, 1146 
4381, 4203, 1555 
4382, 4204, 1425 
4383, 4205, 1557 
4384, 4206, 79 
4385, 4207, 1557 
4386, 4208, 1113 
4387, 4209, 1557 
4388, 4210, 1526 
4389, 4211, 1558 
4390, 4212, 293 
4391, 4213, 1558 
4392, 4214, 639 
4393, 4215, 1558 
4394, 4216, 1118 
4395, 4217, 1558 
4396, 4218, 1143 
4397, 4219, 1559 
4398, 4220, 1551 
4399, 4221, 1560 
4400, 4222, 134 
4401, 4223, 1562 
4402, 4224, 449 
4403, 4225, 1562 
4404, 4226, 1373 
4405, 4227, 1563 
4406, 4228, 1030 
4407, 4229, 1564 
4408, 4230, 940 
4409, 4231, 1565 
4410, 4232, 107 
4411, 4233, 1566 
4412, 4234, 781 
4413, 4235, 1567 
4414, 4236, 476 
4415, 4237, 1567 
4416, 4238, 885 
4417, 4239, 1568 
4418, 4240, 551 
4419, 4241, 1569 
4420, 4242, 131 
4421, 4243, 1569 
4422, 4244, 1528 
4423, 4245, 1570 
4424, 4246, 410 
4425, 4247, 1570 
4426, 4248, 1254 
4427, 4249, 1570 
4428, 4250, 1324 
4429, 4251, 1571 
4430, 4252, 30 
4431, 4253, 1571 
4432, 4254, 344 
4433, 4255, 1571 
4434, 4256, 1144 
4435, 4257, 1572 
4436, 4258, 1451 
4437, 4259, 1573 
4438, 4260, 804 
4439, 4261, 1573 
4440, 4262, 1247 
4441, 4263, 1573 
4442, 4264, 1478 
4443, 4265, 1575 
4444, 4266, 810 
4445, 4267, 1575 
4446, 4268, 1401 
4447, 4269, 1576 
4448, 4270, 247 
4449, 4271, 1576 
4450, 4272, 529 
4451, 4273, 1576 
4452, 4274, 1342 
4453, 4275, 1577 
4454, 4276, 674 
4455, 4277, 1579 
4456, 4278, 527 
4457, 4279, 1579 
4458, 4280, 541 
4459, 4281, 1579 
4460, 4282, 1474 
4461, 4283, 1580 
4462, 4284, 124 
4463, 4285, 1580 
4464, 4286, 828 
4465, 4287, 1580 
4466, 4288, 1299 
4467, 4289, 1583 
4468, 4290, 442 
4469, 4291, 1584 
4470, 4292, 946 
4471, 4293, 1584 
4472, 4294, 1069 
4473, 4295, 1584 
4474, 4296, 1291 
4475, 4297, 1585 
4476, 4298, 665 
4477, 4299, 1586 
4478, 4300, 265 
4479, 4301, 1586 
4480, 4302, 1263 
4481, 4303, 1587 
4482, 4304, 933 
4483, 4305, 1589 
4484, 4306, 257 
4485, 4307, 1589 
4486, 4308, 719 
4487, 4309, 1589 
4488, 4310, 1533 
4489, 4311, 1590 
4490, 4312, 599 
4491, 4313, 1590 
4492, 4314, 1414 
4493, 4315, 1591 
4494, 4316, 214 
4495, 4317, 1592 
4496, 4318, 59 
4497, 4319, 1592 
4498, 4320, 64 
4499, 4321, 1592 
4500, 4322, 966 
4501, 4323, 1593 
4502, 4324, 5 
4503, 4325, 1593 
4504, 4326, 727 
4505, 4327, 1594 
4506, 4328, 887 
4507, 4329, 1595 
4508, 4330, 12 
4509, 4331, 1595 
4510, 4332, 710 
4511, 4333, 1596 
4512, 4334, 77 
4513, 4335, 1596 
4514, 4336, 1334 
4515, 4337, 1597 
4516, 4338, 507 
4517, 4339, 1597 
4518, 4340, 651 
4519, 4341, 1597 
4520, 4342, 1158 
4521, 4343, 1598 
4522, 4344, 924 
4523, 4345, 1600 
4524, 4346, 350 
4525, 4347, 1600 
4526, 4348, 446 
4527, 4349, 1600 
4528, 4350, 1054 
4529, 4351, 1602 
4530, 4352, 381 
4531, 4353, 1602 
4532, 4354, 398 
4533, 4355, 1603 
4534, 4356, 645 
4535, 4357, 1603 
4536, 4358, 685 
4537, 4359, 1605 
4538, 4360, 730 
4539, 4361, 1605 
4540, 4362, 1482 
4541, 4363, 1606 
4542, 4364, 54 
4543, 4365, 1606 
4544, 4366, 1463 
4545, 4367, 1608 
4546, 4368, 707 
4547, 4369, 1608 
4548, 4370, 887 
4549, 4371, 1608 
4550, 4372, 1089 
4551, 4373, 1609 
4552, 4374, 202 
4553, 4375, 1609 
4554, 4376, 443 
4555, 4377, 1609 
4556, 4378, 512 
4557, 4379, 1610 
4558, 4380, 812 
4559, 4381, 1610 
4560, 4382, 1319 
4561, 4383, 1610 
4562, 4384, 1472 
4563, 4385, 1611 
4564, 4386, 515 
4565, 4387, 1611 
4566, 4388, 735 
4567, 4389, 1611 
4568, 4390, 979 
4569, 4391, 1611 
4570, 4392, 1051 
4571, 4393, 1612 
4572, 4394, 123 
4573, 4395, 1612 
4574, 4396, 312 
4575, 4397, 1612 
4576, 4398, 1260 
4577, 4399, 1612 
4578, 4400, 1590 
4579, 4401, 1613 
4580, 4402, 253 
4581, 4403, 1613 
4582, 4404, 505 
4583, 4405, 1613 
4584, 4406, 629 
4585, 4407, 1614 
4586, 4408, 406 
4587, 4409, 1616 
4588, 4410, 68 
4589, 4411, 1616 
4590, 4412, 1603 
4591, 4413, 1617 
4592, 4414, 883 
4593, 4415, 1617 
4594, 4416, 1381 
4595, 4417, 1617 
4596, 4418, 1444 
4597, 4419, 1618 
4598, 4420, 447 
4599, 4421, 1618 
4600, 4422, 587 
4601, 4423, 1618 
4602, 4424, 636 
4603, 4425, 1619 
4604, 4426, 1090 
4605, 4427, 1620 
4606, 4428, 1382 
4607, 4429, 1621 
4608, 4430, 342 
4609, 4431, 1622 
4610, 4432, 1020 
4611, 4433, 1622 
4612, 4434, 1026 
4613, 4435, 1623 
4614, 4436, 451 
4615, 4437, 1623 
4616, 4438, 476 
4617, 4439, 1623 
4618, 4440, 667 
4619, 4441, 1624 
4620, 4442, 1391 
4621, 4443, 1627 
4622, 4444, 235 
4623, 4445, 1627 
4624, 4446, 1073 
4625, 4447, 1628 
4626, 4448, 1013 
4627, 4449, 1629 
4628, 4450, 310 
4629, 4451, 1629 
4630, 4452, 1273 
4631, 4453, 1630 
4632, 4454, 788 
4633, 4455, 1631 
4634, 4456, 64 
4635, 4457, 1632 
4636, 4458, 75 
4637, 4459, 1632 
4638, 4460, 540 
4639, 4461, 1632 
4640, 4462, 947 
4641, 4463, 1633 
4642, 4464, 1022 
4643, 4465, 1634 
4644, 4466, 548 
4645, 4467, 1634 
4646, 4468, 956 
4647, 4469, 1635 
4648, 4470, 131 
4649, 4471, 1636 
4650, 4472, 970 
4651, 4473, 1637 
4652, 4474, 711 
4653, 4475, 1637 
4654, 4476, 1146 
4655, 4477, 1637 
4656, 4478, 1484 
4657, 4479, 1638 
4658, 4480, 113 
4659, 4481, 1638 
4660, 4482, 745 
4661, 4483, 1638 
4662, 4484, 1217 
4663, 4485, 1639 
4664, 4486, 39 
4665, 4487, 1640 
4666, 4488, 187 
4667, 4489, 1640 
4668, 4490, 326 
4669, 4491, 1640 
4670, 4492, 1520 
4671, 4493, 1641 
4672, 4494, 320 
4673, 4495, 1641 
4674, 4496, 865 
4675, 4497, 1642 
4676, 4498, 307 
4677, 4499, 1642 
4678, 4500, 1302 
4679, 4501, 1643 
4680, 4502, 965 
4681, 4503, 1645 
4682, 4504, 1286 
4683, 4505, 1645 
4684, 4506, 1311 
4685, 4507, 1645 
4686, 4508, 1418 
4687, 4509, 1648 
4688, 4510, 181 
4689, 4511, 1650 
4690, 4512, 739 
4691, 4513, 1650 
4692, 4514, 852 
4693, 4515, 1651 
4694, 4516, 103 
4695, 4517, 1651 
4696, 4518, 776 
4697, 4519, 1651 
4698, 4520, 1534 
4699, 4521, 1653 
4700, 4522, 50 
4701, 4523, 1653 
4702, 4524, 691 
4703, 4525, 1653 
4704, 4526, 825 
4705, 4527, 1654 
4706, 4528, 58 
4707, 4529, 1654 
4708, 4530, 401 
4709, 4531, 1654 
4710, 4532, 444 
4711, 4533, 1655 
4712, 4534, 884 
4713, 4535, 1655 
4714, 4536, 1301 
4715, 4537, 1655 
4716, 4538, 1442 
4717, 4539, 1656 
4718, 4540, 431 
4719, 4541, 1656 
4720, 4542, 617 
4721, 4543, 1656 
4722, 4544, 681 
4723, 4545, 1656 
4724, 4546, 704 
4725, 4547, 1657 
4726, 4548, 296 
4727, 4549, 1657 
4728, 4550, 1492 
4729, 4551, 1658 
4730, 4552, 508 
4731, 4553, 1658 
4732, 4554, 741 
4733, 4555, 1658 
4734, 4556, 1364 
4735, 4557, 1658 
4736, 4558, 1588 
4737, 4559, 1659 
4738, 4560, 428 
4739, 4561, 1659 
4740, 4562, 792 
4741, 4563, 1659 
4742, 4564, 1399 
4743, 4565, 1660 
4744, 4566, 1047 
4745, 4567, 1660 
4746, 4568, 1235 
4747, 4569, 1663 
4748, 4570, 55 
4749, 4571, 1663 
4750, 4572, 222 
4751, 4573, 1664 
4752, 4574, 1265 
4753, 4575, 1664 
4754, 4576, 1306 
4755, 4577, 1665 
4756, 4578, 278 
4757, 4579, 1665 
4758, 4580, 961 
4759, 4581, 1666 
4760, 4582, 540 
4761, 4583, 1666 
4762, 4584, 589 
4763, 4585, 1666 
4764, 4586, 810 
4765, 4587, 1666 
4766, 4588, 1238 
4767, 4589, 1667 
4768, 4590, 638 
4769, 4591, 1667 
4770, 4592, 1594 
4771, 4593, 1668 
4772, 4594, 1248 
4773, 4595, 1668 
4774, 4596, 1559 
4775, 4597, 1669 
4776, 4598, 133 
4777, 4599, 1669 
4778, 4600, 895 
4779, 4601, 1670 
4780, 4602, 1517 
4781, 4603, 1671 
4782, 4604, 216 
4783, 4605, 1671 
4784, 4606, 1342 
4785, 4607, 1671 
4786, 4608, 1453 
4787, 4609, 1672 
4788, 4610, 843 
4789, 4611, 1672 
4790, 4612, 1375 
4791, 4613, 1673 
4792, 4614, 261 
4793, 4615, 1673 
4794, 4616, 1439 
4795, 4617, 1674 
4796, 4618, 1094 
4797, 4619, 1675 
4798, 4620, 423 
4799, 4621, 1675 
4800, 4622, 782 
4801, 4623, 1675 
4802, 4624, 1135 
4803, 4625, 1676 
4804, 4626, 163 
4805, 4627, 1676 
4806, 4628, 1083 
4807, 4629, 1676 
4808, 4630, 1278 
4809, 4631, 1678 
4810, 4632, 1176 
4811, 4633, 1680 
4812, 4634, 517 
4813, 4635, 1680 
4814, 4636, 1411 
4815, 4637, 1680 
4816, 4638, 1465 
4817, 4639, 1681 
4818, 4640, 283 
4819, 4641, 1681 
4820, 4642, 958 
4821, 4643, 1681 
4822, 4644, 1300 
4823, 4645, 1682 
4824, 4646, 873 
4825, 4647, 1682 
4826, 4648, 1374 
4827, 4649, 1683 
4828, 4650, 381 
4829, 4651, 1683 
4830, 4652, 617 
4831, 4653, 1683 
4832, 4654, 1282 
4833, 4655, 1684 
4834, 4656, 457 
4835, 4657, 1686 
4836, 4658, 137 
4837, 4659, 1686 
4838, 4660, 233 
4839, 4661, 1686 
4840, 4662, 419 
4841, 4663, 1686 
4842, 4664, 444 
4843, 4665, 1687 
4844, 4666, 383 
4845, 4667, 1687 
4846, 4668, 527 
4847, 4669, 1687 
4848, 4670, 1353 
4849, 4671, 1689 
4850, 4672, 963 
4851, 4673, 1689 
4852, 4674, 1404 
4853, 4675, 1690 
4854, 4676, 23 
4855, 4677, 1691 
4856, 4678, 309 
4857, 4679, 1691 
4858, 4680, 723 
4859, 4681, 1691 
4860, 4682, 1635 
4861, 4683, 1692 
4862, 4684, 223 
4863, 4685, 1692 
4864, 4686, 1213 
4865, 4687, 1692 
4866, 4688, 1676 
4867, 4689, 1693 
4868, 4690, 888 
4869, 4691, 1693 
4870, 4692, 960 
4871, 4693, 1696 
4872, 4694, 459 
4873, 4695, 1697 
4874, 4696, 862 
4875, 4697, 1697 
4876, 4698, 1131 
4877, 4699, 1698 
4878, 4700, 905 
4879, 4701, 1698 
4880, 4702, 1302 
4881, 4703, 1698 
4882, 4704, 1472 
4883, 4705, 1700 
4884, 4706, 813 
4885, 4707, 1700 
4886, 4708, 1241 
4887, 4709, 1702 
4888, 4710, 1188 
4889, 4711, 1703 
4890, 4712, 384 
4891, 4713, 1704 
4892, 4714, 902 
4893, 4715, 1705 
4894, 4716, 337 
4895, 4717, 1705 
4896, 4718, 631 
4897, 4719, 1705 
4898, 4720, 814 
4899, 4721, 1707 
4900, 4722, 586 
4901, 4723, 1707 
4902, 4724, 1352 
4903, 4725, 1708 
4904, 4726, 191 
4905, 4727, 1708 
4906, 4728, 512 
4907, 4729, 1708 
4908, 4730, 1681 
4909, 4731, 1709 
4910, 4732, 666 
4911, 4733, 1711 
4912, 4734, 39 
4913, 4735, 1711 
4914, 4736, 977 
4915, 4737, 1711 
4916, 4738, 1409 
4917, 4739, 1712 
4918, 4740, 1116 
4919, 4741, 1713 
4920, 4742, 591 
4921, 4743, 1716 
4922, 4744, 433 
4923, 4745, 1716 
4924, 4746, 567 
4925, 4747, 1717 
4926, 4748, 753 
4927, 4749, 1717 
4928, 4750, 1026 
4929, 4751, 1717 
4930, 4752, 1188 
4931, 4753, 1717 
4932, 4754, 1214 
4933, 4755, 1718 
4934, 4756, 634 
4935, 4757, 1718 
4936, 4758, 818 
4937, 4759, 1721 
4938, 4760, 499 
4939, 4761, 1722 
4940, 4762, 427 
4941, 4763, 1723 
4942, 4764, 1284 
4943, 4765, 1724 
4944, 4766, 1474 
4945, 4767, 1725 
4946, 4768, 212 
4947, 4769, 1726 
4948, 4770, 1010 
4949, 4771, 1728 
4950, 4772, 1709 
4951, 4773, 1729 
4952, 4774, 849 
4953, 4775, 1730 
4954, 4776, 758 
4955, 4777, 1730 
4956, 4778, 887 
4957, 4779, 1730 
4958, 4780, 1232 
4959, 4781, 1730 
4960, 4782, 1575 
4961, 4783, 1731 
4962, 4784, 89 
4963, 4785, 1732 
4964, 4786, 328 
4965, 4787, 1733 
4966, 4788, 648 
4967, 4789, 1733 
4968, 4790, 1472 
4969, 4791, 1735 
4970, 4792, 1311 
4971, 4793, 1735 
4972, 4794, 1375 
4973, 4795, 1736 
4974, 4796, 907 
4975, 4797, 1736 
4976, 4798, 1049 
4977, 4799, 1739 
4978, 4800, 1397 
4979, 4801, 1740 
4980, 4802, 504 
4981, 4803, 1740 
4982, 4804, 1173 
4983, 4805, 1740 
4984, 4806, 1512 
4985, 4807, 1741 
4986, 4808, 1056 
4987, 4809, 1742 
4988, 4810, 967 
4989, 4811, 1742 
4990, 4812, 1061 
4991, 4813, 1742 
4992, 4814, 1668 
4993, 4815, 1743 
4994, 4816, 837 
4995, 4817, 1744 
4996, 4818, 1293 
4997, 4819, 1745 
4998, 4820, 346 
4999, 4821, 1745 
5000, 4822, 1414 
5001, 4823, 1747 
5002, 4824, 331 
5003, 4825, 1747 
5004, 4826, 857 
5005, 4827, 1747 
5006, 4828, 1089 
5007, 4829, 1748 
5008, 4830, 309 
5009, 4831, 1748 
5010, 4832, 675 
5011, 4833, 1749 
5012, 4834, 89 
5013, 4835, 1749 
5014, 4836, 1167 
5015, 4837, 1750 
5016, 4838, 736 
5017, 4839, 1750 
5018, 4840, 1522 
5019, 4841, 1751 
5020, 4842, 113 
5021, 4843, 1751 
5022, 4844, 137 
5023, 4845, 1751 
5024, 4846, 648 
5025, 4847, 1753 
5026, 4848, 135 
5027, 4849, 1753 
5028, 4850, 629 
5029, 4851, 1753 
5030, 4852, 1281 
5031, 4853, 1753 
5032, 4854, 1485 
5033, 4855, 1755 
5034, 4856, 138 
5035, 4857, 1757 
5036, 4858, 176 
5037, 4859, 1759 
5038, 4860, 1728 
5039, 4861, 1760 
5040, 4862, 79 
5041, 4863, 1760 
5042, 4864, 1016 
5043, 4865, 1760 
5044, 4866, 1224 
5045, 4867, 1761 
5046, 4868, 305 
5047, 4869, 1761 
5048, 4870, 1415 
5049, 4871, 1761 
5050, 4872, 1733 
5051, 4873, 1762 
5052, 4874, 320 
5053, 4875, 1762 
5054, 4876, 1285 
5055, 4877, 1765 
5056, 4878, 1079 
5057, 4879, 1765 
5058, 4880, 1312 
5059, 4881, 1769 
5060, 4882, 386 
5061, 4883, 1769 
5062, 4884, 1154 
5063, 4885, 1770 
5064, 4886, 345 
5065, 4887, 1770 
5066, 4888, 935 
5067, 4889, 1771 
5068, 4890, 1170 
5069, 4891, 1772 
5070, 4892, 533 
5071, 4893, 1772 
5072, 4894, 769 
5073, 4895, 1772 
5074, 4896, 1167 
5075, 4897, 1772 
5076, 4898, 1586 
5077, 4899, 1773 
5078, 4900, 503 
5079, 4901, 1774 
5080, 4902, 980 
5081, 4903, 1774 
5082, 4904, 1608 
5083, 4905, 1775 
5084, 4906, 795 
5085, 4907, 1776 
5086, 4908, 1373 
5087, 4909, 1776 
5088, 4910, 1600 
5089, 4911, 1776 
5090, 4912, 1712 
5091, 4913, 1776 
5092, 4914, 1748 
5093, 4915, 1777 
5094, 4916, 608 
5095, 4917, 1777 
5096, 4918, 833 
5097, 4919, 1777 
5098, 4920, 912 
5099, 4921, 1778 
5100, 4922, 1532 
5101, 4923, 1779 
5102, 4924, 1381 
5103, 4925, 1780 
5104, 4926, 916 
5105, 4927, 1780 
5106, 4928, 1602 
5107, 4929, 1781 
5108, 4930, 348 
5109, 4931, 1781 
5110, 4932, 634 
5111, 4933, 1781 
5112, 4934, 1682 
5113, 4935, 1783 
5114, 4936, 1048 
5115, 4937, 1784 
5116, 4938, 518 
5117, 4939, 1785 
5118, 4940, 312 
5119, 4941, 1785 
5120, 4942, 970 
5121, 4943, 1786 
5122, 4944, 826 
5123, 4945, 1787 
5124, 4946, 3 
5125, 4947, 1787 
5126, 4948, 385 
5127, 4949, 1787 
5128, 4950, 835 
5129, 4951, 1788 
5130, 4952, 1303 
5131, 4953, 1788 
5132, 4954, 1411 
5133, 4955, 1789 
5134, 4956, 338 
5135, 4957, 1789 
5136, 4958, 1025 
5137, 4959, 1789 
5138, 4960, 1747 
5139, 4961, 1790 
5140, 4962, 141 
5141, 4963, 1790 
5142, 4964, 761 
5143, 4965, 1790 
5144, 4966, 821 
5145, 4967, 1791 
5146, 4968, 1616 
5147, 4969, 1792 
5148, 4970, 334 
5149, 4971, 1792 
5150, 4972, 452 
5151, 4973, 1792 
5152, 4974, 1163 
5153, 4975, 1793 
5154, 4976, 136 
5155, 4977, 1793 
5156, 4978, 449 
5157, 4979, 1793 
5158, 4980, 1758 
5159, 4981, 1794 
5160, 4982, 540 
5161, 4983, 1796 
5162, 4984, 228 
5163, 4985, 1796 
5164, 4986, 437 
5165, 4987, 1796 
5166, 4988, 1539 
5167, 4989, 1797 
5168, 4990, 581 
5169, 4991, 1797 
5170, 4992, 1313 
5171, 4993, 1798 
5172, 4994, 932 
5173, 4995, 1799 
5174, 4996, 962 
5175, 4997, 1800 
5176, 4998, 544 
5177, 4999, 1801 
5178, 5000, 1193 
5179, 5001, 1801 
5180, 5002, 1293 
5181, 5003, 1802 
5182, 5004, 55 
5183, 5005, 1802 
5184, 5006, 1019 
5185, 5007, 1804 
5186, 5008, 91 
5187, 5009, 1804 
5188, 5010, 1104 
5189, 5011, 1804 
5190, 5012, 1444 
5191, 5013, 1805 
5192, 5014, 58 
5193, 5015, 1805 
5194, 5016, 850 
5195, 5017, 1805 
5196, 5018, 854 
5197, 5019, 1805 
5198, 5020, 1356 
5199, 5021, 1806 
5200, 5022, 440 
5201, 5023, 1806 
5202, 5024, 711 
5203, 5025, 1806 
5204, 5026, 1242 
5205, 5027, 1807 
5206, 5028, 968 
5207, 5029, 1807 
5208, 5030, 1562 
5209, 5031, 1808 
5210, 5032, 915 
5211, 5033, 1809 
5212, 5034, 1435 
5213, 5035, 1809 
5214, 5036, 1442 
5215, 5037, 1809 
5216, 5038, 1542 
5217, 5039, 1810 
5218, 5040, 13 
5219, 5041, 1812 
5220, 5042, 302 
5221, 5043, 1812 
5222, 5044, 724 
5223, 5045, 1812 
5224, 5046, 933 
5225, 5047, 1813 
5226, 5048, 1368 
5227, 5049, 1814 
5228, 5050, 998 
5229, 5051, 1814 
5230, 5052, 1762 
5231, 5053, 1815 
5232, 5054, 1058 
5233, 5055, 1815 
5234, 5056, 1207 
5235, 5057, 1816 
5236, 5058, 237 
5237, 5059, 1817 
5238, 5060, 277 
5239, 5061, 1817 
5240, 5062, 859 
5241, 5063, 1819 
5242, 5064, 323 
5243, 5065, 1819 
5244, 5066, 1029 
5245, 5067, 1819 
5246, 5068, 1338 
5247, 5069, 1820 
5248, 5070, 1690 
5249, 5071, 1820 
5250, 5072, 1732 
5251, 5073, 1821 
5252, 5074, 3 
5253, 5075, 1821 
5254, 5076, 959 
5255, 5077, 1821 
5256, 5078, 1135 
5257, 5079, 1822 
5258, 5080, 29 
5259, 5081, 1823 
5260, 5082, 120 
5261, 5083, 1827 
5262, 5084, 298 
5263, 5085, 1828 
5264, 5086, 669 
5265, 5087, 1829 
5266, 5088, 331 
5267, 5089, 1829 
5268, 5090, 786 
5269, 5091, 1829 
5270, 5092, 983 
5271, 5093, 1829 
5272, 5094, 1494 
5273, 5095, 1830 
5274, 5096, 1346 
5275, 5097, 1830 
5276, 5098, 1403 
5277, 5099, 1831 
5278, 5100, 491 
5279, 5101, 1832 
5280, 5102, 1378 
5281, 5103, 1833 
5282, 5104, 283 
5283, 5105, 1835 
5284, 5106, 389 
5285, 5107, 1835 
5286, 5108, 1114 
5287, 5109, 1836 
5288, 5110, 196 
5289, 5111, 1836 
5290, 5112, 823 
5291, 5113, 1837 
5292, 5114, 191 
5293, 5115, 1837 
5294, 5116, 375 
5295, 5117, 1837 
5296, 5118, 1712 
5297, 5119, 1837 
5298, 5120, 1791 
5299, 5121, 1839 
5300, 5122, 652 
5301, 5123, 1840 
5302, 5124, 28 
5303, 5125, 1840 
5304, 5126, 1385 
5305, 5127, 1841 
5306, 5128, 226 
5307, 5129, 1841 
5308, 5130, 941 
5309, 5131, 1841 
5310, 5132, 1182 
5311, 5133, 1842 
5312, 5134, 1690 
5313, 5135, 1843 
5314, 5136, 1470 
5315, 5137, 1844 
5316, 5138, 1282 
5317, 5139, 1846 
5318, 5140, 264 
5319, 5141, 1846 
5320, 5142, 1149 
5321, 5143, 1846 
5322, 5144, 1191 
5323, 5145, 1846 
5324, 5146, 1453 
5325, 5147, 1847 
5326, 5148, 474 
5327, 5149, 1847 
5328, 5150, 1287 
5329, 5151, 1848 
5330, 5152, 192 
5331, 5153, 1848 
5332, 5154, 729 
5333, 5155, 1848 
5334, 5156, 1291 
5335, 5157, 1849 
5336, 5158, 591 
5337, 5159, 1849 
5338, 5160, 1489 
5339, 5161, 1850 
5340, 5162, 1195 
5341, 5163, 1850 
5342, 5164, 1431 
5343, 5165, 1850 
5344, 5166, 1505 
5345, 5167, 1851 
5346, 5168, 432 
5347, 5169, 1851 
5348, 5170, 1630 
5349, 5171, 1853 
5350, 5172, 751 
5351, 5173, 1854 
5352, 5174, 1359 
5353, 5175, 1855 
5354, 5176, 546 
5355, 5177, 1856 
5356, 5178, 503 
5357, 5179, 1858 
5358, 5180, 828 
5359, 5181, 1858 
5360, 5182, 1564 
5361, 5183, 1858 
5362, 5184, 1627 
5363, 5185, 1859 
5364, 5186, 752 
5365, 5187, 1860 
5366, 5188, 1013 
5367, 5189, 1860 
5368, 5190, 1552 
5369, 5191, 1861 
5370, 5192, 368 
5371, 5193, 1861 
5372, 5194, 1107 
5373, 5195, 1862 
5374, 5196, 373 
5375, 5197, 1862 
5376, 5198, 1073 
5377, 5199, 1863 
5378, 5200, 1067 
5379, 5201, 1864 
5380, 5202, 1235 
5381, 5203, 1864 
5382, 5204, 1414 
5383, 5205, 1864 
5384, 5206, 1702 
5385, 5207, 1865 
5386, 5208, 1791 
5387, 5209, 1866 
5388, 5210, 626 
5389, 5211, 1866 
5390, 5212, 633 
5391, 5213, 1866 
5392, 5214, 923 
5393, 5215, 1867 
5394, 5216, 1704 
5395, 5217, 1869 
5396, 5218, 1021 
5397, 5219, 1870 
5398, 5220, 479 
5399, 5221, 1871 
5400, 5222, 721 
5401, 5223, 1873 
5402, 5224, 223 
5403, 5225, 1873 
5404, 5226, 1220 
5405, 5227, 1873 
5406, 5228, 1366 
5407, 5229, 1874 
5408, 5230, 1333 
5409, 5231, 1875 
5410, 5232, 1614 
5411, 5233, 1876 
5412, 5234, 145 
5413, 5235, 1876 
5414, 5236, 238 
5415, 5237, 1876 
5416, 5238, 443 
5417, 5239, 1877 
5418, 5240, 879 
5419, 5241, 1878 
5420, 5242, 799 
5421, 5243, 1878 
5422, 5244, 1097 
5423, 5245, 1878 
5424, 5246, 1738 
5425, 5247, 1879 
5426, 5248, 192 
5427, 5249, 1879 
5428, 5250, 1549 
5429, 5251, 1881 
5430, 5252, 1218 
5431, 5253, 1881 
5432, 5254, 1402 
5433, 5255, 1882 
5434, 5256, 1055 
5435, 5257, 1884 
5436, 5258, 1624 
5437, 5259, 1886 
5438, 5260, 473 
5439, 5261, 1886 
5440, 5262, 1875 
5441, 5263, 1888 
5442, 5264, 363 
5443, 5265, 1888 
5444, 5266, 1032 
5445, 5267, 1888 
5446, 5268, 1364 
5447, 5269, 1889 
5448, 5270, 1610 
5449, 5271, 1889 
5450, 5272, 1725 
5451, 5273, 1890 
5452, 5274, 390 
5453, 5275, 1890 
5454, 5276, 956 
5455, 5277, 1893 
5456, 5278, 1450 
5457, 5279, 1894 
5458, 5280, 778 
5459, 5281, 1894 
5460, 5282, 1097 
5461, 5283, 1895 
5462, 5284, 2 
5463, 5285, 1895 
5464, 5286, 355 
5465, 5287, 1896 
5466, 5288, 815 
5467, 5289, 1896 
5468, 5290, 1103 
5469, 5291, 1897 
5470, 5292, 608 
5471, 5293, 1897 
5472, 5294, 785 
5473, 5295, 1898 
5474, 5296, 1259 
5475, 5297, 1898 
5476, 5298, 1609 
5477, 5299, 1898 
5478, 5300, 1685 
5479, 5301, 1899 
5480, 5302, 487 
5481, 5303, 1899 
5482, 5304, 575 
5483, 5305, 1900 
5484, 5306, 179 
5485, 5307, 1901 
5486, 5308, 481 
5487, 5309, 1901 
5488, 5310, 1039 
5489, 5311, 1901 
5490, 5312, 1817 
5491, 5313, 1902 
5492, 5314, 527 
5493, 5315, 1902 
5494, 5316, 1384 
5495, 5317, 1903 
5496, 5318, 1284 
5497, 5319, 1903 
5498, 5320, 1760 
5499, 5321, 1905 
5500, 5322, 881 
5501, 5323, 1905 
5502, 5324, 1564 
5503, 5325, 1906 
5504, 5326, 522 
5505, 5327, 1906 
5506, 5328, 876 
5507, 5329, 1906 
5508, 5330, 1116 
5509, 5331, 1908 
5510, 5332, 451 
5511, 5333, 1908 
5512, 5334, 1142 
5513, 5335, 1908 
5514, 5336, 1651 
5515, 5337, 1909 
5516, 5338, 654 
5517, 5339, 1909 
5518, 5340, 1076 
5519, 5341, 1909 
5520, 5342, 1752 
5521, 5343, 1910 
5522, 5344, 63 
5523, 5345, 1910 
5524, 5346, 787 
5525, 5347, 1910 
5526, 5348, 1084 
5527, 5349, 1910 
5528, 5350, 1857 
5529, 5351, 1912 
5530, 5352, 1033 
5531, 5353, 1912 
5532, 5354, 1281 
5533, 5355, 1913 
5534, 5356, 1835 
5535, 5357, 1914 
5536, 5358, 253 
5537, 5359, 1914 
5538, 5360, 1508 
5539, 5361, 1914 
5540, 5362, 1660 
5541, 5363, 1915 
5542, 5364, 228 
5543, 5365, 1915 
5544, 5366, 1366 
5545, 5367, 1917 
5546, 5368, 486 
5547, 5369, 1917 
5548, 5370, 629 
5549, 5371, 1917 
5550, 5372, 1050 
5551, 5373, 1918 
5552, 5374, 1350 
5553, 5375, 1918 
5554, 5376, 1628 
5555, 5377, 1919 
5556, 5378, 294 
5557, 5379, 1919 
5558, 5380, 1248 
5559, 5381, 1919 
5560, 5382, 1263 
5561, 5383, 1920 
5562, 5384, 642 
5563, 5385, 1920 
5564, 5386, 913 
5565, 5387, 1920 
5566, 5388, 1604 
5567, 5389, 1922 
5568, 5390, 548 
5569, 5391, 1922 
5570, 5392, 1348 
5571, 5393, 1923 
5572, 5394, 166 
5573, 5395, 1923 
5574, 5396, 199 
5575, 5397, 1923 
5576, 5398, 945 
5577, 5399, 1925 
5578, 5400, 731 
5579, 5401, 1925 
5580, 5402, 1032 
5581, 5403, 1926 
5582, 5404, 413 
5583, 5405, 1926 
5584, 5406, 687 
5585, 5407, 1926 
5586, 5408, 1787 
5587, 5409, 1928 
5588, 5410, 723 
5589, 5411, 1928 
5590, 5412, 888 
5591, 5413, 1929 
5592, 5414, 693 
5593, 5415, 1929 
5594, 5416, 902 
5595, 5417, 1929 
5596, 5418, 976 
5597, 5419, 1930 
5598, 5420, 959 
5599, 5421, 1930 
5600, 5422, 1572 
5601, 5423, 1931 
5602, 5424, 1366 
5603, 5425, 1931 
5604, 5426, 1751 
5605, 5427, 1932 
5606, 5428, 197 
5607, 5429, 1932 
5608, 5430, 590 
5609, 5431, 1932 
5610, 5432, 1199 
5611, 5433, 1932 
5612, 5434, 1631 
5613, 5435, 1934 
5614, 5436, 1493 
5615, 5437, 1936 
5616, 5438, 1041 
5617, 5439, 1937 
5618, 5440, 512 
5619, 5441, 1937 
5620, 5442, 980 
5621, 5443, 1937 
5622, 5444, 1550 
5623, 5445, 1939 
5624, 5446, 792 
5625, 5447, 1940 
5626, 5448, 72 
5627, 5449, 1940 
5628, 5450, 1726 
5629, 5451, 1941 
5630, 5452, 175 
5631, 5453, 1941 
5632, 5454, 345 
5633, 5455, 1941 
5634, 5456, 684 
5635, 5457, 1943 
5636, 5458, 901 
5637, 5459, 1943 
5638, 5460, 1262 
5639, 5461, 1943 
5640, 5462, 1504 
5641, 5463, 1943 
5642, 5464, 1576 
5643, 5465, 1947 
5644, 5466, 1359 
5645, 5467, 1947 
5646, 5468, 1728 
5647, 5469, 1949 
5648, 5470, 502 
5649, 5471, 1949 
5650, 5472, 789 
5651, 5473, 1950 
5652, 5474, 187 
5653, 5475, 1951 
5654, 5476, 371 
5655, 5477, 1951 
5656, 5478, 733 
5657, 5479, 1951 
5658, 5480, 1387 
5659, 5481, 1951 
5660, 5482, 1489 
5661, 5483, 1952 
5662, 5484, 657 
5663, 5485, 1953 
5664, 5486, 526 
5665, 5487, 1953 
5666, 5488, 865 
5667, 5489, 1953 
5668, 5490, 1199 
5669, 5491, 1955 
5670, 5492, 379 
5671, 5493, 1956 
5672, 5494, 352 
5673, 5495, 1956 
5674, 5496, 911 
5675, 5497, 1956 
5676, 5498, 1477 
5677, 5499, 1958 
5678, 5500, 575 
5679, 5501, 1958 
5680, 5502, 1105 
5681, 5503, 1958 
5682, 5504, 1187 
5683, 5505, 1960 
5684, 5506, 140 
5685, 5507, 1960 
5686, 5508, 217 
5687, 5509, 1960 
5688, 5510, 1631 
5689, 5511, 1961 
5690, 5512, 128 
5691, 5513, 1961 
5692, 5514, 1557 
5693, 5515, 1963 
5694, 5516, 296 
5695, 5517, 1963 
5696, 5518, 1546 
5697, 5519, 1963 
5698, 5520, 1755 
5699, 5521, 1964 
5700, 5522, 319 
5701, 5523, 1964 
5702, 5524, 523 
5703, 5525, 1964 
5704, 5526, 1139 
5705, 5527, 1965 
5706, 5528, 565 
5707, 5529, 1965 
5708, 5530, 1343 
5709, 5531, 1966 
5710, 5532, 397 
5711, 5533, 1968 
5712, 5534, 1386 
5713, 5535, 1969 
5714, 5536, 127 
5715, 5537, 1969 
5716, 5538, 993 
5717, 5539, 1969 
5718, 5540, 1754 
5719, 5541, 1970 
5720, 5542, 736 
5721, 5543, 1970 
5722, 5544, 1509 
5723, 5545, 1970 
5724, 5546, 1518 
5725, 5547, 1971 
5726, 5548, 1047 
5727, 5549, 1971 
5728, 5550, 1889 
5729, 5551, 1972 
5730, 5552, 1418 
5731, 5553, 1974 
5732, 5554, 506 
5733, 5555, 1974 
5734, 5556, 1171 
5735, 5557, 1975 
5736, 5558, 1122 
5737, 5559, 1975 
5738, 5560, 1445 
5739, 5561, 1975 
5740, 5562, 1802 
5741, 5563, 1976 
5742, 5564, 22 
5743, 5565, 1976 
5744, 5566, 1452 
5745, 5567, 1976 
5746, 5568, 1512 
5747, 5569, 1977 
5748, 5570, 587 
5749, 5571, 1977 
5750, 5572, 1948 
5751, 5573, 1978 
5752, 5574, 592 
5753, 5575, 1980 
5754, 5576, 112 
5755, 5577, 1980 
5756, 5578, 275 
5757, 5579, 1980 
5758, 5580, 485 
5759, 5581, 1981 
5760, 5582, 473 
5761, 5583, 1982 
5762, 5584, 680 
5763, 5585, 1982 
5764, 5586, 1087 
5765, 5587, 1982 
5766, 5588, 1111 
5767, 5589, 1982 
5768, 5590, 1763 
5769, 5591, 1985 
5770, 5592, 563 
5771, 5593, 1985 
5772, 5594, 821 
5773, 5595, 1985 
5774, 5596, 1474 
5775, 5597, 1986 
5776, 5598, 558 
5777, 5599, 1986 
5778, 5600, 686 
5779, 5601, 1987 
5780, 5602, 126 
5781, 5603, 1987 
5782, 5604, 494 
5783, 5605, 1988 
5784, 5606, 553 
5785, 5607, 1988 
5786, 5608, 1332 
5787, 5609, 1989 
5788, 5610, 1741 
5789, 5611, 1990 
5790, 5612, 463 
5791, 5613, 1990 
5792, 5614, 744 
5793, 5615, 1991 
5794, 5616, 1607 
5795, 5617, 1992 
5796, 5618, 7 
5797, 5619, 1992 
5798, 5620, 1621 
5799, 5621, 1994 
5800, 5622, 333 
5801, 5623, 1994 
5802, 5624, 1183 
5803, 5625, 1994 
5804, 5626, 1588 
5805, 5627, 1996 
5806, 5628, 311 
5807, 5629, 1996 
5808, 5630, 1840 
5809, 5631, 1997 
5810, 5632, 507 
5811, 5633, 1997 
5812, 5634, 1426 
5813, 5635, 1997 
5814, 5636, 1669 
5815, 5637, 1998 
5816, 5638, 163 
5817, 5639, 1998 
5818, 5640, 1727 
5819, 5641, 1998 
5820, 5642, 1790 
5821, 5643, 2000 
5822, 5644, 904 
$boundary
2001 2002 2003 2004 2005 2006 2007 2008 2009 2010 2011 2012 2013 2014 2015 2016 2017 2018 2019 2020 2021 2022 2023 2024 2025 2026 2027 2028 2029 2030 2031 2032 2033 2034 2035 2036 2037 2038 2039 2040 2041 2042 2043 2044 2045 2046 2047 2048 2049 2050 2051 2052 2053 2054 2055 2056 2057 2058 2059 2060 2061 2062 2063 2064 2065 2066 2067 2068 2069 2070 2071 2072 2073 2074 2075 2076 2077 2078 2079 2080 2081 2082 2083 2084 2085 2086 2087 2088 2089 2090 2091 2092 2093 2094 2095 2096 2097 2098 2099 2100 2101 2102 2103 2104 2105 2106 2107 2108 2109 2110 2111 2112 2113 2114 2115 2116 2117 2118 2119 2120 2121 2122 2123 2124 2125 2126 2127 2128 2129 2130 2131 2132 2133 2134 2135 2136 2137 2138 2139 2140 2141 2142 2143 2144 2145 2146 2147 2148 2149 2150 2151 2152 2153 2154 2155 2156 2157 2158 2159 2160 2161 2162 2163 2164 2165 2166 2167 2168 2169 2170 2171 2172 2173 2174 2175 2176 2177 2178 2179 2180 2181 2182 2183 2184 2185 2186 2187 2188 2189 2190 2191 2192 2193 2194 2195 2196 2197 2198 2199 2200 2201 2202 2203 2204 2205 2206 2207 2208 2209 2210 2211 2212 2213 2214 2215 2216 2217 2218 2219 2220 2221 2222 2223 2224 2225 2226 2227 2228 2229 2230 2231 2232 2233 2234 2235 2236 2237 2238 2239 2240 2241 2242 2243 2244 2245 2246 2247 2248 2249 2250 2251 2252 2253 2254 2255 2256 2257 2258 2259 2260 2261 2262 2263 2264 2265 2266 2267 2268 2269 2270 2271 2272 2273 2274 2275 2276 2277 2278 2279 2280 2281 2282 2283 2284 2285 2286 2287 2288 2289 2290 2291 2292 2293 2294 2295 2296 2297 2298 2299 2300 2301 2302 2303 2304 2305 2306 2307 2308 2309 2310 2311 2312 2313 2314 2315 2316 2317 2318 2319 2320 2321 2322 2323 2324 2325 2326 2327 2328 2329 2330 2331 2332 2333 2334 2335 2336 2337 2338 2339 2340 2341 2342 2343 2344 2345 2346 2347 2348 2349 2350 2351 2352 2353 2354 2355 2356 2357 2358 2359 2360 2361 2362 2363 2364 2365 2366 2367 2368 2369 2370 2371 2372 2373 2374 2375 2376 2377 2378 2379 2380 2381 2382 2383 2384 2385 2386 2387 2388 2389 2390 2391 2392 2393 2394 2395 2396 2397 2398 2399 2400 2401 2402 2403 2404 2405 2406 2407 2408 2409 2410 2411 2412 2413 2414 2415 2416 2417 2418 2419 2420 2421 2422 2423 2424 2425 2426 2427 2428 2429 2430 2431 2432 2433 2434 2435 2436 2437 2438 2439 2440 2441 2442 2443 2444 2445 2446 2447 2448 2449 2450 2451 2452 2453 2454 2455 2456 2457 2458 2459 2460 2461 2462 2463 2464 2465 2466 2467 2468 2469 2470 2471 2472 2473 2474 2475 2476 2477 2478 2479 2480 2481 2482 2483 2484 2485 2486 2487 2488 2489 2490 2491 2492 2493 2494 2495 2496 2497 2498 2499 2500 2501 2502 2503 2504 2505 2506 2507 2508 2509 2510 2511 2512 2513 2514 2515 2516 2517 2518 2519 2520 2521 2522 2523 2524 2525 2526 2527 2528 2529 2530 2531 2532 2533 2534 2535 2536 2537 2538 2539 2540 2541 2542 2543 2544 2545 2546 2547 2548 2549 2550 2551 2552 2553 2554 2555 2556 2557 2558 2559 2560 2561 2562 2563 2564 2565 2566 2567 2568 2569 2570 2571 2572 2573 2574 2575 2576 2577 2578 2579 2580 2581 2582 2583 2584 2585 2586 2587 2588 2589 2590 2591 2592 2593 2594 2595 2596 2597 2598 2599 2600 2601 2602 2603 2604 2605 2606 2607 2608 2609 2610 2611 2612 2613 2614 2615 2616 2617 2618 2619 2620 2621 2622 2623 2624 2625 2626 2627 2628 2629 2630 2631 2632 2633 2634 2635 2636 2637 2638 2639 2640 2641 2642 2643 2644 2645 2646 2647 2648 2649 2650 2651 2652 2653 2654 2655 2656 2657 2658 2659 2660 2661 2662 2663 2664 2665 2666 2667 2668 2669 2670 2671 2672 2673 2674 2675 2676 2677 2678 2679 2680 2681 2682 2683 2684 2685 2686 2687 2688 2689 2690 2691 2692 2693 2694 2695 2696 2697 2698 2699 2700 2701 2702 2703 2704 2705 2706 2707 2708 2709 2710 2711 2712 2713 2714 2715 2716 2717 2718 2719 2720 2721 2722 2723 2724 2725 2726 2727 2728 2729 2730 2731 2732 2733 2734 2735 2736 2737 2738 2739 2740 2741 2742 2743 2744 2745 2746 2747 2748 2749 2750 2751 2752 2753 2754 2755 2756 2757 2758 2759 2760 2761 2762 2763 2764 2765 2766 2767 2768 2769 2770 2771 2772 2773 2774 2775 2776 2777 2778 2779 2780 2781 2782 2783 2784 2785 2786 2787 2788 2789 2790 2791 2792 2793 2794 2795 2796 2797 2798 2799 2800 2801 2802 2803 2804 2805 2806 2807 2808 2809 2810 2811 2812 2813 2814 2815 2816 2817 2818 2819 2820 2821 2822 2823 2824 2825 2826 2827 2828 2829 2830 2831 2832 2833 2834 2835 2836 2837 2838 2839 2840 2841 2842 2843 2844 2845 2846 2847 2848 2849 2850 2851 2852 2853 2854 2855 2856 2857 2858 2859 2860 2861 2862 2863 2864 2865 2866 2867 2868 2869 2870 2871 2872 2873 2874 2875 2876 2877 2878 2879 2880 2881 2882 2883 2884 2885 2886 2887 2888 2889 2890 2891 2892 2893 2894 2895 2896 2897 2898 2899 2900 2901 2902 2903 2904 2905 2906 2907 2908 2909 2910 2911 2912 2913 2914 2915 2916 2917 2918 2919 2920 2921 2922 2923 2924 2925 2926 2927 2928 2929 2930 2931 2932 2933 2934 2935 2936 2937 2938 2939 2940 2941 2942 2943 2944 2945 2946 2947 2948 2949 2950 2951 2952 2953 2954 2955 2956 2957 2958 2959 2960 2961 2962 2963 2964 2965 2966 2967 2968 2969 2970 2971 2972 2973 2974 2975 2976 2977 2978 2979 2980 2981 2982 2983 2984 2985 2986 2987 2988 2989 2990 2991 2992 2993 2994 2995 2996 2997 2998 2999 3000 3001 3002 3003 3004 3005 3006 3007 3008 3009 3010 3011 3012 3013 3014 3015 3016 3017 3018 3019 3020 3021 3022 3023 3024 3025 3026 3027 3028 3029 3030 3031 3032 3033 3034 3035 3036 3037 3038 3039 3040 3041 3042 3043 3044 3045 3046 3047 3048 3049 3050 3051 3052 3053 3054 3055 3056 3057 3058 3059 3060 3061 3062 3063 3064 3065 3066 3067 3068 3069 3070 3071 3072 3073 3074 3075 3076 3077 3078 3079 3080 3081 3082 3083 3084 3085 3086 3087 3088 3089 3090 3091 3092 3093 3094 3095 3096 3097 3098 3099 3100 3101 3102 3103 3104 3105 3106 3107 3108 3109 3110 3111 3112 3113 3114 3115 3116 3117 3118 3119 3120 3121 3122 3123 3124 3125 3126 3127 3128 3129 3130 3131 3132 3133 3134 3135 3136 3137 3138 3139 3140 3141 3142 3143 3144 3145 3146 3147 3148 3149 3150 3151 3152 3153 3154 3155 3156 3157 3158 3159 3160 3161 3162 3163 3164 3165 3166 3167 3168 3169 3170 3171 3172 3173 3174 3175 3176 3177 3178 3179 3180 3181 3182 3183 3184 3185 3186 3187 3188 3189 3190 3191 3192 3193 3194 3195 3196 3197 3198 3199 3200 3201 3202 3203 3204 3205 3206 3207 3208 3209 3210 3211 3212 3213 3214 3215 3216 3217 3218 3219 3220 3221 3222 3223 3224 3225 3226 3227 3228 3229 3230 3231 3232 3233 3234 3235 3236 3237 3238 3239 3240 3241 3242 3243 3244 3245 3246 3247 3248 3249 3250 3251 3252 3253 3254 3255 3256 3257 3258 3259 3260 3261 3262 3263 3264 3265 3266 3267 3268 3269 3270 3271 3272 3273 3274 3275 3276 3277 3278 3279 3280 3281 3282 3283 3284 3285 3286 3287 3288 3289 3290 3291 3292 3293 3294 3295 3296 3297 3298 3299 3300 3301 3302 3303 3304 3305 3306 3307 3308 3309 3310 3311 3312 3313 3314 3315 3316 3317 3318 3319 3320 3321 3322 3323 3324 3325 3326 3327 3328 3329 3330 3331 3332 3333 3334 3335 3336 3337 3338 3339 3340 3341 3342 3343 3344 3345 3346 3347 3348 3349 3350 3351 3352 3353 3354 3355 3356 3357 3358 3359 3360 3361 3362 3363 3364 3365 3366 3367 3368 3369 3370 3371 3372 3373 3374 3375 3376 3377 3378 3379 3380 3381 3382 3383 3384 3385 3386 3387 3388 3389 3390 3391 3392 3393 3394 3395 3396 3397 3398 3399 3400 3401 3402 3403 3404 3405 3406 3407 3408 3409 3410 3411 3412 3413 3414 3415 3416 3417 3418 3419 3420 3421 3422 3423 3424 3425 3426 3427 3428 3429 3430 3431 3432 3433 3434 3435 3436 3437 3438 3439 3440 3441 3442 3443 3444 3445 3446 3447 3448 3449 3450 3451 3452 3453 3454 3455 3456 3457 3458 3459 3460 3461 3462 3463 3464 3465 3466 3467 3468 3469 3470 3471 3472 3473 3474 3475 3476 3477 3478 3479 3480 3481 3482 3483 3484 3485 3486 3487 3488 3489 3490 3491 3492 3493 3494 3495 3496 3497 3498 3499 3500 3501 3502 3503 3504 3505 3506 3507 3508 3509 3510 3511 3512 3513 3514 3515 3516 3517 3518 3519 3520 3521 3522 3523 3524 3525 3526 3527 3528 3529 3530 3531 3532 3533 3534 3535 3536 3537 3538 3539 3540 3541 3542 3543 3544 3545 3546 3547 3548 3549 3550 3551 3552 3553 3554 3555 3556 3557 3558 3559 3560 3561 3562 3563 3564 3565 3566 3567 3568 3569 3570 3571 3572 3573 3574 3575 3576 3577 3578 3579 3580 3581 3582 3583 3584 3585 3586 3587 3588 3589 3590 3591 3592 3593 3594 3595 3596 3597 3598 3599 3600 3601 3602 3603 3604 3605 3606 3607 3608 3609 3610 3611 3612 3613 3614 3615 3616 3617 3618 3619 3620 3621 3622 3623 3624 3625 3626 3627 3628 3629 3630 3631 3632 3633 3634 3635 3636 3637 3638 3639 3640 3641 3642 3643 3644 3645 3646 3647 3648 3649 3650 3651 3652 3653 3654 3655 3656 3657 3658 3659 3660 3661 3662 3663 3664 3665 3666 3667 3668 3669 3670 3671 3672 3673 3674 3675 3676 3677 3678 3679 3680 3681 3682 3683 3684 3685 3686 3687 3688 3689 3690 3691 3692 3693 3694 3695 3696 3697 3698 3699 3700 3701 3702 3703 3704 3705 3706 3707 3708 3709 3710 3711 3712 3713 3714 3715 3716 3717 3718 3719 3720 3721 3722 3723 3724 3725 3726 3727 3728 3729 3730 3731 3732 3733 3734 3735 3736 3737 3738 3739 3740 3741 3742 3743 3744 3745 3746 3747 3748 3749 3750 3751 3752 3753 3754 3755 3756 3757 3758 3759 3760 3761 3762 3763 3764 3765 3766 3767 3768 3769 3770 3771 3772 3773 3774 3775 3776 3777 3778 3779 3780 3781 3782 3783 3784 3785 3786 3787 3788 3789 3790 3791 3792 3793 3794 3795 3796 3797 3798 3799 3800 3801 3802 3803 3804 3805 3806 3807 3808 3809 3810 3811 3812 3813 3814 3815 3816 3817 3818 3819 3820 3821 3822 3823 3824 3825 3826 3827 3828 3829 3830 3831 3832 3833 3834 3835 3836 3837 3838 3839 3840 3841 3842 3843 3844 3845 3846 3847 3848 3849 3850 3851 3852 3853 3854 3855 3856 3857 3858 3859 3860 3861 3862 3863 3864 3865 3866 3867 3868 3869 3870 3871 3872 3873 3874 3875 3876 3877 3878 3879 3880 3881 3882 3883 3884 3885 3886 3887 3888 3889 3890 3891 3892 3893 3894 3895 3896 3897 3898 3899 3900 3901 3902 3903 3904 3905 3906 3907 3908 3909 3910 3911 3912 3913 3914 3915 3916 3917 3918 3919 3920 3921 3922 3923 3924 3925 3926 3927 3928 3929 3930 3931 3932 3933 3934 3935 3936 3937 3938 3939 3940 3941 3942 3943 3944 3945 3946 3947 3948 3949 3950 3951 3952 3953 3954 3955 3956 3957 3958 3959 3960 3961 3962 3963 3964 3965 3966 3967 3968 3969 3970 3971 3972 3973 3974 3975 3976 3977 3978 3979 3980 3981 3982 3983 3984 3985 3986 3987 3988 3989 3990 3991 3992 3993 3994 3995 3996 3997 3998 3999 4000 4001 4002 4003 4004 4005 4006 4007 4008 4009 4010 4011 4012 4013 4014 4015 4016 4017 4018 4019 4020 4021 4022 4023 4024 4025 4026 4027 4028 4029 4030 4031 4032 4033 4034 4035 4036 4037 4038 4039 4040 4041 4042 4043 4044 4045 4046 4047 4048 4049 4050 4051 4052 4053 4054 4055 4056 4057 4058 4059 4060 4061 4062 4063 4064 4065 4066 4067 4068 4069 4070 4071 4072 4073 4074 4075 4076 4077 4078 4079 4080 4081 4082 4083 4084 4085 4086 4087 4088 4089 4090 4091 4092 4093 4094 4095 4096 4097 4098 4099 4100 4101 4102 4103 4104 4105 4106 4107 4108 4109 4110 4111 4112 4113 4114 4115 4116 4117 4118 4119 4120 4121 4122 4123 4124 4125 4126 4127 4128 4129 4130 4131 4132 4133 4134 4135 4136 4137 4138 4139 4140 4141 4142 4143 4144 4145 4146 4147 4148 4149 4150 4151 4152 4153 4154 4155 4156 4157 4158 4159 4160 4161 4162 4163 4164 4165 4166 4167 4168 4169 4170 4171 4172 4173 4174 4175 4176 4177 4178 4179 4180 4181 4182 4183 4184 4185 4186 4187 4188 4189 4190 4191 4192 4193 4194 4195 4196 4197 4198 4199 4200 4201 4202 4203 4204 4205 4206 4207 4208 4209 4210 4211 4212 4213 4214 4215 4216 4217 4218 4219 4220 4221 4222 4223 4224 4225 4226 4227 4228 4229 4230 4231 4232 4233 4234 4235 4236 4237 4238 4239 4240 4241 4242 4243 4244 4245 4246 4247 4248 4249 4250 4251 4252 4253 4254 4255 4256 4257 4258 4259 4260 4261 4262 4263 4264 4265 4266 4267 4268 4269 4270 4271 4272 4273 4274 4275 4276 4277 4278 4279 4280 4281 4282 4283 4284 4285 4286 4287 4288 4289 4290 4291 4292 4293 4294 4295 4296 4297 4298 4299 4300 4301 4302 4303 4304 4305 4306 4307 4308 4309 4310 4311 4312 4313 4314 4315 4316 4317 4318 4319 4320 4321 4322 4323 4324 4325 4326 4327 4328 4329 4330 4331 4332 4333 4334 4335 4336 4337 4338 4339 4340 4341 4342 4343 4344 4345 4346 4347 4348 4349 4350 4351 4352 4353 4354 4355 4356 4357 4358 4359 4360 4361 4362 4363 4364 4365 4366 4367 4368 4369 4370 4371 4372 4373 4374 4375 4376 4377 4378 4379 4380 4381 4382 4383 4384 4385 4386 4387 4388 4389 4390 4391 4392 4393 4394 4395 4396 4397 4398 4399 4400 4401 4402 4403 4404 4405 4406 4407 4408 4409 4410 4411 4412 4413 4414 4415 4416 4417 4418 4419 4420 4421 4422 4423 4424 4425 4426 4427 4428 4429 4430 4431 4432 4433 4434 4435 4436 4437 4438 4439 4440 4441 4442 4443 4444 4445 4446 4447 4448 4449 4450 4451 4452 4453 4454 4455 4456 4457 4458 4459 4460 4461 4462 4463 4464 4465 4466 4467 4468 4469 4470 4471 4472 4473 4474 4475 4476 4477 4478 4479 4480 4481 4482 4483 4484 4485 4486 4487 4488 4489 4490 4491 4492 4493 4494 4495 4496 4497 4498 4499 4500 4501 4502 4503 4504 4505 4506 4507 4508 4509 4510 4511 4512 4513 4514 4515 4516 4517 4518 4519 4520 4521 4522 4523 4524 4525 4526 4527 4528 4529 4530 4531 4532 4533 4534 4535 4536 4537 4538 4539 4540 4541 4542 4543 4544 4545 4546 4547 4548 4549 4550 4551 4552 4553 4554 4555 4556 4557 4558 4559 4560 4561 4562 4563 4564 4565 4566 4567 4568 4569 4570 4571 4572 4573 4574 4575 4576 4577 4578 4579 4580 4581 4582 4583 4584 4585 4586 4587 4588 4589 4590 4591 4592 4593 4594 4595 4596 4597 4598 4599 4600 4601 4602 4603 4604 4605 4606 4607 4608 4609 4610 4611 4612 4613 4614 4615 4616 4617 4618 4619 4620 4621 4622 4623 4624 4625 4626 4627 4628 4629 4630 4631 4632 4633 4634 4635 4636 4637 4638 4639 4640 4641 4642 4643 4644 4645 4646 4647 4648 4649 4650 4651 4652 4653 4654 4655 4656 4657 4658 4659 4660 4661 4662 4663 4664 4665 4666 4667 4668 4669 4670 4671 4672 4673 4674 4675 4676 4677 4678 4679 4680 4681 4682 4683 4684 4685 4686 4687 4688 4689 4690 4691 4692 4693 4694 4695 4696 4697 4698 4699 4700 4701 4702 4703 4704 4705 4706 4707 4708 4709 4710 4711 4712 4713 4714 4715 4716 4717 4718 4719 4720 4721 4722 4723 4724 4725 4726 4727 4728 4729 4730 4731 4732 4733 4734 4735 4736 4737 4738 4739 4740 4741 4742 4743 4744 4745 4746 4747 4748 4749 4750 4751 4752 4753 4754 4755 4756 4757 4758 4759 4760 4761 4762 4763 4764 4765 4766 4767 4768 4769 4770 4771 4772 4773 4774 4775 4776 4777 4778 4779 4780 4781 4782 4783 4784 4785 4786 4787 4788 4789 4790 4791 4792 4793 4794 4795 4796 4797 4798 4799 4800 4801 4802 4803 4804 4805 4806 4807 4808 4809 4810 4811 4812 4813 4814 4815 4816 4817 4818 4819 4820 4821 4822 4823 4824 4825 4826 4827 4828 4829 4830 4831 4832 4833 4834 4835 4836 4837 4838 4839 4840 4841 4842 4843 4844 4845 4846 4847 4848 4849 4850 4851 4852 4853 4854 4855 4856 4857 4858 4859 4860 4861 4862 4863 4864 4865 4866 4867 4868 4869 4870 4871 4872 4873 4874 4875 4876 4877 4878 4879 4880 4881 4882 4883 4884 4885 4886 4887 4888 4889 4890 4891 4892 4893 4894 4895 4896 4897 4898 4899 4900 4901 4902 4903 4904 4905 4906 4907 4908 4909 4910 4911 4912 4913 4914 4915 4916 4917 4918 4919 4920 4921 4922 4923 4924 4925 4926 4927 4928 4929 4930 4931 4932 4933 4934 4935 4936 4937 4938 4939 4940 4941 4942 4943 4944 4945 4946 4947 4948 4949 4950 4951 4952 4953 4954 4955 4956 4957 4958 4959 4960 4961 4962 4963 4964 4965 4966 4967 4968 4969 4970 4971 4972 4973 4974 4975 4976 4977 4978 4979 4980 4981 4982 4983 4984 4985 4986 4987 4988 4989 4990 4991 4992 4993 4994 4995 4996 4997 4998 4999 5000 5001 5002 5003 5004 5005 5006 5007 5008 5009 5010 5011 5012 5013 5014 5015 5016 5017 5018 5019 5020 5021 5022 5023 5024 5025 5026 5027 5028 5029 5030 5031 5032 5033 5034 5035 5036 5037 5038 5039 5040 5041 5042 5043 5044 5045 5046 5047 5048 5049 5050 5051 5052 5053 5054 5055 5056 5057 5058 5059 5060 5061 5062 5063 5064 5065 5066 5067 5068 5069 5070 5071 5072 5073 5074 5075 5076 5077 5078 5079 5080 5081 5082 5083 5084 5085 5086 5087 5088 5089 5090 5091 5092 5093 5094 5095 5096 5097 5098 5099 5100 5101 5102 5103 5104 5105 5106 5107 5108 5109 5110 5111 5112 5113 5114 5115 5116 5117 5118 5119 5120 5121 5122 5123 5124 5125 5126 5127 5128 5129 5130 5131 5132 5133 5134 5135 5136 5137 5138 5139 5140 5141 5142 5143 5144 5145 5146 5147 5148 5149 5150 5151 5152 5153 5154 5155 5156 5157 5158 5159 5160 5161 5162 5163 5164 5165 5166 5167 5168 5169 5170 5171 5172 5173 5174 5175 5176 5177 5178 5179 5180 5181 5182 5183 5184 5185 5186 5187 5188 5189 5190 5191 5192 5193 5194 5195 5196 5197 5198 5199 5200 5201 5202 5203 5204 5205 5206 5207 5208 5209 5210 5211 5212 5213 5214 5215 5216 5217 5218 5219 5220 5221 5222 5223 5224 5225 5226 5227 5228 5229 5230 5231 5232 5233 5234 5235 5236 5237 5238 5239 5240 5241 5242 5243 5244 5245 5246 5247 5248 5249 5250 5251 5252 5253 5254 5255 5256 5257 5258 5259 5260 5261 5262 5263 5264 5265 5266 5267 5268 5269 5270 5271 5272 5273 5274 5275 5276 5277 5278 5279 5280 5281 5282 5283 5284 5285 5286 5287 5288 5289 5290 5291 5292 5293 5294 5295 5296 5297 5298 5299 5300 5301 5302 5303 5304 5305 5306 5307 5308 5309 5310 5311 5312 5313 5314 5315 5316 5317 5318 5319 5320 5321 5322 5323 5324 5325 5326 5327 5328 5329 5330 5331 5332 5333 5334 5335 5336 5337 5338 5339 5340 5341 5342 5343 5344 5345 5346 5347 5348 5349 5350 5351 5352 5353 5354 5355 5356 5357 5358 5359 5360 5361 5362 5363 5364 5365 5366 5367 5368 5369 5370 5371 5372 5373 5374 5375 5376 5377 5378 5379 5380 5381 5382 5383 5384 5385 5386 5387 5388 5389 5390 5391 5392 5393 5394 5395 5396 5397 5398 5399 5400 5401 5402 5403 5404 5405 5406 5407 5408 5409 5410 5411 5412 5413 5414 5415 5416 5417 5418 5419 5420 5421 5422 5423 5424 5425 5426 5427 5428 5429 5430 5431 5432 5433 5434 5435 5436 5437 5438 5439 5440 5441 5442 5443 5444 5445 5446 5447 5448 5449 5450 5451 5452 5453 5454 5455 5456 5457 5458 5459 5460 5461 5462 5463 5464 5465 5466 5467 5468 5469 5470 5471 5472 5473 5474 5475 5476 5477 5478 5479 5480 5481 5482 5483 5484 5485 5486 5487 5488 5489 5490 5491 5492 5493 5494 5495 5496 5497 5498 5499 5500 5501 5502 5503 5504 5505 5506 5507 5508 5509 5510 5511 5512 5513 5514 5515 5516 5517 5518 5519 5520 5521 5522 5523 5524 5525 5526 5527 5528 5529 5530 5531 5532 5533 5534 5535 5536 5537 5538 5539 5540 5541 5542 5543 5544 5545 5546 5547 5548 5549 5550 5551 5552 5553 5554 5555 5556 5557 5558 5559 5560 5561 5562 5563 5564 5565 5566 5567 5568 5569 5570 5571 5572 5573 5574 5575 5576 5577 5578 5579 5580 5581 5582 5583 5584 5585 5586 5587 5588 5589 5590 5591 5592 5593 5594 5595 5596 5597 5598 5599 5600 5601 5602 5603 5604 5605 5606 5607 5608 5609 5610 5611 5612 5613 5614 5615 5616 5617 5618 5619 5620 5621 5622 5623 5624 5625 5626 5627 5628 5629 5630 5631 5632 5633 5634 5635 5636 5637 5638 5639 5640 5641 5642 5643 5644 
$BondTypes
1, 400 
2, 400 
3, 400 
4, 400 
5, 400 
6, 400 
7, 400 
8, 400 
9, 400 
10, 400 
11, 400 
12, 400 
13, 400 
14, 400 
15, 400 
16, 400 
17, 400 
18, 400 
19, 400 
20, 400 
21, 400 
22, 400 
23, 400 
24, 400 
25, 400 
26, 400 
27, 400 
28, 400 
29, 400 
30, 400 
31, 400 
32, 400 
33, 400 
34, 400 
35, 400 
36, 400 
37, 400 
38, 400 
39, 400 
40, 400 
41, 400 
42, 400 
43, 400 
44, 400 
45, 400 
46, 400 
47, 400 
48, 400 
49, 400 
50, 400 
51, 400 
52, 400 
53, 400 
54, 400 
55, 400 
56, 400 
57, 400 
58, 400 
59, 400 
60, 400 
61, 400 
62, 400 
63, 400 
64, 400 
65, 400 
66, 400 
67, 400 
68, 400 
69, 400 
70, 400 
71, 400 
72, 400 
73, 400 
74, 400 
75, 400 
76, 400 
77, 400 
78, 400 
79, 400 
80, 400 
81, 400 
82, 400 
83, 400 
84, 400 
85, 400 
86, 400 
87, 400 
88, 400 
89, 400 
90, 400 
91, 400 
92, 400 
93, 400 
94, 400 
95, 400 
96, 400 
97, 400 
98, 400 
99, 400 
100, 400 
101, 400 
102, 400 
103, 400 
104, 400 
105, 400 
106, 400 
107, 400 
108, 400 
109, 400 
110, 400 
111, 400 
112, 400 
113, 400 
114, 400 
115, 400 
116, 400 
117, 400 
118, 400 
119, 400 
120, 400 
121, 400 
122, 400 
123, 400 
124, 400 
125, 400 
126, 400 
127, 400 
128, 400 
129, 400 
130, 400 
131, 400 
132, 400 
133, 400 
134, 400 
135, 400 
136, 400 
137, 400 
138, 400 
139, 400 
140, 400 
141, 400 
142, 400 
143, 400 
144, 400 
145, 400 
146, 400 
147, 400 
148, 400 
149, 400 
150, 400 
151, 400 
152, 400 
153, 400 
154, 400 
155, 400 
156, 400 
157, 400 
158, 400 
159, 400 
160, 400 
161, 400 
162, 400 
163, 400 
164, 400 
165, 400 
166, 400 
167, 400 
168, 400 
169, 400 
170, 400 
171, 400 
172, 400 
173, 400 
174, 400 
175, 400 
176, 400 
177, 400 
178, 400 
179, 400 
180, 400 
181, 400 
182, 400 
183, 400 
184, 400 
185, 400 
186, 400 
187, 400 
188, 400 
189, 400 
190, 400 
191, 400 
192, 400 
193, 400 
194, 400 
195, 400 
196, 400 
197, 400 
198, 400 
199, 400 
200, 400 
201, 400 
202, 400 
203, 400 
204, 400 
205, 400 
206, 400 
207, 400 
208, 400 
209, 400 
210, 400 
211, 400 
212, 400 
213, 400 
214, 400 
215, 400 
216, 400 
217, 400 
218, 400 
219, 400 
220, 400 
221, 400 
222, 400 
223, 400 
224, 400 
225, 400 
226, 400 
227, 400 
228, 400 
229, 400 
230, 400 
231, 400 
232, 400 
233, 400 
234, 400 
235, 400 
236, 400 
237, 400 
238, 400 
239, 400 
240, 400 
241, 400 
242, 400 
243, 400 
244, 400 
245, 400 
246, 400 
247, 400 
248, 400 
249, 400 
250, 400 
251, 400 
252, 400 
253, 400 
254, 400 
255, 400 
256, 400 
257, 400 
258, 400 
259, 400 
260, 400 
261, 400 
262, 400 
263, 400 
264, 400 
265, 400 
266, 400 
267, 400 
268, 400 
269, 400 
270, 400 
271, 400 
272, 400 
273, 400 
274, 400 
275, 400 
276, 400 
277, 400 
278, 400 
279, 400 
280, 400 
281, 400 
282, 400 
283, 400 
284, 400 
285, 400 
286, 400 
287, 400 
288, 400 
289, 400 
290, 400 
291, 400 
292, 400 
293, 400 
294, 400 
295, 400 
296, 400 
297, 400 
298, 400 
299, 400 
300, 400 
301, 400 
302, 400 
303, 400 
304, 400 
305, 400 
306, 400 
307, 400 
308, 400 
309, 400 
310, 400 
311, 400 
312, 400 
313, 400 
314, 400 
315, 400 
316, 400 
317, 400 
318, 400 
319, 400 
320, 400 
321, 400 
322, 400 
323, 400 
324, 400 
325, 400 
326, 400 
327, 400 
328, 400 
329, 400 
330, 400 
331, 400 
332, 400 
333, 400 
334, 400 
335, 400 
336, 400 
337, 400 
338, 400 
339, 400 
340, 400 
341, 400 
342, 400 
343, 400 
344, 400 
345, 400 
346, 400 
347, 400 
348, 400 
349, 400 
350, 400 
351, 400 
352, 400 
353, 400 
354, 400 
355, 400 
356, 400 
357, 400 
358, 400 
359, 400 
360, 400 
361, 400 
362, 400 
363, 400 
364, 400 
365, 400 
366, 400 
367, 400 
368, 400 
369, 400 
370, 400 
371, 400 
372, 400 
373, 400 
374, 400 
375, 400 
376, 400 
377, 400 
378, 400 
379, 400 
380, 400 
381, 400 
382, 400 
383, 400 
384, 400 
385, 400 
386, 400 
387, 400 
388, 400 
389, 400 
390, 400 
391, 400 
392, 400 
393, 400 
394, 400 
395, 400 
396, 400 
397, 400 
398, 400 
399, 400 
400, 400 
401, 400 
402, 400 
403, 400 
404, 400 
405, 400 
406, 400 
407, 400 
408, 400 
409, 400 
410, 400 
411, 400 
412, 400 
413, 400 
414, 400 
415, 400 
416, 400 
417, 400 
418, 400 
419, 400 
420, 400 
421, 400 
422, 400 
423, 400 
424, 400 
425, 400 
426, 400 
427, 400 
428, 400 
429, 400 
430, 400 
431, 400 
432, 400 
433, 400 
434, 400 
435, 400 
436, 400 
437, 400 
438, 400 
439, 400 
440, 400 
441, 400 
442, 400 
443, 400 
444, 400 
445, 400 
446, 400 
447, 400 
448, 400 
449, 400 
450, 400 
451, 400 
452, 400 
453, 400 
454, 400 
455, 400 
456, 400 
457, 400 
458, 400 
459, 400 
460, 400 
461, 400 
462, 400 
463, 400 
464, 400 
465, 400 
466, 400 
467, 400 
468, 400 
469, 400 
470, 400 
471, 400 
472, 400 
473, 400 
474, 400 
475, 400 
476, 400 
477, 400 
478, 400 
479, 400 
480, 400 
481, 400 
482, 400 
483, 400 
484, 400 
485, 400 
486, 400 
487, 400 
488, 400 
489, 400 
490, 400 
491, 400 
492, 400 
493, 400 
494, 400 
495, 400 
496, 400 
497, 400 
498, 400 
499, 400 
500, 400 
501, 400 
502, 400 
503, 400 
504, 400 
505, 400 
506, 400 
507, 400 
508, 400 
509, 400 
510, 400 
511, 400 
512, 400 
513, 400 
514, 400 
515, 400 
516, 400 
517, 400 
518, 400 
519, 400 
520, 400 
521, 400 
522, 400 
523, 400 
524, 400 
525, 400 
526, 400 
527, 400 
528, 400 
529, 400 
530, 400 
531, 400 
532, 400 
533, 400 
534, 400 
535, 400 
536, 400 
537, 400 
538, 400 
539, 400 
540, 400 
541, 400 
542, 400 
543, 400 
544, 400 
545, 400 
546, 400 
547, 400 
548, 400 
549, 400 
550, 400 
551, 400 
552, 400 
553, 400 
554, 400 
555, 400 
556, 400 
557, 400 
558, 400 
559, 400 
560, 400 
561, 400 
562, 400 
563, 400 
564, 400 
565, 400 
566, 400 
567, 400 
568, 400 
569, 400 
570, 400 
571, 400 
572, 400 
573, 400 
574, 400 
575, 400 
576, 400 
577, 400 
578, 400 
579, 400 
580, 400 
581, 400 
582, 400 
583, 400 
584, 400 
585, 400 
586, 400 
587, 400 
588, 400 
589, 400 
590, 400 
591, 400 
592, 400 
593, 400 
594, 400 
595, 400 
596, 400 
597, 400 
598, 400 
599, 400 
600, 400 
601, 400 
602, 400 
603, 400 
604, 400 
605, 400 
606, 400 
607, 400 
608, 400 
609, 400 
610, 400 
611, 400 
612, 400 
613, 400 
614, 400 
615, 400 
616, 400 
617, 400 
618, 400 
619, 400 
620, 400 
621, 400 
622, 400 
623, 400 
624, 400 
625, 400 
626, 400 
627, 400 
628, 400 
629, 400 
630, 400 
631, 400 
632, 400 
633, 400 
634, 400 
635, 400 
636, 400 
637, 400 
638, 400 
639, 400 
640, 400 
641, 400 
642, 400 
643, 400 
644, 400 
645, 400 
646, 400 
647, 400 
648, 400 
649, 400 
650, 400 
651, 400 
652, 400 
653, 400 
654, 400 
655, 400 
656, 400 
657, 400 
658, 400 
659, 400 
660, 400 
661, 400 
662, 400 
663, 400 
664, 400 
665, 400 
666, 400 
667, 400 
668, 400 
669, 400 
670, 400 
671, 400 
672, 400 
673, 400 
674, 400 
675, 400 
676, 400 
677, 400 
678, 400 
679, 400 
680, 400 
681, 400 
682, 400 
683, 400 
684, 400 
685, 400 
686, 400 
687, 400 
688, 400 
689, 400 
690, 400 
691, 400 
692, 400 
693, 400 
694, 400 
695, 400 
696, 400 
697, 400 
698, 400 
699, 400 
700, 400 
701, 400 
702, 400 
703, 400 
704, 400 
705, 400 
706, 400 
707, 400 
708, 400 
709, 400 
710, 400 
711, 400 
712, 400 
713, 400 
714, 400 
715, 400 
716, 400 
717, 400 
718, 400 
719, 400 
720, 400 
721, 400 
722, 400 
723, 400 
724, 400 
725, 400 
726, 400 
727, 400 
728, 400 
729, 400 
730, 400 
731, 400 
732, 400 
733, 400 
734, 400 
735, 400 
736, 400 
737, 400 
738, 400 
739, 400 
740, 400 
741, 400 
742, 400 
743, 400 
744, 400 
745, 400 
746, 400 
747, 400 
748, 400 
749, 400 
750, 400 
751, 400 
752, 400 
753, 400 
754, 400 
755, 400 
756, 400 
757, 400 
758, 400 
759, 400 
760, 400 
761, 400 
762, 400 
763, 400 
764, 400 
765, 400 
766, 400 
767, 400 
768, 400 
769, 400 
770, 400 
771, 400 
772, 400 
773, 400 
774, 400 
775, 400 
776, 400 
777, 400 
778, 400 
779, 400 
780, 400 
781, 400 
782, 400 
783, 400 
784, 400 
785, 400 
786, 400 
787, 400 
788, 400 
789, 400 
790, 400 
791, 400 
792, 400 
793, 400 
794, 400 
795, 400 
796, 400 
797, 400 
798, 400 
799, 400 
800, 400 
801, 400 
802, 400 
803, 400 
804, 400 
805, 400 
806, 400 
807, 400 
808, 400 
809, 400 
810, 400 
811, 400 
812, 400 
813, 400 
814, 400 
815, 400 
816, 400 
817, 400 
818, 400 
819, 400 
820, 400 
821, 400 
822, 400 
823, 400 
824, 400 
825, 400 
826, 400 
827, 400 
828, 400 
829, 400 
830, 400 
831, 400 
832, 400 
833, 400 
834, 400 
835, 400 
836, 400 
837, 400 
838, 400 
839, 400 
840, 400 
841, 400 
842, 400 
843, 400 
844, 400 
845, 400 
846, 400 
847, 400 
848, 400 
849, 400 
850, 400 
851, 400 
852, 400 
853, 400 
854, 400 
855, 400 
856, 400 
857, 400 
858, 400 
859, 400 
860, 400 
861, 400 
862, 400 
863, 400 
864, 400 
865, 400 
866, 400 
867, 400 
868, 400 
869, 400 
870, 400 
871, 400 
872, 400 
873, 400 
874, 400 
875, 400 
876, 400 
877, 400 
878, 400 
879, 400 
880, 400 
881, 400 
882, 400 
883, 400 
884, 400 
885, 400 
886, 400 
887, 400 
888, 400 
889, 400 
890, 400 
891, 400 
892, 400 
893, 400 
894, 400 
895, 400 
896, 400 
897, 400 
898, 400 
899, 400 
900, 400 
901, 400 
902, 400 
903, 400 
904, 400 
905, 400 
906, 400 
907, 400 
908, 400 
909, 400 
910, 400 
911, 400 
912, 400 
913, 400 
914, 400 
915, 400 
916, 400 
917, 400 
918, 400 
919, 400 
920, 400 
921, 400 
922, 400 
923, 400 
924, 400 
925, 400 
926, 400 
927, 400 
928, 400 
929, 400 
930, 400 
931, 400 
932, 400 
933, 400 
934, 400 
935, 400 
936, 400 
937, 400 
938, 400 
939, 400 
940, 400 
941, 400 
942, 400 
943, 400 
944, 400 
945, 400 
946, 400 
947, 400 
948, 400 
949, 400 
950, 400 
951, 400 
952, 400 
953, 400 
954, 400 
955, 400 
956, 400 
957, 400 
958, 400 
959, 400 
960, 400 
961, 400 
962, 400 
963, 400 
964, 400 
965, 400 
966, 400 
967, 400 
968, 400 
969, 400 
970, 400 
971, 400 
972, 400 
973, 400 
974, 400 
975, 400 
976, 400 
977, 400 
978, 400 
979, 400 
980, 400 
981, 400 
982, 400 
983, 400 
984, 400 
985, 400 
986, 400 
987, 400 
988, 400 
989, 400 
990, 400 
991, 400 
992, 400 
993, 400 
994, 400 
995, 400 
996, 400 
997, 400 
998, 400 
999, 400 
1000, 400 
1001, 400 
1002, 400 
1003, 400 
1004, 400 
1005, 400 
1006, 400 
1007, 400 
1008, 400 
1009, 400 
1010, 400 
1011, 400 
1012, 400 
1013, 400 
1014, 400 
1015, 400 
1016, 400 
1017, 400 
1018, 400 
1019, 400 
1020, 400 
1021, 400 
1022, 400 
1023, 400 
1024, 400 
1025, 400 
1026, 400 
1027, 400 
1028, 400 
1029, 400 
1030, 400 
1031, 400 
1032, 400 
1033, 400 
1034, 400 
1035, 400 
1036, 400 
1037, 400 
1038, 400 
1039, 400 
1040, 400 
1041, 400 
1042, 400 
1043, 400 
1044, 400 
1045, 400 
1046, 400 
1047, 400 
1048, 400 
1049, 400 
1050, 400 
1051, 400 
1052, 400 
1053, 400 
1054, 400 
1055, 400 
1056, 400 
1057, 400 
1058, 400 
1059, 400 
1060, 400 
1061, 400 
1062, 400 
1063, 400 
1064, 400 
1065, 400 
1066, 400 
1067, 400 
1068, 400 
1069, 400 
1070, 400 
1071, 400 
1072, 400 
1073, 400 
1074, 400 
1075, 400 
1076, 400 
1077, 400 
1078, 400 
1079, 400 
1080, 400 
1081, 400 
1082, 400 
1083, 400 
1084, 400 
1085, 400 
1086, 400 
1087, 400 
1088, 400 
1089, 400 
1090, 400 
1091, 400 
1092, 400 
1093, 400 
1094, 400 
1095, 400 
1096, 400 
1097, 400 
1098, 400 
1099, 400 
1100, 400 
1101, 400 
1102, 400 
1103, 400 
1104, 400 
1105, 400 
1106, 400 
1107, 400 
1108, 400 
1109, 400 
1110, 400 
1111, 400 
1112, 400 
1113, 400 
1114, 400 
1115, 400 
1116, 400 
1117, 400 
1118, 400 
1119, 400 
1120, 400 
1121, 400 
1122, 400 
1123, 400 
1124, 400 
1125, 400 
1126, 400 
1127, 400 
1128, 400 
1129, 400 
1130, 400 
1131, 400 
1132, 400 
1133, 400 
1134, 400 
1135, 400 
1136, 400 
1137, 400 
1138, 400 
1139, 400 
1140, 400 
1141, 400 
1142, 400 
1143, 400 
1144, 400 
1145, 400 
1146, 400 
1147, 400 
1148, 400 
1149, 400 
1150, 400 
1151, 400 
1152, 400 
1153, 400 
1154, 400 
1155, 400 
1156, 400 
1157, 400 
1158, 400 
1159, 400 
1160, 400 
1161, 400 
1162, 400 
1163, 400 
1164, 400 
1165, 400 
1166, 400 
1167, 400 
1168, 400 
1169, 400 
1170, 400 
1171, 400 
1172, 400 
1173, 400 
1174, 400 
1175, 400 
1176, 400 
1177, 400 
1178, 400 
1179, 400 
1180, 400 
1181, 400 
1182, 400 
1183, 400 
1184, 400 
1185, 400 
1186, 400 
1187, 400 
1188, 400 
1189, 400 
1190, 400 
1191, 400 
1192, 400 
1193, 400 
1194, 400 
1195, 400 
1196, 400 
1197, 400 
1198, 400 
1199, 400 
1200, 400 
1201, 400 
1202, 400 
1203, 400 
1204, 400 
1205, 400 
1206, 400 
1207, 400 
1208, 400 
1209, 400 
1210, 400 
1211, 400 
1212, 400 
1213, 400 
1214, 400 
1215, 400 
1216, 400 
1217, 400 
1218, 400 
1219, 400 
1220, 400 
1221, 400 
1222, 400 
1223, 400 
1224, 400 
1225, 400 
1226, 400 
1227, 400 
1228, 400 
1229, 400 
1230, 400 
1231, 400 
1232, 400 
1233, 400 
1234, 400 
1235, 400 
1236, 400 
1237, 400 
1238, 400 
1239, 400 
1240, 400 
1241, 400 
1242, 400 
1243, 400 
1244, 400 
1245, 400 
1246, 400 
1247, 400 
1248, 400 
1249, 400 
1250, 400 
1251, 400 
1252, 400 
1253, 400 
1254, 400 
1255, 400 
1256, 400 
1257, 400 
1258, 400 
1259, 400 
1260, 400 
1261, 400 
1262, 400 
1263, 400 
1264, 400 
1265, 400 
1266, 400 
1267, 400 
1268, 400 
1269, 400 
1270, 400 
1271, 400 
1272, 400 
1273, 400 
1274, 400 
1275, 400 
1276, 400 
1277, 400 
1278, 400 
1279, 400 
1280, 400 
1281, 400 
1282, 400 
1283, 400 
1284, 400 
1285, 400 
1286, 400 
1287, 400 
1288, 400 
1289, 400 
1290, 400 
1291, 400 
1292, 400 
1293, 400 
1294, 400 
1295, 400 
1296, 400 
1297, 400 
1298, 400 
1299, 400 
1300, 400 
1301, 400 
1302, 400 
1303, 400 
1304, 400 
1305, 400 
1306, 400 
1307, 400 
1308, 400 
1309, 400 
1310, 400 
1311, 400 
1312, 400 
1313, 400 
1314, 400 
1315, 400 
1316, 400 
1317, 400 
1318, 400 
1319, 400 
1320, 400 
1321, 400 
1322, 400 
1323, 400 
1324, 400 
1325, 400 
1326, 400 
1327, 400 
1328, 400 
1329, 400 
1330, 400 
1331, 400 
1332, 400 
1333, 400 
1334, 400 
1335, 400 
1336, 400 
1337, 400 
1338, 400 
1339, 400 
1340, 400 
1341, 400 
1342, 400 
1343, 400 
1344, 400 
1345, 400 
1346, 400 
1347, 400 
1348, 400 
1349, 400 
1350, 400 
1351, 400 
1352, 400 
1353, 400 
1354, 400 
1355, 400 
1356, 400 
1357, 400 
1358, 400 
1359, 400 
1360, 400 
1361, 400 
1362, 400 
1363, 400 
1364, 400 
1365, 400 
1366, 400 
1367, 400 
1368, 400 
1369, 400 
1370, 400 
1371, 400 
1372, 400 
1373, 400 
1374, 400 
1375, 400 
1376, 400 
1377, 400 
1378, 400 
1379, 400 
1380, 400 
1381, 400 
1382, 400 
1383, 400 
1384, 400 
1385, 400 
1386, 400 
1387, 400 
1388, 400 
1389, 400 
1390, 400 
1391, 400 
1392, 400 
1393, 400 
1394, 400 
1395, 400 
1396, 400 
1397, 400 
1398, 400 
1399, 400 
1400, 400 
1401, 400 
1402, 400 
1403, 400 
1404, 400 
1405, 400 
1406, 400 
1407, 400 
1408, 400 
1409, 400 
1410, 400 
1411, 400 
1412, 400 
1413, 400 
1414, 400 
1415, 400 
1416, 400 
1417, 400 
1418, 400 
1419, 400 
1420, 400 
1421, 400 
1422, 400 
1423, 400 
1424, 400 
1425, 400 
1426, 400 
1427, 400 
1428, 400 
1429, 400 
1430, 400 
1431, 400 
1432, 400 
1433, 400 
1434, 400 
1435, 400 
1436, 400 
1437, 400 
1438, 400 
1439, 400 
1440, 400 
1441, 400 
1442, 400 
1443, 400 
1444, 400 
1445, 400 
1446, 400 
1447, 400 
1448, 400 
1449, 400 
1450, 400 
1451, 400 
1452, 400 
1453, 400 
1454, 400 
1455, 400 
1456, 400 
1457, 400 
1458, 400 
1459, 400 
1460, 400 
1461, 400 
1462, 400 
1463, 400 
1464, 400 
1465, 400 
1466, 400 
1467, 400 
1468, 400 
1469, 400 
1470, 400 
1471, 400 
1472, 400 
1473, 400 
1474, 400 
1475, 400 
1476, 400 
1477, 400 
1478, 400 
1479, 400 
1480, 400 
1481, 400 
1482, 400 
1483, 400 
1484, 400 
1485, 400 
1486, 400 
1487, 400 
1488, 400 
1489, 400 
1490, 400 
1491, 400 
1492, 400 
1493, 400 
1494, 400 
1495, 400 
1496, 400 
1497, 400 
1498, 400 
1499, 400 
1500, 400 
1501, 400 
1502, 400 
1503, 400 
1504, 400 
1505, 400 
1506, 400 
1507, 400 
1508, 400 
1509, 400 
1510, 400 
1511, 400 
1512, 400 
1513, 400 
1514, 400 
1515, 400 
1516, 400 
1517, 400 
1518, 400 
1519, 400 
1520, 400 
1521, 400 
1522, 400 
1523, 400 
1524, 400 
1525, 400 
1526, 400 
1527, 400 
1528, 400 
1529, 400 
1530, 400 
1531, 400 
1532, 400 
1533, 400 
1534, 400 
1535, 400 
1536, 400 
1537, 400 
1538, 400 
1539, 400 
1540, 400 
1541, 400 
1542, 400 
1543, 400 
1544, 400 
1545, 400 
1546, 400 
1547, 400 
1548, 400 
1549, 400 
1550, 400 
1551, 400 
1552, 400 
1553, 400 
1554, 400 
1555, 400 
1556, 400 
1557, 400 
1558, 400 
1559, 400 
1560, 400 
1561, 400 
1562, 400 
1563, 400 
1564, 400 
1565, 400 
1566, 400 
1567, 400 
1568, 400 
1569, 400 
1570, 400 
1571, 400 
1572, 400 
1573, 400 
1574, 400 
1575, 400 
1576, 400 
1577, 400 
1578, 400 
1579, 400 
1580, 400 
1581, 400 
1582, 400 
1583, 400 
1584, 400 
1585, 400 
1586, 400 
1587, 400 
1588, 400 
1589, 400 
1590, 400 
1591, 400 
1592, 400 
1593, 400 
1594, 400 
1595, 400 
1596, 400 
1597, 400 
1598, 400 
1599, 400 
1600, 400 
1601, 400 
1602, 400 
1603, 400 
1604, 400 
1605, 400 
1606, 400 
1607, 400 
1608, 400 
1609, 400 
1610, 400 
1611, 400 
1612, 400 
1613, 400 
1614, 400 
1615, 400 
1616, 400 
1617, 400 
1618, 400 
1619, 400 
1620, 400 
1621, 400 
1622, 400 
1623, 400 
1624, 400 
1625, 400 
1626, 400 
1627, 400 
1628, 400 
1629, 400 
1630, 400 
1631, 400 
1632, 400 
1633, 400 
1634, 400 
1635, 400 
1636, 400 
1637, 400 
1638, 400 
1639, 400 
1640, 400 
1641, 400 
1642, 400 
1643, 400 
1644, 400 
1645, 400 
1646, 400 
1647, 400 
1648, 400 
1649, 400 
1650, 400 
1651, 400 
1652, 400 
1653, 400 
1654, 400 
1655, 400 
1656, 400 
1657, 400 
1658, 400 
1659, 400 
1660, 400 
1661, 400 
1662, 400 
1663, 400 
1664, 400 
1665, 400 
1666, 400 
1667, 400 
1668, 400 
1669, 400 
1670, 400 
1671, 400 
1672, 400 
1673, 400 
1674, 400 
1675, 400 
1676, 400 
1677, 400 
1678, 400 
1679, 400 
1680, 400 
1681, 400 
1682, 400 
1683, 400 
1684, 400 
1685, 400 
1686, 400 
1687, 400 
1688, 400 
1689, 400 
1690, 400 
1691, 400 
1692, 400 
1693, 400 
1694, 400 
1695, 400 
1696, 400 
1697, 400 
1698, 400 
1699, 400 
1700, 400 
1701, 400 
1702, 400 
1703, 400 
1704, 400 
1705, 400 
1706, 400 
1707, 400 
1708, 400 
1709, 400 
1710, 400 
1711, 400 
1712, 400 
1713, 400 
1714, 400 
1715, 400 
1716, 400 
1717, 400 
1718, 400 
1719, 400 
1720, 400 
1721, 400 
1722, 400 
1723, 400 
1724, 400 
1725, 400 
1726, 400 
1727, 400 
1728, 400 
1729, 400 
1730, 400 
1731, 400 
1732, 400 
1733, 400 
1734, 400 
1735, 400 
1736, 400 
1737, 400 
1738, 400 
1739, 400 
1740, 400 
1741, 400 
1742, 400 
1743, 400 
1744, 400 
1745, 400 
1746, 400 
1747, 400 
1748, 400 
1749, 400 
1750, 400 
1751, 400 
1752, 400 
1753, 400 
1754, 400 
1755, 400 
1756, 400 
1757, 400 
1758, 400 
1759, 400 
1760, 400 
1761, 400 
1762, 400 
1763, 400 
1764, 400 
1765, 400 
1766, 400 
1767, 400 
1768, 400 
1769, 400 
1770, 400 
1771, 400 
1772, 400 
1773, 400 
1774, 400 
1775, 400 
1776, 400 
1777, 400 
1778, 400 
1779, 400 
1780, 400 
1781, 400 
1782, 400 
1783, 400 
1784, 400 
1785, 400 
1786, 400 
1787, 400 
1788, 400 
1789, 400 
1790, 400 
1791, 400 
1792, 400 
1793, 400 
1794, 400 
1795, 400 
1796, 400 
1797, 400 
1798, 400 
1799, 400 
1800, 400 
1801, 400 
1802, 400 
1803, 400 
1804, 400 
1805, 400 
1806, 400 
1807, 400 
1808, 400 
1809, 400 
1810, 400 
1811, 400 
1812, 400 
1813, 400 
1814, 400 
1815, 400 
1816, 400 
1817, 400 
1818, 400 
1819, 400 
1820, 400 
1821, 400 
1822, 400 
1823, 400 
1824, 400 
1825, 400 
1826, 400 
1827, 400 
1828, 400 
1829, 400 
1830, 400 
1831, 400 
1832, 400 
1833, 400 
1834, 400 
1835, 400 
1836, 400 
1837, 400 
1838, 400 
1839, 400 
1840, 400 
1841, 400 
1842, 400 
1843, 400 
1844, 400 
1845, 400 
1846, 400 
1847, 400 
1848, 400 
1849, 400 
1850, 400 
1851, 400 
1852, 400 
1853, 400 
1854, 400 
1855, 400 
1856, 400 
1857, 400 
1858, 400 
1859, 400 
1860, 400 
1861, 400 
1862, 400 
1863, 400 
1864, 400 
1865, 400 
1866, 400 
1867, 400 
1868, 400 
1869, 400 
1870, 400 
1871, 400 
1872, 400 
1873, 400 
1874, 400 
1875, 400 
1876, 400 
1877, 400 
1878, 400 
1879, 400 
1880, 400 
1881, 400 
1882, 400 
1883, 400 
1884, 400 
1885, 400 
1886, 400 
1887, 400 
1888, 400 
1889, 400 
1890, 400 
1891, 400 
1892, 400 
1893, 400 
1894, 400 
1895, 400 
1896, 400 
1897, 400 
1898, 400 
1899, 400 
1900, 400 
1901, 400 
1902, 400 
1903, 400 
1904, 400 
1905, 400 
1906, 400 
1907, 400 
1908, 400 
1909, 400 
1910, 400 
1911, 400 
1912, 400 
1913, 400 
1914, 400 
1915, 400 
1916, 400 
1917, 400 
1918, 400 
1919, 400 
1920, 400 
1921, 400 
1922, 400 
1923, 400 
1924, 400 
1925, 400 
1926, 400 
1927, 400 
1928, 400 
1929, 400 
1930, 400 
1931, 400 
1932, 400 
1933, 400 
1934, 400 
1935, 400 
1936, 400 
1937, 400 
1938, 400 
1939, 400 
1940, 400 
1941, 400 
1942, 400 
1943, 400 
1944, 400 
1945, 400 
1946, 400 
1947, 400 
1948, 400 
1949, 400 
1950, 400 
1951, 400 
1952, 400 
1953, 400 
1954, 400 
1955, 400 
1956, 400 
1957, 400 
1958, 400 
1959, 400 
1960, 400 
1961, 400 
1962, 400 
1963, 400 
1964, 400 
1965, 400 
1966, 400 
1967, 400 
1968, 400 
1969, 400 
1970, 400 
1971, 400 
1972, 400 
1973, 400 
1974, 400 
1975, 400 
1976, 400 
1977, 400 
1978, 400 
1979, 400 
1980, 400 
1981, 400 
1982, 400 
1983, 400 
1984, 400 
1985, 400 
1986, 400 
1987, 400 
1988, 400 
1989, 400 
1990, 400 
1991, 400 
1992, 400 
1993, 400 
1994, 400 
1995, 400 
1996, 400 
1997, 400 
1998, 400 
1999, 400 
2000, 400 
2001, 400 
2002, 400 
2003, 400 
2004, 400 
2005, 400 
2006, 400 
2007, 400 
2008, 400 
2009, 400 
2010, 400 
2011, 400 
2012, 400 
2013, 400 
2014, 400 
2015, 400 
2016, 400 
2017, 400 
2018, 400 
2019, 400 
2020, 400 
2021, 400 
2022, 400 
2023, 400 
2024, 400 
2025, 400 
2026, 400 
2027, 400 
2028, 400 
2029, 400 
2030, 400 
2031, 400 
2032, 400 
2033, 400 
2034, 400 
2035, 400 
2036, 400 
2037, 400 
2038, 400 
2039, 400 
2040, 400 
2041, 400 
2042, 400 
2043, 400 
2044, 400 
2045, 400 
2046, 400 
2047, 400 
2048, 400 
2049, 400 
2050, 400 
2051, 400 
2052, 400 
2053, 400 
2054, 400 
2055, 400 
2056, 400 
2057, 400 
2058, 400 
2059, 400 
2060, 400 
2061, 400 
2062, 400 
2063, 400 
2064, 400 
2065, 400 
2066, 400 
2067, 400 
2068, 400 
2069, 400 
2070, 400 
2071, 400 
2072, 400 
2073, 400 
2074, 400 
2075, 400 
2076, 400 
2077, 400 
2078, 400 
2079, 400 
2080, 400 
2081, 400 
2082, 400 
2083, 400 
2084, 400 
2085, 400 
2086, 400 
2087, 400 
2088, 400 
2089, 400 
2090, 400 
2091, 400 
2092, 400 
2093, 400 
2094, 400 
2095, 400 
2096, 400 
2097, 400 
2098, 400 
2099, 400 
2100, 400 
2101, 400 
2102, 400 
2103, 400 
2104, 400 
2105, 400 
2106, 400 
2107, 400 
2108, 400 
2109, 400 
2110, 400 
2111, 400 
2112, 400 
2113, 400 
2114, 400 
2115, 400 
2116, 400 
2117, 400 
2118, 400 
2119, 400 
2120, 400 
2121, 400 
2122, 400 
2123, 400 
2124, 400 
2125, 400 
2126, 400 
2127, 400 
2128, 400 
2129, 400 
2130, 400 
2131, 400 
2132, 400 
2133, 400 
2134, 400 
2135, 400 
2136, 400 
2137, 400 
2138, 400 
2139, 400 
2140, 400 
2141, 400 
2142, 400 
2143, 400 
2144, 400 
2145, 400 
2146, 400 
2147, 400 
2148, 400 
2149, 400 
2150, 400 
2151, 400 
2152, 400 
2153, 400 
2154, 400 
2155, 400 
2156, 400 
2157, 400 
2158, 400 
2159, 400 
2160, 400 
2161, 400 
2162, 400 
2163, 400 
2164, 400 
2165, 400 
2166, 400 
2167, 400 
2168, 400 
2169, 400 
2170, 400 
2171, 400 
2172, 400 
2173, 400 
2174, 400 
2175, 400 
2176, 400 
2177, 400 
2178, 400 
2179, 83.5315 
2180, 316.468 
2181, 286.145 
2182, 113.855 
2183, 231.456 
2184, 168.544 
2185, 172.681 
2186, 227.319 
2187, 339.371 
2188, 60.629 
2189, 300.41 
2190, 99.5901 
2191, 310.887 
2192, 89.1132 
2193, 75.8579 
2194, 324.142 
2195, 33.013 
2196, 366.987 
2197, 70.912 
2198, 329.088 
2199, 230.052 
2200, 169.948 
2201, 187.072 
2202, 212.928 
2203, 191.278 
2204, 208.722 
2205, 88.6751 
2206, 311.325 
2207, 179.49 
2208, 220.51 
2209, 176.877 
2210, 223.123 
2211, 399.767 
2212, 0.233486 
2213, 131.782 
2214, 268.218 
2215, 171.561 
2216, 228.439 
2217, 40.8827 
2218, 359.117 
2219, 49.6379 
2220, 350.362 
2221, 80.1603 
2222, 319.84 
2223, 64.1341 
2224, 335.866 
2225, 214.566 
2226, 185.434 
2227, 309.313 
2228, 90.6875 
2229, 174.789 
2230, 225.211 
2231, 328.302 
2232, 71.6981 
2233, 347.759 
2234, 52.2408 
2235, 172.066 
2236, 227.934 
2237, 266.485 
2238, 133.515 
2239, 33.3525 
2240, 366.647 
2241, 165.275 
2242, 234.725 
2243, 264.316 
2244, 135.684 
2245, 207.457 
2246, 192.543 
2247, 56.3505 
2248, 343.65 
2249, 212.926 
2250, 187.074 
2251, 371.543 
2252, 28.4566 
2253, 90.2457 
2254, 309.754 
2255, 209.746 
2256, 190.254 
2257, 268.249 
2258, 131.751 
2259, 132.588 
2260, 267.412 
2261, 280.869 
2262, 119.131 
2263, 17.3111 
2264, 382.689 
2265, 108.901 
2266, 291.099 
2267, 63.1943 
2268, 336.806 
2269, 272.178 
2270, 127.822 
2271, 304.791 
2272, 95.2091 
2273, 369.269 
2274, 30.7306 
2275, 224.067 
2276, 175.933 
2277, 34.4974 
2278, 365.503 
2279, 291.522 
2280, 108.478 
2281, 136.808 
2282, 263.192 
2283, 351.39 
2284, 48.6102 
2285, 135.424 
2286, 264.576 
2287, 210.627 
2288, 189.373 
2289, 182.086 
2290, 217.914 
2291, 59.8544 
2292, 340.146 
2293, 240.878 
2294, 159.122 
2295, 357.699 
2296, 42.3006 
2297, 338.598 
2298, 61.4018 
2299, 75.3141 
2300, 324.686 
2301, 12.691 
2302, 387.309 
2303, 145.387 
2304, 254.613 
2305, 311.306 
2306, 88.6942 
2307, 271.735 
2308, 128.265 
2309, 120.622 
2310, 279.378 
2311, 33.0592 
2312, 366.941 
2313, 247.681 
2314, 152.319 
2315, 393.436 
2316, 6.56441 
2317, 165.093 
2318, 234.907 
2319, 212.799 
2320, 187.201 
2321, 125.257 
2322, 274.743 
2323, 134.035 
2324, 265.965 
2325, 138.163 
2326, 261.837 
2327, 208.028 
2328, 191.972 
2329, 279.409 
2330, 120.591 
2331, 269.291 
2332, 130.709 
2333, 239.567 
2334, 160.433 
2335, 288.948 
2336, 111.052 
2337, 103.526 
2338, 296.474 
2339, 17.63 
2340, 382.37 
2341, 305.619 
2342, 94.3808 
2343, 218.906 
2344, 181.094 
2345, 134.342 
2346, 265.658 
2347, 367.49 
2348, 32.5096 
2349, 248.704 
2350, 151.296 
2351, 113.151 
2352, 286.849 
2353, 3.198 
2354, 396.802 
2355, 23.1568 
2356, 376.843 
2357, 89.0622 
2358, 310.938 
2359, 337.597 
2360, 62.4032 
2361, 184.82 
2362, 215.18 
2363, 84.2284 
2364, 315.772 
2365, 9.74785 
2366, 390.252 
2367, 96.7637 
2368, 303.236 
2369, 158.474 
2370, 241.526 
2371, 130.675 
2372, 269.325 
2373, 94.938 
2374, 305.062 
2375, 235.496 
2376, 164.504 
2377, 342.832 
2378, 57.1677 
2379, 325.623 
2380, 74.3773 
2381, 252.873 
2382, 147.127 
2383, 164.096 
2384, 235.904 
2385, 258.548 
2386, 141.452 
2387, 1.59333 
2388, 398.407 
2389, 165.514 
2390, 234.486 
2391, 273.483 
2392, 126.517 
2393, 231.926 
2394, 168.074 
2395, 257.626 
2396, 142.374 
2397, 76.0695 
2398, 323.93 
2399, 86.8358 
2400, 313.164 
2401, 284.126 
2402, 115.874 
2403, 309.251 
2404, 90.7488 
2405, 67.3739 
2406, 332.626 
2407, 51.1065 
2408, 348.894 
2409, 63.1012 
2410, 336.899 
2411, 166.059 
2412, 233.941 
2413, 68.8329 
2414, 331.167 
2415, 394.999 
2416, 5.00082 
2417, 75.6387 
2418, 324.361 
2419, 294.453 
2420, 105.547 
2421, 292.975 
2422, 107.025 
2423, 231.725 
2424, 168.275 
2425, 174.425 
2426, 225.575 
2427, 320.836 
2428, 79.1641 
2429, 152.372 
2430, 247.628 
2431, 209.89 
2432, 190.11 
2433, 201.513 
2434, 198.487 
2435, 207.638 
2436, 192.362 
2437, 297.331 
2438, 102.669 
2439, 84.137 
2440, 315.863 
2441, 264.363 
2442, 135.637 
2443, 329.912 
2444, 70.0877 
2445, 312.016 
2446, 87.9838 
2447, 296.798 
2448, 103.202 
2449, 220.29 
2450, 179.71 
2451, 386.795 
2452, 13.2054 
2453, 165.846 
2454, 234.154 
2455, 179.554 
2456, 220.446 
2457, 40.0884 
2458, 359.912 
2459, 363.214 
2460, 36.786 
2461, 231.9 
2462, 168.1 
2463, 336.106 
2464, 63.8939 
2465, 241.405 
2466, 158.595 
2467, 30.2707 
2468, 369.729 
2469, 287.804 
2470, 112.196 
2471, 37.8684 
2472, 362.132 
2473, 231.852 
2474, 168.148 
2475, 117.273 
2476, 282.727 
2477, 374.947 
2478, 25.0527 
2479, 341.419 
2480, 58.5813 
2481, 226.864 
2482, 173.136 
2483, 345.579 
2484, 54.4208 
2485, 74.0714 
2486, 325.929 
2487, 90.1981 
2488, 309.802 
2489, 351.622 
2490, 48.378 
2491, 53.4618 
2492, 346.538 
2493, 84.2298 
2494, 315.77 
2495, 344.467 
2496, 55.5331 
2497, 251.097 
2498, 148.903 
2499, 379.045 
2500, 20.9546 
2501, 377.733 
2502, 22.2668 
2503, 135.499 
2504, 264.501 
2505, 308.009 
2506, 91.9905 
2507, 380.519 
2508, 19.4813 
2509, 119.634 
2510, 280.366 
2511, 95.5236 
2512, 304.476 
2513, 171.663 
2514, 228.337 
2515, 183.78 
2516, 216.22 
2517, 143.451 
2518, 256.549 
2519, 308.954 
2520, 91.0455 
2521, 319.183 
2522, 80.8167 
2523, 21.1494 
2524, 378.851 
2525, 176.147 
2526, 223.853 
2527, 74.2345 
2528, 325.765 
2529, 288.215 
2530, 111.785 
2531, 267.02 
2532, 132.98 
2533, 81.2621 
2534, 318.738 
2535, 222.137 
2536, 177.863 
2537, 276.801 
2538, 123.199 
2539, 182.644 
2540, 217.356 
2541, 178.576 
2542, 221.424 
2543, 249.74 
2544, 150.26 
2545, 263.813 
2546, 136.187 
2547, 69.4388 
2548, 330.561 
2549, 240.014 
2550, 159.986 
2551, 74.6478 
2552, 325.352 
2553, 184.502 
2554, 215.498 
2555, 49.4521 
2556, 350.548 
2557, 215.217 
2558, 184.783 
2559, 106.176 
2560, 293.824 
2561, 63.8983 
2562, 336.102 
2563, 108.422 
2564, 291.578 
2565, 323.36 
2566, 76.6396 
2567, 18.6618 
2568, 381.338 
2569, 393.144 
2570, 6.85572 
2571, 159.144 
2572, 240.856 
2573, 222.424 
2574, 177.576 
2575, 178.767 
2576, 221.233 
2577, 168.201 
2578, 231.799 
2579, 217.871 
2580, 182.129 
2581, 279.06 
2582, 120.94 
2583, 394.896 
2584, 5.10386 
2585, 160.419 
2586, 239.581 
2587, 130.117 
2588, 269.883 
2589, 34.8912 
2590, 365.109 
2591, 23.3784 
2592, 376.622 
2593, 272.459 
2594, 127.541 
2595, 95.9031 
2596, 304.097 
2597, 136.73 
2598, 263.27 
2599, 12.4962 
2600, 387.504 
2601, 280.752 
2602, 119.248 
2603, 326.163 
2604, 73.8375 
2605, 288.219 
2606, 111.781 
2607, 305.22 
2608, 94.7801 
2609, 263.498 
2610, 136.502 
2611, 297.899 
2612, 102.101 
2613, 395.234 
2614, 4.76637 
2615, 321.529 
2616, 78.4706 
2617, 257.426 
2618, 142.574 
2619, 201.522 
2620, 198.478 
2621, 180.64 
2622, 219.36 
2623, 349.763 
2624, 50.2374 
2625, 259.862 
2626, 140.138 
2627, 374.955 
2628, 25.045 
2629, 361.491 
2630, 38.5086 
2631, 18.4794 
2632, 381.521 
2633, 288.501 
2634, 111.499 
2635, 294.954 
2636, 105.046 
2637, 63.604 
2638, 336.396 
2639, 86.186 
2640, 313.814 
2641, 215.133 
2642, 184.867 
2643, 301.063 
2644, 98.9367 
2645, 231.047 
2646, 168.953 
2647, 235.436 
2648, 164.564 
2649, 147.219 
2650, 252.781 
2651, 202.804 
2652, 197.196 
2653, 289.033 
2654, 110.967 
2655, 26.8886 
2656, 373.111 
2657, 303.733 
2658, 96.2666 
2659, 300.957 
2660, 99.043 
2661, 356.867 
2662, 43.1331 
2663, 370.442 
2664, 29.5581 
2665, 208.54 
2666, 191.46 
2667, 292.942 
2668, 107.058 
2669, 205.136 
2670, 194.864 
2671, 346.72 
2672, 53.2798 
2673, 349.034 
2674, 50.9658 
2675, 304.893 
2676, 95.1069 
2677, 316.572 
2678, 83.4282 
2679, 283.128 
2680, 116.872 
2681, 202.341 
2682, 197.659 
2683, 101.873 
2684, 298.127 
2685, 339.438 
2686, 60.5622 
2687, 208.517 
2688, 191.483 
2689, 60.7498 
2690, 339.25 
2691, 84.6565 
2692, 315.344 
2693, 347.23 
2694, 52.7703 
2695, 155.006 
2696, 244.994 
2697, 19.5696 
2698, 380.43 
2699, 155.185 
2700, 244.815 
2701, 123.57 
2702, 276.43 
2703, 151.239 
2704, 248.761 
2705, 1.49871 
2706, 398.501 
2707, 97.8316 
2708, 302.168 
2709, 95.5273 
2710, 304.473 
2711, 281.516 
2712, 118.484 
2713, 278.851 
2714, 121.149 
2715, 205.39 
2716, 194.61 
2717, 134.907 
2718, 265.093 
2719, 185.695 
2720, 214.305 
2721, 23.9448 
2722, 376.055 
2723, 230.588 
2724, 169.412 
2725, 137.478 
2726, 262.522 
2727, 230.572 
2728, 169.428 
2729, 134.425 
2730, 265.575 
2731, 36.5899 
2732, 363.41 
2733, 60.3563 
2734, 339.644 
2735, 233.467 
2736, 166.533 
2737, 68.0365 
2738, 331.964 
2739, 40.8453 
2740, 359.155 
2741, 362.304 
2742, 37.6964 
2743, 93.2479 
2744, 306.752 
2745, 199.431 
2746, 200.569 
2747, 387.891 
2748, 12.1094 
2749, 314.121 
2750, 85.8789 
2751, 326.484 
2752, 73.5164 
2753, 185.597 
2754, 214.403 
2755, 186.944 
2756, 213.056 
2757, 319.799 
2758, 80.2008 
2759, 279.223 
2760, 120.777 
2761, 78.058 
2762, 321.942 
2763, 269.145 
2764, 130.855 
2765, 246.004 
2766, 153.996 
2767, 335.937 
2768, 64.0628 
2769, 33.1039 
2770, 366.896 
2771, 10.8337 
2772, 389.166 
2773, 42.7609 
2774, 357.239 
2775, 253.044 
2776, 146.956 
2777, 221.703 
2778, 178.297 
2779, 156.474 
2780, 243.526 
2781, 346.328 
2782, 53.6719 
2783, 64.1935 
2784, 335.806 
2785, 306.765 
2786, 93.2349 
2787, 379.401 
2788, 20.5992 
2789, 18.1274 
2790, 381.873 
2791, 176.847 
2792, 223.153 
2793, 185.016 
2794, 214.984 
2795, 343.375 
2796, 56.6253 
2797, 23.2079 
2798, 376.792 
2799, 207.763 
2800, 192.237 
2801, 31.2418 
2802, 368.758 
2803, 114.863 
2804, 285.137 
2805, 194.248 
2806, 205.752 
2807, 387.629 
2808, 12.3715 
2809, 163.757 
2810, 236.243 
2811, 345.67 
2812, 54.3305 
2813, 301.701 
2814, 98.2991 
2815, 139.207 
2816, 260.793 
2817, 346.822 
2818, 53.1778 
2819, 204.471 
2820, 195.529 
2821, 292.42 
2822, 107.58 
2823, 261.646 
2824, 138.354 
2825, 227.406 
2826, 172.594 
2827, 386.659 
2828, 13.3411 
2829, 229.079 
2830, 170.921 
2831, 8.92212 
2832, 391.078 
2833, 11.3095 
2834, 388.691 
2835, 246.335 
2836, 153.665 
2837, 350.805 
2838, 49.1954 
2839, 176.393 
2840, 223.607 
2841, 144.809 
2842, 255.191 
2843, 374.078 
2844, 25.9216 
2845, 36.9926 
2846, 363.007 
2847, 107.198 
2848, 292.802 
2849, 251.103 
2850, 148.897 
2851, 36.2527 
2852, 363.747 
2853, 120.456 
2854, 279.544 
2855, 214.035 
2856, 185.965 
2857, 258.405 
2858, 141.595 
2859, 127.047 
2860, 272.953 
2861, 239.66 
2862, 160.34 
2863, 104.952 
2864, 295.048 
2865, 213.692 
2866, 186.308 
2867, 17.3665 
2868, 382.633 
2869, 59.3887 
2870, 340.611 
2871, 113.214 
2872, 286.786 
2873, 197.712 
2874, 202.288 
2875, 129.803 
2876, 270.197 
2877, 258.58 
2878, 141.42 
2879, 175.861 
2880, 224.139 
2881, 161.895 
2882, 238.105 
2883, 83.2223 
2884, 316.778 
2885, 66.8511 
2886, 333.149 
2887, 324.579 
2888, 75.4205 
2889, 117.276 
2890, 282.724 
2891, 363.634 
2892, 36.3657 
2893, 167.554 
2894, 232.446 
2895, 110.643 
2896, 289.357 
2897, 351.606 
2898, 48.3937 
2899, 42.7309 
2900, 357.269 
2901, 56.1363 
2902, 343.864 
2903, 379.321 
2904, 20.6789 
2905, 355.651 
2906, 44.3487 
2907, 107.247 
2908, 292.753 
2909, 66.8842 
2910, 333.116 
2911, 56.9146 
2912, 343.085 
2913, 212.653 
2914, 187.347 
2915, 128.963 
2916, 271.037 
2917, 257.064 
2918, 142.936 
2919, 50.4668 
2920, 349.533 
2921, 66.6528 
2922, 333.347 
2923, 55.2524 
2924, 344.748 
2925, 246.991 
2926, 153.009 
2927, 315.95 
2928, 84.05 
2929, 147.951 
2930, 252.049 
2931, 107.092 
2932, 292.908 
2933, 142.975 
2934, 257.025 
2935, 137.645 
2936, 262.355 
2937, 68.1306 
2938, 331.869 
2939, 304.098 
2940, 95.9019 
2941, 83.7123 
2942, 316.288 
2943, 265.746 
2944, 134.254 
2945, 70.288 
2946, 329.712 
2947, 35.8685 
2948, 364.131 
2949, 75.1852 
2950, 324.815 
2951, 185.429 
2952, 214.571 
2953, 77.8186 
2954, 322.181 
2955, 42.9183 
2956, 357.082 
2957, 313.356 
2958, 86.6439 
2959, 393.969 
2960, 6.03083 
2961, 40.5595 
2962, 359.441 
2963, 127.054 
2964, 272.946 
2965, 316.484 
2966, 83.5156 
2967, 389.996 
2968, 10.0035 
2969, 158.202 
2970, 241.798 
2971, 41.2852 
2972, 358.715 
2973, 90.8412 
2974, 309.159 
2975, 178.177 
2976, 221.823 
2977, 80.5139 
2978, 319.486 
2979, 336.038 
2980, 63.962 
2981, 12.7199 
2982, 387.28 
2983, 237.825 
2984, 162.175 
2985, 297.024 
2986, 102.976 
2987, 291.455 
2988, 108.545 
2989, 164.73 
2990, 235.27 
2991, 215.035 
2992, 184.965 
2993, 49.7661 
2994, 350.234 
2995, 124.693 
2996, 275.307 
2997, 355.155 
2998, 44.845 
2999, 210.587 
3000, 189.413 
3001, 103.061 
3002, 296.939 
3003, 1.6653 
3004, 398.335 
3005, 321.788 
3006, 78.2118 
3007, 237.037 
3008, 162.963 
3009, 153.193 
3010, 246.807 
3011, 279.739 
3012, 120.261 
3013, 352.854 
3014, 47.1463 
3015, 88.253 
3016, 311.747 
3017, 26.7388 
3018, 373.261 
3019, 143.168 
3020, 256.832 
3021, 222.153 
3022, 177.847 
3023, 300.873 
3024, 99.1265 
3025, 213.301 
3026, 186.699 
3027, 37.8249 
3028, 362.175 
3029, 78.1062 
3030, 321.894 
3031, 160.919 
3032, 239.081 
3033, 47.42 
3034, 352.58 
3035, 237.49 
3036, 162.51 
3037, 248.625 
3038, 151.375 
3039, 108.79 
3040, 291.21 
3041, 388.188 
3042, 11.8115 
3043, 164.79 
3044, 235.21 
3045, 238.458 
3046, 161.542 
3047, 370.724 
3048, 29.2756 
3049, 392.075 
3050, 7.92519 
3051, 265.726 
3052, 134.274 
3053, 228.472 
3054, 171.528 
3055, 79.5948 
3056, 320.405 
3057, 13.4627 
3058, 386.537 
3059, 90.4167 
3060, 309.583 
3061, 269.165 
3062, 130.835 
3063, 384.069 
3064, 15.9314 
3065, 93.4549 
3066, 306.545 
3067, 63.9935 
3068, 336.006 
3069, 91.3269 
3070, 308.673 
3071, 333.128 
3072, 66.8716 
3073, 361.406 
3074, 38.5936 
3075, 273.866 
3076, 126.134 
3077, 219.217 
3078, 180.783 
3079, 172.561 
3080, 227.439 
3081, 70.7989 
3082, 329.201 
3083, 79.6732 
3084, 320.327 
3085, 273.114 
3086, 126.886 
3087, 223.966 
3088, 176.034 
3089, 182.264 
3090, 217.736 
3091, 108.73 
3092, 291.27 
3093, 249.06 
3094, 150.94 
3095, 365.864 
3096, 34.1356 
3097, 243.025 
3098, 156.975 
3099, 139.369 
3100, 260.631 
3101, 139.076 
3102, 260.924 
3103, 313.273 
3104, 86.7268 
3105, 104.463 
3106, 295.537 
3107, 14.6228 
3108, 385.377 
3109, 268.302 
3110, 131.698 
3111, 319.966 
3112, 80.0336 
3113, 151.093 
3114, 248.907 
3115, 356.365 
3116, 43.6354 
3117, 95.7052 
3118, 304.295 
3119, 283.963 
3120, 116.037 
3121, 196.726 
3122, 203.274 
3123, 223.602 
3124, 176.398 
3125, 228.369 
3126, 171.631 
3127, 246.618 
3128, 153.382 
3129, 221.57 
3130, 178.43 
3131, 308.864 
3132, 91.1361 
3133, 131.786 
3134, 268.214 
3135, 1.52279 
3136, 398.477 
3137, 175.461 
3138, 224.539 
3139, 234.072 
3140, 165.928 
3141, 70.3426 
3142, 329.657 
3143, 396.092 
3144, 3.90772 
3145, 169.074 
3146, 230.926 
3147, 94.3822 
3148, 305.618 
3149, 19.8166 
3150, 380.183 
3151, 243.798 
3152, 156.202 
3153, 313.878 
3154, 86.1224 
3155, 266.38 
3156, 133.62 
3157, 259.278 
3158, 140.722 
3159, 143.108 
3160, 256.892 
3161, 187.134 
3162, 212.866 
3163, 228.062 
3164, 171.938 
3165, 343.027 
3166, 56.9734 
3167, 171.792 
3168, 228.208 
3169, 197.286 
3170, 202.714 
3171, 307.077 
3172, 92.9232 
3173, 386.045 
3174, 13.9555 
3175, 333.4 
3176, 66.6001 
3177, 332.135 
3178, 67.8648 
3179, 384.495 
3180, 15.505 
3181, 290.011 
3182, 109.989 
3183, 277.473 
3184, 122.527 
3185, 239.911 
3186, 160.089 
3187, 148.215 
3188, 251.785 
3189, 148.488 
3190, 251.512 
3191, 74.6334 
3192, 325.367 
3193, 184.207 
3194, 215.793 
3195, 167.735 
3196, 232.265 
3197, 64.8065 
3198, 335.193 
3199, 94.5756 
3200, 305.424 
3201, 297.23 
3202, 102.77 
3203, 323.693 
3204, 76.3068 
3205, 19.4442 
3206, 380.556 
3207, 318.995 
3208, 81.0054 
3209, 203.282 
3210, 196.718 
3211, 347.284 
3212, 52.7158 
3213, 261.856 
3214, 138.144 
3215, 259.006 
3216, 140.994 
3217, 162.382 
3218, 237.618 
3219, 167.057 
3220, 232.943 
3221, 284.404 
3222, 115.596 
3223, 40.8558 
3224, 359.144 
3225, 299.107 
3226, 100.893 
3227, 390.569 
3228, 9.43053 
3229, 136.558 
3230, 263.442 
3231, 4.35767 
3232, 395.642 
3233, 347.897 
3234, 52.1027 
3235, 22.5177 
3236, 377.482 
3237, 205.438 
3238, 194.562 
3239, 0.890218 
3240, 399.11 
3241, 387.21 
3242, 12.7896 
3243, 309.175 
3244, 90.8252 
3245, 64.9929 
3246, 335.007 
3247, 81.4579 
3248, 318.542 
3249, 223.971 
3250, 176.029 
3251, 321.91 
3252, 78.0897 
3253, 55.0335 
3254, 344.966 
3255, 174.098 
3256, 225.902 
3257, 347.077 
3258, 52.9226 
3259, 269.144 
3260, 130.856 
3261, 148.617 
3262, 251.383 
3263, 105.104 
3264, 294.896 
3265, 322.579 
3266, 77.4214 
3267, 265.718 
3268, 134.282 
3269, 89.0063 
3270, 310.994 
3271, 142.34 
3272, 257.66 
3273, 38.2369 
3274, 361.763 
3275, 180.743 
3276, 219.257 
3277, 138.666 
3278, 261.334 
3279, 318.805 
3280, 81.1953 
3281, 388.773 
3282, 11.2273 
3283, 233.767 
3284, 166.233 
3285, 379.638 
3286, 20.3624 
3287, 137.001 
3288, 262.999 
3289, 89.9622 
3290, 310.038 
3291, 304.453 
3292, 95.5469 
3293, 195.035 
3294, 204.965 
3295, 19.9176 
3296, 380.082 
3297, 5.25012 
3298, 394.75 
3299, 246.031 
3300, 153.969 
3301, 63.5106 
3302, 336.489 
3303, 293.521 
3304, 106.479 
3305, 91.5645 
3306, 308.436 
3307, 292.713 
3308, 107.287 
3309, 263.952 
3310, 136.048 
3311, 178.122 
3312, 221.878 
3313, 170.317 
3314, 229.683 
3315, 306.831 
3316, 93.1689 
3317, 240.261 
3318, 159.739 
3319, 211.882 
3320, 188.118 
3321, 172.027 
3322, 227.973 
3323, 98.0021 
3324, 301.998 
3325, 355.423 
3326, 44.5765 
3327, 10.6326 
3328, 389.367 
3329, 154.416 
3330, 245.584 
3331, 272.632 
3332, 127.368 
3333, 275.533 
3334, 124.467 
3335, 250.473 
3336, 149.527 
3337, 315.631 
3338, 84.3694 
3339, 348.785 
3340, 51.2148 
3341, 14.7284 
3342, 385.272 
3343, 42.4708 
3344, 357.529 
3345, 115.61 
3346, 284.39 
3347, 190.463 
3348, 209.537 
3349, 174.478 
3350, 225.522 
3351, 89.5266 
3352, 310.473 
3353, 214.538 
3354, 185.462 
3355, 103.794 
3356, 296.206 
3357, 134.86 
3358, 265.14 
3359, 189.319 
3360, 210.681 
3361, 232.3 
3362, 167.7 
3363, 381.065 
3364, 18.9352 
3365, 256.667 
3366, 143.333 
3367, 133.235 
3368, 266.765 
3369, 179.406 
3370, 220.594 
3371, 229.754 
3372, 170.246 
3373, 315.787 
3374, 84.2126 
3375, 47.8503 
3376, 352.15 
3377, 100.733 
3378, 299.267 
3379, 302.975 
3380, 97.0253 
3381, 49.2932 
3382, 350.707 
3383, 107.86 
3384, 292.14 
3385, 173.501 
3386, 226.499 
3387, 201.474 
3388, 198.526 
3389, 299.867 
3390, 100.133 
3391, 338.28 
3392, 61.72 
3393, 20.9024 
3394, 379.098 
3395, 273.858 
3396, 126.142 
3397, 359.579 
3398, 40.4206 
3399, 343.141 
3400, 56.8593 
3401, 213.262 
3402, 186.738 
3403, 129.111 
3404, 270.889 
3405, 316.642 
3406, 83.3584 
3407, 151.161 
3408, 248.839 
3409, 133.681 
3410, 266.319 
3411, 23.5748 
3412, 376.425 
3413, 58.0423 
3414, 341.958 
3415, 143.195 
3416, 256.805 
3417, 158.203 
3418, 241.797 
3419, 71.0398 
3420, 328.96 
3421, 51.6385 
3422, 348.361 
3423, 88.4298 
3424, 311.57 
3425, 133.22 
3426, 266.78 
3427, 205.115 
3428, 194.885 
3429, 388.025 
3430, 11.9752 
3431, 229.198 
3432, 170.802 
3433, 264.375 
3434, 135.625 
3435, 14.4009 
3436, 385.599 
3437, 110.337 
3438, 289.663 
3439, 42.2271 
3440, 357.773 
3441, 26.0426 
3442, 373.957 
3443, 295.238 
3444, 104.762 
3445, 358.973 
3446, 41.0272 
3447, 215.189 
3448, 184.811 
3449, 118.184 
3450, 281.816 
3451, 336.402 
3452, 63.5985 
3453, 85.4088 
3454, 314.591 
3455, 101.518 
3456, 298.482 
3457, 133.536 
3458, 266.464 
3459, 23.5558 
3460, 376.444 
3461, 12.6254 
3462, 387.375 
3463, 225.008 
3464, 174.992 
3465, 311.713 
3466, 88.2869 
3467, 169.06 
3468, 230.94 
3469, 78.4174 
3470, 321.583 
3471, 283.07 
3472, 116.93 
3473, 96.1076 
3474, 303.892 
3475, 286.787 
3476, 113.213 
3477, 271.991 
3478, 128.009 
3479, 173.883 
3480, 226.117 
3481, 80.5427 
3482, 319.457 
3483, 10.7446 
3484, 389.255 
3485, 306.173 
3486, 93.8274 
3487, 129.506 
3488, 270.494 
3489, 248.578 
3490, 151.422 
3491, 266.761 
3492, 133.239 
3493, 165.953 
3494, 234.047 
3495, 165.982 
3496, 234.018 
3497, 163.995 
3498, 236.005 
3499, 374.261 
3500, 25.739 
3501, 339.555 
3502, 60.4455 
3503, 218.599 
3504, 181.401 
3505, 392.768 
3506, 7.23227 
3507, 221.948 
3508, 178.052 
3509, 174.147 
3510, 225.853 
3511, 290.765 
3512, 109.235 
3513, 130.506 
3514, 269.494 
3515, 147.996 
3516, 252.004 
3517, 26.0503 
3518, 373.95 
3519, 10.1456 
3520, 389.854 
3521, 257.987 
3522, 142.013 
3523, 260.236 
3524, 139.764 
3525, 128.752 
3526, 271.248 
3527, 4.51159 
3528, 395.488 
3529, 9.96758 
3530, 390.032 
3531, 10.9761 
3532, 389.024 
3533, 314.594 
3534, 85.4059 
3535, 286.304 
3536, 113.696 
3537, 176.728 
3538, 223.272 
3539, 66.9904 
3540, 333.01 
3541, 222.893 
3542, 177.107 
3543, 31.7213 
3544, 368.279 
3545, 188.2 
3546, 211.8 
3547, 190.211 
3548, 209.789 
3549, 391.876 
3550, 8.12352 
3551, 291.487 
3552, 108.513 
3553, 273.926 
3554, 126.074 
3555, 361.465 
3556, 38.5351 
3557, 109.7 
3558, 290.3 
3559, 201.655 
3560, 198.345 
3561, 120.166 
3562, 279.834 
3563, 62.069 
3564, 337.931 
3565, 163.656 
3566, 236.344 
3567, 221.086 
3568, 178.914 
3569, 322.951 
3570, 77.0487 
3571, 181.156 
3572, 218.844 
3573, 110.636 
3574, 289.364 
3575, 335.792 
3576, 64.2077 
3577, 287.827 
3578, 112.173 
3579, 152.175 
3580, 247.825 
3581, 127.74 
3582, 272.26 
3583, 374.596 
3584, 25.4042 
3585, 237.452 
3586, 162.548 
3587, 135.66 
3588, 264.34 
3589, 191.181 
3590, 208.819 
3591, 200.963 
3592, 199.037 
3593, 386.194 
3594, 13.8057 
3595, 47.4422 
3596, 352.558 
3597, 50.574 
3598, 349.426 
3599, 21.9203 
3600, 378.08 
3601, 42.7774 
3602, 357.223 
3603, 28.6605 
3604, 371.34 
3605, 254.957 
3606, 145.043 
3607, 254.236 
3608, 145.764 
3609, 57.7705 
3610, 342.23 
3611, 213.115 
3612, 186.885 
3613, 5.39862 
3614, 394.601 
3615, 70.1519 
3616, 329.848 
3617, 56.6683 
3618, 343.332 
3619, 168.659 
3620, 231.341 
3621, 201.79 
3622, 198.21 
3623, 320.873 
3624, 79.1268 
3625, 58.9785 
3626, 341.021 
3627, 92.6422 
3628, 307.358 
3629, 265.693 
3630, 134.307 
3631, 119.323 
3632, 280.677 
3633, 165.716 
3634, 234.284 
3635, 249.199 
3636, 150.801 
3637, 66.9455 
3638, 333.054 
3639, 43.4334 
3640, 356.567 
3641, 98.8368 
3642, 301.163 
3643, 84.1991 
3644, 315.801 
3645, 122.97 
3646, 277.03 
3647, 123.053 
3648, 276.947 
3649, 96.7902 
3650, 303.21 
3651, 131.373 
3652, 268.627 
3653, 47.2491 
3654, 352.751 
3655, 247.556 
3656, 152.444 
3657, 131.379 
3658, 268.621 
3659, 313.997 
3660, 86.0029 
3661, 395.815 
3662, 4.18535 
3663, 251.204 
3664, 148.796 
3665, 212.281 
3666, 187.719 
3667, 241.932 
3668, 158.068 
3669, 337.351 
3670, 62.6491 
3671, 295.621 
3672, 104.379 
3673, 31.958 
3674, 368.042 
3675, 106.938 
3676, 293.062 
3677, 155.625 
3678, 244.375 
3679, 285.53 
3680, 114.47 
3681, 299.033 
3682, 100.967 
3683, 374.726 
3684, 25.2743 
3685, 306.481 
3686, 93.5194 
3687, 309.794 
3688, 90.206 
3689, 169.172 
3690, 230.828 
3691, 122.018 
3692, 277.982 
3693, 246.336 
3694, 153.664 
3695, 341.755 
3696, 58.2447 
3697, 182.711 
3698, 217.289 
3699, 357.757 
3700, 42.2433 
3701, 140.868 
3702, 259.132 
3703, 370.794 
3704, 29.2056 
3705, 136.24 
3706, 263.76 
3707, 150.767 
3708, 249.233 
3709, 372.561 
3710, 27.4385 
3711, 91.9252 
3712, 308.075 
3713, 17.0009 
3714, 382.999 
3715, 343.946 
3716, 56.0535 
3717, 383.501 
3718, 16.4994 
3719, 212.192 
3720, 187.808 
3721, 181.418 
3722, 218.582 
3723, 243.66 
3724, 156.34 
3725, 295.087 
3726, 104.913 
3727, 386.833 
3728, 13.1668 
3729, 308.028 
3730, 91.972 
3731, 307.157 
3732, 92.8425 
3733, 186.72 
3734, 213.28 
3735, 40.6568 
3736, 359.343 
3737, 146.889 
3738, 253.111 
3739, 234.286 
3740, 165.714 
3741, 332.63 
3742, 67.3697 
3743, 378.268 
3744, 21.7321 
3745, 133.792 
3746, 266.208 
3747, 327.038 
3748, 72.9621 
3749, 278.686 
3750, 121.314 
3751, 195.859 
3752, 204.141 
3753, 346.225 
3754, 53.7749 
3755, 379.13 
3756, 20.8704 
3757, 198.34 
3758, 201.66 
3759, 19.2774 
3760, 380.723 
3761, 295.337 
3762, 104.663 
3763, 311.762 
3764, 88.238 
3765, 140.566 
3766, 259.434 
3767, 130.205 
3768, 269.795 
3769, 139.463 
3770, 260.537 
3771, 216.622 
3772, 183.378 
3773, 203.378 
3774, 196.622 
3775, 118.206 
3776, 281.794 
3777, 314.018 
3778, 85.9818 
3779, 339.368 
3780, 60.6317 
3781, 106.805 
3782, 293.195 
3783, 335.253 
3784, 64.7465 
3785, 202.39 
3786, 197.61 
3787, 32.5607 
3788, 367.439 
3789, 60.9218 
3790, 339.078 
3791, 152.37 
3792, 247.63 
3793, 78.9603 
3794, 321.04 
3795, 336.733 
3796, 63.2673 
3797, 66.6945 
3798, 333.306 
3799, 65.0582 
3800, 334.942 
3801, 357.964 
3802, 42.0359 
3803, 372.159 
3804, 27.8414 
3805, 210.929 
3806, 189.071 
3807, 77.3015 
3808, 322.699 
3809, 231.14 
3810, 168.86 
3811, 235.653 
3812, 164.347 
3813, 158.139 
3814, 241.861 
3815, 242.476 
3816, 157.524 
3817, 322.543 
3818, 77.457 
3819, 397.715 
3820, 2.28526 
3821, 373.335 
3822, 26.6655 
3823, 361.514 
3824, 38.4855 
3825, 399.741 
3826, 0.259161 
3827, 263.603 
3828, 136.397 
3829, 266.385 
3830, 133.615 
3831, 288.011 
3832, 111.989 
3833, 113.74 
3834, 286.26 
3835, 103.57 
3836, 296.43 
3837, 137.01 
3838, 262.99 
3839, 182.649 
3840, 217.351 
3841, 391.098 
3842, 8.90188 
3843, 38.1998 
3844, 361.8 
3845, 45.886 
3846, 354.114 
3847, 38.2324 
3848, 361.768 
3849, 386.774 
3850, 13.2256 
3851, 20.987 
3852, 379.013 
3853, 166.893 
3854, 233.107 
3855, 146.799 
3856, 253.201 
3857, 388.675 
3858, 11.3251 
3859, 120.453 
3860, 279.547 
3861, 253.82 
3862, 146.18 
3863, 307.524 
3864, 92.4756 
3865, 267.642 
3866, 132.358 
3867, 178.223 
3868, 221.777 
3869, 79.1128 
3870, 320.887 
3871, 104.302 
3872, 295.698 
3873, 353.781 
3874, 46.2194 
3875, 321.342 
3876, 78.658 
3877, 332.172 
3878, 67.8279 
3879, 367.985 
3880, 32.0153 
3881, 160.081 
3882, 239.919 
3883, 61.0507 
3884, 338.949 
3885, 269.951 
3886, 130.049 
3887, 279.215 
3888, 120.785 
3889, 382.779 
3890, 17.2207 
3891, 70.7934 
3892, 329.207 
3893, 274.341 
3894, 125.659 
3895, 184.752 
3896, 215.248 
3897, 88.363 
3898, 311.637 
3899, 22.7181 
3900, 377.282 
3901, 334.711 
3902, 65.2887 
3903, 302.653 
3904, 97.3472 
3905, 274.159 
3906, 125.841 
3907, 189.127 
3908, 210.873 
3909, 282.043 
3910, 117.957 
3911, 92.8122 
3912, 307.188 
3913, 21.7489 
3914, 378.251 
3915, 356.262 
3916, 43.7376 
3917, 347.483 
3918, 52.5173 
3919, 380.124 
3920, 19.876 
3921, 390.779 
3922, 9.2208 
3923, 115.597 
3924, 284.403 
3925, 200.76 
3926, 199.24 
3927, 136.868 
3928, 263.132 
3929, 345.91 
3930, 54.0903 
3931, 366.589 
3932, 33.4108 
3933, 233.845 
3934, 166.155 
3935, 123.829 
3936, 276.171 
3937, 328.968 
3938, 71.0323 
3939, 319.619 
3940, 80.3812 
3941, 134.057 
3942, 265.943 
3943, 391.746 
3944, 8.25399 
3945, 79.8936 
3946, 320.106 
3947, 103.582 
3948, 296.418 
3949, 235.951 
3950, 164.049 
3951, 13.874 
3952, 386.126 
3953, 42.0566 
3954, 357.943 
3955, 144.611 
3956, 255.389 
3957, 39.1011 
3958, 360.899 
3959, 306.951 
3960, 93.0491 
3961, 123.717 
3962, 276.283 
3963, 107.774 
3964, 292.226 
3965, 134.051 
3966, 265.949 
3967, 207.535 
3968, 192.465 
3969, 172.193 
3970, 227.807 
3971, 209.972 
3972, 190.028 
3973, 180.847 
3974, 219.153 
3975, 176.198 
3976, 223.802 
3977, 119.119 
3978, 280.881 
3979, 265.414 
3980, 134.586 
3981, 108.79 
3982, 291.21 
3983, 7.69329 
3984, 392.307 
3985, 171.155 
3986, 228.845 
3987, 100.093 
3988, 299.907 
3989, 291.973 
3990, 108.027 
3991, 278.414 
3992, 121.586 
3993, 260.93 
3994, 139.07 
3995, 366.887 
3996, 33.1127 
3997, 336.445 
3998, 63.5547 
3999, 0.930792 
4000, 399.069 
4001, 0.657289 
4002, 399.343 
4003, 40.9484 
4004, 359.052 
4005, 143.548 
4006, 256.452 
4007, 54.3754 
4008, 345.625 
4009, 254.575 
4010, 145.425 
4011, 285.789 
4012, 114.211 
4013, 288.847 
4014, 111.153 
4015, 204.966 
4016, 195.034 
4017, 40.5367 
4018, 359.463 
4019, 36.3491 
4020, 363.651 
4021, 71.3667 
4022, 328.633 
4023, 273.257 
4024, 126.743 
4025, 354.083 
4026, 45.917 
4027, 350.659 
4028, 49.3408 
4029, 361.619 
4030, 38.3806 
4031, 358.476 
4032, 41.5239 
4033, 215.687 
4034, 184.313 
4035, 317.73 
4036, 82.2704 
4037, 379.724 
4038, 20.2762 
4039, 250.507 
4040, 149.493 
4041, 242.289 
4042, 157.711 
4043, 98.8226 
4044, 301.177 
4045, 213.26 
4046, 186.74 
4047, 15.8607 
4048, 384.139 
4049, 22.9883 
4050, 377.012 
4051, 21.1625 
4052, 378.838 
4053, 47.5245 
4054, 352.476 
4055, 192.425 
4056, 207.575 
4057, 395.666 
4058, 4.33422 
4059, 364.052 
4060, 35.9476 
4061, 338.561 
4062, 61.4388 
4063, 238.856 
4064, 161.144 
4065, 210.963 
4066, 189.037 
4067, 357.601 
4068, 42.3986 
4069, 37.848 
4070, 362.152 
4071, 396.077 
4072, 3.92323 
4073, 73.0865 
4074, 326.914 
4075, 51.4491 
4076, 348.551 
4077, 399.336 
4078, 0.663789 
4079, 53.3785 
4080, 346.622 
4081, 322.781 
4082, 77.2194 
4083, 202.89 
4084, 197.11 
4085, 199.663 
4086, 200.337 
4087, 106.827 
4088, 293.173 
4089, 386.136 
4090, 13.8642 
4091, 231.874 
4092, 168.126 
4093, 233.155 
4094, 166.845 
4095, 339.357 
4096, 60.6426 
4097, 217.423 
4098, 182.577 
4099, 199.7 
4100, 200.3 
4101, 271.522 
4102, 128.478 
4103, 290.31 
4104, 109.69 
4105, 91.5566 
4106, 308.443 
4107, 230.936 
4108, 169.064 
4109, 280.751 
4110, 119.249 
4111, 46.3245 
4112, 353.675 
4113, 149.766 
4114, 250.234 
4115, 173.944 
4116, 226.056 
4117, 226.38 
4118, 173.62 
4119, 133.439 
4120, 266.561 
4121, 94.3036 
4122, 305.696 
4123, 27.523 
4124, 372.477 
4125, 32.3542 
4126, 367.646 
4127, 343.921 
4128, 56.0793 
4129, 249.893 
4130, 150.107 
4131, 162.89 
4132, 237.11 
4133, 154.477 
4134, 245.523 
4135, 106.785 
4136, 293.215 
4137, 106.695 
4138, 293.305 
4139, 347.628 
4140, 52.3718 
4141, 151.754 
4142, 248.246 
4143, 281.721 
4144, 118.279 
4145, 51.2101 
4146, 348.79 
4147, 139.051 
4148, 260.949 
4149, 42.0374 
4150, 357.963 
4151, 330.709 
4152, 69.2908 
4153, 332.042 
4154, 67.9582 
4155, 143.715 
4156, 256.285 
4157, 283.275 
4158, 116.725 
4159, 273.279 
4160, 126.721 
4161, 329.858 
4162, 70.1419 
4163, 384.306 
4164, 15.6936 
4165, 65.0656 
4166, 334.934 
4167, 119.347 
4168, 280.653 
4169, 220.783 
4170, 179.217 
4171, 54.1598 
4172, 345.84 
4173, 91.784 
4174, 308.216 
4175, 86.4418 
4176, 313.558 
4177, 219.764 
4178, 180.236 
4179, 74.6638 
4180, 325.336 
4181, 267.03 
4182, 132.97 
4183, 394.693 
4184, 5.30672 
4185, 199.327 
4186, 200.673 
4187, 184.266 
4188, 215.734 
4189, 388.802 
4190, 11.1979 
4191, 226.65 
4192, 173.35 
4193, 234.624 
4194, 165.376 
4195, 362.782 
4196, 37.2175 
4197, 223.882 
4198, 176.118 
4199, 351.411 
4200, 48.5889 
4201, 218.786 
4202, 181.214 
4203, 222.177 
4204, 177.823 
4205, 128.751 
4206, 271.249 
4207, 262.104 
4208, 137.896 
4209, 158.619 
4210, 241.381 
4211, 86.2017 
4212, 313.798 
4213, 55.7444 
4214, 344.256 
4215, 29.7627 
4216, 370.237 
4217, 34.7401 
4218, 365.26 
4219, 47.4556 
4220, 352.544 
4221, 43.7216 
4222, 356.278 
4223, 264.664 
4224, 135.336 
4225, 114.887 
4226, 285.113 
4227, 186.587 
4228, 213.413 
4229, 46.4203 
4230, 353.58 
4231, 95.892 
4232, 304.108 
4233, 139.643 
4234, 260.357 
4235, 3.05798 
4236, 396.942 
4237, 13.7458 
4238, 386.254 
4239, 255.453 
4240, 144.547 
4241, 124.418 
4242, 275.582 
4243, 329.196 
4244, 70.8044 
4245, 291.21 
4246, 108.79 
4247, 271.315 
4248, 128.685 
4249, 146.123 
4250, 253.877 
4251, 207.971 
4252, 192.029 
4253, 72.192 
4254, 327.808 
4255, 323.354 
4256, 76.6459 
4257, 155.808 
4258, 244.192 
4259, 175.429 
4260, 224.571 
4261, 209.428 
4262, 190.572 
4263, 155.887 
4264, 244.113 
4265, 212.54 
4266, 187.46 
4267, 355.425 
4268, 44.5746 
4269, 214.721 
4270, 185.279 
4271, 106.172 
4272, 293.828 
4273, 103.254 
4274, 296.746 
4275, 21.732 
4276, 378.268 
4277, 9.25644 
4278, 390.744 
4279, 115.167 
4280, 284.833 
4281, 328.096 
4282, 71.9039 
4283, 229.57 
4284, 170.43 
4285, 152.928 
4286, 247.072 
4287, 85.1712 
4288, 314.829 
4289, 264.714 
4290, 135.286 
4291, 55.7764 
4292, 344.224 
4293, 71.3089 
4294, 328.691 
4295, 341.899 
4296, 58.1009 
4297, 171.095 
4298, 228.905 
4299, 343.433 
4300, 56.5669 
4301, 52.041 
4302, 347.959 
4303, 319.338 
4304, 80.6617 
4305, 183.533 
4306, 216.467 
4307, 216.552 
4308, 183.448 
4309, 272.365 
4310, 127.635 
4311, 232.681 
4312, 167.319 
4313, 30.5337 
4314, 369.466 
4315, 28.1772 
4316, 371.823 
4317, 156.052 
4318, 243.948 
4319, 116.238 
4320, 283.762 
4321, 271.176 
4322, 128.824 
4323, 140.316 
4324, 259.684 
4325, 25.4469 
4326, 374.553 
4327, 207.538 
4328, 192.462 
4329, 263.188 
4330, 136.812 
4331, 190.57 
4332, 209.43 
4333, 1.61933 
4334, 398.381 
4335, 2.56085 
4336, 397.439 
4337, 75.1261 
4338, 324.874 
4339, 387.695 
4340, 12.3051 
4341, 182.117 
4342, 217.883 
4343, 234.74 
4344, 165.26 
4345, 390.157 
4346, 9.8428 
4347, 101.91 
4348, 298.09 
4349, 291.315 
4350, 108.685 
4351, 210.172 
4352, 189.828 
4353, 254.038 
4354, 145.962 
4355, 256.431 
4356, 143.569 
4357, 305.392 
4358, 94.6082 
4359, 208.735 
4360, 191.265 
4361, 210.839 
4362, 189.161 
4363, 186.754 
4364, 213.246 
4365, 265.742 
4366, 134.258 
4367, 340.514 
4368, 59.4856 
4369, 99.2653 
4370, 300.735 
4371, 42.8425 
4372, 357.158 
4373, 72.5501 
4374, 327.45 
4375, 35.4443 
4376, 364.556 
4377, 94.3541 
4378, 305.646 
4379, 275.794 
4380, 124.206 
4381, 360.514 
4382, 39.4862 
4383, 162.522 
4384, 237.478 
4385, 332.981 
4386, 67.0189 
4387, 250.776 
4388, 149.224 
4389, 13.7515 
4390, 386.248 
4391, 196.53 
4392, 203.47 
4393, 21.6252 
4394, 378.375 
4395, 9.9835 
4396, 390.016 
4397, 52.937 
4398, 347.063 
4399, 128.582 
4400, 271.418 
4401, 125.593 
4402, 274.407 
4403, 251.177 
4404, 148.823 
4405, 133.474 
4406, 266.526 
4407, 162.12 
4408, 237.88 
4409, 146.878 
4410, 253.122 
4411, 321.392 
4412, 78.6083 
4413, 177.479 
4414, 222.521 
4415, 287.35 
4416, 112.65 
4417, 286.116 
4418, 113.884 
4419, 390.81 
4420, 9.19044 
4421, 322.033 
4422, 77.9673 
4423, 184.983 
4424, 215.017 
4425, 348.175 
4426, 51.8248 
4427, 123.556 
4428, 276.444 
4429, 124.536 
4430, 275.464 
4431, 283.512 
4432, 116.488 
4433, 174.239 
4434, 225.761 
4435, 278.424 
4436, 121.576 
4437, 251.225 
4438, 148.775 
4439, 245.312 
4440, 154.688 
4441, 28.1977 
4442, 371.802 
4443, 165.64 
4444, 234.36 
4445, 97.7837 
4446, 302.216 
4447, 201.486 
4448, 198.514 
4449, 166.536 
4450, 233.464 
4451, 65.8274 
4452, 334.173 
4453, 340.288 
4454, 59.7115 
4455, 35.6223 
4456, 364.378 
4457, 7.89876 
4458, 392.101 
4459, 366.203 
4460, 33.7971 
4461, 383.607 
4462, 16.3931 
4463, 135.767 
4464, 264.233 
4465, 188.462 
4466, 211.538 
4467, 341.103 
4468, 58.8966 
4469, 271.511 
4470, 128.489 
4471, 266.939 
4472, 133.061 
4473, 235.083 
4474, 164.917 
4475, 387.877 
4476, 12.1225 
4477, 256.256 
4478, 143.744 
4479, 359.075 
4480, 40.9246 
4481, 107.826 
4482, 292.174 
4483, 86.6709 
4484, 313.329 
4485, 59.8798 
4486, 340.12 
4487, 119.698 
4488, 280.302 
4489, 13.1851 
4490, 386.815 
4491, 24.3546 
4492, 375.645 
4493, 368.361 
4494, 31.6392 
4495, 104.142 
4496, 295.858 
4497, 243.726 
4498, 156.274 
4499, 63.8681 
4500, 336.132 
4501, 178.672 
4502, 221.328 
4503, 113.616 
4504, 286.384 
4505, 376.429 
4506, 23.571 
4507, 299.209 
4508, 100.791 
4509, 83.5952 
4510, 316.405 
4511, 26.14 
4512, 373.86 
4513, 23.2453 
4514, 376.755 
4515, 263.101 
4516, 136.899 
4517, 152.66 
4518, 247.34 
4519, 23.7657 
4520, 376.234 
4521, 180.798 
4522, 219.202 
4523, 362.596 
4524, 37.4044 
4525, 204.187 
4526, 195.813 
4527, 120.833 
4528, 279.167 
4529, 172.125 
4530, 227.875 
4531, 95.4622 
4532, 304.538 
4533, 267.638 
4534, 132.362 
4535, 300.83 
4536, 99.1698 
4537, 206.717 
4538, 193.283 
4539, 301.015 
4540, 98.9848 
4541, 124.057 
4542, 275.943 
4543, 195.473 
4544, 204.527 
4545, 247.777 
4546, 152.223 
4547, 379.802 
4548, 20.1983 
4549, 250.438 
4550, 149.562 
4551, 270.959 
4552, 129.041 
4553, 19.1857 
4554, 380.814 
4555, 9.4823 
4556, 390.518 
4557, 106.009 
4558, 293.991 
4559, 101.163 
4560, 298.837 
4561, 246.998 
4562, 153.002 
4563, 285.602 
4564, 114.398 
4565, 128.678 
4566, 271.322 
4567, 137.576 
4568, 262.424 
4569, 329.435 
4570, 70.5654 
4571, 23.2064 
4572, 376.794 
4573, 195.458 
4574, 204.542 
4575, 85.4512 
4576, 314.549 
4577, 145.39 
4578, 254.61 
4579, 304.77 
4580, 95.2299 
4581, 151.653 
4582, 248.347 
4583, 332.359 
4584, 67.6407 
4585, 249.816 
4586, 150.184 
4587, 363.471 
4588, 36.529 
4589, 78.0519 
4590, 321.948 
4591, 11.4407 
4592, 388.559 
4593, 8.86626 
4594, 391.134 
4595, 119.334 
4596, 280.666 
4597, 389.031 
4598, 10.9693 
4599, 132.403 
4600, 267.597 
4601, 264.495 
4602, 135.505 
4603, 23.7549 
4604, 376.245 
4605, 338.578 
4606, 61.4219 
4607, 274.279 
4608, 125.721 
4609, 139.851 
4610, 260.149 
4611, 365.109 
4612, 34.8907 
4613, 279.908 
4614, 120.092 
4615, 151.515 
4616, 248.485 
4617, 369.216 
4618, 30.7841 
4619, 117.874 
4620, 282.126 
4621, 147.469 
4622, 252.531 
4623, 150.739 
4624, 249.261 
4625, 125.191 
4626, 274.809 
4627, 232.895 
4628, 167.105 
4629, 226.851 
4630, 173.149 
4631, 392.949 
4632, 7.05085 
4633, 343.099 
4634, 56.9005 
4635, 281.096 
4636, 118.904 
4637, 147.07 
4638, 252.93 
4639, 374.09 
4640, 25.9101 
4641, 377.286 
4642, 22.7137 
4643, 280.921 
4644, 119.079 
4645, 199.189 
4646, 200.811 
4647, 184.846 
4648, 215.154 
4649, 192.686 
4650, 207.314 
4651, 300.931 
4652, 99.0685 
4653, 69.9938 
4654, 330.006 
4655, 43.0791 
4656, 356.921 
4657, 313.465 
4658, 86.5349 
4659, 314.404 
4660, 85.5958 
4661, 295.613 
4662, 104.387 
4663, 332.55 
4664, 67.4497 
4665, 150.685 
4666, 249.315 
4667, 158.6 
4668, 241.4 
4669, 282.505 
4670, 117.495 
4671, 397.407 
4672, 2.59278 
4673, 314.281 
4674, 85.7193 
4675, 331.101 
4676, 68.8988 
4677, 286.262 
4678, 113.738 
4679, 170.664 
4680, 229.336 
4681, 46.4352 
4682, 353.565 
4683, 253.781 
4684, 146.219 
4685, 18.3652 
4686, 381.635 
4687, 320.219 
4688, 79.7807 
4689, 222.137 
4690, 177.863 
4691, 289.863 
4692, 110.137 
4693, 217.677 
4694, 182.323 
4695, 172.89 
4696, 227.11 
4697, 25.3943 
4698, 374.606 
4699, 49.462 
4700, 350.538 
4701, 240.337 
4702, 159.663 
4703, 319.228 
4704, 80.7723 
4705, 13.5998 
4706, 386.4 
4707, 9.44631 
4708, 390.554 
4709, 197.306 
4710, 202.694 
4711, 254.228 
4712, 145.772 
4713, 139.626 
4714, 260.374 
4715, 76.9722 
4716, 323.028 
4717, 386.568 
4718, 13.4319 
4719, 199.041 
4720, 200.959 
4721, 240.984 
4722, 159.016 
4723, 249.119 
4724, 150.881 
4725, 330.554 
4726, 69.4457 
4727, 300.017 
4728, 99.9826 
4729, 38.7554 
4730, 361.245 
4731, 5.32635 
4732, 394.674 
4733, 79.3359 
4734, 320.664 
4735, 15.4131 
4736, 384.587 
4737, 275.481 
4738, 124.519 
4739, 45.7304 
4740, 354.27 
4741, 27.5464 
4742, 372.454 
4743, 236.994 
4744, 163.006 
4745, 381.95 
4746, 18.0503 
4747, 63.9126 
4748, 336.087 
4749, 232.513 
4750, 167.487 
4751, 316.19 
4752, 83.8099 
4753, 256.27 
4754, 143.73 
4755, 87.3588 
4756, 312.641 
4757, 267.615 
4758, 132.385 
4759, 49.1758 
4760, 350.824 
4761, 193.198 
4762, 206.802 
4763, 146.704 
4764, 253.296 
4765, 382.582 
4766, 17.4177 
4767, 237.611 
4768, 162.389 
4769, 15.3193 
4770, 384.681 
4771, 280.288 
4772, 119.712 
4773, 332.962 
4774, 67.0383 
4775, 226.96 
4776, 173.04 
4777, 129.141 
4778, 270.859 
4779, 339.262 
4780, 60.7378 
4781, 332.539 
4782, 67.4611 
4783, 206.192 
4784, 193.808 
4785, 317.435 
4786, 82.5649 
4787, 209.847 
4788, 190.153 
4789, 241.703 
4790, 158.297 
4791, 91.9542 
4792, 308.046 
4793, 141.924 
4794, 258.076 
4795, 251.577 
4796, 148.423 
4797, 211.592 
4798, 188.408 
4799, 101.523 
4800, 298.477 
4801, 50.402 
4802, 349.598 
4803, 243.493 
4804, 156.507 
4805, 211.057 
4806, 188.943 
4807, 254.481 
4808, 145.519 
4809, 186.373 
4810, 213.627 
4811, 341.197 
4812, 58.8025 
4813, 289.041 
4814, 110.959 
4815, 342.246 
4816, 57.7543 
4817, 289.662 
4818, 110.338 
4819, 11.3534 
4820, 388.647 
4821, 81.106 
4822, 318.894 
4823, 92.4671 
4824, 307.533 
4825, 140.259 
4826, 259.741 
4827, 56.0264 
4828, 343.974 
4829, 52.4028 
4830, 347.597 
4831, 91.2506 
4832, 308.749 
4833, 398.127 
4834, 1.8726 
4835, 202.918 
4836, 197.082 
4837, 173.888 
4838, 226.112 
4839, 183.464 
4840, 216.536 
4841, 200.349 
4842, 199.651 
4843, 99.8676 
4844, 300.132 
4845, 260.66 
4846, 139.34 
4847, 85.2051 
4848, 314.795 
4849, 298.667 
4850, 101.333 
4851, 377.901 
4852, 22.0989 
4853, 174.368 
4854, 225.632 
4855, 65.0235 
4856, 334.977 
4857, 162.448 
4858, 237.552 
4859, 270.673 
4860, 129.327 
4861, 149.181 
4862, 250.819 
4863, 235.651 
4864, 164.349 
4865, 126.363 
4866, 273.637 
4867, 202.77 
4868, 197.23 
4869, 353.653 
4870, 46.3473 
4871, 352.148 
4872, 47.8521 
4873, 360.261 
4874, 39.7388 
4875, 330.491 
4876, 69.5087 
4877, 69.0519 
4878, 330.948 
4879, 323.389 
4880, 76.611 
4881, 12.6729 
4882, 387.327 
4883, 128.505 
4884, 271.495 
4885, 84.3129 
4886, 315.687 
4887, 308.85 
4888, 91.1497 
4889, 285.413 
4890, 114.587 
4891, 313.79 
4892, 86.2096 
4893, 43.7633 
4894, 356.237 
4895, 17.9828 
4896, 382.017 
4897, 30.597 
4898, 369.403 
4899, 164.22 
4900, 235.78 
4901, 41.6196 
4902, 358.38 
4903, 113.335 
4904, 286.665 
4905, 6.00026 
4906, 394 
4907, 164.475 
4908, 235.525 
4909, 272.778 
4910, 127.222 
4911, 324.291 
4912, 75.7085 
4913, 166.971 
4914, 233.029 
4915, 108.447 
4916, 291.553 
4917, 158.718 
4918, 241.282 
4919, 397.72 
4920, 2.27971 
4921, 344.395 
4922, 55.6054 
4923, 238.197 
4924, 161.803 
4925, 185.579 
4926, 214.421 
4927, 342.323 
4928, 57.6765 
4929, 336.135 
4930, 63.8653 
4931, 239.156 
4932, 160.844 
4933, 379.439 
4934, 20.561 
4935, 145.756 
4936, 254.244 
4937, 170.577 
4938, 229.423 
4939, 398.573 
4940, 1.42672 
4941, 97.5547 
4942, 302.445 
4943, 367.553 
4944, 32.4467 
4945, 327.182 
4946, 72.8181 
4947, 92.4857 
4948, 307.514 
4949, 280.68 
4950, 119.32 
4951, 39.1292 
4952, 360.871 
4953, 77.1163 
4954, 322.884 
4955, 297.712 
4956, 102.288 
4957, 140.285 
4958, 259.715 
4959, 112.712 
4960, 287.288 
4961, 319.866 
4962, 80.1336 
4963, 147.123 
4964, 252.877 
4965, 66.8364 
4966, 333.164 
4967, 191.33 
4968, 208.67 
4969, 168.823 
4970, 231.177 
4971, 199.342 
4972, 200.658 
4973, 315.807 
4974, 84.1927 
4975, 148.464 
4976, 251.536 
4977, 179.568 
4978, 220.432 
4979, 274.525 
4980, 125.475 
4981, 146.829 
4982, 253.171 
4983, 142.69 
4984, 257.31 
4985, 135.05 
4986, 264.95 
4987, 112.911 
4988, 287.089 
4989, 129.525 
4990, 270.475 
4991, 136.143 
4992, 263.857 
4993, 56.9905 
4994, 343.009 
4995, 273.448 
4996, 126.552 
4997, 155.242 
4998, 244.758 
4999, 244.549 
5000, 155.451 
5001, 44.4307 
5002, 355.569 
5003, 37.3379 
5004, 362.662 
5005, 312.501 
5006, 87.4994 
5007, 112.658 
5008, 287.342 
5009, 53.5907 
5010, 346.409 
5011, 335.91 
5012, 64.0904 
5013, 254.161 
5014, 145.839 
5015, 20.5835 
5016, 379.417 
5017, 38.6452 
5018, 361.355 
5019, 290.796 
5020, 109.204 
5021, 291.725 
5022, 108.275 
5023, 194.361 
5024, 205.639 
5025, 65.802 
5026, 334.198 
5027, 228.072 
5028, 171.928 
5029, 157.554 
5030, 242.446 
5031, 111.55 
5032, 288.45 
5033, 181.05 
5034, 218.95 
5035, 235.659 
5036, 164.341 
5037, 282.007 
5038, 117.993 
5039, 119.958 
5040, 280.042 
5041, 387.732 
5042, 12.2683 
5043, 153.958 
5044, 246.042 
5045, 368.995 
5046, 31.0046 
5047, 320.471 
5048, 79.5288 
5049, 218.866 
5050, 181.134 
5051, 233.044 
5052, 166.956 
5053, 105.155 
5054, 294.845 
5055, 274.688 
5056, 125.312 
5057, 257.188 
5058, 142.812 
5059, 327.356 
5060, 72.6436 
5061, 208.06 
5062, 191.94 
5063, 369.272 
5064, 30.7283 
5065, 368.203 
5066, 31.7968 
5067, 299.324 
5068, 100.676 
5069, 206.64 
5070, 193.36 
5071, 256.898 
5072, 143.102 
5073, 182.87 
5074, 217.13 
5075, 135.407 
5076, 264.593 
5077, 275.781 
5078, 124.219 
5079, 154.827 
5080, 245.173 
5081, 105.978 
5082, 294.022 
5083, 114.928 
5084, 285.072 
5085, 291.399 
5086, 108.601 
5087, 58.8745 
5088, 341.126 
5089, 164.278 
5090, 235.722 
5091, 334.085 
5092, 65.9145 
5093, 214.241 
5094, 185.759 
5095, 11.375 
5096, 388.625 
5097, 45.0173 
5098, 354.983 
5099, 376.668 
5100, 23.3324 
5101, 8.17414 
5102, 391.826 
5103, 175.924 
5104, 224.076 
5105, 147.887 
5106, 252.113 
5107, 235.797 
5108, 164.203 
5109, 381.686 
5110, 18.3143 
5111, 219.994 
5112, 180.006 
5113, 394.843 
5114, 5.1569 
5115, 327.319 
5116, 72.6807 
5117, 372.39 
5118, 27.6102 
5119, 280.433 
5120, 119.567 
5121, 301.404 
5122, 98.5959 
5123, 40.2679 
5124, 359.732 
5125, 250.256 
5126, 149.744 
5127, 70.7128 
5128, 329.287 
5129, 160.934 
5130, 239.066 
5131, 232.605 
5132, 167.395 
5133, 288.116 
5134, 111.884 
5135, 186.868 
5136, 213.132 
5137, 374.691 
5138, 25.3088 
5139, 21.2357 
5140, 378.764 
5141, 18.57 
5142, 381.43 
5143, 355.425 
5144, 44.5753 
5145, 317.515 
5146, 82.4853 
5147, 246.775 
5148, 153.225 
5149, 314.924 
5150, 85.0756 
5151, 171.418 
5152, 228.582 
5153, 119.559 
5154, 280.441 
5155, 357.303 
5156, 42.6966 
5157, 89.8403 
5158, 310.16 
5159, 204.405 
5160, 195.595 
5161, 383.285 
5162, 16.7151 
5163, 275.009 
5164, 124.991 
5165, 396.427 
5166, 3.57325 
5167, 260.49 
5168, 139.51 
5169, 165.579 
5170, 234.421 
5171, 330.55 
5172, 69.4498 
5173, 350.02 
5174, 49.9801 
5175, 250.627 
5176, 149.373 
5177, 210.507 
5178, 189.493 
5179, 179.493 
5180, 220.507 
5181, 18.2061 
5182, 381.794 
5183, 8.12227 
5184, 391.878 
5185, 49.3006 
5186, 350.699 
5187, 205.051 
5188, 194.949 
5189, 202.752 
5190, 197.248 
5191, 31.9901 
5192, 368.01 
5193, 104.204 
5194, 295.796 
5195, 227.352 
5196, 172.648 
5197, 84.8226 
5198, 315.177 
5199, 120.165 
5200, 279.835 
5201, 380.518 
5202, 19.4816 
5203, 191.712 
5204, 208.288 
5205, 88.9794 
5206, 311.021 
5207, 290.138 
5208, 109.862 
5209, 184.468 
5210, 215.532 
5211, 272.411 
5212, 127.589 
5213, 301.523 
5214, 98.4769 
5215, 209.253 
5216, 190.747 
5217, 197.2 
5218, 202.8 
5219, 37.6654 
5220, 362.335 
5221, 41.3167 
5222, 358.683 
5223, 12.4354 
5224, 387.565 
5225, 180.124 
5226, 219.876 
5227, 230.672 
5228, 169.328 
5229, 246.008 
5230, 153.992 
5231, 244.915 
5232, 155.085 
5233, 164.524 
5234, 235.476 
5235, 111.633 
5236, 288.367 
5237, 16.1686 
5238, 383.831 
5239, 46.4847 
5240, 353.515 
5241, 37.6321 
5242, 362.368 
5243, 16.643 
5244, 383.357 
5245, 199.463 
5246, 200.537 
5247, 41.028 
5248, 358.972 
5249, 139.604 
5250, 260.396 
5251, 192.495 
5252, 207.505 
5253, 343.923 
5254, 56.0771 
5255, 87.7765 
5256, 312.224 
5257, 394.998 
5258, 5.00218 
5259, 270.146 
5260, 129.854 
5261, 79.9191 
5262, 320.081 
5263, 357.937 
5264, 42.0627 
5265, 207.533 
5266, 192.467 
5267, 175.541 
5268, 224.459 
5269, 133.118 
5270, 266.882 
5271, 132.414 
5272, 267.586 
5273, 106.229 
5274, 293.771 
5275, 350.315 
5276, 49.6847 
5277, 237.325 
5278, 162.675 
5279, 74.3893 
5280, 325.611 
5281, 376.009 
5282, 23.9906 
5283, 178.677 
5284, 221.323 
5285, 369.525 
5286, 30.475 
5287, 43.954 
5288, 356.046 
5289, 187.104 
5290, 212.896 
5291, 236.395 
5292, 163.605 
5293, 38.6437 
5294, 361.356 
5295, 331.163 
5296, 68.8373 
5297, 303.142 
5298, 96.8576 
5299, 378.44 
5300, 21.5597 
5301, 328.701 
5302, 71.299 
5303, 127.669 
5304, 272.331 
5305, 14.3976 
5306, 385.602 
5307, 375.298 
5308, 24.7017 
5309, 17.5698 
5310, 382.43 
5311, 313.75 
5312, 86.2498 
5313, 369.114 
5314, 30.8865 
5315, 164.421 
5316, 235.579 
5317, 260.228 
5318, 139.772 
5319, 126.105 
5320, 273.895 
5321, 69.2832 
5322, 330.717 
5323, 266.345 
5324, 133.655 
5325, 144.554 
5326, 255.446 
5327, 156.556 
5328, 243.444 
5329, 55.1041 
5330, 344.896 
5331, 62.3165 
5332, 337.683 
5333, 154.098 
5334, 245.902 
5335, 398.297 
5336, 1.70299 
5337, 309.497 
5338, 90.5034 
5339, 171.604 
5340, 228.396 
5341, 141.667 
5342, 258.333 
5343, 209.627 
5344, 190.373 
5345, 393.401 
5346, 6.59897 
5347, 309.568 
5348, 90.4324 
5349, 122.984 
5350, 277.016 
5351, 384.09 
5352, 15.9101 
5353, 305.888 
5354, 94.1123 
5355, 287.396 
5356, 112.604 
5357, 144.723 
5358, 255.277 
5359, 323.335 
5360, 76.6648 
5361, 220.406 
5362, 179.594 
5363, 269.676 
5364, 130.324 
5365, 70.5703 
5366, 329.43 
5367, 207.59 
5368, 192.41 
5369, 221.97 
5370, 178.03 
5371, 150.993 
5372, 249.007 
5373, 92.4716 
5374, 307.528 
5375, 91.9014 
5376, 308.099 
5377, 107.643 
5378, 292.357 
5379, 41.4301 
5380, 358.57 
5381, 52.1865 
5382, 347.813 
5383, 277.753 
5384, 122.247 
5385, 389.378 
5386, 10.6219 
5387, 234.632 
5388, 165.368 
5389, 245.905 
5390, 154.095 
5391, 330.452 
5392, 69.5477 
5393, 208.442 
5394, 191.558 
5395, 376.348 
5396, 23.6517 
5397, 359.019 
5398, 40.9813 
5399, 359.927 
5400, 40.0726 
5401, 295.019 
5402, 104.981 
5403, 229.339 
5404, 170.661 
5405, 116.585 
5406, 283.415 
5407, 382.027 
5408, 17.9735 
5409, 69.0106 
5410, 330.989 
5411, 84.9932 
5412, 315.007 
5413, 166.066 
5414, 233.934 
5415, 74.0338 
5416, 325.966 
5417, 277.374 
5418, 122.626 
5419, 38.6873 
5420, 361.313 
5421, 227.951 
5422, 172.049 
5423, 230.064 
5424, 169.936 
5425, 378.33 
5426, 21.6701 
5427, 288.157 
5428, 111.843 
5429, 362.669 
5430, 37.3312 
5431, 280.131 
5432, 119.869 
5433, 3.06121 
5434, 396.939 
5435, 217.344 
5436, 182.656 
5437, 389.716 
5438, 10.2842 
5439, 345.543 
5440, 54.4565 
5441, 155.691 
5442, 244.309 
5443, 103.756 
5444, 296.244 
5445, 266.914 
5446, 133.086 
5447, 312.64 
5448, 87.3598 
5449, 307.79 
5450, 92.21 
5451, 21.7618 
5452, 378.238 
5453, 165.201 
5454, 234.799 
5455, 374.922 
5456, 25.0778 
5457, 74.3722 
5458, 325.628 
5459, 233.322 
5460, 166.678 
5461, 346.126 
5462, 53.8744 
5463, 262.346 
5464, 137.654 
5465, 224.812 
5466, 175.188 
5467, 5.04803 
5468, 394.952 
5469, 323.479 
5470, 76.5206 
5471, 266.164 
5472, 133.836 
5473, 114.594 
5474, 285.406 
5475, 388.274 
5476, 11.7256 
5477, 84.4989 
5478, 315.501 
5479, 70.8749 
5480, 329.125 
5481, 259.112 
5482, 140.888 
5483, 54.0095 
5484, 345.99 
5485, 196.013 
5486, 203.987 
5487, 306.3 
5488, 93.7004 
5489, 174.899 
5490, 225.101 
5491, 308.589 
5492, 91.411 
5493, 227.047 
5494, 172.953 
5495, 195.04 
5496, 204.96 
5497, 188.564 
5498, 211.436 
5499, 139.662 
5500, 260.338 
5501, 230.851 
5502, 169.149 
5503, 99.2306 
5504, 300.769 
5505, 248.681 
5506, 151.319 
5507, 137.804 
5508, 262.196 
5509, 243.205 
5510, 156.795 
5511, 241.652 
5512, 158.348 
5513, 313.553 
5514, 86.447 
5515, 16.8287 
5516, 383.171 
5517, 1.35654 
5518, 398.643 
5519, 1.61245 
5520, 398.388 
5521, 386.879 
5522, 13.1212 
5523, 51.335 
5524, 348.665 
5525, 361.385 
5526, 38.6146 
5527, 243.602 
5528, 156.398 
5529, 181.698 
5530, 218.302 
5531, 105.995 
5532, 294.005 
5533, 143.802 
5534, 256.198 
5535, 189.165 
5536, 210.835 
5537, 200.333 
5538, 199.667 
5539, 220.623 
5540, 179.377 
5541, 322.229 
5542, 77.7709 
5543, 265.423 
5544, 134.577 
5545, 266.246 
5546, 133.754 
5547, 186.451 
5548, 213.549 
5549, 252.787 
5550, 147.213 
5551, 381.443 
5552, 18.5571 
5553, 270.218 
5554, 129.782 
5555, 184.512 
5556, 215.488 
5557, 327.567 
5558, 72.4335 
5559, 234.756 
5560, 165.244 
5561, 354.926 
5562, 45.0737 
5563, 328.021 
5564, 71.9791 
5565, 145.191 
5566, 254.809 
5567, 334.425 
5568, 65.5747 
5569, 284.437 
5570, 115.563 
5571, 135.339 
5572, 264.661 
5573, 267.346 
5574, 132.654 
5575, 292.329 
5576, 107.671 
5577, 79.9043 
5578, 320.096 
5579, 51.8157 
5580, 348.184 
5581, 182.497 
5582, 217.503 
5583, 59.2887 
5584, 340.711 
5585, 217.437 
5586, 182.563 
5587, 251.741 
5588, 148.259 
5589, 95.7628 
5590, 304.237 
5591, 234.205 
5592, 165.795 
5593, 324.174 
5594, 75.8263 
5595, 368.622 
5596, 31.3783 
5597, 326.02 
5598, 73.9797 
5599, 167.161 
5600, 232.839 
5601, 206.58 
5602, 193.42 
5603, 262.717 
5604, 137.283 
5605, 94.9328 
5606, 305.067 
5607, 335.502 
5608, 64.4977 
5609, 67.7803 
5610, 332.22 
5611, 61.1321 
5612, 338.868 
5613, 93.0988 
5614, 306.901 
5615, 155.266 
5616, 244.734 
5617, 109.814 
5618, 290.186 
5619, 104.332 
5620, 295.668 
5621, 129.4 
5622, 270.6 
5623, 315.205 
5624, 84.7948 
5625, 172.15 
5626, 227.85 
5627, 205.052 
5628, 194.948 
5629, 46.6283 
5630, 353.372 
5631, 91.8403 
5632, 308.16 
5633, 10.6592 
5634, 389.341 
5635, 83.2152 
5636, 316.785 
5637, 286.797 
5638, 113.203 
5639, 12.9207 
5640, 387.079 
5641, 148.047 
5642, 251.953 
5643, 374.981 
5644, 25.0191 
5645, 330.237 
5646, 69.763 
5647, 214.022 
5648, 185.978 
5649, 244.687 
5650, 155.313 
5651, 88.1854 
5652, 311.815 
5653, 224.241 
5654, 175.759 
5655, 365.348 
5656, 34.6518 
5657, 171.783 
5658, 228.217 
5659, 48.1449 
5660, 351.855 
5661, 269.546 
5662, 130.454 
5663, 49.0946 
5664, 350.905 
5665, 279.769 
5666, 120.231 
5667, 49.1228 
5668, 350.877 
5669, 370.986 
5670, 29.014 
5671, 354.992 
5672, 45.0076 
5673, 265.129 
5674, 134.871 
5675, 324.543 
5676, 75.4572 
5677, 395.945 
5678, 4.0547 
5679, 263.956 
5680, 136.044 
5681, 379.34 
5682, 20.6599 
5683, 77.884 
5684, 322.116 
5685, 186.205 
5686, 213.795 
5687, 68.244 
5688, 331.756 
5689, 323.379 
5690, 76.6206 
5691, 218.187 
5692, 181.813 
5693, 259.402 
5694, 140.598 
5695, 196.673 
5696, 203.327 
5697, 217.101 
5698, 182.899 
5699, 156.277 
5700, 243.723 
5701, 145.537 
5702, 254.463 
5703, 121.503 
5704, 278.497 
5705, 324.28 
5706, 75.7196 
5707, 374.517 
5708, 25.4833 
5709, 141.181 
5710, 258.819 
5711, 245.154 
5712, 154.846 
5713, 18.0016 
5714, 381.998 
5715, 10.8182 
5716, 389.182 
5717, 9.06954 
5718, 390.93 
5719, 180.203 
5720, 219.797 
5721, 292.187 
5722, 107.813 
5723, 217.931 
5724, 182.069 
5725, 247.829 
5726, 152.171 
5727, 374.364 
5728, 25.6361 
5729, 305.014 
5730, 94.9863 
5731, 396.348 
5732, 3.65228 
5733, 272.064 
5734, 127.936 
5735, 211.353 
5736, 188.647 
5737, 305.839 
5738, 94.1607 
5739, 377.444 
5740, 22.5559 
5741, 139.356 
5742, 260.644 
5743, 207.821 
5744, 192.179 
5745, 150.092 
5746, 249.908 
5747, 338.37 
5748, 61.6297 
5749, 66.833 
5750, 333.167 
5751, 260.86 
5752, 139.14 
5753, 190.841 
5754, 209.159 
5755, 309.205 
5756, 90.7949 
5757, 186.847 
5758, 213.153 
5759, 387.301 
5760, 12.6988 
5761, 105.33 
5762, 294.67 
5763, 133.723 
5764, 266.277 
5765, 187.586 
5766, 212.414 
5767, 85.9216 
5768, 314.078 
5769, 172.049 
5770, 227.951 
5771, 315.534 
5772, 84.4663 
5773, 367.786 
5774, 32.2136 
5775, 131.666 
5776, 268.334 
5777, 295.314 
5778, 104.686 
5779, 67.8464 
5780, 332.154 
5781, 396.805 
5782, 3.19544 
5783, 73.3372 
5784, 326.663 
5785, 99.1102 
5786, 300.89 
5787, 360.188 
5788, 39.8121 
5789, 279.204 
5790, 120.796 
5791, 203.703 
5792, 196.297 
5793, 165.134 
5794, 234.866 
5795, 229.888 
5796, 170.112 
5797, 154.205 
5798, 245.795 
5799, 102.388 
5800, 297.612 
5801, 187.776 
5802, 212.224 
5803, 70.3447 
5804, 329.655 
5805, 289.882 
5806, 110.118 
5807, 315.967 
5808, 84.0329 
5809, 245.256 
5810, 154.744 
5811, 289.949 
5812, 110.051 
5813, 114.587 
5814, 285.413 
5815, 273.18 
5816, 126.82 
5817, 379.389 
5818, 20.6112 
5819, 362.789 
5820, 37.2108 
5821, 306.983 
5822, 93.0168 
