$nodes
1, 2.8666452e-02, 1.1983703e-01, 8.3349888e-01 
2, 2.0061527e-01, 9.9664533e-01, 8.2852583e-01 
3, 2.1513263e-01, 9.1446186e-01, 8.2251746e-01 
4, 3.6005165e-02, 1.1490315e-01, 2.6453045e-01 
5, 7.2478703e-01, 7.3701809e-01, 6.6695480e-01 
6, 8.2010812e-01, 5.5010943e-01, 1.9391826e-01 
7, 3.8424679e-01, 3.1177416e-01, 2.6375800e-01 
8, 9.4069449e-01, 8.3157346e-01, 8.7327949e-01 
9, 5.5456266e-03, 6.5788232e-01, 5.6892817e-01 
10, 7.5241565e-02, 2.5840592e-01, 4.7584275e-01 
11, 8.5293284e-01, 1.7649537e-01, 9.0358908e-01 
12, 2.1193816e-01, 9.0335172e-02, 6.5975889e-01 
13, 1.7842494e-01, 3.5545940e-01, 9.1947127e-01 
14, 6.3852339e-01, 5.0369531e-01, 5.2802677e-01 
15, 4.5626461e-01, 8.8323204e-01, 5.3152047e-01 
16, 9.3743843e-01, 3.4892911e-01, 6.0319613e-01 
17, 7.6324927e-01, 7.7420155e-01, 8.9237230e-01 
18, 5.2236227e-01, 4.9160630e-01, 9.3328849e-01 
19, 5.5108207e-01, 4.7301603e-01, 3.9378969e-01 
20, 5.5979930e-01, 9.8833192e-01, 1.9752245e-01 
21, 6.0155423e-01, 3.3542867e-01, 8.3028837e-01 
22, 8.1984445e-01, 6.3909495e-01, 2.7627565e-01 
23, 6.1617314e-01, 9.2058374e-01, 7.6986822e-01 
24, 3.8202538e-01, 6.0990552e-01, 7.9747637e-01 
25, 5.2299170e-01, 8.2126067e-01, 6.6576301e-01 
26, 6.2308722e-02, 6.1231739e-01, 2.1857122e-01 
27, 1.8343310e-01, 8.6867557e-02, 2.5084750e-01 
28, 1.3616749e-01, 9.0839031e-01, 1.0014812e-02 
29, 4.2535648e-01, 8.2405710e-01, 2.1084073e-01 
30, 5.7098246e-01, 9.4431302e-01, 3.8009250e-01 
31, 9.6197238e-01, 1.2670239e-01, 5.2559960e-01 
32, 9.7124485e-01, 1.8000431e-01, 2.0514012e-01 
33, 6.3154982e-01, 4.3516704e-01, 1.7555679e-01 
34, 1.3821771e-01, 9.0942081e-01, 5.0817685e-01 
35, 7.5165156e-01, 2.9168141e-01, 9.2832116e-01 
36, 5.0182212e-01, 7.5343369e-01, 7.7565588e-01 
37, 7.9971083e-01, 1.9952368e-02, 9.5634859e-01 
38, 8.5800869e-01, 8.9105310e-01, 4.5661909e-01 
39, 5.6394797e-01, 8.4042216e-01, 3.5310054e-01 
40, 6.7347063e-01, 3.8866816e-02, 3.3469262e-01 
41, 2.8089968e-01, 7.2229421e-02, 7.5313732e-01 
42, 3.0812321e-02, 5.0912216e-01, 2.7868530e-01 
43, 2.6096471e-01, 9.5886679e-01, 5.0342211e-01 
44, 1.5619695e-01, 5.6037342e-01, 9.9798833e-01 
45, 5.4444677e-02, 3.7205531e-01, 3.8935488e-01 
46, 9.8696928e-01, 1.4146936e-01, 1.7023340e-01 
47, 3.9815983e-01, 1.1606671e-01, 1.9243357e-01 
48, 8.1924147e-01, 9.1447237e-01, 7.2702252e-01 
49, 1.6717644e-01, 9.3206809e-01, 8.5507265e-01 
50, 3.6255134e-01, 1.7225975e-01, 3.7858074e-01 
51, 2.5078117e-01, 7.7082386e-01, 4.6428887e-01 
52, 4.1032455e-01, 5.0123197e-01, 2.7577190e-01 
53, 6.3183352e-01, 1.4446285e-01, 4.0272693e-01 
54, 9.8540077e-02, 9.2059433e-02, 6.9980239e-01 
55, 7.4588491e-01, 5.7469189e-01, 3.8244710e-01 
56, 8.5021407e-03, 2.5188489e-01, 6.5733640e-01 
57, 3.1408108e-01, 6.9237303e-01, 5.6183882e-01 
58, 2.5540066e-01, 8.2755170e-01, 7.0808429e-01 
59, 9.6207195e-01, 6.5244380e-01, 4.7200909e-01 
60, 6.2047682e-01, 8.5007071e-01, 4.7864795e-01 
61, 3.3059241e-01, 6.4864214e-02, 8.0441664e-01 
62, 7.6950844e-01, 5.4583740e-01, 5.6201325e-01 
63, 4.2283702e-01, 6.6133055e-02, 1.6714430e-01 
64, 7.8161839e-01, 6.7714932e-01, 4.5562086e-02 
65, 5.7931378e-02, 4.6898318e-01, 5.7741790e-01 
66, 9.4585786e-01, 1.2215794e-01, 4.5272639e-01 
67, 1.4146670e-01, 5.1844178e-01, 2.6692942e-01 
68, 9.2617293e-01, 5.2504328e-01, 1.9628666e-01 
69, 2.1213255e-02, 3.9720786e-01, 1.9115667e-01 
70, 9.8126889e-02, 3.2372705e-01, 9.2578082e-01 
71, 4.6132167e-01, 3.5070394e-01, 6.7015901e-01 
72, 2.0563814e-01, 4.0530073e-01, 9.4834002e-01 
73, 5.8303059e-01, 4.5652229e-01, 8.4130813e-01 
74, 3.3623847e-01, 4.4637050e-01, 3.3985909e-01 
75, 9.7344321e-01, 8.2242222e-01, 6.4597824e-01 
76, 2.1551639e-01, 7.0421146e-01, 6.7313467e-01 
77, 1.3082296e-02, 4.2156204e-01, 2.6072426e-01 
78, 4.0112715e-01, 8.5028827e-01, 4.8478188e-01 
79, 5.5121929e-01, 8.2603833e-01, 8.3374330e-01 
80, 8.8382071e-01, 2.9479864e-01, 2.7065973e-01 
81, 7.4460890e-01, 9.9430057e-01, 7.6922893e-01 
82, 3.1153430e-01, 8.9495779e-01, 4.2096057e-01 
83, 3.4314642e-01, 3.2146167e-01, 5.9741214e-01 
84, 5.9448999e-01, 6.0847619e-01, 8.7424012e-02 
85, 9.1424016e-01, 8.6901413e-01, 5.1636359e-01 
86, 8.0678186e-02, 8.3576158e-01, 3.7808200e-01 
87, 9.3767147e-01, 9.3135291e-01, 2.0533854e-01 
88, 6.5007401e-01, 2.2257417e-01, 1.8673168e-01 
89, 5.0823261e-01, 9.2611631e-01, 3.8781756e-01 
90, 6.5993067e-01, 8.7772258e-01, 8.3337677e-01 
91, 1.1143823e-01, 6.4242469e-01, 5.1910808e-02 
92, 7.9785091e-01, 2.9549946e-01, 5.0771016e-01 
93, 2.3390875e-01, 4.3537290e-01, 3.1199039e-01 
94, 5.1926802e-01, 9.8043898e-01, 6.1302067e-02 
95, 6.9550665e-02, 6.7482680e-01, 9.9576235e-02 
96, 6.0472764e-01, 4.3051175e-01, 6.6465217e-01 
97, 5.1355806e-01, 8.8950550e-01, 2.5024063e-01 
98, 2.7307897e-01, 7.9561626e-01, 2.8163354e-01 
99, 5.6632570e-01, 8.0831164e-01, 4.5240224e-01 
100, 4.5439260e-01, 3.6431423e-01, 4.7814149e-01 
101, 2.2971854e-01, 5.4094077e-01, 2.1784112e-01 
102, 3.8318208e-01, 3.6987613e-01, 6.4953191e-01 
103, 9.9908975e-01, 6.8044397e-01, 4.6162322e-01 
104, 6.2732068e-02, 2.8825860e-01, 7.8467834e-01 
105, 9.7205383e-01, 8.2775655e-01, 3.6266287e-01 
106, 6.7890864e-01, 4.6423734e-01, 3.8461973e-01 
107, 1.2729544e-01, 4.8344792e-02, 2.2867036e-01 
108, 1.0270511e-02, 2.0171033e-01, 8.6478655e-01 
109, 2.3657219e-03, 9.2997847e-01, 6.0950492e-01 
110, 2.4843802e-01, 6.6307922e-01, 8.9388379e-01 
111, 9.5183191e-01, 4.3921333e-01, 9.6133555e-01 
112, 9.2183296e-01, 9.2557044e-01, 8.3599939e-01 
113, 7.5361213e-01, 5.8888055e-01, 8.5059322e-01 
114, 5.8486237e-01, 5.3230685e-01, 3.3193280e-01 
115, 6.4711267e-01, 8.2397583e-01, 6.3607365e-01 
116, 3.4473162e-01, 7.5804336e-01, 2.5130943e-01 
117, 8.6179883e-01, 1.6263975e-01, 7.1954753e-01 
118, 1.8448590e-01, 1.7901350e-03, 2.6816215e-01 
119, 2.2457025e-01, 3.1880419e-01, 1.3846131e-01 
120, 5.5643342e-01, 5.1171829e-01, 1.9349069e-01 
121, 1.7013048e-01, 1.8880905e-01, 2.8029928e-01 
122, 1.8153375e-01, 2.1033766e-01, 5.6968146e-01 
123, 1.3322339e-01, 2.4738016e-01, 6.6714731e-01 
124, 5.0235066e-01, 1.9039161e-01, 1.0016524e-01 
125, 3.9630341e-01, 3.7696567e-01, 5.6085976e-01 
126, 5.7845963e-02, 8.0194538e-01, 2.4908119e-01 
127, 3.1777979e-01, 4.1769644e-01, 8.6689840e-01 
128, 6.5325220e-02, 1.3107678e-01, 9.4204453e-01 
129, 9.5486120e-01, 1.5283372e-01, 9.4414324e-01 
130, 3.2322729e-01, 1.5979418e-01, 5.3938058e-01 
131, 9.4728696e-01, 6.6402599e-01, 7.9200226e-01 
132, 8.1566029e-01, 3.1637907e-01, 8.0712329e-01 
133, 5.7007580e-01, 7.3760593e-01, 7.3706581e-01 
134, 8.1234928e-01, 2.0805287e-01, 3.6276272e-01 
135, 8.7696483e-01, 5.9414037e-01, 1.9262585e-02 
136, 1.3459358e-01, 1.4342352e-01, 3.2000727e-02 
137, 5.8889119e-01, 4.7482050e-01, 1.7203070e-01 
138, 6.7631658e-01, 5.2352984e-01, 3.9588850e-01 
139, 3.2886183e-01, 4.5875271e-01, 8.1519717e-01 
140, 5.6018169e-01, 8.9379640e-01, 7.5214049e-01 
141, 7.7239531e-01, 3.1907074e-01, 8.4018279e-01 
142, 6.1595217e-01, 3.9132304e-01, 6.2987169e-01 
143, 4.8961224e-01, 7.8650910e-01, 6.6538577e-01 
144, 4.7401294e-01, 7.2778357e-01, 3.9701989e-01 
145, 5.6773914e-01, 9.3233388e-01, 2.4203246e-02 
146, 4.3315714e-02, 3.2915812e-01, 9.7330494e-01 
147, 3.6409627e-01, 8.6655491e-01, 5.9586951e-02 
148, 4.4714795e-01, 3.1282820e-01, 4.6166247e-01 
149, 8.6962397e-01, 2.5284534e-01, 8.2741818e-01 
150, 4.6559830e-01, 1.2324086e-01, 9.9550460e-01 
151, 8.0193421e-01, 8.5802691e-02, 8.8085531e-02 
152, 1.6643251e-01, 6.0210337e-01, 1.1056005e-01 
153, 3.5362553e-02, 7.2103215e-01, 1.6715879e-01 
154, 1.9400925e-02, 4.1409637e-01, 1.1009015e-01 
155, 3.4432023e-01, 9.7470344e-01, 8.7224031e-01 
156, 3.7685603e-01, 7.0729888e-01, 7.8476087e-01 
157, 4.6888284e-01, 5.7903614e-01, 1.7718540e-01 
158, 7.1038534e-01, 4.5706077e-01, 3.0060083e-01 
159, 2.2890608e-01, 7.4739791e-01, 6.0770637e-01 
160, 3.8422395e-01, 5.0755152e-01, 5.4840549e-01 
161, 4.7155342e-01, 5.5221058e-01, 9.5991407e-01 
162, 3.7413276e-01, 7.1512989e-01, 3.3376271e-01 
163, 1.3442649e-01, 4.1571842e-01, 5.0707743e-01 
164, 2.9906427e-01, 1.6364616e-01, 8.4537574e-01 
165, 5.8178216e-01, 5.2105122e-01, 1.1587851e-01 
166, 3.7803915e-01, 4.6501016e-01, 6.0350838e-01 
167, 5.5884405e-01, 3.6713762e-01, 9.8329978e-01 
168, 8.1113713e-01, 8.7017319e-01, 5.5937240e-01 
169, 8.6512676e-01, 9.6851029e-01, 5.6157830e-01 
170, 7.2443401e-01, 1.9951687e-02, 4.9929971e-01 
171, 2.1529796e-01, 8.6049286e-01, 4.5797311e-01 
172, 2.0359373e-01, 5.1560854e-01, 7.5802483e-01 
173, 9.3519248e-01, 4.6188337e-01, 8.6629814e-01 
174, 2.7948191e-01, 3.1049764e-02, 3.9424666e-01 
175, 5.0070479e-01, 5.7660693e-01, 9.4836055e-01 
176, 7.5356550e-01, 4.2927266e-01, 8.7160901e-01 
177, 5.1929603e-01, 9.6359351e-01, 3.7769724e-01 
178, 3.0891394e-01, 7.4813055e-01, 4.8839124e-01 
179, 8.2235925e-01, 5.5787872e-01, 5.5309882e-01 
180, 6.2605438e-01, 5.5570588e-02, 9.7053905e-01 
181, 8.4872812e-01, 2.5656317e-01, 9.8818185e-01 
182, 8.0429113e-01, 3.0300781e-01, 2.8680111e-01 
183, 6.6293378e-01, 6.5929700e-01, 3.0448718e-01 
184, 5.4508772e-01, 4.2792224e-01, 3.8386561e-01 
185, 4.5347288e-01, 2.7219139e-01, 1.8220722e-01 
186, 3.4944842e-01, 2.2999651e-01, 2.2373059e-01 
187, 6.4900676e-01, 1.5984341e-01, 9.5731346e-01 
188, 7.7347427e-01, 4.5891898e-01, 4.1492075e-01 
189, 1.4462793e-01, 3.9307547e-01, 9.5566019e-01 
190, 7.3857547e-01, 3.4009718e-01, 9.8113453e-01 
191, 6.8964599e-01, 6.6657604e-01, 4.4604002e-01 
192, 3.6398170e-01, 9.3073881e-01, 3.6892240e-01 
193, 4.5133290e-02, 8.7987549e-01, 6.2255242e-02 
194, 5.0414541e-01, 1.7195803e-01, 6.0214477e-01 
195, 2.0107196e-01, 1.3361371e-01, 3.9389248e-01 
196, 7.7761069e-01, 2.6902504e-01, 6.7654708e-01 
197, 7.5853961e-01, 6.4990645e-01, 6.5267515e-01 
198, 4.7521228e-01, 4.9505891e-02, 8.9294682e-01 
199, 6.6461835e-01, 8.9183839e-01, 7.6123317e-01 
200, 9.8794562e-01, 9.7285056e-01, 3.6707052e-01 
201, 5.1648688e-02, 2.3822855e-01, 9.4108722e-01 
202, 1.4626460e-01, 1.3711187e-01, 4.3331001e-01 
203, 5.5117514e-01, 6.9447960e-01, 9.8027726e-01 
204, 9.5106856e-01, 8.5353968e-01, 6.0853762e-01 
205, 6.1387642e-01, 3.2618900e-01, 7.6979683e-01 
206, 5.4717109e-02, 3.5288308e-01, 5.0140749e-01 
207, 4.6092328e-01, 7.6499847e-01, 3.1047594e-01 
208, 3.0274392e-02, 2.9790814e-01, 9.4575925e-02 
209, 2.7046327e-01, 2.4832296e-01, 1.0843394e-01 
210, 7.9953238e-01, 8.7929992e-02, 2.8837026e-01 
211, 1.1093662e-01, 5.1005777e-02, 3.1210665e-01 
212, 2.6202193e-01, 4.2884252e-01, 7.0626227e-01 
213, 5.6497842e-01, 5.5842391e-01, 3.8803579e-01 
214, 1.8857787e-01, 3.7347790e-01, 2.1058466e-01 
215, 3.5414400e-01, 2.1752438e-01, 8.9470488e-01 
216, 8.8114899e-01, 6.7570606e-01, 5.0043190e-01 
217, 7.2818103e-01, 7.8019079e-01, 1.6440258e-01 
218, 2.4462238e-01, 6.7163770e-03, 3.0825683e-01 
219, 1.9131842e-01, 9.1336697e-01, 2.3912891e-01 
220, 5.6550155e-01, 2.5896161e-02, 3.9703981e-02 
221, 3.1298547e-01, 4.6098489e-01, 4.0543860e-01 
222, 1.0191576e-01, 2.8595946e-01, 1.1973315e-01 
223, 3.8308899e-02, 1.7736632e-01, 9.1757805e-01 
224, 2.6025280e-01, 7.0620222e-01, 3.4615026e-01 
225, 4.9195271e-01, 3.6118967e-01, 6.9481835e-01 
226, 8.2524780e-01, 4.6950155e-01, 3.3073056e-01 
227, 6.0945736e-01, 3.3206791e-01, 5.0168946e-01 
228, 8.7457820e-01, 2.0999129e-01, 5.6406054e-01 
229, 5.0087233e-01, 3.2326123e-01, 2.2622748e-01 
230, 1.4787676e-01, 6.4248856e-01, 4.0042815e-01 
231, 8.3062425e-01, 6.3702810e-01, 1.8107891e-01 
232, 7.7199382e-01, 6.6217755e-02, 6.4287564e-01 
233, 4.0912113e-01, 4.2588949e-01, 8.4293207e-01 
234, 4.9297957e-01, 9.7672375e-01, 7.6848220e-01 
235, 4.1692920e-01, 9.8140406e-01, 3.6195025e-01 
236, 1.2632599e-01, 6.7188970e-02, 6.5420267e-01 
237, 3.6003156e-01, 4.2344583e-01, 9.4943943e-01 
238, 3.5701533e-01, 2.0919239e-01, 2.9536359e-01 
239, 8.4417332e-01, 3.9595935e-01, 9.3608350e-01 
240, 6.0365193e-01, 5.7639999e-03, 7.2932241e-01 
241, 6.9577320e-01, 6.8018415e-01, 8.3262030e-01 
242, 2.3095484e-01, 6.7164420e-02, 9.9916670e-01 
243, 4.8743671e-01, 7.1148984e-01, 7.8752617e-01 
244, 6.8685330e-01, 3.5775726e-01, 6.0041172e-01 
245, 2.9432158e-01, 9.4863264e-01, 9.6837818e-03 
246, 4.3150785e-01, 3.7350404e-01, 5.8005418e-01 
247, 1.4219596e-01, 9.1229637e-01, 2.7923860e-01 
248, 9.4146546e-01, 2.3746289e-01, 6.2775970e-01 
249, 5.8907428e-01, 7.6215182e-01, 8.6692201e-01 
250, 2.9288447e-01, 5.4598537e-01, 5.3709890e-01 
251, 1.0260648e-02, 5.5871319e-01, 7.0380943e-01 
252, 4.7382214e-01, 7.8185203e-01, 9.1724681e-01 
253, 4.1524836e-01, 7.2111230e-01, 5.1479141e-01 
254, 5.0113532e-01, 4.8181827e-02, 8.2235359e-01 
255, 7.5901032e-01, 4.7574632e-01, 6.0186994e-03 
256, 5.9654017e-01, 3.0164051e-01, 1.4278024e-01 
257, 5.2093658e-01, 6.9880144e-01, 4.3517781e-01 
258, 1.3135413e-01, 7.4700380e-02, 3.5296564e-01 
259, 8.9954879e-01, 9.3376674e-01, 7.4176017e-01 
260, 3.6906523e-01, 6.3753234e-01, 1.4691600e-01 
261, 2.0499293e-01, 2.4430779e-01, 8.1281374e-01 
262, 9.3237089e-01, 2.7288197e-01, 6.8195895e-02 
263, 6.0181530e-01, 2.4969360e-01, 6.0635516e-01 
264, 2.8890703e-01, 9.3425033e-01, 8.1373612e-01 
265, 6.0535550e-01, 7.1954384e-02, 2.8846269e-01 
266, 4.8793371e-01, 8.4731953e-01, 3.3189627e-01 
267, 9.7003049e-01, 9.3405710e-02, 1.8555920e-01 
268, 4.7929351e-01, 8.2491433e-01, 1.8917843e-01 
269, 2.3136441e-01, 9.0047154e-01, 4.8992992e-01 
270, 5.6731765e-01, 1.1659224e-01, 9.1617284e-01 
271, 9.9369825e-01, 7.4172862e-01, 1.4002659e-01 
272, 2.5015027e-01, 4.6683810e-01, 4.0962566e-01 
273, 7.8786268e-01, 1.5962442e-01, 1.5059674e-01 
274, 7.0535243e-01, 6.3519542e-01, 2.1267873e-01 
275, 6.2577388e-01, 8.5099519e-02, 9.0704568e-02 
276, 1.7954536e-01, 7.2834635e-01, 5.5418315e-01 
277, 2.8945051e-01, 1.8405566e-01, 3.5367185e-01 
278, 5.8100079e-01, 3.6690437e-01, 2.7270065e-01 
279, 1.2057993e-01, 8.9442449e-01, 3.8067680e-01 
280, 3.2213198e-01, 4.0090317e-02, 5.8605462e-01 
281, 5.4165444e-01, 2.1453813e-02, 4.5453557e-01 
282, 9.6031193e-01, 4.1690801e-02, 1.9603452e-01 
283, 6.8606044e-01, 2.7989824e-01, 5.3524814e-01 
284, 1.5628773e-02, 7.5731774e-01, 3.4945031e-01 
285, 4.9941372e-01, 7.9649184e-01, 9.8181595e-01 
286, 7.3139447e-02, 5.4058611e-01, 3.9133901e-02 
287, 7.1206494e-01, 8.8414806e-01, 3.9368848e-01 
288, 3.7342696e-01, 3.9064550e-01, 7.2458387e-01 
289, 7.0460572e-01, 4.0126141e-01, 5.4768655e-01 
290, 4.1949662e-01, 5.2585551e-01, 1.2425697e-01 
291, 5.9481367e-01, 3.3575335e-01, 5.5951241e-01 
292, 1.5837960e-01, 1.1863862e-01, 5.8688706e-01 
293, 9.9938663e-01, 6.7630777e-02, 2.8615349e-02 
294, 8.9441699e-01, 2.1355980e-01, 1.0108235e-02 
295, 8.5995706e-01, 5.3697763e-01, 7.3188010e-01 
296, 4.8477345e-01, 4.5225994e-01, 8.6648666e-01 
297, 4.3647237e-01, 1.6976728e-01, 3.0562225e-01 
298, 4.1145500e-01, 5.3203395e-01, 9.7336092e-01 
299, 2.6640773e-01, 3.7184118e-01, 9.3107332e-01 
300, 5.1002422e-01, 6.3855562e-01, 2.3015357e-01 
301, 1.1301793e-02, 3.4923285e-01, 6.8121504e-01 
302, 3.2879175e-01, 1.1525111e-01, 4.8214192e-01 
303, 7.8205061e-01, 2.0388410e-01, 2.4913224e-01 
304, 2.5664158e-02, 8.4770165e-01, 7.8270139e-01 
305, 5.1654804e-01, 7.0198097e-01, 3.6151151e-01 
306, 6.7608100e-01, 8.1464794e-01, 1.5456354e-01 
307, 8.8496540e-01, 4.4022488e-01, 2.3139128e-01 
308, 3.1958128e-01, 6.0228584e-01, 4.1083156e-01 
309, 1.7821970e-01, 9.9325370e-01, 2.2889170e-01 
310, 8.1711908e-01, 3.5318054e-01, 1.7833738e-01 
311, 5.2170103e-01, 6.4817980e-01, 3.5998765e-01 
312, 6.0330403e-01, 4.4011056e-01, 8.1155113e-01 
313, 3.4147774e-01, 7.3626604e-02, 1.6106797e-01 
314, 4.9666132e-01, 5.3696180e-02, 2.9216355e-01 
315, 1.5998416e-01, 8.9113423e-01, 7.3986543e-01 
316, 7.7674404e-01, 3.1541466e-01, 1.1634045e-01 
317, 3.4239597e-01, 5.0994031e-01, 6.6114486e-01 
318, 8.2420618e-01, 1.3442250e-01, 8.6469588e-01 
319, 4.6961293e-01, 1.2134911e-01, 4.0842359e-02 
320, 5.6634606e-01, 2.5341047e-01, 9.1390800e-01 
321, 7.1499348e-01, 5.4672042e-01, 9.1969908e-01 
322, 8.8407246e-01, 1.2024955e-01, 5.9062068e-01 
323, 8.0003474e-02, 2.1233813e-01, 9.6757314e-01 
324, 4.3363128e-01, 7.8067239e-01, 5.6930022e-01 
325, 2.1279922e-01, 1.6721782e-01, 8.9516425e-01 
326, 6.9087773e-01, 4.6462062e-01, 4.1039922e-02 
327, 9.1314030e-01, 4.4596598e-01, 2.7744018e-01 
328, 3.8344200e-01, 2.4589976e-01, 2.8003888e-01 
329, 7.0270167e-01, 5.9951645e-01, 6.7537851e-01 
330, 6.9094718e-01, 3.2492502e-01, 7.0953337e-01 
331, 6.8410517e-01, 5.0524909e-01, 8.7070562e-01 
332, 8.9712851e-01, 4.7330646e-01, 3.3842033e-01 
333, 1.6080957e-01, 8.0425998e-01, 4.1235673e-02 
334, 7.8720642e-01, 1.0306907e-01, 6.6762982e-01 
335, 6.4559574e-01, 2.8334167e-01, 3.0320447e-01 
336, 1.9193788e-01, 5.3308511e-01, 8.8195188e-02 
337, 6.3250085e-02, 6.3103181e-01, 1.2022169e-01 
338, 2.6495916e-01, 6.4179706e-01, 7.8594593e-01 
339, 9.7584308e-01, 3.0819073e-01, 6.3674190e-01 
340, 3.7783779e-01, 5.7950769e-01, 1.6572571e-01 
341, 5.1703210e-01, 3.4287753e-01, 2.8381441e-02 
342, 3.5639890e-01, 5.6035828e-01, 7.4408002e-01 
343, 8.1441214e-01, 4.0491929e-01, 5.2038433e-02 
344, 8.8010071e-01, 8.1759767e-01, 7.8119211e-01 
345, 1.2987879e-01, 2.6788535e-02, 3.3841924e-01 
346, 4.2144090e-01, 6.2972839e-01, 1.3546456e-01 
347, 4.5280353e-01, 1.7065182e-01, 9.3138169e-01 
348, 3.6963724e-01, 5.5139944e-01, 9.6579077e-01 
349, 4.3323865e-01, 6.5653004e-01, 5.2286468e-01 
350, 5.2719283e-01, 1.9773432e-01, 6.8443876e-01 
351, 9.7147293e-01, 1.2373677e-01, 3.1302814e-01 
352, 5.0672429e-01, 4.9166073e-01, 9.8829366e-02 
353, 1.2313985e-01, 3.8694937e-01, 3.8188395e-01 
354, 9.6595763e-01, 4.3484670e-01, 2.7576102e-01 
355, 8.0903892e-01, 4.7991527e-01, 2.7970384e-01 
356, 7.3905889e-01, 3.6350343e-01, 5.3840241e-01 
357, 1.4323466e-01, 4.1098773e-01, 2.5890981e-01 
358, 6.9016760e-01, 7.3178792e-01, 9.8391023e-01 
359, 9.1660264e-02, 3.1122419e-01, 4.0444423e-01 
360, 9.8994428e-01, 9.0371162e-01, 2.7456947e-01 
361, 9.9732952e-01, 1.7592951e-01, 2.5705105e-01 
362, 1.2073520e-01, 8.5342459e-01, 8.1251765e-01 
363, 9.6366760e-01, 1.6688825e-01, 1.4430629e-01 
364, 3.2241512e-01, 6.1584519e-01, 3.2866273e-01 
365, 7.2677267e-01, 7.2337048e-01, 3.1106138e-01 
366, 5.8314954e-01, 8.6444391e-01, 9.1259800e-01 
367, 5.0750698e-01, 4.7290243e-01, 4.6600633e-01 
368, 6.5544635e-01, 5.9958737e-01, 2.6744254e-01 
369, 7.0610551e-01, 3.5072578e-01, 8.7144934e-01 
370, 7.0630249e-01, 9.0717813e-01, 1.8211412e-01 
371, 3.8305195e-01, 3.1650763e-01, 3.4121129e-01 
372, 6.1820279e-01, 3.7992418e-02, 8.2891939e-01 
373, 3.9247705e-01, 7.1259470e-01, 7.1332666e-01 
374, 6.6087146e-01, 4.5509886e-01, 7.0952400e-01 
375, 6.5256819e-01, 4.3946796e-01, 1.3936076e-01 
376, 1.9082213e-01, 8.6802099e-01, 5.9584935e-01 
377, 1.8103587e-01, 1.4131672e-02, 5.1269038e-01 
378, 3.1121960e-03, 5.1628543e-01, 7.3604819e-01 
379, 5.5624766e-01, 1.1987997e-01, 4.2891323e-01 
380, 9.3965780e-01, 7.1523082e-01, 2.6716024e-01 
381, 4.8340954e-01, 5.2789336e-01, 9.0747704e-01 
382, 3.1633839e-01, 5.3486875e-01, 6.4959645e-01 
383, 5.1310496e-01, 7.2790527e-01, 2.6240695e-02 
384, 9.7662353e-01, 8.6502540e-02, 8.8687452e-02 
385, 3.4336841e-01, 3.4529132e-01, 9.0639536e-01 
386, 5.0994632e-02, 8.4929713e-01, 1.9577365e-01 
387, 7.7504710e-01, 3.5648532e-01, 5.9459361e-01 
388, 7.4029730e-01, 6.8209520e-01, 4.1818406e-01 
389, 6.3138555e-01, 6.5348808e-01, 9.0170410e-01 
390, 3.4452777e-01, 8.3672029e-01, 4.1573661e-01 
391, 9.2925064e-01, 8.6302095e-01, 8.6441807e-02 
392, 4.7476910e-01, 2.8877036e-01, 9.0470556e-01 
393, 7.6696089e-01, 7.0994016e-01, 5.0806313e-01 
394, 9.4231971e-02, 9.5142440e-01, 1.1567505e-01 
395, 9.3139974e-01, 6.3599816e-01, 6.9191024e-02 
396, 7.0068941e-01, 3.8656630e-01, 7.1701360e-01 
397, 6.1500519e-01, 6.6659364e-01, 5.6590452e-02 
398, 7.5690958e-01, 5.2840368e-01, 2.0050735e-01 
399, 9.1785053e-01, 9.9879634e-01, 2.8635010e-02 
400, 1.0942556e-02, 5.9786360e-01, 7.0970917e-01 
401, 7.2705974e-01, 2.6098000e-01, 8.1221612e-01 
402, 8.9617018e-01, 2.4780492e-01, 1.3489928e-01 
403, 7.2680184e-01, 4.1871554e-01, 2.0138525e-01 
404, 3.4682818e-01, 5.7347421e-01, 3.4343747e-01 
405, 9.7386095e-01, 9.8741191e-01, 3.0925274e-01 
406, 6.3938233e-01, 5.2291205e-01, 8.7179968e-02 
407, 3.7238304e-01, 2.6769381e-01, 5.1847055e-01 
408, 9.3813833e-02, 6.1452824e-01, 9.2609680e-01 
409, 3.4376654e-01, 3.5164494e-01, 1.7143947e-01 
410, 6.7295688e-01, 1.0423969e-01, 1.2941443e-01 
411, 8.1613286e-01, 2.3264567e-01, 5.1898708e-01 
412, 5.1990043e-01, 9.8276873e-01, 3.4299614e-01 
413, 5.1492705e-01, 1.3076443e-02, 8.5773761e-03 
414, 3.4578505e-01, 8.6364453e-01, 9.0451308e-01 
415, 5.4820670e-01, 2.0498028e-01, 8.4428885e-01 
416, 3.1768551e-02, 1.1444099e-01, 1.6428139e-01 
417, 5.8752727e-01, 8.4941662e-01, 5.8914205e-01 
418, 8.3716625e-01, 1.1150767e-01, 5.2101315e-01 
419, 7.2226076e-01, 9.8549133e-01, 4.2804154e-01 
420, 6.6986759e-02, 8.1042497e-01, 9.9636474e-01 
421, 8.2217038e-01, 6.0932843e-01, 9.2001042e-01 
422, 1.9982032e-01, 4.7230110e-01, 9.1911045e-01 
423, 5.8149355e-01, 7.0152782e-01, 5.4804633e-01 
424, 3.1618863e-01, 6.3681387e-01, 6.1391741e-01 
425, 7.2959466e-01, 3.8376705e-01, 9.9199375e-01 
426, 3.9288625e-01, 1.7421846e-01, 6.6538772e-01 
427, 2.0996919e-01, 4.5986789e-01, 1.6335663e-01 
428, 8.2545684e-01, 1.9884564e-01, 9.3559169e-01 
429, 8.3155537e-01, 2.7100771e-01, 8.6106228e-01 
430, 6.0361467e-01, 7.7277926e-01, 9.4151235e-01 
431, 9.1374338e-01, 7.3001744e-01, 8.3250796e-01 
432, 7.0490209e-01, 1.2195398e-01, 4.1889541e-01 
433, 1.5523269e-01, 7.3913184e-01, 8.8036820e-01 
434, 7.6067185e-03, 6.4096274e-01, 1.6756237e-01 
435, 2.7527168e-01, 8.8945751e-01, 8.3360012e-01 
436, 4.3729911e-01, 4.2293091e-02, 3.2186119e-02 
437, 8.6083573e-02, 7.8888957e-02, 1.6369756e-01 
438, 2.1231275e-01, 9.5917215e-01, 3.4284658e-01 
439, 2.7101385e-02, 5.5325300e-01, 2.2867348e-01 
440, 4.1231263e-01, 1.5668385e-01, 3.9492711e-01 
441, 3.4106587e-01, 1.0648110e-01, 5.9310271e-01 
442, 9.3551829e-01, 4.7545893e-01, 7.7588074e-01 
443, 8.5768127e-01, 9.9650029e-01, 5.3633816e-01 
444, 2.9144504e-01, 2.3517220e-01, 8.6460778e-01 
445, 3.6845795e-01, 2.8353309e-01, 5.7099624e-01 
446, 6.5058444e-01, 6.1545808e-01, 6.9622812e-01 
447, 7.5646446e-01, 7.6525007e-01, 9.9405247e-01 
448, 4.6451021e-01, 9.3955104e-01, 7.6912886e-01 
449, 1.4164015e-02, 7.1983144e-01, 4.1815491e-01 
450, 3.1657780e-01, 5.0916696e-01, 3.5434517e-01 
451, 9.9557521e-01, 2.3125442e-01, 8.5952204e-01 
452, 9.5461283e-01, 3.8269997e-01, 7.3171193e-01 
453, 2.1236258e-01, 3.4495654e-01, 3.5841695e-02 
454, 6.0805408e-01, 3.4401025e-01, 3.6336295e-01 
455, 3.5017597e-01, 1.4174342e-01, 7.0885281e-01 
456, 7.6542421e-01, 1.0896308e-02, 9.0373033e-01 
457, 2.8366691e-01, 5.2206198e-01, 4.9574698e-01 
458, 2.3047704e-01, 2.3159151e-01, 5.4064574e-01 
459, 4.1604862e-01, 2.9330451e-02, 3.6447443e-01 
460, 4.8671258e-01, 8.6237311e-01, 6.8176423e-01 
461, 3.1164049e-01, 7.8369876e-01, 6.9739879e-01 
462, 5.3248102e-01, 6.0307100e-01, 6.0514724e-01 
463, 3.1685206e-01, 5.8156694e-01, 9.1215480e-01 
464, 1.4676275e-01, 7.5007207e-01, 7.6199547e-01 
465, 7.2898028e-01, 9.0945544e-01, 5.0699590e-01 
466, 8.1787530e-02, 9.1616692e-01, 1.7617686e-01 
467, 6.9679146e-02, 5.5157778e-01, 9.9665934e-02 
468, 1.3695002e-01, 7.5942448e-01, 2.2922618e-01 
469, 5.1604934e-01, 1.3597148e-01, 2.2910366e-01 
470, 6.8731770e-01, 4.9270537e-02, 5.7569191e-01 
471, 4.5950890e-01, 3.2162605e-01, 3.3367304e-01 
472, 1.9923280e-01, 4.9272975e-01, 3.2890319e-01 
473, 2.9991127e-01, 5.8831938e-01, 7.6964777e-01 
474, 7.7575495e-01, 9.0659765e-01, 1.5289288e-02 
475, 1.6201292e-01, 8.5671905e-01, 4.8813114e-01 
476, 5.2136823e-01, 3.4956900e-01, 7.2135832e-01 
477, 3.1214997e-01, 6.8532289e-01, 1.1391235e-02 
478, 1.0616922e-01, 5.3276734e-01, 3.3629335e-01 
479, 7.5437201e-01, 1.1756531e-02, 2.0187385e-01 
480, 2.1207007e-01, 5.3393469e-01, 4.5780272e-01 
481, 7.0926210e-01, 7.5850038e-01, 5.0202764e-01 
482, 2.3103988e-01, 9.6782389e-01, 7.5903198e-01 
483, 8.3036390e-03, 1.6215597e-01, 1.0401055e-01 
484, 7.7677103e-01, 7.9289412e-01, 1.5826696e-01 
485, 1.4942634e-01, 4.6197058e-02, 7.2288183e-01 
486, 1.5418300e-01, 4.1782349e-02, 4.8877349e-01 
487, 6.7006404e-01, 2.8455443e-01, 1.9991108e-01 
488, 8.5954083e-01, 7.3230766e-01, 3.1566322e-01 
489, 5.1246781e-01, 5.3465443e-01, 5.8742813e-01 
490, 9.1471156e-02, 2.7441206e-01, 1.9041063e-01 
491, 4.0466452e-01, 6.4044351e-01, 9.0591732e-01 
492, 3.8129314e-01, 4.2487647e-01, 4.6933273e-01 
493, 8.7969368e-01, 1.5015309e-01, 8.6602489e-01 
494, 5.3126177e-01, 6.0756752e-01, 7.8108873e-01 
495, 9.6400818e-01, 5.5300564e-01, 3.2633025e-02 
496, 4.8088521e-01, 1.3037064e-02, 3.5264933e-01 
497, 2.9980424e-01, 9.1905067e-01, 7.0107321e-01 
498, 3.5235401e-01, 9.4806017e-01, 8.4549232e-01 
499, 2.7627043e-01, 6.6027734e-01, 8.6315403e-01 
500, 7.8775042e-01, 1.4336302e-01, 2.8474701e-01 
501, 7.0271411e-01, 4.0899880e-01, 7.9552362e-01 
502, 6.8465142e-02, 6.7639168e-01, 5.9650025e-01 
503, 1.9053627e-02, 2.4263541e-01, 3.2935956e-02 
504, 9.5444771e-01, 2.9210970e-01, 8.8912739e-01 
505, 1.1402745e-01, 1.1786431e-01, 8.1896676e-01 
506, 5.0075516e-01, 9.4759185e-01, 2.9302976e-01 
507, 1.0897288e-01, 6.0895637e-03, 1.7675930e-01 
508, 8.3854249e-01, 5.0933389e-01, 2.6644480e-02 
509, 2.1392105e-02, 4.5723828e-01, 6.5248346e-01 
510, 7.3651661e-01, 5.8982876e-01, 6.2310842e-01 
511, 5.9979078e-01, 5.3395460e-01, 6.0013339e-01 
512, 6.7689279e-01, 2.1712946e-01, 8.1078361e-01 
513, 1.3524989e-02, 7.8556899e-01, 8.2847264e-01 
514, 7.4748409e-01, 1.5846069e-01, 2.3988648e-01 
515, 8.0895478e-01, 9.3237775e-01, 2.6915456e-01 
516, 5.6814281e-01, 9.7791212e-01, 7.4355759e-01 
517, 6.8297755e-01, 4.1332937e-01, 6.0583444e-01 
518, 6.4282961e-01, 9.0986261e-01, 1.5030188e-01 
519, 8.4887675e-01, 7.0900056e-02, 6.5423648e-01 
520, 3.4054464e-01, 2.2664134e-01, 1.2019153e-01 
521, 3.4181727e-01, 7.8429727e-01, 8.2335084e-01 
522, 1.2767967e-01, 9.9220039e-01, 9.5041091e-01 
523, 5.1845647e-01, 4.0201310e-01, 9.0478043e-01 
524, 7.5760290e-02, 6.9264443e-01, 9.6251479e-01 
525, 2.8542824e-01, 8.4829235e-01, 7.8069488e-01 
526, 1.9573909e-01, 3.2506314e-01, 5.9227447e-01 
527, 8.5405715e-01, 9.3498688e-01, 9.5595563e-01 
528, 9.0057843e-01, 9.0968087e-01, 7.7888801e-01 
529, 1.1644138e-01, 6.7244348e-01, 6.0614865e-01 
530, 2.3837503e-01, 4.0768065e-01, 3.4977439e-01 
531, 4.0378192e-01, 2.1104055e-01, 2.1566762e-01 
532, 1.6594613e-01, 7.2254360e-01, 1.7024691e-01 
533, 8.9117981e-01, 5.5179205e-02, 6.1624430e-01 
534, 8.1480886e-01, 7.2532618e-02, 5.4289976e-01 
535, 9.1515405e-01, 3.9377390e-01, 9.2201724e-01 
536, 1.2316005e-01, 5.6823564e-01, 5.8804300e-01 
537, 9.7267039e-01, 9.4206595e-01, 6.0840686e-01 
538, 9.9559860e-01, 3.8652978e-01, 3.6114073e-01 
539, 5.1559069e-01, 8.2939849e-01, 9.4904593e-01 
540, 9.2584036e-01, 6.4049700e-02, 5.8554637e-01 
541, 1.9633561e-01, 1.0696170e-01, 6.2423714e-01 
542, 2.7722853e-02, 2.9545273e-01, 3.7231331e-01 
543, 9.7374641e-01, 8.2338939e-01, 7.9110178e-02 
544, 8.2272006e-01, 6.7110359e-01, 8.7093940e-01 
545, 5.9700006e-01, 8.2329318e-01, 6.4089843e-01 
546, 1.0184631e-01, 1.9412167e-01, 7.9747551e-01 
547, 1.4790789e-01, 4.7695244e-02, 9.2107119e-02 
548, 9.1783522e-01, 6.3212767e-01, 3.5864551e-01 
549, 4.0661292e-01, 6.2727633e-01, 7.2314360e-01 
550, 7.6033972e-01, 9.0132128e-01, 3.4308750e-01 
551, 8.3971707e-01, 7.8883002e-01, 3.2967368e-01 
552, 1.7835885e-01, 6.6492837e-01, 2.4107819e-01 
553, 2.2453199e-01, 4.0059550e-01, 2.7388074e-01 
554, 9.7449311e-01, 3.1574515e-01, 9.1982423e-01 
555, 9.4625997e-01, 8.8720741e-01, 2.2295809e-01 
556, 2.0241025e-01, 6.9220790e-01, 5.2520644e-02 
557, 9.0910880e-01, 3.6356168e-01, 1.1473429e-01 
558, 3.3564371e-01, 7.9345516e-01, 2.5749122e-01 
559, 1.7866342e-01, 3.3108973e-01, 7.6493280e-01 
560, 7.2377192e-01, 6.5113298e-01, 9.7854464e-03 
561, 5.6918663e-01, 6.9572112e-01, 6.4809617e-01 
562, 9.7291510e-01, 7.9090731e-01, 3.5258874e-01 
563, 2.9544758e-01, 4.3480754e-01, 1.6216927e-01 
564, 6.6492422e-01, 4.3370630e-01, 5.2131610e-02 
565, 2.3311694e-01, 1.1369672e-02, 1.5308154e-01 
566, 8.5541047e-01, 2.6431861e-01, 2.6272677e-01 
567, 2.6443009e-02, 9.7126797e-01, 9.4467366e-01 
568, 3.7400737e-01, 9.3504853e-01, 8.9327111e-01 
569, 9.2694160e-01, 5.3959704e-01, 5.7758293e-01 
570, 4.0946050e-01, 7.9085164e-01, 8.3299264e-01 
571, 6.5056644e-01, 9.0377497e-01, 2.6160789e-01 
572, 1.6384784e-01, 2.6275453e-03, 6.8135403e-01 
573, 3.4047284e-02, 1.0726883e-01, 3.5861700e-01 
574, 8.1372169e-01, 6.7067349e-01, 3.0344836e-01 
575, 4.8752645e-01, 7.1266394e-01, 1.2923387e-01 
576, 5.4154372e-01, 7.6428970e-01, 2.5336062e-01 
577, 7.2353091e-01, 2.3251143e-01, 3.6228904e-01 
578, 6.8630224e-01, 5.5862382e-01, 1.9184135e-01 
579, 1.1216506e-04, 8.6709164e-01, 2.5241971e-01 
580, 9.8405738e-01, 5.2153155e-01, 8.9943877e-01 
581, 4.5819580e-01, 9.8844930e-01, 5.8333789e-01 
582, 4.6828971e-01, 9.3651608e-01, 3.4278334e-01 
583, 4.0792557e-01, 6.6089113e-02, 4.4680693e-01 
584, 4.2065306e-01, 3.1507723e-01, 7.2346111e-01 
585, 9.2585950e-01, 7.6809575e-01, 7.0174529e-02 
586, 3.1066775e-01, 3.8052651e-01, 2.3386747e-02 
587, 3.6374100e-02, 5.0673152e-01, 3.7642440e-01 
588, 5.8966935e-01, 9.2757774e-01, 9.2283286e-01 
589, 3.9251089e-02, 3.6867354e-02, 5.4362490e-01 
590, 7.7633762e-02, 4.8262260e-01, 6.7077545e-01 
591, 5.8524243e-01, 6.8701494e-01, 3.0221461e-01 
592, 2.3507456e-01, 2.2475661e-01, 8.6497224e-01 
593, 7.0830273e-01, 3.6566763e-01, 5.0702224e-02 
594, 7.7042763e-01, 4.0551043e-01, 8.0277460e-01 
595, 2.4784606e-01, 5.3181962e-01, 8.7540447e-01 
596, 8.4217063e-01, 5.9683209e-01, 4.6058495e-01 
597, 8.3486999e-02, 7.8266871e-01, 1.0018392e-01 
598, 9.1788275e-01, 2.1202553e-01, 8.2158971e-01 
599, 4.1800917e-01, 6.2637172e-01, 2.2621124e-01 
600, 3.9423780e-01, 9.6331124e-01, 7.7732463e-01 
601, 8.6275481e-01, 4.4822752e-01, 9.6013033e-02 
602, 1.4664807e-01, 7.3416174e-01, 3.0335416e-01 
603, 9.1952729e-01, 7.3895276e-01, 9.6341472e-01 
604, 1.4391635e-01, 3.1614455e-01, 7.2342048e-01 
605, 8.6395192e-01, 9.7192142e-01, 6.6101282e-01 
606, 8.1073387e-01, 6.3630660e-01, 2.2609423e-02 
607, 1.4476847e-01, 4.8564241e-01, 6.7790996e-01 
608, 8.7527110e-01, 9.0506092e-01, 5.0583777e-01 
609, 3.5283633e-01, 5.5093367e-01, 2.3179855e-01 
610, 5.5699445e-01, 3.1540175e-01, 1.0140669e-01 
611, 1.0872902e-02, 6.3152118e-01, 5.9764549e-01 
612, 1.3401265e-01, 1.4553936e-01, 5.6943903e-01 
613, 7.0769120e-01, 4.3966403e-01, 9.0335391e-01 
614, 7.0622200e-01, 5.9276539e-01, 3.3797746e-01 
615, 4.4900486e-01, 1.5007561e-01, 7.5445939e-01 
616, 6.5622599e-02, 1.1733771e-02, 5.9726186e-01 
617, 7.6163395e-01, 4.6532844e-01, 2.5249619e-01 
618, 9.5581347e-01, 5.2664604e-01, 3.2409189e-01 
619, 9.1105896e-01, 2.5518700e-01, 3.7907927e-01 
620, 4.0723963e-02, 1.9843387e-01, 3.0736097e-01 
621, 3.2072758e-01, 6.2820009e-02, 8.5026436e-02 
622, 5.7105722e-01, 4.9510180e-01, 2.9625384e-02 
623, 9.2822986e-01, 6.8055257e-01, 8.6697026e-01 
624, 3.2189093e-01, 9.8389602e-01, 6.1159039e-01 
625, 1.5423992e-01, 7.7468769e-01, 4.8932391e-01 
626, 9.3369790e-01, 6.2043782e-01, 1.9662614e-02 
627, 2.3154887e-01, 4.8111539e-01, 3.6071939e-01 
628, 7.3958229e-01, 1.1412900e-01, 8.0355369e-01 
629, 7.2082302e-01, 8.6613123e-01, 4.9865812e-01 
630, 9.0193292e-01, 2.0915943e-01, 2.2282671e-01 
631, 2.6308004e-01, 1.5286350e-01, 7.8215637e-01 
632, 3.1417491e-01, 6.8491638e-01, 6.8672114e-01 
633, 6.7599809e-01, 6.5272319e-01, 7.0269838e-01 
634, 1.6052857e-01, 1.5607695e-01, 9.4532236e-01 
635, 3.0768427e-01, 3.8218482e-01, 8.2230922e-02 
636, 3.6990416e-01, 2.9392425e-01, 8.4986937e-01 
637, 3.1668011e-01, 1.5655866e-03, 2.3334281e-01 
638, 3.7475528e-01, 4.5774849e-01, 3.2081962e-01 
639, 1.8391054e-01, 8.6124033e-01, 2.8887485e-01 
640, 5.2199066e-01, 5.2939039e-01, 2.6791910e-01 
641, 1.9447375e-01, 6.6207865e-01, 8.5595934e-01 
642, 5.5172816e-01, 5.7974748e-01, 7.5886721e-02 
643, 2.5838780e-01, 4.3479803e-01, 5.4624713e-01 
644, 5.2089012e-01, 2.5383149e-01, 8.0588307e-01 
645, 9.0690980e-01, 9.5330209e-01, 6.0828111e-02 
646, 1.1740171e-01, 5.9365946e-02, 5.5251187e-01 
647, 5.2652738e-02, 8.5326697e-01, 4.8976310e-01 
648, 9.4278708e-03, 5.8396467e-01, 5.7254745e-01 
649, 1.7736254e-01, 5.6141507e-01, 8.5849494e-01 
650, 8.0242324e-01, 6.8693423e-02, 2.5203606e-01 
651, 8.9205360e-02, 7.4288048e-01, 2.7715222e-01 
652, 7.4868389e-01, 9.1778986e-01, 2.2510947e-01 
653, 6.6059606e-01, 3.7534713e-01, 3.1889127e-01 
654, 7.8987627e-01, 4.5770539e-01, 3.7848444e-01 
655, 6.5570482e-01, 9.8763433e-02, 7.1582232e-01 
656, 3.7161798e-01, 6.4739628e-01, 7.2716586e-01 
657, 8.4887973e-01, 1.7719596e-01, 6.1877889e-01 
658, 1.8855572e-01, 9.2482265e-01, 1.8513396e-01 
659, 9.3979766e-02, 4.5145269e-01, 9.3754070e-01 
660, 7.1806539e-01, 7.1266728e-01, 7.0966340e-01 
661, 2.7215969e-01, 8.4048543e-01, 3.4562605e-01 
662, 4.1442774e-01, 9.7062352e-01, 9.9512688e-01 
663, 1.6970672e-01, 8.2239337e-01, 8.4877028e-01 
664, 4.2121297e-01, 9.6732245e-02, 2.2225760e-01 
665, 5.8382629e-01, 6.0373643e-01, 4.0607681e-01 
666, 2.9948375e-01, 8.8453751e-01, 3.0708919e-01 
667, 9.6114172e-01, 5.1115995e-01, 4.4017669e-01 
668, 4.7569377e-01, 8.8441398e-01, 5.6838147e-01 
669, 4.5784852e-01, 7.4809329e-01, 1.6508061e-01 
670, 9.7136979e-01, 2.4496197e-02, 6.2285526e-01 
671, 3.5267833e-01, 7.6104443e-01, 3.6184053e-01 
672, 1.6129826e-01, 8.6747707e-01, 6.5699038e-02 
673, 1.0911686e-01, 2.8301557e-01, 5.9566310e-01 
674, 8.8746396e-01, 7.4743653e-01, 1.0662057e-01 
675, 9.5686281e-01, 1.4580988e-01, 2.1289906e-01 
676, 6.1445328e-01, 5.3078800e-01, 6.7415123e-01 
677, 6.5094834e-01, 8.0786961e-01, 1.5868787e-02 
678, 1.3661694e-01, 3.5691249e-01, 6.1942868e-01 
679, 8.6292478e-01, 8.8062520e-01, 2.8061391e-02 
680, 6.6315115e-01, 9.7904464e-01, 8.1734834e-01 
681, 1.9974386e-01, 1.4890821e-01, 2.9110120e-02 
682, 9.8776406e-01, 3.6144131e-01, 7.6148131e-01 
683, 6.7072546e-01, 4.6674582e-01, 9.3346930e-01 
684, 7.1025442e-01, 5.0534214e-01, 7.5317685e-01 
685, 3.3272195e-01, 6.3856622e-01, 8.6440329e-02 
686, 5.3412595e-01, 9.3920197e-01, 1.4335182e-01 
687, 2.9238964e-01, 3.8711042e-01, 1.7984724e-01 
688, 5.5396470e-01, 3.6320639e-01, 5.3383953e-01 
689, 3.2045945e-01, 8.8592423e-01, 2.3017064e-01 
690, 5.1655976e-01, 1.2720935e-01, 3.9727408e-01 
691, 2.8066545e-01, 9.9483501e-01, 6.1507056e-01 
692, 8.1160752e-01, 3.0424401e-01, 6.0383767e-01 
693, 2.8269503e-01, 3.4287990e-01, 4.9203314e-02 
694, 6.0080094e-01, 9.8807903e-01, 8.6515335e-01 
695, 9.1315596e-01, 2.4600829e-01, 1.9724847e-01 
696, 9.1267149e-01, 2.3092550e-03, 4.0687481e-01 
697, 2.8890662e-01, 9.4706015e-01, 8.5134818e-01 
698, 9.7696475e-01, 7.0994130e-01, 8.2292535e-01 
699, 1.3059793e-01, 1.3865342e-01, 5.0695490e-01 
700, 3.2768614e-01, 5.9677613e-01, 9.0480077e-02 
701, 3.7863419e-01, 6.5503369e-01, 1.0077669e-01 
702, 5.8983197e-01, 1.6319902e-01, 3.1278252e-01 
703, 8.8942794e-01, 4.9018625e-01, 8.0128594e-01 
704, 6.0479295e-01, 9.0726657e-01, 9.5456030e-01 
705, 7.7204131e-01, 6.5340479e-01, 9.5615265e-01 
706, 3.5318702e-01, 9.6833507e-01, 9.6106329e-01 
707, 9.9776490e-01, 8.2757085e-01, 1.8472978e-01 
708, 3.2144613e-01, 9.0743118e-01, 1.4807592e-01 
709, 3.3379923e-01, 9.6142508e-02, 6.6028588e-02 
710, 6.6846931e-01, 8.4542149e-01, 2.9933937e-01 
711, 5.7459241e-01, 5.0674192e-01, 9.5861322e-01 
712, 3.0301768e-01, 9.7631799e-01, 2.0849462e-01 
713, 6.0102328e-02, 7.4342055e-02, 7.2796360e-01 
714, 4.6894684e-01, 7.8466268e-02, 5.9574999e-01 
715, 5.8511058e-01, 9.5760464e-02, 3.1969416e-01 
716, 6.9623026e-01, 2.6754995e-02, 5.2474402e-01 
717, 2.3598146e-03, 4.8359620e-01, 1.6256978e-01 
718, 3.4053570e-01, 1.4142778e-01, 8.8071117e-01 
719, 3.7701323e-01, 1.8682810e-01, 1.2035010e-01 
720, 8.4820843e-01, 6.5059374e-01, 6.8853406e-01 
721, 5.2611676e-01, 8.9612094e-01, 8.2482915e-01 
722, 1.2535998e-01, 6.3633031e-01, 6.2143685e-01 
723, 8.1774962e-01, 4.1576033e-01, 8.2376077e-01 
724, 8.2735551e-01, 5.9723420e-01, 8.1014921e-01 
725, 3.5076330e-01, 4.9768611e-01, 7.4078948e-01 
726, 7.2802895e-01, 5.5211906e-01, 7.0918930e-01 
727, 4.2320616e-01, 4.3353401e-01, 9.6695592e-01 
728, 5.0706708e-01, 1.7362159e-01, 9.5457884e-01 
729, 8.6048700e-01, 5.6506732e-01, 9.0570486e-01 
730, 8.7707536e-01, 5.1752526e-01, 2.3734090e-01 
731, 6.9547695e-01, 3.5877782e-01, 4.1330945e-01 
732, 5.4985773e-01, 2.7493235e-01, 9.9998562e-01 
733, 4.0763446e-01, 3.4436187e-01, 6.3472376e-01 
734, 5.9733859e-01, 1.9176862e-01, 5.4510083e-01 
735, 5.7601636e-02, 8.6206992e-01, 5.4890975e-01 
736, 8.5340436e-01, 4.6792059e-01, 2.7196246e-01 
737, 3.5699869e-01, 8.1598969e-02, 3.0522657e-01 
738, 4.5146084e-04, 7.3279612e-01, 8.5409392e-01 
739, 4.5103667e-01, 8.6668742e-01, 7.5444470e-01 
740, 9.9177900e-01, 8.7895772e-01, 4.0205034e-01 
741, 7.5893429e-01, 1.9761406e-01, 6.5625159e-02 
742, 4.4882456e-01, 2.7820014e-01, 5.4126978e-01 
743, 6.3712761e-01, 3.5006308e-01, 5.7168062e-01 
744, 8.9907261e-04, 8.5361994e-02, 8.4687321e-01 
745, 2.5084462e-01, 1.5397265e-02, 2.4466556e-01 
746, 6.0141254e-01, 2.6601554e-01, 2.1698413e-02 
747, 7.4287650e-01, 1.4200626e-01, 9.8561551e-01 
748, 4.2202319e-01, 2.9450390e-01, 2.4366998e-01 
749, 5.5746443e-01, 9.6263158e-01, 6.5831371e-01 
750, 5.2843770e-01, 3.4575170e-01, 8.5455732e-01 
751, 6.3792884e-01, 7.8395136e-01, 1.3135324e-01 
752, 6.2581435e-01, 5.7634027e-01, 1.2885599e-02 
753, 2.8484836e-01, 3.4057545e-01, 2.9492586e-01 
754, 3.7897158e-01, 2.6327340e-01, 8.9295390e-01 
755, 8.1125208e-01, 9.1810851e-01, 8.3578923e-01 
756, 8.6015507e-01, 7.5322440e-01, 7.9149915e-01 
757, 4.7756809e-02, 4.2675036e-01, 6.2309323e-01 
758, 1.7391008e-01, 8.5082410e-01, 3.6413954e-01 
759, 6.6459131e-01, 4.3157869e-02, 4.9696445e-01 
760, 2.7417541e-01, 5.5142804e-01, 9.3196443e-01 
761, 5.5476634e-01, 9.8948469e-01, 3.6754236e-01 
762, 7.2220738e-02, 8.0715556e-01, 1.6612881e-01 
763, 4.2641803e-01, 6.6532238e-01, 3.0391134e-02 
764, 6.2890783e-01, 7.4829577e-01, 6.3558528e-01 
765, 7.7005977e-01, 8.7993978e-01, 9.6849184e-01 
766, 6.7746749e-01, 7.1441867e-01, 7.1843316e-01 
767, 2.1379120e-01, 8.8300917e-02, 1.2507569e-01 
768, 2.4501189e-01, 1.3503568e-01, 8.9234068e-01 
769, 8.4718872e-01, 5.8296368e-01, 5.9653044e-01 
770, 5.5074933e-01, 1.9080886e-01, 2.5068727e-01 
771, 3.8789303e-01, 9.1284828e-01, 8.7862308e-02 
772, 9.1630795e-01, 7.7816869e-01, 1.9330647e-02 
773, 4.5710435e-01, 4.6669533e-01, 3.1108769e-01 
774, 7.2217177e-01, 8.9157764e-01, 8.7059514e-01 
775, 3.9250290e-01, 9.3910613e-01, 2.1764118e-01 
776, 6.7315695e-01, 9.5178357e-01, 9.5854724e-01 
777, 9.0417117e-01, 7.9707645e-01, 6.9225816e-01 
778, 9.4871099e-01, 5.4674647e-01, 8.4350038e-02 
779, 4.9560943e-01, 4.0167329e-01, 6.9689214e-01 
780, 1.8168252e-01, 2.6436297e-01, 7.0497768e-01 
781, 3.9150348e-01, 6.4014981e-01, 6.2725507e-01 
782, 5.5994127e-01, 3.0410143e-02, 9.6823017e-01 
783, 1.1241908e-01, 5.9848699e-01, 4.9536083e-02 
784, 4.3181538e-01, 7.3053293e-01, 9.6038156e-01 
785, 8.4353753e-01, 9.9725872e-01, 3.3907171e-01 
786, 1.3342870e-01, 9.1843413e-01, 6.0186566e-01 
787, 7.8526377e-02, 1.0002374e-01, 3.1266622e-01 
788, 3.8791747e-01, 4.8830313e-01, 4.9900476e-01 
789, 5.3495755e-01, 3.0843643e-01, 3.1556032e-01 
790, 9.7824791e-01, 9.1796596e-01, 4.1007874e-01 
791, 4.1250210e-01, 7.6019379e-01, 2.5377926e-01 
792, 1.6449020e-01, 6.9955238e-01, 3.4414283e-01 
793, 4.9009496e-01, 2.7091239e-01, 1.5374037e-01 
794, 8.3375015e-02, 8.2170299e-01, 4.3326156e-01 
795, 9.9144835e-03, 1.5263300e-01, 2.1812938e-01 
796, 4.4261150e-01, 3.7983091e-01, 9.2854390e-01 
797, 3.4134922e-01, 9.8595575e-01, 1.8684640e-01 
798, 7.1495694e-01, 2.9087126e-01, 7.8000506e-01 
799, 8.4616077e-01, 6.9835117e-01, 9.6891064e-01 
800, 4.8909131e-01, 3.8376455e-01, 4.4293998e-01 
801, 8.3532559e-01, 1.9691479e-01, 3.1551856e-01 
802, 1.6490710e-01, 9.6043526e-01, 6.9116898e-01 
803, 9.9213501e-01, 4.0894528e-01, 1.4958027e-01 
804, 8.0387854e-01, 1.4548730e-01, 8.0240934e-02 
805, 4.5802145e-01, 3.0394140e-01, 5.1323947e-01 
806, 7.1149868e-01, 1.0429768e-02, 6.7513691e-01 
807, 1.2407923e-01, 5.8862318e-01, 6.4661930e-01 
808, 3.5103686e-01, 8.5933873e-01, 6.8340685e-01 
809, 3.0858710e-01, 3.9189972e-01, 9.2954385e-01 
810, 7.0332994e-01, 4.2010994e-02, 6.3166621e-01 
811, 3.0052739e-01, 4.2535085e-02, 5.2184266e-01 
812, 2.0329503e-01, 4.5344512e-01, 4.4967581e-01 
813, 7.1800269e-01, 5.0409002e-01, 5.1174235e-01 
814, 1.2174467e-01, 2.1627814e-01, 6.4643883e-03 
815, 9.4719133e-01, 4.9939021e-01, 9.1116229e-01 
816, 5.6610905e-01, 3.0208536e-01, 7.4908242e-01 
817, 6.5553569e-01, 6.9527561e-01, 8.9699973e-01 
818, 4.6659474e-01, 7.0496971e-01, 1.6251520e-01 
819, 7.2911781e-01, 9.5020462e-01, 6.2602988e-01 
820, 7.4632121e-01, 1.1239862e-02, 3.4040163e-01 
821, 7.7008079e-01, 3.3739114e-01, 1.8524933e-01 
822, 4.6263766e-01, 8.6322780e-01, 2.9264623e-01 
823, 7.7015487e-01, 9.4918359e-01, 9.2217068e-01 
824, 1.9009572e-01, 1.6346753e-01, 3.0241751e-01 
825, 3.6026944e-02, 9.7197707e-01, 3.2437916e-01 
826, 4.1499671e-01, 1.3963116e-01, 7.2586305e-01 
827, 8.1758857e-01, 9.4373677e-01, 3.1747624e-01 
828, 1.0209806e-01, 3.7040414e-01, 2.2102724e-01 
829, 1.8904694e-01, 3.5888249e-01, 7.9120914e-01 
830, 2.5419212e-01, 8.3367783e-01, 8.0307440e-01 
831, 4.4844097e-01, 7.2401987e-01, 7.7749625e-01 
832, 2.3542292e-02, 7.1849795e-01, 9.0991541e-01 
833, 4.2885067e-01, 3.6624754e-01, 9.9918997e-01 
834, 7.3475286e-01, 8.1035388e-01, 8.8021883e-01 
835, 9.4126470e-01, 6.6575223e-01, 6.7084388e-01 
836, 5.6186740e-01, 2.3501944e-01, 4.7487299e-01 
837, 6.4743879e-01, 1.2949566e-01, 7.3665853e-01 
838, 6.0378104e-01, 4.1164025e-01, 3.9724653e-01 
839, 9.0289115e-01, 7.7492994e-01, 7.7203787e-01 
840, 8.2816368e-02, 2.5933277e-01, 9.5862493e-01 
841, 3.5653552e-01, 7.1732859e-01, 1.6424484e-01 
842, 1.2305291e-01, 5.3188343e-01, 1.4780517e-01 
843, 9.4995771e-01, 1.0943771e-01, 9.5820051e-01 
844, 6.1712716e-01, 7.9751308e-02, 3.3049407e-01 
845, 9.7535372e-01, 2.5478614e-01, 5.5657985e-01 
846, 3.8237657e-02, 3.2091220e-01, 4.7119415e-01 
847, 6.4443864e-01, 5.5654090e-01, 9.2221593e-01 
848, 8.7351424e-01, 2.9728250e-01, 3.3533209e-01 
849, 7.9585180e-01, 4.5447179e-01, 2.3106365e-02 
850, 3.1837520e-01, 2.1435779e-01, 6.0573308e-01 
851, 3.6708874e-01, 1.3391052e-01, 6.3936555e-01 
852, 9.3788397e-01, 4.1166416e-01, 6.2590087e-01 
853, 3.9133701e-01, 1.4698055e-01, 1.0490745e-01 
854, 3.2711616e-01, 4.6948735e-01, 1.8563157e-01 
855, 2.3185383e-01, 3.2174644e-01, 8.8822014e-01 
856, 7.9997584e-01, 1.0142982e-01, 3.2722752e-01 
857, 8.8758633e-01, 6.0961005e-01, 3.9654028e-01 
858, 9.1439245e-01, 7.7295929e-01, 6.3215459e-01 
859, 8.5185806e-01, 1.1197982e-01, 1.9673270e-01 
860, 7.5126833e-01, 9.3063782e-01, 7.3369275e-02 
861, 4.4415494e-01, 5.3759800e-01, 3.6116315e-01 
862, 5.7696593e-01, 7.9173921e-01, 6.8802365e-01 
863, 9.9507964e-01, 5.9456816e-01, 8.2586151e-01 
864, 8.9770857e-01, 7.0041855e-01, 9.7407567e-01 
865, 2.8633555e-01, 2.6431902e-02, 1.2908238e-01 
866, 1.5998705e-01, 3.9139270e-01, 1.1047715e-01 
867, 2.6877364e-01, 4.1446287e-01, 3.9742757e-01 
868, 7.9868800e-01, 2.4592336e-01, 6.3146909e-01 
869, 7.5652859e-01, 4.3896616e-01, 1.1125185e-01 
870, 2.1353277e-01, 2.1219981e-01, 4.2974788e-01 
871, 2.5944740e-01, 4.8212244e-01, 4.9150192e-01 
872, 5.6673272e-01, 8.2349334e-01, 9.1596254e-01 
873, 5.8725233e-01, 4.6964455e-01, 8.8095019e-01 
874, 5.4731534e-01, 2.9442822e-01, 8.4727791e-01 
875, 3.0100628e-01, 1.5134109e-01, 1.1430503e-01 
876, 4.6255554e-01, 2.8078552e-01, 9.9460033e-04 
877, 5.0291591e-01, 7.2942190e-01, 8.6114676e-01 
878, 1.4069559e-01, 2.5508010e-02, 4.2194039e-01 
879, 3.7762881e-01, 3.8366001e-01, 2.2583681e-01 
880, 2.8492517e-02, 1.4597605e-01, 3.3914347e-01 
881, 7.5577719e-01, 6.5762143e-01, 4.9577695e-01 
882, 6.6751519e-01, 1.9409347e-01, 5.6985314e-01 
883, 1.7289319e-02, 4.6198021e-02, 7.2206929e-01 
884, 6.6076704e-01, 6.7547343e-01, 4.7846615e-01 
885, 2.5019036e-01, 9.6878602e-01, 1.8803075e-01 
886, 3.7285614e-01, 1.2233922e-01, 2.4996773e-01 
887, 5.2682363e-01, 2.9145991e-01, 6.4793035e-01 
888, 7.1802676e-01, 3.5624425e-01, 4.5671423e-01 
889, 5.8067910e-01, 8.8517450e-01, 6.9200803e-01 
890, 3.3343111e-02, 9.9699457e-01, 7.7820673e-01 
891, 5.0538638e-01, 1.0176700e-02, 6.7102248e-01 
892, 4.6726970e-01, 6.7372271e-01, 8.4174917e-01 
893, 8.2108376e-01, 7.7592813e-01, 1.9842318e-01 
894, 4.4848795e-01, 6.7797394e-01, 7.0913916e-01 
895, 4.4852056e-01, 3.7585017e-01, 6.1466114e-01 
896, 8.3976411e-01, 5.1351873e-01, 4.6203433e-01 
897, 6.4373160e-01, 8.1631493e-02, 3.9446532e-01 
898, 1.3150032e-01, 9.9297691e-01, 7.9852676e-01 
899, 2.8908228e-01, 1.4079209e-01, 1.6411990e-01 
900, 3.5244846e-01, 9.0659261e-01, 3.1350322e-01 
901, 6.6945003e-02, 6.6556414e-01, 8.5278705e-01 
902, 5.2355017e-01, 1.7636807e-01, 3.0279354e-01 
903, 3.4454494e-01, 1.1889388e-02, 1.5740281e-01 
904, 8.5801791e-01, 6.0323953e-01, 2.7970847e-01 
905, 7.8777403e-01, 1.6543248e-01, 2.4158827e-01 
906, 2.0475943e-01, 4.3317196e-01, 2.1305934e-01 
907, 9.8009427e-02, 2.1558917e-01, 7.1198724e-01 
908, 5.1018068e-03, 5.7627325e-01, 7.9112676e-01 
909, 5.6853656e-02, 9.5309351e-01, 7.9855773e-01 
910, 7.9620117e-01, 5.1750247e-01, 2.5787845e-02 
911, 7.0865720e-01, 9.8664676e-01, 6.0643979e-01 
912, 2.2251090e-01, 4.9560449e-01, 9.4657182e-01 
913, 2.0844472e-01, 7.2426950e-01, 3.1955392e-01 
914, 6.0946149e-01, 3.0128544e-01, 6.1950080e-01 
915, 2.8070212e-01, 1.3268314e-01, 4.9751281e-01 
916, 9.9081623e-01, 8.7667656e-02, 9.3643876e-01 
917, 2.9089928e-01, 8.0192210e-01, 1.9188663e-02 
918, 7.3438625e-01, 5.2306166e-01, 3.7871884e-01 
919, 1.8720099e-01, 5.5217676e-01, 7.9951931e-01 
920, 7.8366375e-01, 7.7893686e-01, 6.9935422e-02 
921, 3.1988349e-01, 1.2127972e-01, 3.0971740e-01 
922, 6.5889357e-01, 5.0708467e-01, 7.5926323e-01 
923, 8.4142317e-01, 6.6145091e-01, 7.7039233e-01 
924, 7.8960015e-01, 2.5740906e-01, 5.7021943e-01 
925, 1.5112654e-01, 4.7045004e-01, 8.9431168e-01 
926, 5.8609885e-02, 6.9487491e-01, 2.1788863e-01 
927, 4.8680959e-01, 5.5276647e-01, 4.5145645e-01 
928, 9.2291595e-01, 9.9155425e-01, 4.4125930e-01 
929, 2.3379275e-01, 4.3450509e-01, 1.8668159e-01 
930, 9.1166868e-01, 4.1859067e-01, 6.9399193e-01 
931, 9.1637604e-02, 1.0675616e-01, 2.4611177e-01 
932, 9.6450175e-01, 5.7429943e-02, 8.7854329e-01 
933, 5.8804391e-01, 5.6037875e-01, 4.4057443e-02 
934, 4.4364050e-01, 4.9225782e-01, 9.5046356e-01 
935, 5.0772663e-01, 4.2002566e-01, 3.4196502e-01 
936, 2.3302680e-01, 6.3921156e-01, 7.7663150e-02 
937, 3.6978459e-01, 7.5185282e-01, 7.6491468e-01 
938, 7.8533324e-01, 4.4199585e-01, 7.3154063e-01 
939, 2.4418859e-01, 9.9800927e-01, 7.0339051e-02 
940, 1.9562176e-01, 4.4472389e-01, 5.6570615e-01 
941, 1.6185149e-01, 1.5545681e-01, 1.8404608e-01 
942, 3.6501760e-01, 2.6767728e-02, 5.5812792e-02 
943, 7.1515648e-01, 5.9803334e-01, 9.1136864e-01 
944, 4.1602269e-02, 2.0739722e-01, 8.0150018e-02 
945, 2.5691013e-01, 4.9054259e-01, 6.9881754e-01 
946, 5.4455421e-01, 6.5688181e-01, 5.4014163e-01 
947, 9.6461709e-01, 9.8223315e-01, 6.8506552e-01 
948, 3.4315701e-01, 6.9825808e-01, 7.2494909e-01 
949, 5.2044248e-01, 3.9444494e-01, 5.0590488e-01 
950, 4.5432593e-01, 7.6148753e-01, 2.2093190e-02 
951, 6.1243166e-01, 9.2503816e-01, 2.4066160e-01 
952, 2.4721052e-01, 9.1559096e-01, 7.6800868e-02 
953, 3.1987677e-01, 1.1098867e-01, 2.3319590e-03 
954, 4.3824255e-02, 8.1746558e-01, 5.9510843e-01 
955, 4.5278723e-01, 5.1502464e-01, 6.5291886e-01 
956, 3.5044234e-01, 1.4203821e-01, 9.4422526e-01 
957, 2.6560005e-02, 8.3943326e-01, 9.1555760e-01 
958, 2.4551305e-01, 5.7471329e-01, 4.9170643e-02 
959, 9.7967680e-01, 2.9222777e-03, 1.8302031e-01 
960, 2.4321454e-01, 5.9240013e-02, 1.2097029e-01 
961, 9.3201452e-02, 5.3442931e-01, 4.4569330e-01 
962, 3.5445625e-01, 7.0698017e-01, 7.3761310e-02 
963, 2.3700972e-01, 6.7945849e-01, 5.6948666e-01 
964, 6.3975494e-01, 1.0309163e-01, 7.6123355e-01 
965, 8.6614635e-01, 2.6668071e-01, 1.5773295e-01 
966, 6.8759247e-01, 3.4937469e-01, 3.6249837e-01 
967, 6.0497769e-01, 1.3570846e-01, 8.3212832e-01 
968, 4.3392457e-01, 2.9505103e-01, 9.4654647e-01 
969, 7.9456775e-01, 9.9100954e-02, 7.6168084e-01 
970, 8.6676808e-01, 8.4569908e-01, 5.6151849e-01 
971, 8.8824764e-01, 4.4421315e-01, 1.5354389e-01 
972, 2.3579250e-01, 9.3328965e-01, 7.9738138e-01 
973, 4.9458355e-01, 9.7162596e-01, 1.9465515e-01 
974, 1.5457191e-01, 4.0996196e-01, 1.5372315e-02 
975, 3.9554186e-01, 2.1907120e-01, 5.2884039e-02 
976, 2.3405731e-01, 7.6746326e-01, 6.4934218e-01 
977, 7.7905957e-01, 6.4576144e-01, 7.6773651e-02 
978, 5.4719176e-01, 9.8979269e-01, 5.9564858e-01 
979, 3.6035275e-01, 6.5463944e-01, 7.8496288e-01 
980, 2.6073534e-01, 8.6336659e-01, 9.5854088e-01 
981, 6.6950179e-01, 8.1990486e-01, 4.4481421e-01 
982, 9.0779861e-01, 5.2407795e-02, 3.3177235e-01 
983, 3.1527058e-01, 3.1555527e-01, 3.7791825e-01 
984, 6.0701045e-01, 2.1460561e-01, 1.6203774e-01 
985, 7.6499597e-01, 7.8307570e-01, 8.0206007e-01 
986, 1.4625259e-01, 6.7732084e-01, 6.9319740e-01 
987, 4.1503965e-01, 4.1640643e-02, 2.3515671e-01 
988, 8.9149131e-01, 3.0760200e-01, 4.4072798e-01 
989, 3.7286216e-01, 4.2688543e-01, 7.6870493e-01 
990, 2.6681777e-01, 8.4944089e-01, 5.9044199e-01 
991, 4.5254046e-01, 6.2681498e-01, 4.6436517e-01 
992, 2.8730445e-01, 6.1314951e-01, 3.6382920e-02 
993, 2.4979830e-01, 1.9386747e-01, 5.4445113e-01 
994, 9.0833385e-01, 8.0891226e-01, 2.9189996e-01 
995, 1.4763452e-01, 8.5658599e-02, 4.4572071e-02 
996, 8.8068115e-01, 7.3628473e-01, 9.1700797e-01 
997, 1.9556641e-01, 9.7989070e-01, 4.4164883e-01 
998, 3.4406109e-02, 9.6307778e-02, 9.8146467e-01 
999, 2.3445957e-01, 1.9262533e-02, 5.6923972e-01 
1000, 3.2625156e-01, 7.2572693e-01, 2.5267143e-01 
1001, 1.0338506e-01, 2.5203126e-01, 2.8463227e-01 
1002, 7.6873335e-01, 9.6353405e-01, 2.8937042e-01 
1003, 3.4356755e-01, 1.5605273e-01, 1.1314935e-01 
1004, 3.4562250e-01, 3.0299760e-01, 6.3718749e-01 
1005, 5.9653141e-02, 2.4452395e-01, 6.1788188e-01 
1006, 2.1788627e-01, 3.0365666e-01, 5.4076460e-01 
1007, 6.3596527e-01, 2.9662354e-01, 8.9061469e-01 
1008, 5.9723399e-01, 4.4127944e-01, 5.7002810e-01 
1009, 5.6601469e-01, 1.8618419e-01, 1.6399775e-01 
1010, 4.9195547e-01, 5.2763192e-01, 7.9306478e-01 
1011, 7.4403862e-02, 4.1927256e-01, 2.6858654e-01 
1012, 6.4381879e-01, 1.3602330e-01, 4.4992368e-01 
1013, 4.7595662e-01, 9.4740979e-01, 4.6897381e-01 
1014, 9.2043869e-01, 7.1872521e-01, 3.4758153e-01 
1015, 1.1354435e-01, 2.7435517e-01, 8.6504905e-01 
1016, 2.4092814e-02, 8.5250676e-01, 5.7711264e-01 
1017, 6.3418921e-01, 7.5239966e-01, 2.7484604e-01 
1018, 2.9234811e-01, 3.3527291e-02, 1.8621577e-01 
1019, 4.5609816e-01, 7.9445219e-01, 7.1948012e-01 
1020, 8.2141484e-02, 1.3870687e-01, 7.5193867e-01 
1021, 6.7954388e-01, 7.0640848e-01, 5.5092607e-01 
1022, 1.9894522e-01, 4.1831305e-02, 7.5280002e-01 
1023, 5.7312390e-01, 1.0690557e-01, 2.0239917e-01 
1024, 5.1439050e-01, 3.9420883e-01, 2.4747861e-01 
1025, 3.2578995e-01, 7.7796850e-02, 3.5946471e-01 
1026, 8.2011590e-01, 3.5781352e-01, 7.7366508e-01 
1027, 2.2089434e-01, 9.4196342e-01, 5.9233916e-02 
1028, 6.7540044e-01, 9.1704614e-01, 7.9442746e-01 
1029, 5.0880028e-01, 9.0332137e-01, 4.4617690e-01 
1030, 8.8414911e-01, 5.8112376e-01, 5.0866604e-01 
1031, 7.3973651e-01, 7.9958219e-01, 1.9464406e-02 
1032, 2.9360165e-01, 4.0715657e-01, 5.5588321e-01 
1033, 8.0044637e-01, 3.8954819e-01, 2.7843666e-01 
1034, 6.4391019e-01, 3.0914252e-01, 2.2179494e-01 
1035, 2.8391807e-01, 8.5428787e-01, 6.7553522e-01 
1036, 4.7199348e-01, 5.6118768e-01, 8.5463750e-01 
1037, 5.0865851e-01, 5.9463535e-01, 9.6226424e-02 
1038, 7.4944913e-01, 1.0875795e-01, 4.8431829e-01 
1039, 4.2541624e-01, 6.9039598e-01, 7.3869836e-01 
1040, 4.9100630e-02, 4.8769617e-02, 4.4721903e-01 
1041, 7.5265086e-01, 8.1033381e-01, 9.2024579e-01 
1042, 4.7720576e-01, 3.4259214e-01, 3.8773610e-01 
1043, 1.9998526e-01, 9.4151971e-02, 1.7936872e-01 
1044, 8.4830346e-01, 4.1216676e-01, 2.8659005e-01 
1045, 1.2031822e-02, 1.8084022e-01, 4.9494037e-01 
1046, 5.7600964e-01, 9.0311005e-01, 2.7611147e-01 
1047, 1.6319390e-01, 2.2306487e-01, 5.1885988e-01 
1048, 6.5240402e-01, 6.4710701e-02, 7.4915821e-01 
1049, 9.1792770e-01, 5.0701801e-01, 4.9684867e-01 
1050, 6.5815359e-01, 5.0509500e-01, 4.5913418e-01 
1051, 9.6250516e-01, 6.6812844e-01, 6.0263913e-01 
1052, 1.2609271e-01, 8.9390043e-01, 5.5532632e-02 
1053, 3.1923489e-03, 1.6931981e-01, 5.3543425e-02 
1054, 8.2184630e-01, 9.6423685e-02, 9.6324733e-01 
1055, 2.4117735e-01, 3.5705261e-01, 9.7615574e-01 
1056, 6.0436389e-01, 9.2016687e-01, 5.4484546e-01 
1057, 1.0469512e-01, 7.0286119e-01, 8.2268293e-03 
1058, 3.4830834e-01, 2.3128243e-03, 9.4178785e-01 
1059, 8.6599192e-01, 4.3197206e-02, 1.5543664e-01 
1060, 6.7208721e-01, 8.1029694e-01, 9.3314336e-01 
1061, 4.1183996e-01, 9.4075723e-01, 3.1205006e-01 
1062, 1.8147846e-01, 3.6480435e-01, 6.4821989e-02 
1063, 7.2248589e-01, 6.8436102e-01, 6.7619956e-01 
1064, 4.6404962e-01, 6.3296319e-01, 8.2746260e-01 
1065, 8.1122144e-01, 1.9406475e-01, 5.5270695e-02 
1066, 1.3008161e-02, 1.6729056e-02, 4.5834245e-01 
1067, 8.3735712e-02, 9.6916069e-01, 3.2561361e-01 
1068, 5.5094906e-01, 4.1944686e-01, 9.7271542e-01 
1069, 3.3730140e-01, 7.4375116e-01, 1.9362856e-01 
1070, 1.1014173e-01, 3.4757275e-01, 1.0075425e-01 
1071, 8.8800431e-01, 7.0314357e-01, 6.0497252e-01 
1072, 5.9277540e-01, 6.8347931e-01, 9.4327135e-01 
1073, 9.5776590e-02, 8.2936613e-01, 6.5392027e-01 
1074, 2.4306740e-02, 3.6148477e-01, 6.4489898e-03 
1075, 9.4836386e-01, 1.5011683e-01, 8.7875456e-01 
1076, 4.8278403e-01, 4.2655256e-03, 1.6468049e-01 
1077, 7.4244210e-01, 1.6287961e-02, 8.0496900e-01 
1078, 3.4578019e-01, 9.8239179e-01, 8.1363651e-01 
1079, 6.1581667e-01, 7.5076876e-01, 1.0865343e-01 
1080, 8.8669577e-01, 2.8681681e-01, 7.0986188e-01 
1081, 9.5948334e-01, 6.7786602e-01, 3.1452350e-01 
1082, 1.5563442e-03, 7.4045257e-01, 6.2433680e-01 
1083, 9.1593286e-02, 1.1568567e-01, 1.1944185e-01 
1084, 6.7500166e-01, 1.3535328e-01, 5.5818004e-01 
1085, 6.6910510e-01, 2.2220473e-01, 1.4558181e-01 
1086, 8.0207953e-01, 2.7636685e-02, 4.2899638e-01 
1087, 6.3875282e-01, 2.1459587e-01, 3.4081804e-01 
1088, 4.8102183e-02, 5.4958457e-01, 6.0432648e-01 
1089, 5.5893390e-01, 6.6166334e-01, 3.4227592e-01 
1090, 5.7526413e-01, 3.2610414e-01, 6.9067139e-01 
1091, 6.1094021e-01, 1.6428219e-01, 7.9114427e-01 
1092, 5.3587580e-01, 9.8048238e-01, 2.9352959e-01 
1093, 3.9877596e-01, 2.5682866e-01, 6.7251295e-01 
1094, 8.0851633e-02, 8.2073170e-01, 6.1686105e-01 
1095, 8.5875847e-01, 2.2175832e-01, 1.7756556e-01 
1096, 5.7926936e-01, 8.7092524e-01, 1.4092636e-01 
1097, 7.0285179e-03, 5.4117197e-01, 9.4018220e-01 
1098, 6.4332944e-01, 8.6020230e-01, 7.0026531e-01 
1099, 1.7923836e-03, 2.3615553e-01, 1.5569110e-01 
1100, 8.0941800e-01, 7.8772979e-02, 6.9582185e-01 
1101, 6.7058507e-01, 1.1049553e-02, 5.5240679e-01 
1102, 1.9067144e-01, 8.2963274e-01, 2.1938514e-01 
1103, 2.0501331e-01, 7.4449846e-01, 7.0537202e-01 
1104, 9.1085054e-01, 9.6836035e-01, 3.8266299e-01 
1105, 6.4180471e-01, 6.3151459e-01, 9.6877572e-01 
1106, 6.0637398e-01, 2.1343939e-01, 8.3695627e-01 
1107, 6.7367931e-01, 5.9612230e-01, 5.0603359e-01 
1108, 1.1862044e-01, 1.2042064e-02, 9.6949465e-01 
1109, 4.7503489e-01, 2.3575610e-01, 1.4753392e-01 
1110, 6.7660467e-01, 9.3299418e-01, 9.9525068e-01 
1111, 9.4127448e-02, 4.8999694e-01, 9.3660620e-01 
1112, 9.6323879e-02, 4.9735392e-01, 7.9434688e-01 
1113, 6.2422162e-01, 4.7508745e-01, 5.4946679e-01 
1114, 4.5402008e-01, 2.5568778e-01, 8.2223124e-01 
1115, 4.1142338e-01, 4.6190439e-01, 1.3645041e-01 
1116, 8.7403956e-02, 4.5602585e-01, 9.8132595e-01 
1117, 8.7261890e-01, 6.3291405e-01, 4.4102441e-01 
1118, 3.9218884e-01, 3.0987749e-01, 3.9826590e-01 
1119, 9.4329192e-01, 3.7741671e-01, 8.5881060e-01 
1120, 9.9061563e-01, 3.1834413e-01, 9.6268917e-01 
1121, 4.3316562e-01, 1.0038687e-01, 3.3853855e-01 
1122, 6.1163124e-01, 9.9458723e-01, 1.4216450e-01 
1123, 7.9604040e-01, 6.2738816e-02, 4.5646703e-02 
1124, 3.8421831e-01, 6.6372399e-01, 8.8403233e-01 
1125, 9.6248147e-01, 2.9834350e-01, 8.5097561e-01 
1126, 5.9548075e-01, 5.2135496e-01, 4.0900555e-01 
1127, 6.8981052e-01, 1.2208802e-01, 3.0523884e-01 
1128, 4.1303754e-02, 1.2257133e-01, 9.0375981e-03 
1129, 1.3598744e-01, 2.1421408e-01, 1.0408646e-01 
1130, 8.3230770e-01, 8.0264283e-01, 3.7129610e-01 
1131, 5.1171552e-02, 1.2364465e-01, 1.9532023e-01 
1132, 1.9914650e-01, 4.0247493e-01, 1.2785685e-01 
1133, 2.8945863e-01, 6.7015470e-01, 9.1485810e-01 
1134, 8.0603132e-01, 7.7258677e-01, 2.5797236e-02 
1135, 7.0640006e-01, 6.8111643e-01, 3.0529706e-01 
1136, 3.2692254e-01, 9.3093865e-01, 2.0620843e-01 
1137, 7.5698067e-01, 1.5374396e-01, 3.5200635e-01 
1138, 2.2582196e-01, 5.0143878e-02, 2.3601063e-01 
1139, 4.4424433e-01, 6.8072400e-01, 2.2726235e-01 
1140, 4.2063483e-01, 7.1774368e-01, 1.4251146e-01 
1141, 6.4481069e-01, 7.2368310e-01, 9.4597794e-01 
1142, 1.1786090e-01, 8.4968786e-01, 8.5706889e-01 
1143, 5.9737794e-01, 1.9190548e-01, 4.4738647e-01 
1144, 9.7569086e-01, 6.9590526e-01, 2.2980908e-01 
1145, 5.0385712e-01, 4.5962690e-01, 5.9495873e-01 
1146, 7.5125156e-01, 7.7828199e-01, 3.2449052e-01 
1147, 8.4470962e-01, 9.1035869e-01, 1.3821707e-01 
1148, 8.4602414e-01, 2.7486406e-01, 5.3543995e-01 
1149, 8.5845056e-02, 7.2116071e-01, 3.3361749e-01 
1150, 8.8267810e-01, 2.3557029e-01, 4.3281455e-01 
1151, 8.3992175e-01, 8.2317553e-01, 1.8075847e-01 
1152, 6.8500485e-01, 6.5944643e-01, 6.2476350e-01 
1153, 1.7320168e-01, 5.2739792e-01, 6.1113227e-01 
1154, 9.5146786e-01, 9.2178037e-01, 4.5857434e-01 
1155, 8.3009607e-01, 3.8516918e-01, 4.7476645e-01 
1156, 3.3170859e-01, 1.0496238e-01, 9.6335679e-01 
1157, 5.8017736e-01, 6.8513792e-01, 6.7799603e-02 
1158, 5.2132065e-01, 4.1438357e-01, 5.3712532e-01 
1159, 8.4245618e-01, 6.5913049e-01, 2.1911288e-01 
1160, 1.8557770e-01, 5.7827854e-01, 2.3215465e-01 
1161, 9.3101749e-01, 6.3488506e-03, 6.0694829e-01 
1162, 7.8385416e-01, 2.5389020e-01, 3.4062523e-01 
1163, 2.5504246e-01, 4.5889340e-01, 8.1301025e-01 
1164, 7.7328310e-01, 6.7776250e-01, 1.5497686e-01 
1165, 6.7451675e-01, 1.9876429e-01, 6.6470168e-01 
1166, 3.2854308e-01, 4.9143893e-02, 2.6775966e-01 
1167, 3.4305022e-01, 8.0700937e-01, 1.2280764e-01 
1168, 1.6946569e-01, 3.7718221e-01, 3.5413128e-01 
1169, 3.4872846e-01, 2.1861596e-01, 4.6818691e-01 
1170, 9.6582424e-01, 6.0189793e-02, 5.7660029e-01 
1171, 9.8554410e-01, 9.8728105e-01, 4.2537841e-01 
1172, 5.8588163e-01, 8.9525412e-01, 4.0349928e-01 
1173, 9.3150314e-03, 4.4668143e-01, 8.1752426e-01 
1174, 2.7689015e-01, 7.7040524e-01, 2.0223807e-01 
1175, 8.7792100e-01, 2.6422234e-01, 5.9043518e-01 
1176, 9.8942103e-01, 4.1926800e-01, 6.0674646e-01 
1177, 4.4045417e-01, 2.2247574e-01, 1.7562074e-01 
1178, 4.1603040e-01, 9.6770351e-01, 6.8024661e-01 
1179, 6.2981187e-01, 8.7760316e-01, 4.0496152e-01 
1180, 8.1929017e-01, 8.6238012e-01, 8.4943829e-01 
1181, 7.7422025e-01, 9.1378026e-01, 6.8965355e-01 
1182, 5.4137619e-01, 7.1569952e-01, 1.9742457e-01 
1183, 9.8328180e-01, 1.4733033e-01, 9.1198132e-01 
1184, 9.4290220e-01, 8.2135880e-01, 9.9824720e-01 
1185, 1.1520109e-01, 5.2120120e-01, 2.9842738e-01 
1186, 3.0581978e-01, 9.8195979e-01, 8.3424727e-01 
1187, 9.8456596e-01, 4.8564732e-01, 6.4470655e-01 
1188, 5.5536642e-01, 3.8986835e-01, 9.4558348e-01 
1189, 9.6780430e-01, 6.3230749e-01, 5.2990779e-01 
1190, 1.3342237e-01, 3.7635750e-01, 8.7212387e-01 
1191, 6.8657567e-01, 7.0543690e-02, 7.1412501e-01 
1192, 8.5850004e-01, 2.1948611e-01, 3.6190452e-01 
1193, 9.1302214e-02, 6.3950132e-01, 6.4720420e-01 
1194, 6.2638886e-01, 6.0382973e-01, 2.4380635e-01 
1195, 5.3999576e-01, 1.7539176e-01, 7.4592592e-01 
1196, 5.0249959e-01, 2.3472518e-02, 5.3175405e-01 
1197, 3.8830650e-01, 3.9045149e-01, 1.1243281e-01 
1198, 4.9934728e-02, 1.0849288e-01, 4.7000896e-01 
1199, 4.8337814e-01, 8.3184684e-01, 6.3694579e-01 
1200, 9.8396357e-01, 5.9812905e-01, 8.8322130e-01 
1201, 3.3638293e-01, 3.0267002e-02, 8.7364440e-03 
1202, 3.6331056e-01, 6.7946793e-01, 4.9520109e-01 
1203, 9.7002259e-01, 1.6494230e-01, 8.4461074e-01 
1204, 1.0086411e-01, 5.0757437e-01, 2.6554098e-01 
1205, 6.2265908e-01, 4.6983258e-01, 8.4786677e-01 
1206, 6.2200584e-01, 5.5877884e-01, 4.9482240e-01 
1207, 4.1139696e-01, 3.7449407e-01, 7.7697595e-01 
1208, 1.2807059e-01, 5.5887789e-01, 3.8773254e-01 
1209, 4.9081386e-01, 8.4733408e-02, 4.1737114e-01 
1210, 1.1545079e-01, 6.4750166e-01, 4.3000339e-01 
1211, 1.7975695e-01, 4.7345189e-01, 5.9232185e-01 
1212, 7.6123077e-02, 6.3481663e-01, 3.6902538e-01 
1213, 4.2849205e-01, 9.0781816e-01, 2.9735581e-01 
1214, 2.0198834e-03, 4.6263512e-01, 7.8302472e-01 
1215, 2.6528230e-01, 4.9490157e-01, 3.5334347e-01 
1216, 8.2777108e-01, 7.2271926e-01, 5.2987955e-02 
1217, 9.0589819e-01, 6.0260721e-01, 1.3895918e-01 
1218, 3.3151890e-01, 8.2416276e-01, 3.3650314e-01 
1219, 4.9668542e-01, 4.0511182e-01, 5.3063939e-02 
1220, 7.2698738e-01, 7.1673915e-01, 1.9212853e-01 
1221, 6.9209992e-01, 2.4590379e-01, 4.6203768e-01 
1222, 7.8086210e-01, 9.6646660e-01, 8.0839406e-01 
1223, 5.4582787e-01, 3.4454762e-01, 7.6259898e-01 
1224, 9.7526297e-01, 7.8455484e-01, 5.1006229e-01 
1225, 4.3641969e-01, 9.2804095e-01, 5.5198694e-02 
1226, 7.1788575e-01, 2.1720943e-01, 8.3657936e-01 
1227, 8.1038349e-01, 3.0174436e-01, 7.3618453e-01 
1228, 5.4906120e-01, 4.4370303e-02, 7.5370548e-01 
1229, 8.3539994e-01, 1.0442976e-01, 3.8239939e-01 
1230, 8.3506562e-01, 8.5826294e-01, 1.1329023e-01 
1231, 6.4437066e-01, 6.3072978e-01, 6.0283762e-01 
1232, 8.9687108e-01, 1.2988484e-01, 7.4403446e-01 
1233, 2.8606879e-01, 4.5524900e-01, 7.2534010e-01 
1234, 5.4007884e-02, 8.6196963e-01, 1.8985754e-02 
1235, 4.7838122e-01, 4.4582966e-01, 2.1612534e-01 
1236, 4.8510375e-01, 7.4758759e-01, 5.0551478e-01 
1237, 2.1002808e-01, 8.2361086e-01, 2.6955308e-01 
1238, 7.9249191e-01, 2.1672616e-01, 2.6326801e-02 
1239, 2.6296436e-01, 4.0642068e-01, 1.1486558e-01 
1240, 2.4343825e-02, 7.2148801e-01, 2.4159523e-01 
1241, 6.5879552e-02, 4.6031918e-01, 7.8038979e-01 
1242, 4.6505989e-01, 9.4299401e-01, 2.0923794e-01 
1243, 7.3112485e-01, 3.4251136e-01, 1.1527772e-01 
1244, 6.3120775e-02, 2.1166655e-01, 4.9118523e-01 
1245, 5.3080923e-01, 3.1851549e-01, 1.5422896e-01 
1246, 2.3213704e-01, 9.7431719e-01, 4.5004112e-01 
1247, 5.4128926e-01, 5.3720373e-01, 3.2678325e-01 
1248, 9.8992817e-01, 1.3606243e-01, 6.6654103e-01 
1249, 4.7806538e-01, 9.0455954e-01, 8.3409649e-02 
1250, 6.9025611e-01, 8.4816775e-01, 7.7866663e-01 
1251, 8.9697713e-01, 4.1262947e-01, 8.9170733e-01 
1252, 3.0930458e-01, 2.5190378e-01, 7.2659144e-01 
1253, 4.1692355e-01, 8.6026822e-01, 2.9871397e-01 
1254, 7.2669777e-01, 2.9835006e-01, 8.5300466e-01 
1255, 5.1840796e-01, 1.7456498e-01, 2.6322031e-01 
1256, 3.1872682e-01, 8.2409913e-01, 1.8992585e-01 
1257, 2.4885643e-01, 3.6767284e-01, 3.1611278e-01 
1258, 9.6228376e-01, 7.6197469e-01, 2.2468942e-02 
1259, 3.9990741e-01, 5.2058291e-01, 4.7410624e-01 
1260, 9.7788740e-01, 5.4303833e-01, 1.8981793e-01 
1261, 8.7042619e-01, 3.7862492e-01, 7.5456838e-01 
1262, 5.2994423e-01, 3.2192600e-01, 4.8863943e-01 
1263, 1.2998277e-01, 8.5892511e-01, 9.8606795e-01 
1264, 5.2261145e-01, 7.5117661e-01, 9.4463582e-01 
1265, 3.7325430e-01, 8.7847955e-01, 4.4117748e-01 
1266, 7.7521219e-02, 3.6401186e-01, 9.8039041e-01 
1267, 8.1678445e-01, 8.0360750e-01, 9.1465612e-01 
1268, 6.6271678e-01, 6.1374839e-02, 6.6120289e-01 
1269, 8.4646430e-01, 5.3503300e-01, 8.7383146e-01 
1270, 2.9632194e-01, 2.1659420e-01, 2.6447359e-01 
1271, 6.3744507e-01, 3.0219888e-01, 6.3682608e-02 
1272, 9.9605659e-01, 7.4395140e-01, 9.6960494e-01 
1273, 4.7166361e-01, 2.2230731e-01, 7.9452314e-01 
1274, 8.8650894e-01, 1.8791426e-01, 8.2282892e-01 
1275, 5.9411578e-01, 1.6094823e-01, 6.3569805e-01 
1276, 5.4714708e-01, 9.4985649e-01, 4.0905313e-01 
1277, 6.8292500e-01, 2.4472113e-01, 9.1323205e-01 
1278, 6.1251932e-02, 3.6703135e-01, 9.0204355e-01 
1279, 4.3123512e-01, 7.0757014e-01, 6.3078505e-01 
1280, 2.5557520e-01, 6.7527820e-01, 9.1716888e-02 
1281, 4.6160428e-01, 6.4180254e-01, 9.0097933e-01 
1282, 4.8982801e-01, 6.5722008e-01, 4.3053291e-01 
1283, 9.2726637e-01, 1.0218905e-01, 6.7641003e-01 
1284, 4.0799519e-02, 6.9496527e-01, 3.0406890e-01 
1285, 6.3242412e-01, 7.1236637e-01, 7.4405428e-01 
1286, 9.2228036e-01, 7.1510500e-01, 6.6135273e-01 
1287, 9.5039157e-01, 7.5221487e-01, 1.2087970e-01 
1288, 7.7919902e-01, 4.8873398e-01, 9.2695107e-01 
1289, 8.1647202e-01, 5.6233107e-01, 2.9243440e-01 
1290, 7.6598742e-01, 3.6833097e-01, 9.0897930e-01 
1291, 7.3694737e-01, 4.9829272e-01, 3.2844244e-02 
1292, 6.7832776e-01, 1.6352365e-01, 2.4554833e-01 
1293, 8.5171397e-02, 1.9424567e-01, 2.1616334e-01 
1294, 3.6598251e-01, 5.3362826e-01, 2.7422997e-01 
1295, 4.1576345e-03, 1.5736820e-01, 1.6732553e-01 
1296, 3.1560568e-01, 4.3489355e-01, 2.4999825e-01 
1297, 5.0303828e-01, 3.6007446e-01, 4.8983294e-01 
1298, 7.2439291e-01, 2.8537619e-01, 4.7384260e-01 
1299, 1.0365969e-01, 6.0326181e-01, 3.4110560e-01 
1300, 3.6857390e-01, 5.2324630e-01, 3.5597435e-01 
1301, 5.7197269e-02, 8.1292179e-02, 6.7987583e-01 
1302, 1.9570534e-01, 8.2279600e-01, 1.7095149e-01 
1303, 6.2895501e-01, 5.9336452e-01, 6.3890735e-01 
1304, 3.6273988e-01, 1.7931971e-01, 7.7487633e-01 
1305, 1.1120154e-01, 1.6773054e-02, 7.2196026e-01 
1306, 1.2328445e-01, 5.7532368e-01, 8.9921910e-01 
1307, 2.0123103e-01, 2.8126314e-01, 7.9460974e-01 
1308, 9.0286553e-01, 8.4750733e-01, 1.3306065e-01 
1309, 1.3853586e-01, 5.8970070e-01, 2.6270004e-01 
1310, 2.0936908e-01, 4.3962540e-01, 6.4461399e-01 
1311, 7.8914930e-01, 1.2967368e-01, 1.6439116e-02 
1312, 8.8978170e-01, 5.3171501e-02, 4.3322884e-02 
1313, 7.2844834e-01, 7.0891925e-01, 6.4665391e-02 
1314, 3.0763753e-01, 8.1038385e-01, 4.3011494e-01 
1315, 8.2902202e-01, 2.5968750e-01, 4.4765510e-01 
1316, 2.8409338e-01, 6.7726011e-01, 4.5294477e-01 
1317, 5.7479920e-01, 1.3817000e-01, 1.6561789e-02 
1318, 2.4560544e-01, 7.4129608e-01, 7.2198378e-01 
1319, 6.9325125e-01, 5.6168020e-01, 7.8685630e-01 
1320, 6.1885249e-01, 7.7944526e-01, 2.3344420e-02 
1321, 4.4396325e-01, 5.9473372e-01, 8.3891544e-01 
1322, 4.2376127e-01, 5.6672018e-01, 4.5127616e-02 
1323, 6.3368989e-01, 8.9566379e-02, 9.0543640e-01 
1324, 6.6630746e-01, 2.8605577e-01, 8.5424831e-01 
1325, 5.3554454e-01, 5.7773902e-01, 3.2874520e-01 
1326, 7.1446711e-01, 1.9900402e-01, 4.3682332e-01 
1327, 1.0139187e-01, 1.2922244e-02, 9.1750874e-01 
1328, 8.6163596e-01, 3.7098983e-01, 4.1990462e-01 
1329, 4.0909968e-01, 2.8780512e-02, 5.6827087e-01 
1330, 9.5195454e-01, 6.4400601e-01, 9.7886691e-01 
1331, 9.2732007e-01, 5.4831497e-01, 4.5917405e-01 
1332, 4.1269029e-01, 5.2498778e-01, 4.2287738e-01 
1333, 8.6664635e-01, 5.0697159e-01, 7.3482968e-02 
1334, 9.6849859e-01, 5.4217670e-01, 4.8225998e-01 
1335, 8.7233289e-01, 1.7632915e-01, 1.1112669e-01 
1336, 3.5960011e-01, 9.9674281e-01, 3.6284703e-01 
1337, 5.4928415e-01, 2.8410921e-01, 4.0145815e-02 
1338, 6.4022585e-01, 9.7083114e-03, 9.4098414e-01 
1339, 8.3300788e-01, 6.5061715e-01, 5.2621931e-01 
1340, 8.6124185e-02, 9.6368493e-01, 7.4962166e-01 
1341, 2.4415742e-01, 8.5976284e-01, 5.4732885e-01 
1342, 7.9313537e-01, 2.0123527e-01, 7.7251349e-01 
1343, 4.3675890e-01, 7.2052224e-01, 4.6863308e-01 
1344, 4.5347517e-01, 4.9065655e-01, 7.6433741e-01 
1345, 1.4092269e-01, 2.6370542e-01, 6.3419707e-01 
1346, 6.7758306e-02, 1.7523859e-01, 7.4098440e-01 
1347, 1.1974564e-01, 2.4371996e-01, 4.1643459e-02 
1348, 2.1377495e-01, 4.4655094e-01, 3.7164002e-01 
1349, 3.5811938e-01, 8.9932169e-01, 8.9354549e-01 
1350, 1.5731880e-01, 7.7589614e-01, 9.2798820e-02 
1351, 5.4678483e-01, 6.0072070e-01, 7.4722959e-01 
1352, 1.6871781e-01, 6.8435760e-01, 6.4313220e-01 
1353, 1.1626013e-01, 7.1214418e-02, 4.0124138e-01 
1354, 2.0924104e-01, 5.7474516e-01, 4.3005091e-01 
1355, 2.5525099e-01, 3.0623918e-01, 5.6106848e-01 
1356, 6.7868145e-01, 1.6100013e-01, 3.4306483e-01 
1357, 3.0703402e-02, 5.3355231e-01, 8.9802941e-01 
1358, 7.6304978e-01, 1.8609840e-01, 6.9112409e-01 
1359, 2.1075676e-01, 2.4168200e-01, 2.1191215e-01 
1360, 6.1173932e-01, 1.2763126e-01, 2.1332532e-01 
1361, 6.1954718e-01, 5.7754014e-01, 2.9098397e-01 
1362, 8.4949323e-01, 2.8302283e-01, 6.8140910e-01 
1363, 9.3264825e-01, 9.1915682e-01, 8.2930094e-02 
1364, 2.3450303e-01, 2.6635869e-01, 3.1983776e-01 
1365, 5.1013796e-01, 9.4467452e-01, 9.1542029e-01 
1366, 1.1211251e-02, 3.5786968e-01, 9.3098368e-01 
1367, 1.7146922e-01, 3.9059204e-01, 4.5014633e-01 
1368, 7.6580097e-01, 4.8212825e-01, 6.4586582e-01 
1369, 7.5684738e-01, 9.1532239e-01, 1.6929462e-01 
1370, 7.1733428e-01, 4.7948740e-01, 5.7055282e-03 
1371, 9.6869197e-01, 4.1398046e-01, 7.0930278e-01 
1372, 9.6895413e-01, 1.1802733e-02, 7.4841397e-01 
1373, 4.6709219e-01, 1.8249276e-01, 9.9802339e-01 
1374, 2.6581290e-01, 2.7211906e-01, 6.2267357e-01 
1375, 5.1558032e-01, 3.4271562e-01, 5.5239137e-01 
1376, 3.9868181e-01, 8.8749208e-01, 2.6215081e-01 
1377, 6.8409720e-01, 7.2872196e-01, 8.7304472e-01 
1378, 3.0697429e-01, 7.7702462e-01, 5.5089549e-01 
1379, 3.4002313e-01, 8.1010697e-01, 6.9406032e-01 
1380, 5.3758114e-01, 7.1653185e-01, 9.0119072e-01 
1381, 8.1093250e-01, 3.6037941e-01, 3.9586808e-01 
1382, 5.3881870e-01, 9.3146669e-01, 2.5000740e-01 
1383, 5.8314968e-01, 3.5984944e-01, 2.2020314e-01 
1384, 3.8326376e-01, 9.9539273e-01, 4.2470871e-01 
1385, 3.9175812e-01, 5.8764122e-01, 5.6145108e-01 
1386, 4.4937942e-01, 1.8265932e-01, 1.8307985e-01 
1387, 7.0917088e-01, 9.2245289e-01, 7.5223642e-01 
1388, 5.4816626e-01, 7.5467033e-01, 4.0669380e-01 
1389, 5.1707350e-01, 5.1741244e-01, 3.8085583e-01 
1390, 5.5086866e-01, 1.7764438e-01, 4.0762048e-01 
1391, 6.4639596e-01, 3.7117228e-01, 6.4505377e-01 
1392, 2.2112299e-01, 8.1931521e-02, 7.8050574e-01 
1393, 2.3099173e-01, 1.1605703e-01, 6.3203881e-02 
1394, 9.5001283e-01, 8.5010389e-01, 1.1475844e-01 
1395, 6.0422117e-01, 5.7812840e-01, 7.2029546e-01 
1396, 6.2830624e-02, 7.3410944e-01, 2.0924422e-01 
1397, 9.2888668e-01, 5.0357091e-01, 9.6275505e-01 
1398, 8.3618523e-01, 7.9397977e-02, 4.8664100e-01 
1399, 2.6261526e-01, 9.0167279e-01, 3.9745953e-01 
1400, 9.2088645e-02, 3.3986041e-01, 5.4795000e-01 
1401, 2.6820131e-01, 8.0548205e-01, 3.9116566e-01 
1402, 5.8083884e-02, 9.3920140e-01, 9.5901326e-01 
1403, 6.7614358e-01, 1.4426908e-01, 7.0634245e-01 
1404, 7.4817804e-01, 4.7305280e-02, 5.8261738e-02 
1405, 2.0378569e-02, 9.0717086e-01, 5.3352821e-01 
1406, 2.7218979e-01, 9.3242042e-01, 1.1272486e-01 
1407, 6.3097151e-01, 5.4481561e-01, 4.3867600e-01 
1408, 1.7706109e-01, 4.6795208e-01, 3.6652231e-01 
1409, 6.7887589e-01, 4.6021999e-02, 4.1294869e-01 
1410, 6.2062761e-01, 8.0404157e-01, 9.6015381e-01 
1411, 2.0866359e-01, 7.2028917e-01, 7.8203751e-01 
1412, 6.7915025e-01, 9.1787938e-01, 2.3498883e-01 
1413, 5.1704809e-01, 5.9503494e-01, 4.5532415e-02 
1414, 8.3838249e-01, 3.9342483e-01, 3.5192372e-01 
1415, 4.5800956e-01, 5.1424646e-01, 8.1174047e-01 
1416, 2.4967872e-01, 9.6337056e-01, 3.5641615e-01 
1417, 4.3760771e-01, 8.4964325e-01, 8.2501980e-01 
1418, 8.1957668e-01, 5.7827091e-01, 1.6675998e-01 
1419, 6.3805769e-01, 4.6564690e-01, 2.3857514e-02 
1420, 3.8412840e-01, 3.7539914e-01, 9.3468175e-01 
1421, 9.4710459e-01, 4.1266565e-01, 3.0592178e-01 
1422, 5.5523846e-01, 1.7729778e-02, 6.2064473e-01 
1423, 3.0649221e-01, 5.6236788e-01, 7.9674980e-01 
1424, 9.7618613e-01, 8.0382563e-01, 5.5340043e-01 
1425, 8.8558198e-01, 4.1956391e-01, 5.7217524e-01 
1426, 6.0656388e-01, 3.5057280e-01, 6.6179835e-01 
1427, 7.7152807e-01, 1.6356692e-01, 8.0764401e-01 
1428, 3.0465276e-01, 7.6922917e-01, 8.0658072e-01 
1429, 8.3228376e-01, 7.8846855e-01, 6.2263062e-01 
1430, 5.3644818e-01, 7.9704493e-01, 2.7220315e-01 
1431, 2.2240842e-01, 9.6326267e-01, 8.2613529e-01 
1432, 7.2785443e-01, 4.1644757e-01, 5.1981309e-01 
1433, 9.8495148e-01, 3.7105638e-02, 9.3324133e-01 
1434, 5.4023566e-03, 1.7020808e-01, 9.4515331e-01 
1435, 5.7627220e-01, 7.2983901e-01, 5.0408549e-01 
1436, 3.1632756e-01, 8.5773042e-01, 7.4920423e-01 
1437, 1.1778882e-01, 8.4718974e-01, 4.1230401e-01 
1438, 2.5529851e-01, 3.3789484e-01, 1.0729096e-01 
1439, 4.8173131e-02, 5.3372875e-01, 1.3673809e-01 
1440, 9.4251401e-01, 4.7535021e-01, 6.2406321e-01 
1441, 2.6173630e-01, 7.6336955e-01, 2.6211762e-01 
1442, 4.4854348e-02, 4.3060365e-01, 4.1512655e-02 
1443, 5.2357425e-01, 5.2899525e-01, 1.7269650e-01 
1444, 2.8734084e-02, 9.3401887e-01, 7.4547478e-01 
1445, 3.0183929e-01, 7.5766089e-02, 3.0674691e-01 
1446, 2.9241181e-01, 8.4630420e-01, 1.7221551e-01 
1447, 1.1765792e-01, 8.0241765e-01, 5.2878817e-01 
1448, 7.7638458e-01, 9.3406012e-01, 1.0418313e-01 
1449, 7.1729685e-01, 6.4783133e-01, 5.5528720e-01 
1450, 8.0452689e-01, 9.8654489e-01, 2.9824971e-01 
1451, 8.3951292e-01, 2.8347713e-01, 7.9241737e-01 
1452, 2.6933830e-01, 9.9483109e-01, 9.6029901e-01 
1453, 2.9059284e-01, 8.3023827e-01, 9.1803321e-02 
1454, 2.3635774e-02, 7.8570384e-01, 7.3463308e-01 
1455, 5.1539575e-01, 8.8570704e-01, 8.9070712e-01 
1456, 5.3959249e-01, 6.7416673e-01, 9.1893277e-01 
1457, 3.0471645e-01, 5.0871061e-01, 2.7000883e-01 
1458, 3.1971534e-01, 9.5563888e-01, 4.2544122e-01 
1459, 9.9855826e-01, 2.5135705e-01, 6.2941970e-01 
1460, 4.9041306e-01, 7.3286646e-01, 6.3315274e-01 
1461, 5.7852535e-02, 3.6708634e-01, 7.4555892e-01 
1462, 5.9298524e-01, 7.3237763e-01, 5.9348327e-01 
1463, 2.0367756e-02, 4.2822730e-01, 6.9926845e-01 
1464, 5.3252170e-01, 1.5881977e-02, 9.3109994e-01 
1465, 8.2939599e-01, 2.5858533e-01, 6.4588815e-03 
1466, 6.5248146e-02, 7.9846745e-01, 5.5312665e-02 
1467, 4.0160675e-01, 5.7936903e-01, 6.2438128e-01 
1468, 5.3881402e-01, 8.6317246e-01, 3.8578297e-01 
1469, 4.6094477e-01, 9.1309213e-01, 6.2808415e-01 
1470, 6.6083649e-03, 7.3876544e-01, 9.9267303e-01 
1471, 2.6375058e-01, 3.8363879e-01, 5.2691840e-01 
1472, 9.4529869e-02, 8.5323767e-01, 8.9164355e-01 
1473, 4.4763753e-01, 9.4548058e-01, 1.0243299e-01 
1474, 8.1241408e-01, 7.2364901e-01, 5.7912067e-01 
1475, 5.2390930e-01, 9.1113246e-01, 2.9498278e-01 
1476, 3.8012484e-01, 8.1850138e-01, 4.1802422e-02 
1477, 5.0542887e-01, 6.8830596e-01, 2.5622864e-01 
1478, 3.7784053e-01, 8.1749599e-01, 1.4127930e-01 
1479, 9.7797906e-01, 8.4930315e-01, 7.1227329e-01 
1480, 3.4573401e-02, 6.5962822e-01, 4.3928392e-01 
1481, 9.2572693e-01, 5.7459464e-01, 8.5756581e-01 
1482, 3.6559996e-01, 5.2963210e-01, 4.9931545e-01 
1483, 1.6144840e-01, 4.0930408e-01, 7.5479012e-01 
1484, 3.7618657e-01, 4.2799462e-01, 3.6637422e-01 
1485, 9.0062588e-01, 8.4934691e-01, 8.7122366e-01 
1486, 4.3715611e-01, 2.3992295e-01, 7.7730113e-01 
1487, 6.9651354e-01, 4.4750722e-01, 6.9541258e-01 
1488, 9.3603981e-01, 2.0909870e-01, 8.9316967e-01 
1489, 7.1124617e-01, 3.7590599e-01, 7.6005986e-01 
1490, 5.5783088e-01, 7.9911676e-01, 1.1447528e-01 
1491, 2.5550324e-02, 7.8800180e-01, 3.9507439e-02 
1492, 3.7665312e-01, 3.0315076e-01, 7.7110437e-01 
1493, 3.1378878e-01, 9.0693875e-01, 7.9126702e-01 
1494, 7.6690247e-01, 8.5390044e-01, 1.2102532e-01 
1495, 5.7561009e-01, 8.3892133e-01, 2.9719942e-01 
1496, 7.0967481e-01, 4.5729813e-01, 4.9474638e-01 
1497, 7.3661952e-01, 6.4214621e-01, 9.1577987e-01 
1498, 2.3355651e-01, 1.4517032e-01, 1.0564755e-01 
1499, 2.0595304e-01, 9.5074015e-01, 9.9872615e-02 
1500, 5.6560936e-01, 4.3473060e-01, 5.4507421e-02 
1501, 7.8680733e-01, 6.0581634e-01, 8.4942832e-01 
1502, 2.9927351e-01, 8.9596370e-01, 9.2418305e-01 
1503, 7.7260965e-01, 9.9762740e-01, 1.7425242e-01 
1504, 8.4599912e-01, 4.3671046e-01, 8.5347381e-01 
1505, 5.9572105e-01, 2.1009352e-01, 9.2343284e-01 
1506, 1.1899789e-01, 8.9491699e-01, 1.8787947e-01 
1507, 7.4373707e-01, 8.3610974e-02, 7.3181771e-01 
1508, 5.1291175e-01, 2.3118085e-01, 6.3804423e-01 
1509, 2.2842475e-01, 2.3651360e-01, 6.5536978e-01 
1510, 7.7955331e-01, 7.7991694e-01, 7.1910004e-01 
1511, 3.5615801e-01, 7.8215265e-01, 5.2501123e-01 
1512, 8.4205827e-01, 1.1420422e-01, 9.9928497e-01 
1513, 3.1394311e-01, 4.5242367e-01, 8.1349994e-02 
1514, 2.1336085e-01, 3.5671825e-01, 1.1243919e-01 
1515, 9.4659753e-01, 7.5752905e-01, 6.7141033e-01 
1516, 6.5859166e-01, 9.8857588e-01, 7.5452370e-01 
1517, 5.8023791e-02, 1.7447188e-01, 6.3068067e-01 
1518, 2.4706510e-01, 1.6118473e-01, 6.8222172e-01 
1519, 1.5017763e-01, 8.7581456e-01, 1.0700977e-01 
1520, 2.4993050e-01, 1.8471492e-01, 7.3634325e-01 
1521, 6.8959517e-01, 1.3194007e-01, 1.5672988e-01 
1522, 4.4552907e-02, 2.7972770e-01, 9.2509505e-01 
1523, 3.7286081e-02, 6.5029683e-01, 2.4245965e-01 
1524, 2.6457011e-02, 3.2530849e-02, 8.9185615e-01 
1525, 8.3693321e-01, 5.6450809e-01, 5.0351299e-01 
1526, 4.6395098e-01, 3.2392597e-02, 8.0067797e-01 
1527, 7.1184316e-01, 8.7362324e-01, 5.8736351e-01 
1528, 9.3171918e-01, 5.2649152e-01, 8.0790134e-01 
1529, 2.7301056e-01, 5.9053860e-01, 4.1169022e-01 
1530, 2.5384215e-01, 1.0774146e-01, 5.1308795e-01 
1531, 9.6061431e-01, 9.7653900e-01, 2.0901065e-01 
1532, 3.1995803e-01, 2.9351624e-01, 1.5621529e-01 
1533, 4.4165518e-02, 8.3248609e-01, 4.4793965e-01 
1534, 6.1922482e-01, 6.6469763e-01, 7.1114655e-01 
1535, 3.9277721e-01, 7.1125878e-01, 3.8151088e-01 
1536, 8.0859160e-01, 5.9881830e-01, 6.5615521e-01 
1537, 1.2711412e-01, 6.3420003e-01, 1.2882334e-01 
1538, 7.6782576e-01, 3.9654365e-01, 8.3816128e-02 
1539, 5.4387869e-01, 1.3705943e-01, 9.6366234e-01 
1540, 8.8478062e-01, 8.8969241e-01, 9.1821246e-01 
1541, 7.1609542e-01, 4.8232432e-01, 9.0231974e-02 
1542, 7.5089723e-02, 3.1842561e-01, 6.1516482e-01 
1543, 9.9596669e-01, 9.9862644e-01, 7.5261755e-01 
1544, 2.2558861e-01, 2.2040446e-01, 7.6688114e-01 
1545, 5.3834282e-01, 6.6618369e-01, 5.2370006e-02 
1546, 5.8430025e-01, 4.7659539e-01, 6.6660504e-01 
1547, 8.0168720e-01, 9.4923549e-01, 6.4194554e-01 
1548, 5.3572758e-01, 6.7864851e-02, 3.2881240e-01 
1549, 1.8888471e-01, 6.3091576e-01, 5.1537127e-01 
1550, 6.8160899e-02, 6.0839308e-01, 8.9881292e-01 
1551, 8.9823675e-01, 8.4458964e-01, 1.7459037e-01 
1552, 6.5563840e-01, 1.0391846e-01, 3.3839956e-01 
1553, 4.3082500e-01, 6.0881521e-01, 8.0252218e-01 
1554, 8.5295060e-01, 1.1264608e-01, 2.6936120e-01 
1555, 3.2102107e-01, 6.9074817e-01, 3.9217209e-01 
1556, 9.5701624e-01, 3.3913877e-01, 4.2618554e-01 
1557, 9.3747539e-01, 4.0311180e-01, 4.6954839e-01 
1558, 9.2436616e-01, 4.6206871e-01, 4.5686638e-01 
1559, 1.9085161e-01, 3.3937254e-01, 5.4497397e-01 
1560, 8.6708875e-01, 5.2893369e-01, 1.9023056e-01 
1561, 9.8334502e-01, 6.1612554e-01, 2.6686775e-01 
1562, 2.0900657e-01, 1.9156177e-01, 6.3878396e-01 
1563, 8.7917410e-01, 8.1555130e-01, 6.6012860e-01 
1564, 1.8437349e-01, 1.1474203e-01, 3.7971553e-02 
1565, 7.6614268e-01, 5.7774313e-01, 6.9659412e-01 
1566, 1.9326945e-01, 2.7414343e-01, 4.7673417e-01 
1567, 6.8162874e-02, 5.7671478e-01, 2.6199313e-01 
1568, 7.2310862e-01, 4.0959973e-01, 6.4396899e-01 
1569, 7.5979829e-01, 8.0091483e-01, 3.5629252e-01 
1570, 8.8330122e-01, 8.2655853e-01, 9.8390890e-01 
1571, 9.5665212e-01, 2.0721237e-01, 1.4267246e-01 
1572, 3.9415954e-01, 1.9660332e-01, 5.1928663e-01 
1573, 9.9752644e-01, 1.6941119e-01, 2.9563601e-01 
1574, 9.9968809e-01, 8.4786003e-01, 8.1506496e-01 
1575, 3.3817238e-01, 3.8532543e-01, 1.3658155e-01 
1576, 7.1086309e-01, 4.0204909e-01, 3.1842222e-01 
1577, 9.1184717e-01, 8.7098619e-01, 2.1782043e-01 
1578, 9.1622510e-01, 9.7267403e-01, 9.5074023e-02 
1579, 2.9332092e-01, 6.7263811e-01, 8.0893093e-01 
1580, 6.8014641e-01, 5.9410178e-02, 8.2065323e-01 
1581, 3.8523914e-01, 2.4226766e-01, 7.3557112e-01 
1582, 1.5035493e-01, 3.2807201e-01, 1.9122816e-01 
1583, 5.0561585e-01, 1.2231018e-01, 9.1230569e-01 
1584, 2.5800667e-01, 1.0818190e-01, 9.1518867e-01 
1585, 6.9247062e-02, 7.0363080e-01, 7.0034985e-01 
1586, 7.6599838e-01, 2.9524843e-01, 7.8598508e-03 
1587, 2.0074395e-01, 7.1351669e-01, 6.3190427e-01 
1588, 5.4565064e-01, 9.5448141e-01, 8.4941438e-01 
1589, 9.9064814e-01, 5.3402625e-01, 6.3470283e-01 
1590, 3.6389627e-01, 7.2887140e-01, 4.2261260e-01 
1591, 7.1291169e-01, 1.2177422e-01, 7.3904212e-01 
1592, 4.7839019e-01, 9.4481728e-01, 8.5051569e-01 
1593, 2.4205450e-01, 2.9721438e-01, 8.5977883e-01 
1594, 2.4467819e-01, 5.4938256e-01, 7.0132339e-01 
1595, 2.4672867e-01, 3.8360070e-01, 3.0752639e-02 
1596, 5.2528427e-01, 6.6183663e-01, 1.3805330e-01 
1597, 4.5391349e-01, 3.7240772e-01, 3.3700247e-01 
1598, 3.2420452e-01, 1.7112248e-02, 8.5607051e-01 
1599, 5.3850409e-01, 9.1648298e-01, 5.3784594e-01 
1600, 8.7904915e-01, 7.1965888e-01, 2.3062396e-01 
1601, 1.7977847e-01, 1.7217915e-01, 6.7397696e-01 
1602, 2.9470648e-01, 1.7663410e-01, 5.1631971e-01 
1603, 3.6948482e-01, 1.8829302e-01, 1.0326988e-02 
1604, 8.3216020e-01, 5.2431247e-01, 1.3564570e-01 
1605, 7.8827736e-01, 9.6591426e-01, 3.6949409e-01 
1606, 5.5059414e-01, 8.8196666e-02, 2.6365185e-01 
1607, 5.8364357e-01, 1.6431194e-01, 9.2486198e-01 
1608, 4.3754961e-01, 3.3256295e-01, 6.7415681e-02 
1609, 2.0089703e-01, 8.7426971e-03, 8.0419467e-01 
1610, 4.3646214e-01, 4.6856793e-01, 2.2062811e-01 
1611, 5.4056483e-01, 5.3117953e-01, 9.4252303e-01 
1612, 9.9030217e-01, 1.4138796e-01, 4.6617272e-01 
1613, 1.4079257e-01, 7.9243715e-01, 7.5786252e-01 
1614, 3.2751438e-01, 7.4680882e-01, 3.0786084e-01 
1615, 9.2113527e-01, 3.4331443e-02, 1.0368674e-01 
1616, 3.5088048e-01, 4.5203380e-01, 6.3168699e-01 
1617, 6.5284400e-01, 9.1169298e-01, 4.6230142e-01 
1618, 5.1885993e-01, 3.2513603e-01, 9.6643891e-01 
1619, 5.1262627e-01, 1.9800899e-01, 5.3163990e-01 
1620, 6.2968292e-01, 1.5428206e-01, 5.5939159e-01 
1621, 5.1507512e-01, 3.0056445e-01, 7.7798401e-01 
1622, 9.7622203e-01, 5.5190084e-02, 3.0500991e-01 
1623, 5.1941592e-01, 9.2507529e-01, 3.4195082e-01 
1624, 4.7763817e-01, 7.8721453e-01, 6.6518939e-02 
1625, 9.3758159e-01, 1.0401430e-01, 7.4600691e-02 
1626, 1.2328965e-01, 2.3234268e-01, 7.9612482e-01 
1627, 9.0351291e-01, 5.2267201e-01, 6.2059418e-01 
1628, 1.3926658e-01, 5.4114758e-01, 4.9247942e-01 
1629, 7.7820186e-01, 9.9284824e-01, 6.7306133e-01 
1630, 9.1342038e-01, 5.9902822e-01, 3.0307230e-01 
1631, 6.1085553e-01, 2.4874813e-01, 4.2238938e-01 
1632, 7.6048637e-01, 4.2763598e-01, 1.8213031e-01 
1633, 5.7071762e-01, 6.9634046e-01, 4.6142250e-01 
1634, 5.1554306e-02, 8.0613550e-01, 3.0292452e-01 
1635, 3.2683834e-01, 8.7543605e-01, 6.1453347e-01 
1636, 7.9238827e-01, 5.1382150e-01, 4.6101677e-01 
1637, 3.8098441e-01, 4.9586329e-01, 6.6532924e-01 
1638, 8.6347836e-01, 4.0967061e-01, 4.6076589e-01 
1639, 6.3925840e-01, 8.7085870e-01, 1.4336673e-01 
1640, 8.5565319e-01, 3.6163333e-01, 5.1573042e-01 
1641, 6.4406722e-01, 3.3747925e-01, 1.8554304e-01 
1642, 5.0687700e-01, 7.0676780e-01, 2.9856354e-01 
1643, 5.5399364e-01, 3.3393735e-01, 1.9730035e-01 
1644, 7.5899972e-01, 1.3400405e-01, 9.0775860e-01 
1645, 8.2087462e-01, 7.0515190e-01, 8.5585224e-01 
1646, 2.6712476e-01, 3.6337201e-01, 2.6964176e-01 
1647, 2.0781615e-01, 2.4912976e-01, 6.2487324e-02 
1648, 3.7842318e-01, 6.0803638e-01, 5.2895268e-01 
1649, 5.6059973e-01, 7.5403582e-01, 9.0928761e-01 
1650, 9.4127899e-01, 5.1378731e-01, 6.2180596e-01 
1651, 7.7095419e-02, 3.9377829e-02, 9.4443095e-01 
1652, 7.0431324e-01, 1.6061184e-01, 4.3865227e-01 
1653, 9.3772292e-01, 7.2047782e-01, 4.2193177e-01 
1654, 1.7680425e-01, 5.9834456e-02, 2.4573958e-02 
1655, 6.4067298e-02, 9.5147938e-01, 5.6484848e-01 
1656, 9.9617223e-01, 6.4670476e-01, 7.5093493e-01 
1657, 1.8066787e-01, 9.7965745e-01, 3.9982527e-01 
1658, 1.4015048e-02, 3.6771187e-01, 5.1491042e-01 
1659, 4.8989464e-01, 8.8287948e-01, 3.5055622e-01 
1660, 3.1526910e-01, 3.9331921e-01, 3.9132920e-01 
1661, 3.0494973e-01, 2.2340673e-01, 1.9220792e-01 
1662, 9.3345726e-01, 3.1479916e-01, 3.5099389e-01 
1663, 5.3360222e-01, 5.2687782e-01, 6.5109077e-01 
1664, 4.1017031e-01, 7.4768063e-02, 9.2405795e-01 
1665, 5.7747987e-01, 8.9692226e-01, 1.9223245e-01 
1666, 9.1181000e-01, 6.6847057e-01, 2.2870709e-01 
1667, 1.3213272e-01, 5.0791479e-01, 9.2409098e-01 
1668, 8.1216763e-01, 2.6763685e-01, 2.7278913e-01 
1669, 7.3516406e-01, 4.4587344e-01, 7.1437653e-01 
1670, 2.0512550e-01, 9.9738230e-01, 9.2459512e-01 
1671, 5.1510741e-01, 5.9799985e-01, 2.5350494e-01 
1672, 5.2867669e-02, 1.5780315e-01, 2.8858518e-01 
1673, 2.6460315e-01, 6.9660202e-01, 6.5066714e-01 
1674, 6.1793240e-03, 3.1104556e-01, 8.6541250e-01 
1675, 6.6541238e-01, 5.2732179e-01, 3.5653993e-01 
1676, 8.4837197e-01, 9.3833668e-01, 4.0987117e-01 
1677, 6.7975678e-01, 5.9556807e-01, 4.4128218e-01 
1678, 6.2586809e-01, 8.1310984e-01, 8.7133246e-01 
1679, 7.7097287e-01, 6.8286025e-02, 3.3084941e-01 
1680, 5.1653059e-01, 4.6902206e-01, 3.3554069e-01 
1681, 1.5165734e-02, 2.5202405e-01, 2.4778233e-01 
1682, 5.7152424e-01, 6.2969207e-01, 1.2445840e-02 
1683, 9.3543697e-01, 5.3982232e-01, 1.5367446e-01 
1684, 4.2757220e-01, 6.3851401e-01, 5.6468826e-01 
1685, 5.1552037e-01, 6.8166764e-01, 8.5257394e-01 
1686, 9.2954664e-01, 6.0350214e-01, 6.0624725e-01 
1687, 9.7087937e-01, 6.6402008e-01, 3.9321956e-02 
1688, 3.0934342e-01, 8.0666605e-01, 9.5010454e-01 
1689, 6.3057234e-01, 5.2547362e-01, 3.7539815e-01 
1690, 4.8396659e-01, 6.9508614e-01, 6.2152080e-01 
1691, 7.6816419e-01, 1.2577595e-01, 1.7910860e-01 
1692, 4.4141605e-01, 8.2492574e-01, 3.4707974e-01 
1693, 5.0119261e-02, 1.4594958e-01, 5.7682306e-01 
1694, 9.0576851e-01, 3.9190801e-01, 7.2848067e-01 
1695, 2.8332870e-02, 9.4730304e-01, 2.4485608e-01 
1696, 4.8607794e-01, 8.5005038e-01, 9.0399229e-01 
1697, 4.5656560e-01, 1.0433875e-01, 6.5228811e-01 
1698, 4.9266183e-01, 7.8367266e-01, 1.8492188e-03 
1699, 5.8110776e-01, 1.2323766e-01, 5.0342199e-01 
1700, 9.2053481e-01, 6.1378422e-01, 7.8895064e-01 
1701, 8.5958779e-01, 7.2113908e-01, 7.8919705e-02 
1702, 5.8738858e-02, 6.3477678e-01, 2.9793269e-01 
1703, 5.6975051e-01, 7.8897929e-01, 9.9450835e-01 
1704, 3.5136991e-01, 5.4016980e-01, 9.1060989e-01 
1705, 8.3627592e-02, 4.2602084e-03, 4.6145348e-01 
1706, 4.3554387e-02, 8.5046976e-01, 6.4130761e-01 
1707, 7.6218159e-01, 8.6382261e-01, 4.6360285e-01 
1708, 5.8034997e-01, 5.6274524e-01, 9.0125562e-01 
1709, 8.6277298e-01, 3.0874578e-01, 6.0929527e-01 
1710, 6.6852787e-01, 1.7318305e-02, 7.5322875e-01 
1711, 4.2655071e-01, 6.5548774e-01, 7.8264569e-02 
1712, 7.7118434e-01, 6.8566782e-01, 7.1684594e-01 
1713, 5.7302094e-01, 5.0992247e-01, 2.8391090e-01 
1714, 9.0972896e-01, 6.9930061e-01, 5.4986144e-01 
1715, 8.8628300e-01, 2.8457485e-01, 9.6374275e-01 
1716, 5.9107050e-01, 4.1684119e-01, 6.1885403e-01 
1717, 8.3324789e-01, 3.9632992e-01, 4.2518439e-01 
1718, 4.2370977e-01, 8.7888770e-01, 3.8971663e-01 
1719, 7.1294878e-01, 4.9014151e-01, 3.4157699e-01 
1720, 7.2106423e-01, 8.7086918e-01, 9.2838523e-01 
1721, 6.2042832e-01, 3.1240206e-03, 3.8291242e-01 
1722, 9.7856605e-01, 7.6862111e-01, 7.3868263e-01 
1723, 3.4778465e-01, 6.6802463e-01, 7.0375136e-01 
1724, 4.9710903e-01, 2.7769335e-01, 3.6238021e-01 
1725, 5.0636756e-01, 1.0028756e-01, 1.4173278e-01 
1726, 2.9773114e-02, 3.1782388e-01, 8.1091946e-01 
1727, 9.9897856e-01, 6.9998185e-01, 9.5062251e-01 
1728, 9.2729547e-01, 9.8658409e-01, 6.6738824e-01 
1729, 4.1777381e-01, 9.4048133e-01, 2.0429196e-02 
1730, 8.9409906e-01, 5.4688736e-02, 9.7821514e-01 
1731, 7.5106693e-01, 7.2517330e-01, 2.9667310e-02 
1732, 3.5526025e-01, 4.9804216e-01, 6.9858390e-01 
1733, 4.0584566e-01, 1.0115497e-01, 8.3556449e-01 
1734, 9.1910477e-02, 1.3134021e-01, 8.8485627e-01 
1735, 8.9053809e-01, 6.7954061e-01, 8.4611622e-01 
1736, 8.8401129e-02, 7.0981041e-01, 6.3764850e-01 
1737, 7.3376164e-01, 1.7171429e-01, 8.2821822e-01 
1738, 5.9737215e-02, 5.7642315e-01, 5.4457812e-01 
1739, 3.4584027e-01, 2.5018558e-01, 1.6959355e-01 
1740, 2.5269039e-01, 7.5708291e-01, 5.5610558e-01 
1741, 7.1812635e-01, 4.6962665e-01, 1.8541520e-01 
1742, 2.1611301e-01, 5.9141355e-01, 2.7761903e-01 
1743, 2.0633047e-01, 7.4079887e-02, 3.2393131e-01 
1744, 2.1955967e-01, 1.0053920e-01, 8.8752604e-01 
1745, 9.6442301e-02, 1.7425593e-01, 5.3528525e-01 
1746, 3.3605021e-01, 8.5940520e-02, 9.2531029e-01 
1747, 5.9815767e-01, 9.9236598e-01, 5.6087782e-01 
1748, 2.9478930e-01, 9.5666720e-01, 9.3211714e-01 
1749, 3.7435559e-01, 1.0697236e-01, 1.4626341e-01 
1750, 1.1800627e-01, 3.4343988e-01, 3.5155683e-01 
1751, 1.1710637e-01, 4.2955293e-01, 1.2156438e-01 
1752, 8.3902028e-01, 8.7887319e-02, 7.6930198e-01 
1753, 8.6879823e-02, 8.3064430e-01, 9.6761877e-01 
1754, 8.1410804e-01, 4.6511232e-01, 7.9012486e-01 
1755, 6.5928541e-01, 3.4209501e-01, 8.7243951e-01 
1756, 9.6321548e-01, 5.4467731e-01, 6.0332406e-01 
1757, 1.5772826e-01, 5.5095062e-01, 1.6925312e-01 
1758, 7.6065551e-01, 9.5392131e-01, 2.1608116e-01 
1759, 6.9758347e-01, 2.5994315e-01, 3.2225417e-01 
1760, 3.7466103e-01, 5.9755630e-01, 6.5437520e-01 
1761, 4.3344532e-01, 9.4461919e-01, 5.0617291e-01 
1762, 7.6760345e-01, 2.1208574e-01, 6.1092319e-01 
1763, 8.3279873e-01, 3.8233437e-01, 1.0991408e-01 
1764, 3.3293934e-01, 8.4940838e-01, 2.6283904e-01 
1765, 5.2460750e-02, 1.9421960e-01, 4.3059110e-02 
1766, 6.0888235e-01, 4.2639074e-01, 4.8228272e-01 
1767, 3.6576803e-01, 1.7469851e-02, 8.5018539e-01 
1768, 4.9194242e-01, 8.2556054e-01, 2.9142313e-01 
1769, 5.3476749e-01, 8.4786232e-01, 7.9535923e-02 
1770, 7.1147532e-01, 2.2327444e-01, 6.1808202e-01 
1771, 9.4791930e-02, 7.8381378e-01, 3.7671149e-02 
1772, 2.7672181e-01, 8.3161885e-01, 8.5930431e-01 
1773, 2.9464156e-01, 1.5857657e-01, 5.4196281e-02 
1774, 3.2140270e-01, 6.5259734e-01, 8.9702252e-01 
1775, 8.6634378e-01, 1.2560157e-01, 4.3924401e-01 
1776, 3.0509772e-01, 9.7907704e-01, 2.4769505e-01 
1777, 9.8300738e-01, 1.1664923e-01, 4.1351563e-01 
1778, 9.1149786e-01, 8.9360521e-01, 6.6514139e-01 
1779, 4.5466346e-01, 3.4845122e-01, 2.2388110e-01 
1780, 5.8283294e-01, 5.2945663e-01, 9.2824430e-01 
1781, 1.4053338e-01, 3.8651508e-01, 2.0148705e-01 
1782, 1.8327745e-01, 9.1107770e-01, 7.7464808e-01 
1783, 6.8931192e-01, 7.9483836e-01, 6.6264137e-01 
1784, 4.1089100e-01, 5.4392784e-02, 7.1902118e-01 
1785, 9.0524968e-01, 5.6721692e-01, 1.8644452e-01 
1786, 4.0946029e-01, 8.1848041e-01, 4.2724932e-01 
1787, 4.8553537e-01, 2.4877611e-02, 4.4138771e-01 
1788, 1.1221759e-01, 5.7868194e-01, 2.2741012e-01 
1789, 9.7481429e-02, 2.3516431e-01, 5.9611235e-01 
1790, 2.8219122e-01, 3.0084456e-01, 2.5566877e-01 
1791, 4.9974551e-01, 1.9363226e-01, 7.4635701e-01 
1792, 9.0866484e-01, 1.9582132e-01, 3.5968734e-01 
1793, 3.3533933e-01, 5.6507109e-01, 7.2595953e-02 
1794, 3.8256716e-02, 9.1729171e-01, 9.0441729e-01 
1795, 8.2110080e-01, 8.7934131e-01, 2.0832721e-01 
1796, 8.9656179e-01, 6.8747987e-01, 7.2154810e-01 
1797, 2.5496152e-01, 6.6971003e-02, 5.2337489e-01 
1798, 4.2366072e-01, 5.9304737e-01, 5.0547346e-01 
1799, 5.5673185e-01, 8.9676991e-01, 5.9466243e-01 
1800, 7.4259892e-01, 5.5522449e-01, 5.9162449e-01 
1801, 4.1301525e-01, 7.4147054e-01, 5.9185549e-01 
1802, 7.4570562e-01, 7.7964458e-01, 1.0025938e-01 
1803, 2.2759248e-01, 8.6637385e-01, 6.1639717e-01 
1804, 7.7921814e-01, 4.3850948e-01, 9.6397105e-01 
1805, 9.7487562e-01, 6.2645231e-01, 9.3664187e-01 
1806, 8.0963589e-01, 8.7361231e-01, 1.5177205e-01 
1807, 8.4994065e-01, 6.0635946e-01, 9.7008284e-01 
1808, 5.4489048e-01, 1.2832897e-01, 5.9272287e-01 
1809, 5.6582274e-01, 3.0216178e-01, 2.8849984e-01 
1810, 9.9548584e-01, 3.5154411e-01, 9.8575993e-01 
1811, 9.6955999e-01, 9.0587864e-01, 5.6564671e-01 
1812, 9.1984792e-01, 2.7798678e-01, 6.6259132e-01 
1813, 4.2008407e-01, 2.4185833e-01, 1.3881008e-01 
1814, 4.7368262e-02, 1.3130468e-02, 7.9260956e-02 
1815, 4.4618569e-01, 2.6966191e-01, 6.6838512e-01 
1816, 3.6045151e-01, 8.4784182e-01, 8.0472962e-03 
1817, 6.0351905e-01, 9.4170034e-01, 1.2859084e-01 
1818, 1.2715906e-01, 8.6853532e-01, 7.7274952e-01 
1819, 7.8624458e-01, 4.1192704e-01, 3.6321332e-01 
1820, 3.7888221e-01, 8.0093803e-01, 6.7576590e-01 
1821, 8.3382095e-01, 7.9636132e-01, 8.4923994e-01 
1822, 7.0602384e-01, 3.7742589e-01, 6.7908673e-01 
1823, 3.8694261e-01, 2.1248380e-01, 7.8910039e-01 
1824, 2.4491594e-01, 4.2326888e-02, 6.0501909e-01 
1825, 5.7088543e-01, 1.2368708e-01, 1.3370509e-01 
1826, 2.3436626e-03, 5.7471936e-01, 3.8106534e-01 
1827, 2.3573989e-01, 1.3722384e-01, 4.4177968e-01 
1828, 7.6875178e-01, 3.5971305e-01, 7.3325431e-01 
1829, 7.4825773e-01, 7.9523618e-01, 4.9230309e-01 
1830, 1.2604789e-01, 2.8270482e-01, 4.8403110e-01 
1831, 9.1231773e-01, 1.6266459e-01, 5.0669039e-01 
1832, 5.0146036e-01, 1.9378558e-01, 4.0927110e-01 
1833, 8.1033684e-01, 4.0079070e-01, 8.7897528e-01 
1834, 1.6624296e-01, 9.7079628e-01, 9.1156617e-01 
1835, 5.0767946e-01, 2.4618390e-01, 5.4531362e-01 
1836, 7.1686101e-01, 7.3561697e-02, 5.8826698e-01 
1837, 3.5187376e-01, 2.9267990e-01, 2.3952157e-01 
1838, 6.0853976e-01, 3.7976689e-01, 1.3069992e-01 
1839, 7.7080695e-01, 2.6787241e-01, 3.9188804e-01 
1840, 1.0649163e-01, 4.9432135e-01, 6.0824863e-01 
1841, 4.8121106e-01, 6.3237639e-01, 5.9486280e-01 
1842, 7.5302998e-01, 2.8347621e-01, 1.1083144e-01 
1843, 3.0538522e-01, 9.7375689e-01, 3.4847527e-01 
1844, 1.0717650e-01, 2.4248045e-01, 5.3122982e-01 
1845, 1.7224986e-01, 8.8600937e-01, 8.6919952e-01 
1846, 9.0701420e-01, 7.9280255e-01, 3.6500063e-01 
1847, 7.6429780e-01, 9.0273667e-01, 1.2811791e-01 
1848, 7.0216776e-02, 4.4589283e-01, 7.0537813e-01 
1849, 2.5962223e-01, 6.2807516e-01, 4.5924661e-01 
1850, 9.4256818e-01, 6.8292267e-01, 5.7537664e-01 
1851, 1.1908903e-01, 9.8200195e-01, 8.6711319e-01 
1852, 1.6493059e-01, 2.9347216e-01, 3.0610089e-01 
1853, 9.8525187e-01, 8.7270516e-01, 3.6367373e-01 
1854, 9.8224068e-01, 4.8586287e-01, 8.7947767e-01 
1855, 5.8685542e-01, 1.7990660e-01, 7.0875452e-01 
1856, 6.4593172e-01, 7.0395957e-02, 8.4292857e-01 
1857, 9.2474209e-03, 2.8361620e-01, 6.9867683e-01 
1858, 9.9682811e-02, 6.1394489e-01, 5.5235303e-01 
1859, 2.8501975e-01, 7.7137975e-01, 6.5133794e-02 
1860, 3.3309444e-01, 4.1196522e-01, 6.9942571e-01 
1861, 3.5123172e-01, 4.2796667e-01, 1.2501744e-01 
1862, 3.6942382e-01, 9.6118836e-02, 6.3539667e-01 
1863, 3.1696795e-02, 6.9915595e-01, 9.8636306e-01 
1864, 1.0583619e-01, 8.7078227e-01, 9.5973491e-01 
1865, 2.0248840e-01, 9.2029480e-02, 9.4784344e-01 
1866, 8.0559565e-01, 7.1695692e-01, 3.1385767e-01 
1867, 3.2558962e-01, 9.9645658e-02, 6.5888135e-01 
1868, 4.6201922e-02, 7.6745701e-01, 6.7423448e-01 
1869, 2.9858796e-01, 4.8085669e-01, 6.3793844e-01 
1870, 6.5700641e-01, 2.6199128e-01, 4.4719170e-01 
1871, 6.5380287e-01, 2.6779483e-01, 6.2354984e-01 
1872, 7.1517409e-01, 5.1206508e-01, 6.6533526e-01 
1873, 6.2400604e-01, 8.2284607e-01, 6.6624562e-01 
1874, 7.3419112e-01, 2.8506901e-01, 2.5655504e-01 
1875, 6.3302678e-01, 8.1182336e-02, 1.3488307e-01 
1876, 1.9113534e-01, 9.1330026e-02, 8.5049263e-01 
1877, 6.4662248e-01, 8.0788537e-01, 6.9456156e-02 
1878, 2.4563245e-01, 5.3304887e-01, 3.1228994e-01 
1879, 7.3307937e-01, 6.1832768e-01, 8.0602012e-01 
1880, 8.8452350e-01, 3.8745812e-01, 3.8461558e-01 
1881, 6.2054779e-01, 1.1299694e-01, 3.6274672e-01 
1882, 7.1800037e-01, 2.1138514e-02, 1.4931018e-01 
1883, 8.9770596e-02, 1.4914777e-01, 9.9757575e-03 
1884, 9.3451940e-01, 9.2330409e-01, 5.8223706e-01 
1885, 6.8727201e-01, 2.8385044e-01, 6.0451384e-01 
1886, 7.6913309e-01, 9.9622104e-01, 5.8639123e-01 
1887, 1.6308259e-01, 9.4672082e-01, 3.7179295e-01 
1888, 6.2116985e-01, 5.8182238e-01, 4.0045764e-01 
1889, 3.7564215e-01, 1.3103569e-01, 4.9162074e-01 
1890, 4.6448296e-01, 3.0181617e-02, 1.2523431e-01 
1891, 5.0569213e-01, 6.7144166e-01, 2.1037886e-01 
1892, 2.9277578e-01, 4.9656704e-01, 9.9661875e-01 
1893, 8.3984797e-01, 2.9420788e-02, 4.1504904e-01 
1894, 4.5819038e-01, 6.9892221e-01, 9.4699136e-01 
1895, 8.8718037e-01, 6.9086399e-01, 3.0169102e-02 
1896, 2.6558172e-01, 7.8429397e-01, 8.2966809e-01 
1897, 2.5636878e-01, 2.4058395e-01, 5.0189613e-01 
1898, 7.1446899e-01, 6.6943947e-01, 9.3353593e-01 
1899, 4.7929702e-01, 6.0276084e-01, 7.3087407e-01 
1900, 5.5822208e-01, 1.0323466e-01, 4.7119472e-02 
1901, 6.0797036e-01, 1.1187240e-01, 6.0511631e-01 
1902, 7.7011864e-01, 6.5699989e-01, 8.3966285e-01 
1903, 4.7630154e-01, 1.7898750e-02, 2.5889087e-01 
1904, 2.3141979e-01, 6.8100493e-01, 3.9489053e-01 
1905, 9.2917787e-01, 6.5884518e-02, 7.4444056e-01 
1906, 6.7180940e-01, 5.6628189e-01, 9.5210285e-03 
1907, 1.1577887e-01, 6.3644147e-01, 7.4847739e-01 
1908, 5.9967195e-01, 1.4629666e-01, 9.2671944e-02 
1909, 5.7334356e-01, 3.3230568e-01, 3.4825672e-02 
1910, 9.6431585e-01, 7.1899063e-01, 3.7734881e-01 
1911, 5.6074403e-01, 5.1963222e-01, 8.7980996e-01 
1912, 8.9415731e-01, 5.8245337e-01, 7.2862009e-01 
1913, 6.7312245e-02, 3.7742645e-01, 5.8820467e-01 
1914, 4.1963647e-01, 8.3749979e-01, 9.5403091e-01 
1915, 7.4500338e-01, 6.9843599e-01, 9.2498544e-01 
1916, 7.9381170e-01, 7.3386353e-01, 3.5346541e-01 
1917, 1.3549005e-01, 2.8519133e-01, 9.0580646e-01 
1918, 4.8098708e-01, 2.3277780e-01, 3.6560333e-01 
1919, 3.4007956e-01, 6.9211470e-01, 6.1656110e-01 
1920, 6.4291639e-01, 2.9192252e-01, 7.8200335e-01 
1921, 2.6465135e-01, 9.8427216e-01, 3.1878106e-01 
1922, 6.2898452e-01, 3.0510535e-01, 4.2888701e-01 
1923, 1.5994301e-01, 8.2212971e-01, 6.9334898e-01 
1924, 8.3713626e-01, 7.2076339e-01, 2.7412603e-01 
1925, 5.9122688e-01, 6.9247737e-01, 7.0960840e-01 
1926, 6.0306580e-02, 5.6563153e-01, 8.5210781e-01 
1927, 5.3689428e-01, 3.4086315e-02, 1.8164054e-01 
1928, 6.3539071e-01, 3.5811177e-01, 4.4579026e-01 
1929, 8.6654343e-01, 6.9287229e-02, 3.2502468e-01 
1930, 3.2852394e-02, 8.8182893e-01, 4.5814437e-01 
1931, 6.5255019e-01, 9.5546062e-01, 2.7026398e-01 
1932, 4.4315451e-01, 7.9880064e-01, 2.5049546e-01 
1933, 1.1404497e-01, 7.3354709e-01, 4.6982903e-02 
1934, 1.1160033e-01, 4.7090047e-01, 5.3297735e-01 
1935, 6.9464977e-01, 2.8671632e-01, 9.1150838e-01 
1936, 6.7470362e-01, 4.7103183e-01, 6.4176963e-01 
1937, 6.7231937e-01, 6.6110054e-01, 3.7001533e-01 
1938, 7.8095286e-01, 8.5739280e-02, 4.2532176e-01 
1939, 8.0256034e-01, 8.0942821e-01, 9.5646358e-01 
1940, 6.6657308e-01, 7.7390255e-01, 7.1459848e-01 
1941, 5.6236909e-01, 4.2793198e-01, 6.8875686e-01 
1942, 9.3186864e-02, 4.9826134e-01, 1.8358841e-01 
1943, 2.6816099e-01, 5.2368665e-01, 1.3493096e-01 
1944, 2.5447959e-01, 8.9653507e-01, 5.3830038e-01 
1945, 4.9454876e-01, 7.2392265e-01, 9.6304541e-01 
1946, 5.8664161e-02, 8.3297715e-02, 8.4776362e-01 
1947, 6.4427630e-01, 1.9879555e-01, 3.0634848e-01 
1948, 9.5959115e-01, 3.7718845e-01, 4.3704690e-01 
1949, 4.5800957e-01, 3.0941993e-02, 4.8281580e-01 
1950, 6.9346426e-01, 8.2397686e-02, 4.1297760e-01 
1951, 8.0313430e-01, 3.8151286e-01, 7.3289057e-01 
1952, 9.8683811e-01, 2.7448238e-01, 4.8503979e-01 
1953, 4.1218614e-01, 6.2514950e-01, 8.7039278e-01 
1954, 6.4583453e-01, 6.2130967e-01, 3.8106971e-01 
1955, 2.1323937e-01, 5.5307430e-01, 7.3515356e-01 
1956, 1.5796130e-02, 5.4567471e-01, 3.2864888e-01 
1957, 9.3389719e-02, 6.5685840e-02, 8.2630621e-01 
1958, 4.0189801e-01, 6.9863913e-01, 2.3225377e-01 
1959, 6.9092371e-01, 1.4566745e-01, 7.4085130e-02 
1960, 7.7720694e-02, 9.5812561e-01, 2.6866794e-01 
1961, 8.7180559e-01, 7.7812193e-01, 5.4828532e-01 
1962, 1.0129431e-01, 5.7096631e-01, 4.4063960e-01 
1963, 1.7001908e-01, 7.8411909e-01, 8.3841760e-01 
1964, 7.2283746e-01, 6.9644559e-01, 2.3627611e-01 
1965, 5.3170510e-01, 1.8912028e-01, 8.8371600e-01 
1966, 1.5720872e-01, 9.8042748e-01, 8.3265064e-01 
1967, 4.8319234e-01, 4.8971760e-01, 5.4631948e-01 
1968, 9.7242581e-01, 9.1808112e-01, 3.6891843e-01 
1969, 3.1856839e-01, 9.5563584e-01, 9.7518840e-01 
1970, 5.1745489e-02, 6.5558843e-01, 7.6257331e-01 
1971, 2.8661687e-01, 3.3282756e-01, 9.8365733e-01 
1972, 9.9616662e-01, 3.1833838e-01, 4.1330780e-01 
1973, 6.2777597e-01, 3.6589156e-01, 6.2672880e-02 
1974, 5.7305054e-01, 9.7903929e-01, 9.3531975e-01 
1975, 1.2331815e-02, 1.6643484e-02, 5.2226523e-01 
1976, 6.4296948e-02, 3.9874042e-01, 8.2590946e-01 
1977, 8.5290063e-01, 4.8388433e-01, 5.2863241e-01 
1978, 8.5299064e-01, 3.7872030e-01, 7.0940702e-01 
1979, 4.3338187e-01, 1.7890778e-01, 5.0489798e-01 
1980, 2.6326260e-01, 8.8567246e-01, 9.2298576e-01 
1981, 4.5306041e-01, 4.3337922e-01, 1.5439653e-01 
1982, 5.9468350e-01, 5.8902495e-01, 3.5066896e-01 
1983, 5.4219389e-01, 2.9134468e-01, 5.8197877e-01 
1984, 6.3618016e-01, 2.9127051e-01, 1.0533675e-01 
1985, 9.3338416e-02, 3.9452425e-01, 2.4093562e-03 
1986, 8.4247476e-01, 1.2871831e-01, 6.2562261e-01 
1987, 6.4401006e-01, 1.7822346e-01, 5.0797487e-01 
1988, 4.2006865e-01, 2.6954615e-01, 4.4578997e-02 
1989, 5.4048410e-01, 7.2959168e-01, 2.9353737e-01 
1990, 8.6987497e-01, 4.2183805e-01, 3.7113784e-01 
1991, 2.0888627e-01, 8.2451811e-01, 3.3478792e-01 
1992, 5.9383875e-01, 3.1343517e-01, 3.2131048e-01 
1993, 9.3752959e-01, 2.1083431e-02, 8.6960104e-01 
1994, 4.3454944e-01, 9.3526011e-01, 8.6966525e-01 
1995, 6.8177325e-01, 3.1935805e-01, 8.9400843e-01 
1996, 1.7357761e-01, 6.4125355e-01, 2.8525254e-01 
1997, 1.8962383e-01, 8.2533675e-01, 9.0479464e-02 
1998, 8.9166866e-01, 3.6799330e-02, 8.5831430e-01 
1999, 4.1940322e-01, 2.0847710e-01, 5.5555981e-01 
2000, 4.1777512e-01, 4.7451020e-01, 6.1816275e-01 
2001, 3.7872809e-02, 6.2149472e-01, 5.4857902e-01 
2002, 3.8388081e-01, 9.7978958e-01, 2.2107020e-01 
2003, 3.0003742e-01, 2.9276639e-02, 6.8077518e-01 
2004, 5.4243848e-01, 5.9155925e-01, 5.3287319e-01 
2005, 9.2072182e-01, 1.4938380e-01, 2.5501881e-01 
2006, 2.0128886e-02, 8.0693894e-01, 6.7156307e-01 
2007, 3.6333186e-01, 2.9502063e-02, 2.3904401e-01 
2008, 9.6944641e-01, 4.5278439e-01, 2.3726708e-01 
2009, 5.1477896e-01, 7.9061022e-01, 8.8438177e-01 
2010, 5.6024653e-01, 3.8754607e-01, 2.4422376e-01 
2011, 6.0073294e-02, 6.6581171e-02, 3.8330608e-02 
2012, 7.9725260e-01, 9.7387260e-01, 2.5734623e-01 
2013, 6.3517372e-01, 1.8432312e-01, 2.5063103e-01 
2014, 2.8636357e-01, 4.4244812e-01, 4.8885829e-01 
2015, 8.8689715e-01, 6.5480680e-01, 6.5463141e-01 
2016, 5.4947321e-01, 2.5134494e-01, 1.9211324e-01 
2017, 9.8708438e-01, 8.0435907e-01, 3.0849083e-02 
2018, 1.5553306e-01, 2.6032414e-01, 1.3765280e-01 
2019, 2.9663200e-01, 7.2238195e-01, 5.4681281e-01 
2020, 3.7796191e-01, 5.1562516e-01, 7.6004354e-02 
2021, 9.1478343e-01, 1.2450062e-01, 3.2230163e-01 
2022, 7.8509271e-01, 1.5192769e-01, 5.1120745e-01 
2023, 1.6369476e-02, 6.7927624e-01, 1.7984270e-01 
2024, 9.9597258e-01, 7.3607382e-01, 5.3422038e-02 
2025, 6.7546071e-01, 4.4655505e-01, 4.8134771e-01 
2026, 5.5071979e-01, 8.7473126e-01, 8.0298449e-01 
2027, 6.0110641e-01, 6.9480282e-01, 8.0851141e-01 
2028, 5.9141520e-01, 1.6510625e-01, 1.3935514e-01 
2029, 4.4227588e-01, 1.9779665e-01, 7.3425206e-02 
2030, 6.2791524e-02, 6.2453245e-01, 7.1141275e-01 
2031, 5.5646503e-01, 6.6787358e-01, 5.9492971e-01 
2032, 6.2958241e-02, 9.2088633e-01, 2.1111091e-01 
2033, 2.0208161e-01, 5.1724640e-01, 5.1116381e-01 
2034, 5.4501831e-01, 8.1665545e-01, 4.7827681e-02 
2035, 7.6792096e-02, 7.9320343e-01, 3.9792154e-01 
2036, 4.9254930e-01, 3.1947231e-01, 8.4045013e-01 
2037, 1.0300567e-01, 2.9468522e-02, 7.9055146e-01 
2038, 8.2228157e-01, 9.2379428e-01, 8.4344543e-02 
2039, 9.8895075e-01, 4.7984455e-01, 9.2947494e-01 
2040, 6.5855108e-02, 5.0823340e-01, 5.2604704e-01 
2041, 9.8560122e-01, 7.3193627e-01, 5.3064095e-01 
2042, 3.0524731e-01, 6.5220027e-02, 4.8214890e-01 
2043, 7.2991793e-01, 6.1830583e-01, 9.5030807e-01 
2044, 6.9551503e-01, 9.4408287e-01, 5.3122081e-01 
2045, 2.8736854e-01, 2.4120274e-01, 7.7151520e-01 
2046, 4.1921054e-01, 4.4517536e-01, 3.8901090e-01 
2047, 9.8270758e-01, 7.7061962e-01, 7.0147719e-02 
2048, 2.0725535e-01, 8.6977159e-02, 3.8436219e-01 
2049, 9.7926220e-01, 5.5357604e-01, 7.3373743e-01 
2050, 3.0888531e-01, 2.3313211e-02, 7.4149504e-01 
2051, 9.6301706e-01, 3.6778108e-01, 5.2095168e-01 
2052, 3.2362951e-01, 5.7967405e-01, 5.6858864e-01 
2053, 2.3513865e-01, 4.8502752e-01, 1.0076269e-02 
2054, 7.8796637e-01, 7.9152237e-01, 1.0492696e-01 
2055, 8.6637809e-01, 9.6854971e-01, 7.2334175e-01 
2056, 6.0491956e-03, 3.2922385e-01, 5.2124834e-01 
2057, 4.0046515e-01, 9.4399328e-01, 6.4778905e-01 
2058, 5.5339426e-01, 2.5396837e-01, 2.6768938e-01 
2059, 8.8158507e-01, 4.2022268e-01, 6.2935722e-01 
2060, 6.4540949e-01, 7.0483710e-01, 5.1009335e-01 
2061, 8.3710363e-01, 4.8612606e-01, 6.6907494e-01 
2062, 6.9124832e-01, 5.1878526e-01, 5.3412111e-01 
2063, 9.4352641e-01, 4.1163987e-02, 2.4471216e-01 
2064, 9.9684219e-01, 4.3770315e-02, 9.8313117e-02 
2065, 4.2148859e-01, 4.5357929e-01, 8.8086650e-01 
2066, 4.4921180e-01, 3.2131863e-01, 1.0743318e-01 
2067, 8.3141768e-01, 9.3230346e-01, 4.6360900e-01 
2068, 4.0023012e-01, 5.5083792e-01, 7.5770361e-01 
2069, 9.5507503e-01, 5.8872894e-01, 6.9372463e-01 
2070, 8.1747948e-01, 1.3844671e-01, 9.4780127e-01 
2071, 5.5188202e-01, 8.6956109e-01, 5.5141423e-01 
2072, 9.5518987e-01, 5.9968271e-01, 3.3758623e-01 
2073, 1.5486320e-01, 6.2384634e-01, 4.9962017e-01 
2074, 2.9611779e-01, 8.7040714e-01, 3.4444432e-01 
2075, 4.7875677e-01, 1.6291117e-01, 2.2528796e-01 
2076, 6.5554794e-01, 2.6789943e-01, 5.6477862e-01 
2077, 3.2578848e-01, 6.4178401e-01, 2.6531343e-01 
2078, 4.4077403e-01, 7.1518101e-01, 4.1540583e-01 
2079, 4.4199073e-01, 4.0307395e-01, 2.5020267e-01 
2080, 9.2417250e-01, 7.6369705e-01, 2.4307061e-01 
2081, 7.6041356e-02, 8.0464003e-01, 8.7382260e-01 
2082, 2.7491329e-01, 3.6158858e-01, 8.8276330e-01 
2083, 7.9854313e-01, 2.5113442e-03, 3.3089092e-01 
2084, 8.4754907e-01, 5.5667483e-01, 3.8456060e-01 
2085, 3.1433361e-01, 2.5210506e-01, 6.5034305e-01 
2086, 1.5635775e-01, 4.3633965e-01, 8.1702813e-01 
2087, 8.5656276e-01, 4.6347090e-01, 1.6918482e-01 
2088, 8.8672040e-01, 9.5401042e-01, 2.8024267e-03 
2089, 5.7986613e-01, 2.2082992e-01, 6.7066390e-01 
2090, 7.0977027e-01, 7.7118253e-01, 7.9750327e-02 
2091, 6.3506989e-01, 1.4354961e-01, 7.1035806e-02 
2092, 8.2632454e-01, 4.0434175e-01, 1.7942180e-01 
2093, 9.0118073e-01, 2.4997412e-01, 4.8447250e-01 
2094, 7.2429858e-01, 6.0128363e-01, 4.1964596e-01 
2095, 9.7558900e-01, 8.0521313e-01, 5.9546059e-01 
2096, 9.8903537e-01, 7.0975688e-01, 1.2767248e-02 
2097, 3.6645676e-01, 4.1750355e-01, 4.0790980e-01 
2098, 3.7650810e-01, 5.0357120e-01, 7.9074157e-01 
2099, 9.2260582e-01, 7.3205616e-01, 2.2058460e-01 
2100, 4.0303351e-01, 2.3184411e-01, 8.4623046e-01 
2101, 7.7870148e-01, 6.8687138e-01, 1.0772909e-01 
2102, 6.9885995e-01, 7.2476403e-01, 4.4231066e-01 
2103, 8.1738994e-01, 3.6495954e-01, 9.4948539e-01 
2104, 9.5233099e-01, 2.5843299e-01, 1.8905642e-01 
2105, 3.1141578e-01, 3.6627484e-01, 2.3527548e-01 
2106, 4.3447447e-01, 8.7853720e-02, 7.5279322e-01 
2107, 9.4357515e-01, 1.8701028e-01, 9.2713393e-02 
2108, 3.3168565e-01, 8.9305291e-01, 5.2756016e-01 
2109, 5.9445487e-02, 9.8876252e-01, 8.6979784e-01 
2110, 1.6582140e-03, 6.4233606e-01, 6.9583771e-01 
2111, 1.6343867e-02, 1.8374082e-02, 3.0131648e-01 
2112, 7.4628879e-01, 2.7346956e-01, 5.3926020e-02 
2113, 8.6770430e-01, 9.5319056e-01, 7.6341058e-01 
2114, 7.7682980e-01, 5.0241052e-01, 3.3885863e-01 
2115, 9.3472979e-01, 3.5782427e-01, 7.9466108e-02 
2116, 9.3205216e-01, 4.1441900e-01, 3.5988139e-01 
2117, 3.0346007e-01, 9.8623044e-01, 6.7377033e-01 
2118, 1.0450444e-02, 9.9712749e-01, 9.3383847e-02 
2119, 2.3490031e-01, 4.8760901e-01, 5.3713895e-01 
2120, 2.2742438e-01, 9.2475590e-01, 1.6058825e-02 
2121, 7.7264806e-01, 3.1174399e-01, 2.2452883e-01 
2122, 4.2833152e-01, 8.8842036e-01, 4.7758861e-01 
2123, 7.0643136e-01, 3.7310451e-01, 1.4045920e-01 
2124, 8.5196314e-01, 3.7507979e-01, 2.4288325e-01 
2125, 1.6639291e-02, 6.5391530e-01, 2.5592316e-02 
2126, 5.2497305e-01, 2.3171701e-01, 7.4090313e-01 
2127, 3.2836151e-01, 5.4021345e-01, 4.5100855e-01 
2128, 9.3181638e-02, 2.9557095e-01, 7.2183280e-01 
2129, 4.8743365e-01, 1.1132877e-01, 6.0740571e-01 
2130, 8.5209907e-01, 1.8059533e-01, 3.6660025e-01 
2131, 5.4883945e-01, 3.4648027e-02, 2.4290549e-01 
2132, 5.2754740e-01, 8.1939742e-01, 3.9925267e-01 
2133, 3.8234093e-01, 8.9032340e-01, 8.6404036e-01 
2134, 7.9674124e-01, 4.4508537e-01, 1.8596486e-01 
2135, 1.2702304e-01, 8.1838821e-02, 9.1823636e-01 
2136, 9.1391037e-01, 7.9828152e-01, 9.2524829e-01 
2137, 8.8808721e-01, 6.2382005e-01, 9.4930630e-01 
2138, 7.2213370e-01, 9.8595671e-01, 5.4266341e-01 
2139, 8.0136667e-01, 8.1931437e-01, 2.7209117e-01 
2140, 4.7771457e-01, 1.9531534e-01, 3.4610629e-01 
2141, 9.0714275e-01, 3.2449538e-01, 5.5256152e-01 
2142, 6.3281285e-01, 8.3858254e-01, 8.8147526e-02 
2143, 1.4517766e-01, 7.6478088e-02, 4.4331621e-01 
2144, 7.5829346e-02, 2.1595268e-01, 8.3712688e-01 
2145, 5.6090600e-01, 6.0092418e-01, 2.0390863e-01 
2146, 3.2206921e-01, 7.0429172e-01, 1.7557691e-01 
2147, 4.7772491e-01, 4.4657375e-01, 7.2790863e-01 
2148, 5.4438066e-01, 2.2686341e-01, 7.9497814e-01 
2149, 9.0841885e-01, 5.4015377e-01, 8.6591487e-01 
2150, 3.0190048e-01, 7.1933211e-01, 6.5108022e-01 
2151, 1.8052076e-01, 1.8109784e-01, 1.4347501e-01 
2152, 3.7327516e-02, 5.8144999e-01, 3.1181626e-01 
2153, 5.7265655e-01, 9.1251415e-01, 8.3413189e-01 
2154, 8.2023332e-01, 3.1343993e-02, 3.2204219e-01 
2155, 8.2670654e-01, 8.2179553e-01, 9.8203248e-01 
2156, 1.6662606e-01, 5.3225130e-01, 5.4298705e-01 
2157, 8.6554509e-02, 9.9363034e-02, 9.5748393e-01 
2158, 8.7143610e-01, 7.8453228e-01, 7.4982784e-02 
2159, 6.7851388e-01, 7.9077216e-01, 4.6259071e-02 
2160, 8.9639236e-01, 5.1613642e-01, 7.3976835e-01 
2161, 2.5953560e-02, 7.2231264e-01, 6.9016289e-01 
2162, 8.2720192e-01, 6.0936458e-01, 3.2850154e-01 
2163, 5.9138320e-01, 5.8269808e-01, 8.1043698e-01 
2164, 4.8764507e-01, 5.2115030e-01, 5.0502464e-01 
2165, 8.9939643e-01, 5.5361882e-01, 3.8812226e-01 
2166, 4.7136726e-01, 1.5945932e-01, 4.4726765e-02 
2167, 8.9580648e-04, 2.5438979e-01, 1.9239962e-01 
2168, 9.5497701e-01, 2.1295460e-02, 1.1607623e-01 
2169, 1.1883559e-01, 3.9848550e-01, 6.1866671e-01 
2170, 1.5428384e-01, 6.2738570e-01, 8.7181587e-01 
2171, 1.4567223e-01, 3.1134142e-01, 9.3559005e-02 
2172, 4.9490877e-01, 6.0535469e-01, 2.9700497e-01 
2173, 8.5567622e-01, 3.3696067e-01, 2.8153562e-01 
2174, 1.4193504e-01, 1.7708617e-02, 5.5548124e-01 
2175, 5.0246947e-01, 6.3773580e-01, 8.3839858e-02 
2176, 8.3812231e-01, 5.0638795e-01, 3.0469407e-01 
2177, 5.2194937e-01, 4.7212559e-01, 7.8222678e-01 
2178, 6.6165084e-01, 1.2055799e-02, 8.9024735e-01 
2179, 3.0917749e-01, 7.9918276e-01, 9.8690448e-01 
2180, 8.7934962e-01, 3.0331933e-01, 6.6079786e-01 
2181, 3.9830631e-02, 9.5114783e-01, 3.8221115e-01 
2182, 5.8153727e-01, 4.1495827e-01, 2.5266743e-02 
2183, 9.8426500e-01, 2.0283096e-01, 7.8484021e-01 
2184, 2.1494324e-01, 5.5322263e-01, 2.8533212e-01 
2185, 5.5918075e-01, 1.7398882e-02, 7.8497778e-01 
2186, 6.0296111e-01, 6.9514535e-01, 9.9743749e-02 
2187, 7.3962307e-01, 6.2374156e-01, 5.0720976e-01 
2188, 5.0232263e-01, 1.0432803e-01, 1.0447407e-01 
2189, 7.1227401e-01, 8.6200709e-01, 4.4509440e-01 
2190, 2.8331524e-01, 5.1068127e-01, 4.5162022e-01 
2191, 3.9308169e-01, 2.4254691e-01, 9.8392664e-01 
2192, 5.0678690e-01, 7.8015116e-01, 1.0433621e-01 
2193, 4.8621487e-01, 5.7566471e-01, 6.4548289e-01 
2194, 5.8537581e-01, 5.7620926e-01, 6.6738363e-01 
2195, 6.8577502e-01, 8.3530019e-01, 5.7882314e-01 
2196, 5.9800395e-01, 1.2243841e-01, 7.9086262e-01 
2197, 6.6778703e-01, 5.5803466e-01, 2.5653203e-01 
2198, 6.0623870e-01, 5.1210945e-01, 1.9351238e-01 
2199, 3.9587308e-01, 7.4939886e-01, 7.0948609e-01 
2200, 2.9437908e-01, 1.1100412e-01, 6.4130167e-01 
2201, 7.9945247e-01, 2.1261206e-01, 9.7779425e-01 
2202, 3.0793100e-01, 8.1579653e-01, 2.2957628e-01 
2203, 5.8799834e-01, 9.6819913e-01, 1.6848210e-01 
2204, 9.0850234e-01, 8.3793045e-01, 5.5011427e-01 
2205, 1.7443858e-01, 4.5102921e-01, 2.9750502e-01 
2206, 4.8751992e-01, 1.4940498e-01, 7.5098343e-01 
2207, 7.1001976e-01, 7.7331534e-01, 2.4014665e-01 
2208, 7.3420863e-01, 2.7463467e-01, 9.8703664e-01 
2209, 7.1856632e-01, 4.1104529e-02, 9.8184734e-01 
2210, 4.1853508e-01, 8.8220056e-01, 7.1016247e-01 
2211, 3.0161848e-01, 8.5497634e-01, 5.0279020e-01 
2212, 6.4896981e-02, 7.8703008e-01, 3.5046106e-01 
2213, 2.1844583e-01, 2.2303766e-01, 2.5685103e-01 
2214, 5.3691062e-01, 4.4532317e-01, 7.4636566e-01 
2215, 8.1038951e-01, 6.3476348e-01, 8.2908582e-01 
2216, 4.7520149e-01, 4.7261454e-01, 9.7136797e-01 
2217, 8.7706435e-01, 4.8132043e-01, 7.6723549e-01 
2218, 3.7676962e-01, 2.4125748e-01, 3.5104912e-01 
2219, 2.4529851e-01, 2.2258010e-02, 7.2937463e-01 
2220, 5.4517579e-02, 8.9691001e-01, 4.0299970e-01 
2221, 8.2210287e-01, 2.5265246e-01, 8.0896856e-01 
2222, 3.9744536e-01, 1.7671077e-01, 5.5924209e-01 
2223, 4.2316109e-01, 6.7921392e-01, 9.9726135e-01 
2224, 2.0433150e-01, 8.8576426e-01, 1.1723544e-01 
2225, 3.8629770e-01, 7.7175866e-01, 3.9631271e-01 
2226, 8.3642025e-01, 9.0297203e-01, 2.5693585e-01 
2227, 4.3146981e-01, 9.0421682e-02, 8.6597898e-01 
2228, 9.0655515e-01, 8.5145703e-01, 6.6811279e-01 
2229, 6.6511758e-01, 3.3170485e-01, 9.5973004e-01 
2230, 9.8487888e-01, 3.7950737e-01, 3.3351069e-02 
2231, 6.3297400e-01, 5.5258817e-01, 2.3956369e-01 
2232, 8.7677988e-01, 1.5470734e-01, 7.8812710e-01 
2233, 2.4978106e-01, 2.8784885e-01, 1.8898621e-01 
2234, 7.0417230e-01, 3.2666178e-01, 5.4751867e-01 
2235, 7.4307962e-01, 7.1674273e-01, 9.7692542e-01 
2236, 6.0473681e-01, 6.5122276e-01, 1.2771052e-02 
2237, 9.1110139e-01, 1.4350163e-01, 5.6245640e-01 
2238, 7.2633905e-01, 4.0326053e-01, 9.1061504e-01 
2239, 6.9856957e-01, 2.0985349e-01, 9.3617315e-01 
2240, 3.8429486e-01, 4.3170103e-01, 2.1739446e-01 
2241, 5.4698363e-01, 9.2865994e-01, 6.1279570e-01 
2242, 9.1905758e-01, 3.4433726e-01, 4.8728759e-01 
2243, 4.5348687e-02, 7.2892751e-01, 2.8145941e-01 
2244, 2.5338645e-01, 8.9877821e-01, 7.4088029e-01 
2245, 6.5044996e-01, 8.3978633e-01, 3.8697582e-01 
2246, 2.8130454e-01, 1.0667614e-01, 6.0139043e-01 
2247, 9.0212794e-01, 6.7774970e-01, 2.7883193e-01 
2248, 8.6062409e-01, 1.3101596e-01, 3.4778129e-01 
2249, 8.1757769e-01, 1.6017410e-01, 1.1659047e-01 
2250, 8.1596651e-01, 4.2224713e-01, 9.7351871e-01 
2251, 4.7608287e-01, 4.0908578e-01, 6.5856168e-01 
2252, 1.7430733e-01, 6.3452335e-01, 9.1959103e-01 
2253, 1.5949647e-01, 4.5161395e-01, 9.8267564e-01 
2254, 6.8298352e-01, 2.1709890e-01, 9.9188593e-01 
2255, 3.8382809e-01, 7.1745746e-01, 9.4454601e-01 
2256, 8.6626011e-01, 6.9515443e-01, 6.5918933e-01 
2257, 3.9370534e-02, 9.9646528e-01, 1.8114321e-01 
2258, 9.9888416e-02, 8.8391114e-01, 4.6059181e-01 
2259, 1.6569461e-01, 2.8682535e-01, 1.8655945e-02 
2260, 4.2358150e-01, 9.4433675e-01, 1.8742828e-01 
2261, 7.9562673e-01, 1.1089030e-01, 5.8082962e-01 
2262, 5.6289063e-02, 7.5089594e-01, 8.4545022e-01 
2263, 2.5021132e-01, 3.5199978e-01, 6.6848607e-01 
2264, 5.5272133e-01, 7.7981354e-01, 1.9908015e-01 
2265, 7.5257750e-01, 1.9124261e-01, 1.3203946e-01 
2266, 2.5004816e-02, 2.1766329e-01, 7.4331385e-01 
2267, 2.4538741e-01, 3.3207980e-01, 4.4701596e-01 
2268, 2.8718630e-02, 5.2845466e-01, 4.5047846e-01 
2269, 6.4551954e-01, 7.5990575e-01, 5.0478971e-01 
2270, 4.2122479e-04, 8.5790793e-01, 6.3230235e-01 
2271, 1.7031568e-01, 4.2775078e-01, 7.0765466e-01 
2272, 2.0081895e-01, 9.9363617e-01, 5.1617225e-01 
2273, 6.6499177e-01, 1.3676527e-01, 1.0245938e-01 
2274, 1.8505544e-01, 1.4527656e-01, 3.5632643e-01 
2275, 4.6737391e-01, 5.9140709e-01, 6.4032390e-03 
2276, 7.0932326e-01, 5.0912589e-01, 6.0520651e-01 
2277, 6.2772380e-02, 4.8621996e-01, 6.1162769e-02 
2278, 3.2578189e-01, 2.4287586e-01, 3.9159465e-01 
2279, 5.4308860e-01, 7.2778004e-01, 6.8065926e-01 
2280, 8.4050705e-01, 3.1559538e-01, 7.0738657e-01 
2281, 6.2219510e-01, 6.5917331e-01, 6.6425980e-01 
2282, 2.9082392e-01, 4.0491346e-01, 4.9688935e-01 
2283, 5.4378967e-02, 3.7069690e-01, 4.6750856e-01 
2284, 5.7074830e-01, 7.4860859e-01, 3.0388807e-01 
2285, 7.9020293e-01, 5.7809752e-01, 3.9908657e-01 
2286, 9.3410592e-01, 1.6267405e-01, 3.8379833e-01 
2287, 4.6212997e-01, 8.2079945e-01, 9.1515820e-01 
2288, 6.6728210e-01, 5.5393626e-01, 9.7960378e-01 
2289, 3.5480107e-01, 9.7645338e-01, 6.5425596e-01 
2290, 5.2960673e-01, 8.6692609e-01, 4.7323229e-01 
2291, 2.1322719e-02, 1.7227769e-01, 8.8434282e-01 
2292, 9.5834653e-01, 3.3081996e-01, 2.0259120e-01 
2293, 2.7115541e-01, 4.3602661e-01, 6.5221439e-01 
2294, 5.1318145e-01, 1.0599124e-01, 9.7193201e-01 
2295, 4.6960441e-01, 6.8445741e-01, 7.6717987e-01 
2296, 4.4867908e-01, 6.2639135e-01, 3.2740454e-01 
2297, 2.7659966e-01, 7.1912435e-03, 8.1122981e-01 
2298, 2.2283178e-02, 9.8765632e-01, 5.8976332e-01 
2299, 1.7680201e-01, 3.9475353e-01, 2.9618784e-01 
2300, 9.1826214e-03, 2.7505339e-01, 3.3176751e-01 
2301, 3.3639669e-02, 1.8629379e-01, 1.5133533e-01 
2302, 2.1744056e-01, 2.5980188e-02, 5.1604409e-01 
2303, 5.8744064e-01, 7.2106561e-01, 3.8772857e-01 
2304, 6.9009998e-01, 2.2908158e-01, 9.4724021e-02 
2305, 2.4947871e-01, 5.7813598e-01, 3.7381731e-01 
2306, 3.6955570e-01, 7.3393524e-03, 3.3682984e-01 
2307, 9.1937228e-01, 1.1041249e-01, 1.0807962e-01 
2308, 7.7856043e-01, 8.3937368e-01, 5.2010923e-01 
2309, 5.7097564e-01, 6.1716564e-01, 5.8376405e-01 
2310, 4.1321592e-01, 2.6242901e-01, 5.8032937e-01 
2311, 9.3332945e-01, 1.7717648e-01, 3.3691551e-01 
2312, 8.4951043e-01, 3.1501903e-01, 9.7408151e-02 
2313, 7.5432030e-01, 7.5680679e-01, 7.3440079e-01 
2314, 5.9109407e-01, 2.7724613e-01, 4.5317832e-01 
2315, 8.5974117e-01, 1.9104249e-01, 4.9727045e-01 
2316, 6.2804714e-01, 7.1478045e-01, 2.0402551e-01 
2317, 9.0395064e-01, 2.5782589e-01, 9.3824870e-01 
2318, 3.0022180e-01, 2.5619640e-01, 9.0559238e-03 
2319, 9.7551952e-01, 8.2386108e-01, 2.4704322e-01 
2320, 3.8146018e-01, 4.8407443e-01, 8.4706464e-01 
2321, 7.9280785e-01, 8.7917252e-01, 6.0593542e-01 
2322, 3.0991783e-01, 9.4300746e-01, 5.4084606e-01 
2323, 4.5283785e-01, 5.9947962e-01, 7.7307760e-01 
2324, 5.2393697e-01, 9.2287192e-02, 2.1327586e-01 
2325, 7.8793508e-01, 4.9229546e-01, 1.6607804e-01 
2326, 4.5210844e-03, 3.8460862e-02, 6.7743431e-01 
2327, 1.2004664e-01, 9.7687002e-01, 5.4791671e-01 
2328, 2.9382027e-01, 1.7993002e-01, 9.0124001e-01 
2329, 2.7554665e-01, 2.9580336e-01, 9.0762770e-01 
2330, 9.4294987e-01, 8.6982164e-01, 4.0992228e-01 
2331, 8.2935387e-01, 1.8192142e-01, 7.3384340e-01 
2332, 9.0262926e-01, 6.2472799e-01, 5.0801228e-01 
2333, 3.7949625e-01, 5.5824154e-01, 8.1245724e-01 
2334, 7.6558693e-02, 5.7385838e-02, 5.9286977e-01 
2335, 2.5416580e-02, 3.9046648e-01, 4.1968098e-01 
2336, 1.5782714e-02, 3.3018147e-01, 4.2433763e-01 
2337, 3.7590770e-01, 5.0430518e-01, 8.8005913e-01 
2338, 6.1993225e-01, 2.6906214e-01, 2.1881251e-01 
2339, 1.6698839e-01, 5.0337287e-01, 9.8414888e-01 
2340, 3.4697891e-01, 1.4865431e-01, 2.6539513e-01 
2341, 3.1171897e-01, 7.1172757e-01, 3.3362716e-01 
2342, 1.3255883e-02, 9.1034619e-01, 8.6012050e-01 
2343, 2.4415461e-01, 3.4941216e-01, 3.8239880e-01 
2344, 1.0622802e-02, 7.3308372e-01, 7.6183294e-01 
2345, 6.1503220e-01, 9.0571081e-01, 6.3541279e-01 
2346, 1.6829681e-01, 9.7387547e-01, 7.4667058e-01 
2347, 7.9603568e-01, 7.8247078e-01, 6.2535007e-01 
2348, 3.8774954e-01, 5.2817929e-01, 6.3612285e-01 
2349, 1.2193031e-01, 7.0294020e-01, 1.9978880e-01 
2350, 1.2772645e-01, 9.2858435e-01, 7.6348902e-02 
2351, 4.5760410e-01, 9.8391176e-01, 8.3591720e-01 
2352, 7.1420920e-01, 8.5845239e-02, 3.2265865e-01 
2353, 9.6505248e-01, 8.7417841e-01, 3.2009374e-01 
2354, 6.2464145e-01, 8.3851593e-01, 9.2470989e-01 
2355, 7.8897142e-01, 5.3377856e-01, 7.1496518e-01 
2356, 4.2153143e-01, 8.1944995e-01, 6.2775329e-01 
2357, 4.7650609e-01, 8.3896896e-01, 4.8963780e-02 
2358, 9.3879611e-01, 4.7947102e-01, 1.1452294e-01 
2359, 8.4595427e-01, 4.4798470e-01, 9.9314152e-01 
2360, 4.3123834e-01, 3.0641619e-01, 4.1442017e-01 
2361, 3.2770876e-01, 4.0695756e-01, 8.1463707e-01 
2362, 2.5727043e-01, 7.3571700e-01, 3.9865584e-01 
2363, 9.3115944e-01, 6.3599796e-01, 4.4433315e-01 
2364, 7.1030078e-01, 1.0543101e-01, 9.4546357e-01 
2365, 6.1675552e-01, 2.7045089e-01, 8.4354278e-01 
2366, 7.7283113e-01, 8.6611449e-01, 6.7154293e-01 
2367, 9.1387351e-01, 2.3179880e-02, 7.7560297e-01 
2368, 5.0380526e-01, 1.1032565e-01, 7.9653567e-01 
2369, 6.2394267e-01, 7.8804081e-01, 6.4053567e-01 
2370, 5.2035467e-01, 2.4073420e-01, 2.2168100e-01 
2371, 3.0217532e-01, 7.2654214e-01, 9.2642099e-01 
2372, 1.1138497e-01, 3.1115863e-01, 6.8234651e-01 
2373, 7.4253113e-01, 2.3295837e-01, 4.8923722e-02 
2374, 2.3188506e-01, 3.1862998e-01, 6.9176781e-01 
2375, 6.3062435e-01, 4.3299419e-01, 9.6165050e-01 
2376, 6.4439351e-02, 1.2939066e-01, 4.1953320e-02 
2377, 6.2575565e-01, 6.5104508e-01, 7.8663266e-01 
2378, 3.1456276e-01, 2.6964087e-01, 6.1779042e-01 
2379, 7.7042587e-01, 1.2686924e-01, 3.2560291e-01 
2380, 8.6438198e-01, 1.7623953e-01, 1.9014200e-01 
2381, 8.6674585e-01, 7.5140484e-01, 3.5333076e-01 
2382, 8.0658144e-01, 2.8760758e-01, 3.8313112e-01 
2383, 9.1651877e-01, 8.9100240e-01, 5.9478167e-01 
2384, 6.2682215e-01, 9.6827391e-01, 3.6564114e-01 
2385, 7.4948979e-01, 9.8518892e-01, 1.1604816e-01 
2386, 6.4761180e-01, 7.1606358e-01, 4.6896852e-01 
2387, 5.5632026e-01, 6.2809735e-01, 4.4785043e-01 
2388, 2.5061951e-01, 9.1775207e-01, 8.4854263e-01 
2389, 8.8454590e-01, 9.2005792e-01, 5.9197810e-01 
2390, 9.5925715e-01, 6.1715510e-01, 3.8566940e-01 
2391, 4.7996888e-01, 5.9055341e-01, 4.8127861e-01 
2392, 1.1213206e-01, 4.2414772e-01, 1.8563760e-02 
2393, 3.8935050e-01, 2.3098138e-01, 9.2649723e-01 
2394, 6.7458449e-01, 3.1196358e-01, 7.4981875e-01 
2395, 9.7975933e-01, 8.8312250e-01, 9.2787485e-01 
2396, 4.6113819e-02, 7.7126225e-01, 8.4620864e-02 
2397, 2.2587409e-01, 8.5513577e-01, 2.5174814e-01 
2398, 3.4002750e-01, 3.4019835e-01, 5.1840179e-01 
2399, 2.1515681e-01, 2.8859984e-01, 5.7596235e-02 
2400, 3.3462476e-01, 4.9741230e-01, 1.6206477e-01 
2401, 1.4142873e-01, 1.1886243e-01, 6.2563505e-01 
2402, 5.0730983e-01, 9.0667420e-01, 3.0369129e-02 
2403, 6.1998522e-01, 9.9405817e-01, 6.8160933e-01 
2404, 3.2084585e-01, 7.5613509e-01, 8.6105774e-02 
2405, 4.4897593e-03, 9.7808060e-01, 8.8533321e-01 
2406, 6.3823204e-01, 5.7591879e-01, 5.3531820e-02 
2407, 7.3214085e-01, 7.6993550e-01, 3.7580727e-01 
2408, 8.3585013e-02, 3.1227798e-01, 1.9332338e-02 
2409, 5.2152623e-01, 7.8893452e-01, 7.1132489e-01 
2410, 3.0648147e-01, 3.1420945e-01, 3.1040058e-01 
2411, 3.1027990e-01, 5.3202343e-01, 7.5485961e-01 
2412, 7.4693401e-01, 1.3349767e-01, 1.2499921e-01 
2413, 7.2607777e-01, 7.1297286e-01, 5.0611283e-01 
2414, 6.6204801e-01, 8.3288336e-01, 8.6225205e-01 
2415, 7.6757640e-01, 2.0045407e-01, 7.4385601e-01 
2416, 1.0333308e-01, 8.9119902e-01, 6.3098812e-01 
2417, 7.8276705e-01, 2.6820269e-02, 7.3565549e-01 
2418, 9.2519763e-01, 7.1587154e-01, 4.8134981e-01 
2419, 4.8071172e-01, 9.8287263e-01, 1.2619222e-01 
2420, 8.3490998e-01, 3.2039492e-01, 1.7367669e-01 
2421, 5.0642180e-01, 2.2481414e-01, 8.3963988e-01 
2422, 7.7576946e-01, 9.9903775e-01, 9.4681481e-03 
2423, 1.4361689e-01, 3.2411901e-01, 3.3251444e-01 
2424, 5.7466775e-01, 2.2312726e-01, 3.6141890e-01 
2425, 9.8270732e-01, 5.7231522e-01, 3.8815204e-01 
2426, 8.2421521e-01, 8.1018700e-01, 5.2722498e-01 
2427, 2.5294938e-02, 6.7497694e-01, 6.4572092e-01 
2428, 1.2591285e-01, 5.6342783e-01, 1.2110419e-01 
2429, 9.5854870e-01, 1.9315350e-01, 6.8966374e-01 
2430, 1.3113314e-01, 7.6211989e-01, 5.9088801e-01 
2431, 6.8803775e-01, 2.2761200e-01, 2.0616220e-01 
2432, 2.1844402e-01, 4.4960279e-01, 2.7552390e-01 
2433, 6.1439592e-01, 7.1645293e-01, 2.4776118e-01 
2434, 5.5193670e-01, 3.6469167e-01, 1.5802342e-01 
2435, 3.4940147e-01, 8.6214191e-01, 4.8415172e-01 
2436, 7.9040467e-01, 6.1995033e-01, 7.2475908e-01 
2437, 9.7407215e-01, 7.7801302e-01, 2.2064384e-01 
2438, 7.6857940e-01, 1.4171699e-01, 5.0121878e-02 
2439, 8.1467277e-01, 1.8977984e-01, 6.4905864e-01 
2440, 3.3939268e-01, 7.0038182e-01, 1.3036574e-01 
2441, 5.1996096e-01, 3.7418407e-01, 1.0499249e-01 
2442, 8.5429801e-01, 6.6530285e-01, 2.9609708e-01 
2443, 3.1373497e-02, 6.1553450e-01, 4.6550600e-01 
2444, 6.8696727e-01, 5.9860680e-01, 2.9256454e-01 
2445, 4.3969600e-01, 9.5814985e-02, 4.2038513e-01 
2446, 5.2130307e-01, 7.6879986e-01, 6.1489794e-01 
2447, 2.6615640e-01, 2.4422035e-01, 9.5217071e-01 
2448, 2.8903486e-01, 5.4145985e-02, 6.0849997e-01 
2449, 8.5436915e-01, 3.7427620e-01, 1.4061855e-01 
2450, 8.8355600e-01, 8.9097889e-01, 2.5645012e-01 
2451, 9.9320489e-01, 8.5017838e-01, 1.5472123e-01 
2452, 4.1874619e-01, 7.7865611e-01, 3.3037718e-01 
2453, 6.1984752e-01, 3.1618836e-01, 3.9045204e-01 
2454, 4.0072801e-02, 8.4530722e-01, 2.9903422e-01 
2455, 4.1573744e-03, 5.8238916e-01, 1.4894440e-01 
2456, 2.1913370e-01, 9.9922976e-01, 1.4031354e-01 
2457, 2.9547669e-02, 6.6874148e-01, 1.1783635e-01 
2458, 6.1691719e-01, 2.3520787e-01, 4.6055768e-01 
2459, 1.6776897e-01, 4.6218089e-02, 8.3373754e-01 
2460, 3.3353610e-01, 2.3112024e-01, 2.3772743e-02 
2461, 4.1167338e-01, 3.5821282e-01, 8.9789802e-01 
2462, 6.4997226e-01, 1.0049202e-01, 6.2213765e-01 
2463, 9.8361416e-01, 3.3613343e-01, 7.0542006e-01 
2464, 5.1124958e-01, 1.2629242e-01, 5.2822156e-01 
2465, 3.5777032e-01, 8.1800716e-01, 9.1232267e-01 
2466, 7.3866937e-02, 1.4691513e-02, 4.1992958e-02 
2467, 5.4557254e-01, 7.1958810e-01, 2.5451304e-01 
2468, 7.3293052e-01, 5.0670065e-01, 9.7722343e-01 
2469, 9.6854772e-01, 1.5482617e-01, 7.5323012e-01 
2470, 6.5298050e-01, 9.7531512e-02, 9.8120221e-01 
2471, 7.0685041e-01, 6.8142182e-01, 4.5030170e-02 
2472, 4.1213696e-01, 4.3155629e-01, 7.5817853e-02 
2473, 2.1516189e-01, 4.6562918e-02, 8.8767328e-01 
2474, 4.7410841e-01, 2.4514978e-01, 3.0120824e-01 
2475, 6.2285565e-01, 6.5438146e-01, 2.9710470e-01 
2476, 7.5262074e-01, 4.3202769e-01, 3.3577063e-01 
2477, 6.8133522e-01, 3.2487763e-01, 4.5610074e-02 
2478, 6.5000457e-01, 9.9937484e-01, 2.5166383e-01 
2479, 1.6001450e-01, 5.6715640e-01, 7.2643485e-01 
2480, 6.8403169e-01, 2.9645884e-02, 9.9943675e-01 
2481, 9.3524064e-01, 9.2943547e-01, 1.2150176e-01 
2482, 6.3737360e-01, 9.6081994e-01, 7.9147039e-01 
2483, 3.5998818e-01, 8.9602375e-01, 5.5658408e-01 
2484, 5.1823290e-01, 1.4075911e-01, 6.0393508e-02 
2485, 8.1050763e-01, 2.1752174e-01, 5.5508814e-01 
2486, 1.2427448e-01, 8.6496233e-01, 3.0627844e-01 
2487, 1.8093336e-01, 8.3759490e-01, 7.8314881e-01 
2488, 7.8939611e-01, 5.5752118e-01, 9.2635726e-01 
2489, 9.8236757e-01, 7.0499061e-01, 1.2094299e-01 
2490, 9.7593325e-01, 2.1275117e-01, 7.3588619e-01 
2491, 2.1195828e-02, 9.4423596e-01, 8.1371946e-02 
2492, 3.7665557e-01, 2.5029335e-01, 4.4625504e-02 
2493, 4.8316217e-01, 8.3485677e-01, 4.4512410e-01 
2494, 1.2412572e-01, 8.4642328e-01, 6.9348484e-01 
2495, 3.6518024e-01, 6.7728153e-01, 1.6077430e-01 
2496, 9.1860586e-01, 2.5797413e-01, 4.3921604e-01 
2497, 4.9215849e-01, 2.0149094e-01, 2.3061906e-01 
2498, 2.4227382e-02, 7.9092517e-01, 9.2101153e-01 
2499, 1.6575647e-01, 6.5140539e-02, 2.9388443e-01 
2500, 7.4949374e-01, 5.9724993e-01, 1.1108773e-01 
2501, 2.8079793e-01, 0.0000000e+00, 8.1222300e-01 
2502, 2.8079793e-01, 1.0000000e+00, 8.1222300e-01 
2503, 9.7444790e-01, 1.0000000e+00, 2.2747609e-01 
2504, 0.0000000e+00, 4.7695702e-02, 2.4285716e-01 
2505, 4.9725612e-01, 1.0000000e+00, 8.5462224e-02 
2506, 4.9725612e-01, 0.0000000e+00, 8.5462224e-02 
2507, 8.4829225e-02, 2.4468534e-01, 1.0000000e+00 
2508, 8.4829225e-02, 2.4468534e-01, 0.0000000e+00 
2509, 1.0000000e+00, 2.5194369e-01, 6.6774883e-01 
2510, 0.0000000e+00, 2.5194369e-01, 6.6774883e-01 
2511, 3.3709807e-02, 2.2523816e-01, 1.0000000e+00 
2512, 1.0000000e+00, 2.0082728e-01, 1.1070582e-01 
2513, 0.0000000e+00, 1.2885032e-01, 5.0655619e-01 
2514, 1.0000000e+00, 1.2885032e-01, 5.0655619e-01 
2515, 2.4864360e-01, 0.0000000e+00, 3.1503001e-01 
2516, 2.4864360e-01, 1.0000000e+00, 3.1503001e-01 
2517, 2.4552775e-01, 0.0000000e+00, 3.0740979e-01 
2518, 2.4552775e-01, 1.0000000e+00, 3.0740979e-01 
2519, 2.5517368e-01, 0.0000000e+00, 3.1361964e-01 
2520, 2.5517368e-01, 1.0000000e+00, 3.1361964e-01 
2521, 3.4567499e-02, 2.3349859e-01, 1.0000000e+00 
2522, 3.4567499e-02, 2.3349859e-01, 0.0000000e+00 
2523, 1.0000000e+00, 2.4049016e-01, 6.3978286e-01 
2524, 0.0000000e+00, 2.4049016e-01, 6.3978286e-01 
2525, 0.0000000e+00, 5.4547806e-01, 7.2601910e-01 
2526, 1.0000000e+00, 5.4547806e-01, 7.2601910e-01 
2527, 1.0000000e+00, 7.3663476e-01, 1.3895158e-01 
2528, 0.0000000e+00, 7.3663476e-01, 1.3895158e-01 
2529, 9.7704735e-01, 0.0000000e+00, 2.9961678e-01 
2530, 9.7704735e-01, 1.0000000e+00, 2.9961678e-01 
2531, 4.9764934e-01, 7.9898427e-01, 1.0000000e+00 
2532, 4.9764934e-01, 7.9898427e-01, 0.0000000e+00 
2533, 8.7677232e-01, 2.2321501e-01, 0.0000000e+00 
2534, 8.7677232e-01, 2.2321501e-01, 1.0000000e+00 
2535, 4.4329219e-01, 5.2998108e-01, 1.0000000e+00 
2536, 4.4329219e-01, 5.2998108e-01, 0.0000000e+00 
2537, 0.0000000e+00, 3.3512720e-01, 6.8411282e-01 
2538, 1.0000000e+00, 3.3512720e-01, 6.8411282e-01 
2539, 1.4786958e-01, 1.0000000e+00, 2.2431536e-01 
2540, 1.0000000e+00, 3.2868833e-02, 2.0201888e-01 
2541, 5.1015035e-01, 0.0000000e+00, 3.4313687e-01 
2542, 5.1015035e-01, 1.0000000e+00, 3.4313687e-01 
2543, 1.0000000e+00, 3.0264919e-01, 6.7787126e-01 
2544, 0.0000000e+00, 3.0264919e-01, 6.7787126e-01 
2545, 6.5011424e-01, 3.4120736e-01, 0.0000000e+00 
2546, 6.5011424e-01, 3.4120736e-01, 1.0000000e+00 
2547, 1.2799684e-01, 0.0000000e+00, 3.4697155e-01 
2548, 1.2799684e-01, 1.0000000e+00, 3.4697155e-01 
2549, 1.0000000e+00, 5.0506427e-01, 2.7882681e-01 
2550, 0.0000000e+00, 5.0506427e-01, 2.7882681e-01 
2551, 1.0000000e+00, 9.0299674e-01, 2.8273712e-01 
2552, 0.0000000e+00, 9.0299674e-01, 2.8273712e-01 
2553, 1.0000000e+00, 9.1255595e-01, 2.7915773e-01 
2554, 9.9421084e-02, 0.0000000e+00, 3.2452190e-01 
2555, 1.0000000e+00, 1.7612855e-01, 2.5741033e-01 
2556, 0.0000000e+00, 1.7612855e-01, 2.5741033e-01 
2557, 6.3026841e-01, 0.0000000e+00, 8.1132450e-01 
2558, 6.3026841e-01, 1.0000000e+00, 8.1132450e-01 
2559, 5.6630882e-01, 0.0000000e+00, 3.9557764e-01 
2560, 5.6630882e-01, 1.0000000e+00, 3.9557764e-01 
2561, 9.5490609e-01, 0.0000000e+00, 1.5372541e-01 
2562, 9.5490609e-01, 1.0000000e+00, 1.5372541e-01 
2563, 5.1221282e-01, 1.0000000e+00, 3.3955226e-01 
2564, 5.1221282e-01, 0.0000000e+00, 3.3955226e-01 
2565, 0.0000000e+00, 4.4751866e-02, 2.4381378e-01 
2566, 9.7959937e-01, 1.0000000e+00, 2.9488664e-01 
2567, 6.6313655e-02, 8.0852229e-01, 1.0000000e+00 
2568, 6.6313655e-02, 8.0852229e-01, 0.0000000e+00 
2569, 2.0667872e-01, 4.1841106e-01, 0.0000000e+00 
2570, 2.0667872e-01, 4.1841106e-01, 1.0000000e+00 
2571, 9.4588345e-01, 1.0799426e-01, 1.0000000e+00 
2572, 9.4588345e-01, 1.0799426e-01, 0.0000000e+00 
2573, 8.0809844e-01, 2.4038403e-01, 1.0000000e+00 
2574, 8.0809844e-01, 2.4038403e-01, 0.0000000e+00 
2575, 8.9015374e-01, 2.1745590e-01, 1.0000000e+00 
2576, 8.9015374e-01, 2.1745590e-01, 0.0000000e+00 
2577, 2.0307910e-01, 1.0000000e+00, 3.1343186e-01 
2578, 2.0307910e-01, 0.0000000e+00, 3.1343186e-01 
2579, 2.1117824e-01, 3.2878179e-01, 0.0000000e+00 
2580, 2.1117824e-01, 3.2878179e-01, 1.0000000e+00 
2581, 8.8290605e-01, 1.5703197e-03, 1.0000000e+00 
2582, 9.0268777e-01, 1.0000000e+00, 1.6209988e-02 
2583, 0.0000000e+00, 7.2874754e-01, 2.5555804e-01 
2584, 1.0000000e+00, 7.2874754e-01, 2.5555804e-01 
2585, 5.1098464e-01, 0.0000000e+00, 3.3193918e-01 
2586, 5.1098464e-01, 1.0000000e+00, 3.3193918e-01 
2587, 3.4742390e-01, 6.5586685e-01, 0.0000000e+00 
2588, 3.4742390e-01, 6.5586685e-01, 1.0000000e+00 
2589, 3.1573485e-01, 7.0432868e-01, 0.0000000e+00 
2590, 3.1573485e-01, 7.0432868e-01, 1.0000000e+00 
2591, 2.7159799e-01, 1.0000000e+00, 6.8201505e-01 
2592, 2.7159799e-01, 0.0000000e+00, 6.8201505e-01 
2593, 0.0000000e+00, 1.6849839e-01, 1.0629790e-01 
2594, 1.0000000e+00, 1.6849839e-01, 1.0629790e-01 
2595, 1.0000000e+00, 1.2567067e-01, 8.3975778e-01 
2596, 0.0000000e+00, 1.2567067e-01, 8.3975778e-01 
2597, 1.0000000e+00, 5.5251931e-01, 5.5464617e-02 
2598, 0.0000000e+00, 5.5251931e-01, 5.5464617e-02 
2599, 2.5827859e-01, 1.0000000e+00, 6.8154800e-01 
2600, 2.5827859e-01, 0.0000000e+00, 6.8154800e-01 
2601, 2.4495272e-01, 1.0000000e+00, 7.8059962e-01 
2602, 2.4495272e-01, 0.0000000e+00, 7.8059962e-01 
2603, 0.0000000e+00, 6.8039080e-01, 4.6339290e-01 
2604, 1.0000000e+00, 6.8039080e-01, 4.6339290e-01 
2605, 1.0000000e+00, 3.0213372e-01, 9.0074806e-01 
2606, 0.0000000e+00, 3.0213372e-01, 9.0074806e-01 
2607, 1.1438093e-01, 0.0000000e+00, 1.8085543e-01 
2608, 1.1438093e-01, 1.0000000e+00, 1.8085543e-01 
2609, 0.0000000e+00, 8.0315488e-01, 8.1818290e-01 
2610, 1.0000000e+00, 8.0315488e-01, 8.1818290e-01 
2611, 7.2292019e-01, 1.0000000e+00, 3.1077227e-01 
2612, 7.2292019e-01, 0.0000000e+00, 3.1077227e-01 
2613, 6.5680036e-01, 1.0000000e+00, 1.4061586e-01 
2614, 6.5680036e-01, 0.0000000e+00, 1.4061586e-01 
2615, 1.0000000e+00, 2.4224508e-01, 6.5717129e-01 
2616, 0.0000000e+00, 2.4224508e-01, 6.5717129e-01 
2617, 1.3842490e-01, 1.0000000e+00, 9.5548369e-01 
2618, 1.3842490e-01, 0.0000000e+00, 9.5548369e-01 
2619, 9.5173148e-01, 2.9258312e-01, 1.0000000e+00 
2620, 9.5173148e-01, 2.9258312e-01, 0.0000000e+00 
2621, 2.1764888e-01, 6.8256413e-01, 0.0000000e+00 
2622, 2.1764888e-01, 6.8256413e-01, 1.0000000e+00 
2623, 8.5436679e-01, 2.6655527e-01, 0.0000000e+00 
2624, 8.5436679e-01, 2.6655527e-01, 1.0000000e+00 
2625, 2.0677497e-01, 0.0000000e+00, 1.4598675e-01 
2626, 2.0677497e-01, 1.0000000e+00, 1.4598675e-01 
2627, 1.5115484e-02, 1.0000000e+00, 9.4458973e-01 
2628, 1.0000000e+00, 3.8340108e-02, 9.4447772e-01 
2629, 1.6437438e-01, 0.0000000e+00, 6.7968496e-01 
2630, 1.6437438e-01, 1.0000000e+00, 6.7968496e-01 
2631, 1.6643484e-01, 0.0000000e+00, 6.8488883e-01 
2632, 1.6643484e-01, 1.0000000e+00, 6.8488883e-01 
2633, 0.0000000e+00, 9.9895740e-02, 2.6657634e-01 
2634, 1.0000000e+00, 9.9895740e-02, 2.6657634e-01 
2635, 5.0765460e-01, 7.9638795e-01, 0.0000000e+00 
2636, 5.0765460e-01, 7.9638795e-01, 1.0000000e+00 
2637, 4.6108803e-01, 1.0000000e+00, 5.8452166e-01 
2638, 4.6108803e-01, 0.0000000e+00, 5.8452166e-01 
2639, 0.0000000e+00, 5.1277568e-01, 3.1696634e-01 
2640, 1.0000000e+00, 5.1277568e-01, 3.1696634e-01 
2641, 0.0000000e+00, 8.2495999e-02, 5.3446957e-01 
2642, 1.0000000e+00, 8.2495999e-02, 5.3446957e-01 
2643, 0.0000000e+00, 2.8140951e-02, 5.4204968e-01 
2644, 8.7342287e-01, 1.0000000e+00, 5.3696990e-01 
2645, 0.0000000e+00, 5.1197476e-01, 6.2276442e-01 
2646, 1.0000000e+00, 5.1197476e-01, 6.2276442e-01 
2647, 0.0000000e+00, 8.2616278e-01, 9.2745417e-02 
2648, 1.0000000e+00, 8.2616278e-01, 9.2745417e-02 
2649, 1.0827824e-01, 1.0000000e+00, 1.7467216e-01 
2650, 1.0827824e-01, 0.0000000e+00, 1.7467216e-01 
2651, 9.4303763e-01, 6.4067055e-01, 1.0000000e+00 
2652, 9.4303763e-01, 6.4067055e-01, 0.0000000e+00 
2653, 3.5942047e-01, 0.0000000e+00, 8.5525100e-01 
2654, 3.5942047e-01, 1.0000000e+00, 8.5525100e-01 
2655, 4.8707501e-01, 0.0000000e+00, 7.6659933e-01 
2656, 4.8707501e-01, 1.0000000e+00, 7.6659933e-01 
2657, 1.0000000e+00, 3.1567219e-01, 4.5481461e-01 
2658, 0.0000000e+00, 3.1567219e-01, 4.5481461e-01 
2659, 5.7294083e-01, 4.8903261e-01, 0.0000000e+00 
2660, 5.7294083e-01, 4.8903261e-01, 1.0000000e+00 
2661, 5.4540999e-01, 5.2481479e-01, 0.0000000e+00 
2662, 5.4540999e-01, 5.2481479e-01, 1.0000000e+00 
2663, 9.2667808e-01, 7.3786360e-01, 1.0000000e+00 
2664, 9.2667808e-01, 7.3786360e-01, 0.0000000e+00 
2665, 9.2794855e-01, 1.0000000e+00, 1.0240221e-01 
2666, 9.2794855e-01, 0.0000000e+00, 1.0240221e-01 
2667, 8.7625422e-01, 9.4267890e-01, 0.0000000e+00 
2668, 8.7625422e-01, 9.4267890e-01, 1.0000000e+00 
2669, 4.1942169e-02, 1.0000000e+00, 5.3280934e-01 
2670, 4.1942169e-02, 0.0000000e+00, 5.3280934e-01 
2671, 7.3975835e-01, 0.0000000e+00, 7.6631510e-01 
2672, 7.3975835e-01, 1.0000000e+00, 7.6631510e-01 
2673, 1.0000000e+00, 3.0618072e-01, 5.3260797e-01 
2674, 0.0000000e+00, 3.0618072e-01, 5.3260797e-01 
2675, 1.5033737e-01, 1.0000000e+00, 3.3945551e-01 
2676, 1.5033737e-01, 0.0000000e+00, 3.3945551e-01 
2677, 4.2031030e-01, 9.8669037e-01, 1.0000000e+00 
2678, 4.2518335e-01, 0.0000000e+00, 4.0368476e-03 
2679, 1.0000000e+00, 5.6974955e-01, 5.4670206e-01 
2680, 0.0000000e+00, 5.6974955e-01, 5.4670206e-01 
2681, 6.6537855e-01, 8.0354341e-01, 0.0000000e+00 
2682, 6.6537855e-01, 8.0354341e-01, 1.0000000e+00 
2683, 4.9028593e-01, 1.0000000e+00, 3.1569367e-01 
2684, 4.9028593e-01, 0.0000000e+00, 3.1569367e-01 
2685, 4.1836300e-01, 9.6959049e-01, 0.0000000e+00 
2686, 4.1836300e-01, 9.6959049e-01, 1.0000000e+00 
2687, 1.0000000e+00, 3.8340254e-01, 1.2600574e-01 
2688, 0.0000000e+00, 3.8340254e-01, 1.2600574e-01 
2689, 9.1269867e-01, 0.0000000e+00, 4.0877164e-01 
2690, 9.1269867e-01, 1.0000000e+00, 4.0877164e-01 
2691, 9.0918818e-01, 0.0000000e+00, 4.0541621e-01 
2692, 9.0918818e-01, 1.0000000e+00, 4.0541621e-01 
2693, 2.8552012e-01, 1.0000000e+00, 8.0981028e-01 
2694, 2.8552012e-01, 0.0000000e+00, 8.0981028e-01 
2695, 3.6542403e-01, 6.1818364e-01, 0.0000000e+00 
2696, 3.6542403e-01, 6.1818364e-01, 1.0000000e+00 
2697, 4.4511096e-01, 5.8147143e-01, 0.0000000e+00 
2698, 4.4511096e-01, 5.8147143e-01, 1.0000000e+00 
2699, 5.2031237e-01, 1.0000000e+00, 9.1439117e-01 
2700, 5.2031237e-01, 0.0000000e+00, 9.1439117e-01 
2701, 4.1185907e-01, 1.0000000e+00, 9.0605500e-01 
2702, 4.1185907e-01, 0.0000000e+00, 9.0605500e-01 
2703, 1.9454843e-01, 0.0000000e+00, 8.2418392e-01 
2704, 1.9454843e-01, 1.0000000e+00, 8.2418392e-01 
2705, 1.0963674e-02, 0.0000000e+00, 6.6077011e-01 
2706, 1.0000000e+00, 9.8341302e-01, 6.4577809e-01 
2707, 3.4693248e-01, 0.0000000e+00, 6.0889300e-01 
2708, 3.4693248e-01, 1.0000000e+00, 6.0889300e-01 
2709, 5.6254842e-01, 0.0000000e+00, 2.1079183e-01 
2710, 5.6254842e-01, 1.0000000e+00, 2.1079183e-01 
2711, 1.5431661e-01, 5.5943497e-01, 0.0000000e+00 
2712, 1.5431661e-01, 5.5943497e-01, 1.0000000e+00 
2713, 8.2035616e-01, 6.2252888e-01, 1.0000000e+00 
2714, 8.2035616e-01, 6.2252888e-01, 0.0000000e+00 
2715, 1.0000000e+00, 5.9246966e-01, 1.6001119e-01 
2716, 0.0000000e+00, 5.9246966e-01, 1.6001119e-01 
2717, 5.4986976e-01, 2.7490226e-01, 1.0000000e+00 
2718, 5.4986976e-01, 2.7490226e-01, 0.0000000e+00 
2719, 1.0381458e-01, 1.0000000e+00, 6.1971283e-01 
2720, 1.0381458e-01, 0.0000000e+00, 6.1971283e-01 
2721, 6.4993749e-02, 1.0000000e+00, 5.9347101e-01 
2722, 6.4993749e-02, 0.0000000e+00, 5.9347101e-01 
2723, 0.0000000e+00, 7.2697831e-01, 8.5534263e-01 
2724, 1.0000000e+00, 7.2697831e-01, 8.5534263e-01 
2725, 1.0000000e+00, 8.7969593e-01, 4.0506579e-01 
2726, 0.0000000e+00, 8.7969593e-01, 4.0506579e-01 
2727, 7.9250683e-01, 1.9823561e-01, 0.0000000e+00 
2728, 7.9250683e-01, 1.9823561e-01, 1.0000000e+00 
2729, 2.1315041e-01, 0.0000000e+00, 2.1361957e-01 
2730, 2.1315041e-01, 1.0000000e+00, 2.1361957e-01 
2731, 6.3109718e-01, 5.6989736e-01, 1.7347235e-18 
2732, 6.3109718e-01, 5.6989736e-01, 1.0000000e+00 
2733, 6.3310135e-01, 5.5855815e-01, 1.7347235e-18 
2734, 6.3310135e-01, 5.5855815e-01, 1.0000000e+00 
2735, 5.7628255e-01, 1.0000000e+00, 3.9289791e-01 
2736, 5.7628255e-01, 0.0000000e+00, 3.9289791e-01 
2737, 7.6147435e-01, 1.0000000e+00, 9.0070439e-01 
2738, 7.6147435e-01, 0.0000000e+00, 9.0070439e-01 
2739, 5.8221693e-01, 4.4962136e-02, 1.0000000e+00 
2740, 5.8221693e-01, 4.4962136e-02, 0.0000000e+00 
2741, 0.0000000e+00, 8.4502501e-01, 4.7422670e-01 
2742, 1.0000000e+00, 8.4502501e-01, 4.7422670e-01 
2743, 3.4294751e-01, 1.0000000e+00, 2.0130001e-01 
2744, 3.4294751e-01, 0.0000000e+00, 2.0130001e-01 
2745, 9.0365706e-01, 6.2743889e-01, 1.0000000e+00 
2746, 9.0365706e-01, 6.2743889e-01, 0.0000000e+00 
2747, 7.5307186e-01, 6.6243704e-01, 1.0000000e+00 
2748, 7.5307186e-01, 6.6243704e-01, 0.0000000e+00 
2749, 1.6327465e-01, 1.0000000e+00, 6.6508934e-01 
2750, 1.6327465e-01, 0.0000000e+00, 6.6508934e-01 
2751, 8.8187487e-01, 0.0000000e+00, 6.5545114e-02 
2752, 8.8187487e-01, 1.0000000e+00, 6.5545114e-02 
2753, 7.1330438e-01, 0.0000000e+00, 6.5776941e-01 
2754, 7.1330438e-01, 1.0000000e+00, 6.5776941e-01 
2755, 6.6551846e-01, 0.0000000e+00, 6.9708228e-01 
2756, 6.6551846e-01, 1.0000000e+00, 6.9708228e-01 
2757, 6.1666837e-01, 1.0000000e+00, 7.1860634e-01 
2758, 6.1666837e-01, 0.0000000e+00, 7.1860634e-01 
2759, 7.3630612e-01, 0.0000000e+00, 3.3216051e-01 
2760, 7.3630612e-01, 1.0000000e+00, 3.3216051e-01 
2761, 8.3834045e-01, 8.9879340e-01, 1.0000000e+00 
2762, 8.3834045e-01, 8.9879340e-01, 0.0000000e+00 
2763, 4.8183735e-01, 0.0000000e+00, 7.6239276e-01 
2764, 4.8183735e-01, 1.0000000e+00, 7.6239276e-01 
2765, 0.0000000e+00, 7.3159810e-01, 9.3393650e-01 
2766, 9.3525329e-01, 7.6762652e-01, 0.0000000e+00 
2767, 8.7721386e-02, 2.6617091e-01, 1.0000000e+00 
2768, 8.7721386e-02, 2.6617091e-01, 0.0000000e+00 
2769, 0.0000000e+00, 2.3557888e-01, 8.8981688e-01 
2770, 1.0000000e+00, 2.3557888e-01, 8.8981688e-01 
2771, 9.0523270e-01, 1.9328362e-01, 1.0000000e+00 
2772, 9.0523270e-01, 1.9328362e-01, 0.0000000e+00 
2773, 9.5849970e-01, 1.0209078e-01, 1.0000000e+00 
2774, 9.5849970e-01, 1.0209078e-01, 0.0000000e+00 
2775, 1.0000000e+00, 2.5567928e-01, 5.3665881e-01 
2776, 0.0000000e+00, 2.5567928e-01, 5.3665881e-01 
2777, 1.0000000e+00, 2.8525012e-01, 5.3944609e-01 
2778, 0.0000000e+00, 2.8525012e-01, 5.3944609e-01 
2779, 6.7483840e-01, 4.9636843e-01, 1.0000000e+00 
2780, 6.7483840e-01, 4.9636843e-01, 0.0000000e+00 
2781, 5.9129709e-01, 5.1204777e-01, 1.0000000e+00 
2782, 5.9129709e-01, 5.1204777e-01, 0.0000000e+00 
2783, 1.0000000e+00, 2.9578168e-01, 3.6566501e-01 
2784, 0.0000000e+00, 2.9578168e-01, 3.6566501e-01 
2785, 8.0175045e-01, 4.8917901e-01, 0.0000000e+00 
2786, 8.0175045e-01, 4.8917901e-01, 1.0000000e+00 
2787, 7.9318555e-01, 4.4933718e-01, 0.0000000e+00 
2788, 7.9318555e-01, 4.4933718e-01, 1.0000000e+00 
2789, 1.0000000e+00, 3.6499591e-01, 6.1493189e-01 
2790, 0.0000000e+00, 3.6499591e-01, 6.1493189e-01 
2791, 7.6043304e-01, 9.3963718e-01, 0.0000000e+00 
2792, 7.6043304e-01, 9.3963718e-01, 1.0000000e+00 
2793, 1.0000000e+00, 5.4661592e-01, 7.7084618e-01 
2794, 0.0000000e+00, 5.4661592e-01, 7.7084618e-01 
2795, 1.0000000e+00, 6.4551826e-01, 8.2655804e-01 
2796, 0.0000000e+00, 6.4551826e-01, 8.2655804e-01 
2797, 9.1817494e-01, 6.5493520e-01, 1.0000000e+00 
2798, 9.1817494e-01, 6.5493520e-01, 0.0000000e+00 
2799, 2.6089981e-01, 3.4694470e-18, 1.4366324e-01 
2800, 2.6089981e-01, 1.0000000e+00, 1.4366324e-01 
2801, 6.6431276e-01, 4.6590853e-01, 1.0000000e+00 
2802, 6.6431276e-01, 4.6590853e-01, 0.0000000e+00 
2803, 6.1734336e-01, 4.5574219e-01, 1.0000000e+00 
2804, 6.1734336e-01, 4.5574219e-01, 0.0000000e+00 
2805, 1.6823441e-01, 0.0000000e+00, 3.9152659e-01 
2806, 1.6823441e-01, 1.0000000e+00, 3.9152659e-01 
2807, 1.0216446e-01, 0.0000000e+00, 4.1912691e-01 
2808, 1.0000000e+00, 9.3236607e-01, 4.1166704e-01 
2809, 1.3352141e-01, 0.0000000e+00, 4.2335734e-01 
2810, 1.3352141e-01, 1.0000000e+00, 4.2335734e-01 
2811, 0.0000000e+00, 1.7528605e-01, 3.2565588e-01 
2812, 1.0000000e+00, 1.7528605e-01, 3.2565588e-01 
2813, 3.4694470e-18, 1.6545743e-01, 3.2656386e-01 
2814, 1.0000000e+00, 1.6545743e-01, 3.2656386e-01 
2815, 0.0000000e+00, 3.7823079e-02, 7.1518496e-01 
2816, 9.2191763e-01, 1.0000000e+00, 6.8409383e-01 
2817, 5.0633476e-01, 0.0000000e+00, 6.7073916e-01 
2818, 5.0633476e-01, 1.0000000e+00, 6.7073916e-01 
2819, 9.9839012e-02, 6.4845706e-01, 1.0000000e+00 
2820, 9.9839012e-02, 6.4845706e-01, 0.0000000e+00 
2821, 0.0000000e+00, 6.9372850e-01, 8.4392563e-01 
2822, 1.0000000e+00, 6.9372850e-01, 8.4392563e-01 
2823, 1.0000000e+00, 5.6126504e-01, 2.3685358e-01 
2824, 0.0000000e+00, 5.6126504e-01, 2.3685358e-01 
2825, 7.7646137e-01, 5.2460471e-01, 0.0000000e+00 
2826, 7.7646137e-01, 5.2460471e-01, 1.0000000e+00 
2827, 7.7756129e-01, 5.1546492e-01, 0.0000000e+00 
2828, 7.7756129e-01, 5.1546492e-01, 1.0000000e+00 
2829, 7.2618948e-01, 1.0000000e+00, 6.0485872e-01 
2830, 7.2618948e-01, 0.0000000e+00, 6.0485872e-01 
2831, 1.0000000e+00, 6.8952537e-02, 9.1726376e-01 
2832, 3.3835981e-02, 1.0000000e+00, 8.4661685e-01 
2833, 3.9795903e-01, 7.9913398e-01, 0.0000000e+00 
2834, 3.9795903e-01, 7.9913398e-01, 1.0000000e+00 
2835, 0.0000000e+00, 4.9189620e-01, 9.0679886e-01 
2836, 1.0000000e+00, 4.9189620e-01, 9.0679886e-01 
2837, 9.2325664e-01, 1.0000000e+00, 4.5806880e-01 
2838, 9.2325664e-01, 0.0000000e+00, 4.5806880e-01 
2839, 9.4713858e-01, 1.0000000e+00, 4.5511548e-01 
2840, 0.0000000e+00, 1.8431284e-02, 4.8535404e-01 
2841, 1.0000000e+00, 5.1296048e-01, 7.3461684e-01 
2842, 0.0000000e+00, 5.1296048e-01, 7.3461684e-01 
2843, 1.0000000e+00, 6.0818374e-01, 6.0820518e-01 
2844, 0.0000000e+00, 6.0818374e-01, 6.0820518e-01 
2845, 0.0000000e+00, 1.3714772e-01, 1.7967990e-01 
2846, 1.0000000e+00, 1.3714772e-01, 1.7967990e-01 
2847, 0.0000000e+00, 1.3331001e-01, 2.2352940e-01 
2848, 1.0000000e+00, 1.3331001e-01, 2.2352940e-01 
2849, 1.0000000e+00, 1.1511449e-01, 8.9731743e-01 
2850, 0.0000000e+00, 1.1511449e-01, 8.9731743e-01 
2851, 5.2006891e-01, 5.2831219e-01, 1.0000000e+00 
2852, 5.2006891e-01, 5.2831219e-01, 0.0000000e+00 
2853, 2.4678491e-01, 1.0000000e+00, 7.2397852e-02 
2854, 2.4678491e-01, 0.0000000e+00, 7.2397852e-02 
2855, 0.0000000e+00, 1.7716133e-01, 1.4532227e-01 
2856, 1.0000000e+00, 1.7716133e-01, 1.4532227e-01 
2857, 6.8784398e-02, 2.4165052e-01, 0.0000000e+00 
2858, 6.8784398e-02, 2.4165052e-01, 1.0000000e+00 
2859, 1.0950474e-02, 1.4777679e-01, 0.0000000e+00 
2860, 1.0000000e+00, 1.2647716e-01, 9.7136609e-01 
2861, 5.0549561e-01, 7.2608430e-01, 0.0000000e+00 
2862, 5.0549561e-01, 7.2608430e-01, 1.0000000e+00 
2863, 4.9525705e-01, 7.6458343e-01, 0.0000000e+00 
2864, 4.9525705e-01, 7.6458343e-01, 1.0000000e+00 
2865, 3.2031493e-01, 1.0854569e-01, 0.0000000e+00 
2866, 3.3978316e-01, 1.0000000e+00, 8.9638725e-01 
2867, 3.2113668e-01, 1.1423541e-01, 0.0000000e+00 
2868, 3.2113668e-01, 1.1423541e-01, 1.0000000e+00 
2869, 3.7251198e-02, 8.6271270e-01, 1.0000000e+00 
2870, 3.7251198e-02, 8.6271270e-01, 0.0000000e+00 
2871, 0.0000000e+00, 7.7008576e-01, 8.6594977e-01 
2872, 1.0000000e+00, 7.7008576e-01, 8.6594977e-01 
2873, 1.8486463e-01, 0.0000000e+00, 2.1785804e-01 
2874, 1.8486463e-01, 1.0000000e+00, 2.1785804e-01 
2875, 2.4486246e-01, 0.0000000e+00, 1.0275508e-01 
2876, 2.4486246e-01, 1.0000000e+00, 1.0275508e-01 
2877, 3.9633161e-01, 5.7845216e-01, 0.0000000e+00 
2878, 3.9633161e-01, 5.7845216e-01, 1.0000000e+00 
2879, 4.1954947e-01, 2.4507098e-01, 1.0000000e+00 
2880, 4.1954947e-01, 2.4507098e-01, 0.0000000e+00 
2881, 5.0850926e-01, 1.0000000e+00, 6.7279601e-02 
2882, 5.0850926e-01, 0.0000000e+00, 6.7279601e-02 
2883, 4.7158289e-01, 1.0000000e+00, 1.2942111e-01 
2884, 4.7158289e-01, 0.0000000e+00, 1.2942111e-01 
2885, 1.4260451e-01, 4.1815669e-01, 0.0000000e+00 
2886, 1.4260451e-01, 4.1815669e-01, 1.0000000e+00 
2887, 4.6053735e-01, 2.3213820e-01, 0.0000000e+00 
2888, 4.6053735e-01, 2.3213820e-01, 1.0000000e+00 
2889, 5.3818491e-01, 1.0000000e+00, 5.9566025e-01 
2890, 5.3818491e-01, 0.0000000e+00, 5.9566025e-01 
2891, 5.6964710e-01, 1.0000000e+00, 5.7677299e-01 
2892, 5.6964710e-01, 0.0000000e+00, 5.7677299e-01 
2893, 1.0000000e+00, 5.1771439e-02, 3.2284637e-01 
2894, 0.0000000e+00, 5.1771439e-02, 3.2284637e-01 
2895, 1.0000000e+00, 7.8122748e-02, 3.2145410e-01 
2896, 0.0000000e+00, 7.8122748e-02, 3.2145410e-01 
2897, 4.3613241e-01, 0.0000000e+00, 2.7778844e-01 
2898, 4.3613241e-01, 1.0000000e+00, 2.7778844e-01 
2899, 1.0000000e+00, 2.9792508e-01, 3.8623556e-01 
2900, 0.0000000e+00, 2.9792508e-01, 3.8623556e-01 
2901, 3.2003264e-01, 6.2076099e-01, 0.0000000e+00 
2902, 3.2003264e-01, 6.2076099e-01, 1.0000000e+00 
2903, 1.0000000e+00, 8.0792969e-01, 2.2155292e-01 
2904, 0.0000000e+00, 8.0792969e-01, 2.2155292e-01 
2905, 8.8364993e-01, 7.4116579e-01, 1.0000000e+00 
2906, 8.8364993e-01, 7.4116579e-01, 0.0000000e+00 
2907, 0.0000000e+00, 9.2416420e-01, 4.1323869e-01 
2908, 1.0000000e+00, 9.2416420e-01, 4.1323869e-01 
2909, 2.2925964e-01, 1.0000000e+00, 4.6739162e-01 
2910, 2.2925964e-01, 0.0000000e+00, 4.6739162e-01 
2911, 2.9172120e-02, 1.0324346e-01, 1.0000000e+00 
2912, 1.0000000e+00, 1.4190016e-01, 1.0330838e-01 
2913, 3.0458054e-02, 1.0626746e-01, 1.0000000e+00 
2914, 3.0458054e-02, 1.0626746e-01, 0.0000000e+00 
2915, 0.0000000e+00, 1.0828230e-01, 9.5579230e-01 
2916, 1.0000000e+00, 1.0828230e-01, 9.5579230e-01 
2917, 4.1156633e-01, 1.6514058e-01, 1.3877788e-17 
2918, 4.1156633e-01, 1.6514058e-01, 1.0000000e+00 
2919, 3.0836057e-01, 0.0000000e+00, 1.9593184e-01 
2920, 3.0836057e-01, 1.0000000e+00, 1.9593184e-01 
2921, 0.0000000e+00, 3.4154129e-01, 7.3703985e-01 
2922, 1.0000000e+00, 3.4154129e-01, 7.3703985e-01 
2923, 7.1470032e-01, 0.0000000e+00, 4.3015060e-01 
2924, 7.1470032e-01, 1.0000000e+00, 4.3015060e-01 
2925, 1.0000000e+00, 7.7683552e-01, 3.6272547e-01 
2926, 0.0000000e+00, 7.7683552e-01, 3.6272547e-01 
2927, 5.2728831e-01, 0.0000000e+00, 3.2348006e-01 
2928, 5.2728831e-01, 1.0000000e+00, 3.2348006e-01 
2929, 6.2625243e-01, 1.0000000e+00, 3.6666005e-01 
2930, 6.2625243e-01, 0.0000000e+00, 3.6666005e-01 
2931, 7.2051202e-01, 7.9480608e-01, 0.0000000e+00 
2932, 7.2051202e-01, 7.9480608e-01, 1.0000000e+00 
2933, 7.3417181e-01, 8.0974215e-01, 0.0000000e+00 
2934, 7.3417181e-01, 8.0974215e-01, 1.0000000e+00 
2935, 1.5280551e-01, 0.0000000e+00, 4.4327505e-01 
2936, 1.5280551e-01, 1.0000000e+00, 4.4327505e-01 
2937, 1.3022383e-01, 0.0000000e+00, 1.3735242e-01 
2938, 1.3022383e-01, 1.0000000e+00, 1.3735242e-01 
2939, 5.9221926e-01, 0.0000000e+00, 6.9156944e-01 
2940, 5.9221926e-01, 1.0000000e+00, 6.9156944e-01 
2941, 1.8351702e-01, 1.0000000e+00, 2.6463414e-01 
2942, 1.8351702e-01, 0.0000000e+00, 2.6463414e-01 
2943, 0.0000000e+00, 1.6294110e-01, 5.2611686e-02 
2944, 9.1845293e-01, 1.0000000e+00, 2.8810828e-02 
2945, 0.0000000e+00, 1.6572883e-01, 4.7825948e-02 
2946, 9.7329642e-01, 1.3569075e-01, 1.0000000e+00 
2947, 2.2676474e-01, 3.6314854e-01, 1.0000000e+00 
2948, 2.2676474e-01, 3.6314854e-01, 0.0000000e+00 
2949, 6.0369987e-01, 1.0000000e+00, 7.1689997e-01 
2950, 6.0369987e-01, 0.0000000e+00, 7.1689997e-01 
2951, 0.0000000e+00, 5.9134306e-01, 2.6389209e-02 
2952, 1.0000000e+00, 5.9134306e-01, 2.6389209e-02 
2953, 1.3877788e-17, 5.9807842e-01, 5.9320032e-02 
2954, 1.0000000e+00, 5.9807842e-01, 5.9320032e-02 
2955, 3.5683877e-01, 1.4797571e-02, 1.0000000e+00 
2956, 3.5683877e-01, 1.4797571e-02, 0.0000000e+00 
2957, 1.0000000e+00, 1.4509422e-01, 2.1381063e-01 
2958, 0.0000000e+00, 1.4509422e-01, 2.1381063e-01 
2959, 7.5706173e-01, 3.0293622e-01, 0.0000000e+00 
2960, 7.5706173e-01, 3.0293622e-01, 1.0000000e+00 
2961, 0.0000000e+00, 2.3790775e-02, 4.7732525e-01 
2962, 1.0000000e+00, 2.3790775e-02, 4.7732525e-01 
2963, 1.0070063e-01, 1.0000000e+00, 2.8785776e-01 
2964, 1.0070063e-01, 0.0000000e+00, 2.8785776e-01 
2965, 8.5506765e-02, 1.0000000e+00, 3.0779484e-01 
2966, 8.5506765e-02, 0.0000000e+00, 3.0779484e-01 
2967, 7.2140867e-01, 4.6557166e-01, 1.0000000e+00 
2968, 7.2140867e-01, 4.6557166e-01, 0.0000000e+00 
2969, 1.0000000e+00, 7.8531259e-01, 5.9788270e-01 
2970, 0.0000000e+00, 7.8531259e-01, 5.9788270e-01 
2971, 1.0000000e+00, 6.9194491e-01, 6.4323340e-01 
2972, 0.0000000e+00, 6.9194491e-01, 6.4323340e-01 
2973, 7.4862100e-01, 6.4974968e-01, 1.0000000e+00 
2974, 7.4862100e-01, 6.4974968e-01, 0.0000000e+00 
2975, 4.8187146e-01, 0.0000000e+00, 1.7589390e-01 
2976, 4.8187146e-01, 1.0000000e+00, 1.7589390e-01 
2977, 6.2399071e-01, 6.9969403e-01, 1.3877788e-17 
2978, 6.2399071e-01, 6.9969403e-01, 1.0000000e+00 
2979, 1.0000000e+00, 3.4357170e-01, 6.8381332e-01 
2980, 0.0000000e+00, 3.4357170e-01, 6.8381332e-01 
2981, 1.0000000e+00, 6.8481818e-01, 2.7502528e-01 
2982, 0.0000000e+00, 6.8481818e-01, 2.7502528e-01 
2983, 0.0000000e+00, 7.3994121e-01, 6.2407139e-01 
2984, 1.0000000e+00, 7.3994121e-01, 6.2407139e-01 
2985, 2.2998930e-01, 6.7500589e-02, 0.0000000e+00 
2986, 2.2998930e-01, 6.7500589e-02, 1.0000000e+00 
2987, 2.4160714e-01, 0.0000000e+00, 7.1169721e-02 
2988, 2.4160714e-01, 1.0000000e+00, 7.1169721e-02 
2989, 4.8799794e-01, 1.0000000e+00, 3.2187614e-01 
2990, 4.8799794e-01, 0.0000000e+00, 3.2187614e-01 
2991, 4.5563845e-01, 0.0000000e+00, 5.8717587e-01 
2992, 4.5563845e-01, 1.0000000e+00, 5.8717587e-01 
2993, 5.8598957e-01, 9.0753262e-01, 0.0000000e+00 
2994, 5.8598957e-01, 9.0753262e-01, 1.0000000e+00 
2995, 0.0000000e+00, 2.4609367e-01, 1.6169676e-01 
2996, 1.0000000e+00, 2.4609367e-01, 1.6169676e-01 
2997, 7.3978593e-01, 6.3429402e-01, 1.0000000e+00 
2998, 7.3978593e-01, 6.3429402e-01, 0.0000000e+00 
2999, 9.8614017e-02, 3.1710539e-02, 1.0000000e+00 
3000, 1.0000000e+00, 1.2865875e-01, 1.5036445e-01 
3001, 1.2217545e-01, 0.0000000e+00, 9.7750834e-01 
3002, 1.3215311e-01, 9.6620210e-01, 0.0000000e+00 
3003, 6.4897159e-01, 1.0000000e+00, 9.8174218e-01 
3004, 6.4897159e-01, 0.0000000e+00, 9.8174218e-01 
3005, 0.0000000e+00, 5.1696406e-01, 9.0482212e-01 
3006, 1.0000000e+00, 5.1696406e-01, 9.0482212e-01 
3007, 1.3877788e-17, 4.9601428e-01, 9.2030680e-01 
3008, 1.0000000e+00, 4.9601428e-01, 9.2030680e-01 
3009, 4.3505967e-01, 4.8417337e-01, 0.0000000e+00 
3010, 4.3505967e-01, 4.8417337e-01, 1.0000000e+00 
3011, 7.7983730e-02, 4.2995346e-01, 1.0000000e+00 
3012, 7.7983730e-02, 4.2995346e-01, 0.0000000e+00 
3013, 1.0000000e+00, 3.2239154e-01, 9.7087767e-01 
3014, 3.3375455e-02, 3.3678611e-01, 0.0000000e+00 
3015, 6.5926713e-01, 9.6144677e-01, 0.0000000e+00 
3016, 6.5926713e-01, 9.6144677e-01, 1.0000000e+00 
3017, 8.1432137e-01, 9.9291669e-02, 0.0000000e+00 
3018, 8.1432137e-01, 9.9291669e-02, 1.0000000e+00 
3019, 9.1555757e-01, 0.0000000e+00, 2.8955239e-02 
3020, 9.1555757e-01, 1.0000000e+00, 2.8955239e-02 
3021, 3.5471397e-01, 6.4931010e-01, 1.0000000e+00 
3022, 3.5471397e-01, 6.4931010e-01, 0.0000000e+00 
3023, 5.6547520e-01, 0.0000000e+00, 3.6260176e-01 
3024, 5.6547520e-01, 1.0000000e+00, 3.6260176e-01 
3025, 2.3020058e-01, 6.8332325e-02, 0.0000000e+00 
3026, 2.3020058e-01, 6.8332325e-02, 1.0000000e+00 
3027, 7.7234996e-02, 0.0000000e+00, 2.9960342e-01 
3028, 7.7234996e-02, 1.0000000e+00, 2.9960342e-01 
3029, 2.4284837e-01, 3.8257115e-01, 0.0000000e+00 
3030, 2.4284837e-01, 3.8257115e-01, 1.0000000e+00 
3031, 3.2428499e-01, 6.8988615e-01, 1.0000000e+00 
3032, 3.2428499e-01, 6.8988615e-01, 0.0000000e+00 
3033, 7.6873782e-01, 7.8308626e-01, 3.4694470e-18 
3034, 7.6873782e-01, 7.8308626e-01, 1.0000000e+00 
3035, 4.7371735e-01, 1.0000000e+00, 1.6709623e-01 
3036, 4.7371735e-01, 0.0000000e+00, 1.6709623e-01 
3037, 2.1782879e-01, 0.0000000e+00, 2.3223002e-01 
3038, 2.1782879e-01, 1.0000000e+00, 2.3223002e-01 
3039, 7.6177974e-01, 6.6208624e-01, 1.0000000e+00 
3040, 7.6177974e-01, 6.6208624e-01, 0.0000000e+00 
3041, 1.0000000e+00, 6.1353197e-01, 2.5136400e-01 
3042, 0.0000000e+00, 6.1353197e-01, 2.5136400e-01 
3043, 0.0000000e+00, 7.1767852e-01, 2.9459202e-01 
3044, 1.0000000e+00, 7.1767852e-01, 2.9459202e-01 
3045, 1.0000000e+00, 2.9993455e-01, 4.6176017e-01 
3046, 0.0000000e+00, 2.9993455e-01, 4.6176017e-01 
3047, 9.1378402e-01, 1.0000000e+00, 4.0835735e-01 
3048, 9.1378402e-01, 0.0000000e+00, 4.0835735e-01 
3049, 3.3351917e-01, 9.9154700e-02, 1.0000000e+00 
3050, 3.3351917e-01, 9.9154700e-02, 0.0000000e+00 
3051, 2.5816690e-01, 1.2945264e-01, 1.0000000e+00 
3052, 2.5816690e-01, 1.2945264e-01, 0.0000000e+00 
3053, 5.3506474e-01, 6.2353028e-01, 0.0000000e+00 
3054, 5.3506474e-01, 6.2353028e-01, 1.0000000e+00 
3055, 9.3185056e-01, 0.0000000e+00, 6.0701432e-01 
3056, 9.3185056e-01, 1.0000000e+00, 6.0701432e-01 
3057, 9.3658770e-01, 0.0000000e+00, 6.0439436e-01 
3058, 0.0000000e+00, 9.2772350e-01, 5.7531996e-01 
3059, 3.5710814e-01, 0.0000000e+00, 2.4537628e-01 
3060, 3.5710814e-01, 1.0000000e+00, 2.4537628e-01 
3061, 4.7693971e-01, 0.0000000e+00, 2.8620427e-01 
3062, 4.7693971e-01, 1.0000000e+00, 2.8620427e-01 
3063, 3.1689231e-01, 1.0000000e+00, 2.3245334e-01 
3064, 3.1689231e-01, 0.0000000e+00, 2.3245334e-01 
3065, 9.5958111e-01, 0.0000000e+00, 5.2527461e-01 
3066, 9.5958111e-01, 1.0000000e+00, 5.2527461e-01 
3067, 2.3794994e-02, 3.6439298e-01, 1.0000000e+00 
3068, 2.3794994e-02, 3.6439298e-01, 0.0000000e+00 
3069, 1.0000000e+00, 4.1900904e-01, 5.9947504e-01 
3070, 0.0000000e+00, 4.1900904e-01, 5.9947504e-01 
3071, 4.3145992e-01, 1.0000000e+00, 6.5560887e-01 
3072, 4.3145992e-01, 0.0000000e+00, 6.5560887e-01 
3073, 7.1117169e-01, 1.0000000e+00, 4.8607719e-01 
3074, 7.1117169e-01, 0.0000000e+00, 4.8607719e-01 
3075, 3.0130827e-01, 1.0000000e+00, 8.2874867e-01 
3076, 3.0130827e-01, 0.0000000e+00, 8.2874867e-01 
3077, 2.9865349e-01, 1.0000000e+00, 8.4109366e-01 
3078, 2.9865349e-01, 0.0000000e+00, 8.4109366e-01 
3079, 1.0000000e+00, 6.4100119e-01, 5.4642202e-01 
3080, 0.0000000e+00, 6.4100119e-01, 5.4642202e-01 
3081, 0.0000000e+00, 6.5504937e-01, 7.3900269e-01 
3082, 1.0000000e+00, 6.5504937e-01, 7.3900269e-01 
3083, 5.2564461e-01, 0.0000000e+00, 5.3472861e-01 
3084, 5.2564461e-01, 1.0000000e+00, 5.3472861e-01 
3085, 4.0702093e-01, 5.0491397e-01, 0.0000000e+00 
3086, 4.0702093e-01, 5.0491397e-01, 1.0000000e+00 
3087, 1.0000000e+00, 6.1464042e-01, 8.9707348e-01 
3088, 0.0000000e+00, 6.1464042e-01, 8.9707348e-01 
3089, 1.0000000e+00, 5.7674887e-01, 8.9113913e-01 
3090, 0.0000000e+00, 5.7674887e-01, 8.9113913e-01 
3091, 4.2169852e-01, 9.1653818e-02, 0.0000000e+00 
3092, 4.2169852e-01, 9.1653818e-02, 1.0000000e+00 
3093, 1.0000000e+00, 1.7157784e-01, 8.3389194e-01 
3094, 0.0000000e+00, 1.7157784e-01, 8.3389194e-01 
3095, 4.9695613e-01, 0.0000000e+00, 3.4054637e-01 
3096, 4.9695613e-01, 1.0000000e+00, 3.4054637e-01 
3097, 5.4770609e-01, 0.0000000e+00, 3.7304338e-01 
3098, 5.4770609e-01, 1.0000000e+00, 3.7304338e-01 
3099, 3.1801373e-01, 1.0000000e+00, 1.6658046e-01 
3100, 3.1801373e-01, 0.0000000e+00, 1.6658046e-01 
3101, 0.0000000e+00, 4.6369214e-01, 7.8229754e-01 
3102, 1.0000000e+00, 4.6369214e-01, 7.8229754e-01 
3103, 0.0000000e+00, 5.0103284e-01, 7.9549192e-01 
3104, 1.0000000e+00, 5.0103284e-01, 7.9549192e-01 
3105, 3.1681106e-01, 1.0000000e+00, 2.3425321e-01 
3106, 3.1681106e-01, 0.0000000e+00, 2.3425321e-01 
3107, 5.0517330e-01, 3.8924393e-01, 0.0000000e+00 
3108, 5.0517330e-01, 3.8924393e-01, 1.0000000e+00 
3109, 3.7465124e-01, 1.0000000e+00, 7.1123838e-02 
3110, 3.7465124e-01, 0.0000000e+00, 7.1123838e-02 
3111, 5.2876997e-01, 9.1664651e-01, 6.9388939e-18 
3112, 5.2876997e-01, 9.1664651e-01, 1.0000000e+00 
3113, 5.6881747e-01, 0.0000000e+00, 6.7909255e-01 
3114, 5.6881747e-01, 1.0000000e+00, 6.7909255e-01 
3115, 2.2232593e-01, 1.0000000e+00, 2.4343537e-01 
3116, 2.2232593e-01, 0.0000000e+00, 2.4343537e-01 
3117, 7.6108284e-01, 2.8859606e-01, 0.0000000e+00 
3118, 7.6108284e-01, 2.8859606e-01, 1.0000000e+00 
3119, 7.9871476e-01, 2.2537326e-01, 0.0000000e+00 
3120, 7.9871476e-01, 2.2537326e-01, 1.0000000e+00 
3121, 7.7837245e-01, 2.1677542e-01, 0.0000000e+00 
3122, 7.7837245e-01, 2.1677542e-01, 1.0000000e+00 
3123, 8.5334318e-01, 1.7526549e-01, 3.4694470e-18 
3124, 8.5334318e-01, 1.7526549e-01, 1.0000000e+00 
3125, 3.6534240e-01, 1.0000000e+00, 1.6634808e-01 
3126, 3.6534240e-01, 0.0000000e+00, 1.6634808e-01 
3127, 7.2969403e-01, 3.8108784e-01, 0.0000000e+00 
3128, 7.2969403e-01, 3.8108784e-01, 1.0000000e+00 
3129, 2.3346419e-01, 1.0000000e+00, 5.1815396e-01 
3130, 2.3346419e-01, 0.0000000e+00, 5.1815396e-01 
3131, 1.0000000e+00, 1.1951938e-01, 6.5732281e-01 
3132, 0.0000000e+00, 1.1951938e-01, 6.5732281e-01 
3133, 5.6010152e-01, 9.0631192e-01, 0.0000000e+00 
3134, 5.6010152e-01, 9.0631192e-01, 1.0000000e+00 
3135, 9.3693828e-01, 4.1108231e-01, 1.0000000e+00 
3136, 9.3693828e-01, 4.1108231e-01, 0.0000000e+00 
3137, 4.1547217e-01, 1.0000000e+00, 2.4974859e-01 
3138, 4.1547217e-01, 0.0000000e+00, 2.4974859e-01 
3139, 3.4291034e-01, 1.0000000e+00, 1.5946191e-01 
3140, 3.4291034e-01, 0.0000000e+00, 1.5946191e-01 
3141, 1.0000000e+00, 7.3174445e-01, 2.9913818e-02 
3142, 0.0000000e+00, 7.3174445e-01, 2.9913818e-02 
3143, 1.0000000e+00, 7.4084409e-01, 9.7143915e-02 
3144, 0.0000000e+00, 7.4084409e-01, 9.7143915e-02 
3145, 1.0000000e+00, 5.3971338e-01, 2.0024184e-01 
3146, 0.0000000e+00, 5.3971338e-01, 2.0024184e-01 
3147, 1.0000000e+00, 5.4133914e-01, 1.8341826e-01 
3148, 0.0000000e+00, 5.4133914e-01, 1.8341826e-01 
3149, 1.2256531e-01, 8.3632881e-01, 1.0000000e+00 
3150, 1.2256531e-01, 8.3632881e-01, 0.0000000e+00 
3151, 1.4798310e-01, 8.6762615e-01, 1.0000000e+00 
3152, 1.4798310e-01, 8.6762615e-01, 0.0000000e+00 
3153, 5.6830231e-01, 7.0934835e-01, 1.0000000e+00 
3154, 5.6830231e-01, 7.0934835e-01, 0.0000000e+00 
3155, 5.0483968e-01, 8.1236913e-01, 1.0000000e+00 
3156, 5.0483968e-01, 8.1236913e-01, 0.0000000e+00 
3157, 9.5763483e-02, 3.5840359e-01, 1.0000000e+00 
3158, 9.5763483e-02, 3.5840359e-01, 0.0000000e+00 
3159, 0.0000000e+00, 4.1731886e-01, 9.1824856e-01 
3160, 1.0000000e+00, 4.1731886e-01, 9.1824856e-01 
3161, 5.2938794e-02, 3.6394615e-01, 1.0000000e+00 
3162, 1.0000000e+00, 3.6380464e-01, 4.2229682e-02 
3163, 9.3196069e-01, 7.7065126e-01, 1.0000000e+00 
3164, 9.3196069e-01, 7.7065126e-01, 0.0000000e+00 
3165, 5.6366513e-01, 0.0000000e+00, 6.0499634e-01 
3166, 5.6366513e-01, 1.0000000e+00, 6.0499634e-01 
3167, 7.3911847e-01, 0.0000000e+00, 7.5638782e-01 
3168, 7.3911847e-01, 1.0000000e+00, 7.5638782e-01 
3169, 6.4436699e-01, 2.1697147e-01, 0.0000000e+00 
3170, 6.4436699e-01, 2.1697147e-01, 1.0000000e+00 
3171, 1.0000000e+00, 7.4857952e-01, 9.7074227e-01 
3172, 1.0144369e-01, 8.6763728e-01, 0.0000000e+00 
3173, 1.0000000e+00, 7.4048152e-01, 9.7241791e-01 
3174, 3.8666334e-02, 7.0645820e-01, 0.0000000e+00 
3175, 1.0000000e+00, 4.0348623e-02, 7.8833954e-01 
3176, 3.1031669e-02, 1.0000000e+00, 7.7890917e-01 
3177, 5.8389978e-01, 1.0000000e+00, 4.0350212e-01 
3178, 5.8389978e-01, 0.0000000e+00, 4.0350212e-01 
3179, 5.3198653e-01, 6.6752542e-01, 1.0000000e+00 
3180, 5.3198653e-01, 6.6752542e-01, 0.0000000e+00 
3181, 9.1044892e-01, 1.3877788e-17, 7.1606077e-01 
3182, 9.1044892e-01, 1.0000000e+00, 7.1606077e-01 
3183, 0.0000000e+00, 7.0314018e-01, 2.8918033e-01 
3184, 1.0000000e+00, 7.0314018e-01, 2.8918033e-01 
3185, 0.0000000e+00, 7.0301933e-01, 3.1881867e-01 
3186, 1.0000000e+00, 7.0301933e-01, 3.1881867e-01 
3187, 1.0000000e+00, 6.6169346e-01, 5.7508382e-01 
3188, 0.0000000e+00, 6.6169346e-01, 5.7508382e-01 
3189, 1.0000000e+00, 8.1999212e-01, 5.9704714e-01 
3190, 0.0000000e+00, 8.1999212e-01, 5.9704714e-01 
3191, 9.8688129e-01, 7.4561175e-01, 0.0000000e+00 
3192, 9.8688129e-01, 7.4561175e-01, 1.0000000e+00 
3193, 1.0000000e+00, 5.5442106e-01, 2.3687751e-01 
3194, 0.0000000e+00, 5.5442106e-01, 2.3687751e-01 
3195, 6.6511183e-01, 5.0203115e-01, 0.0000000e+00 
3196, 6.6511183e-01, 5.0203115e-01, 1.0000000e+00 
3197, 7.6886168e-01, 5.1554277e-01, 0.0000000e+00 
3198, 7.6886168e-01, 5.1554277e-01, 1.0000000e+00 
3199, 6.8817321e-01, 5.6658790e-01, 0.0000000e+00 
3200, 6.8817321e-01, 5.6658790e-01, 1.0000000e+00 
3201, 0.0000000e+00, 3.9780124e-02, 1.8940521e-01 
3202, 1.0000000e+00, 3.9780124e-02, 1.8940521e-01 
3203, 0.0000000e+00, 6.5690063e-01, 3.2199364e-01 
3204, 1.0000000e+00, 6.5690063e-01, 3.2199364e-01 
3205, 0.0000000e+00, 1.3617690e-01, 7.8796211e-01 
3206, 1.0000000e+00, 1.3617690e-01, 7.8796211e-01 
3207, 1.1698067e-01, 0.0000000e+00, 7.2093836e-01 
3208, 1.1698067e-01, 1.0000000e+00, 7.2093836e-01 
3209, 1.0000000e+00, 8.6706905e-01, 2.5228205e-01 
3210, 0.0000000e+00, 8.6706905e-01, 2.5228205e-01 
3211, 7.9294719e-01, 1.3018815e-01, 0.0000000e+00 
3212, 7.9294719e-01, 1.3018815e-01, 1.0000000e+00 
3213, 9.1471782e-01, 9.5146636e-02, 0.0000000e+00 
3214, 9.1471782e-01, 9.5146636e-02, 1.0000000e+00 
3215, 8.7370915e-01, 0.0000000e+00, 4.0161780e-03 
3216, 8.7206693e-01, 9.9456718e-01, 1.0000000e+00 
3217, 8.9316434e-01, 0.0000000e+00, 6.6523287e-02 
3218, 8.9316434e-01, 1.0000000e+00, 6.6523287e-02 
3219, 5.7764340e-01, 1.2175232e-01, 0.0000000e+00 
3220, 5.9873576e-01, 1.0000000e+00, 8.7717896e-01 
3221, 7.2852328e-01, 7.6813231e-01, 0.0000000e+00 
3222, 7.2852328e-01, 7.6813231e-01, 1.0000000e+00 
3223, 6.4478435e-01, 0.0000000e+00, 8.7496999e-01 
3224, 6.4478435e-01, 1.0000000e+00, 8.7496999e-01 
3225, 6.1358210e-01, 0.0000000e+00, 9.0828569e-01 
3226, 6.1358210e-01, 1.0000000e+00, 9.0828569e-01 
3227, 1.0379099e-01, 1.7347235e-18, 9.2326170e-01 
3228, 1.0379099e-01, 1.0000000e+00, 9.2326170e-01 
3229, 8.9798168e-01, 6.5450783e-01, 1.0000000e+00 
3230, 8.9798168e-01, 6.5450783e-01, 0.0000000e+00 
3231, 9.9994026e-01, 6.3039389e-01, 1.0000000e+00 
3232, 0.0000000e+00, 6.3037694e-01, 2.6308198e-05 
3233, 8.5921823e-01, 5.1729976e-01, 0.0000000e+00 
3234, 8.5921823e-01, 5.1729976e-01, 1.0000000e+00 
3235, 1.0000000e+00, 5.4002367e-01, 4.4886030e-01 
3236, 0.0000000e+00, 5.4002367e-01, 4.4886030e-01 
3237, 1.0000000e+00, 4.9159053e-01, 5.8363876e-01 
3238, 0.0000000e+00, 4.9159053e-01, 5.8363876e-01 
3239, 1.0000000e+00, 2.3532723e-01, 1.5507410e-01 
3240, 0.0000000e+00, 2.3532723e-01, 1.5507410e-01 
3241, 1.0000000e+00, 1.3871940e-01, 1.7122972e-01 
3242, 0.0000000e+00, 1.3871940e-01, 1.7122972e-01 
3243, 5.9761605e-01, 2.2388212e-01, 0.0000000e+00 
3244, 5.9761605e-01, 2.2388212e-01, 1.0000000e+00 
3245, 5.1091151e-01, 3.1854254e-01, 0.0000000e+00 
3246, 5.1091151e-01, 3.1854254e-01, 1.0000000e+00 
3247, 6.3047295e-01, 0.0000000e+00, 9.3105638e-01 
3248, 6.3047295e-01, 1.0000000e+00, 9.3105638e-01 
3249, 0.0000000e+00, 8.5571519e-01, 6.7040505e-01 
3250, 1.0000000e+00, 8.5571519e-01, 6.7040505e-01 
3251, 1.7595534e-02, 1.0000000e+00, 6.7391972e-01 
3252, 1.0000000e+00, 9.3243208e-03, 6.5448236e-01 
3253, 3.9009918e-02, 1.0000000e+00, 7.9956350e-01 
3254, 1.0000000e+00, 3.0068346e-02, 8.4091460e-01 
3255, 0.0000000e+00, 1.6098158e-01, 8.1917122e-01 
3256, 1.0000000e+00, 1.6098158e-01, 8.1917122e-01 
3257, 0.0000000e+00, 1.5285348e-01, 8.7814042e-01 
3258, 1.0000000e+00, 1.5285348e-01, 8.7814042e-01 
3259, 0.0000000e+00, 1.5150427e-01, 1.5761353e-01 
3260, 1.0000000e+00, 1.5150427e-01, 1.5761353e-01 
3261, 5.1637619e-02, 2.8307955e-01, 0.0000000e+00 
3262, 1.0000000e+00, 3.1292091e-01, 9.6842708e-01 
3263, 2.9964113e-01, 9.4452102e-01, 1.0000000e+00 
3264, 2.9964113e-01, 9.4452102e-01, 0.0000000e+00 
3265, 0.0000000e+00, 8.2684696e-01, 1.8344197e-01 
3266, 1.0000000e+00, 8.2684696e-01, 1.8344197e-01 
3267, 5.8683423e-02, 0.0000000e+00, 3.4608374e-01 
3268, 5.8683423e-02, 1.0000000e+00, 3.4608374e-01 
3269, 2.4687225e-02, 3.7171965e-01, 1.0000000e+00 
3270, 2.4687225e-02, 3.7171965e-01, 0.0000000e+00 
3271, 5.4593823e-01, 0.0000000e+00, 2.8289141e-01 
3272, 5.4593823e-01, 1.0000000e+00, 2.8289141e-01 
3273, 9.6898689e-01, 1.0000000e+00, 5.3356041e-02 
3274, 9.6898689e-01, 0.0000000e+00, 5.3356041e-02 
3275, 5.5492338e-01, 9.3507956e-01, 1.0000000e+00 
3276, 5.5492338e-01, 9.3507956e-01, 0.0000000e+00 
3277, 3.1649261e-01, 9.4822602e-01, 1.0000000e+00 
3278, 3.1649261e-01, 9.4822602e-01, 0.0000000e+00 
3279, 0.0000000e+00, 3.6042618e-01, 9.3132597e-01 
3280, 1.0000000e+00, 3.6042618e-01, 9.3132597e-01 
3281, 7.1235272e-01, 4.8475310e-01, 0.0000000e+00 
3282, 7.1235272e-01, 4.8475310e-01, 1.0000000e+00 
3283, 9.6958310e-01, 0.0000000e+00, 7.2471821e-01 
3284, 9.6958310e-01, 1.0000000e+00, 7.2471821e-01 
3285, 1.0000000e+00, 8.2070529e-03, 7.5798537e-01 
3286, 7.0861448e-02, 1.0000000e+00, 7.7983187e-01 
3287, 4.6651722e-01, 1.8275203e-01, 1.0000000e+00 
3288, 4.6651722e-01, 1.8275203e-01, 0.0000000e+00 
3289, 4.0282773e-01, 1.0000000e+00, 4.4227249e-01 
3290, 4.0282773e-01, 0.0000000e+00, 4.4227249e-01 
3291, 1.9321189e-01, 1.3751429e-01, 0.0000000e+00 
3292, 1.9321189e-01, 1.3751429e-01, 1.0000000e+00 
3293, 1.0000000e+00, 8.3253657e-01, 1.3577066e-01 
3294, 0.0000000e+00, 8.3253657e-01, 1.3577066e-01 
3295, 9.0734694e-01, 7.2800183e-01, 0.0000000e+00 
3296, 9.0734694e-01, 7.2800183e-01, 1.0000000e+00 
3297, 0.0000000e+00, 6.8720728e-01, 1.4229170e-01 
3298, 1.0000000e+00, 6.8720728e-01, 1.4229170e-01 
3299, 0.0000000e+00, 6.9991591e-01, 2.7324942e-01 
3300, 1.0000000e+00, 6.9991591e-01, 2.7324942e-01 
3301, 1.0000000e+00, 5.5141351e-01, 9.4694874e-01 
3302, 0.0000000e+00, 5.5141351e-01, 9.4694874e-01 
3303, 1.0000000e+00, 4.3021494e-01, 9.3013776e-01 
3304, 0.0000000e+00, 4.3021494e-01, 9.3013776e-01 
3305, 8.4329215e-01, 0.0000000e+00, 3.4399663e-01 
3306, 8.4329215e-01, 1.0000000e+00, 3.4399663e-01 
3307, 8.2530122e-01, 0.0000000e+00, 3.8763451e-01 
3308, 8.2530122e-01, 1.0000000e+00, 3.8763451e-01 
3309, 8.8957501e-01, 0.0000000e+00, 4.1229103e-01 
3310, 8.8957501e-01, 1.0000000e+00, 4.1229103e-01 
3311, 2.5211773e-01, 1.0000000e+00, 2.5541133e-01 
3312, 2.5211773e-01, 0.0000000e+00, 2.5541133e-01 
3313, 0.0000000e+00, 9.3339051e-01, 9.0657234e-01 
3314, 1.0000000e+00, 9.3339051e-01, 9.0657234e-01 
3315, 8.6963685e-02, 9.1996444e-01, 1.0000000e+00 
3316, 8.6963685e-02, 9.1996444e-01, 0.0000000e+00 
3317, 7.1191902e-01, 0.0000000e+00, 8.9940289e-02 
3318, 7.1191902e-01, 1.0000000e+00, 8.9940289e-02 
3319, 0.0000000e+00, 9.0356756e-01, 5.3604524e-01 
3320, 1.0000000e+00, 9.0356756e-01, 5.3604524e-01 
3321, 0.0000000e+00, 9.5403625e-01, 4.7025932e-01 
3322, 1.0000000e+00, 9.5403625e-01, 4.7025932e-01 
3323, 2.9023704e-01, 1.0000000e+00, 7.0946402e-02 
3324, 2.9023704e-01, 0.0000000e+00, 7.0946402e-02 
3325, 3.1652599e-01, 1.0000000e+00, 4.0903306e-02 
3326, 3.1652599e-01, 0.0000000e+00, 4.0903306e-02 
3327, 7.3823435e-01, 1.0000000e+00, 3.2771076e-01 
3328, 7.3823435e-01, 0.0000000e+00, 3.2771076e-01 
3329, 5.1920382e-01, 5.5307850e-01, 0.0000000e+00 
3330, 5.1920382e-01, 5.5307850e-01, 1.0000000e+00 
3331, 5.4086057e-01, 6.6442341e-01, 0.0000000e+00 
3332, 5.4086057e-01, 6.6442341e-01, 1.0000000e+00 
3333, 2.6580885e-01, 1.0000000e+00, 3.7689083e-01 
3334, 2.6580885e-01, 0.0000000e+00, 3.7689083e-01 
3335, 6.3768304e-01, 4.3538278e-01, 0.0000000e+00 
3336, 6.3768304e-01, 4.3538278e-01, 1.0000000e+00 
3337, 5.4465974e-01, 0.0000000e+00, 6.1369420e-01 
3338, 5.4465974e-01, 1.0000000e+00, 6.1369420e-01 
3339, 1.0000000e+00, 3.7540303e-01, 5.5875289e-01 
3340, 0.0000000e+00, 3.7540303e-01, 5.5875289e-01 
3341, 1.6775667e-01, 1.0000000e+00, 6.9101796e-01 
3342, 1.6775667e-01, 0.0000000e+00, 6.9101796e-01 
3343, 2.2201048e-01, 1.0000000e+00, 8.1200936e-01 
3344, 2.2201048e-01, 0.0000000e+00, 8.1200936e-01 
3345, 0.0000000e+00, 1.7349605e-01, 9.4046886e-01 
3346, 1.0000000e+00, 1.7349605e-01, 9.4046886e-01 
3347, 5.0466330e-02, 1.8539423e-01, 1.0000000e+00 
3348, 5.0466330e-02, 1.8539423e-01, 0.0000000e+00 
3349, 7.9616876e-02, 4.7725074e-01, 0.0000000e+00 
3350, 7.9616876e-02, 4.7725074e-01, 1.0000000e+00 
3351, 0.0000000e+00, 5.5705044e-01, 1.3749013e-01 
3352, 1.0000000e+00, 5.5705044e-01, 1.3749013e-01 
3353, 7.4824537e-02, 4.4184087e-01, 0.0000000e+00 
3354, 7.4824537e-02, 4.4184087e-01, 1.0000000e+00 
3355, 2.4366237e-01, 0.0000000e+00, 3.3020552e-01 
3356, 2.4366237e-01, 1.0000000e+00, 3.3020552e-01 
3357, 8.0313543e-01, 1.0000000e+00, 2.9520893e-01 
3358, 8.0313543e-01, 0.0000000e+00, 2.9520893e-01 
3359, 8.0372553e-01, 1.0000000e+00, 3.4106144e-01 
3360, 8.0372553e-01, 0.0000000e+00, 3.4106144e-01 
3361, 2.8763030e-01, 1.0000000e+00, 9.6812797e-01 
3362, 3.6209778e-01, 2.1042860e-02, 0.0000000e+00 
3363, 3.4101368e-01, 1.0000000e+00, 1.5310921e-01 
3364, 3.4101368e-01, 0.0000000e+00, 1.5310921e-01 
3365, 0.0000000e+00, 7.7327515e-01, 7.5544350e-01 
3366, 1.0000000e+00, 7.7327515e-01, 7.5544350e-01 
3367, 0.0000000e+00, 7.9473073e-01, 6.4435686e-01 
3368, 1.0000000e+00, 7.9473073e-01, 6.4435686e-01 
3369, 4.5727709e-01, 6.6773395e-01, 1.0000000e+00 
3370, 4.5727709e-01, 6.6773395e-01, 0.0000000e+00 
3371, 4.7258691e-01, 7.4278661e-01, 1.0000000e+00 
3372, 4.7258691e-01, 7.4278661e-01, 0.0000000e+00 
3373, 3.6888518e-01, 1.0000000e+00, 3.2728935e-01 
3374, 3.6888518e-01, 0.0000000e+00, 3.2728935e-01 
3375, 3.1311399e-01, 1.0000000e+00, 3.8160925e-01 
3376, 3.1311399e-01, 0.0000000e+00, 3.8160925e-01 
3377, 0.0000000e+00, 3.2538661e-01, 8.0950518e-01 
3378, 1.0000000e+00, 3.2538661e-01, 8.0950518e-01 
3379, 0.0000000e+00, 4.3627539e-01, 7.3920985e-01 
3380, 1.0000000e+00, 4.3627539e-01, 7.3920985e-01 
3381, 5.2475261e-01, 0.0000000e+00, 9.5282943e-01 
3382, 5.0788740e-01, 9.6552325e-01, 0.0000000e+00 
3383, 8.4240019e-01, 2.4762441e-01, 0.0000000e+00 
3384, 8.4240019e-01, 2.4762441e-01, 1.0000000e+00 
3385, 9.3403985e-02, 8.3537220e-01, 0.0000000e+00 
3386, 9.3403985e-02, 8.3537220e-01, 1.0000000e+00 
3387, 4.9936042e-02, 8.1468102e-01, 0.0000000e+00 
3388, 4.9936042e-02, 8.1468102e-01, 1.0000000e+00 
3389, 3.6595189e-01, 1.0000000e+00, 5.9932234e-01 
3390, 3.6595189e-01, 0.0000000e+00, 5.9932234e-01 
3391, 4.0707190e-01, 1.0000000e+00, 6.1236370e-01 
3392, 4.0707190e-01, 0.0000000e+00, 6.1236370e-01 
3393, 5.0072788e-01, 1.0000000e+00, 6.6652156e-01 
3394, 5.0072788e-01, 0.0000000e+00, 6.6652156e-01 
3395, 0.0000000e+00, 7.3139342e-01, 9.9402839e-01 
3396, 9.7088404e-01, 6.9891283e-01, 0.0000000e+00 
3397, 3.0579811e-02, 7.3306554e-01, 1.0000000e+00 
3398, 3.0579811e-02, 7.3306554e-01, 0.0000000e+00 
3399, 0.0000000e+00, 7.4528992e-01, 9.9430063e-01 
3400, 9.7685946e-01, 7.6813673e-01, 0.0000000e+00 
3401, 1.7636995e-02, 7.4148258e-01, 1.0000000e+00 
3402, 1.7636995e-02, 7.4148258e-01, 0.0000000e+00 
3403, 0.0000000e+00, 8.3336329e-01, 9.5810391e-01 
3404, 1.0000000e+00, 8.3336329e-01, 9.5810391e-01 
3405, 3.9492402e-01, 9.0312652e-01, 0.0000000e+00 
3406, 3.9492402e-01, 9.0312652e-01, 1.0000000e+00 
3407, 3.8867136e-01, 1.0000000e+00, 9.4345383e-02 
3408, 3.8867136e-01, 0.0000000e+00, 9.4345383e-02 
3409, 3.4966743e-01, 1.0000000e+00, 1.1131702e-01 
3410, 3.4966743e-01, 0.0000000e+00, 1.1131702e-01 
3411, 1.0000000e+00, 8.5436432e-01, 7.1561169e-01 
3412, 0.0000000e+00, 8.5436432e-01, 7.1561169e-01 
3413, 1.0000000e+00, 9.5960031e-01, 7.1776084e-01 
3414, 8.0658390e-03, 0.0000000e+00, 7.1977083e-01 
3415, 1.0000000e+00, 8.4318714e-01, 6.9184932e-01 
3416, 0.0000000e+00, 8.4318714e-01, 6.9184932e-01 
3417, 1.0000000e+00, 8.7259402e-01, 7.1987832e-01 
3418, 0.0000000e+00, 8.7259402e-01, 7.1987832e-01 
3419, 0.0000000e+00, 6.5392538e-01, 4.3965547e-01 
3420, 1.0000000e+00, 6.5392538e-01, 4.3965547e-01 
3421, 1.0000000e+00, 5.4443253e-01, 7.9664772e-01 
3422, 0.0000000e+00, 5.4443253e-01, 7.9664772e-01 
3423, 7.8900716e-01, 9.0052178e-01, 1.0000000e+00 
3424, 7.8900716e-01, 9.0052178e-01, 0.0000000e+00 
3425, 6.2996118e-01, 8.0617483e-01, 0.0000000e+00 
3426, 6.2996118e-01, 8.0617483e-01, 1.0000000e+00 
3427, 0.0000000e+00, 7.4675148e-01, 4.7562888e-02 
3428, 1.0000000e+00, 7.4675148e-01, 4.7562888e-02 
3429, 0.0000000e+00, 7.4139101e-01, 3.3987262e-02 
3430, 1.0000000e+00, 7.4139101e-01, 3.3987262e-02 
3431, 2.6450906e-01, 1.0000000e+00, 7.8554417e-01 
3432, 2.6450906e-01, 0.0000000e+00, 7.8554417e-01 
3433, 7.5695339e-01, 7.6940254e-01, 0.0000000e+00 
3434, 7.5695339e-01, 7.6940254e-01, 1.0000000e+00 
3435, 2.4724674e-01, 0.0000000e+00, 1.7345175e-01 
3436, 2.4724674e-01, 1.0000000e+00, 1.7345175e-01 
3437, 5.1141161e-01, 5.0242596e-01, 0.0000000e+00 
3438, 5.1141161e-01, 5.0242596e-01, 1.0000000e+00 
3439, 3.9616594e-01, 9.9868530e-01, 1.0000000e+00 
3440, 3.9740604e-01, 0.0000000e+00, 9.7035779e-04 
3441, 3.3714121e-01, 9.7130505e-01, 1.0000000e+00 
3442, 3.5156373e-01, 0.0000000e+00, 2.8876091e-02 
3443, 7.7360500e-01, 1.0000000e+00, 1.7684929e-01 
3444, 7.7360500e-01, 0.0000000e+00, 1.7684929e-01 
3445, 4.6426317e-01, 2.7987901e-01, 1.0000000e+00 
3446, 4.6426317e-01, 2.7987901e-01, 0.0000000e+00 
3447, 0.0000000e+00, 7.4943299e-01, 1.4243327e-01 
3448, 1.0000000e+00, 7.4943299e-01, 1.4243327e-01 
3449, 0.0000000e+00, 9.7075365e-01, 2.8739351e-01 
3450, 1.0000000e+00, 9.7075365e-01, 2.8739351e-01 
3451, 0.0000000e+00, 9.8716721e-01, 1.8372913e-01 
3452, 9.8344638e-01, 0.0000000e+00, 1.8315178e-01 
3453, 8.4248803e-01, 1.1394069e-01, 1.0000000e+00 
3454, 8.4248803e-01, 1.1394069e-01, 0.0000000e+00 
3455, 8.4231507e-01, 1.1468028e-01, 1.0000000e+00 
3456, 8.4231507e-01, 1.1468028e-01, 0.0000000e+00 
3457, 2.0806933e-01, 3.9000650e-01, 0.0000000e+00 
3458, 2.0806933e-01, 3.9000650e-01, 1.0000000e+00 
3459, 1.0000000e+00, 7.3607547e-01, 6.7723779e-01 
3460, 0.0000000e+00, 7.3607547e-01, 6.7723779e-01 
3461, 1.0000000e+00, 7.7154259e-01, 6.2688584e-01 
3462, 0.0000000e+00, 7.7154259e-01, 6.2688584e-01 
3463, 6.5549345e-01, 1.0000000e+00, 7.5690470e-01 
3464, 6.5549345e-01, 0.0000000e+00, 7.5690470e-01 
3465, 1.4853772e-01, 1.0000000e+00, 9.6242462e-02 
3466, 1.4853772e-01, 0.0000000e+00, 9.6242462e-02 
3467, 3.5698690e-02, 2.4723996e-01, 1.0000000e+00 
3468, 3.5698690e-02, 2.4723996e-01, 0.0000000e+00 
3469, 0.0000000e+00, 2.1111102e-01, 8.7698296e-01 
3470, 1.0000000e+00, 2.1111102e-01, 8.7698296e-01 
3471, 0.0000000e+00, 5.4830267e-03, 8.7773126e-01 
3472, 9.9463674e-01, 1.0000000e+00, 8.7486792e-01 
3473, 0.0000000e+00, 2.2993866e-02, 8.2585856e-01 
3474, 1.0000000e+00, 2.2993866e-02, 8.2585856e-01 
3475, 4.7300921e-01, 0.0000000e+00, 7.7997884e-01 
3476, 4.7300921e-01, 1.0000000e+00, 7.7997884e-01 
3477, 9.7339757e-01, 1.0000000e+00, 2.1842458e-01 
3478, 0.0000000e+00, 4.8823193e-02, 2.3801530e-01 
3479, 9.6402992e-01, 1.0000000e+00, 1.8333939e-01 
3480, 9.6402992e-01, 0.0000000e+00, 1.8333939e-01 
3481, 4.2828894e-01, 3.6587235e-01, 0.0000000e+00 
3482, 4.2828894e-01, 3.6587235e-01, 1.0000000e+00 
3483, 0.0000000e+00, 8.2482108e-01, 3.9720351e-01 
3484, 1.0000000e+00, 8.2482108e-01, 3.9720351e-01 
3485, 5.5421150e-01, 8.3938364e-02, 1.0000000e+00 
3486, 5.5421150e-01, 8.3938364e-02, 0.0000000e+00 
3487, 4.6472214e-01, 2.7695639e-01, 1.0000000e+00 
3488, 4.6472214e-01, 2.7695639e-01, 0.0000000e+00 
3489, 8.2491424e-01, 8.0066697e-01, 1.0000000e+00 
3490, 8.2491424e-01, 8.0066697e-01, 0.0000000e+00 
3491, 8.5018479e-01, 7.8836596e-01, 1.0000000e+00 
3492, 8.5018479e-01, 7.8836596e-01, 0.0000000e+00 
3493, 5.8340291e-01, 3.8512699e-01, 0.0000000e+00 
3494, 5.8340291e-01, 3.8512699e-01, 1.0000000e+00 
3495, 5.2067078e-01, 6.6805823e-01, 0.0000000e+00 
3496, 5.2067078e-01, 6.6805823e-01, 1.0000000e+00 
3497, 7.9927560e-01, 1.0000000e+00, 6.8250394e-01 
3498, 7.9927560e-01, 0.0000000e+00, 6.8250394e-01 
3499, 2.2934791e-01, 6.1189159e-01, 1.0000000e+00 
3500, 2.2934791e-01, 6.1189159e-01, 0.0000000e+00 
3501, 1.0194812e-01, 6.9575813e-01, 1.0000000e+00 
3502, 1.0194812e-01, 6.9575813e-01, 0.0000000e+00 
3503, 5.6403546e-01, 0.0000000e+00, 3.6486443e-01 
3504, 5.6403546e-01, 1.0000000e+00, 3.6486443e-01 
3505, 8.0358464e-01, 1.3877788e-17, 3.0866079e-01 
3506, 8.0358464e-01, 1.0000000e+00, 3.0866079e-01 
3507, 1.0000000e+00, 2.6688706e-01, 3.6516934e-01 
3508, 0.0000000e+00, 2.6688706e-01, 3.6516934e-01 
3509, 1.0000000e+00, 3.6848131e-01, 3.6847760e-01 
3510, 0.0000000e+00, 3.6848131e-01, 3.6847760e-01 
3511, 1.0000000e+00, 5.4913403e-01, 2.2216240e-01 
3512, 0.0000000e+00, 5.4913403e-01, 2.2216240e-01 
3513, 1.0000000e+00, 6.1328964e-01, 2.6642047e-01 
3514, 0.0000000e+00, 6.1328964e-01, 2.6642047e-01 
3515, 1.5978764e-01, 6.1600615e-02, 0.0000000e+00 
3516, 1.3128815e-01, 1.0000000e+00, 9.5598403e-01 
3517, 2.0862694e-01, 0.0000000e+00, 5.2091858e-02 
3518, 2.0862694e-01, 1.0000000e+00, 5.2091858e-02 
3519, 2.2591000e-01, 5.6121511e-02, 0.0000000e+00 
3520, 2.6567579e-01, 1.0000000e+00, 9.6364718e-01 
3521, 1.0000000e+00, 1.6685584e-01, 1.6451818e-01 
3522, 0.0000000e+00, 1.6685584e-01, 1.6451818e-01 
3523, 1.0000000e+00, 1.6279263e-01, 2.0408351e-01 
3524, 0.0000000e+00, 1.6279263e-01, 2.0408351e-01 
3525, 1.0000000e+00, 1.6653598e-01, 3.0386604e-01 
3526, 0.0000000e+00, 1.6653598e-01, 3.0386604e-01 
3527, 1.0000000e+00, 8.5137475e-01, 8.1341700e-01 
3528, 1.3189541e-02, 0.0000000e+00, 7.4373037e-01 
3529, 1.0000000e+00, 8.2929994e-01, 2.3669541e-01 
3530, 0.0000000e+00, 8.2929994e-01, 2.3669541e-01 
3531, 8.9746276e-01, 1.0000000e+00, 1.0318961e-01 
3532, 8.9746276e-01, 0.0000000e+00, 1.0318961e-01 
3533, 6.7628821e-01, 0.0000000e+00, 8.9677110e-01 
3534, 6.7628821e-01, 1.0000000e+00, 8.9677110e-01 
3535, 4.8105281e-01, 1.2165449e-01, 1.0000000e+00 
3536, 4.8105281e-01, 1.2165449e-01, 0.0000000e+00 
3537, 2.6923940e-01, 7.5767082e-02, 1.0000000e+00 
3538, 2.6923940e-01, 7.5767082e-02, 0.0000000e+00 
3539, 0.0000000e+00, 7.7818623e-01, 5.9100411e-01 
3540, 1.0000000e+00, 7.7818623e-01, 5.9100411e-01 
3541, 7.6794289e-01, 2.9607580e-01, 0.0000000e+00 
3542, 7.6794289e-01, 2.9607580e-01, 1.0000000e+00 
3543, 7.6254740e-01, 2.9844498e-01, 0.0000000e+00 
3544, 7.6254740e-01, 2.9844498e-01, 1.0000000e+00 
3545, 6.4090988e-01, 8.2184672e-01, 1.0000000e+00 
3546, 6.4090988e-01, 8.2184672e-01, 0.0000000e+00 
3547, 5.4737770e-01, 1.0000000e+00, 8.0094861e-01 
3548, 5.4737770e-01, 0.0000000e+00, 8.0094861e-01 
3549, 1.0000000e+00, 5.2498576e-01, 6.2674066e-01 
3550, 0.0000000e+00, 5.2498576e-01, 6.2674066e-01 
3551, 2.3442891e-01, 1.7234236e-01, 1.0000000e+00 
3552, 2.3442891e-01, 1.7234236e-01, 0.0000000e+00 
3553, 3.0566604e-01, 3.8246644e-01, 0.0000000e+00 
3554, 3.0566604e-01, 3.8246644e-01, 1.0000000e+00 
3555, 3.1509383e-01, 3.5126178e-01, 0.0000000e+00 
3556, 3.1509383e-01, 3.5126178e-01, 1.0000000e+00 
3557, 3.0189761e-01, 0.0000000e+00, 8.4028577e-01 
3558, 3.0189761e-01, 1.0000000e+00, 8.4028577e-01 
3559, 4.3644856e-01, 1.4297018e-01, 0.0000000e+00 
3560, 4.3644856e-01, 1.4297018e-01, 1.0000000e+00 
3561, 9.2528704e-01, 4.5808953e-01, 0.0000000e+00 
3562, 9.2528704e-01, 4.5808953e-01, 1.0000000e+00 
3563, 7.4800623e-01, 1.0000000e+00, 4.5137291e-01 
3564, 7.4800623e-01, 0.0000000e+00, 4.5137291e-01 
3565, 5.9840426e-01, 0.0000000e+00, 2.6267436e-01 
3566, 5.9840426e-01, 1.0000000e+00, 2.6267436e-01 
3567, 5.8402092e-01, 1.3877788e-17, 2.5122428e-01 
3568, 5.8402092e-01, 1.0000000e+00, 2.5122428e-01 
3569, 2.3773408e-01, 0.0000000e+00, 8.2167162e-01 
3570, 2.3773408e-01, 1.0000000e+00, 8.2167162e-01 
3571, 4.6589823e-01, 6.1892610e-01, 1.0000000e+00 
3572, 4.6589823e-01, 6.1892610e-01, 0.0000000e+00 
3573, 1.0000000e+00, 1.5763771e-01, 4.6026661e-01 
3574, 0.0000000e+00, 1.5763771e-01, 4.6026661e-01 
3575, 8.8206091e-01, 0.0000000e+00, 7.9927859e-02 
3576, 8.8206091e-01, 1.0000000e+00, 7.9927859e-02 
3577, 9.0435263e-01, 0.0000000e+00, 1.0555932e-01 
3578, 9.0435263e-01, 1.0000000e+00, 1.0555932e-01 
3579, 4.9664614e-01, 2.3321407e-01, 1.0000000e+00 
3580, 4.9664614e-01, 2.3321407e-01, 0.0000000e+00 
3581, 1.0000000e+00, 1.4216111e-01, 1.8781699e-01 
3582, 0.0000000e+00, 1.4216111e-01, 1.8781699e-01 
3583, 4.8475718e-01, 1.0000000e+00, 1.7422903e-01 
3584, 4.8475718e-01, 0.0000000e+00, 1.7422903e-01 
3585, 1.0000000e+00, 2.1021649e-01, 4.2679966e-02 
3586, 0.0000000e+00, 2.1021649e-01, 4.2679966e-02 
3587, 0.0000000e+00, 1.5748158e-01, 8.9814701e-01 
3588, 1.0000000e+00, 1.5748158e-01, 8.9814701e-01 
3589, 0.0000000e+00, 6.1519027e-01, 5.2287981e-01 
3590, 1.0000000e+00, 6.1519027e-01, 5.2287981e-01 
3591, 7.8172303e-01, 1.0000000e+00, 6.7501936e-01 
3592, 7.8172303e-01, 0.0000000e+00, 6.7501936e-01 
3593, 7.7930343e-01, 1.0000000e+00, 6.7902621e-01 
3594, 7.7930343e-01, 0.0000000e+00, 6.7902621e-01 
3595, 1.0000000e+00, 4.8665894e-01, 1.6629771e-01 
3596, 0.0000000e+00, 4.8665894e-01, 1.6629771e-01 
3597, 1.0000000e+00, 5.5678600e-01, 2.8573671e-01 
3598, 0.0000000e+00, 5.5678600e-01, 2.8573671e-01 
3599, 7.8377839e-01, 8.6330578e-02, 1.0000000e+00 
3600, 7.8377839e-01, 8.6330578e-02, 0.0000000e+00 
3601, 5.4648914e-01, 6.9833870e-01, 1.0000000e+00 
3602, 5.4648914e-01, 6.9833870e-01, 0.0000000e+00 
3603, 5.1273623e-01, 7.7317781e-01, 1.0000000e+00 
3604, 5.1273623e-01, 7.7317781e-01, 0.0000000e+00 
3605, 1.0000000e+00, 5.1615969e-01, 7.3029813e-01 
3606, 0.0000000e+00, 5.1615969e-01, 7.3029813e-01 
3607, 1.3600063e-01, 0.0000000e+00, 8.8984906e-01 
3608, 1.3600063e-01, 1.0000000e+00, 8.8984906e-01 
3609, 2.4703170e-01, 0.0000000e+00, 9.5845778e-01 
3610, 2.4703170e-01, 1.0000000e+00, 9.5845778e-01 
3611, 1.0000000e+00, 7.3607028e-01, 4.4131587e-01 
3612, 0.0000000e+00, 7.3607028e-01, 4.4131587e-01 
3613, 1.0000000e+00, 6.8193214e-01, 3.9812504e-01 
3614, 0.0000000e+00, 6.8193214e-01, 3.9812504e-01 
3615, 1.7175757e-01, 8.9676871e-02, 0.0000000e+00 
3616, 1.7175757e-01, 8.9676871e-02, 1.0000000e+00 
3617, 0.0000000e+00, 9.2486814e-02, 6.1547626e-02 
3618, 1.0000000e+00, 9.2486814e-02, 6.1547626e-02 
3619, 0.0000000e+00, 9.4488077e-01, 5.9538199e-01 
3620, 1.0000000e+00, 9.4488077e-01, 5.9538199e-01 
3621, 0.0000000e+00, 9.7790061e-01, 5.8512074e-01 
3622, 9.4641245e-01, 0.0000000e+00, 6.0207699e-01 
3623, 1.0000000e+00, 6.7733624e-01, 7.6803865e-01 
3624, 0.0000000e+00, 6.7733624e-01, 7.6803865e-01 
3625, 1.0000000e+00, 7.2371345e-01, 8.4321061e-01 
3626, 0.0000000e+00, 7.2371345e-01, 8.4321061e-01 
3627, 0.0000000e+00, 3.6427425e-01, 5.3106846e-01 
3628, 1.0000000e+00, 3.6427425e-01, 5.3106846e-01 
3629, 4.8178763e-01, 1.0000000e+00, 3.5243968e-01 
3630, 4.8178763e-01, 0.0000000e+00, 3.5243968e-01 
3631, 1.0000000e+00, 1.9659090e-01, 3.4269634e-01 
3632, 0.0000000e+00, 1.9659090e-01, 3.4269634e-01 
3633, 2.4473321e-01, 8.1630742e-02, 1.0000000e+00 
3634, 2.4473321e-01, 8.1630742e-02, 0.0000000e+00 
3635, 5.4532422e-01, 1.2681858e-01, 1.0000000e+00 
3636, 5.4532422e-01, 1.2681858e-01, 0.0000000e+00 
3637, 1.0000000e+00, 7.2713384e-01, 1.6268509e-01 
3638, 0.0000000e+00, 7.2713384e-01, 1.6268509e-01 
3639, 1.5874936e-01, 4.3072233e-01, 1.0000000e+00 
3640, 1.5874936e-01, 4.3072233e-01, 0.0000000e+00 
3641, 2.0170000e-01, 1.0000000e+00, 9.2636081e-01 
3642, 5.8837052e-02, 1.0917276e-01, 0.0000000e+00 
3643, 0.0000000e+00, 1.4019281e-01, 3.6967833e-01 
3644, 1.0000000e+00, 1.4019281e-01, 3.6967833e-01 
3645, 0.0000000e+00, 3.0890735e-01, 8.7023070e-01 
3646, 1.0000000e+00, 3.0890735e-01, 8.7023070e-01 
3647, 1.1644833e-01, 2.2062131e-01, 1.0000000e+00 
3648, 1.1644833e-01, 2.2062131e-01, 0.0000000e+00 
3649, 8.4355601e-01, 1.0000000e+00, 3.9967206e-01 
3650, 8.4355601e-01, 0.0000000e+00, 3.9967206e-01 
3651, 7.5131426e-01, 1.0000000e+00, 4.1163344e-01 
3652, 7.5131426e-01, 0.0000000e+00, 4.1163344e-01 
3653, 7.9005657e-01, 0.0000000e+00, 2.9985132e-01 
3654, 7.9005657e-01, 1.0000000e+00, 2.9985132e-01 
3655, 1.0000000e+00, 5.7161177e-01, 1.4530381e-01 
3656, 0.0000000e+00, 5.7161177e-01, 1.4530381e-01 
3657, 1.0000000e+00, 5.7146084e-01, 6.0510580e-01 
3658, 0.0000000e+00, 5.7146084e-01, 6.0510580e-01 
3659, 9.6114890e-01, 6.6779196e-01, 0.0000000e+00 
3660, 9.6114890e-01, 6.6779196e-01, 1.0000000e+00 
3661, 9.4409608e-01, 8.1464462e-01, 0.0000000e+00 
3662, 9.4409608e-01, 8.1464462e-01, 1.0000000e+00 
3663, 7.0946843e-02, 1.0000000e+00, 2.8957479e-01 
3664, 7.0946843e-02, 0.0000000e+00, 2.8957479e-01 
3665, 5.1460621e-02, 1.0000000e+00, 2.1235407e-01 
3666, 5.1460621e-02, 0.0000000e+00, 2.1235407e-01 
3667, 4.1081070e-01, 8.6023429e-01, 1.0000000e+00 
3668, 4.1081070e-01, 8.6023429e-01, 0.0000000e+00 
3669, 4.8987142e-01, 7.8519198e-01, 0.0000000e+00 
3670, 4.8987142e-01, 7.8519198e-01, 1.0000000e+00 
3671, 4.3845480e-01, 0.0000000e+00, 3.8049874e-01 
3672, 4.3845480e-01, 1.0000000e+00, 3.8049874e-01 
3673, 1.0000000e+00, 6.2938640e-01, 6.2067058e-01 
3674, 0.0000000e+00, 6.2938640e-01, 6.2067058e-01 
3675, 1.0000000e+00, 5.5591252e-01, 8.6762973e-01 
3676, 0.0000000e+00, 5.5591252e-01, 8.6762973e-01 
3677, 7.6369139e-01, 7.6215875e-01, 0.0000000e+00 
3678, 7.6369139e-01, 7.6215875e-01, 1.0000000e+00 
3679, 0.0000000e+00, 5.6812849e-01, 2.1938695e-01 
3680, 1.0000000e+00, 5.6812849e-01, 2.1938695e-01 
3681, 5.6421758e-01, 7.8633610e-01, 1.0000000e+00 
3682, 5.6421758e-01, 7.8633610e-01, 0.0000000e+00 
3683, 3.9947563e-01, 5.5781314e-01, 1.0000000e+00 
3684, 3.9947563e-01, 5.5781314e-01, 0.0000000e+00 
3685, 7.6801342e-02, 0.0000000e+00, 4.6130477e-01 
3686, 1.0000000e+00, 9.5206889e-01, 4.5963163e-01 
3687, 6.9388939e-18, 8.6459882e-01, 6.0624587e-01 
3688, 1.0000000e+00, 8.6459882e-01, 6.0624587e-01 
3689, 7.9534845e-01, 1.0000000e+00, 4.3483476e-01 
3690, 7.9534845e-01, 0.0000000e+00, 4.3483476e-01 
3691, 6.5333726e-01, 0.0000000e+00, 7.5307617e-01 
3692, 6.5333726e-01, 1.0000000e+00, 7.5307617e-01 
3693, 7.4307954e-01, 0.0000000e+00, 7.1804960e-01 
3694, 7.4307954e-01, 1.0000000e+00, 7.1804960e-01 
3695, 6.7075249e-01, 0.0000000e+00, 7.5583318e-01 
3696, 6.7075249e-01, 1.0000000e+00, 7.5583318e-01 
3697, 7.0239976e-01, 0.0000000e+00, 7.2492150e-01 
3698, 7.0239976e-01, 1.0000000e+00, 7.2492150e-01 
3699, 4.9228789e-01, 5.8381529e-01, 1.3877788e-17 
3700, 4.9228789e-01, 5.8381529e-01, 1.0000000e+00 
3701, 8.3105074e-01, 3.8834204e-01, 1.0000000e+00 
3702, 8.3105074e-01, 3.8834204e-01, 0.0000000e+00 
3703, 5.2390574e-01, 1.0000000e+00, 4.4478141e-01 
3704, 5.2390574e-01, 0.0000000e+00, 4.4478141e-01 
3705, 4.1725792e-01, 1.0000000e+00, 2.7470115e-01 
3706, 4.1725792e-01, 0.0000000e+00, 2.7470115e-01 
3707, 7.5273533e-01, 8.2435768e-01, 1.0000000e+00 
3708, 7.5273533e-01, 8.2435768e-01, 0.0000000e+00 
3709, 6.2042931e-01, 0.0000000e+00, 3.8486651e-01 
3710, 6.2042931e-01, 1.0000000e+00, 3.8486651e-01 
3711, 5.5423061e-01, 0.0000000e+00, 1.9170802e-01 
3712, 5.5423061e-01, 1.0000000e+00, 1.9170802e-01 
3713, 6.0624083e-01, 0.0000000e+00, 1.4214239e-01 
3714, 6.0624083e-01, 1.0000000e+00, 1.4214239e-01 
3715, 0.0000000e+00, 1.8200729e-01, 7.0303638e-01 
3716, 1.0000000e+00, 1.8200729e-01, 7.0303638e-01 
3717, 1.0000000e+00, 6.9961777e-01, 9.5277841e-01 
3718, 2.2372900e-02, 6.9164306e-01, 0.0000000e+00 
3719, 9.7083557e-01, 6.7333604e-01, 1.0000000e+00 
3720, 9.7083557e-01, 6.7333604e-01, 0.0000000e+00 
3721, 9.8928191e-01, 7.4740706e-01, 1.0000000e+00 
3722, 9.8928191e-01, 7.4740706e-01, 0.0000000e+00 
3723, 9.3291685e-01, 1.0000000e+00, 6.6731220e-01 
3724, 9.3291685e-01, 0.0000000e+00, 6.6731220e-01 
3725, 4.0220344e-01, 9.4127622e-01, 0.0000000e+00 
3726, 4.0220344e-01, 9.4127622e-01, 1.0000000e+00 
3727, 4.1066151e-01, 9.4462169e-01, 0.0000000e+00 
3728, 4.1066151e-01, 9.4462169e-01, 1.0000000e+00 
3729, 4.0816901e-01, 9.3385433e-01, 0.0000000e+00 
3730, 4.0816901e-01, 9.3385433e-01, 1.0000000e+00 
3731, 7.3838158e-01, 7.2584549e-01, 0.0000000e+00 
3732, 7.3838158e-01, 7.2584549e-01, 1.0000000e+00 
3733, 8.3680058e-01, 7.9090607e-01, 0.0000000e+00 
3734, 8.3680058e-01, 7.9090607e-01, 1.0000000e+00 
3735, 5.9807120e-01, 7.7901313e-01, 0.0000000e+00 
3736, 5.9807120e-01, 7.7901313e-01, 1.0000000e+00 
3737, 3.3988729e-01, 3.3843266e-02, 1.0000000e+00 
3738, 3.3988729e-01, 3.3843266e-02, 0.0000000e+00 
3739, 9.1343204e-01, 7.6716184e-01, 1.0000000e+00 
3740, 9.1343204e-01, 7.6716184e-01, 0.0000000e+00 
3741, 0.0000000e+00, 6.7888273e-01, 4.6286828e-01 
3742, 1.0000000e+00, 6.7888273e-01, 4.6286828e-01 
3743, 0.0000000e+00, 5.4718626e-01, 5.2447210e-01 
3744, 1.0000000e+00, 5.4718626e-01, 5.2447210e-01 
3745, 2.2687880e-01, 1.1047416e-01, 1.0000000e+00 
3746, 2.2687880e-01, 1.1047416e-01, 0.0000000e+00 
3747, 0.0000000e+00, 1.4439105e-01, 4.7248741e-01 
3748, 1.0000000e+00, 1.4439105e-01, 4.7248741e-01 
3749, 3.3776969e-01, 8.2039384e-02, 1.0000000e+00 
3750, 3.3776969e-01, 8.2039384e-02, 0.0000000e+00 
3751, 4.0680757e-01, 5.5437703e-02, 1.0000000e+00 
3752, 4.0680757e-01, 5.5437703e-02, 0.0000000e+00 
3753, 3.0687730e-01, 0.0000000e+00, 8.7954181e-01 
3754, 3.0687730e-01, 1.0000000e+00, 8.7954181e-01 
3755, 6.1433024e-01, 1.0000000e+00, 5.7176310e-01 
3756, 6.1433024e-01, 0.0000000e+00, 5.7176310e-01 
3757, 6.0058413e-01, 1.0000000e+00, 5.5498166e-01 
3758, 6.0058413e-01, 0.0000000e+00, 5.5498166e-01 
3759, 0.0000000e+00, 5.0063396e-01, 1.4226294e-01 
3760, 1.0000000e+00, 5.0063396e-01, 1.4226294e-01 
3761, 8.8385964e-01, 0.0000000e+00, 8.0541564e-01 
3762, 8.8385964e-01, 1.0000000e+00, 8.0541564e-01 
3763, 1.0000000e+00, 8.3021161e-02, 7.0331978e-01 
3764, 0.0000000e+00, 8.3021161e-02, 7.0331978e-01 
3765, 1.0510078e-01, 8.1648219e-01, 1.0000000e+00 
3766, 1.0510078e-01, 8.1648219e-01, 0.0000000e+00 
3767, 0.0000000e+00, 8.5602831e-01, 9.4637964e-01 
3768, 1.0000000e+00, 8.5602831e-01, 9.4637964e-01 
3769, 1.0000000e+00, 5.1850018e-01, 7.2569487e-01 
3770, 0.0000000e+00, 5.1850018e-01, 7.2569487e-01 
3771, 1.5621494e-01, 5.6026274e-01, 0.0000000e+00 
3772, 1.5621494e-01, 5.6026274e-01, 1.0000000e+00 
3773, 4.4813450e-01, 1.0000000e+00, 5.4323649e-01 
3774, 4.4813450e-01, 0.0000000e+00, 5.4323649e-01 
3775, 8.4718164e-01, 2.6877343e-01, 0.0000000e+00 
3776, 8.4718164e-01, 2.6877343e-01, 1.0000000e+00 
3777, 0.0000000e+00, 1.8503735e-01, 1.4775402e-01 
3778, 1.0000000e+00, 1.8503735e-01, 1.4775402e-01 
3779, 2.2722010e-01, 0.0000000e+00, 8.3201502e-01 
3780, 2.2722010e-01, 1.0000000e+00, 8.3201502e-01 
3781, 5.4791493e-01, 7.2495682e-01, 0.0000000e+00 
3782, 5.4791493e-01, 7.2495682e-01, 1.0000000e+00 
3783, 1.7379178e-01, 8.2168609e-01, 0.0000000e+00 
3784, 1.7379178e-01, 8.2168609e-01, 1.0000000e+00 
3785, 3.8114533e-01, 6.5423960e-01, 1.0000000e+00 
3786, 3.8114533e-01, 6.5423960e-01, 0.0000000e+00 
3787, 2.9608559e-01, 1.0000000e+00, 2.2980117e-01 
3788, 2.9608559e-01, 0.0000000e+00, 2.2980117e-01 
3789, 1.0000000e+00, 7.0282217e-02, 3.8494765e-01 
3790, 2.5757080e-02, 1.0000000e+00, 3.4164486e-01 
3791, 9.2045073e-01, 1.0000000e+00, 6.1545662e-01 
3792, 9.2045073e-01, 0.0000000e+00, 6.1545662e-01 
3793, 1.0000000e+00, 9.0463185e-01, 5.5816148e-01 
3794, 0.0000000e+00, 9.0463185e-01, 5.5816148e-01 
3795, 5.8606156e-01, 5.4861541e-01, 1.0000000e+00 
3796, 5.8606156e-01, 5.4861541e-01, 0.0000000e+00 
3797, 5.3330888e-01, 4.5797390e-01, 1.0000000e+00 
3798, 5.3330888e-01, 4.5797390e-01, 0.0000000e+00 
3799, 1.3817201e-01, 9.0850465e-01, 1.0000000e+00 
3800, 1.3817201e-01, 9.0850465e-01, 0.0000000e+00 
3801, 3.4222173e-01, 0.0000000e+00, 6.3613143e-01 
3802, 3.4222173e-01, 1.0000000e+00, 6.3613143e-01 
3803, 4.6546694e-01, 0.0000000e+00, 7.1033819e-01 
3804, 4.6546694e-01, 1.0000000e+00, 7.1033819e-01 
3805, 4.7350786e-01, 0.0000000e+00, 4.4757104e-01 
3806, 4.7350786e-01, 1.0000000e+00, 4.4757104e-01 
3807, 4.8587140e-01, 0.0000000e+00, 4.2604690e-01 
3808, 4.8587140e-01, 1.0000000e+00, 4.2604690e-01 
3809, 3.7417972e-01, 0.0000000e+00, 3.7193974e-01 
3810, 3.7417972e-01, 1.0000000e+00, 3.7193974e-01 
3811, 4.9398073e-01, 0.0000000e+00, 4.1660119e-01 
3812, 4.9398073e-01, 1.0000000e+00, 4.1660119e-01 
3813, 0.0000000e+00, 1.0560993e-01, 5.8166526e-01 
3814, 1.0000000e+00, 1.0560993e-01, 5.8166526e-01 
3815, 1.0000000e+00, 2.5342024e-01, 3.8202603e-01 
3816, 0.0000000e+00, 2.5342024e-01, 3.8202603e-01 
3817, 1.0000000e+00, 1.7174138e-01, 3.1465267e-01 
3818, 0.0000000e+00, 1.7174138e-01, 3.1465267e-01 
3819, 1.6102723e-01, 5.6050008e-01, 0.0000000e+00 
3820, 1.6102723e-01, 5.6050008e-01, 1.0000000e+00 
3821, 1.6872531e-02, 1.0000000e+00, 9.7274423e-01 
3822, 1.0000000e+00, 6.5258421e-02, 2.6655499e-02 
3823, 0.0000000e+00, 8.8816351e-01, 9.9560730e-01 
3824, 9.9815714e-01, 8.8676038e-01, 0.0000000e+00 
3825, 2.4547006e-01, 0.0000000e+00, 5.0992234e-01 
3826, 2.4547006e-01, 1.0000000e+00, 5.0992234e-01 
3827, 2.3846378e-01, 0.0000000e+00, 4.7036859e-01 
3828, 2.3846378e-01, 1.0000000e+00, 4.7036859e-01 
3829, 5.1254648e-01, 1.0000000e+00, 5.4340826e-01 
3830, 5.1254648e-01, 0.0000000e+00, 5.4340826e-01 
3831, 6.7972996e-01, 9.2605851e-01, 0.0000000e+00 
3832, 6.7972996e-01, 9.2605851e-01, 1.0000000e+00 
3833, 8.4291162e-01, 5.3992134e-01, 1.0000000e+00 
3834, 8.4291162e-01, 5.3992134e-01, 0.0000000e+00 
3835, 7.3832712e-01, 4.6319061e-01, 1.0000000e+00 
3836, 7.3832712e-01, 4.6319061e-01, 0.0000000e+00 
3837, 1.0000000e+00, 6.3928968e-01, 9.7988055e-01 
3838, 1.1690655e-02, 6.4526306e-01, 0.0000000e+00 
3839, 8.1661316e-01, 5.7547468e-01, 1.0000000e+00 
3840, 8.1661316e-01, 5.7547468e-01, 0.0000000e+00 
3841, 9.5658178e-01, 3.6301188e-01, 1.0000000e+00 
3842, 9.5658178e-01, 3.6301188e-01, 0.0000000e+00 
3843, 9.7834256e-01, 3.6403155e-01, 1.0000000e+00 
3844, 9.7834256e-01, 3.6403155e-01, 0.0000000e+00 
3845, 1.0000000e+00, 3.5788017e-01, 9.8351049e-01 
3846, 0.0000000e+00, 3.5788017e-01, 9.8351049e-01 
3847, 1.0000000e+00, 2.1037408e-01, 8.4182052e-01 
3848, 0.0000000e+00, 2.1037408e-01, 8.4182052e-01 
3849, 0.0000000e+00, 6.2297887e-02, 1.4436709e-01 
3850, 1.0000000e+00, 6.2297887e-02, 1.4436709e-01 
3851, 4.0804909e-02, 0.0000000e+00, 3.7046701e-02 
3852, 3.5044992e-02, 9.8847687e-01, 1.0000000e+00 
3853, 1.3487789e-02, 2.6144437e-02, 0.0000000e+00 
3854, 1.0000000e+00, 3.1325288e-02, 9.6844628e-01 
3855, 5.1241194e-02, 0.0000000e+00, 6.3853732e-02 
3856, 6.7292182e-02, 9.4558206e-01, 1.0000000e+00 
3857, 2.4474008e-01, 0.0000000e+00, 5.9164379e-01 
3858, 2.4474008e-01, 1.0000000e+00, 5.9164379e-01 
3859, 0.0000000e+00, 5.7133659e-01, 3.7834277e-01 
3860, 1.0000000e+00, 5.7133659e-01, 3.7834277e-01 
3861, 0.0000000e+00, 5.8000572e-01, 3.8254748e-01 
3862, 1.0000000e+00, 5.8000572e-01, 3.8254748e-01 
3863, 2.5514729e-01, 0.0000000e+00, 4.8920596e-01 
3864, 2.5514729e-01, 1.0000000e+00, 4.8920596e-01 
3865, 2.9920018e-01, 0.0000000e+00, 4.2943270e-01 
3866, 2.9920018e-01, 1.0000000e+00, 4.2943270e-01 
3867, 1.0000000e+00, 2.1138074e-01, 5.7286268e-01 
3868, 0.0000000e+00, 2.1138074e-01, 5.7286268e-01 
3869, 1.0000000e+00, 1.2814924e-01, 4.8331893e-01 
3870, 0.0000000e+00, 1.2814924e-01, 4.8331893e-01 
3871, 7.9868412e-01, 4.9700188e-01, 1.0000000e+00 
3872, 7.9868412e-01, 4.9700188e-01, 0.0000000e+00 
3873, 1.4785536e-01, 1.0000000e+00, 9.1711945e-01 
3874, 1.4785536e-01, 0.0000000e+00, 9.1711945e-01 
3875, 1.9897205e-01, 9.5352914e-01, 1.0000000e+00 
3876, 1.9897205e-01, 9.5352914e-01, 0.0000000e+00 
3877, 1.3877788e-17, 4.8257279e-01, 7.1265916e-01 
3878, 1.0000000e+00, 4.8257279e-01, 7.1265916e-01 
3879, 3.1053212e-01, 1.0000000e+00, 3.5124726e-01 
3880, 3.1053212e-01, 0.0000000e+00, 3.5124726e-01 
3881, 0.0000000e+00, 2.9610426e-01, 6.1733445e-01 
3882, 1.0000000e+00, 2.9610426e-01, 6.1733445e-01 
3883, 1.6010968e-01, 8.8040202e-01, 1.0000000e+00 
3884, 1.6010968e-01, 8.8040202e-01, 0.0000000e+00 
3885, 3.0437058e-01, 1.0000000e+00, 8.5778418e-01 
3886, 3.0437058e-01, 0.0000000e+00, 8.5778418e-01 
3887, 1.0000000e+00, 8.0137993e-01, 3.2506571e-01 
3888, 0.0000000e+00, 8.0137993e-01, 3.2506571e-01 
3889, 8.3471693e-01, 1.0000000e+00, 1.4703505e-01 
3890, 8.3471693e-01, 0.0000000e+00, 1.4703505e-01 
3891, 0.0000000e+00, 4.0751006e-01, 7.2137304e-01 
3892, 1.0000000e+00, 4.0751006e-01, 7.2137304e-01 
3893, 0.0000000e+00, 5.1071753e-01, 6.3840784e-01 
3894, 1.0000000e+00, 5.1071753e-01, 6.3840784e-01 
3895, 1.0000000e+00, 8.0238991e-01, 5.7659960e-01 
3896, 0.0000000e+00, 8.0238991e-01, 5.7659960e-01 
3897, 1.3890395e-01, 1.0000000e+00, 8.7397057e-01 
3898, 1.3890395e-01, 0.0000000e+00, 8.7397057e-01 
3899, 1.0000000e+00, 8.6713401e-01, 2.5325946e-01 
3900, 0.0000000e+00, 8.6713401e-01, 2.5325946e-01 
3901, 1.0000000e+00, 4.8658291e-01, 8.8443687e-01 
3902, 0.0000000e+00, 4.8658291e-01, 8.8443687e-01 
3903, 5.7018902e-01, 0.0000000e+00, 7.3975191e-01 
3904, 5.7018902e-01, 1.0000000e+00, 7.3975191e-01 
3905, 6.5682402e-01, 0.0000000e+00, 7.6686722e-01 
3906, 6.5682402e-01, 1.0000000e+00, 7.6686722e-01 
3907, 0.0000000e+00, 2.7575032e-01, 6.5990766e-01 
3908, 1.0000000e+00, 2.7575032e-01, 6.5990766e-01 
3909, 0.0000000e+00, 3.0020892e-01, 6.8924637e-01 
3910, 1.0000000e+00, 3.0020892e-01, 6.8924637e-01 
3911, 0.0000000e+00, 2.8225057e-01, 6.9105493e-01 
3912, 1.0000000e+00, 2.8225057e-01, 6.9105493e-01 
3913, 0.0000000e+00, 2.7096569e-01, 7.0240930e-01 
3914, 1.0000000e+00, 2.7096569e-01, 7.0240930e-01 
3915, 4.6490894e-02, 6.8849949e-01, 1.0000000e+00 
3916, 4.6490894e-02, 6.8849949e-01, 0.0000000e+00 
3917, 2.4950647e-02, 6.9742925e-01, 1.0000000e+00 
3918, 1.0000000e+00, 6.9104306e-01, 5.0436249e-02 
3919, 1.3460228e-01, 8.9375619e-01, 1.0000000e+00 
3920, 1.3460228e-01, 8.9375619e-01, 0.0000000e+00 
3921, 2.0904163e-01, 0.0000000e+00, 8.8288968e-01 
3922, 2.0904163e-01, 1.0000000e+00, 8.8288968e-01 
3923, 2.0581463e-01, 9.0932225e-02, 1.0000000e+00 
3924, 2.0581463e-01, 9.0932225e-02, 0.0000000e+00 
3925, 6.5108675e-02, 1.1806068e-01, 1.0000000e+00 
3926, 6.5108675e-02, 1.1806068e-01, 0.0000000e+00 
3927, 2.8372863e-01, 0.0000000e+00, 6.4073358e-01 
3928, 2.8372863e-01, 1.0000000e+00, 6.4073358e-01 
3929, 0.0000000e+00, 8.0926342e-01, 6.4232852e-01 
3930, 1.0000000e+00, 8.0926342e-01, 6.4232852e-01 
3931, 6.3543211e-01, 0.0000000e+00, 1.3815766e-01 
3932, 6.3543211e-01, 1.0000000e+00, 1.3815766e-01 
3933, 7.1444368e-01, 0.0000000e+00, 1.8668094e-01 
3934, 7.1444368e-01, 1.0000000e+00, 1.8668094e-01 
3935, 2.6143476e-01, 0.0000000e+00, 9.0585140e-01 
3936, 2.6143476e-01, 1.0000000e+00, 9.0585140e-01 
3937, 6.4316426e-01, 9.1699743e-01, 0.0000000e+00 
3938, 6.4053355e-01, 0.0000000e+00, 9.4716405e-01 
3939, 5.7538315e-01, 7.9036459e-01, 0.0000000e+00 
3940, 5.7538315e-01, 7.9036459e-01, 1.0000000e+00 
3941, 7.0807298e-01, 0.0000000e+00, 1.1236408e-01 
3942, 6.7788081e-01, 9.3571148e-01, 1.0000000e+00 
3943, 7.0692444e-01, 0.0000000e+00, 1.4847417e-01 
3944, 7.0692444e-01, 1.0000000e+00, 1.4847417e-01 
3945, 0.0000000e+00, 1.6177692e-01, 1.0560340e-01 
3946, 1.0000000e+00, 1.6177692e-01, 1.0560340e-01 
3947, 0.0000000e+00, 2.9915352e-02, 1.5107646e-01 
3948, 1.0000000e+00, 2.9915352e-02, 1.5107646e-01 
3949, 0.0000000e+00, 1.8830457e-01, 9.9461924e-02 
3950, 1.0000000e+00, 1.8830457e-01, 9.9461924e-02 
3951, 7.7006735e-01, 1.0000000e+00, 5.9282992e-01 
3952, 7.7006735e-01, 0.0000000e+00, 5.9282992e-01 
3953, 1.3369577e-01, 1.0000000e+00, 3.5124394e-01 
3954, 1.3369577e-01, 0.0000000e+00, 3.5124394e-01 
3955, 5.1190920e-01, 0.0000000e+00, 1.2637925e-01 
3956, 5.1190920e-01, 1.0000000e+00, 1.2637925e-01 
3957, 2.9403338e-01, 5.0017696e-01, 1.0000000e+00 
3958, 2.9403338e-01, 5.0017696e-01, 0.0000000e+00 
3959, 2.6785776e-01, 4.8095224e-01, 1.0000000e+00 
3960, 2.6785776e-01, 4.8095224e-01, 0.0000000e+00 
3961, 2.9192333e-01, 4.9398932e-01, 1.0000000e+00 
3962, 2.9192333e-01, 4.9398932e-01, 0.0000000e+00 
3963, 3.0190595e-01, 5.0145698e-01, 1.0000000e+00 
3964, 3.0190595e-01, 5.0145698e-01, 0.0000000e+00 
3965, 7.9311471e-01, 0.0000000e+00, 4.2685766e-01 
3966, 7.9311471e-01, 1.0000000e+00, 4.2685766e-01 
3967, 3.3536205e-01, 7.7454670e-01, 1.0000000e+00 
3968, 3.3536205e-01, 7.7454670e-01, 0.0000000e+00 
3969, 4.1454412e-01, 7.6577864e-01, 1.0000000e+00 
3970, 4.1454412e-01, 7.6577864e-01, 0.0000000e+00 
3971, 8.9747088e-01, 7.1792173e-01, 0.0000000e+00 
3972, 8.9747088e-01, 7.1792173e-01, 1.0000000e+00 
3973, 5.6109569e-01, 1.5635475e-01, 0.0000000e+00 
3974, 5.6109569e-01, 1.5635475e-01, 1.0000000e+00 
3975, 4.7221263e-01, 0.0000000e+00, 5.8537605e-01 
3976, 4.7221263e-01, 1.0000000e+00, 5.8537605e-01 
3977, 7.5404167e-01, 7.1452870e-01, 1.0000000e+00 
3978, 7.5404167e-01, 7.1452870e-01, 0.0000000e+00 
3979, 4.5257037e-01, 0.0000000e+00, 2.6535969e-01 
3980, 4.5257037e-01, 1.0000000e+00, 2.6535969e-01 
3981, 4.8337319e-01, 0.0000000e+00, 2.3404389e-01 
3982, 4.8337319e-01, 1.0000000e+00, 2.3404389e-01 
3983, 1.0000000e+00, 9.9601255e-02, 7.4791218e-01 
3984, 0.0000000e+00, 9.9601255e-02, 7.4791218e-01 
3985, 8.3088862e-01, 0.0000000e+00, 7.8682271e-01 
3986, 8.3088862e-01, 1.0000000e+00, 7.8682271e-01 
3987, 6.5314427e-01, 5.5695532e-01, 0.0000000e+00 
3988, 6.5314427e-01, 5.5695532e-01, 1.0000000e+00 
3989, 6.3337441e-01, 5.6358119e-01, 0.0000000e+00 
3990, 6.3337441e-01, 5.6358119e-01, 1.0000000e+00 
3991, 4.7180115e-01, 1.2430753e-01, 0.0000000e+00 
3992, 4.7180115e-01, 1.2430753e-01, 1.0000000e+00 
3993, 5.8268413e-01, 1.3070017e-01, 0.0000000e+00 
3994, 5.8268413e-01, 1.3070017e-01, 1.0000000e+00 
3995, 0.0000000e+00, 3.8346065e-01, 6.4665505e-01 
3996, 1.0000000e+00, 3.8346065e-01, 6.4665505e-01 
3997, 0.0000000e+00, 3.3203576e-01, 6.2215955e-01 
3998, 1.0000000e+00, 3.3203576e-01, 6.2215955e-01 
3999, 4.6233175e-01, 8.9875376e-01, 1.0000000e+00 
4000, 4.6233175e-01, 8.9875376e-01, 0.0000000e+00 
4001, 4.0873307e-01, 8.6338087e-01, 1.0000000e+00 
4002, 4.0873307e-01, 8.6338087e-01, 0.0000000e+00 
4003, 4.4333931e-01, 8.1695034e-01, 1.0000000e+00 
4004, 4.4333931e-01, 8.1695034e-01, 0.0000000e+00 
4005, 6.4879302e-01, 7.6021860e-01, 1.0000000e+00 
4006, 6.4879302e-01, 7.6021860e-01, 0.0000000e+00 
4007, 4.9219286e-02, 2.5366055e-01, 1.0000000e+00 
4008, 4.9219286e-02, 2.5366055e-01, 0.0000000e+00 
4009, 2.4146746e-01, 1.0000000e+00, 3.2472666e-01 
4010, 2.4146746e-01, 0.0000000e+00, 3.2472666e-01 
4011, 3.6364446e-01, 1.0000000e+00, 2.9076920e-01 
4012, 3.6364446e-01, 0.0000000e+00, 2.9076920e-01 
4013, 0.0000000e+00, 5.3031545e-01, 8.8359228e-01 
4014, 1.0000000e+00, 5.3031545e-01, 8.8359228e-01 
4015, 6.9388939e-18, 6.3198132e-01, 9.7835848e-01 
4016, 9.8966242e-01, 6.4335481e-01, 0.0000000e+00 
4017, 5.4574695e-01, 0.0000000e+00, 1.7313485e-01 
4018, 5.4574695e-01, 1.0000000e+00, 1.7313485e-01 
4019, 0.0000000e+00, 8.7553199e-01, 3.9294369e-01 
4020, 1.0000000e+00, 8.7553199e-01, 3.9294369e-01 
4021, 7.1150177e-01, 1.0000000e+00, 2.6309415e-01 
4022, 7.1150177e-01, 0.0000000e+00, 2.6309415e-01 
4023, 6.6967159e-02, 6.4891898e-01, 0.0000000e+00 
4024, 6.6967159e-02, 6.4891898e-01, 1.0000000e+00 
4025, 0.0000000e+00, 5.0076231e-01, 4.6414390e-01 
4026, 1.0000000e+00, 5.0076231e-01, 4.6414390e-01 
4027, 6.0760129e-01, 3.1943092e-01, 1.0000000e+00 
4028, 6.0760129e-01, 3.1943092e-01, 0.0000000e+00 
4029, 1.0000000e+00, 8.3587551e-01, 9.2040788e-01 
4030, 0.0000000e+00, 8.3587551e-01, 9.2040788e-01 
4031, 6.8297479e-01, 7.8991065e-01, 1.0000000e+00 
4032, 6.8297479e-01, 7.8991065e-01, 0.0000000e+00 
4033, 0.0000000e+00, 5.5017940e-01, 1.6138281e-01 
4034, 1.0000000e+00, 5.5017940e-01, 1.6138281e-01 
4035, 2.8963340e-01, 1.0000000e+00, 5.1173428e-01 
4036, 2.8963340e-01, 0.0000000e+00, 5.1173428e-01 
4037, 4.1963154e-02, 0.0000000e+00, 7.9068636e-01 
4038, 4.1963154e-02, 1.0000000e+00, 7.9068636e-01 
4039, 1.1893592e-01, 0.0000000e+00, 8.1239980e-01 
4040, 1.1893592e-01, 1.0000000e+00, 8.1239980e-01 
4041, 4.9836104e-01, 0.0000000e+00, 4.4612526e-01 
4042, 4.9836104e-01, 1.0000000e+00, 4.4612526e-01 
4043, 1.0000000e+00, 2.5590715e-01, 4.4164085e-01 
4044, 0.0000000e+00, 2.5590715e-01, 4.4164085e-01 
4045, 1.0000000e+00, 2.7064496e-01, 4.8756387e-01 
4046, 0.0000000e+00, 2.7064496e-01, 4.8756387e-01 
4047, 3.6451546e-01, 6.3319821e-01, 1.0000000e+00 
4048, 3.6451546e-01, 6.3319821e-01, 0.0000000e+00 
4049, 0.0000000e+00, 5.7706725e-01, 3.7080004e-01 
4050, 1.0000000e+00, 5.7706725e-01, 3.7080004e-01 
4051, 0.0000000e+00, 5.7434084e-01, 3.3178511e-01 
4052, 1.0000000e+00, 5.7434084e-01, 3.3178511e-01 
4053, 0.0000000e+00, 5.2663639e-01, 3.3538340e-01 
4054, 1.0000000e+00, 5.2663639e-01, 3.3538340e-01 
4055, 8.9967164e-02, 1.4461466e-01, 1.0000000e+00 
4056, 8.9967164e-02, 1.4461466e-01, 0.0000000e+00 
4057, 1.8358010e-01, 1.0000000e+00, 8.1569810e-01 
4058, 1.8358010e-01, 0.0000000e+00, 8.1569810e-01 
4059, 1.7051226e-01, 1.0000000e+00, 8.0719819e-01 
4060, 1.7051226e-01, 0.0000000e+00, 8.0719819e-01 
4061, 1.0000000e+00, 8.7907102e-01, 3.4592129e-01 
4062, 0.0000000e+00, 8.7907102e-01, 3.4592129e-01 
4063, 3.1691461e-01, 9.5783534e-01, 1.0000000e+00 
4064, 3.1691461e-01, 9.5783534e-01, 0.0000000e+00 
4065, 2.9615844e-01, 9.5466162e-01, 1.0000000e+00 
4066, 2.9615844e-01, 9.5466162e-01, 0.0000000e+00 
4067, 1.6847572e-01, 2.4931267e-01, 1.0000000e+00 
4068, 1.6847572e-01, 2.4931267e-01, 0.0000000e+00 
4069, 2.9118819e-01, 3.5283439e-01, 1.0000000e+00 
4070, 2.9118819e-01, 3.5283439e-01, 0.0000000e+00 
4071, 3.3739681e-01, 2.4425948e-01, 1.0000000e+00 
4072, 3.3739681e-01, 2.4425948e-01, 0.0000000e+00 
4073, 1.0000000e+00, 3.2075332e-01, 4.0928336e-01 
4074, 0.0000000e+00, 3.2075332e-01, 4.0928336e-01 
4075, 6.5344822e-01, 3.6092103e-01, 0.0000000e+00 
4076, 6.5344822e-01, 3.6092103e-01, 1.0000000e+00 
4077, 5.7217694e-01, 1.0000000e+00, 9.3240209e-01 
4078, 5.7217694e-01, 0.0000000e+00, 9.3240209e-01 
4079, 0.0000000e+00, 1.0776208e-02, 5.0530103e-01 
4080, 9.7735061e-01, 1.0000000e+00, 4.7414350e-01 
4081, 0.0000000e+00, 8.6473282e-02, 4.9086562e-01 
4082, 1.0000000e+00, 8.6473282e-02, 4.9086562e-01 
4083, 2.0532737e-01, 1.0000000e+00, 8.1263338e-01 
4084, 2.0532737e-01, 0.0000000e+00, 8.1263338e-01 
4085, 9.0568073e-02, 3.9328780e-01, 0.0000000e+00 
4086, 9.0568073e-02, 3.9328780e-01, 1.0000000e+00 
4087, 9.1805554e-02, 3.9305611e-01, 0.0000000e+00 
4088, 9.1805554e-02, 3.9305611e-01, 1.0000000e+00 
4089, 1.0000000e+00, 4.8227217e-02, 7.9741411e-01 
4090, 0.0000000e+00, 4.8227217e-02, 7.9741411e-01 
4091, 9.6113873e-01, 0.0000000e+00, 8.8224453e-01 
4092, 0.0000000e+00, 9.6529610e-01, 9.0305605e-01 
4093, 3.8620059e-01, 8.8811081e-01, 1.0000000e+00 
4094, 3.8620059e-01, 8.8811081e-01, 0.0000000e+00 
4095, 3.6765651e-01, 1.0000000e+00, 9.6443158e-01 
4096, 3.4254975e-01, 2.4298674e-02, 0.0000000e+00 
4097, 4.5414589e-01, 1.0000000e+00, 8.2368445e-01 
4098, 4.5414589e-01, 0.0000000e+00, 8.2368445e-01 
4099, 7.6018381e-01, 2.9691286e-01, 1.0000000e+00 
4100, 7.6018381e-01, 2.9691286e-01, 0.0000000e+00 
4101, 0.0000000e+00, 7.4441779e-01, 1.3843296e-01 
4102, 1.0000000e+00, 7.4441779e-01, 1.3843296e-01 
4103, 2.3838994e-01, 8.5141646e-01, 0.0000000e+00 
4104, 2.3838994e-01, 8.5141646e-01, 1.0000000e+00 
4105, 8.6988056e-01, 0.0000000e+00, 8.1881810e-01 
4106, 8.6988056e-01, 1.0000000e+00, 8.1881810e-01 
4107, 1.0000000e+00, 6.3626285e-03, 7.9706006e-01 
4108, 2.2646082e-02, 1.0000000e+00, 7.8425520e-01 
4109, 9.4086495e-01, 0.0000000e+00, 7.4147565e-01 
4110, 9.4086495e-01, 1.0000000e+00, 7.4147565e-01 
4111, 0.0000000e+00, 6.3459506e-01, 5.3694412e-01 
4112, 1.0000000e+00, 6.3459506e-01, 5.3694412e-01 
4113, 0.0000000e+00, 5.5134756e-01, 6.1764781e-01 
4114, 1.0000000e+00, 5.5134756e-01, 6.1764781e-01 
4115, 3.8712919e-01, 1.0000000e+00, 2.4093360e-01 
4116, 3.8712919e-01, 0.0000000e+00, 2.4093360e-01 
4117, 3.7411740e-01, 1.0000000e+00, 2.0849223e-01 
4118, 3.7411740e-01, 0.0000000e+00, 2.0849223e-01 
4119, 3.7576569e-01, 1.0000000e+00, 1.4997498e-01 
4120, 3.7576569e-01, 0.0000000e+00, 1.4997498e-01 
4121, 3.8236718e-01, 1.0000000e+00, 2.0918277e-01 
4122, 3.8236718e-01, 0.0000000e+00, 2.0918277e-01 
4123, 2.1083639e-01, 0.0000000e+00, 8.1333630e-01 
4124, 2.1083639e-01, 1.0000000e+00, 8.1333630e-01 
4125, 2.5603134e-01, 0.0000000e+00, 6.5993294e-01 
4126, 2.5603134e-01, 1.0000000e+00, 6.5993294e-01 
4127, 2.8044231e-01, 0.0000000e+00, 7.1634081e-01 
4128, 2.8044231e-01, 1.0000000e+00, 7.1634081e-01 
4129, 1.0000000e+00, 2.0743388e-01, 2.2502151e-01 
4130, 0.0000000e+00, 2.0743388e-01, 2.2502151e-01 
4131, 0.0000000e+00, 8.0495971e-01, 6.6631962e-01 
4132, 1.0000000e+00, 8.0495971e-01, 6.6631962e-01 
4133, 3.9620707e-01, 0.0000000e+00, 3.1443150e-01 
4134, 3.9620707e-01, 1.0000000e+00, 3.1443150e-01 
4135, 3.5452253e-01, 0.0000000e+00, 2.3722073e-01 
4136, 3.5452253e-01, 1.0000000e+00, 2.3722073e-01 
4137, 1.0000000e+00, 4.8419863e-01, 1.9825211e-01 
4138, 0.0000000e+00, 4.8419863e-01, 1.9825211e-01 
4139, 1.7256049e-02, 1.0168262e-01, 0.0000000e+00 
4140, 1.0000000e+00, 1.1582907e-01, 9.8455214e-01 
4141, 5.3164600e-02, 1.0174781e-01, 0.0000000e+00 
4142, 5.3164600e-02, 1.0174781e-01, 1.0000000e+00 
4143, 6.9500988e-02, 7.5542145e-02, 0.0000000e+00 
4144, 6.9500988e-02, 7.5542145e-02, 1.0000000e+00 
4145, 4.8226356e-02, 7.0341174e-02, 0.0000000e+00 
4146, 4.8226356e-02, 7.0341174e-02, 1.0000000e+00 
4147, 7.9834541e-01, 1.0000000e+00, 2.1783637e-01 
4148, 7.9834541e-01, 0.0000000e+00, 2.1783637e-01 
4149, 8.2315941e-01, 1.0000000e+00, 2.1893804e-01 
4150, 8.2315941e-01, 0.0000000e+00, 2.1893804e-01 
4151, 7.5726747e-01, 1.0000000e+00, 2.2752933e-01 
4152, 7.5726747e-01, 0.0000000e+00, 2.2752933e-01 
4153, 1.0000000e+00, 6.3356337e-01, 6.0264326e-01 
4154, 0.0000000e+00, 6.3356337e-01, 6.0264326e-01 
4155, 0.0000000e+00, 1.8458163e-01, 1.4304636e-01 
4156, 1.0000000e+00, 1.8458163e-01, 1.4304636e-01 
4157, 1.0000000e+00, 2.3385544e-01, 1.5912327e-01 
4158, 0.0000000e+00, 2.3385544e-01, 1.5912327e-01 
4159, 1.0000000e+00, 1.5583922e-01, 1.7453492e-01 
4160, 0.0000000e+00, 1.5583922e-01, 1.7453492e-01 
4161, 1.0000000e+00, 2.3275784e-01, 2.5904069e-01 
4162, 0.0000000e+00, 2.3275784e-01, 2.5904069e-01 
4163, 0.0000000e+00, 6.6850288e-01, 1.8101669e-01 
4164, 1.0000000e+00, 6.6850288e-01, 1.8101669e-01 
4165, 0.0000000e+00, 7.4919372e-01, 9.6559815e-02 
4166, 1.0000000e+00, 7.4919372e-01, 9.6559815e-02 
4167, 1.0000000e+00, 7.4095879e-01, 5.3487364e-02 
4168, 0.0000000e+00, 7.4095879e-01, 5.3487364e-02 
4169, 1.0000000e+00, 7.3595549e-01, 6.2808503e-02 
4170, 0.0000000e+00, 7.3595549e-01, 6.2808503e-02 
4171, 5.6587707e-01, 9.2603165e-01, 1.0000000e+00 
4172, 5.6587707e-01, 9.2603165e-01, 0.0000000e+00 
4173, 4.9660020e-01, 1.0000000e+00, 8.6746448e-01 
4174, 4.9660020e-01, 0.0000000e+00, 8.6746448e-01 
4175, 4.2649359e-01, 1.3731887e-01, 0.0000000e+00 
4176, 4.2649359e-01, 1.3731887e-01, 1.0000000e+00 
4177, 0.0000000e+00, 9.6789487e-01, 2.8046024e-01 
4178, 1.0000000e+00, 9.6789487e-01, 2.8046024e-01 
4179, 7.4537351e-02, 1.0000000e+00, 1.8737052e-01 
4180, 7.4537351e-02, 0.0000000e+00, 1.8737052e-01 
4181, 1.5615237e-01, 0.0000000e+00, 8.0638998e-01 
4182, 1.5615237e-01, 1.0000000e+00, 8.0638998e-01 
4183, 7.9517114e-01, 9.3699893e-01, 0.0000000e+00 
4184, 7.9517114e-01, 9.3699893e-01, 1.0000000e+00 
4185, 9.7062688e-01, 5.1030950e-01, 1.0000000e+00 
4186, 9.7062688e-01, 5.1030950e-01, 0.0000000e+00 
4187, 1.0000000e+00, 7.5799107e-01, 5.2186276e-01 
4188, 0.0000000e+00, 7.5799107e-01, 5.2186276e-01 
4189, 1.0000000e+00, 7.7222314e-01, 5.3691814e-01 
4190, 0.0000000e+00, 7.7222314e-01, 5.3691814e-01 
4191, 1.0000000e+00, 7.6321399e-01, 5.8940850e-01 
4192, 0.0000000e+00, 7.6321399e-01, 5.8940850e-01 
4193, 7.0853643e-01, 5.3413567e-01, 1.0000000e+00 
4194, 7.0853643e-01, 5.3413567e-01, 0.0000000e+00 
4195, 7.2776386e-01, 1.0000000e+00, 5.7919730e-01 
4196, 7.2776386e-01, 0.0000000e+00, 5.7919730e-01 
4197, 7.6683172e-01, 1.0000000e+00, 4.6280865e-01 
4198, 7.6683172e-01, 0.0000000e+00, 4.6280865e-01 
4199, 6.9156232e-01, 1.0000000e+00, 6.1209549e-01 
4200, 6.9156232e-01, 0.0000000e+00, 6.1209549e-01 
4201, 1.0000000e+00, 8.4995336e-01, 2.0536912e-02 
4202, 7.1583773e-03, 8.8279440e-01, 1.0000000e+00 
4203, 1.0000000e+00, 7.5336311e-01, 1.0380674e-01 
4204, 0.0000000e+00, 7.5336311e-01, 1.0380674e-01 
4205, 1.0000000e+00, 7.8339584e-01, 4.2543484e-02 
4206, 2.6650973e-02, 8.0308647e-01, 1.0000000e+00 
4207, 1.9776142e-01, 0.0000000e+00, 4.3089122e-01 
4208, 1.9776142e-01, 1.0000000e+00, 4.3089122e-01 
4209, 1.0000000e+00, 5.2902409e-01, 7.2727146e-01 
4210, 0.0000000e+00, 5.2902409e-01, 7.2727146e-01 
4211, 2.1423503e-01, 0.0000000e+00, 8.1757785e-01 
4212, 2.1423503e-01, 1.0000000e+00, 8.1757785e-01 
4213, 3.2767123e-01, 0.0000000e+00, 8.3460187e-01 
4214, 3.2767123e-01, 1.0000000e+00, 8.3460187e-01 
4215, 1.0000000e+00, 3.7812394e-01, 5.1795820e-01 
4216, 0.0000000e+00, 3.7812394e-01, 5.1795820e-01 
4217, 1.0000000e+00, 3.5149423e-01, 5.5204114e-01 
4218, 0.0000000e+00, 3.5149423e-01, 5.5204114e-01 
4219, 2.4354708e-01, 4.9496157e-01, 0.0000000e+00 
4220, 2.4354708e-01, 4.9496157e-01, 1.0000000e+00 
4221, 7.7419510e-01, 8.5952077e-01, 0.0000000e+00 
4222, 7.7419510e-01, 8.5952077e-01, 1.0000000e+00 
4223, 1.0000000e+00, 9.9751079e-01, 6.3878717e-01 
4224, 1.1484815e-02, 0.0000000e+00, 6.3151970e-01 
4225, 7.8472820e-01, 1.0000000e+00, 7.7711835e-01 
4226, 7.8472820e-01, 0.0000000e+00, 7.7711835e-01 
4227, 0.0000000e+00, 3.2501167e-01, 5.4437754e-01 
4228, 1.0000000e+00, 3.2501167e-01, 5.4437754e-01 
4229, 0.0000000e+00, 3.3018976e-01, 5.1736118e-01 
4230, 1.0000000e+00, 3.3018976e-01, 5.1736118e-01 
4231, 4.0616874e-01, 1.0000000e+00, 5.9526283e-01 
4232, 4.0616874e-01, 0.0000000e+00, 5.9526283e-01 
4233, 1.0000000e+00, 4.2487434e-01, 6.2489347e-01 
4234, 0.0000000e+00, 4.2487434e-01, 6.2489347e-01 
4235, 1.0000000e+00, 5.9083011e-01, 7.0715139e-01 
4236, 0.0000000e+00, 5.9083011e-01, 7.0715139e-01 
4237, 1.0000000e+00, 4.4483983e-02, 2.6744679e-01 
4238, 0.0000000e+00, 4.4483983e-02, 2.6744679e-01 
4239, 1.0000000e+00, 8.2405059e-02, 3.1577439e-01 
4240, 0.0000000e+00, 8.2405059e-02, 3.1577439e-01 
4241, 8.5404670e-01, 0.0000000e+00, 2.5244077e-01 
4242, 8.5404670e-01, 1.0000000e+00, 2.5244077e-01 
4243, 1.0000000e+00, 3.9026713e-02, 1.0120767e-01 
4244, 2.5980008e-02, 1.0000000e+00, 1.2502181e-01 
4245, 9.8968740e-01, 9.8411062e-02, 0.0000000e+00 
4246, 9.8968740e-01, 9.8411062e-02, 1.0000000e+00 
4247, 1.0000000e+00, 4.3597479e-02, 9.2258155e-02 
4248, 4.8114831e-02, 4.0964018e-02, 1.0000000e+00 
4249, 1.0000000e+00, 3.7901182e-02, 1.0370052e-01 
4250, 2.0392212e-02, 1.0000000e+00, 1.3849081e-01 
4251, 5.4409473e-01, 3.6097338e-01, 0.0000000e+00 
4252, 5.4409473e-01, 3.6097338e-01, 1.0000000e+00 
4253, 1.0000000e+00, 5.3642712e-01, 6.4292489e-01 
4254, 0.0000000e+00, 5.3642712e-01, 6.4292489e-01 
4255, 1.0000000e+00, 6.7387721e-01, 8.3557876e-01 
4256, 0.0000000e+00, 6.7387721e-01, 8.3557876e-01 
4257, 8.3501061e-01, 1.5055392e-01, 1.0000000e+00 
4258, 8.3501061e-01, 1.5055392e-01, 0.0000000e+00 
4259, 7.6516836e-01, 1.4143136e-01, 1.0000000e+00 
4260, 7.6516836e-01, 1.4143136e-01, 0.0000000e+00 
4261, 2.9972837e-01, 1.0000000e+00, 3.2065517e-01 
4262, 2.9972837e-01, 0.0000000e+00, 3.2065517e-01 
4263, 5.5438278e-01, 0.0000000e+00, 1.9937817e-01 
4264, 5.5438278e-01, 1.0000000e+00, 1.9937817e-01 
4265, 5.9974775e-01, 0.0000000e+00, 5.6098589e-01 
4266, 5.9974775e-01, 1.0000000e+00, 5.6098589e-01 
4267, 1.0000000e+00, 6.8767740e-01, 2.4266104e-01 
4268, 0.0000000e+00, 6.8767740e-01, 2.4266104e-01 
4269, 0.0000000e+00, 8.4768347e-01, 8.1530499e-01 
4270, 1.0000000e+00, 8.4768347e-01, 8.1530499e-01 
4271, 7.9670830e-01, 0.0000000e+00, 3.3222331e-01 
4272, 7.9670830e-01, 1.0000000e+00, 3.3222331e-01 
4273, 7.9646368e-01, 0.0000000e+00, 3.3038651e-01 
4274, 7.9646368e-01, 1.0000000e+00, 3.3038651e-01 
4275, 8.2937799e-01, 0.0000000e+00, 3.4647109e-01 
4276, 8.2937799e-01, 1.0000000e+00, 3.4647109e-01 
4277, 0.0000000e+00, 3.6687717e-01, 7.6551271e-01 
4278, 1.0000000e+00, 3.6687717e-01, 7.6551271e-01 
4279, 8.8877246e-01, 9.5637112e-01, 0.0000000e+00 
4280, 0.0000000e+00, 8.4327698e-02, 8.4810103e-01 
4281, 8.8323242e-01, 9.5268701e-01, 0.0000000e+00 
4282, 8.8323242e-01, 9.5268701e-01, 1.0000000e+00 
4283, 8.4836487e-01, 1.0000000e+00, 2.0924559e-02 
4284, 8.4836487e-01, 0.0000000e+00, 2.0924559e-02 
4285, 7.6146448e-01, 7.8684572e-01, 0.0000000e+00 
4286, 7.6146448e-01, 7.8684572e-01, 1.0000000e+00 
4287, 1.0000000e+00, 4.2035577e-01, 2.5502906e-01 
4288, 0.0000000e+00, 4.2035577e-01, 2.5502906e-01 
4289, 1.0000000e+00, 3.5308777e-01, 5.1112975e-01 
4290, 0.0000000e+00, 3.5308777e-01, 5.1112975e-01 
4291, 9.9331880e-01, 7.1084193e-01, 0.0000000e+00 
4292, 0.0000000e+00, 7.1253437e-01, 9.8008591e-01 
4293, 1.0000000e+00, 7.3544400e-01, 1.3816671e-02 
4294, 0.0000000e+00, 7.3544400e-01, 1.3816671e-02 
4295, 7.3897714e-01, 6.7609068e-01, 0.0000000e+00 
4296, 7.3897714e-01, 6.7609068e-01, 1.0000000e+00 
4297, 8.3123812e-01, 4.5947872e-01, 1.0000000e+00 
4298, 8.3123812e-01, 4.5947872e-01, 0.0000000e+00 
4299, 3.6058883e-01, 0.0000000e+00, 8.0347795e-01 
4300, 3.6058883e-01, 1.0000000e+00, 8.0347795e-01 
4301, 4.1370541e-01, 0.0000000e+00, 6.8866853e-01 
4302, 4.1370541e-01, 1.0000000e+00, 6.8866853e-01 
4303, 3.1526264e-01, 1.0000000e+00, 4.9935151e-01 
4304, 3.1526264e-01, 0.0000000e+00, 4.9935151e-01 
4305, 5.0888052e-02, 1.0000000e+00, 8.9242682e-01 
4306, 1.0000000e+00, 6.6825308e-02, 2.6993371e-02 
4307, 0.0000000e+00, 6.6693870e-01, 5.4462773e-01 
4308, 1.0000000e+00, 6.6693870e-01, 5.4462773e-01 
4309, 0.0000000e+00, 6.4147227e-01, 6.9319646e-01 
4310, 1.0000000e+00, 6.4147227e-01, 6.9319646e-01 
4311, 0.0000000e+00, 6.5269636e-01, 6.8945291e-01 
4312, 1.0000000e+00, 6.5269636e-01, 6.8945291e-01 
4313, 0.0000000e+00, 1.8745966e-03, 3.6714983e-01 
4314, 9.9814308e-01, 1.0000000e+00, 3.7462951e-01 
4315, 0.0000000e+00, 1.4955730e-01, 2.9638271e-01 
4316, 1.0000000e+00, 1.4955730e-01, 2.9638271e-01 
4317, 1.8565323e-02, 0.0000000e+00, 3.2241990e-01 
4318, 1.8565323e-02, 1.0000000e+00, 3.2241990e-01 
4319, 7.5361747e-01, 3.0876183e-01, 0.0000000e+00 
4320, 7.5361747e-01, 3.0876183e-01, 1.0000000e+00 
4321, 8.2806646e-01, 1.0000000e+00, 7.1349186e-01 
4322, 8.2806646e-01, 0.0000000e+00, 7.1349186e-01 
4323, 1.0000000e+00, 9.8817682e-01, 7.7522826e-01 
4324, 0.0000000e+00, 9.8817682e-01, 7.7522826e-01 
4325, 1.0000000e+00, 4.1091992e-01, 2.3046010e-01 
4326, 0.0000000e+00, 4.1091992e-01, 2.3046010e-01 
4327, 1.0000000e+00, 3.4059326e-01, 1.5653401e-02 
4328, 1.6010930e-02, 3.3636645e-01, 1.0000000e+00 
4329, 3.3092387e-01, 1.0000000e+00, 7.5152972e-01 
4330, 3.3092387e-01, 0.0000000e+00, 7.5152972e-01 
4331, 3.0614678e-01, 1.0000000e+00, 6.7196269e-01 
4332, 3.0614678e-01, 0.0000000e+00, 6.7196269e-01 
4333, 9.6588332e-03, 1.0000000e+00, 9.4245504e-02 
4334, 1.0000000e+00, 3.5048981e-02, 1.0475900e-01 
4335, 9.8275204e-03, 1.0000000e+00, 8.8404543e-02 
4336, 1.0000000e+00, 0.0000000e+00, 1.0000000e+00 
4337, 9.6601352e-02, 8.3152890e-01, 0.0000000e+00 
4338, 9.6601352e-02, 8.3152890e-01, 1.0000000e+00 
4339, 2.4737037e-01, 8.9600289e-01, 0.0000000e+00 
4340, 2.4737037e-01, 8.9600289e-01, 1.0000000e+00 
4341, 4.6384499e-01, 1.0000000e+00, 4.4336244e-01 
4342, 4.6384499e-01, 0.0000000e+00, 4.4336244e-01 
4343, 1.4223618e-02, 6.6568651e-01, 0.0000000e+00 
4344, 1.4223618e-02, 6.6568651e-01, 1.0000000e+00 
4345, 3.8236405e-02, 6.3799942e-01, 0.0000000e+00 
4346, 3.8236405e-02, 6.3799942e-01, 1.0000000e+00 
4347, 4.7257702e-01, 0.0000000e+00, 7.1221813e-01 
4348, 4.7257702e-01, 1.0000000e+00, 7.1221813e-01 
4349, 5.5733241e-01, 0.0000000e+00, 2.9552362e-01 
4350, 5.5733241e-01, 1.0000000e+00, 2.9552362e-01 
4351, 3.4982360e-01, 1.0000000e+00, 8.2657447e-01 
4352, 3.4982360e-01, 0.0000000e+00, 8.2657447e-01 
4353, 3.8064598e-01, 8.3539100e-01, 1.0000000e+00 
4354, 3.8064598e-01, 8.3539100e-01, 0.0000000e+00 
4355, 8.3370920e-01, 7.7917912e-01, 1.0000000e+00 
4356, 8.3370920e-01, 7.7917912e-01, 0.0000000e+00 
4357, 7.1202000e-01, 1.0000000e+00, 5.1233605e-01 
4358, 7.1202000e-01, 0.0000000e+00, 5.1233605e-01 
4359, 1.0000000e+00, 3.5518183e-01, 5.7322541e-01 
4360, 0.0000000e+00, 3.5518183e-01, 5.7322541e-01 
4361, 8.3068577e-03, 0.0000000e+00, 4.2793623e-01 
4362, 1.0000000e+00, 9.9535845e-01, 4.2700280e-01 
4363, 0.0000000e+00, 1.6785431e-01, 2.9811005e-01 
4364, 1.0000000e+00, 1.6785431e-01, 2.9811005e-01 
4365, 0.0000000e+00, 2.3041076e-01, 8.5828728e-01 
4366, 1.0000000e+00, 2.3041076e-01, 8.5828728e-01 
4367, 0.0000000e+00, 2.1406728e-01, 8.2966756e-01 
4368, 1.0000000e+00, 2.1406728e-01, 8.2966756e-01 
4369, 1.0000000e+00, 4.6661920e-01, 9.8378337e-01 
4370, 1.2599956e-02, 4.5650214e-01, 0.0000000e+00 
4371, 0.0000000e+00, 5.6619973e-01, 2.5388114e-01 
4372, 1.0000000e+00, 5.6619973e-01, 2.5388114e-01 
4373, 4.9332453e-01, 1.0000000e+00, 8.0971762e-01 
4374, 4.9332453e-01, 0.0000000e+00, 8.0971762e-01 
4375, 6.3667354e-01, 1.0000000e+00, 8.2610450e-01 
4376, 6.3667354e-01, 0.0000000e+00, 8.2610450e-01 
4377, 8.3264801e-01, 0.0000000e+00, 3.1779469e-01 
4378, 8.3264801e-01, 1.0000000e+00, 3.1779469e-01 
4379, 7.6006573e-01, 7.1130705e-01, 1.0000000e+00 
4380, 7.6006573e-01, 7.1130705e-01, 0.0000000e+00 
4381, 8.2790137e-01, 8.2192030e-01, 1.0000000e+00 
4382, 8.2790137e-01, 8.2192030e-01, 0.0000000e+00 
4383, 0.0000000e+00, 1.3450627e-01, 9.4871586e-01 
4384, 1.0000000e+00, 1.3450627e-01, 9.4871586e-01 
4385, 1.3565358e-01, 1.6000386e-01, 1.0000000e+00 
4386, 1.3565358e-01, 1.6000386e-01, 0.0000000e+00 
4387, 8.5356888e-01, 7.2361054e-01, 0.0000000e+00 
4388, 8.5356888e-01, 7.2361054e-01, 1.0000000e+00 
4389, 8.5413481e-01, 7.5736965e-01, 0.0000000e+00 
4390, 8.5413481e-01, 7.5736965e-01, 1.0000000e+00 
4391, 8.2786091e-01, 8.0028303e-01, 0.0000000e+00 
4392, 8.2786091e-01, 8.0028303e-01, 1.0000000e+00 
4393, 7.3296905e-01, 8.4381264e-01, 0.0000000e+00 
4394, 7.3296905e-01, 8.4381264e-01, 1.0000000e+00 
4395, 0.0000000e+00, 7.2715147e-01, 7.0602574e-01 
4396, 1.0000000e+00, 7.2715147e-01, 7.0602574e-01 
4397, 1.0000000e+00, 5.8640884e-01, 3.1478030e-01 
4398, 0.0000000e+00, 5.8640884e-01, 3.1478030e-01 
4399, 5.2315556e-01, 8.4005604e-02, 0.0000000e+00 
4400, 5.2315556e-01, 8.4005604e-02, 1.0000000e+00 
4401, 3.9460085e-01, 1.2950390e-01, 0.0000000e+00 
4402, 3.9460085e-01, 1.2950390e-01, 1.0000000e+00 
4403, 1.0000000e+00, 7.3308218e-02, 1.9856426e-01 
4404, 0.0000000e+00, 7.3308218e-02, 1.9856426e-01 
4405, 1.0000000e+00, 2.8362851e-02, 1.4549458e-01 
4406, 0.0000000e+00, 2.8362851e-02, 1.4549458e-01 
4407, 1.0000000e+00, 1.5951908e-01, 5.7683737e-02 
4408, 0.0000000e+00, 1.5951908e-01, 5.7683737e-02 
4409, 0.0000000e+00, 4.7562823e-01, 6.4171332e-01 
4410, 1.0000000e+00, 4.7562823e-01, 6.4171332e-01 
4411, 2.9926596e-01, 6.8059443e-01, 1.0000000e+00 
4412, 2.9926596e-01, 6.8059443e-01, 0.0000000e+00 
4413, 1.4283168e-01, 0.0000000e+00, 5.5066044e-01 
4414, 1.4283168e-01, 1.0000000e+00, 5.5066044e-01 
4415, 0.0000000e+00, 2.3356868e-02, 6.1154620e-01 
4416, 1.0000000e+00, 2.3356868e-02, 6.1154620e-01 
4417, 0.0000000e+00, 5.1945969e-02, 5.7250197e-01 
4418, 1.0000000e+00, 5.1945969e-02, 5.7250197e-01 
4419, 4.7534201e-01, 6.7522148e-01, 0.0000000e+00 
4420, 4.7534201e-01, 6.7522148e-01, 1.0000000e+00 
4421, 6.5565698e-01, 1.7347235e-18, 8.7438167e-01 
4422, 6.5565698e-01, 1.0000000e+00, 8.7438167e-01 
4423, 6.6194843e-01, 0.0000000e+00, 8.7730938e-01 
4424, 6.6194843e-01, 1.0000000e+00, 8.7730938e-01 
4425, 6.4755696e-01, 0.0000000e+00, 8.8344466e-01 
4426, 6.4755696e-01, 1.0000000e+00, 8.8344466e-01 
4427, 6.8084844e-01, 1.7347235e-18, 8.8325900e-01 
4428, 6.8084844e-01, 1.0000000e+00, 8.8325900e-01 
4429, 2.7341617e-01, 8.0040653e-01, 1.0000000e+00 
4430, 2.7341617e-01, 8.0040653e-01, 0.0000000e+00 
4431, 3.0015054e-01, 8.1614036e-01, 1.0000000e+00 
4432, 3.0015054e-01, 8.1614036e-01, 0.0000000e+00 
4433, 3.0692009e-01, 7.9747866e-01, 1.0000000e+00 
4434, 3.0692009e-01, 7.9747866e-01, 0.0000000e+00 
4435, 0.0000000e+00, 9.4754641e-01, 3.9776742e-01 
4436, 1.0000000e+00, 9.4754641e-01, 3.9776742e-01 
4437, 5.9439128e-01, 4.0291187e-01, 0.0000000e+00 
4438, 5.9439128e-01, 4.0291187e-01, 1.0000000e+00 
4439, 1.0000000e+00, 2.1996176e-01, 7.8480775e-01 
4440, 0.0000000e+00, 2.1996176e-01, 7.8480775e-01 
4441, 1.0000000e+00, 1.6940245e-01, 8.4654379e-01 
4442, 0.0000000e+00, 1.6940245e-01, 8.4654379e-01 
4443, 1.0000000e+00, 2.1153639e-01, 7.9460268e-01 
4444, 0.0000000e+00, 2.1153639e-01, 7.9460268e-01 
4445, 1.0000000e+00, 1.8305561e-01, 7.9081931e-01 
4446, 0.0000000e+00, 1.8305561e-01, 7.9081931e-01 
4447, 5.5339595e-01, 0.0000000e+00, 7.9894654e-01 
4448, 5.5339595e-01, 1.0000000e+00, 7.9894654e-01 
4449, 4.3789799e-01, 2.7882309e-01, 1.0000000e+00 
4450, 4.3789799e-01, 2.7882309e-01, 0.0000000e+00 
4451, 3.9284990e-01, 2.2985008e-01, 1.0000000e+00 
4452, 3.9284990e-01, 2.2985008e-01, 0.0000000e+00 
4453, 3.7201624e-01, 2.2968824e-01, 1.0000000e+00 
4454, 3.7201624e-01, 2.2968824e-01, 0.0000000e+00 
4455, 5.6883335e-01, 7.7542731e-01, 0.0000000e+00 
4456, 5.6883335e-01, 7.7542731e-01, 1.0000000e+00 
4457, 4.5244865e-01, 7.4418860e-01, 0.0000000e+00 
4458, 4.5244865e-01, 7.4418860e-01, 1.0000000e+00 
4459, 5.7270647e-01, 0.0000000e+00, 7.5078719e-01 
4460, 5.7270647e-01, 1.0000000e+00, 7.5078719e-01 
4461, 2.8268241e-01, 0.0000000e+00, 6.1971747e-01 
4462, 2.8268241e-01, 1.0000000e+00, 6.1971747e-01 
4463, 7.9581283e-01, 2.2908893e-01, 1.0000000e+00 
4464, 7.9581283e-01, 2.2908893e-01, 0.0000000e+00 
4465, 5.9273380e-01, 1.0000000e+00, 1.7742668e-01 
4466, 5.9273380e-01, 0.0000000e+00, 1.7742668e-01 
4467, 5.9008277e-01, 1.0000000e+00, 1.5494553e-01 
4468, 5.9008277e-01, 0.0000000e+00, 1.5494553e-01 
4469, 0.0000000e+00, 4.5252278e-01, 2.4624540e-01 
4470, 1.0000000e+00, 4.5252278e-01, 2.4624540e-01 
4471, 7.5114637e-01, 4.1197924e-01, 1.0000000e+00 
4472, 7.5114637e-01, 4.1197924e-01, 0.0000000e+00 
4473, 7.2064919e-01, 2.5093387e-01, 1.0000000e+00 
4474, 7.2064919e-01, 2.5093387e-01, 0.0000000e+00 
4475, 7.3847302e-01, 2.7872307e-01, 1.0000000e+00 
4476, 7.3847302e-01, 2.7872307e-01, 0.0000000e+00 
4477, 7.3281119e-01, 4.8741994e-02, 1.0000000e+00 
4478, 7.3281119e-01, 4.8741994e-02, 0.0000000e+00 
4479, 7.3398297e-01, 4.1323365e-02, 1.0000000e+00 
4480, 7.3398297e-01, 4.1323365e-02, 0.0000000e+00 
4481, 7.2714562e-01, 2.5220864e-02, 1.0000000e+00 
4482, 7.4076825e-01, 1.0000000e+00, 2.8823685e-02 
4483, 0.0000000e+00, 8.1966015e-01, 3.8376084e-01 
4484, 1.0000000e+00, 8.1966015e-01, 3.8376084e-01 
4485, 0.0000000e+00, 7.6195725e-01, 2.9122624e-01 
4486, 1.0000000e+00, 7.6195725e-01, 2.9122624e-01 
4487, 4.5756435e-01, 4.5593784e-01, 1.0000000e+00 
4488, 4.5756435e-01, 4.5593784e-01, 0.0000000e+00 
4489, 2.4292031e-01, 0.0000000e+00, 7.4638848e-01 
4490, 2.4292031e-01, 1.0000000e+00, 7.4638848e-01 
4491, 0.0000000e+00, 8.9938910e-01, 4.3427776e-01 
4492, 1.0000000e+00, 8.9938910e-01, 4.3427776e-01 
4493, 0.0000000e+00, 9.3611754e-01, 4.1884920e-01 
4494, 1.0000000e+00, 9.3611754e-01, 4.1884920e-01 
4495, 1.8803678e-02, 1.0000000e+00, 4.5061553e-01 
4496, 1.8803678e-02, 0.0000000e+00, 4.5061553e-01 
4497, 4.2311346e-01, 6.7994039e-01, 1.0000000e+00 
4498, 4.2311346e-01, 6.7994039e-01, 0.0000000e+00 
4499, 1.5046465e-01, 9.6056193e-01, 0.0000000e+00 
4500, 1.5046465e-01, 9.6056193e-01, 1.0000000e+00 
4501, 2.9861444e-01, 9.4343125e-01, 0.0000000e+00 
4502, 2.9861444e-01, 9.4343125e-01, 1.0000000e+00 
4503, 1.0000000e+00, 8.6711623e-01, 2.5242281e-01 
4504, 0.0000000e+00, 8.6711623e-01, 2.5242281e-01 
4505, 5.0322811e-01, 0.0000000e+00, 8.4979266e-01 
4506, 5.0322811e-01, 1.0000000e+00, 8.4979266e-01 
4507, 1.0000000e+00, 9.2803965e-01, 6.1095205e-01 
4508, 0.0000000e+00, 9.2803965e-01, 6.1095205e-01 
4509, 1.0000000e+00, 8.3498439e-01, 6.4063541e-01 
4510, 0.0000000e+00, 8.3498439e-01, 6.4063541e-01 
4511, 1.0000000e+00, 7.5038468e-01, 6.8536987e-01 
4512, 0.0000000e+00, 7.5038468e-01, 6.8536987e-01 
4513, 7.1085422e-01, 4.6114768e-01, 1.0000000e+00 
4514, 7.1085422e-01, 4.6114768e-01, 0.0000000e+00 
4515, 8.0668936e-01, 2.6869194e-01, 1.0000000e+00 
4516, 8.0668936e-01, 2.6869194e-01, 0.0000000e+00 
4517, 6.2283753e-01, 3.7547946e-01, 1.0000000e+00 
4518, 6.2283753e-01, 3.7547946e-01, 0.0000000e+00 
4519, 1.0000000e+00, 3.8687371e-01, 9.9024343e-02 
4520, 0.0000000e+00, 3.8687371e-01, 9.9024343e-02 
4521, 9.9345791e-01, 3.7245786e-01, 0.0000000e+00 
4522, 0.0000000e+00, 3.6708213e-01, 9.7456755e-01 
4523, 6.8863560e-01, 0.0000000e+00, 8.1386245e-01 
4524, 6.8863560e-01, 1.0000000e+00, 8.1386245e-01 
4525, 7.9545895e-01, 1.3147618e-01, 1.0000000e+00 
4526, 7.9545895e-01, 1.3147618e-01, 0.0000000e+00 
4527, 7.2952159e-01, 6.7067103e-01, 1.0000000e+00 
4528, 7.2952159e-01, 6.7067103e-01, 0.0000000e+00 
4529, 8.3734090e-01, 7.5016734e-01, 1.0000000e+00 
4530, 8.3734090e-01, 7.5016734e-01, 0.0000000e+00 
4531, 6.0336535e-01, 6.6093609e-01, 0.0000000e+00 
4532, 6.0336535e-01, 6.6093609e-01, 1.0000000e+00 
4533, 5.7347530e-01, 6.5137442e-01, 0.0000000e+00 
4534, 5.7347530e-01, 6.5137442e-01, 1.0000000e+00 
4535, 6.1693785e-01, 6.5164896e-01, 0.0000000e+00 
4536, 6.1693785e-01, 6.5164896e-01, 1.0000000e+00 
4537, 1.0000000e+00, 1.8837769e-01, 5.4829856e-01 
4538, 0.0000000e+00, 1.8837769e-01, 5.4829856e-01 
4539, 7.6279290e-01, 3.0397855e-01, 1.0000000e+00 
4540, 7.6279290e-01, 3.0397855e-01, 0.0000000e+00 
4541, 6.8958893e-01, 2.1361810e-01, 1.0000000e+00 
4542, 6.8958893e-01, 2.1361810e-01, 0.0000000e+00 
4543, 5.1026647e-01, 1.0000000e+00, 6.2883287e-01 
4544, 5.1026647e-01, 0.0000000e+00, 6.2883287e-01 
4545, 1.0000000e+00, 2.8687363e-01, 5.6247217e-01 
4546, 0.0000000e+00, 2.8687363e-01, 5.6247217e-01 
4547, 0.0000000e+00, 7.2714937e-01, 2.7986220e-01 
4548, 1.0000000e+00, 7.2714937e-01, 2.7986220e-01 
4549, 1.3141323e-01, 1.0000000e+00, 7.2464975e-01 
4550, 1.3141323e-01, 0.0000000e+00, 7.2464975e-01 
4551, 1.0000000e+00, 5.8025100e-01, 2.3955070e-01 
4552, 0.0000000e+00, 5.8025100e-01, 2.3955070e-01 
4553, 8.4388771e-01, 0.0000000e+00, 3.3925021e-01 
4554, 8.4388771e-01, 1.0000000e+00, 3.3925021e-01 
4555, 7.5108065e-01, 1.4400157e-01, 0.0000000e+00 
4556, 7.5108065e-01, 1.4400157e-01, 1.0000000e+00 
4557, 8.8205206e-01, 7.1295628e-02, 0.0000000e+00 
4558, 8.8205206e-01, 7.1295628e-02, 1.0000000e+00 
4559, 1.0000000e+00, 2.5392939e-01, 1.9202917e-01 
4560, 0.0000000e+00, 2.5392939e-01, 1.9202917e-01 
4561, 8.1923450e-01, 4.1449803e-01, 1.0000000e+00 
4562, 8.1923450e-01, 4.1449803e-01, 0.0000000e+00 
4563, 8.4565109e-01, 4.0614480e-01, 1.0000000e+00 
4564, 8.4565109e-01, 4.0614480e-01, 0.0000000e+00 
4565, 1.6482275e-01, 4.6499001e-01, 1.0000000e+00 
4566, 1.6482275e-01, 4.6499001e-01, 0.0000000e+00 
4567, 6.6944752e-01, 2.1509755e-01, 1.0000000e+00 
4568, 6.6944752e-01, 2.1509755e-01, 0.0000000e+00 
4569, 6.9194477e-01, 2.1952470e-01, 1.0000000e+00 
4570, 6.9194477e-01, 2.1952470e-01, 0.0000000e+00 
4571, 4.7216913e-01, 7.0291632e-01, 1.0000000e+00 
4572, 4.7216913e-01, 7.0291632e-01, 0.0000000e+00 
4573, 3.8093163e-02, 1.0000000e+00, 1.8087727e-01 
4574, 1.0000000e+00, 1.0541092e-01, 1.7294636e-01 
4575, 4.6859307e-02, 1.0000000e+00, 1.7499997e-01 
4576, 4.6859307e-02, 0.0000000e+00, 1.7499997e-01 
4577, 6.4125037e-02, 1.0000000e+00, 4.5117506e-01 
4578, 6.4125037e-02, 0.0000000e+00, 4.5117506e-01 
4579, 8.4203205e-02, 1.0000000e+00, 4.6142298e-01 
4580, 8.4203205e-02, 0.0000000e+00, 4.6142298e-01 
4581, 1.8092357e-01, 2.8056991e-01, 0.0000000e+00 
4582, 1.8092357e-01, 2.8056991e-01, 1.0000000e+00 
4583, 1.8039912e-01, 3.4085905e-01, 0.0000000e+00 
4584, 1.8039912e-01, 3.4085905e-01, 1.0000000e+00 
4585, 3.7310643e-01, 1.0000000e+00, 2.3009241e-01 
4586, 3.7310643e-01, 0.0000000e+00, 2.3009241e-01 
4587, 7.8358385e-01, 1.3877788e-17, 6.4205186e-01 
4588, 7.8358385e-01, 1.0000000e+00, 6.4205186e-01 
4589, 0.0000000e+00, 7.9018206e-01, 8.5900175e-01 
4590, 1.0000000e+00, 7.9018206e-01, 8.5900175e-01 
4591, 0.0000000e+00, 7.4621249e-01, 8.6838722e-01 
4592, 1.0000000e+00, 7.4621249e-01, 8.6838722e-01 
4593, 8.4157632e-01, 1.1461915e-01, 0.0000000e+00 
4594, 8.4157632e-01, 1.1461915e-01, 1.0000000e+00 
4595, 0.0000000e+00, 2.1525610e-01, 7.8543285e-01 
4596, 1.0000000e+00, 2.1525610e-01, 7.8543285e-01 
4597, 0.0000000e+00, 5.7741705e-01, 4.8792616e-01 
4598, 1.0000000e+00, 5.7741705e-01, 4.8792616e-01 
4599, 0.0000000e+00, 8.5845753e-01, 6.3080749e-01 
4600, 1.0000000e+00, 8.5845753e-01, 6.3080749e-01 
4601, 0.0000000e+00, 8.5996800e-01, 6.3385664e-01 
4602, 9.7136746e-01, 0.0000000e+00, 7.3950897e-01 
4603, 1.9536571e-01, 1.0000000e+00, 5.0335995e-01 
4604, 1.9536571e-01, 0.0000000e+00, 5.0335995e-01 
4605, 2.3919162e-01, 1.0000000e+00, 4.8912649e-01 
4606, 2.3919162e-01, 0.0000000e+00, 4.8912649e-01 
4607, 1.9773742e-01, 1.0000000e+00, 5.1576776e-01 
4608, 1.9773742e-01, 0.0000000e+00, 5.1576776e-01 
4609, 0.0000000e+00, 5.2267930e-01, 4.7007401e-02 
4610, 1.0000000e+00, 5.2267930e-01, 4.7007401e-02 
4611, 0.0000000e+00, 4.1754929e-01, 1.3973558e-01 
4612, 1.0000000e+00, 4.1754929e-01, 1.3973558e-01 
4613, 6.2187945e-02, 4.4040585e-01, 0.0000000e+00 
4614, 6.2187945e-02, 4.4040585e-01, 1.0000000e+00 
4615, 0.0000000e+00, 2.5443937e-01, 6.2523785e-01 
4616, 1.0000000e+00, 2.5443937e-01, 6.2523785e-01 
4617, 0.0000000e+00, 3.6896139e-01, 4.9931811e-01 
4618, 1.0000000e+00, 3.6896139e-01, 4.9931811e-01 
4619, 0.0000000e+00, 3.5363323e-01, 4.9892129e-01 
4620, 1.0000000e+00, 3.5363323e-01, 4.9892129e-01 
4621, 1.0000000e+00, 2.5613288e-01, 3.7571438e-01 
4622, 0.0000000e+00, 2.5613288e-01, 3.7571438e-01 
4623, 1.0000000e+00, 1.7803535e-01, 4.7777995e-01 
4624, 0.0000000e+00, 1.7803535e-01, 4.7777995e-01 
4625, 1.0000000e+00, 1.8769687e-01, 4.3864598e-01 
4626, 0.0000000e+00, 1.8769687e-01, 4.3864598e-01 
4627, 7.4153832e-01, 5.3459727e-01, 1.0000000e+00 
4628, 7.4153832e-01, 5.3459727e-01, 0.0000000e+00 
4629, 6.7628168e-01, 5.4073336e-01, 1.0000000e+00 
4630, 6.7628168e-01, 5.4073336e-01, 0.0000000e+00 
4631, 3.4165623e-01, 1.0000000e+00, 6.0860211e-01 
4632, 3.4165623e-01, 0.0000000e+00, 6.0860211e-01 
4633, 3.7164158e-01, 1.0000000e+00, 6.7508372e-01 
4634, 3.7164158e-01, 0.0000000e+00, 6.7508372e-01 
4635, 2.3330678e-01, 1.0000000e+00, 5.9787982e-01 
4636, 2.3330678e-01, 0.0000000e+00, 5.9787982e-01 
4637, 6.1834511e-01, 1.0000000e+00, 3.8498412e-01 
4638, 6.1834511e-01, 0.0000000e+00, 3.8498412e-01 
4639, 1.9556576e-02, 2.2704049e-01, 1.0000000e+00 
4640, 1.9556576e-02, 2.2704049e-01, 0.0000000e+00 
4641, 1.0000000e+00, 3.4869331e-01, 2.8354339e-01 
4642, 0.0000000e+00, 3.4869331e-01, 2.8354339e-01 
4643, 1.0000000e+00, 3.0819271e-01, 2.2615249e-01 
4644, 0.0000000e+00, 3.0819271e-01, 2.2615249e-01 
4645, 4.8746295e-01, 1.1464312e-01, 1.0000000e+00 
4646, 4.8746295e-01, 1.1464312e-01, 0.0000000e+00 
4647, 2.6931031e-01, 0.0000000e+00, 8.1129004e-01 
4648, 2.6931031e-01, 1.0000000e+00, 8.1129004e-01 
4649, 2.5479439e-01, 0.0000000e+00, 8.3105517e-01 
4650, 2.5479439e-01, 1.0000000e+00, 8.3105517e-01 
4651, 2.7505988e-01, 0.0000000e+00, 8.0656339e-01 
4652, 2.7505988e-01, 1.0000000e+00, 8.0656339e-01 
4653, 5.2363510e-02, 1.0000000e+00, 5.6673215e-01 
4654, 5.2363510e-02, 0.0000000e+00, 5.6673215e-01 
4655, 6.6999027e-03, 1.0000000e+00, 5.8908194e-01 
4656, 1.0000000e+00, 5.3070640e-03, 5.8878899e-01 
4657, 2.4644709e-02, 1.0000000e+00, 5.9246690e-01 
4658, 2.4644709e-02, 0.0000000e+00, 5.9246690e-01 
4659, 2.7188849e-02, 1.0000000e+00, 5.8615956e-01 
4660, 2.7188849e-02, 0.0000000e+00, 5.8615956e-01 
4661, 0.0000000e+00, 2.7192770e-01, 3.3321349e-01 
4662, 1.0000000e+00, 2.7192770e-01, 3.3321349e-01 
4663, 0.0000000e+00, 2.8287952e-01, 3.2918889e-01 
4664, 1.0000000e+00, 2.8287952e-01, 3.2918889e-01 
4665, 5.6551060e-02, 1.4636712e-01, 0.0000000e+00 
4666, 5.6551060e-02, 1.4636712e-01, 1.0000000e+00 
4667, 2.0893287e-01, 0.0000000e+00, 5.1175968e-01 
4668, 2.0893287e-01, 1.0000000e+00, 5.1175968e-01 
4669, 2.3976938e-01, 0.0000000e+00, 5.1829486e-01 
4670, 2.3976938e-01, 1.0000000e+00, 5.1829486e-01 
4671, 1.9594378e-01, 0.0000000e+00, 5.0590352e-01 
4672, 1.9594378e-01, 1.0000000e+00, 5.0590352e-01 
4673, 3.7179018e-01, 0.0000000e+00, 3.3178473e-01 
4674, 3.7179018e-01, 1.0000000e+00, 3.3178473e-01 
4675, 3.7498514e-01, 0.0000000e+00, 3.3660356e-01 
4676, 3.7498514e-01, 1.0000000e+00, 3.3660356e-01 
4677, 3.6536779e-01, 0.0000000e+00, 3.3505236e-01 
4678, 3.6536779e-01, 1.0000000e+00, 3.3505236e-01 
4679, 3.4683226e-01, 0.0000000e+00, 3.0850313e-01 
4680, 3.4683226e-01, 1.0000000e+00, 3.0850313e-01 
4681, 8.4659451e-01, 9.9973486e-02, 0.0000000e+00 
4682, 8.4659451e-01, 9.9973486e-02, 1.0000000e+00 
4683, 1.0000000e+00, 1.1850721e-01, 1.6144874e-01 
4684, 0.0000000e+00, 1.1850721e-01, 1.6144874e-01 
4685, 6.7753468e-01, 1.0000000e+00, 5.5032802e-01 
4686, 6.7753468e-01, 0.0000000e+00, 5.5032802e-01 
4687, 1.0000000e+00, 4.1304085e-01, 2.4766242e-01 
4688, 0.0000000e+00, 4.1304085e-01, 2.4766242e-01 
4689, 1.0000000e+00, 4.0278207e-01, 1.0864191e-01 
4690, 0.0000000e+00, 4.0278207e-01, 1.0864191e-01 
4691, 1.0000000e+00, 1.8109550e-01, 5.1979637e-01 
4692, 0.0000000e+00, 1.8109550e-01, 5.1979637e-01 
4693, 9.9144855e-01, 2.2035088e-01, 1.0000000e+00 
4694, 0.0000000e+00, 2.1668833e-01, 6.0351485e-03 
4695, 3.1536969e-01, 2.5902330e-01, 0.0000000e+00 
4696, 3.1536969e-01, 2.5902330e-01, 1.0000000e+00 
4697, 2.9967156e-01, 2.5487833e-01, 0.0000000e+00 
4698, 2.9967156e-01, 2.5487833e-01, 1.0000000e+00 
4699, 3.1959171e-01, 2.6182538e-01, 0.0000000e+00 
4700, 3.1959171e-01, 2.6182538e-01, 1.0000000e+00 
4701, 9.2411783e-01, 1.0000000e+00, 6.0689772e-01 
4702, 9.2411783e-01, 0.0000000e+00, 6.0689772e-01 
4703, 8.3063683e-01, 1.0000000e+00, 4.5242736e-01 
4704, 8.3063683e-01, 0.0000000e+00, 4.5242736e-01 
4705, 2.7043523e-01, 1.0000000e+00, 5.6983384e-01 
4706, 2.7043523e-01, 0.0000000e+00, 5.6983384e-01 
4707, 5.2053553e-01, 0.0000000e+00, 3.2258638e-01 
4708, 5.2053553e-01, 1.0000000e+00, 3.2258638e-01 
4709, 5.2144173e-01, 0.0000000e+00, 2.8429383e-01 
4710, 5.2144173e-01, 1.0000000e+00, 2.8429383e-01 
4711, 0.0000000e+00, 7.0324328e-03, 6.7285821e-01 
4712, 9.9898836e-01, 1.0000000e+00, 6.7183426e-01 
4713, 0.0000000e+00, 3.9000546e-02, 6.7676238e-01 
4714, 1.0000000e+00, 3.9000546e-02, 6.7676238e-01 
4715, 0.0000000e+00, 3.6320774e-02, 6.7690615e-01 
4716, 9.2326985e-01, 1.0000000e+00, 6.6794243e-01 
4717, 0.0000000e+00, 3.5423796e-02, 6.7684618e-01 
4718, 9.4726687e-01, 1.0000000e+00, 6.6998627e-01 
4719, 4.7840705e-02, 1.0000000e+00, 5.8431113e-01 
4720, 1.0000000e+00, 1.5324981e-02, 6.0842459e-01 
4721, 1.0772593e-01, 1.0000000e+00, 5.3422604e-01 
4722, 1.0772593e-01, 0.0000000e+00, 5.3422604e-01 
4723, 2.4114488e-01, 2.2231315e-01, 1.0000000e+00 
4724, 2.4114488e-01, 2.2231315e-01, 0.0000000e+00 
4725, 2.8021068e-01, 3.2651888e-01, 1.0000000e+00 
4726, 2.8021068e-01, 3.2651888e-01, 0.0000000e+00 
4727, 1.0000000e+00, 8.6243683e-01, 4.1069944e-01 
4728, 0.0000000e+00, 8.6243683e-01, 4.1069944e-01 
4729, 1.0000000e+00, 5.7589475e-01, 3.8404906e-01 
4730, 0.0000000e+00, 5.7589475e-01, 3.8404906e-01 
4731, 1.1118551e-01, 0.0000000e+00, 5.9377272e-01 
4732, 1.1118551e-01, 1.0000000e+00, 5.9377272e-01 
4733, 0.0000000e+00, 3.7846648e-01, 4.7269786e-01 
4734, 1.0000000e+00, 3.7846648e-01, 4.7269786e-01 
4735, 0.0000000e+00, 3.4009588e-01, 4.1858306e-01 
4736, 1.0000000e+00, 3.4009588e-01, 4.1858306e-01 
4737, 0.0000000e+00, 3.4605974e-01, 4.1218801e-01 
4738, 1.0000000e+00, 3.4605974e-01, 4.1218801e-01 
4739, 6.5809429e-01, 3.2196811e-01, 0.0000000e+00 
4740, 6.5809429e-01, 3.2196811e-01, 1.0000000e+00 
4741, 1.7842653e-01, 4.9726774e-01, 1.0000000e+00 
4742, 1.7842653e-01, 4.9726774e-01, 0.0000000e+00 
4743, 5.9504886e-02, 1.0000000e+00, 8.4060468e-01 
4744, 5.9504886e-02, 0.0000000e+00, 8.4060468e-01 
4745, 6.3489719e-01, 1.0000000e+00, 6.7468576e-01 
4746, 6.3489719e-01, 0.0000000e+00, 6.7468576e-01 
4747, 2.0987448e-01, 1.0000000e+00, 7.3733150e-01 
4748, 2.0987448e-01, 0.0000000e+00, 7.3733150e-01 
4749, 0.0000000e+00, 7.1116195e-01, 2.4485660e-01 
4750, 1.0000000e+00, 7.1116195e-01, 2.4485660e-01 
4751, 2.7703968e-01, 9.5490961e-01, 0.0000000e+00 
4752, 2.7703968e-01, 9.5490961e-01, 1.0000000e+00 
4753, 1.2457471e-01, 9.4807612e-01, 0.0000000e+00 
4754, 1.2457471e-01, 9.4807612e-01, 1.0000000e+00 
4755, 3.6204569e-01, 1.0000000e+00, 9.2848100e-01 
4756, 3.6204569e-01, 0.0000000e+00, 9.2848100e-01 
4757, 4.4087194e-01, 1.0000000e+00, 8.5285457e-01 
4758, 4.4087194e-01, 0.0000000e+00, 8.5285457e-01 
4759, 4.5746536e-01, 1.0000000e+00, 8.1138558e-01 
4760, 4.5746536e-01, 0.0000000e+00, 8.1138558e-01 
4761, 1.0000000e+00, 8.8209727e-01, 2.9899110e-01 
4762, 0.0000000e+00, 8.8209727e-01, 2.9899110e-01 
4763, 1.0000000e+00, 8.4885279e-01, 3.4443505e-01 
4764, 0.0000000e+00, 8.4885279e-01, 3.4443505e-01 
4765, 5.7594958e-01, 8.2514761e-01, 1.0000000e+00 
4766, 5.7594958e-01, 8.2514761e-01, 0.0000000e+00 
4767, 8.9584873e-01, 5.2641494e-01, 0.0000000e+00 
4768, 8.9584873e-01, 5.2641494e-01, 1.0000000e+00 
4769, 1.0000000e+00, 3.9502283e-01, 3.7169444e-02 
4770, 0.0000000e+00, 3.9502283e-01, 3.7169444e-02 
4771, 9.8361739e-01, 5.2000185e-01, 0.0000000e+00 
4772, 0.0000000e+00, 5.3481625e-01, 9.5814078e-01 
4773, 8.6864518e-01, 4.9258188e-01, 1.0000000e+00 
4774, 8.6864518e-01, 4.9258188e-01, 0.0000000e+00 
4775, 1.6783074e-01, 4.0973189e-01, 1.0000000e+00 
4776, 1.6783074e-01, 4.0973189e-01, 0.0000000e+00 
4777, 1.0000000e+00, 6.3805971e-01, 4.3038667e-01 
4778, 0.0000000e+00, 6.3805971e-01, 4.3038667e-01 
4779, 1.0000000e+00, 6.4046873e-01, 1.9510184e-01 
4780, 0.0000000e+00, 6.4046873e-01, 1.9510184e-01 
4781, 7.5068850e-01, 0.0000000e+00, 9.2974623e-01 
4782, 7.5068850e-01, 1.0000000e+00, 9.2974623e-01 
4783, 7.0291986e-01, 1.5061016e-01, 1.0000000e+00 
4784, 7.0291986e-01, 1.5061016e-01, 0.0000000e+00 
4785, 7.9586549e-01, 1.0000000e+00, 6.8682845e-01 
4786, 7.9586549e-01, 0.0000000e+00, 6.8682845e-01 
4787, 8.9123411e-01, 0.0000000e+00, 7.8888071e-01 
4788, 8.9123411e-01, 1.0000000e+00, 7.8888071e-01 
4789, 0.0000000e+00, 4.0989075e-01, 6.1330390e-01 
4790, 1.0000000e+00, 4.0989075e-01, 6.1330390e-01 
4791, 7.4279803e-01, 1.6267183e-01, 6.9388939e-18 
4792, 7.4279803e-01, 1.6267183e-01, 1.0000000e+00 
4793, 0.0000000e+00, 1.6129120e-01, 2.9883868e-02 
4794, 1.0000000e+00, 1.6129120e-01, 2.9883868e-02 
4795, 5.2962414e-02, 1.4080648e-01, 0.0000000e+00 
4796, 5.2962414e-02, 1.4080648e-01, 1.0000000e+00 
4797, 2.8130255e-01, 0.0000000e+00, 6.1512168e-01 
4798, 2.8130255e-01, 1.0000000e+00, 6.1512168e-01 
4799, 1.0000000e+00, 1.4448089e-01, 8.9685540e-02 
4800, 0.0000000e+00, 1.4448089e-01, 8.9685540e-02 
4801, 1.0000000e+00, 7.3463469e-01, 2.9970812e-01 
4802, 0.0000000e+00, 7.3463469e-01, 2.9970812e-01 
4803, 5.2338867e-01, 1.0000000e+00, 3.5643314e-01 
4804, 5.2338867e-01, 0.0000000e+00, 3.5643314e-01 
4805, 5.9780270e-01, 1.0000000e+00, 3.5390883e-01 
4806, 5.9780270e-01, 0.0000000e+00, 3.5390883e-01 
4807, 7.5451515e-01, 1.0000000e+00, 1.1273968e-01 
4808, 7.5451515e-01, 0.0000000e+00, 1.1273968e-01 
4809, 8.3378166e-01, 1.0000000e+00, 1.1605967e-01 
4810, 8.3378166e-01, 0.0000000e+00, 1.1605967e-01 
4811, 1.3547845e-01, 1.0000000e+00, 9.5404750e-01 
4812, 1.3547845e-01, 0.0000000e+00, 9.5404750e-01 
4813, 8.9404673e-01, 1.0000000e+00, 5.8141604e-01 
4814, 8.9404673e-01, 0.0000000e+00, 5.8141604e-01 
4815, 1.0000000e+00, 5.9020168e-01, 5.3743011e-01 
4816, 0.0000000e+00, 5.9020168e-01, 5.3743011e-01 
4817, 2.8879841e-01, 3.3858196e-01, 1.0000000e+00 
4818, 2.8879841e-01, 3.3858196e-01, 0.0000000e+00 
4819, 9.6643473e-01, 7.9075094e-01, 1.0000000e+00 
4820, 9.6643473e-01, 7.9075094e-01, 0.0000000e+00 
4821, 1.0000000e+00, 8.6307924e-01, 9.5804753e-01 
4822, 2.8142878e-02, 8.3521084e-01, 0.0000000e+00 
4823, 9.1321225e-02, 7.5795079e-01, 0.0000000e+00 
4824, 9.1321225e-02, 7.5795079e-01, 1.0000000e+00 
4825, 5.2308358e-01, 8.8459391e-01, 0.0000000e+00 
4826, 5.2308358e-01, 8.8459391e-01, 1.0000000e+00 
4827, 3.8525207e-01, 8.0918054e-01, 0.0000000e+00 
4828, 3.8525207e-01, 8.0918054e-01, 1.0000000e+00 
4829, 4.2000720e-01, 6.8158504e-01, 0.0000000e+00 
4830, 4.2000720e-01, 6.8158504e-01, 1.0000000e+00 
4831, 4.6973682e-02, 8.7846355e-01, 1.0000000e+00 
4832, 4.6973682e-02, 8.7846355e-01, 0.0000000e+00 
4833, 0.0000000e+00, 9.8890368e-01, 8.1542159e-01 
4834, 1.0000000e+00, 9.8890368e-01, 8.1542159e-01 
4835, 0.0000000e+00, 9.8031513e-01, 8.7989641e-01 
4836, 9.6044795e-01, 0.0000000e+00, 8.3200151e-01 
4837, 5.7461396e-01, 6.6255879e-01, 0.0000000e+00 
4838, 5.7461396e-01, 6.6255879e-01, 1.0000000e+00 
4839, 0.0000000e+00, 2.9050147e-01, 4.6342125e-02 
4840, 1.0000000e+00, 2.9050147e-01, 4.6342125e-02 
4841, 7.9153010e-01, 2.0067772e-01, 0.0000000e+00 
4842, 7.9153010e-01, 2.0067772e-01, 1.0000000e+00 
4843, 2.1473632e-01, 1.0000000e+00, 5.7852754e-01 
4844, 2.1473632e-01, 0.0000000e+00, 5.7852754e-01 
4845, 0.0000000e+00, 8.2164443e-01, 6.0224965e-01 
4846, 1.0000000e+00, 8.2164443e-01, 6.0224965e-01 
4847, 8.0974118e-01, 0.0000000e+00, 7.4555402e-01 
4848, 8.0974118e-01, 1.0000000e+00, 7.4555402e-01 
4849, 9.8557991e-01, 0.0000000e+00, 7.5179119e-01 
4850, 9.8557991e-01, 1.0000000e+00, 7.5179119e-01 
4851, 1.0000000e+00, 7.8919422e-01, 4.6034280e-01 
4852, 0.0000000e+00, 7.8919422e-01, 4.6034280e-01 
4853, 4.9111627e-01, 1.0000000e+00, 1.2742935e-01 
4854, 4.9111627e-01, 0.0000000e+00, 1.2742935e-01 
4855, 5.0324846e-01, 1.0000000e+00, 1.6480112e-01 
4856, 5.0324846e-01, 0.0000000e+00, 1.6480112e-01 
4857, 7.7618787e-01, 1.0000000e+00, 8.8940271e-03 
4858, 7.8266973e-01, 1.4906750e-02, 1.0000000e+00 
4859, 7.7322114e-01, 1.0000000e+00, 8.8055327e-03 
4860, 7.3935647e-01, 1.2787395e-02, 1.0000000e+00 
4861, 0.0000000e+00, 3.8883147e-01, 3.1307975e-01 
4862, 1.0000000e+00, 3.8883147e-01, 3.1307975e-01 
4863, 1.0000000e+00, 5.7985437e-01, 5.0748681e-01 
4864, 0.0000000e+00, 5.7985437e-01, 5.0748681e-01 
4865, 1.0000000e+00, 9.2838772e-01, 6.0841230e-01 
4866, 0.0000000e+00, 9.2838772e-01, 6.0841230e-01 
4867, 0.0000000e+00, 7.3582773e-01, 6.3304956e-01 
4868, 1.0000000e+00, 7.3582773e-01, 6.3304956e-01 
4869, 0.0000000e+00, 6.7743366e-01, 6.6062030e-01 
4870, 1.0000000e+00, 6.7743366e-01, 6.6062030e-01 
4871, 1.0000000e+00, 8.7650342e-02, 8.4353575e-01 
4872, 0.0000000e+00, 8.7650342e-02, 8.4353575e-01 
4873, 1.0000000e+00, 1.4618481e-01, 7.1861304e-01 
4874, 0.0000000e+00, 1.4618481e-01, 7.1861304e-01 
4875, 3.8896083e-01, 1.0000000e+00, 4.5890851e-01 
4876, 3.8896083e-01, 0.0000000e+00, 4.5890851e-01 
4877, 1.0000000e+00, 7.8304404e-01, 1.2941144e-01 
4878, 0.0000000e+00, 7.8304404e-01, 1.2941144e-01 
4879, 1.0000000e+00, 7.2562890e-01, 2.2959182e-01 
4880, 0.0000000e+00, 7.2562890e-01, 2.2959182e-01 
4881, 7.9883115e-01, 1.4401379e-01, 0.0000000e+00 
4882, 7.9883115e-01, 1.4401379e-01, 1.0000000e+00 
4883, 8.5607163e-01, 8.1054814e-02, 0.0000000e+00 
4884, 8.5607163e-01, 8.1054814e-02, 1.0000000e+00 
4885, 0.0000000e+00, 6.1243328e-01, 4.6469000e-01 
4886, 1.0000000e+00, 6.1243328e-01, 4.6469000e-01 
4887, 0.0000000e+00, 5.9274858e-01, 5.0356041e-01 
4888, 1.0000000e+00, 5.9274858e-01, 5.0356041e-01 
4889, 0.0000000e+00, 6.3713873e-01, 4.8726222e-01 
4890, 1.0000000e+00, 6.3713873e-01, 4.8726222e-01 
4891, 3.7855897e-01, 0.0000000e+00, 4.2065963e-01 
4892, 3.7855897e-01, 1.0000000e+00, 4.2065963e-01 
4893, 4.3573485e-01, 0.0000000e+00, 4.7475010e-01 
4894, 4.3573485e-01, 1.0000000e+00, 4.7475010e-01 
4895, 2.9605060e-01, 3.3576471e-01, 1.0000000e+00 
4896, 2.9605060e-01, 3.3576471e-01, 0.0000000e+00 
4897, 8.1855675e-01, 1.0000000e+00, 3.9410187e-01 
4898, 8.1855675e-01, 0.0000000e+00, 3.9410187e-01 
4899, 1.0000000e+00, 9.8838557e-01, 1.0681324e-01 
4900, 0.0000000e+00, 9.8838557e-01, 1.0681324e-01 
4901, 1.0000000e+00, 8.4710274e-01, 1.5215734e-01 
4902, 0.0000000e+00, 8.4710274e-01, 1.5215734e-01 
4903, 9.8403431e-01, 8.7264801e-01, 0.0000000e+00 
4904, 9.8403431e-01, 8.7264801e-01, 1.0000000e+00 
4905, 0.0000000e+00, 9.3131196e-01, 3.0521868e-01 
4906, 1.0000000e+00, 9.3131196e-01, 3.0521868e-01 
4907, 0.0000000e+00, 8.2022463e-01, 3.0272537e-01 
4908, 1.0000000e+00, 8.2022463e-01, 3.0272537e-01 
4909, 0.0000000e+00, 8.6320517e-01, 2.6653777e-01 
4910, 1.0000000e+00, 8.6320517e-01, 2.6653777e-01 
4911, 0.0000000e+00, 5.8166001e-01, 1.4996029e-01 
4912, 1.0000000e+00, 5.8166001e-01, 1.4996029e-01 
4913, 3.4694470e-18, 6.2766813e-01, 1.4025985e-01 
4914, 1.0000000e+00, 6.2766813e-01, 1.4025985e-01 
4915, 0.0000000e+00, 6.4460743e-01, 1.3414563e-01 
4916, 1.0000000e+00, 6.4460743e-01, 1.3414563e-01 
4917, 3.1879622e-01, 2.3016759e-01, 0.0000000e+00 
4918, 3.1879622e-01, 2.3016759e-01, 1.0000000e+00 
4919, 3.3858853e-01, 2.0449810e-01, 0.0000000e+00 
4920, 3.3858853e-01, 2.0449810e-01, 1.0000000e+00 
4921, 3.1700014e-01, 2.0420486e-01, 0.0000000e+00 
4922, 3.1700014e-01, 2.0420486e-01, 1.0000000e+00 
4923, 5.8974174e-01, 0.0000000e+00, 6.1667422e-01 
4924, 5.8974174e-01, 1.0000000e+00, 6.1667422e-01 
4925, 1.0000000e+00, 3.3669642e-01, 6.8163309e-01 
4926, 0.0000000e+00, 3.3669642e-01, 6.8163309e-01 
4927, 1.0000000e+00, 3.4884826e-01, 7.2989021e-01 
4928, 0.0000000e+00, 3.4884826e-01, 7.2989021e-01 
4929, 1.0000000e+00, 3.3006730e-01, 7.0787459e-01 
4930, 0.0000000e+00, 3.3006730e-01, 7.0787459e-01 
4931, 3.4842708e-01, 1.0000000e+00, 9.4141809e-01 
4932, 3.4842708e-01, 0.0000000e+00, 9.4141809e-01 
4933, 3.2708936e-01, 1.0000000e+00, 8.6090514e-01 
4934, 3.2708936e-01, 0.0000000e+00, 8.6090514e-01 
4935, 6.6177937e-02, 0.0000000e+00, 4.4843465e-02 
4936, 1.0000000e+00, 8.7355261e-01, 6.9377305e-02 
4937, 4.5769188e-02, 2.5671732e-02, 0.0000000e+00 
4938, 1.0000000e+00, 4.3557709e-02, 9.3159653e-01 
4939, 6.8355417e-01, 5.2499377e-01, 1.0000000e+00 
4940, 6.8355417e-01, 5.2499377e-01, 0.0000000e+00 
4941, 1.0000000e+00, 1.4034052e-01, 7.8597858e-01 
4942, 0.0000000e+00, 1.4034052e-01, 7.8597858e-01 
4943, 6.9314036e-01, 1.2203062e-01, 1.0000000e+00 
4944, 6.9314036e-01, 1.2203062e-01, 0.0000000e+00 
4945, 6.4566295e-01, 1.0556333e-01, 1.0000000e+00 
4946, 6.4566295e-01, 1.0556333e-01, 0.0000000e+00 
4947, 6.7707368e-01, 7.0183237e-01, 0.0000000e+00 
4948, 6.7707368e-01, 7.0183237e-01, 1.0000000e+00 
4949, 6.5637010e-01, 6.8233230e-01, 0.0000000e+00 
4950, 6.5637010e-01, 6.8233230e-01, 1.0000000e+00 
4951, 7.2417011e-01, 5.6539023e-01, 0.0000000e+00 
4952, 7.2417011e-01, 5.6539023e-01, 1.0000000e+00 
4953, 4.1984620e-01, 4.3293369e-01, 0.0000000e+00 
4954, 4.1984620e-01, 4.3293369e-01, 1.0000000e+00 
4955, 5.1421443e-01, 4.2265145e-01, 0.0000000e+00 
4956, 5.1421443e-01, 4.2265145e-01, 1.0000000e+00 
4957, 2.4805273e-01, 0.0000000e+00, 8.5552300e-01 
4958, 2.4805273e-01, 1.0000000e+00, 8.5552300e-01 
4959, 8.9719664e-02, 0.0000000e+00, 8.7327316e-01 
4960, 8.9719664e-02, 1.0000000e+00, 8.7327316e-01 
4961, 6.9654043e-01, 3.5136046e-01, 0.0000000e+00 
4962, 6.9654043e-01, 3.5136046e-01, 1.0000000e+00 
4963, 6.5014140e-01, 1.0000000e+00, 2.5093503e-01 
4964, 6.5014140e-01, 0.0000000e+00, 2.5093503e-01 
4965, 6.4930489e-01, 1.0000000e+00, 2.5174820e-01 
4966, 6.4930489e-01, 0.0000000e+00, 2.5174820e-01 
4967, 6.4911473e-01, 1.0000000e+00, 2.5098280e-01 
4968, 6.4911473e-01, 0.0000000e+00, 2.5098280e-01 
4969, 6.4623979e-01, 1.0000000e+00, 2.4909820e-01 
4970, 6.4623979e-01, 0.0000000e+00, 2.4909820e-01 
4971, 0.0000000e+00, 4.2843897e-01, 6.1416867e-01 
4972, 1.0000000e+00, 4.2843897e-01, 6.1416867e-01 
4973, 6.8253162e-01, 2.9197885e-02, 1.0000000e+00 
4974, 5.8476586e-01, 1.0000000e+00, 3.6708998e-02 
4975, 6.7179835e-01, 0.0000000e+00, 8.9275613e-01 
4976, 6.7179835e-01, 1.0000000e+00, 8.9275613e-01 
4977, 6.9222109e-01, 0.0000000e+00, 9.7177200e-01 
4978, 6.9222109e-01, 1.0000000e+00, 9.7177200e-01 
4979, 8.7508286e-01, 1.0000000e+00, 1.0642187e-01 
4980, 8.7508286e-01, 0.0000000e+00, 1.0642187e-01 
4981, 9.5100064e-01, 1.0000000e+00, 1.6835360e-01 
4982, 9.5100064e-01, 0.0000000e+00, 1.6835360e-01 
4983, 6.3971155e-01, 1.0000000e+00, 7.7873867e-01 
4984, 6.3971155e-01, 0.0000000e+00, 7.7873867e-01 
4985, 2.0244760e-01, 1.0000000e+00, 5.1794229e-01 
4986, 2.0244760e-01, 0.0000000e+00, 5.1794229e-01 
4987, 0.0000000e+00, 8.3458716e-01, 3.5231126e-01 
4988, 1.0000000e+00, 8.3458716e-01, 3.5231126e-01 
4989, 1.8369815e-01, 1.0000000e+00, 2.6866083e-01 
4990, 1.8369815e-01, 0.0000000e+00, 2.6866083e-01 
4991, 0.0000000e+00, 8.8049194e-01, 2.4811131e-01 
4992, 1.0000000e+00, 8.8049194e-01, 2.4811131e-01 
4993, 8.2806318e-01, 5.3221894e-01, 1.0000000e+00 
4994, 8.2806318e-01, 5.3221894e-01, 0.0000000e+00 
4995, 8.5876297e-01, 6.5211279e-01, 1.0000000e+00 
4996, 8.5876297e-01, 6.5211279e-01, 0.0000000e+00 
4997, 1.0000000e+00, 7.2764011e-01, 1.5087722e-01 
4998, 0.0000000e+00, 7.2764011e-01, 1.5087722e-01 
4999, 1.0000000e+00, 7.0265967e-01, 9.1031947e-02 
5000, 5.3662925e-02, 6.9556562e-01, 1.0000000e+00 
5001, 1.0000000e+00, 7.1853552e-01, 1.1732318e-01 
5002, 0.0000000e+00, 7.1853552e-01, 1.1732318e-01 
5003, 1.0000000e+00, 2.7899244e-01, 7.4779393e-01 
5004, 0.0000000e+00, 2.7899244e-01, 7.4779393e-01 
5005, 0.0000000e+00, 9.2810526e-01, 1.2142000e-01 
5006, 1.0000000e+00, 9.2810526e-01, 1.2142000e-01 
5007, 4.4092611e-02, 1.0000000e+00, 9.3754186e-02 
5008, 4.4092611e-02, 0.0000000e+00, 9.3754186e-02 
5009, 1.2858774e-03, 9.9525165e-01, 0.0000000e+00 
5010, 9.9943274e-01, 0.0000000e+00, 9.9242621e-01 
5011, 0.0000000e+00, 9.6265608e-01, 6.4168566e-02 
5012, 9.2093961e-01, 3.1363094e-02, 1.0000000e+00 
5013, 3.6590932e-01, 2.8096201e-01, 0.0000000e+00 
5014, 3.6590932e-01, 2.8096201e-01, 1.0000000e+00 
5015, 3.7968875e-01, 3.0107304e-01, 0.0000000e+00 
5016, 3.7968875e-01, 3.0107304e-01, 1.0000000e+00 
5017, 0.0000000e+00, 8.1857566e-01, 6.9279259e-01 
5018, 1.0000000e+00, 8.1857566e-01, 6.9279259e-01 
5019, 1.0000000e+00, 3.5159204e-01, 5.0379136e-01 
5020, 0.0000000e+00, 3.5159204e-01, 5.0379136e-01 
5021, 1.0000000e+00, 2.1965706e-01, 4.8318605e-01 
5022, 0.0000000e+00, 2.1965706e-01, 4.8318605e-01 
5023, 0.0000000e+00, 7.4529957e-01, 9.4741241e-01 
5024, 9.5174176e-01, 6.5441846e-01, 0.0000000e+00 
5025, 0.0000000e+00, 7.8806140e-01, 9.4308369e-01 
5026, 9.3752613e-01, 7.8067676e-01, 0.0000000e+00 
5027, 1.8496198e-02, 6.8744345e-01, 1.0000000e+00 
5028, 1.8496198e-02, 6.8744345e-01, 0.0000000e+00 
5029, 7.5048693e-02, 0.0000000e+00, 3.1520656e-01 
5030, 7.5048693e-02, 1.0000000e+00, 3.1520656e-01 
$bonds
1, 323, 1 
2, 1744, 1 
3, 1876, 1 
4, 802, 3 
5, 1896, 3 
6, 118, 4 
7, 481, 5 
8, 1303, 5 
9, 2060, 5 
10, 2062, 5 
11, 1538, 6 
12, 2247, 6 
13, 1245, 7 
14, 1383, 7 
15, 1582, 7 
16, 2010, 7 
17, 131, 8 
18, 1272, 8 
19, 794, 9 
20, 1447, 9 
21, 2344, 9 
22, 1001, 10 
23, 1509, 10 
24, 2300, 10 
25, 132, 11 
26, 2103, 11 
27, 377, 12 
28, 1544, 12 
29, 2200, 12 
30, 215, 13 
31, 760, 13 
32, 768, 13 
33, 925, 13 
34, 227, 14 
35, 374, 14 
36, 510, 14 
37, 665, 14 
38, 143, 15 
39, 178, 15 
40, 749, 15 
41, 1511, 15 
42, 538, 16 
43, 1026, 16 
44, 1501, 17 
45, 2377, 17 
46, 2414, 17 
47, 331, 18 
48, 348, 18 
49, 100, 19 
50, 665, 19 
51, 813, 19 
52, 1113, 19 
53, 1769, 20 
54, 425, 21 
55, 1607, 21 
56, 1911, 21 
57, 2461, 21 
58, 667, 22 
59, 1164, 22 
60, 1418, 22 
61, 2072, 22 
62, 366, 23 
63, 819, 23 
64, 1460, 23 
65, 1318, 24 
66, 1841, 24 
67, 1945, 24 
68, 2065, 24 
69, 115, 25 
70, 2027, 25 
71, 286, 26 
72, 472, 26 
73, 602, 26 
74, 2243, 26 
75, 637, 27 
76, 1532, 27 
77, 2048, 27 
78, 1499, 28 
79, 1859, 28 
80, 686, 29 
81, 951, 29 
82, 1046, 29 
83, 1265, 30 
84, 1812, 31 
85, 2496, 31 
86, 2021, 32 
87, 326, 33 
88, 368, 33 
89, 653, 33 
90, 2240, 33 
91, 639, 34 
92, 1706, 34 
93, 2181, 34 
94, 2327, 34 
95, 873, 35 
96, 1119, 35 
97, 2375, 35 
98, 140, 36 
99, 781, 36 
100, 1553, 36 
101, 1723, 36 
102, 628, 37 
103, 1226, 37 
104, 1512, 37 
105, 2364, 37 
106, 200, 38 
107, 1130, 38 
108, 1224, 38 
109, 481, 39 
110, 1989, 39 
111, 2303, 39 
112, 2384, 39 
113, 1087, 40 
114, 1229, 40 
115, 261, 41 
116, 851, 41 
117, 587, 42 
118, 1240, 42 
119, 900, 43 
120, 1416, 43 
121, 2122, 43 
122, 524, 44 
123, 1168, 45 
124, 2056, 45 
125, 2267, 45 
126, 1739, 47 
127, 2140, 47 
128, 2445, 47 
129, 1098, 48 
130, 1540, 48 
131, 2383, 48 
132, 304, 49 
133, 433, 49 
134, 1493, 49 
135, 1121, 50 
136, 1262, 50 
137, 1390, 50 
138, 224, 51 
139, 963, 51 
140, 1437, 51 
141, 2430, 51 
142, 137, 52 
143, 1139, 52 
144, 1389, 52 
145, 2077, 52 
146, 432, 53 
147, 902, 53 
148, 1620, 53 
149, 2462, 53 
150, 56, 54 
151, 1693, 54 
152, 1789, 54 
153, 2200, 54 
154, 106, 55 
155, 388, 55 
156, 1206, 55 
157, 1496, 55 
158, 713, 56 
159, 1690, 57 
160, 1798, 57 
161, 2078, 57 
162, 2199, 57 
163, 376, 58 
164, 482, 58 
165, 963, 58 
166, 2435, 58 
167, 881, 59 
168, 1630, 59 
169, 2084, 59 
170, 1449, 60 
171, 1829, 60 
172, 2446, 60 
173, 441, 61 
174, 1304, 61 
175, 1155, 62 
176, 1756, 62 
177, 1954, 62 
178, 2160, 62 
179, 186, 63 
180, 1739, 63 
181, 2340, 63 
182, 231, 64 
183, 1494, 64 
184, 2054, 64 
185, 1193, 65 
186, 1962, 65 
187, 351, 66 
188, 1150, 66 
189, 1986, 66 
190, 929, 67 
191, 1537, 67 
192, 1826, 67 
193, 601, 68 
194, 2390, 68 
195, 1160, 69 
196, 2335, 69 
197, 2432, 69 
198, 1434, 70 
199, 2266, 70 
200, 2447, 70 
201, 989, 71 
202, 1145, 71 
203, 1791, 71 
204, 2348, 71 
205, 1116, 72 
206, 2252, 72 
207, 1007, 73 
208, 1546, 73 
209, 2147, 73 
210, 788, 74 
211, 812, 74 
212, 1042, 74 
213, 2282, 74 
214, 2204, 75 
215, 2330, 75 
216, 276, 76 
217, 919, 76 
218, 1579, 76 
219, 1594, 76 
220, 1567, 77 
221, 235, 78 
222, 497, 78 
223, 1276, 78 
224, 668, 79 
225, 694, 79 
226, 1720, 79 
227, 2369, 79 
228, 803, 80 
229, 2265, 80 
230, 2380, 80 
231, 911, 81 
232, 985, 81 
233, 2113, 81 
234, 1343, 82 
235, 2341, 82 
236, 130, 83 
237, 458, 83 
238, 805, 83 
239, 1297, 83 
240, 818, 84 
241, 1140, 84 
242, 1313, 84 
243, 2182, 84 
244, 562, 85 
245, 1104, 85 
246, 284, 86 
247, 639, 86 
248, 1657, 86 
249, 2385, 87 
250, 2451, 87 
251, 210, 88 
252, 746, 88 
253, 965, 88 
254, 1024, 88 
255, 571, 89 
256, 900, 89 
257, 1416, 89 
258, 1410, 90 
259, 1873, 90 
260, 2155, 90 
261, 333, 91 
262, 914, 92 
263, 1831, 92 
264, 1871, 92 
265, 2180, 92 
266, 214, 93 
267, 879, 93 
268, 1185, 93 
269, 2190, 93 
270, 1698, 94 
271, 1702, 95 
272, 244, 96 
273, 387, 96 
274, 813, 96 
275, 938, 96 
276, 671, 97 
277, 686, 97 
278, 1931, 97 
279, 2203, 97 
280, 1149, 98 
281, 1167, 98 
282, 2225, 98 
283, 177, 99 
284, 1684, 99 
285, 1829, 99 
286, 1937, 99 
287, 166, 100 
288, 983, 100 
289, 2164, 100 
290, 260, 101 
291, 290, 101 
292, 586, 101 
293, 2240, 101 
294, 742, 102 
295, 1262, 102 
296, 1375, 102 
297, 2374, 102 
298, 2381, 103 
299, 907, 104 
300, 1601, 104 
301, 785, 105 
302, 1569, 105 
303, 2450, 105 
304, 213, 106 
305, 884, 106 
306, 2197, 106 
307, 2151, 107 
308, 1015, 108 
309, 1876, 108 
310, 1946, 108 
311, 1782, 109 
312, 2006, 109 
313, 1263, 110 
314, 1306, 110 
315, 2339, 110 
316, 141, 111 
317, 239, 111 
318, 421, 111 
319, 1543, 112 
320, 329, 113 
321, 358, 113 
322, 1063, 113 
323, 1708, 113 
324, 638, 114 
325, 1435, 114 
326, 1989, 114 
327, 2475, 114 
328, 884, 115 
329, 1021, 115 
330, 1534, 115 
331, 1102, 116 
332, 1535, 116 
333, 1596, 116 
334, 1859, 116 
335, 512, 117 
336, 1591, 117 
337, 313, 118 
338, 941, 119 
339, 1270, 119 
340, 2240, 119 
341, 183, 120 
342, 1282, 120 
343, 1643, 120 
344, 2406, 120 
345, 416, 121 
346, 767, 121 
347, 1827, 121 
348, 486, 122 
349, 1355, 122 
350, 2334, 122 
351, 1233, 123 
352, 1483, 123 
353, 1897, 123 
354, 610, 124 
355, 1197, 124 
356, 2370, 124 
357, 1648, 125 
358, 1835, 125 
359, 2164, 125 
360, 2348, 125 
361, 913, 126 
362, 2224, 126 
363, 189, 127 
364, 584, 127 
365, 934, 127 
366, 2253, 127 
367, 546, 128 
368, 2459, 128 
369, 999, 130 
370, 1345, 130 
371, 1844, 130 
372, 724, 131 
373, 858, 131 
374, 318, 132 
375, 1487, 132 
376, 373, 133 
377, 739, 133 
378, 1231, 133 
379, 2309, 133 
380, 1127, 134 
381, 1298, 134 
382, 1414, 134 
383, 904, 135 
384, 416, 136 
385, 453, 136 
386, 2399, 136 
387, 278, 137 
388, 1641, 137 
389, 2434, 137 
390, 183, 138 
391, 1089, 138 
392, 1819, 138 
393, 1922, 138 
394, 912, 139 
395, 1415, 139 
396, 1637, 139 
397, 1869, 139 
398, 749, 140 
399, 1940, 140 
400, 554, 141 
401, 594, 141 
402, 2415, 141 
403, 246, 142 
404, 800, 142 
405, 1145, 142 
406, 1828, 142 
407, 937, 143 
408, 948, 143 
409, 2210, 143 
410, 349, 144 
411, 822, 144 
412, 861, 144 
413, 1555, 144 
414, 370, 145 
415, 2422, 145 
416, 223, 146 
417, 1734, 146 
418, 900, 147 
419, 939, 147 
420, 688, 148 
421, 1602, 148 
422, 1992, 148 
423, 2079, 148 
424, 657, 149 
425, 1715, 149 
426, 1464, 150 
427, 859, 151 
428, 602, 152 
429, 1859, 152 
430, 247, 153 
431, 1771, 153 
432, 866, 154 
433, 1070, 154 
434, 2210, 155 
435, 342, 156 
436, 424, 156 
437, 1673, 156 
438, 1896, 156 
439, 933, 157 
440, 1235, 157 
441, 1477, 157 
442, 1610, 157 
443, 614, 158 
444, 1689, 158 
445, 1839, 158 
446, 2087, 158 
447, 521, 159 
448, 1210, 159 
449, 1635, 159 
450, 1736, 159 
451, 349, 160 
452, 1158, 160 
453, 2119, 160 
454, 2164, 160 
455, 818, 162 
456, 1441, 162 
457, 1768, 162 
458, 2467, 162 
459, 757, 163 
460, 1153, 163 
461, 1581, 164 
462, 1733, 164 
463, 2329, 164 
464, 2459, 164 
465, 300, 165 
466, 640, 165 
467, 2472, 165 
468, 2052, 166 
469, 2085, 166 
470, 2147, 166 
471, 1223, 167 
472, 2393, 167 
473, 419, 168 
474, 1224, 168 
475, 1387, 168 
476, 928, 169 
477, 1707, 169 
478, 2055, 169 
479, 2321, 169 
480, 734, 170 
481, 1881, 170 
482, 602, 171 
483, 735, 171 
484, 913, 171 
485, 1533, 171 
486, 1667, 172 
487, 1673, 172 
488, 1907, 172 
489, 2263, 172 
490, 2359, 173 
491, 195, 174 
492, 1797, 174 
493, 1889, 174 
494, 817, 175 
495, 2065, 175 
496, 1368, 176 
497, 1451, 176 
498, 1804, 176 
499, 2239, 176 
500, 1665, 177 
501, 2132, 177 
502, 424, 178 
503, 1648, 178 
504, 1760, 178 
505, 1331, 179 
506, 1565, 179 
507, 1656, 179 
508, 2094, 179 
509, 347, 180 
510, 747, 180 
511, 1226, 181 
512, 335, 182 
513, 966, 182 
514, 971, 182 
515, 2087, 182 
516, 191, 183 
517, 1916, 183 
518, 789, 184 
519, 1631, 184 
520, 1660, 184 
521, 1719, 184 
522, 328, 185 
523, 469, 185 
524, 1003, 185 
525, 2188, 185 
526, 709, 186 
527, 1597, 186 
528, 1779, 186 
529, 728, 187 
530, 1644, 187 
531, 838, 188 
532, 1558, 188 
533, 1922, 188 
534, 2425, 188 
535, 1483, 189 
536, 1593, 189 
537, 2082, 189 
538, 401, 190 
539, 591, 191 
540, 946, 191 
541, 2189, 191 
542, 775, 192 
543, 1446, 192 
544, 1511, 192 
545, 1027, 193 
546, 1240, 193 
547, 1302, 193 
548, 836, 194 
549, 1403, 194 
550, 1620, 194 
551, 238, 195 
552, 1047, 195 
553, 1270, 195 
554, 248, 196 
555, 1737, 196 
556, 1920, 196 
557, 2237, 196 
558, 858, 197 
559, 1563, 197 
560, 1872, 197 
561, 1940, 197 
562, 2126, 198 
563, 2191, 198 
564, 460, 199 
565, 1285, 199 
566, 1531, 200 
567, 1676, 200 
568, 659, 201 
569, 1020, 201 
570, 2135, 201 
571, 850, 202 
572, 1530, 202 
573, 1743, 202 
574, 790, 204 
575, 1195, 205 
576, 1505, 205 
577, 1546, 205 
578, 1568, 205 
579, 1934, 206 
580, 1282, 207 
581, 1314, 207 
582, 1786, 207 
583, 2284, 207 
584, 1062, 208 
585, 2392, 208 
586, 409, 209 
587, 767, 209 
588, 1043, 209 
589, 1852, 209 
590, 848, 210 
591, 1356, 210 
592, 2307, 210 
593, 745, 211 
594, 1138, 211 
595, 246, 212 
596, 1483, 212 
597, 1492, 212 
598, 2045, 212 
599, 1282, 213 
600, 1967, 213 
601, 2197, 213 
602, 1457, 214 
603, 1661, 214 
604, 2300, 214 
605, 299, 215 
606, 855, 215 
607, 2461, 215 
608, 548, 216 
609, 1686, 216 
610, 2256, 216 
611, 1313, 217 
612, 2142, 217 
613, 2319, 217 
614, 2433, 217 
615, 565, 218 
616, 1843, 219 
617, 1960, 219 
618, 2224, 219 
619, 1317, 220 
620, 1404, 220 
621, 1882, 220 
622, 404, 221 
623, 553, 221 
624, 2267, 221 
625, 2299, 221 
626, 1359, 222 
627, 1514, 222 
628, 1765, 222 
629, 627, 224 
630, 1174, 224 
631, 1437, 224 
632, 1732, 225 
633, 1823, 225 
634, 2000, 225 
635, 2036, 225 
636, 327, 226 
637, 1525, 226 
638, 1880, 226 
639, 2162, 226 
640, 1118, 227 
641, 1326, 227 
642, 1426, 227 
643, 1165, 228 
644, 1170, 228 
645, 1381, 228 
646, 1770, 228 
647, 409, 229 
648, 454, 229 
649, 469, 229 
650, 1608, 229 
651, 449, 230 
652, 758, 230 
653, 1742, 230 
654, 560, 231 
655, 707, 231 
656, 1924, 231 
657, 868, 232 
658, 1620, 232 
659, 636, 233 
660, 833, 233 
661, 1188, 233 
662, 2323, 233 
663, 1873, 234 
664, 1974, 234 
665, 1046, 235 
666, 1020, 236 
667, 1867, 236 
668, 1975, 236 
669, 381, 237 
670, 422, 237 
671, 1415, 237 
672, 1704, 237 
673, 302, 238 
674, 719, 238 
675, 1532, 238 
676, 1125, 239 
677, 1854, 239 
678, 1403, 240 
679, 1422, 240 
680, 421, 241 
681, 1105, 241 
682, 1497, 241 
683, 2027, 241 
684, 768, 242 
685, 448, 243 
686, 1395, 243 
687, 1678, 243 
688, 1801, 243 
689, 1158, 244 
690, 1375, 244 
691, 2439, 244 
692, 708, 245 
693, 797, 245 
694, 476, 246 
695, 1004, 246 
696, 1437, 247 
697, 1519, 247 
698, 1843, 247 
699, 1694, 248 
700, 2469, 248 
701, 2377, 249 
702, 940, 250 
703, 963, 250 
704, 1841, 250 
705, 1919, 250 
706, 807, 251 
707, 1858, 251 
708, 1926, 251 
709, 491, 252 
710, 1428, 252 
711, 2027, 252 
712, 2153, 252 
713, 373, 253 
714, 1388, 253 
715, 1511, 253 
716, 1684, 253 
717, 415, 254 
718, 644, 254 
719, 1737, 254 
720, 1785, 255 
721, 2477, 255 
722, 741, 256 
723, 1034, 256 
724, 1521, 256 
725, 1842, 256 
726, 791, 257 
727, 1361, 257 
728, 2102, 257 
729, 2475, 257 
730, 870, 258 
731, 970, 259 
732, 1510, 259 
733, 958, 260 
734, 1182, 260 
735, 2202, 260 
736, 631, 261 
737, 1581, 261 
738, 363, 262 
739, 803, 262 
740, 517, 263 
741, 964, 263 
742, 2251, 263 
743, 2394, 263 
744, 1428, 264 
745, 1923, 264 
746, 1966, 264 
747, 2487, 264 
748, 500, 265 
749, 1023, 265 
750, 2028, 265 
751, 2091, 265 
752, 1056, 266 
753, 1172, 266 
754, 1929, 267 
755, 1382, 268 
756, 1495, 268 
757, 1817, 268 
758, 786, 269 
759, 1533, 269 
760, 1526, 270 
761, 2206, 270 
762, 2017, 271 
763, 1006, 272 
764, 1367, 272 
765, 1482, 272 
766, 2268, 272 
767, 1404, 273 
768, 1668, 273 
769, 2352, 273 
770, 311, 274 
771, 355, 274 
772, 406, 274 
773, 918, 274 
774, 413, 275 
775, 2304, 275 
776, 976, 276 
777, 1082, 276 
778, 2362, 276 
779, 1006, 277 
780, 1257, 277 
781, 1724, 277 
782, 2474, 277 
783, 731, 278 
784, 1928, 278 
785, 1973, 278 
786, 1401, 279 
787, 1634, 279 
788, 426, 280 
789, 1572, 280 
790, 1329, 281 
791, 1950, 281 
792, 1979, 281 
793, 512, 283 
794, 517, 283 
795, 1508, 283 
796, 1759, 283 
797, 1930, 284 
798, 2181, 284 
799, 2457, 284 
800, 1072, 285 
801, 2351, 285 
802, 1160, 286 
803, 1933, 286 
804, 1942, 286 
805, 365, 287 
806, 388, 287 
807, 1916, 287 
808, 887, 288 
809, 1344, 288 
810, 1823, 288 
811, 2320, 288 
812, 1426, 289 
813, 1631, 289 
814, 1951, 289 
815, 1983, 289 
816, 642, 290 
817, 1532, 290 
818, 1608, 290 
819, 396, 291 
820, 731, 291 
821, 1872, 291 
822, 2129, 291 
823, 1346, 292 
824, 1374, 292 
825, 1566, 292 
826, 1187, 295 
827, 1286, 295 
828, 1796, 295 
829, 1899, 296 
830, 2068, 296 
831, 2323, 296 
832, 2333, 296 
833, 471, 297 
834, 1606, 297 
835, 1918, 297 
836, 2255, 298 
837, 1307, 299 
838, 2339, 299 
839, 751, 300 
840, 1711, 300 
841, 2186, 300 
842, 1214, 301 
843, 1840, 301 
844, 426, 302 
845, 1270, 302 
846, 432, 303 
847, 984, 303 
848, 2013, 303 
849, 663, 304 
850, 954, 304 
851, 1613, 304 
852, 991, 305 
853, 1677, 305 
854, 2102, 305 
855, 2386, 305 
856, 576, 306 
857, 1031, 306 
858, 1146, 306 
859, 2467, 306 
860, 1217, 307 
861, 1560, 307 
862, 1604, 307 
863, 2420, 307 
864, 450, 308 
865, 1484, 308 
866, 1742, 308 
867, 2391, 308 
868, 661, 309 
869, 708, 309 
870, 398, 310 
871, 487, 310 
872, 593, 310 
873, 1819, 310 
874, 1888, 311 
875, 1954, 311 
876, 2231, 311 
877, 476, 312 
878, 523, 312 
879, 1068, 312 
880, 1920, 312 
881, 2029, 313 
882, 1552, 314 
883, 1832, 314 
884, 2352, 314 
885, 525, 315 
886, 830, 315 
887, 2115, 316 
888, 1010, 317 
889, 1310, 317 
890, 1492, 317 
891, 2086, 317 
892, 2239, 318 
893, 2415, 318 
894, 876, 319 
895, 968, 320 
896, 1114, 320 
897, 1377, 321 
898, 1456, 321 
899, 1685, 321 
900, 1084, 322 
901, 1777, 322 
902, 2331, 322 
903, 1266, 323 
904, 1734, 323 
905, 1744, 323 
906, 1467, 324 
907, 1740, 324 
908, 2241, 324 
909, 2391, 324 
910, 444, 325 
911, 1022, 325 
912, 1520, 325 
913, 2045, 325 
914, 1557, 327 
915, 1630, 327 
916, 719, 328 
917, 1121, 328 
918, 1597, 328 
919, 2160, 329 
920, 2215, 329 
921, 2386, 329 
922, 723, 330 
923, 837, 330 
924, 1362, 330 
925, 1770, 330 
926, 1395, 331 
927, 1030, 332 
928, 1334, 332 
929, 1525, 332 
930, 2114, 332 
931, 992, 333 
932, 2202, 333 
933, 964, 334 
934, 1358, 334 
935, 2429, 334 
936, 500, 335 
937, 902, 335 
938, 1143, 335 
939, 693, 336 
940, 1513, 336 
941, 1595, 336 
942, 929, 337 
943, 936, 337 
944, 2396, 337 
945, 1774, 338 
946, 1896, 338 
947, 1955, 338 
948, 2411, 338 
949, 2469, 339 
950, 992, 340 
951, 1037, 340 
952, 1575, 340 
953, 2184, 340 
954, 1009, 341 
955, 2492, 341 
956, 463, 342 
957, 1036, 342 
958, 2147, 342 
959, 821, 343 
960, 2124, 343 
961, 2373, 343 
962, 623, 344 
963, 947, 344 
964, 1181, 344 
965, 1821, 344 
966, 699, 345 
967, 563, 346 
968, 1325, 346 
969, 1430, 346 
970, 2275, 346 
971, 718, 347 
972, 1223, 347 
973, 473, 348 
974, 1124, 348 
975, 1420, 348 
976, 781, 349 
977, 1039, 349 
978, 733, 350 
979, 1862, 350 
980, 1999, 350 
981, 2462, 350 
982, 1775, 351 
983, 2130, 351 
984, 2496, 351 
985, 1861, 352 
986, 1891, 352 
987, 2197, 352 
988, 2198, 352 
989, 1480, 353 
990, 1559, 353 
991, 1681, 353 
992, 1913, 353 
993, 1717, 354 
994, 2124, 354 
995, 2442, 354 
996, 1683, 355 
997, 2084, 355 
998, 692, 356 
999, 1148, 356 
1000, 1822, 356 
1001, 1978, 356 
1002, 609, 357 
1003, 1239, 357 
1004, 2343, 357 
1005, 985, 358 
1006, 1696, 358 
1007, 2136, 358 
1008, 870, 359 
1009, 2169, 359 
1010, 551, 360 
1011, 1363, 360 
1012, 965, 361 
1013, 982, 361 
1014, 1622, 361 
1015, 1670, 362 
1016, 2109, 362 
1017, 2494, 362 
1018, 627, 364 
1019, 1000, 364 
1020, 1208, 364 
1021, 1296, 364 
1022, 881, 365 
1023, 981, 365 
1024, 2189, 365 
1025, 680, 366 
1026, 1387, 366 
1027, 991, 367 
1028, 1247, 367 
1029, 1713, 367 
1030, 1967, 367 
1031, 578, 368 
1032, 1182, 368 
1033, 1418, 368 
1034, 1119, 369 
1035, 1288, 369 
1036, 1308, 370 
1037, 1795, 370 
1038, 2481, 370 
1039, 805, 371 
1040, 1348, 371 
1041, 1790, 371 
1042, 2010, 371 
1043, 512, 372 
1044, 1091, 372 
1045, 1338, 372 
1046, 461, 373 
1047, 561, 373 
1048, 511, 374 
1049, 1885, 374 
1050, 2394, 374 
1051, 564, 375 
1052, 617, 375 
1053, 1243, 375 
1054, 461, 376 
1055, 1305, 377 
1056, 2042, 377 
1057, 459, 379 
1058, 1221, 379 
1059, 1255, 379 
1060, 877, 381 
1061, 1036, 381 
1062, 1163, 381 
1063, 473, 382 
1064, 1202, 382 
1065, 1355, 382 
1066, 2190, 382 
1067, 771, 383 
1068, 818, 383 
1069, 1413, 383 
1070, 2404, 383 
1071, 1311, 384 
1072, 725, 385 
1073, 833, 385 
1074, 1544, 385 
1075, 825, 386 
1076, 1234, 386 
1077, 1302, 386 
1078, 2257, 386 
1079, 1440, 387 
1080, 1558, 387 
1081, 1669, 387 
1082, 548, 388 
1083, 1462, 388 
1084, 660, 389 
1085, 1041, 389 
1086, 2043, 389 
1087, 1000, 390 
1088, 1061, 390 
1089, 1237, 390 
1090, 2356, 390 
1091, 860, 391 
1092, 1503, 391 
1093, 1758, 391 
1094, 1188, 392 
1095, 1965, 392 
1096, 2365, 392 
1097, 1783, 393 
1098, 1937, 393 
1099, 2195, 393 
1100, 2245, 393 
1101, 1771, 394 
1102, 977, 395 
1103, 1368, 396 
1104, 1709, 396 
1105, 2276, 396 
1106, 2101, 397 
1107, 2264, 397 
1108, 2316, 397 
1109, 821, 398 
1110, 1906, 398 
1111, 2285, 398 
1112, 1551, 399 
1113, 1454, 400 
1114, 1970, 400 
1115, 2479, 400 
1116, 415, 401 
1117, 967, 401 
1118, 1833, 401 
1119, 801, 402 
1120, 821, 402 
1121, 1668, 402 
1122, 1414, 403 
1123, 2231, 403 
1124, 2431, 403 
1125, 2476, 403 
1126, 457, 404 
1127, 1208, 404 
1128, 1671, 404 
1129, 752, 406 
1130, 1370, 406 
1131, 688, 407 
1132, 1518, 407 
1133, 1562, 407 
1134, 2085, 407 
1135, 649, 408 
1136, 1366, 408 
1137, 1863, 408 
1138, 1168, 409 
1139, 1270, 409 
1140, 514, 410 
1141, 1638, 411 
1142, 1938, 411 
1143, 2242, 411 
1144, 2261, 411 
1145, 900, 412 
1146, 1927, 413 
1147, 2091, 413 
1148, 1945, 414 
1149, 1697, 415 
1150, 2470, 415 
1151, 2408, 416 
1152, 423, 417 
1153, 1435, 417 
1154, 2102, 417 
1155, 2308, 417 
1156, 716, 418 
1157, 1777, 418 
1158, 1836, 418 
1159, 2439, 418 
1160, 710, 419 
1161, 1617, 419 
1162, 433, 420 
1163, 524, 420 
1164, 1528, 421 
1165, 1055, 422 
1166, 1423, 422 
1167, 1550, 422 
1168, 446, 423 
1169, 2195, 423 
1170, 2413, 423 
1171, 1379, 424 
1172, 2073, 424 
1173, 2221, 425 
1174, 2250, 425 
1175, 1273, 426 
1176, 2050, 426 
1177, 1062, 427 
1178, 1438, 427 
1179, 1750, 427 
1180, 1120, 428 
1181, 1488, 429 
1182, 1694, 429 
1183, 834, 430 
1184, 1267, 430 
1185, 1330, 431 
1186, 1939, 431 
1187, 2137, 431 
1188, 1554, 432 
1189, 1836, 432 
1190, 2388, 433 
1191, 552, 434 
1192, 1299, 434 
1193, 1537, 434 
1194, 1670, 435 
1195, 1851, 435 
1196, 2346, 435 
1197, 620, 437 
1198, 1353, 437 
1199, 658, 438 
1200, 886, 440 
1201, 1445, 440 
1202, 2424, 440 
1203, 805, 441 
1204, 1999, 441 
1205, 535, 442 
1206, 938, 442 
1207, 1589, 442 
1208, 740, 443 
1209, 970, 443 
1210, 1961, 443 
1211, 1252, 444 
1212, 584, 445 
1213, 1471, 445 
1214, 1559, 445 
1215, 2126, 445 
1216, 1449, 446 
1217, 1462, 446 
1218, 2369, 446 
1219, 996, 447 
1220, 588, 448 
1221, 2287, 448 
1222, 502, 449 
1223, 758, 449 
1224, 2220, 449 
1225, 609, 450 
1226, 1610, 450 
1227, 1680, 450 
1228, 1119, 451 
1229, 2070, 451 
1230, 692, 452 
1231, 1125, 452 
1232, 1227, 452 
1233, 941, 453 
1234, 1513, 453 
1235, 1576, 454 
1236, 2046, 454 
1237, 2314, 454 
1238, 718, 455 
1239, 1374, 455 
1240, 1733, 455 
1241, 1744, 455 
1242, 1433, 456 
1243, 2367, 456 
1244, 867, 457 
1245, 1300, 457 
1246, 1529, 457 
1247, 526, 458 
1248, 846, 458 
1249, 1889, 458 
1250, 469, 459 
1251, 1013, 460 
1252, 1635, 460 
1253, 2279, 460 
1254, 499, 461 
1255, 2446, 461 
1256, 894, 462 
1257, 1113, 462 
1258, 1152, 462 
1259, 1344, 462 
1260, 727, 463 
1261, 2065, 463 
1262, 529, 464 
1263, 738, 464 
1264, 2110, 464 
1265, 2270, 464 
1266, 785, 465 
1267, 1886, 465 
1268, 2060, 465 
1269, 672, 466 
1270, 1960, 466 
1271, 1997, 466 
1272, 1280, 467 
1273, 1523, 467 
1274, 1757, 467 
1275, 1000, 468 
1276, 1466, 468 
1277, 1523, 468 
1278, 891, 470 
1279, 1100, 470 
1280, 1283, 470 
1281, 1987, 470 
1282, 687, 471 
1283, 879, 471 
1284, 2424, 471 
1285, 687, 472 
1286, 940, 472 
1287, 1781, 472 
1288, 760, 473 
1289, 937, 473 
1290, 1639, 474 
1291, 1758, 474 
1292, 661, 475 
1293, 1549, 475 
1294, 2327, 475 
1295, 1489, 476 
1296, 1732, 476 
1297, 1711, 477 
1298, 1582, 478 
1299, 1788, 478 
1300, 2305, 478 
1301, 856, 479 
1302, 1521, 479 
1303, 1929, 479 
1304, 2352, 479 
1305, 1367, 480 
1306, 2014, 480 
1307, 2040, 480 
1308, 2073, 480 
1309, 764, 481 
1310, 1474, 481 
1311, 498, 482 
1312, 1923, 482 
1313, 1347, 483 
1314, 2151, 483 
1315, 518, 484 
1316, 1701, 484 
1317, 1847, 484 
1318, 2142, 484 
1319, 546, 485 
1320, 1946, 485 
1321, 2473, 485 
1322, 1530, 486 
1323, 2246, 486 
1324, 577, 487 
1325, 610, 487 
1326, 1033, 487 
1327, 548, 488 
1328, 1151, 488 
1329, 1164, 488 
1330, 561, 489 
1331, 781, 489 
1332, 949, 489 
1333, 2276, 489 
1334, 620, 490 
1335, 1781, 490 
1336, 1790, 490 
1337, 1133, 491 
1338, 805, 492 
1339, 927, 492 
1340, 1032, 492 
1341, 1300, 492 
1342, 1433, 493 
1343, 656, 494 
1344, 1321, 494 
1345, 1663, 494 
1346, 2279, 494 
1347, 1409, 496 
1348, 1019, 497 
1349, 1411, 497 
1350, 662, 498 
1351, 1365, 498 
1352, 595, 499 
1353, 830, 499 
1354, 1423, 499 
1355, 1150, 500 
1356, 2005, 500 
1357, 1007, 501 
1358, 1026, 501 
1359, 1504, 501 
1360, 1804, 501 
1361, 961, 502 
1362, 1153, 502 
1363, 1295, 503 
1364, 1371, 504 
1365, 1978, 504 
1366, 2359, 504 
1367, 780, 505 
1368, 1108, 505 
1369, 2128, 505 
1370, 1029, 506 
1371, 1336, 506 
1372, 2433, 506 
1373, 995, 507 
1374, 1743, 507 
1375, 736, 508 
1376, 977, 508 
1377, 536, 509 
1378, 722, 509 
1379, 2086, 509 
1380, 1351, 510 
1381, 1766, 510 
1382, 2269, 510 
1383, 788, 511 
1384, 1407, 511 
1385, 1534, 511 
1386, 1753, 513 
1387, 630, 514 
1388, 770, 514 
1389, 1881, 514 
1390, 1577, 515 
1391, 2385, 515 
1392, 1178, 516 
1393, 888, 517 
1394, 1977, 517 
1395, 1495, 518 
1396, 1580, 519 
1397, 1762, 519 
1398, 2232, 519 
1399, 586, 520 
1400, 793, 520 
1401, 1438, 520 
1402, 1646, 520 
1403, 600, 521 
1404, 1502, 521 
1405, 1688, 521 
1406, 909, 522 
1407, 683, 523 
1408, 1205, 523 
1409, 2214, 523 
1410, 1411, 525 
1411, 2081, 525 
1412, 2465, 525 
1413, 1004, 526 
1414, 1169, 526 
1415, 2283, 526 
1416, 1570, 527 
1417, 1720, 527 
1418, 1547, 528 
1419, 1574, 528 
1420, 2366, 528 
1421, 1923, 529 
1422, 2344, 529 
1423, 687, 530 
1424, 879, 530 
1425, 1750, 530 
1426, 1830, 530 
1427, 984, 531 
1428, 1724, 531 
1429, 1779, 531 
1430, 1000, 532 
1431, 1069, 532 
1432, 1240, 532 
1433, 1614, 532 
1434, 1398, 533 
1435, 1752, 533 
1436, 1836, 533 
1437, 2417, 533 
1438, 696, 534 
1439, 1268, 534 
1440, 1893, 534 
1441, 1901, 534 
1442, 580, 535 
1443, 1854, 535 
1444, 2160, 535 
1445, 2030, 536 
1446, 2119, 536 
1447, 2268, 536 
1448, 1728, 537 
1449, 618, 538 
1450, 848, 538 
1451, 1640, 538 
1452, 1349, 539 
1453, 1685, 539 
1454, 2295, 539 
1455, 780, 541 
1456, 1693, 541 
1457, 1827, 541 
1458, 1045, 542 
1459, 1151, 543 
1460, 1216, 543 
1461, 1141, 544 
1462, 1821, 544 
1463, 2043, 544 
1464, 2163, 544 
1465, 1021, 545 
1466, 1279, 545 
1467, 1516, 545 
1468, 2356, 545 
1469, 2374, 546 
1470, 681, 547 
1471, 899, 547 
1472, 2099, 548 
1473, 561, 549 
1474, 831, 549 
1475, 989, 549 
1476, 2255, 549 
1477, 1617, 550 
1478, 2189, 550 
1479, 981, 551 
1480, 1968, 551 
1481, 2426, 551 
1482, 936, 552 
1483, 1212, 552 
1484, 1943, 552 
1485, 1457, 553 
1486, 1750, 553 
1487, 2171, 553 
1488, 1274, 554 
1489, 1451, 554 
1490, 1847, 555 
1491, 1406, 556 
1492, 1476, 556 
1493, 1065, 557 
1494, 1465, 557 
1495, 689, 558 
1496, 1213, 558 
1497, 1218, 558 
1498, 2078, 558 
1499, 631, 559 
1500, 945, 559 
1501, 1976, 559 
1502, 2271, 559 
1503, 2345, 561 
1504, 1151, 562 
1505, 1224, 562 
1506, 2442, 562 
1507, 693, 563 
1508, 2472, 563 
1509, 1741, 564 
1510, 1909, 564 
1511, 2449, 564 
1512, 886, 565 
1513, 1083, 565 
1514, 1315, 566 
1515, 2311, 566 
1516, 2449, 566 
1517, 2342, 567 
1518, 721, 568 
1519, 937, 568 
1520, 1820, 568 
1521, 1974, 568 
1522, 1051, 569 
1523, 1474, 569 
1524, 1515, 569 
1525, 2133, 570 
1526, 2210, 570 
1527, 2255, 570 
1528, 2279, 570 
1529, 1242, 571 
1530, 1518, 572 
1531, 646, 573 
1532, 1066, 573 
1533, 740, 574 
1534, 1135, 574 
1535, 2139, 574 
1536, 2363, 574 
1537, 599, 575 
1538, 1682, 575 
1539, 2357, 575 
1540, 841, 576 
1541, 1937, 576 
1542, 2145, 576 
1543, 715, 577 
1544, 820, 577 
1545, 1298, 577 
1546, 1443, 578 
1547, 1500, 578 
1548, 1675, 578 
1549, 2397, 579 
1550, 1810, 580 
1551, 600, 581 
1552, 1659, 582 
1553, 2452, 582 
1554, 915, 583 
1555, 1743, 583 
1556, 1979, 583 
1557, 850, 584 
1558, 1941, 584 
1559, 893, 585 
1560, 1363, 585 
1561, 2080, 585 
1562, 1438, 586 
1563, 627, 587 
1564, 1215, 587 
1565, 1264, 588 
1566, 1649, 588 
1567, 1301, 589 
1568, 871, 590 
1569, 919, 590 
1570, 2086, 590 
1571, 1079, 591 
1572, 1135, 591 
1573, 1179, 591 
1574, 636, 592 
1575, 907, 592 
1576, 956, 592 
1577, 601, 593 
1578, 741, 593 
1579, 1337, 593 
1580, 1362, 594 
1581, 2355, 594 
1582, 656, 595 
1583, 1112, 595 
1584, 2252, 595 
1585, 813, 596 
1586, 1990, 596 
1587, 2381, 596 
1588, 1261, 598 
1589, 1833, 598 
1590, 1280, 599 
1591, 2186, 599 
1592, 2400, 599 
1593, 1379, 600 
1594, 1803, 600 
1595, 2124, 601 
1596, 2454, 602 
1597, 1184, 603 
1598, 1485, 603 
1599, 1805, 603 
1600, 673, 604 
1601, 1211, 604 
1602, 1562, 604 
1603, 1726, 604 
1604, 756, 605 
1605, 1032, 607 
1606, 1241, 607 
1607, 1550, 607 
1608, 858, 608 
1609, 2347, 608 
1610, 1614, 609 
1611, 2305, 609 
1612, 1643, 610 
1613, 1813, 610 
1614, 1480, 611 
1615, 915, 612 
1616, 1509, 612 
1617, 2302, 612 
1618, 2372, 612 
1619, 1226, 613 
1620, 1611, 613 
1621, 2043, 613 
1622, 2239, 613 
1623, 1689, 614 
1624, 2316, 614 
1625, 2407, 614 
1626, 1252, 615 
1627, 2185, 615 
1628, 1517, 616 
1629, 869, 617 
1630, 1243, 617 
1631, 2312, 617 
1632, 730, 618 
1633, 1155, 618 
1634, 2008, 618 
1635, 924, 619 
1636, 1777, 619 
1637, 2130, 619 
1638, 1564, 621 
1639, 1661, 621 
1640, 2275, 622 
1641, 1397, 623 
1642, 1341, 624 
1643, 2122, 624 
1644, 954, 625 
1645, 1399, 625 
1646, 1849, 627 
1647, 967, 628 
1648, 2365, 628 
1649, 2480, 628 
1650, 827, 629 
1651, 911, 629 
1652, 1605, 629 
1653, 2132, 629 
1654, 848, 630 
1655, 905, 630 
1656, 2092, 630 
1657, 636, 631 
1658, 830, 632 
1659, 1423, 632 
1660, 1579, 632 
1661, 2019, 632 
1662, 817, 633 
1663, 1107, 633 
1664, 1377, 633 
1665, 2413, 633 
1666, 1522, 634 
1667, 1609, 634 
1668, 748, 635 
1669, 1610, 635 
1670, 1981, 635 
1671, 2460, 635 
1672, 1520, 636 
1673, 1121, 637 
1674, 1118, 638 
1675, 1215, 638 
1676, 1798, 638 
1677, 913, 639 
1678, 1657, 639 
1679, 1206, 640 
1680, 1361, 640 
1681, 2182, 640 
1682, 979, 641 
1683, 1318, 641 
1684, 1357, 641 
1685, 2262, 641 
1686, 1182, 642 
1687, 1235, 642 
1688, 2198, 642 
1689, 812, 643 
1690, 867, 643 
1691, 1529, 643 
1692, 1860, 643 
1693, 1373, 644 
1694, 1855, 644 
1695, 2100, 644 
1696, 920, 645 
1697, 1045, 646 
1698, 1797, 646 
1699, 1706, 647 
1700, 2362, 647 
1701, 1962, 648 
1702, 1133, 649 
1703, 1163, 649 
1704, 1579, 649 
1705, 804, 650 
1706, 2248, 650 
1707, 1771, 651 
1708, 1960, 651 
1709, 2152, 651 
1710, 2396, 651 
1711, 994, 652 
1712, 1122, 652 
1713, 1147, 652 
1714, 1569, 652 
1715, 702, 653 
1716, 2058, 653 
1717, 2123, 653 
1718, 1576, 654 
1719, 1677, 654 
1720, 1928, 654 
1721, 2025, 654 
1722, 891, 655 
1723, 1856, 655 
1724, 1841, 656 
1725, 2098, 656 
1726, 1274, 657 
1727, 1591, 657 
1728, 1921, 658 
1729, 862, 660 
1730, 1501, 660 
1731, 1879, 660 
1732, 1061, 661 
1733, 980, 662 
1734, 909, 663 
1735, 1782, 663 
1736, 1834, 663 
1737, 690, 664 
1738, 702, 664 
1739, 770, 664 
1740, 2484, 664 
1741, 1236, 665 
1742, 1599, 665 
1743, 1932, 666 
1744, 2456, 666 
1745, 2116, 667 
1746, 1276, 668 
1747, 2138, 668 
1748, 1017, 669 
1749, 1256, 669 
1750, 1545, 669 
1751, 2146, 669 
1752, 1986, 670 
1753, 1718, 671 
1754, 1764, 671 
1755, 2493, 671 
1756, 762, 672 
1757, 2118, 672 
1758, 1601, 673 
1759, 2293, 673 
1760, 1313, 674 
1761, 1418, 674 
1762, 2096, 674 
1763, 965, 675 
1764, 2292, 675 
1765, 1152, 676 
1766, 1637, 676 
1767, 2031, 676 
1768, 2377, 676 
1769, 1157, 677 
1770, 1639, 677 
1771, 945, 678 
1772, 993, 678 
1773, 1830, 678 
1774, 2056, 678 
1775, 1551, 679 
1776, 2017, 679 
1777, 889, 680 
1778, 875, 681 
1779, 2171, 681 
1780, 815, 682 
1781, 2049, 682 
1782, 1456, 683 
1783, 2468, 683 
1784, 943, 684 
1785, 1261, 684 
1786, 1528, 684 
1787, 1902, 684 
1788, 2020, 685 
1789, 2146, 685 
1790, 1245, 687 
1791, 800, 688 
1792, 2310, 688 
1793, 962, 689 
1794, 1473, 689 
1795, 1949, 690 
1796, 2058, 690 
1797, 2075, 690 
1798, 898, 691 
1799, 990, 691 
1800, 1035, 691 
1801, 882, 692 
1802, 1828, 692 
1803, 929, 693 
1804, 774, 694 
1805, 1592, 694 
1806, 2124, 695 
1807, 2248, 695 
1808, 1142, 697 
1809, 1184, 698 
1810, 1269, 698 
1811, 2015, 698 
1812, 1345, 699 
1813, 1975, 699 
1814, 1457, 700 
1815, 2053, 700 
1816, 958, 701 
1817, 1294, 701 
1818, 1453, 701 
1819, 966, 702 
1820, 2131, 702 
1821, 1288, 703 
1822, 1627, 703 
1823, 2250, 703 
1824, 2280, 703 
1825, 1141, 704 
1826, 834, 705 
1827, 985, 705 
1828, 2137, 705 
1829, 1592, 706 
1830, 893, 707 
1831, 2017, 707 
1832, 1052, 708 
1833, 1816, 708 
1834, 876, 709 
1835, 1138, 709 
1836, 2188, 709 
1837, 1135, 710 
1838, 1468, 710 
1839, 2216, 711 
1840, 2288, 711 
1841, 2377, 711 
1842, 1102, 712 
1843, 1174, 712 
1844, 1927, 715 
1845, 2016, 715 
1846, 806, 716 
1847, 882, 716 
1848, 1775, 716 
1849, 1442, 717 
1850, 1567, 717 
1851, 728, 718 
1852, 1114, 718 
1853, 886, 719 
1854, 1890, 719 
1855, 1510, 720 
1856, 1563, 720 
1857, 2059, 720 
1858, 2332, 720 
1859, 1110, 721 
1860, 948, 722 
1861, 1088, 722 
1862, 2161, 722 
1863, 1755, 723 
1864, 1995, 723 
1865, 2039, 723 
1866, 863, 724 
1867, 2217, 724 
1868, 2355, 724 
1869, 979, 725 
1870, 1663, 725 
1871, 2323, 725 
1872, 1351, 726 
1873, 1497, 726 
1874, 1925, 726 
1875, 2062, 726 
1876, 2320, 727 
1877, 2393, 727 
1878, 1106, 728 
1879, 1323, 728 
1880, 2217, 729 
1881, 1604, 730 
1882, 2092, 730 
1883, 2382, 731 
1884, 2458, 731 
1885, 1106, 732 
1886, 1277, 732 
1887, 2216, 732 
1888, 850, 733 
1889, 1594, 733 
1890, 1869, 733 
1891, 1326, 734 
1892, 1938, 734 
1893, 2022, 734 
1894, 857, 736 
1895, 1972, 736 
1896, 2173, 736 
1897, 865, 737 
1898, 941, 737 
1899, 1837, 737 
1900, 2499, 737 
1901, 1078, 739 
1902, 1178, 739 
1903, 2446, 739 
1904, 1811, 740 
1905, 1538, 741 
1906, 1918, 742 
1907, 2014, 742 
1908, 2398, 742 
1909, 888, 743 
1910, 1297, 743 
1911, 1619, 743 
1912, 2453, 743 
1913, 2037, 744 
1914, 1353, 745 
1915, 1825, 746 
1916, 2188, 746 
1917, 2273, 746 
1918, 1007, 747 
1919, 1009, 748 
1920, 1390, 748 
1921, 2441, 748 
1922, 2409, 749 
1923, 1195, 750 
1924, 1607, 750 
1925, 1791, 750 
1926, 1806, 751 
1927, 1847, 751 
1928, 2500, 751 
1929, 2500, 752 
1930, 812, 753 
1931, 1204, 753 
1932, 1408, 753 
1933, 1484, 753 
1934, 829, 754 
1935, 874, 754 
1936, 2082, 754 
1937, 1563, 755 
1938, 2354, 755 
1939, 1570, 756 
1940, 1879, 756 
1941, 780, 757 
1942, 2040, 757 
1943, 1416, 758 
1944, 2225, 758 
1945, 897, 759 
1946, 1762, 759 
1947, 2339, 760 
1948, 2411, 760 
1949, 1933, 762 
1950, 1490, 763 
1951, 1859, 763 
1952, 1039, 764 
1953, 1250, 764 
1954, 1285, 764 
1955, 1410, 765 
1956, 1678, 765 
1957, 1098, 766 
1958, 1231, 766 
1959, 1565, 766 
1960, 2369, 766 
1961, 2399, 767 
1962, 1022, 768 
1963, 896, 769 
1964, 1440, 769 
1965, 2049, 769 
1966, 2285, 769 
1967, 1521, 770 
1968, 2484, 770 
1969, 1624, 771 
1970, 1665, 771 
1971, 1042, 773 
1972, 1575, 773 
1973, 1660, 773 
1974, 1779, 773 
1975, 885, 775 
1976, 1218, 775 
1977, 1041, 776 
1978, 2354, 776 
1979, 923, 777 
1980, 947, 777 
1981, 1200, 777 
1982, 1604, 778 
1983, 2230, 778 
1984, 955, 779 
1985, 1324, 779 
1986, 2068, 779 
1987, 2378, 779 
1988, 2246, 780 
1989, 2004, 781 
1990, 1580, 782 
1991, 1607, 782 
1992, 1751, 783 
1993, 1788, 783 
1994, 1793, 783 
1995, 980, 784 
1996, 1685, 784 
1997, 1953, 784 
1998, 1082, 786 
1999, 2487, 786 
2000, 1018, 787 
2001, 2048, 787 
2002, 1471, 788 
2003, 1760, 788 
2004, 793, 789 
2005, 1262, 789 
2006, 1631, 789 
2007, 1424, 790 
2008, 1477, 791 
2009, 1671, 791 
2010, 2132, 791 
2011, 1299, 792 
2012, 1309, 792 
2013, 1878, 792 
2014, 2341, 792 
2015, 1085, 793 
2016, 2123, 793 
2017, 1341, 794 
2018, 1053, 795 
2019, 1010, 796 
2020, 1965, 796 
2021, 822, 797 
2022, 1376, 797 
2023, 922, 798 
2024, 1261, 798 
2025, 1504, 798 
2026, 2317, 798 
2027, 2149, 799 
2028, 1032, 800 
2029, 1716, 800 
2030, 1095, 801 
2031, 1356, 801 
2032, 2286, 801 
2033, 1868, 802 
2034, 1963, 802 
2035, 2028, 804 
2036, 1591, 806 
2037, 1241, 807 
2038, 1463, 807 
2039, 1970, 807 
2040, 1761, 808 
2041, 1994, 808 
2042, 2150, 808 
2043, 2244, 808 
2044, 833, 809 
2045, 1207, 809 
2046, 2253, 809 
2047, 2393, 809 
2048, 1038, 810 
2049, 1077, 810 
2050, 2185, 810 
2051, 1518, 811 
2052, 1949, 811 
2053, 2401, 811 
2054, 991, 812 
2055, 1158, 813 
2056, 1099, 814 
2057, 1295, 814 
2058, 1716, 816 
2059, 1755, 816 
2060, 1815, 816 
2061, 1941, 816 
2062, 872, 817 
2063, 1720, 817 
2064, 2357, 818 
2065, 1429, 819 
2066, 1799, 819 
2067, 905, 820 
2068, 1990, 821 
2069, 1698, 822 
2070, 2264, 822 
2071, 921, 824 
2072, 983, 824 
2073, 1530, 824 
2074, 2233, 824 
2075, 1520, 826 
2076, 1583, 826 
2077, 2378, 826 
2078, 1308, 827 
2079, 1412, 827 
2080, 842, 828 
2081, 1293, 828 
2082, 1296, 828 
2083, 1852, 828 
2084, 1463, 829 
2085, 1542, 829 
2086, 2372, 829 
2087, 1818, 830 
2088, 1455, 831 
2089, 2009, 831 
2090, 2193, 831 
2091, 908, 832 
2092, 923, 834 
2093, 1222, 834 
2094, 1189, 835 
2095, 2160, 835 
2096, 2256, 835 
2097, 2347, 835 
2098, 914, 836 
2099, 2234, 836 
2100, 2360, 836 
2101, 1885, 837 
2102, 2126, 837 
2103, 1044, 838 
2104, 1262, 838 
2105, 1675, 838 
2106, 1180, 839 
2107, 1574, 839 
2108, 1912, 839 
2109, 2069, 839 
2110, 1651, 840 
2111, 1764, 841 
2112, 2175, 841 
2113, 2452, 841 
2114, 1742, 842 
2115, 2184, 842 
2116, 1699, 844 
2117, 2140, 844 
2118, 2424, 844 
2119, 2431, 844 
2120, 924, 845 
2121, 1789, 846 
2122, 1934, 846 
2123, 2163, 847 
2124, 971, 849 
2125, 2042, 850 
2126, 1374, 851 
2127, 2106, 851 
2128, 2310, 851 
2129, 1368, 852 
2130, 2280, 852 
2131, 1177, 853 
2132, 1069, 854 
2133, 1294, 854 
2134, 1757, 854 
2135, 1981, 854 
2136, 912, 855 
2137, 1304, 855 
2138, 2098, 855 
2139, 1881, 856 
2140, 2130, 856 
2141, 2249, 856 
2142, 1135, 857 
2143, 1339, 857 
2144, 1846, 857 
2145, 2366, 858 
2146, 982, 859 
2147, 1874, 859 
2148, 2292, 859 
2149, 1122, 860 
2150, 1369, 860 
2151, 1443, 861 
2152, 1958, 861 
2153, 1982, 861 
2154, 1039, 862 
2155, 1417, 862 
2156, 2403, 862 
2157, 1269, 864 
2158, 2235, 864 
2159, 1129, 866 
2160, 1897, 867 
2161, 2097, 867 
2162, 1298, 868 
2163, 1640, 868 
2164, 1885, 868 
2165, 1095, 869 
2166, 1333, 869 
2167, 2087, 869 
2168, 878, 870 
2169, 1542, 870 
2170, 1316, 871 
2171, 1628, 871 
2172, 2263, 871 
2173, 1417, 872 
2174, 1974, 872 
2175, 2238, 873 
2176, 1195, 874 
2177, 1205, 874 
2178, 1618, 874 
2179, 1043, 875 
2180, 2007, 875 
2181, 1534, 877 
2182, 1708, 877 
2183, 2465, 877 
2184, 1239, 879 
2185, 2336, 880 
2186, 1916, 881 
2187, 2245, 881 
2188, 1101, 882 
2189, 2458, 882 
2190, 2334, 883 
2191, 1172, 884 
2192, 1179, 884 
2193, 2350, 885 
2194, 2213, 886 
2195, 1489, 887 
2196, 2076, 887 
2197, 2464, 887 
2198, 2062, 888 
2199, 2379, 888 
2200, 1285, 889 
2201, 1527, 889 
2202, 1864, 890 
2203, 2194, 892 
2204, 2199, 892 
2205, 2409, 892 
2206, 2080, 893 
2207, 2090, 893 
2208, 1064, 894 
2209, 1199, 894 
2210, 1637, 894 
2211, 1093, 895 
2212, 1344, 895 
2213, 1999, 895 
2214, 2398, 895 
2215, 1289, 896 
2216, 1719, 896 
2217, 2285, 896 
2218, 1101, 897 
2219, 2424, 897 
2220, 1186, 898 
2221, 1452, 898 
2222, 921, 899 
2223, 1177, 899 
2224, 1386, 899 
2225, 1193, 901 
2226, 1585, 901 
2227, 1087, 902 
2228, 2352, 902 
2229, 921, 903 
2230, 1964, 904 
2231, 2319, 904 
2232, 1192, 905 
2233, 2154, 905 
2234, 1070, 906 
2235, 1185, 906 
2236, 1943, 906 
2237, 2423, 906 
2238, 1509, 907 
2239, 2045, 907 
2240, 1112, 908 
2241, 1173, 908 
2242, 1306, 908 
2243, 2487, 909 
2244, 2101, 910 
2245, 2195, 911 
2246, 2432, 913 
2247, 1145, 914 
2248, 1791, 914 
2249, 1572, 915 
2250, 1824, 915 
2251, 1488, 916 
2252, 1905, 916 
2253, 1069, 917 
2254, 2456, 917 
2255, 1800, 918 
2256, 1888, 918 
2257, 2390, 918 
2258, 1116, 919 
2259, 1133, 919 
2260, 1313, 920 
2261, 2159, 920 
2262, 2410, 921 
2263, 1036, 922 
2264, 1708, 922 
2265, 2031, 922 
2266, 1515, 923 
2267, 1656, 923 
2268, 1012, 924 
2269, 2093, 924 
2270, 2082, 925 
2271, 2152, 926 
2272, 2486, 926 
2273, 949, 927 
2274, 1294, 927 
2275, 1633, 927 
2276, 1257, 929 
2277, 1528, 930 
2278, 2221, 930 
2279, 2167, 931 
2280, 2177, 934 
2281, 1296, 935 
2282, 1809, 935 
2283, 2016, 935 
2284, 2474, 935 
2285, 2020, 936 
2286, 2495, 936 
2287, 1103, 937 
2288, 1391, 938 
2289, 2276, 938 
2290, 1453, 939 
2291, 1348, 940 
2292, 1542, 940 
2293, 1018, 941 
2294, 2166, 942 
2295, 1351, 943 
2296, 2355, 943 
2297, 2488, 943 
2298, 1672, 944 
2299, 1400, 945 
2300, 1934, 945 
2301, 1089, 946 
2302, 1303, 946 
2303, 1590, 946 
2304, 1886, 947 
2305, 1103, 948 
2306, 2150, 948 
2307, 1979, 949 
2308, 2360, 949 
2309, 1816, 950 
2310, 1002, 951 
2311, 1795, 951 
2312, 2396, 952 
2313, 1654, 953 
2314, 2258, 954 
2315, 1158, 955 
2316, 1553, 955 
2317, 1941, 955 
2318, 1373, 956 
2319, 1767, 956 
2320, 2053, 958 
2321, 2428, 958 
2322, 1335, 959 
2323, 1743, 960 
2324, 1088, 961 
2325, 1211, 961 
2326, 1284, 961 
2327, 2192, 962 
2328, 2156, 963 
2329, 2415, 964 
2330, 2417, 964 
2331, 1042, 966 
2332, 1432, 966 
2333, 1048, 967 
2334, 1427, 967 
2335, 1048, 969 
2336, 1722, 970 
2337, 2138, 970 
2338, 2008, 971 
2339, 2114, 971 
2340, 2371, 972 
2341, 1769, 973 
2342, 1647, 974 
2343, 1749, 975 
2344, 2340, 975 
2345, 2484, 975 
2346, 1736, 976 
2347, 1907, 976 
2348, 2199, 976 
2349, 1079, 977 
2350, 1287, 977 
2351, 1029, 978 
2352, 1587, 979 
2353, 1732, 979 
2354, 1430, 981 
2355, 1599, 981 
2356, 1006, 983 
2357, 1297, 983 
2358, 1900, 984 
2359, 2131, 984 
2360, 2482, 985 
2361, 1740, 986 
2362, 1923, 986 
2363, 1148, 988 
2364, 1668, 988 
2365, 2173, 988 
2366, 1415, 989 
2367, 2337, 989 
2368, 1016, 990 
2369, 2289, 990 
2370, 1482, 991 
2371, 1198, 993 
2372, 1345, 993 
2373, 2448, 993 
2374, 1131, 995 
2375, 2018, 995 
2376, 1330, 996 
2377, 1509, 999 
2378, 1040, 1001 
2379, 2018, 1001 
2380, 1369, 1002 
2381, 1503, 1002 
2382, 1569, 1002 
2383, 1359, 1003 
2384, 1823, 1004 
2385, 2200, 1004 
2386, 1045, 1005 
2387, 2278, 1006 
2388, 1332, 1008 
2389, 1407, 1008 
2390, 1800, 1008 
2391, 2309, 1008 
2392, 1109, 1009 
2393, 2166, 1009 
2394, 2000, 1010 
2395, 2337, 1010 
2396, 1185, 1011 
2397, 1878, 1011 
2398, 2335, 1011 
2399, 1759, 1012 
2400, 1475, 1013 
2401, 2044, 1013 
2402, 2356, 1013 
2403, 1961, 1014 
2404, 1483, 1015 
2405, 1522, 1015 
2406, 1480, 1016 
2407, 1675, 1017 
2408, 1937, 1017 
2409, 2231, 1017 
2410, 1661, 1018 
2411, 2499, 1018 
2412, 1592, 1019 
2413, 1685, 1019 
2414, 2199, 1019 
2415, 2401, 1020 
2416, 2004, 1021 
2417, 2015, 1021 
2418, 1517, 1022 
2419, 1552, 1023 
2420, 2075, 1023 
2421, 1389, 1024 
2422, 1641, 1024 
2423, 2434, 1024 
2424, 1572, 1025 
2425, 2213, 1025 
2426, 2218, 1025 
2427, 1568, 1026 
2428, 2061, 1026 
2429, 1441, 1027 
2430, 1821, 1028 
2431, 2113, 1028 
2432, 2403, 1028 
2433, 2225, 1029 
2434, 2094, 1030 
2435, 2116, 1030 
2436, 1964, 1031 
2437, 1566, 1032 
2438, 1763, 1033 
2439, 2325, 1033 
2440, 2380, 1033 
2441, 1597, 1034 
2442, 1632, 1034 
2443, 2134, 1034 
2444, 1073, 1035 
2445, 1673, 1035 
2446, 1772, 1035 
2447, 2147, 1036 
2448, 1079, 1037 
2449, 2145, 1037 
2450, 2495, 1037 
2451, 1721, 1038 
2452, 1759, 1038 
2453, 1893, 1038 
2454, 1344, 1039 
2455, 1244, 1040 
2456, 1678, 1041 
2457, 1879, 1041 
2458, 1928, 1042 
2459, 1773, 1043 
2460, 1763, 1044 
2461, 2444, 1044 
2462, 1490, 1046 
2463, 2407, 1046 
2464, 1601, 1047 
2465, 1693, 1047 
2466, 1901, 1048 
2467, 1176, 1049 
2468, 1686, 1049 
2469, 1948, 1049 
2470, 1389, 1050 
2471, 1449, 1050 
2472, 2234, 1050 
2473, 2413, 1050 
2474, 1339, 1051 
2475, 2228, 1051 
2476, 2436, 1051 
2477, 1075, 1054 
2478, 1183, 1054 
2479, 1342, 1054 
2480, 1307, 1055 
2481, 2361, 1055 
2482, 2440, 1057 
2483, 1733, 1058 
2484, 1645, 1060 
2485, 2287, 1060 
2486, 1256, 1061 
2487, 1776, 1061 
2488, 1646, 1062 
2489, 1536, 1063 
2490, 2295, 1063 
2491, 2366, 1063 
2492, 2098, 1064 
2493, 2333, 1064 
2494, 2337, 1064 
2495, 1959, 1065 
2496, 1244, 1066 
2497, 2212, 1067 
2498, 1415, 1068 
2499, 1446, 1069 
2500, 1681, 1070 
2501, 2167, 1070 
2502, 1778, 1071 
2503, 2223, 1072 
2504, 1444, 1073 
2505, 1944, 1073 
2506, 2427, 1073 
2507, 1751, 1074 
2508, 1120, 1075 
2509, 1451, 1075 
2510, 2497, 1076 
2511, 1232, 1077 
2512, 2331, 1077 
2513, 1980, 1078 
2514, 2141, 1080 
2515, 2217, 1080 
2516, 2485, 1080 
2517, 2418, 1081 
2518, 1858, 1082 
2519, 1358, 1084 
2520, 1762, 1084 
2521, 1950, 1084 
2522, 1900, 1085 
2523, 1909, 1085 
2524, 1839, 1087 
2525, 2458, 1087 
2526, 1112, 1088 
2527, 2245, 1089 
2528, 2444, 1089 
2529, 1165, 1090 
2530, 1273, 1090 
2531, 1621, 1090 
2532, 1983, 1090 
2533, 1191, 1091 
2534, 1324, 1091 
2535, 2419, 1092 
2536, 1619, 1093 
2537, 2251, 1093 
2538, 1818, 1094 
2539, 2344, 1094 
2540, 1615, 1095 
2541, 1622, 1095 
2542, 1494, 1096 
2543, 2207, 1096 
2544, 1970, 1097 
2545, 2252, 1097 
2546, 1821, 1098 
2547, 2009, 1098 
2548, 1993, 1100 
2549, 2237, 1100 
2550, 1949, 1101 
2551, 1519, 1102 
2552, 1955, 1103 
2553, 1424, 1104 
2554, 1915, 1105 
2555, 1254, 1106 
2556, 2036, 1106 
2557, 1766, 1107 
2558, 1936, 1107 
2559, 2245, 1107 
2560, 1360, 1109 
2561, 1837, 1109 
2562, 1838, 1109 
2563, 2170, 1111 
2564, 1667, 1112 
2565, 1636, 1113 
2566, 2453, 1113 
2567, 1492, 1114 
2568, 2206, 1114 
2569, 1413, 1115 
2570, 1608, 1115 
2571, 2105, 1115 
2572, 1976, 1116 
2573, 1146, 1117 
2574, 1846, 1117 
2575, 1961, 1117 
2576, 1602, 1118 
2577, 1918, 1118 
2578, 2468, 1119 
2579, 1255, 1121 
2580, 1436, 1124 
2581, 2287, 1124 
2582, 1854, 1125 
2583, 1642, 1126 
2584, 2025, 1126 
2585, 2198, 1126 
2586, 2296, 1126 
2587, 1874, 1127 
2588, 1992, 1127 
2589, 1129, 1128 
2590, 2301, 1128 
2591, 1159, 1130 
2592, 1714, 1130 
2593, 2319, 1130 
2594, 1204, 1132 
2595, 1442, 1132 
2596, 2205, 1132 
2597, 1147, 1134 
2598, 1167, 1136 
2599, 1376, 1136 
2600, 2456, 1136 
2601, 1554, 1137 
2602, 1870, 1137 
2603, 2154, 1137 
2604, 2382, 1137 
2605, 1294, 1139 
2606, 1376, 1139 
2607, 1793, 1139 
2608, 2341, 1140 
2609, 1501, 1141 
2610, 1411, 1142 
2611, 1444, 1142 
2612, 1863, 1142 
2613, 1162, 1143 
2614, 1918, 1143 
2615, 2140, 1143 
2616, 1159, 1144 
2617, 1560, 1144 
2618, 2165, 1144 
2619, 2177, 1145 
2620, 1954, 1146 
2621, 2386, 1146 
2622, 1600, 1147 
2623, 2226, 1147 
2624, 1165, 1148 
2625, 1558, 1148 
2626, 1174, 1149 
2627, 2023, 1149 
2628, 1762, 1150 
2629, 1633, 1152 
2630, 1879, 1152 
2631, 1210, 1153 
2632, 2030, 1153 
2633, 1839, 1155 
2634, 2180, 1155 
2635, 1561, 1159 
2636, 2158, 1159 
2637, 1215, 1160 
2638, 1514, 1160 
2639, 1315, 1162 
2640, 1950, 1162 
2641, 2104, 1162 
2642, 1704, 1163 
2643, 2348, 1163 
2644, 1560, 1164 
2645, 1666, 1164 
2646, 1342, 1165 
2647, 1890, 1166 
2648, 2402, 1167 
2649, 1559, 1168 
2650, 1942, 1168 
2651, 2274, 1169 
2652, 2343, 1169 
2653, 2378, 1169 
2654, 1931, 1172 
2655, 2241, 1172 
2656, 1667, 1173 
2657, 2271, 1173 
2658, 1692, 1174 
2659, 1371, 1175 
2660, 1770, 1175 
2661, 1948, 1175 
2662, 1773, 1177 
2663, 1832, 1177 
2664, 2133, 1178 
2665, 1388, 1179 
2666, 1377, 1180 
2667, 1678, 1180 
2668, 2395, 1180 
2669, 1728, 1181 
2670, 2067, 1181 
2671, 2034, 1182 
2672, 1284, 1185 
2673, 1493, 1186 
2674, 1557, 1187 
2675, 2069, 1187 
2676, 1223, 1188 
2677, 1505, 1188 
2678, 1233, 1190 
2679, 1278, 1190 
2680, 1307, 1190 
2681, 1463, 1190 
2682, 1275, 1191 
2683, 1737, 1191 
2684, 1929, 1192 
2685, 1938, 1192 
2686, 2315, 1192 
2687, 1738, 1193 
2688, 1235, 1194 
2689, 1642, 1194 
2690, 2186, 1194 
2691, 2406, 1194 
2692, 1836, 1195 
2693, 1409, 1196 
2694, 1322, 1197 
2695, 1378, 1199 
2696, 1588, 1199 
2697, 2031, 1199 
2698, 1485, 1200 
2699, 1354, 1202 
2700, 1529, 1202 
2701, 2211, 1202 
2702, 2463, 1203 
2703, 1212, 1204 
2704, 1290, 1205 
2705, 1489, 1205 
2706, 1689, 1206 
2707, 1719, 1206 
2708, 1637, 1207 
2709, 2085, 1207 
2710, 2348, 1207 
2711, 1555, 1208 
2712, 2156, 1208 
2713, 1889, 1209 
2714, 1316, 1210 
2715, 1628, 1210 
2716, 2001, 1211 
2717, 2293, 1211 
2718, 2268, 1212 
2719, 1276, 1213 
2720, 2074, 1213 
2721, 2128, 1214 
2722, 1555, 1215 
2723, 2142, 1216 
2724, 2159, 1216 
2725, 2072, 1217 
2726, 1768, 1218 
2727, 2010, 1219 
2728, 2016, 1219 
2729, 1430, 1220 
2730, 1666, 1220 
2731, 1713, 1220 
2732, 2231, 1220 
2733, 1275, 1221 
2734, 1375, 1221 
2735, 2439, 1221 
2736, 1563, 1222 
2737, 2251, 1223 
2738, 2426, 1224 
2739, 1453, 1225 
2740, 2120, 1225 
2741, 1755, 1226 
2742, 1358, 1227 
2743, 1371, 1227 
2744, 2490, 1227 
2745, 1268, 1228 
2746, 1338, 1228 
2747, 1622, 1229 
2748, 1662, 1229 
2749, 1578, 1230 
2750, 2096, 1230 
2751, 2207, 1230 
2752, 1841, 1231 
2753, 2269, 1231 
2754, 1488, 1232 
2755, 1591, 1232 
2756, 2170, 1233 
2757, 2333, 1233 
2758, 1933, 1234 
2759, 1325, 1235 
2760, 1468, 1236 
2761, 1799, 1236 
2762, 1925, 1236 
2763, 1399, 1237 
2764, 2035, 1237 
2765, 2233, 1239 
2766, 1439, 1240 
2767, 2128, 1241 
2768, 2357, 1242 
2769, 2452, 1242 
2770, 1984, 1243 
2771, 2336, 1244 
2772, 1725, 1245 
2773, 2182, 1245 
2774, 2211, 1246 
2775, 2272, 1246 
2776, 1535, 1247 
2777, 1888, 1247 
2778, 2079, 1247 
2779, 2331, 1248 
2780, 1382, 1249 
2781, 1629, 1250 
2782, 2027, 1250 
2783, 1807, 1251 
2784, 2149, 1251 
2785, 2317, 1251 
2786, 1815, 1252 
2787, 2448, 1252 
2788, 1382, 1253 
2789, 1458, 1253 
2790, 2419, 1253 
2791, 1669, 1254 
2792, 1715, 1254 
2793, 2103, 1254 
2794, 1984, 1255 
2795, 2340, 1255 
2796, 2260, 1256 
2797, 1566, 1257 
2798, 1781, 1257 
2799, 1389, 1259 
2800, 1663, 1259 
2801, 2033, 1259 
2802, 2387, 1259 
2803, 2099, 1260 
2804, 1342, 1261 
2805, 1898, 1264 
2806, 1740, 1265 
2807, 1799, 1265 
2808, 1991, 1265 
2809, 1497, 1267 
2810, 1805, 1269 
2811, 1383, 1271 
2812, 1632, 1271 
2813, 2091, 1271 
2814, 2328, 1273 
2815, 2394, 1273 
2816, 2439, 1274 
2817, 1784, 1275 
2818, 2485, 1275 
2819, 1290, 1277 
2820, 1920, 1277 
2821, 2394, 1277 
2822, 1848, 1278 
2823, 1436, 1279 
2824, 1467, 1279 
2825, 2309, 1279 
2826, 1545, 1280 
2827, 2275, 1280 
2828, 1423, 1281 
2829, 1696, 1281 
2830, 2320, 1281 
2831, 1300, 1282 
2832, 1459, 1283 
2833, 2022, 1283 
2834, 1800, 1285 
2835, 1912, 1286 
2836, 1494, 1287 
2837, 1924, 1287 
2838, 2137, 1288 
2839, 2215, 1288 
2840, 2198, 1289 
2841, 2407, 1289 
2842, 1951, 1290 
2843, 1632, 1291 
2844, 1326, 1292 
2845, 1721, 1292 
2846, 1874, 1292 
2847, 2273, 1292 
2848, 1364, 1293 
2849, 2274, 1293 
2850, 2020, 1296 
2851, 2218, 1297 
2852, 2093, 1298 
2853, 2349, 1299 
2854, 1529, 1300 
2855, 2144, 1301 
2856, 1816, 1302 
2857, 1996, 1302 
2858, 1339, 1303 
2859, 1899, 1303 
2860, 1862, 1304 
2861, 1867, 1304 
2862, 2219, 1305 
2863, 1357, 1306 
2864, 2169, 1307 
2865, 2077, 1309 
2866, 2400, 1309 
2867, 1355, 1310 
2868, 1732, 1310 
2869, 2190, 1310 
2870, 1691, 1312 
2871, 1635, 1314 
2872, 1991, 1314 
2873, 2322, 1314 
2874, 1638, 1315 
2875, 1759, 1315 
2876, 1535, 1316 
2877, 2190, 1316 
2878, 1404, 1317 
2879, 1820, 1318 
2880, 1970, 1318 
2881, 1800, 1319 
2882, 1911, 1319 
2883, 2177, 1319 
2884, 2375, 1319 
2885, 1802, 1320 
2886, 1380, 1321 
2887, 2193, 1321 
2888, 2323, 1321 
2889, 2440, 1322 
2890, 2421, 1323 
2891, 1427, 1324 
2892, 1539, 1324 
2893, 1407, 1325 
2894, 2475, 1325 
2895, 2314, 1326 
2896, 1598, 1327 
2897, 2297, 1327 
2898, 2459, 1327 
2899, 1496, 1328 
2900, 1952, 1328 
2901, 2176, 1328 
2902, 2476, 1328 
2903, 1422, 1329 
2904, 1530, 1329 
2905, 1910, 1331 
2906, 2187, 1331 
2907, 2247, 1331 
2908, 2119, 1332 
2909, 2164, 1332 
2910, 2193, 1332 
2911, 1687, 1333 
2912, 1714, 1334 
2913, 1475, 1336 
2914, 2493, 1336 
2915, 2497, 1337 
2916, 1829, 1339 
2917, 2150, 1341 
2918, 1935, 1342 
2919, 2211, 1343 
2920, 2296, 1343 
2921, 2435, 1343 
2922, 1346, 1345 
2923, 2318, 1347 
2924, 1790, 1348 
2925, 2305, 1348 
2926, 1945, 1349 
2927, 1780, 1351 
2928, 1723, 1352 
2929, 1803, 1352 
2930, 2479, 1352 
2931, 2494, 1352 
2932, 1693, 1353 
2933, 1702, 1354 
2934, 1738, 1354 
2935, 1798, 1354 
2936, 1869, 1355 
2937, 1870, 1356 
2938, 2474, 1356 
2939, 2462, 1358 
2940, 1672, 1359 
2941, 1852, 1359 
2942, 2412, 1360 
2943, 1443, 1361 
2944, 1680, 1361 
2945, 1403, 1362 
2946, 1425, 1362 
2947, 1448, 1363 
2948, 1566, 1364 
2949, 2218, 1364 
2950, 2499, 1364 
2951, 1649, 1365 
2952, 1897, 1367 
2953, 2127, 1367 
2954, 2187, 1368 
2955, 1605, 1369 
2956, 2226, 1369 
2957, 1973, 1370 
2958, 2429, 1371 
2959, 1965, 1373 
2960, 2293, 1374 
2961, 1922, 1375 
2962, 1555, 1376 
2963, 1549, 1378 
2964, 1904, 1378 
2965, 2244, 1378 
2966, 1417, 1379 
2967, 1613, 1379 
2968, 1455, 1380 
2969, 1497, 1380 
2970, 2288, 1380 
2971, 1632, 1381 
2972, 2141, 1381 
2973, 2284, 1382 
2974, 1981, 1383 
2975, 2066, 1383 
2976, 1599, 1384 
2977, 2108, 1384 
2978, 2132, 1384 
2979, 1616, 1385 
2980, 1690, 1385 
2981, 2127, 1385 
2982, 2387, 1385 
2983, 1739, 1386 
2984, 1900, 1386 
2985, 1903, 1386 
2986, 1599, 1387 
2987, 1873, 1387 
2988, 1718, 1388 
2989, 2391, 1388 
2990, 1947, 1390 
2991, 2310, 1390 
2992, 2148, 1391 
2993, 2280, 1391 
2994, 2365, 1391 
2995, 1593, 1392 
2996, 1746, 1392 
2997, 2466, 1393 
2998, 2450, 1394 
2999, 1489, 1395 
3000, 1911, 1395 
3001, 2212, 1396 
3002, 2238, 1397 
3003, 2225, 1399 
3004, 2397, 1399 
3005, 2040, 1400 
3006, 1849, 1401 
3007, 1887, 1401 
3008, 1845, 1402 
3009, 1864, 1402 
3010, 2331, 1403 
3011, 2006, 1405 
3012, 1776, 1406 
3013, 2303, 1407 
3014, 1942, 1408 
3015, 2033, 1408 
3016, 2184, 1408 
3017, 1898, 1410 
3018, 2155, 1410 
3019, 1736, 1411 
3020, 1475, 1412 
3021, 2384, 1412 
3022, 1640, 1414 
3023, 2242, 1414 
3024, 1592, 1417 
3025, 1741, 1418 
3026, 1682, 1419 
3027, 1838, 1419 
3028, 2441, 1419 
3029, 1618, 1420 
3030, 2337, 1420 
3031, 1557, 1421 
3032, 1785, 1421 
3033, 2176, 1421 
3034, 2464, 1422 
3035, 1459, 1425 
3036, 1880, 1425 
3037, 2148, 1426 
3038, 2365, 1426 
3039, 1856, 1427 
3040, 2490, 1427 
3041, 1696, 1428 
3042, 2150, 1428 
3043, 1645, 1429 
3044, 1714, 1429 
3045, 1633, 1430 
3046, 1980, 1431 
3047, 1677, 1432 
3048, 1716, 1432 
3049, 2062, 1432 
3050, 1726, 1434 
3051, 2290, 1435 
3052, 2387, 1435 
3053, 1919, 1436 
3054, 2483, 1436 
3055, 1813, 1438 
3056, 1709, 1440 
3057, 1754, 1440 
3058, 1535, 1441 
3059, 2400, 1443 
3060, 1454, 1444 
3061, 1476, 1446 
3062, 1887, 1446 
3063, 1587, 1447 
3064, 2443, 1447 
3065, 1802, 1448 
3066, 2090, 1448 
3067, 2308, 1449 
3068, 1676, 1450 
3069, 2139, 1450 
3070, 1935, 1451 
3071, 2026, 1455 
3072, 2495, 1457 
3073, 2315, 1459 
3074, 1462, 1460 
3075, 2071, 1460 
3076, 2281, 1460 
3077, 1593, 1461 
3078, 1626, 1461 
3079, 2271, 1461 
3080, 1527, 1462 
3081, 2227, 1464 
3082, 2470, 1464 
3083, 1959, 1465 
3084, 2004, 1467 
3085, 2411, 1467 
3086, 1764, 1468 
3087, 2269, 1468 
3088, 2435, 1469 
3089, 1830, 1471 
3090, 2156, 1471 
3091, 2388, 1472 
3092, 2060, 1474 
3093, 2204, 1474 
3094, 2433, 1475 
3095, 1495, 1477 
3096, 2060, 1477 
3097, 1596, 1478 
3098, 1614, 1478 
3099, 1729, 1478 
3100, 2260, 1478 
3101, 1754, 1481 
3102, 1807, 1481 
3103, 2039, 1481 
3104, 1878, 1482 
3105, 2078, 1482 
3106, 1837, 1484 
3107, 2058, 1484 
3108, 1735, 1485 
3109, 1855, 1486 
3110, 2129, 1486 
3111, 2227, 1486 
3112, 2461, 1486 
3113, 1546, 1487 
3114, 1978, 1487 
3115, 2194, 1487 
3116, 2440, 1490 
3117, 1997, 1491 
3118, 2206, 1492 
3119, 2139, 1495 
3120, 1717, 1496 
3121, 2453, 1496 
3122, 2259, 1498 
3123, 1695, 1499 
3124, 2066, 1500 
3125, 2355, 1501 
3126, 1896, 1502 
3127, 2422, 1503 
3128, 1694, 1504 
3129, 2103, 1504 
3130, 2294, 1505 
3131, 1634, 1506 
3132, 1905, 1507 
3133, 2070, 1507 
3134, 2261, 1507 
3135, 2367, 1507 
3136, 1862, 1508 
3137, 1987, 1508 
3138, 2196, 1508 
3139, 1940, 1510 
3140, 2369, 1510 
3141, 2362, 1511 
3142, 2399, 1513 
3143, 1575, 1514 
3144, 2414, 1516 
3145, 2372, 1517 
3146, 2219, 1518 
3147, 1957, 1520 
3148, 1927, 1521 
3149, 2157, 1524 
3150, 2266, 1524 
3151, 1638, 1525 
3152, 2363, 1525 
3153, 1617, 1527 
3154, 2313, 1527 
3155, 1902, 1528 
3156, 2353, 1531 
3157, 1712, 1534 
3158, 1636, 1536 
3159, 1754, 1536 
3160, 2332, 1536 
3161, 1702, 1537 
3162, 1908, 1538 
3163, 2112, 1538 
3164, 2368, 1539 
3165, 1984, 1541 
3166, 1778, 1543 
3167, 2144, 1544 
3168, 2291, 1544 
3169, 1967, 1546 
3170, 1811, 1547 
3171, 1699, 1548 
3172, 1825, 1548 
3173, 2445, 1548 
3174, 1840, 1549 
3175, 2001, 1549 
3176, 1600, 1551 
3177, 1924, 1551 
3178, 1699, 1552 
3179, 1780, 1553 
3180, 2009, 1553 
3181, 2121, 1554 
3182, 1831, 1556 
3183, 2059, 1556 
3184, 2072, 1557 
3185, 2187, 1558 
3186, 1844, 1559 
3187, 2162, 1561 
3188, 2165, 1561 
3189, 2045, 1562 
3190, 2222, 1562 
3191, 1568, 1565 
3192, 1700, 1565 
3193, 2205, 1567 
3194, 2457, 1567 
3195, 1709, 1568 
3196, 1605, 1569 
3197, 2137, 1570 
3198, 2230, 1571 
3199, 2448, 1572 
3200, 1662, 1573 
3201, 1793, 1575 
3202, 1870, 1576 
3203, 1992, 1576 
3204, 1600, 1577 
3205, 2054, 1577 
3206, 1701, 1578 
3207, 1806, 1578 
3208, 1953, 1579 
3209, 1808, 1581 
3210, 2374, 1581 
3211, 2299, 1582 
3212, 2392, 1582 
3213, 2100, 1583 
3214, 2185, 1583 
3215, 1664, 1584 
3216, 1858, 1585 
3217, 2416, 1585 
3218, 1628, 1587 
3219, 1706, 1587 
3220, 2403, 1588 
3221, 2061, 1589 
3222, 1692, 1590 
3223, 2172, 1590 
3224, 2483, 1590 
3225, 2169, 1594 
3226, 2333, 1594 
3227, 1982, 1596 
3228, 2471, 1596 
3229, 2453, 1597 
3230, 2316, 1600 
3231, 2334, 1601 
3232, 1835, 1602 
3233, 2401, 1602 
3234, 1647, 1603 
3235, 1739, 1603 
3236, 2421, 1607 
3237, 2233, 1608 
3238, 2003, 1609 
3239, 2145, 1610 
3240, 2320, 1611 
3241, 2093, 1612 
3242, 1673, 1613 
3243, 1980, 1613 
3244, 2184, 1614 
3245, 2107, 1615 
3246, 2014, 1616 
3247, 2068, 1616 
3248, 2282, 1616 
3249, 2361, 1618 
3250, 1832, 1619 
3251, 2360, 1619 
3252, 2022, 1620 
3253, 1815, 1621 
3254, 1983, 1621 
3255, 2251, 1621 
3256, 2284, 1623 
3257, 1682, 1624 
3258, 1691, 1625 
3259, 2312, 1625 
3260, 1674, 1626 
3261, 1865, 1626 
3262, 1850, 1627 
3263, 2256, 1627 
3264, 2138, 1629 
3265, 1724, 1631 
3266, 1801, 1633 
3267, 1944, 1635 
3268, 2165, 1636 
3269, 2390, 1636 
3270, 1719, 1638 
3271, 1775, 1640 
3272, 2013, 1641 
3273, 2420, 1641 
3274, 2172, 1642 
3275, 2475, 1642 
3276, 2123, 1643 
3277, 2431, 1643 
3278, 1993, 1644 
3279, 2208, 1644 
3280, 1727, 1645 
3281, 2213, 1646 
3282, 2423, 1646 
3283, 1869, 1648 
3284, 1899, 1648 
3285, 1796, 1650 
3286, 1978, 1650 
3287, 2256, 1650 
3288, 1832, 1652 
3289, 1901, 1652 
3290, 2458, 1652 
3291, 2485, 1652 
3292, 2204, 1653 
3293, 2151, 1654 
3294, 2416, 1655 
3295, 2181, 1657 
3296, 2211, 1657 
3297, 1962, 1658 
3298, 1843, 1659 
3299, 2493, 1659 
3300, 1878, 1660 
3301, 2360, 1660 
3302, 1749, 1661 
3303, 2104, 1662 
3304, 2163, 1663 
3305, 2142, 1665 
3306, 2402, 1665 
3307, 2116, 1668 
3308, 1951, 1669 
3309, 2215, 1669 
3310, 2342, 1670 
3311, 2264, 1671 
3312, 2296, 1671 
3313, 2134, 1675 
3314, 2194, 1677 
3315, 2265, 1679 
3316, 2338, 1679 
3317, 2380, 1679 
3318, 1954, 1680 
3319, 2097, 1680 
3320, 2171, 1681 
3321, 1769, 1682 
3322, 1723, 1684 
3323, 2068, 1684 
3324, 2436, 1686 
3325, 2223, 1688 
3326, 2487, 1688 
3327, 1713, 1689 
3328, 1760, 1690 
3329, 2409, 1690 
3330, 1959, 1691 
3331, 2304, 1691 
3332, 1932, 1692 
3333, 1958, 1692 
3334, 1930, 1695 
3335, 2222, 1697 
3336, 2175, 1698 
3337, 2436, 1700 
3338, 2090, 1701 
3339, 2009, 1703 
3340, 2361, 1704 
3341, 2111, 1705 
3342, 2274, 1705 
3343, 1968, 1707 
3344, 2389, 1707 
3345, 1953, 1708 
3346, 2022, 1709 
3347, 1783, 1712 
3348, 2149, 1712 
3349, 2217, 1712 
3350, 1809, 1713 
3351, 2359, 1715 
3352, 2177, 1716 
3353, 1972, 1717 
3354, 2084, 1717 
3355, 1912, 1722 
3356, 2055, 1722 
3357, 2347, 1722 
3358, 1899, 1723 
3359, 2497, 1724 
3360, 1734, 1726 
3361, 2364, 1730 
3362, 2459, 1734 
3363, 2235, 1735 
3364, 2436, 1735 
3365, 2030, 1736 
3366, 2201, 1737 
3367, 1858, 1740 
3368, 1973, 1741 
3369, 2406, 1741 
3370, 2428, 1742 
3371, 2071, 1747 
3372, 1772, 1748 
3373, 1966, 1748 
3374, 2179, 1748 
3375, 2484, 1749 
3376, 2343, 1750 
3377, 2408, 1751 
3378, 1856, 1752 
3379, 1963, 1753 
3380, 1822, 1754 
3381, 1850, 1756 
3382, 2349, 1757 
3383, 1817, 1758 
3384, 1967, 1760 
3385, 1786, 1761 
3386, 1904, 1764 
3387, 2259, 1765 
3388, 1819, 1766 
3389, 2234, 1766 
3390, 2368, 1767 
3391, 2192, 1768 
3392, 2203, 1768 
3393, 2221, 1770 
3394, 1820, 1772 
3395, 2287, 1772 
3396, 1988, 1773 
3397, 2007, 1773 
3398, 2252, 1774 
3399, 2382, 1775 
3400, 2120, 1776 
3401, 2066, 1779 
3402, 2105, 1781 
3403, 1886, 1783 
3404, 2482, 1783 
3405, 1999, 1784 
3406, 2092, 1785 
3407, 2303, 1786 
3408, 2362, 1786 
3409, 1985, 1788 
3410, 2432, 1788 
3411, 2263, 1789 
3412, 2474, 1790 
3413, 2036, 1791 
3414, 1938, 1792 
3415, 2005, 1792 
3416, 2262, 1794 
3417, 2346, 1794 
3418, 1846, 1795 
3419, 2353, 1795 
3420, 2215, 1796 
3421, 2046, 1798 
3422, 2052, 1801 
3423, 2057, 1801 
3424, 1964, 1802 
3425, 2430, 1803 
3426, 2136, 1805 
3427, 2207, 1806 
3428, 2437, 1806 
3429, 2488, 1807 
3430, 1835, 1808 
3431, 1862, 1808 
3432, 2206, 1808 
3433, 1928, 1809 
3434, 2079, 1809 
3435, 1968, 1811 
3436, 2321, 1811 
3437, 1986, 1812 
3438, 2188, 1813 
3439, 2441, 1813 
3440, 2085, 1815 
3441, 2402, 1816 
3442, 2034, 1817 
3443, 2344, 1818 
3444, 2388, 1818 
3445, 2025, 1819 
3446, 2446, 1820 
3447, 2059, 1822 
3448, 2076, 1822 
3449, 2368, 1823 
3450, 2048, 1824 
3451, 2222, 1824 
3452, 1947, 1825 
3453, 2029, 1825 
3454, 2221, 1828 
3455, 2317, 1828 
3456, 2386, 1829 
3457, 2267, 1830 
3458, 2039, 1833 
3459, 1871, 1835 
3460, 1943, 1837 
3461, 2029, 1838 
3462, 2370, 1838 
3463, 2013, 1839 
3464, 1955, 1840 
3465, 1947, 1842 
3466, 2107, 1842 
3467, 2412, 1842 
3468, 1969, 1845 
3469, 1962, 1849 
3470, 2073, 1849 
3471, 2383, 1850 
3472, 2405, 1851 
3473, 2167, 1852 
3474, 2099, 1853 
3475, 2389, 1853 
3476, 1983, 1855 
3477, 2000, 1860 
3478, 2263, 1860 
3479, 2479, 1860 
3480, 1988, 1861 
3481, 2105, 1861 
3482, 2441, 1861 
3483, 1910, 1866 
3484, 2084, 1866 
3485, 2207, 1866 
3486, 2444, 1866 
3487, 2430, 1868 
3488, 2498, 1868 
3489, 1950, 1870 
3490, 2089, 1871 
3491, 2222, 1871 
3492, 1912, 1872 
3493, 2309, 1872 
3494, 1925, 1873 
3495, 2173, 1874 
3496, 2338, 1875 
3497, 1917, 1876 
3498, 2260, 1877 
3499, 2357, 1877 
3500, 1977, 1880 
3501, 2379, 1881 
3502, 2324, 1882 
3503, 2067, 1884 
3504, 2095, 1884 
3505, 2189, 1884 
3506, 2347, 1884 
3507, 2025, 1885 
3508, 2074, 1887 
3509, 2433, 1888 
3510, 2464, 1889 
3511, 1982, 1891 
3512, 2077, 1891 
3513, 2407, 1891 
3514, 2371, 1894 
3515, 2024, 1895 
3516, 2054, 1895 
3517, 2014, 1897 
3518, 2414, 1898 
3519, 2033, 1904 
3520, 2035, 1904 
3521, 2101, 1906 
3522, 2271, 1907 
3523, 2427, 1907 
3524, 1988, 1909 
3525, 2041, 1910 
3526, 2319, 1910 
3527, 2214, 1911 
3528, 2136, 1915 
3529, 2354, 1915 
3530, 2413, 1916 
3531, 1976, 1917 
3532, 2253, 1917 
3533, 2052, 1919 
3534, 2193, 1919 
3535, 2375, 1920 
3536, 1991, 1921 
3537, 1947, 1922 
3538, 2163, 1925 
3539, 2030, 1926 
3540, 2107, 1929 
3541, 2264, 1931 
3542, 1989, 1932 
3543, 2146, 1932 
3544, 2421, 1935 
3545, 2004, 1936 
3546, 2214, 1936 
3547, 2281, 1936 
3548, 2308, 1940 
3549, 2240, 1943 
3550, 2117, 1944 
3551, 2371, 1945 
3552, 1977, 1948 
3553, 2425, 1948 
3554, 1995, 1951 
3555, 2311, 1952 
3556, 2081, 1955 
3557, 2205, 1956 
3558, 2175, 1958 
3559, 2404, 1958 
3560, 1991, 1960 
3561, 2094, 1961 
3562, 2170, 1963 
3563, 2371, 1963 
3564, 2442, 1964 
3565, 2294, 1965 
3566, 2098, 1971 
3567, 2311, 1972 
3568, 2165, 1977 
3569, 2140, 1979 
3570, 1988, 1981 
3571, 2467, 1982 
3572, 2273, 1984 
3573, 2018, 1985 
3574, 2490, 1986 
3575, 2379, 1987 
3576, 2485, 1987 
3577, 2186, 1989 
3578, 2382, 1990 
3579, 2370, 1992 
3580, 2201, 1995 
3581, 2035, 1996 
3582, 2341, 1996 
3583, 2440, 1996 
3584, 2469, 1998 
3585, 2046, 2000 
3586, 2104, 2005 
3587, 2370, 2010 
3588, 2075, 2013 
3589, 2313, 2015 
3590, 2091, 2016 
3591, 2052, 2019 
3592, 2073, 2019 
3593, 2078, 2019 
3594, 2053, 2020 
3595, 2428, 2023 
3596, 2088, 2024 
3597, 2295, 2026 
3598, 2387, 2031 
3599, 2456, 2032 
3600, 2040, 2033 
3601, 2236, 2034 
3602, 2368, 2036 
3603, 2135, 2037 
3604, 2047, 2038 
3605, 2226, 2038 
3606, 2451, 2038 
3607, 2278, 2046 
3608, 2061, 2049 
3609, 2473, 2050 
3610, 2180, 2051 
3611, 2403, 2057 
3612, 2434, 2058 
3613, 2379, 2063 
3614, 2411, 2065 
3615, 2383, 2067 
3616, 2269, 2071 
3617, 2409, 2071 
3618, 2437, 2072 
3619, 2322, 2074 
3620, 2126, 2076 
3621, 2202, 2077 
3622, 2097, 2079 
3623, 2330, 2080 
3624, 2342, 2081 
3625, 2461, 2082 
3626, 2248, 2083 
3627, 2114, 2087 
3628, 2196, 2089 
3629, 2310, 2089 
3630, 2314, 2089 
3631, 2332, 2094 
3632, 2389, 2095 
3633, 2398, 2097 
3634, 2329, 2100 
3635, 2447, 2100 
3636, 2139, 2102 
3637, 2420, 2104 
3638, 2400, 2105 
3639, 2438, 2107 
3640, 2356, 2108 
3641, 2346, 2109 
3642, 2121, 2112 
3643, 2420, 2112 
3644, 2134, 2114 
3645, 2122, 2117 
3646, 2127, 2119 
3647, 2325, 2121 
3648, 2373, 2121 
3649, 2449, 2123 
3650, 2428, 2125 
3651, 2296, 2127 
3652, 2148, 2129 
3653, 2315, 2130 
3654, 2476, 2134 
3655, 2328, 2135 
3656, 2246, 2143 
3657, 2274, 2143 
3658, 2275, 2145 
3659, 2294, 2148 
3660, 2492, 2151 
3661, 2412, 2154 
3662, 2305, 2156 
3663, 2291, 2157 
3664, 2316, 2159 
3665, 2430, 2161 
3666, 2425, 2162 
3667, 2376, 2171 
3668, 2467, 2172 
3669, 2495, 2172 
3670, 2311, 2173 
3671, 2247, 2176 
3672, 2449, 2176 
3673, 2242, 2180 
3674, 2194, 2187 
3675, 2290, 2195 
3676, 2227, 2196 
3677, 2500, 2197 
3678, 2397, 2202 
3679, 2418, 2204 
3680, 2254, 2209 
3681, 2345, 2210 
3682, 2299, 2213 
3683, 2216, 2214 
3684, 2343, 2218 
3685, 2261, 2232 
3686, 2410, 2233 
3687, 2276, 2234 
3688, 2455, 2243 
3689, 2401, 2246 
3690, 2375, 2254 
3691, 2350, 2257 
3692, 2477, 2265 
3693, 2374, 2266 
3694, 2278, 2267 
3695, 2494, 2270 
3696, 2431, 2273 
3697, 2455, 2277 
3698, 2448, 2278 
3699, 2295, 2279 
3700, 2415, 2280 
3701, 2313, 2281 
3702, 2391, 2281 
3703, 2293, 2282 
3704, 2410, 2282 
3705, 2452, 2284 
3706, 2381, 2285 
3707, 2483, 2290 
3708, 2335, 2299 
3709, 2408, 2301 
3710, 2466, 2301 
3711, 2444, 2303 
3712, 2338, 2304 
3713, 2373, 2307 
3714, 2414, 2313 
3715, 2464, 2314 
3716, 2493, 2322 
3717, 2340, 2324 
3718, 2358, 2325 
3719, 2476, 2325 
3720, 2421, 2328 
3721, 2447, 2329 
3722, 2383, 2330 
3723, 2482, 2345 
3724, 2397, 2349 
3725, 2399, 2392 
3726, 2455, 2392 
3727, 2410, 2398 
3728, 2426, 2418 
3729, 2432, 2423 
3730, 2497, 2434 
3731, 2477, 2438 
3732, 2500, 2442 
3733, 2489, 2481 
3734, 2501, 61 
3735, 2502, 3 
3736, 2503, 87 
3737, 2504, 4 
3738, 2505, 94 
3739, 2506, 63 
3740, 2507, 146 
3741, 2508, 136 
3742, 2509, 149 
3743, 2510, 56 
3744, 2511, 201 
3745, 2512, 32 
3746, 2513, 202 
3747, 2514, 31 
3748, 2515, 218 
3749, 2516, 82 
3750, 2517, 218 
3751, 2518, 98 
3752, 2519, 218 
3753, 2520, 192 
3754, 2521, 223 
3755, 2522, 208 
3756, 2523, 248 
3757, 2524, 123 
3758, 2525, 251 
3759, 2526, 173 
3760, 2527, 271 
3761, 2528, 152 
3762, 2529, 282 
3763, 2530, 200 
3764, 2531, 285 
3765, 2532, 268 
3766, 2533, 294 
3767, 2534, 35 
3768, 2535, 298 
3769, 2536, 165 
3770, 2537, 301 
3771, 2538, 117 
3772, 2539, 309 
3773, 2540, 282 
3774, 2541, 314 
3775, 2542, 177 
3776, 2543, 339 
3777, 2544, 104 
3778, 2545, 341 
3779, 2546, 190 
3780, 2547, 345 
3781, 2548, 279 
3782, 2549, 355 
3783, 2550, 42 
3784, 2551, 360 
3785, 2552, 279 
3786, 2553, 360 
3787, 2554, 345 
3788, 2555, 361 
3789, 2556, 121 
3790, 2557, 372 
3791, 2558, 199 
3792, 2559, 379 
3793, 2560, 30 
3794, 2561, 384 
3795, 2562, 87 
3796, 2563, 412 
3797, 2564, 297 
3798, 2565, 416 
3799, 2566, 405 
3800, 2567, 420 
3801, 2568, 153 
3802, 2569, 427 
3803, 2570, 72 
3804, 2571, 428 
3805, 2572, 293 
3806, 2573, 428 
3807, 2574, 316 
3808, 2575, 429 
3809, 2576, 294 
3810, 2577, 438 
3811, 2578, 27 
3812, 2579, 453 
3813, 2580, 261 
3814, 2581, 456 
3815, 2582, 399 
3816, 2583, 468 
3817, 2584, 380 
3818, 2585, 469 
3819, 2586, 89 
3820, 2587, 477 
3821, 2588, 161 
3822, 2589, 477 
3823, 2590, 414 
3824, 2591, 482 
3825, 2592, 280 
3826, 2593, 483 
3827, 2594, 402 
3828, 2595, 493 
3829, 2596, 1 
3830, 2597, 495 
3831, 2598, 467 
3832, 2599, 497 
3833, 2600, 12 
3834, 2601, 498 
3835, 2602, 485 
3836, 2603, 502 
3837, 2604, 103 
3838, 2605, 504 
3839, 2606, 70 
3840, 2607, 507 
3841, 2608, 219 
3842, 2609, 513 
3843, 2610, 259 
3844, 2611, 515 
3845, 2612, 40 
3846, 2613, 518 
3847, 2614, 410 
3848, 2615, 519 
3849, 2616, 56 
3850, 2617, 522 
3851, 2618, 242 
3852, 2619, 554 
3853, 2620, 262 
3854, 2621, 556 
3855, 2622, 110 
3856, 2623, 557 
3857, 2624, 181 
3858, 2625, 565 
3859, 2626, 394 
3860, 2627, 567 
3861, 2628, 129 
3862, 2629, 572 
3863, 2630, 376 
3864, 2631, 572 
3865, 2632, 435 
3866, 2633, 573 
3867, 2634, 267 
3868, 2635, 575 
3869, 2636, 539 
3870, 2637, 581 
3871, 2638, 194 
3872, 2639, 587 
3873, 2640, 68 
3874, 2641, 589 
3875, 2642, 31 
3876, 2643, 589 
3877, 2644, 443 
3878, 2645, 590 
3879, 2646, 569 
3880, 2647, 597 
3881, 2648, 391 
3882, 2649, 597 
3883, 2650, 507 
3884, 2651, 603 
3885, 2652, 495 
3886, 2653, 615 
3887, 2654, 155 
3888, 2655, 615 
3889, 2656, 234 
3890, 2657, 619 
3891, 2658, 206 
3892, 2659, 622 
3893, 2660, 73 
3894, 2661, 622 
3895, 2662, 175 
3896, 2663, 623 
3897, 2664, 585 
3898, 2665, 645 
3899, 2666, 267 
3900, 2667, 645 
3901, 2668, 527 
3902, 2669, 647 
3903, 2670, 589 
3904, 2671, 655 
3905, 2672, 81 
3906, 2673, 657 
3907, 2674, 206 
3908, 2675, 661 
3909, 2676, 345 
3910, 2677, 662 
3911, 2678, 319 
3912, 2679, 667 
3913, 2680, 648 
3914, 2681, 677 
3915, 2682, 17 
3916, 2683, 686 
3917, 2684, 496 
3918, 2685, 686 
3919, 2686, 662 
3920, 2687, 695 
3921, 2688, 154 
3922, 2689, 696 
3923, 2690, 85 
3924, 2691, 696 
3925, 2692, 550 
3926, 2693, 697 
3927, 2694, 41 
3928, 2695, 700 
3929, 2696, 491 
3930, 2697, 701 
3931, 2698, 161 
3932, 2699, 704 
3933, 2700, 198 
3934, 2701, 706 
3935, 2702, 254 
3936, 2703, 713 
3937, 2704, 2 
3938, 2705, 713 
3939, 2706, 537 
3940, 2707, 714 
3941, 2708, 624 
3942, 2709, 715 
3943, 2710, 20 
3944, 2711, 717 
3945, 2712, 44 
3946, 2713, 729 
3947, 2714, 606 
3948, 2715, 730 
3949, 2716, 337 
3950, 2717, 732 
3951, 2718, 275 
3952, 2719, 735 
3953, 2720, 236 
3954, 2721, 735 
3955, 2722, 616 
3956, 2723, 738 
3957, 2724, 580 
3958, 2725, 740 
3959, 2726, 269 
3960, 2727, 741 
3961, 2728, 428 
3962, 2729, 745 
3963, 2730, 394 
3964, 2731, 752 
3965, 2732, 331 
3966, 2733, 752 
3967, 2734, 683 
3968, 2735, 761 
3969, 2736, 759 
3970, 2737, 774 
3971, 2738, 456 
3972, 2739, 782 
3973, 2740, 410 
3974, 2741, 794 
3975, 2742, 85 
3976, 2743, 797 
3977, 2744, 50 
3978, 2745, 799 
3979, 2746, 495 
3980, 2747, 799 
3981, 2748, 560 
3982, 2749, 802 
3983, 2750, 292 
3984, 2751, 804 
3985, 2752, 645 
3986, 2753, 806 
3987, 2754, 465 
3988, 2755, 806 
3989, 2756, 516 
3990, 2757, 819 
3991, 2758, 240 
3992, 2759, 820 
3993, 2760, 571 
3994, 2761, 823 
3995, 2762, 679 
3996, 2763, 826 
3997, 2764, 234 
3998, 2765, 832 
3999, 2766, 772 
4000, 2767, 840 
4001, 2768, 222 
4002, 2769, 840 
4003, 2770, 598 
4004, 2771, 843 
4005, 2772, 294 
4006, 2773, 843 
4007, 2774, 384 
4008, 2775, 845 
4009, 2776, 10 
4010, 2777, 845 
4011, 2778, 206 
4012, 2779, 847 
4013, 2780, 326 
4014, 2781, 847 
4015, 2782, 622 
4016, 2783, 848 
4017, 2784, 542 
4018, 2785, 849 
4019, 2786, 421 
4020, 2787, 849 
4021, 2788, 594 
4022, 2789, 852 
4023, 2790, 673 
4024, 2791, 860 
4025, 2792, 823 
4026, 2793, 863 
4027, 2794, 378 
4028, 2795, 863 
4029, 2796, 513 
4030, 2797, 864 
4031, 2798, 626 
4032, 2799, 865 
4033, 2800, 658 
4034, 2801, 873 
4035, 2802, 326 
4036, 2803, 873 
4037, 2804, 375 
4038, 2805, 878 
4039, 2806, 438 
4040, 2807, 878 
4041, 2808, 790 
4042, 2809, 878 
4043, 2810, 794 
4044, 2811, 880 
4045, 2812, 80 
4046, 2813, 880 
4047, 2814, 566 
4048, 2815, 883 
4049, 2816, 605 
4050, 2817, 891 
4051, 2818, 25 
4052, 2819, 901 
4053, 2820, 91 
4054, 2821, 901 
4055, 2822, 431 
4056, 2823, 904 
4057, 2824, 439 
4058, 2825, 910 
4059, 2826, 321 
4060, 2827, 910 
4061, 2828, 331 
4062, 2829, 911 
4063, 2830, 322 
4064, 2831, 916 
4065, 2832, 909 
4066, 2833, 917 
4067, 2834, 285 
4068, 2835, 925 
4069, 2836, 815 
4070, 2837, 928 
4071, 2838, 540 
4072, 2839, 928 
4073, 2840, 646 
4074, 2841, 930 
4075, 2842, 378 
4076, 2843, 930 
4077, 2844, 611 
4078, 2845, 931 
4079, 2846, 46 
4080, 2847, 931 
4081, 2848, 675 
4082, 2849, 932 
4083, 2850, 223 
4084, 2851, 934 
4085, 2852, 933 
4086, 2853, 939 
4087, 2854, 47 
4088, 2855, 944 
4089, 2856, 675 
4090, 2857, 944 
4091, 2858, 840 
4092, 2859, 944 
4093, 2860, 932 
4094, 2861, 950 
4095, 2862, 203 
4096, 2863, 950 
4097, 2864, 430 
4098, 2865, 953 
4099, 2866, 155 
4100, 2867, 953 
4101, 2868, 754 
4102, 2869, 957 
4103, 2870, 193 
4104, 2871, 957 
4105, 2872, 698 
4106, 2873, 960 
4107, 2874, 309 
4108, 2875, 960 
4109, 2876, 952 
4110, 2877, 962 
4111, 2878, 298 
4112, 2879, 968 
4113, 2880, 853 
4114, 2881, 973 
4115, 2882, 413 
4116, 2883, 973 
4117, 2884, 436 
4118, 2885, 974 
4119, 2886, 659 
4120, 2887, 975 
4121, 2888, 320 
4122, 2889, 978 
4123, 2890, 714 
4124, 2891, 978 
4125, 2892, 759 
4126, 2893, 982 
4127, 2894, 211 
4128, 2895, 982 
4129, 2896, 787 
4130, 2897, 987 
4131, 2898, 582 
4132, 2899, 988 
4133, 2900, 542 
4134, 2901, 992 
4135, 2902, 491 
4136, 2903, 994 
4137, 2904, 762 
4138, 2905, 996 
4139, 2906, 674 
4140, 2907, 997 
4141, 2908, 790 
4142, 2909, 997 
4143, 2910, 811 
4144, 2911, 998 
4145, 2912, 32 
4146, 2913, 998 
4147, 2914, 483 
4148, 2915, 998 
4149, 2916, 493 
4150, 2917, 1003 
4151, 2918, 347 
4152, 2919, 1003 
4153, 2920, 712 
4154, 2921, 1005 
4155, 2922, 682 
4156, 2923, 1012 
4157, 2924, 419 
4158, 2925, 1014 
4159, 2926, 86 
4160, 2927, 1023 
4161, 2928, 412 
4162, 2929, 1029 
4163, 2930, 40 
4164, 2931, 1031 
4165, 2932, 249 
4166, 2933, 1031 
4167, 2934, 1028 
4168, 2935, 1040 
4169, 2936, 997 
4170, 2937, 1043 
4171, 2938, 394 
4172, 2939, 1048 
4173, 2940, 749 
4174, 2941, 1052 
4175, 2942, 118 
4176, 2943, 1053 
4177, 2944, 399 
4178, 2945, 1053 
4179, 2946, 843 
4180, 2947, 1055 
4181, 2948, 866 
4182, 2949, 1056 
4183, 2950, 240 
4184, 2951, 1057 
4185, 2952, 495 
4186, 2953, 1057 
4187, 2954, 778 
4188, 2955, 1058 
4189, 2956, 942 
4190, 2957, 1059 
4191, 2958, 795 
4192, 2959, 1065 
4193, 2960, 190 
4194, 2961, 1066 
4195, 2962, 540 
4196, 2963, 1067 
4197, 2964, 107 
4198, 2965, 1067 
4199, 2966, 931 
4200, 2967, 1068 
4201, 2968, 255 
4202, 2969, 1071 
4203, 2970, 954 
4204, 2971, 1071 
4205, 2972, 986 
4206, 2973, 1072 
4207, 2974, 606 
4208, 2975, 1076 
4209, 2976, 582 
4210, 2977, 1079 
4211, 2978, 389 
4212, 2979, 1080 
4213, 2980, 301 
4214, 2981, 1081 
4215, 2982, 926 
4216, 2983, 1082 
4217, 2984, 1071 
4218, 2985, 1083 
4219, 2986, 242 
4220, 2987, 1083 
4221, 2988, 939 
4222, 2989, 1092 
4223, 2990, 459 
4224, 2991, 1093 
4225, 2992, 581 
4226, 2993, 1096 
4227, 2994, 588 
4228, 2995, 1099 
4229, 2996, 354 
4230, 2997, 1105 
4231, 2998, 606 
4232, 2999, 1108 
4233, 3000, 46 
4234, 3001, 1108 
4235, 3002, 672 
4236, 3003, 1110 
4237, 3004, 180 
4238, 3005, 1111 
4239, 3006, 580 
4240, 3007, 1111 
4241, 3008, 815 
4242, 3009, 1115 
4243, 3010, 934 
4244, 3011, 1116 
4245, 3012, 208 
4246, 3013, 1120 
4247, 3014, 866 
4248, 3015, 1122 
4249, 3016, 776 
4250, 3017, 1123 
4251, 3018, 11 
4252, 3019, 1123 
4253, 3020, 399 
4254, 3021, 1124 
4255, 3022, 685 
4256, 3023, 1127 
4257, 3024, 761 
4258, 3025, 1129 
4259, 3026, 242 
4260, 3027, 1131 
4261, 3028, 1067 
4262, 3029, 1132 
4263, 3030, 299 
4264, 3031, 1133 
4265, 3032, 962 
4266, 3033, 1134 
4267, 3034, 1060 
4268, 3035, 1136 
4269, 3036, 1076 
4270, 3037, 1138 
4271, 3038, 1102 
4272, 3039, 1141 
4273, 3040, 606 
4274, 3041, 1144 
4275, 3042, 42 
4276, 3043, 1149 
4277, 3044, 380 
4278, 3045, 1150 
4279, 3046, 846 
4280, 3047, 1154 
4281, 3048, 696 
4282, 3049, 1156 
4283, 3050, 313 
4284, 3051, 1156 
4285, 3052, 681 
4286, 3053, 1157 
4287, 3054, 175 
4288, 3055, 1161 
4289, 3056, 204 
4290, 3057, 1161 
4291, 3058, 735 
4292, 3059, 1166 
4293, 3060, 775 
4294, 3061, 1166 
4295, 3062, 1092 
4296, 3063, 1167 
4297, 3064, 637 
4298, 3065, 1170 
4299, 3066, 1154 
4300, 3067, 1173 
4301, 3068, 1074 
4302, 3069, 1176 
4303, 3070, 163 
4304, 3071, 1178 
4305, 3072, 714 
4306, 3073, 1179 
4307, 3074, 170 
4308, 3075, 1186 
4309, 3076, 631 
4310, 3077, 1186 
4311, 3078, 768 
4312, 3079, 1189 
4313, 3080, 529 
4314, 3081, 1193 
4315, 3082, 131 
4316, 3083, 1196 
4317, 3084, 1056 
4318, 3085, 1197 
4319, 3086, 298 
4320, 3087, 1200 
4321, 3088, 524 
4322, 3089, 1200 
4323, 3090, 659 
4324, 3091, 1201 
4325, 3092, 150 
4326, 3093, 1203 
4327, 3094, 546 
4328, 3095, 1209 
4329, 3096, 506 
4330, 3097, 1209 
4331, 3098, 761 
4332, 3099, 1213 
4333, 3100, 865 
4334, 3101, 1214 
4335, 3102, 295 
4336, 3103, 1214 
4337, 3104, 863 
4338, 3105, 1218 
4339, 3106, 637 
4340, 3107, 1219 
4341, 3108, 750 
4342, 3109, 1225 
4343, 3110, 621 
4344, 3111, 1225 
4345, 3112, 704 
4346, 3113, 1228 
4347, 3114, 1056 
4348, 3115, 1237 
4349, 3116, 1138 
4350, 3117, 1238 
4351, 3118, 190 
4352, 3119, 1238 
4353, 3120, 429 
4354, 3121, 1238 
4355, 3122, 512 
4356, 3123, 1238 
4357, 3124, 843 
4358, 3125, 1242 
4359, 3126, 903 
4360, 3127, 1243 
4361, 3128, 425 
4362, 3129, 1246 
4363, 3130, 999 
4364, 3131, 1248 
4365, 3132, 616 
4366, 3133, 1249 
4367, 3134, 704 
4368, 3135, 1251 
4369, 3136, 803 
4370, 3137, 1253 
4371, 3138, 987 
4372, 3139, 1256 
4373, 3140, 903 
4374, 3141, 1258 
4375, 3142, 91 
4376, 3143, 1258 
4377, 3144, 153 
4378, 3145, 1260 
4379, 3146, 67 
4380, 3147, 1260 
4381, 3148, 842 
4382, 3149, 1263 
4383, 3150, 95 
4384, 3151, 1263 
4385, 3152, 952 
4386, 3153, 1264 
4387, 3154, 397 
4388, 3155, 1264 
4389, 3156, 1249 
4390, 3157, 1266 
4391, 3158, 119 
4392, 3159, 1266 
4393, 3160, 173 
4394, 3161, 1266 
4395, 3162, 557 
4396, 3163, 1267 
4397, 3164, 1258 
4398, 3165, 1268 
4399, 3166, 978 
4400, 3167, 1268 
4401, 3168, 1222 
4402, 3169, 1271 
4403, 3170, 187 
4404, 3171, 1272 
4405, 3172, 28 
4406, 3173, 1272 
4407, 3174, 91 
4408, 3175, 1274 
4409, 3176, 890 
4410, 3177, 1276 
4411, 3178, 897 
4412, 3179, 1281 
4413, 3180, 1157 
4414, 3181, 1283 
4415, 3182, 259 
4416, 3183, 1284 
4417, 3184, 380 
4418, 3185, 1284 
4419, 3186, 1014 
4420, 3187, 1286 
4421, 3188, 9 
4422, 3189, 1286 
4423, 3190, 1016 
4424, 3191, 1287 
4425, 3192, 1272 
4426, 3193, 1289 
4427, 3194, 439 
4428, 3195, 1291 
4429, 3196, 711 
4430, 3197, 1291 
4431, 3198, 729 
4432, 3199, 1291 
4433, 3200, 1105 
4434, 3201, 1293 
4435, 3202, 959 
4436, 3203, 1299 
4437, 3204, 1081 
4438, 3205, 1301 
4439, 3206, 1203 
4440, 3207, 1305 
4441, 3208, 1103 
4442, 3209, 1308 
4443, 3210, 579 
4444, 3211, 1311 
4445, 3212, 318 
4446, 3213, 1312 
4447, 3214, 451 
4448, 3215, 1312 
4449, 3216, 527 
4450, 3217, 1312 
4451, 3218, 1308 
4452, 3219, 1317 
4453, 3220, 694 
4454, 3221, 1320 
4455, 3222, 447 
4456, 3223, 1323 
4457, 3224, 90 
4458, 3225, 1323 
4459, 3226, 366 
4460, 3227, 1327 
4461, 3228, 1263 
4462, 3229, 1330 
4463, 3230, 64 
4464, 3231, 1330 
4465, 3232, 783 
4466, 3233, 1333 
4467, 3234, 1269 
4468, 3235, 1334 
4469, 3236, 478 
4470, 3237, 1334 
4471, 3238, 509 
4472, 3239, 1335 
4473, 3240, 1099 
4474, 3241, 1335 
4475, 3242, 1131 
4476, 3243, 1337 
4477, 3244, 187 
4478, 3245, 1337 
4479, 3246, 796 
4480, 3247, 1338 
4481, 3248, 721 
4482, 3249, 1340 
4483, 3250, 75 
4484, 3251, 1340 
4485, 3252, 670 
4486, 3253, 1340 
4487, 3254, 932 
4488, 3255, 1346 
4489, 3256, 1075 
4490, 3257, 1346 
4491, 3258, 1183 
4492, 3259, 1347 
4493, 3260, 46 
4494, 3261, 1347 
4495, 3262, 1120 
4496, 3263, 1349 
4497, 3264, 245 
4498, 3265, 1350 
4499, 3266, 707 
4500, 3267, 1353 
4501, 3268, 825 
4502, 3269, 1357 
4503, 3270, 1074 
4504, 3271, 1360 
4505, 3272, 1092 
4506, 3273, 1363 
4507, 3274, 293 
4508, 3275, 1365 
4509, 3276, 145 
4510, 3277, 1365 
4511, 3278, 245 
4512, 3279, 1366 
4513, 3280, 239 
4514, 3281, 1370 
4515, 3282, 847 
4516, 3283, 1372 
4517, 3284, 537 
4518, 3285, 1372 
4519, 3286, 898 
4520, 3287, 1373 
4521, 3288, 531 
4522, 3289, 1384 
4523, 3290, 1196 
4524, 3291, 1393 
4525, 3292, 634 
4526, 3293, 1394 
4527, 3294, 762 
4528, 3295, 1394 
4529, 3296, 864 
4530, 3297, 1396 
4531, 3298, 395 
4532, 3299, 1396 
4533, 3300, 1081 
4534, 3301, 1397 
4535, 3302, 408 
4536, 3303, 1397 
4537, 3304, 1278 
4538, 3305, 1398 
4539, 3306, 785 
4540, 3307, 1398 
4541, 3308, 827 
4542, 3309, 1398 
4543, 3310, 1104 
4544, 3311, 1401 
4545, 3312, 745 
4546, 3313, 1402 
4547, 3314, 112 
4548, 3315, 1402 
4549, 3316, 1052 
4550, 3317, 1404 
4551, 3318, 518 
4552, 3319, 1405 
4553, 3320, 168 
4554, 3321, 1405 
4555, 3322, 1171 
4556, 3323, 1406 
4557, 3324, 953 
4558, 3325, 1406 
4559, 3326, 1201 
4560, 3327, 1412 
4561, 3328, 820 
4562, 3329, 1413 
4563, 3330, 18 
4564, 3331, 1413 
4565, 3332, 203 
4566, 3333, 1416 
4567, 3334, 174 
4568, 3335, 1419 
4569, 3336, 1007 
4570, 3337, 1422 
4571, 3338, 668 
4572, 3339, 1425 
4573, 3340, 1400 
4574, 3341, 1431 
4575, 3342, 572 
4576, 3343, 1431 
4577, 3344, 1392 
4578, 3345, 1434 
4579, 3346, 149 
4580, 3347, 1434 
4581, 3348, 1129 
4582, 3349, 1439 
4583, 3350, 659 
4584, 3351, 1439 
4585, 3352, 1217 
4586, 3353, 1442 
4587, 3354, 925 
4588, 3355, 1445 
4589, 3356, 438 
4590, 3357, 1450 
4591, 3358, 303 
4592, 3359, 1450 
4593, 3360, 1086 
4594, 3361, 1452 
4595, 3362, 436 
4596, 3363, 1453 
4597, 3364, 903 
4598, 3365, 1454 
4599, 3366, 705 
4600, 3367, 1454 
4601, 3368, 1424 
4602, 3369, 1456 
4603, 3370, 763 
4604, 3371, 1456 
4605, 3372, 950 
4606, 3373, 1458 
4607, 3374, 987 
4608, 3375, 1458 
4609, 3376, 1445 
4610, 3377, 1461 
4611, 3378, 1125 
4612, 3379, 1463 
4613, 3380, 173 
4614, 3381, 1464 
4615, 3382, 1249 
4616, 3383, 1465 
4617, 3384, 129 
4618, 3385, 1466 
4619, 3386, 49 
4620, 3387, 1466 
4621, 3388, 957 
4622, 3389, 1469 
4623, 3390, 280 
4624, 3391, 1469 
4625, 3392, 441 
4626, 3393, 1469 
4627, 3394, 891 
4628, 3395, 1470 
4629, 3396, 135 
4630, 3397, 1470 
4631, 3398, 556 
4632, 3399, 1470 
4633, 3400, 679 
4634, 3401, 1470 
4635, 3402, 1350 
4636, 3403, 1472 
4637, 3404, 1184 
4638, 3405, 1473 
4639, 3406, 414 
4640, 3407, 1473 
4641, 3408, 621 
4642, 3409, 1473 
4643, 3410, 960 
4644, 3411, 1479 
4645, 3412, 315 
4646, 3413, 1479 
4647, 3414, 883 
4648, 3415, 1479 
4649, 3416, 1094 
4650, 3417, 1479 
4651, 3418, 1340 
4652, 3419, 1480 
4653, 3420, 1117 
4654, 3421, 1481 
4655, 3422, 607 
4656, 3423, 1485 
4657, 3424, 474 
4658, 3425, 1490 
4659, 3426, 1060 
4660, 3427, 1491 
4661, 3428, 395 
4662, 3429, 1491 
4663, 3430, 626 
4664, 3431, 1493 
4665, 3432, 1392 
4666, 3433, 1494 
4667, 3434, 447 
4668, 3435, 1498 
4669, 3436, 885 
4670, 3437, 1500 
4671, 3438, 161 
4672, 3439, 1502 
4673, 3440, 436 
4674, 3441, 1502 
4675, 3442, 942 
4676, 3443, 1503 
4677, 3444, 650 
4678, 3445, 1505 
4679, 3446, 876 
4680, 3447, 1506 
4681, 3448, 271 
4682, 3449, 1506 
4683, 3450, 405 
4684, 3451, 1506 
4685, 3452, 959 
4686, 3453, 1512 
4687, 3454, 282 
4688, 3455, 1512 
4689, 3456, 695 
4690, 3457, 1514 
4691, 3458, 72 
4692, 3459, 1515 
4693, 3460, 986 
4694, 3461, 1515 
4695, 3462, 1447 
4696, 3463, 1516 
4697, 3464, 1091 
4698, 3465, 1519 
4699, 3466, 547 
4700, 3467, 1522 
4701, 3468, 795 
4702, 3469, 1522 
4703, 3470, 1203 
4704, 3471, 1524 
4705, 3472, 112 
4706, 3473, 1524 
4707, 3474, 1372 
4708, 3475, 1526 
4709, 3476, 25 
4710, 3477, 1531 
4711, 3478, 4 
4712, 3479, 1531 
4713, 3480, 384 
4714, 3481, 1532 
4715, 3482, 833 
4716, 3483, 1533 
4717, 3484, 994 
4718, 3485, 1539 
4719, 3486, 220 
4720, 3487, 1539 
4721, 3488, 876 
4722, 3489, 1540 
4723, 3490, 1134 
4724, 3491, 1540 
4725, 3492, 1216 
4726, 3493, 1541 
4727, 3494, 167 
4728, 3495, 1545 
4729, 3496, 892 
4730, 3497, 1547 
4731, 3498, 969 
4732, 3499, 1550 
4733, 3500, 992 
4734, 3501, 1550 
4735, 3502, 1057 
4736, 3503, 1552 
4737, 3504, 761 
4738, 3505, 1554 
4739, 3506, 550 
4740, 3507, 1556 
4741, 3508, 620 
4742, 3509, 1556 
4743, 3510, 1011 
4744, 3511, 1560 
4745, 3512, 439 
4746, 3513, 1561 
4747, 3514, 1309 
4748, 3515, 1564 
4749, 3516, 522 
4750, 3517, 1564 
4751, 3518, 1027 
4752, 3519, 1564 
4753, 3520, 1452 
4754, 3521, 1571 
4755, 3522, 107 
4756, 3523, 1571 
4757, 3524, 795 
4758, 3525, 1573 
4759, 3526, 1198 
4760, 3527, 1574 
4761, 3528, 883 
4762, 3529, 1577 
4763, 3530, 126 
4764, 3531, 1578 
4765, 3532, 273 
4766, 3533, 1580 
4767, 3534, 776 
4768, 3535, 1583 
4769, 3536, 319 
4770, 3537, 1584 
4771, 3538, 865 
4772, 3539, 1585 
4773, 3540, 1424 
4774, 3541, 1586 
4775, 3542, 132 
4776, 3543, 1586 
4777, 3544, 369 
4778, 3545, 1588 
4779, 3546, 677 
4780, 3547, 1588 
4781, 3548, 1228 
4782, 3549, 1589 
4783, 3550, 65 
4784, 3551, 1593 
4785, 3552, 1393 
4786, 3553, 1595 
4787, 3554, 796 
4788, 3555, 1595 
4789, 3556, 968 
4790, 3557, 1598 
4791, 3558, 315 
4792, 3559, 1603 
4793, 3560, 150 
4794, 3561, 1604 
4795, 3562, 111 
4796, 3563, 1605 
4797, 3564, 170 
4798, 3565, 1606 
4799, 3566, 571 
4800, 3567, 1606 
4801, 3568, 951 
4802, 3569, 1609 
4803, 3570, 155 
4804, 3571, 1611 
4805, 3572, 763 
4806, 3573, 1612 
4807, 3574, 359 
4808, 3575, 1615 
4809, 3576, 474 
4810, 3577, 1615 
4811, 3578, 1230 
4812, 3579, 1618 
4813, 3580, 319 
4814, 3581, 1622 
4815, 3582, 1295 
4816, 3583, 1623 
4817, 3584, 1076 
4818, 3585, 1625 
4819, 3586, 503 
4820, 3587, 1626 
4821, 3588, 1183 
4822, 3589, 1628 
4823, 3590, 1189 
4824, 3591, 1629 
4825, 3592, 117 
4826, 3593, 1629 
4827, 3594, 969 
4828, 3595, 1630 
4829, 3596, 717 
4830, 3597, 1630 
4831, 3598, 1204 
4832, 3599, 1644 
4833, 3600, 1123 
4834, 3601, 1649 
4835, 3602, 1545 
4836, 3603, 1649 
4837, 3604, 1624 
4838, 3605, 1650 
4839, 3606, 378 
4840, 3607, 1651 
4841, 3608, 972 
4842, 3609, 1651 
4843, 3610, 1452 
4844, 3611, 1653 
4845, 3612, 625 
4846, 3613, 1653 
4847, 3614, 1212 
4848, 3615, 1654 
4849, 3616, 634 
4850, 3617, 1654 
4851, 3618, 1625 
4852, 3619, 1655 
4853, 3620, 537 
4854, 3621, 1655 
4855, 3622, 1161 
4856, 3623, 1656 
4857, 3624, 513 
4858, 3625, 1656 
4859, 3626, 738 
4860, 3627, 1658 
4861, 3628, 16 
4862, 3629, 1659 
4863, 3630, 496 
4864, 3631, 1662 
4865, 3632, 880 
4866, 3633, 1664 
4867, 3634, 995 
4868, 3635, 1664 
4869, 3636, 1317 
4870, 3637, 1666 
4871, 3638, 597 
4872, 3639, 1667 
4873, 3640, 1062 
4874, 3641, 1670 
4875, 3642, 1128 
4876, 3643, 1672 
4877, 3644, 66 
4878, 3645, 1674 
4879, 3646, 181 
4880, 3647, 1674 
4881, 3648, 814 
4882, 3649, 1676 
4883, 3650, 1229 
4884, 3651, 1676 
4885, 3652, 1409 
4886, 3653, 1679 
4887, 3654, 515 
4888, 3655, 1683 
4889, 3656, 1537 
4890, 3657, 1686 
4891, 3658, 1088 
4892, 3659, 1687 
4893, 3660, 623 
4894, 3661, 1687 
4895, 3662, 1184 
4896, 3663, 1695 
4897, 3664, 258 
4898, 3665, 1695 
4899, 3666, 437 
4900, 3667, 1696 
4901, 3668, 147 
4902, 3669, 1698 
4903, 3670, 414 
4904, 3671, 1699 
4905, 3672, 235 
4906, 3673, 1700 
4907, 3674, 611 
4908, 3675, 1700 
4909, 3676, 1357 
4910, 3677, 1701 
4911, 3678, 447 
4912, 3679, 1702 
4913, 3680, 1260 
4914, 3681, 1703 
4915, 3682, 1140 
4916, 3683, 1704 
4917, 3684, 1322 
4918, 3685, 1705 
4919, 3686, 1154 
4920, 3687, 1706 
4921, 3688, 608 
4922, 3689, 1707 
4923, 3690, 1086 
4924, 3691, 1710 
4925, 3692, 140 
4926, 3693, 1710 
4927, 3694, 605 
4928, 3695, 1710 
4929, 3696, 1250 
4930, 3697, 1710 
4931, 3698, 1547 
4932, 3699, 1711 
4933, 3700, 1611 
4934, 3701, 1715 
4935, 3702, 849 
4936, 3703, 1718 
4937, 3704, 281 
4938, 3705, 1718 
4939, 3706, 987 
4940, 3707, 1720 
4941, 3708, 920 
4942, 3709, 1721 
4943, 3710, 60 
4944, 3711, 1725 
4945, 3712, 20 
4946, 3713, 1725 
4947, 3714, 1122 
4948, 3715, 1726 
4949, 3716, 1248 
4950, 3717, 1727 
4951, 3718, 95 
4952, 3719, 1727 
4953, 3720, 395 
4954, 3721, 1727 
4955, 3722, 543 
4956, 3723, 1728 
4957, 3724, 1248 
4958, 3725, 1729 
4959, 3726, 697 
4960, 3727, 1729 
4961, 3728, 1078 
4962, 3729, 1729 
4963, 3730, 1349 
4964, 3731, 1731 
4965, 3732, 1377 
4966, 3733, 1731 
4967, 3734, 1570 
4968, 3735, 1731 
4969, 3736, 1703 
4970, 3737, 1733 
4971, 3738, 1201 
4972, 3739, 1735 
4973, 3740, 772 
4974, 3741, 1738 
4975, 3742, 103 
4976, 3743, 1738 
4977, 3744, 1049 
4978, 3745, 1744 
4979, 3746, 1393 
4980, 3747, 1745 
4981, 3748, 1612 
4982, 3749, 1746 
4983, 3750, 313 
4984, 3751, 1746 
4985, 3752, 436 
4986, 3753, 1746 
4987, 3754, 697 
4988, 3755, 1747 
4989, 3756, 810 
4990, 3757, 1747 
4991, 3758, 1012 
4992, 3759, 1751 
4993, 3760, 1683 
4994, 3761, 1752 
4995, 3762, 112 
4996, 3763, 1752 
4997, 3764, 1301 
4998, 3765, 1753 
4999, 3766, 1350 
5000, 3767, 1753 
5001, 3768, 1540 
5002, 3769, 1756 
5003, 3770, 378 
5004, 3771, 1757 
5005, 3772, 44 
5006, 3773, 1761 
5007, 3774, 714 
5008, 3775, 1763 
5009, 3776, 181 
5010, 3777, 1765 
5011, 3778, 32 
5012, 3779, 1767 
5013, 3780, 2 
5014, 3781, 1769 
5015, 3782, 203 
5016, 3783, 1771 
5017, 3784, 980 
5018, 3785, 1774 
5019, 3786, 1711 
5020, 3787, 1776 
5021, 3788, 1498 
5022, 3789, 1777 
5023, 3790, 825 
5024, 3791, 1778 
5025, 3792, 540 
5026, 3793, 1778 
5027, 3794, 1405 
5028, 3795, 1780 
5029, 3796, 933 
5030, 3797, 1780 
5031, 3798, 1219 
5032, 3799, 1782 
5033, 3800, 28 
5034, 3801, 1784 
5035, 3802, 624 
5036, 3803, 1784 
5037, 3804, 889 
5038, 3805, 1787 
5039, 3806, 78 
5040, 3807, 1787 
5041, 3808, 266 
5042, 3809, 1787 
5043, 3810, 1336 
5044, 3811, 1787 
5045, 3812, 1623 
5046, 3813, 1789 
5047, 3814, 1170 
5048, 3815, 1792 
5049, 3816, 359 
5050, 3817, 1792 
5051, 3818, 1672 
5052, 3819, 1793 
5053, 3820, 44 
5054, 3821, 1794 
5055, 3822, 293 
5056, 3823, 1794 
5057, 3824, 1394 
5058, 3825, 1797 
5059, 3826, 269 
5060, 3827, 1797 
5061, 3828, 1246 
5062, 3829, 1799 
5063, 3830, 1196 
5064, 3831, 1802 
5065, 3832, 1110 
5066, 3833, 1804 
5067, 3834, 135 
5068, 3835, 1804 
5069, 3836, 406 
5070, 3837, 1805 
5071, 3838, 95 
5072, 3839, 1807 
5073, 3840, 1541 
5074, 3841, 1810 
5075, 3842, 343 
5076, 3843, 1810 
5077, 3844, 601 
5078, 3845, 1810 
5079, 3846, 1111 
5080, 3847, 1812 
5081, 3848, 108 
5082, 3849, 1814 
5083, 3850, 267 
5084, 3851, 1814 
5085, 3852, 567 
5086, 3853, 1814 
5087, 3854, 1433 
5088, 3855, 1814 
5089, 3856, 1472 
5090, 3857, 1824 
5091, 3858, 1341 
5092, 3859, 1826 
5093, 3860, 327 
5094, 3861, 1826 
5095, 3862, 1653 
5096, 3863, 1827 
5097, 3864, 43 
5098, 3865, 1827 
5099, 3866, 1458 
5100, 3867, 1831 
5101, 3868, 1005 
5102, 3869, 1831 
5103, 3870, 1198 
5104, 3871, 1833 
5105, 3872, 910 
5106, 3873, 1834 
5107, 3874, 128 
5108, 3875, 1834 
5109, 3876, 1027 
5110, 3877, 1840 
5111, 3878, 442 
5112, 3879, 1843 
5113, 3880, 1025 
5114, 3881, 1844 
5115, 3882, 339 
5116, 3883, 1845 
5117, 3884, 1519 
5118, 3885, 1845 
5119, 3886, 1598 
5120, 3887, 1846 
5121, 3888, 1634 
5122, 3889, 1847 
5123, 3890, 1059 
5124, 3891, 1848 
5125, 3892, 452 
5126, 3893, 1848 
5127, 3894, 1756 
5128, 3895, 1850 
5129, 3896, 1016 
5130, 3897, 1851 
5131, 3898, 1584 
5132, 3899, 1853 
5133, 3900, 579 
5134, 3901, 1854 
5135, 3902, 912 
5136, 3903, 1855 
5137, 3904, 516 
5138, 3905, 1856 
5139, 3906, 1516 
5140, 3907, 1857 
5141, 3908, 845 
5142, 3909, 1857 
5143, 3910, 852 
5144, 3911, 1857 
5145, 3912, 1175 
5146, 3913, 1857 
5147, 3914, 1232 
5148, 3915, 1863 
5149, 3916, 152 
5150, 3917, 1863 
5151, 3918, 1666 
5152, 3919, 1864 
5153, 3920, 1499 
5154, 3921, 1865 
5155, 3922, 3 
5156, 3923, 1865 
5157, 3924, 767 
5158, 3925, 1865 
5159, 3926, 1128 
5160, 3927, 1867 
5161, 3928, 1803 
5162, 3929, 1868 
5163, 3930, 204 
5164, 3931, 1875 
5165, 3932, 1639 
5166, 3933, 1875 
5167, 3934, 1758 
5168, 3935, 1876 
5169, 3936, 1748 
5170, 3937, 1877 
5171, 3938, 1338 
5172, 3939, 1877 
5173, 3940, 1703 
5174, 3941, 1882 
5175, 3942, 1110 
5176, 3943, 1882 
5177, 3944, 1639 
5178, 3945, 1883 
5179, 3946, 363 
5180, 3947, 1883 
5181, 3948, 959 
5182, 3949, 1883 
5183, 3950, 1571 
5184, 3951, 1886 
5185, 3952, 969 
5186, 3953, 1887 
5187, 3954, 787 
5188, 3955, 1890 
5189, 3956, 1817 
5190, 3957, 1892 
5191, 3958, 700 
5192, 3959, 1892 
5193, 3960, 974 
5194, 3961, 1892 
5195, 3962, 1239 
5196, 3963, 1892 
5197, 3964, 1322 
5198, 3965, 1893 
5199, 3966, 1617 
5200, 3967, 1894 
5201, 3968, 917 
5202, 3969, 1894 
5203, 3970, 1476 
5204, 3971, 1895 
5205, 3972, 8 
5206, 3973, 1900 
5207, 3974, 320 
5208, 3975, 1901 
5209, 3976, 581 
5210, 3977, 1902 
5211, 3978, 1731 
5212, 3979, 1903 
5213, 3980, 666 
5214, 3981, 1903 
5215, 3982, 973 
5216, 3983, 1905 
5217, 3984, 1020 
5218, 3985, 1905 
5219, 3986, 1222 
5220, 3987, 1906 
5221, 3988, 18 
5222, 3989, 1906 
5223, 3990, 161 
5224, 3991, 1908 
5225, 3992, 150 
5226, 3993, 1908 
5227, 3994, 270 
5228, 3995, 1913 
5229, 3996, 1694 
5230, 3997, 1913 
5231, 3998, 1812 
5232, 3999, 1914 
5233, 4000, 94 
5234, 4001, 1914 
5235, 4002, 771 
5236, 4003, 1914 
5237, 4004, 1624 
5238, 4005, 1915 
5239, 4006, 1320 
5240, 4007, 1917 
5241, 4008, 503 
5242, 4009, 1921 
5243, 4010, 258 
5244, 4011, 1921 
5245, 4012, 1903 
5246, 4013, 1926 
5247, 4014, 815 
5248, 4015, 1926 
5249, 4016, 1687 
5250, 4017, 1927 
5251, 4018, 1096 
5252, 4019, 1930 
5253, 4020, 1853 
5254, 4021, 1931 
5255, 4022, 650 
5256, 4023, 1933 
5257, 4024, 1097 
5258, 4025, 1934 
5259, 4026, 667 
5260, 4027, 1935 
5261, 4028, 1909 
5262, 4029, 1939 
5263, 4030, 957 
5264, 4031, 1939 
5265, 4032, 1320 
5266, 4033, 1942 
5267, 4034, 1217 
5268, 4035, 1944 
5269, 4036, 302 
5270, 4037, 1946 
5271, 4038, 1444 
5272, 4039, 1946 
5273, 4040, 1782 
5274, 4041, 1949 
5275, 4042, 30 
5276, 4043, 1952 
5277, 4044, 620 
5278, 4045, 1952 
5279, 4046, 1047 
5280, 4047, 1953 
5281, 4048, 685 
5282, 4049, 1956 
5283, 4050, 59 
5284, 4051, 1956 
5285, 4052, 1014 
5286, 4053, 1956 
5287, 4054, 1880 
5288, 4055, 1957 
5289, 4056, 1883 
5290, 4057, 1966 
5291, 4058, 41 
5292, 4059, 1966 
5293, 4060, 1022 
5294, 4061, 1968 
5295, 4062, 1634 
5296, 4063, 1969 
5297, 4064, 712 
5298, 4065, 1969 
5299, 4066, 1499 
5300, 4067, 1971 
5301, 4068, 814 
5302, 4069, 1971 
5303, 4070, 1513 
5304, 4071, 1971 
5305, 4072, 1603 
5306, 4073, 1972 
5307, 4074, 357 
5308, 4075, 1973 
5309, 4076, 369 
5310, 4077, 1974 
5311, 4078, 270 
5312, 4079, 1975 
5313, 4080, 1104 
5314, 4081, 1975 
5315, 4082, 1612 
5316, 4083, 1980 
5317, 4084, 1609 
5318, 4085, 1985 
5319, 4086, 1366 
5320, 4087, 1985 
5321, 4088, 1674 
5322, 4089, 1993 
5323, 4090, 713 
5324, 4091, 1993 
5325, 4092, 1864 
5326, 4093, 1994 
5327, 4094, 147 
5328, 4095, 1994 
5329, 4096, 1201 
5330, 4097, 1994 
5331, 4098, 1526 
5332, 4099, 1995 
5333, 4100, 1586 
5334, 4101, 1997 
5335, 4102, 271 
5336, 4103, 1997 
5337, 4104, 980 
5338, 4105, 1998 
5339, 4106, 48 
5340, 4107, 1998 
5341, 4108, 890 
5342, 4109, 1998 
5343, 4110, 947 
5344, 4111, 2001 
5345, 4112, 216 
5346, 4113, 2001 
5347, 4114, 1589 
5348, 4115, 2002 
5349, 4116, 440 
5350, 4117, 2002 
5351, 4118, 875 
5352, 4119, 2002 
5353, 4120, 942 
5354, 4121, 2002 
5355, 4122, 1749 
5356, 4123, 2003 
5357, 4124, 2 
5358, 4125, 2003 
5359, 4126, 786 
5360, 4127, 2003 
5361, 4128, 972 
5362, 4129, 2005 
5363, 4130, 490 
5364, 4131, 2006 
5365, 4132, 1429 
5366, 4133, 2007 
5367, 4134, 235 
5368, 4135, 2007 
5369, 4136, 689 
5370, 4137, 2008 
5371, 4138, 1439 
5372, 4139, 2011 
5373, 4140, 129 
5374, 4141, 2011 
5375, 4142, 223 
5376, 4143, 2011 
5377, 4144, 505 
5378, 4145, 2011 
5379, 4146, 744 
5380, 4147, 2012 
5381, 4148, 151 
5382, 4149, 2012 
5383, 4150, 1059 
5384, 4151, 2012 
5385, 4152, 1875 
5386, 4153, 2015 
5387, 4154, 611 
5388, 4155, 2018 
5389, 4156, 363 
5390, 4157, 2021 
5391, 4158, 1099 
5392, 4159, 2021 
5393, 4160, 1295 
5394, 4161, 2021 
5395, 4162, 1681 
5396, 4163, 2023 
5397, 4164, 6 
5398, 4165, 2023 
5399, 4166, 2017 
5400, 4167, 2024 
5401, 4168, 1052 
5402, 4169, 2024 
5403, 4170, 1396 
5404, 4171, 2026 
5405, 4172, 145 
5406, 4173, 2026 
5407, 4174, 198 
5408, 4175, 2029 
5409, 4176, 1664 
5410, 4177, 2032 
5411, 4178, 405 
5412, 4179, 2032 
5413, 4180, 437 
5414, 4181, 2037 
5415, 4182, 1431 
5416, 4183, 2038 
5417, 4184, 823 
5418, 4185, 2039 
5419, 4186, 778 
5420, 4187, 2041 
5421, 4188, 647 
5422, 4189, 2041 
5423, 4190, 1655 
5424, 4191, 2041 
5425, 4192, 2006 
5426, 4193, 2043 
5427, 4194, 326 
5428, 4195, 2044 
5429, 4196, 334 
5430, 4197, 2044 
5431, 4198, 1086 
5432, 4199, 2044 
5433, 4200, 1191 
5434, 4201, 2047 
5435, 4202, 567 
5436, 4203, 2047 
5437, 4204, 926 
5438, 4205, 2047 
5439, 4206, 1472 
5440, 4207, 2048 
5441, 4208, 997 
5442, 4209, 2049 
5443, 4210, 1848 
5444, 4211, 2050 
5445, 4212, 2 
5446, 4213, 2050 
5447, 4214, 706 
5448, 4215, 2051 
5449, 4216, 163 
5450, 4217, 2051 
5451, 4218, 1542 
5452, 4219, 2053 
5453, 4220, 463 
5454, 4221, 2054 
5455, 4222, 765 
5456, 4223, 2055 
5457, 4224, 616 
5458, 4225, 2055 
5459, 4226, 1077 
5460, 4227, 2056 
5461, 4228, 339 
5462, 4229, 2056 
5463, 4230, 1381 
5464, 4231, 2057 
5465, 4232, 1329 
5466, 4233, 2059 
5467, 4234, 757 
5468, 4235, 2061 
5469, 4236, 400 
5470, 4237, 2063 
5471, 4238, 211 
5472, 4239, 2063 
5473, 4240, 573 
5474, 4241, 2063 
5475, 4242, 2012 
5476, 4243, 2064 
5477, 4244, 466 
5478, 4245, 2064 
5479, 4246, 1183 
5480, 4247, 2064 
5481, 4248, 1651 
5482, 4249, 2064 
5483, 4250, 2032 
5484, 4251, 2066 
5485, 4252, 167 
5486, 4253, 2069 
5487, 4254, 65 
5488, 4255, 2069 
5489, 4256, 832 
5490, 4257, 2070 
5491, 4258, 1335 
5492, 4259, 2070 
5493, 4260, 1959 
5494, 4261, 2074 
5495, 4262, 1445 
5496, 4263, 2075 
5497, 4264, 20 
5498, 4265, 2076 
5499, 4266, 1747 
5500, 4267, 2080 
5501, 4268, 1523 
5502, 4269, 2081 
5503, 4270, 1574 
5504, 4271, 2083 
5505, 4272, 287 
5506, 4273, 2083 
5507, 4274, 710 
5508, 4275, 2083 
5509, 4276, 1171 
5510, 4277, 2086 
5511, 4278, 682 
5512, 4279, 2088 
5513, 4280, 744 
5514, 4281, 2088 
5515, 4282, 774 
5516, 4283, 2088 
5517, 4284, 1123 
5518, 4285, 2090 
5519, 4286, 1267 
5520, 4287, 2092 
5521, 4288, 77 
5522, 4289, 2093 
5523, 4290, 1658 
5524, 4291, 2096 
5525, 4292, 832 
5526, 4293, 2096 
5527, 4294, 1234 
5528, 4295, 2101 
5529, 4296, 1898 
5530, 4297, 2103 
5531, 4298, 508 
5532, 4299, 2106 
5533, 4300, 1078 
5534, 4301, 2106 
5535, 4302, 2057 
5536, 4303, 2108 
5537, 4304, 2042 
5538, 4305, 2109 
5539, 4306, 293 
5540, 4307, 2110 
5541, 4308, 103 
5542, 4309, 2110 
5543, 4310, 1030 
5544, 4311, 2110 
5545, 4312, 2095 
5546, 4313, 2111 
5547, 4314, 1171 
5548, 4315, 2111 
5549, 4316, 1573 
5550, 4317, 2111 
5551, 4318, 1930 
5552, 4319, 2112 
5553, 4320, 1290 
5554, 4321, 2113 
5555, 4322, 232 
5556, 4323, 2113 
5557, 4324, 890 
5558, 4325, 2115 
5559, 4326, 77 
5560, 4327, 2115 
5561, 4328, 146 
5562, 4329, 2117 
5563, 4330, 1767 
5564, 4331, 2117 
5565, 4332, 1867 
5566, 4333, 2118 
5567, 4334, 363 
5568, 4335, 2118 
5569, 4336, 916 
5570, 4337, 2120 
5571, 4338, 420 
5572, 4339, 2120 
5573, 4340, 1688 
5574, 4341, 2122 
5575, 4342, 1209 
5576, 4343, 2125 
5577, 4344, 738 
5578, 4345, 2125 
5579, 4346, 1306 
5580, 4347, 2129 
5581, 4348, 448 
5582, 4349, 2131 
5583, 4350, 30 
5584, 4351, 2133 
5585, 4352, 61 
5586, 4353, 2133 
5587, 4354, 1476 
5588, 4355, 2136 
5589, 4356, 1134 
5590, 4357, 2138 
5591, 4358, 1409 
5592, 4359, 2141 
5593, 4360, 1913 
5594, 4361, 2143 
5595, 4362, 1171 
5596, 4363, 2143 
5597, 4364, 1573 
5598, 4365, 2144 
5599, 4366, 451 
5600, 4367, 2144 
5601, 4368, 598 
5602, 4369, 2149 
5603, 4370, 1442 
5604, 4371, 2152 
5605, 4372, 1683 
5606, 4373, 2153 
5607, 4374, 1526 
5608, 4375, 2153 
5609, 4376, 1580 
5610, 4377, 2154 
5611, 4378, 994 
5612, 4379, 2155 
5613, 4380, 560 
5614, 4381, 2155 
5615, 4382, 1151 
5616, 4383, 2157 
5617, 4384, 129 
5618, 4385, 2157 
5619, 4386, 1647 
5620, 4387, 2158 
5621, 4388, 799 
5622, 4389, 2158 
5623, 4390, 1645 
5624, 4391, 2158 
5625, 4392, 1939 
5626, 4393, 2159 
5627, 4394, 765 
5628, 4395, 2161 
5629, 4396, 756 
5630, 4397, 2162 
5631, 4398, 2152 
5632, 4399, 2166 
5633, 4400, 782 
5634, 4401, 2166 
5635, 4402, 1156 
5636, 4403, 2168 
5637, 4404, 4 
5638, 4405, 2168 
5639, 4406, 107 
5640, 4407, 2168 
5641, 4408, 1053 
5642, 4409, 2169 
5643, 4410, 1187 
5644, 4411, 2170 
5645, 4412, 477 
5646, 4413, 2174 
5647, 4414, 625 
5648, 4415, 2174 
5649, 4416, 670 
5650, 4417, 2174 
5651, 4418, 1170 
5652, 4419, 2175 
5653, 4420, 1894 
5654, 4421, 2178 
5655, 4422, 23 
5656, 4423, 2178 
5657, 4424, 199 
5658, 4425, 2178 
5659, 4426, 721 
5660, 4427, 2178 
5661, 4428, 755 
5662, 4429, 2179 
5663, 4430, 333 
5664, 4431, 2179 
5665, 4432, 952 
5666, 4433, 2179 
5667, 4434, 1441 
5668, 4435, 2181 
5669, 4436, 2067 
5670, 4437, 2182 
5671, 4438, 1755 
5672, 4439, 2183 
5673, 4440, 104 
5674, 4441, 2183 
5675, 4442, 998 
5676, 4443, 2183 
5677, 4444, 1015 
5678, 4445, 2183 
5679, 4446, 1957 
5680, 4447, 2185 
5681, 4448, 1455 
5682, 4449, 2191 
5683, 4450, 341 
5684, 4451, 2191 
5685, 4452, 853 
5686, 4453, 2191 
5687, 4454, 1498 
5688, 4455, 2192 
5689, 4456, 430 
5690, 4457, 2192 
5691, 4458, 784 
5692, 4459, 2196 
5693, 4460, 516 
5694, 4461, 2200 
5695, 4462, 990 
5696, 4463, 2201 
5697, 4464, 316 
5698, 4465, 2203 
5699, 4466, 1360 
5700, 4467, 2203 
5701, 4468, 1908 
5702, 4469, 2205 
5703, 4470, 2008 
5704, 4471, 2208 
5705, 4472, 255 
5706, 4473, 2208 
5707, 4474, 275 
5708, 4475, 2208 
5709, 4476, 316 
5710, 4477, 2209 
5711, 4478, 151 
5712, 4479, 2209 
5713, 4480, 1059 
5714, 4481, 2209 
5715, 4482, 1448 
5716, 4483, 2212 
5717, 4484, 38 
5718, 4485, 2212 
5719, 4486, 2099 
5720, 4487, 2216 
5721, 4488, 1197 
5722, 4489, 2219 
5723, 4490, 972 
5724, 4491, 2220 
5725, 4492, 608 
5726, 4493, 2220 
5727, 4494, 928 
5728, 4495, 2220 
5729, 4496, 1066 
5730, 4497, 2223 
5731, 4498, 1140 
5732, 4499, 2224 
5733, 4500, 522 
5734, 4501, 2224 
5735, 4502, 1969 
5736, 4503, 2226 
5737, 4504, 579 
5738, 4505, 2227 
5739, 4506, 2153 
5740, 4507, 2228 
5741, 4508, 109 
5742, 4509, 2228 
5743, 4510, 1094 
5744, 4511, 2228 
5745, 4512, 2161 
5746, 4513, 2229 
5747, 4514, 1370 
5748, 4515, 2229 
5749, 4516, 1465 
5750, 4517, 2229 
5751, 4518, 1500 
5752, 4519, 2230 
5753, 4520, 69 
5754, 4521, 2230 
5755, 4522, 1366 
5756, 4523, 2232 
5757, 4524, 680 
5758, 4525, 2232 
5759, 4526, 1311 
5760, 4527, 2235 
5761, 4528, 560 
5762, 4529, 2235 
5763, 4530, 772 
5764, 4531, 2236 
5765, 4532, 249 
5766, 4533, 2236 
5767, 4534, 1774 
5768, 4535, 2236 
5769, 4536, 1902 
5770, 4537, 2237 
5771, 4538, 1844 
5772, 4539, 2238 
5773, 4540, 1586 
5774, 4541, 2239 
5775, 4542, 1085 
5776, 4543, 2241 
5777, 4544, 1697 
5778, 4545, 2242 
5779, 4546, 1005 
5780, 4547, 2243 
5781, 4548, 1924 
5782, 4549, 2244 
5783, 4550, 1305 
5784, 4551, 2247 
5785, 4552, 439 
5786, 4553, 2248 
5787, 4554, 785 
5788, 4555, 2249 
5789, 4556, 747 
5790, 4557, 2249 
5791, 4558, 1730 
5792, 4559, 2249 
5793, 4560, 2167 
5794, 4561, 2250 
5795, 4562, 1763 
5796, 4563, 2250 
5797, 4564, 2115 
5798, 4565, 2253 
5799, 4566, 336 
5800, 4567, 2254 
5801, 4568, 124 
5802, 4569, 2254 
5803, 4570, 965 
5804, 4571, 2255 
5805, 4572, 1157 
5806, 4573, 2257 
5807, 4574, 46 
5808, 4575, 2257 
5809, 4576, 547 
5810, 4577, 2258 
5811, 4578, 1040 
5812, 4579, 2258 
5813, 4580, 1705 
5814, 4581, 2259 
5815, 4582, 444 
5816, 4583, 2259 
5817, 4584, 912 
5818, 4585, 2260 
5819, 4586, 1166 
5820, 4587, 2261 
5821, 4588, 1181 
5822, 4589, 2262 
5823, 4590, 8 
5824, 4591, 2262 
5825, 4592, 996 
5826, 4593, 2265 
5827, 4594, 1512 
5828, 4595, 2266 
5829, 4596, 1488 
5830, 4597, 2268 
5831, 4598, 1189 
5832, 4599, 2270 
5833, 4600, 1154 
5834, 4601, 2270 
5835, 4602, 1372 
5836, 4603, 2272 
5837, 4604, 258 
5838, 4605, 2272 
5839, 4606, 459 
5840, 4607, 2272 
5841, 4608, 699 
5842, 4609, 2277 
5843, 4610, 135 
5844, 4611, 2277 
5845, 4612, 803 
5846, 4613, 2277 
5847, 4614, 1278 
5848, 4615, 2283 
5849, 4616, 1459 
5850, 4617, 2283 
5851, 4618, 2051 
5852, 4619, 2283 
5853, 4620, 2141 
5854, 4621, 2286 
5855, 4622, 542 
5856, 4623, 2286 
5857, 4624, 1045 
5858, 4625, 2286 
5859, 4626, 1244 
5860, 4627, 2288 
5861, 4628, 508 
5862, 4629, 2288 
5863, 4630, 1541 
5864, 4631, 2289 
5865, 4632, 2042 
5866, 4633, 2289 
5867, 4634, 2106 
5868, 4635, 2289 
5869, 4636, 2174 
5870, 4637, 2290 
5871, 4638, 1721 
5872, 4639, 2291 
5873, 4640, 503 
5874, 4641, 2292 
5875, 4642, 45 
5876, 4643, 2292 
5877, 4644, 1001 
5878, 4645, 2294 
5879, 4646, 853 
5880, 4647, 2297 
5881, 4648, 362 
5882, 4649, 2297 
5883, 4650, 1834 
5884, 4651, 2297 
5885, 4652, 2244 
5886, 4653, 2298 
5887, 4654, 486 
5888, 4655, 2298 
5889, 4656, 540 
5890, 4657, 2298 
5891, 4658, 1517 
5892, 4659, 2298 
5893, 4660, 1745 
5894, 4661, 2300 
5895, 4662, 134 
5896, 4663, 2300 
5897, 4664, 1044 
5898, 4665, 2301 
5899, 4666, 128 
5900, 4667, 2302 
5901, 4668, 475 
5902, 4669, 2302 
5903, 4670, 2108 
5904, 4671, 2302 
5905, 4672, 2258 
5906, 4673, 2306 
5907, 4674, 29 
5908, 4675, 2306 
5909, 4676, 266 
5910, 4677, 2306 
5911, 4678, 666 
5912, 4679, 2306 
5913, 4680, 885 
5914, 4681, 2307 
5915, 4682, 1054 
5916, 4683, 2307 
5917, 4684, 1131 
5918, 4685, 2308 
5919, 4686, 1101 
5920, 4687, 2312 
5921, 4688, 77 
5922, 4689, 2312 
5923, 4690, 154 
5924, 4691, 2315 
5925, 4692, 1745 
5926, 4693, 2317 
5927, 4694, 1765 
5928, 4695, 2318 
5929, 4696, 392 
5930, 4697, 2318 
5931, 4698, 444 
5932, 4699, 2318 
5933, 4700, 968 
5934, 4701, 2321 
5935, 4702, 1161 
5936, 4703, 2321 
5937, 4704, 1893 
5938, 4705, 2322 
5939, 4706, 541 
5940, 4707, 2324 
5941, 4708, 412 
5942, 4709, 2324 
5943, 4710, 1623 
5944, 4711, 2326 
5945, 4712, 75 
5946, 4713, 2326 
5947, 4714, 232 
5948, 4715, 2326 
5949, 4716, 605 
5950, 4717, 2326 
5951, 4718, 1728 
5952, 4719, 2327 
5953, 4720, 670 
5954, 4721, 2327 
5955, 4722, 1198 
5956, 4723, 2328 
5957, 4724, 1647 
5958, 4725, 2329 
5959, 4726, 693 
5960, 4727, 2330 
5961, 4728, 1437 
5962, 4729, 2332 
5963, 4730, 1826 
5964, 4731, 2334 
5965, 4732, 376 
5966, 4733, 2335 
5967, 4734, 16 
5968, 4735, 2336 
5969, 4736, 1990 
5970, 4737, 2336 
5971, 4738, 2116 
5972, 4739, 2338 
5973, 4740, 2229 
5974, 4741, 2339 
5975, 4742, 563 
5976, 4743, 2342 
5977, 4744, 1957 
5978, 4745, 2345 
5979, 4746, 655 
5980, 4747, 2346 
5981, 4748, 2219 
5982, 4749, 2349 
5983, 4750, 380 
5984, 4751, 2350 
5985, 4752, 706 
5986, 4753, 2350 
5987, 4754, 1851 
5988, 4755, 2351 
5989, 4756, 1058 
5990, 4757, 2351 
5991, 4758, 1156 
5992, 4759, 2351 
5993, 4760, 1697 
5994, 4761, 2353 
5995, 4762, 658 
5996, 4763, 2353 
5997, 4764, 2035 
5998, 4765, 2354 
5999, 4766, 2034 
6000, 4767, 2358 
6001, 4768, 729 
6002, 4769, 2358 
6003, 4770, 1074 
6004, 4771, 2358 
6005, 4772, 1097 
6006, 4773, 2359 
6007, 4774, 626 
6008, 4775, 2361 
6009, 4776, 974 
6010, 4777, 2363 
6011, 4778, 230 
6012, 4779, 2363 
6013, 4780, 434 
6014, 4781, 2364 
6015, 4782, 823 
6016, 4783, 2364 
6017, 4784, 2304 
6018, 4785, 2366 
6019, 4786, 1100 
6020, 4787, 2367 
6021, 4788, 755 
6022, 4789, 2372 
6023, 4790, 1176 
6024, 4791, 2373 
6025, 4792, 747 
6026, 4793, 2376 
6027, 4794, 294 
6028, 4795, 2376 
6029, 4796, 2291 
6030, 4797, 2378 
6031, 4798, 691 
6032, 4799, 2380 
6033, 4800, 2376 
6034, 4801, 2381 
6035, 4802, 2243 
6036, 4803, 2384 
6037, 4804, 496 
6038, 4805, 2384 
6039, 4806, 1548 
6040, 4807, 2385 
6041, 4808, 804 
6042, 4809, 2385 
6043, 4810, 2168 
6044, 4811, 2388 
6045, 4812, 1108 
6046, 4813, 2389 
6047, 4814, 2237 
6048, 4815, 2390 
6049, 4816, 648 
6050, 4817, 2393 
6051, 4818, 1595 
6052, 4819, 2395 
6053, 4820, 1258 
6054, 4821, 2395 
6055, 4822, 1466 
6056, 4823, 2396 
6057, 4824, 433 
6058, 4825, 2402 
6059, 4826, 872 
6060, 4827, 2404 
6061, 4828, 1914 
6062, 4829, 2404 
6063, 4830, 2223 
6064, 4831, 2405 
6065, 4832, 1234 
6066, 4833, 2405 
6067, 4834, 1543 
6068, 4835, 2405 
6069, 4836, 2367 
6070, 4837, 2406 
6071, 4838, 203 
6072, 4839, 2408 
6073, 4840, 262 
6074, 4841, 2412 
6075, 4842, 2201 
6076, 4843, 2416 
6077, 4844, 999 
6078, 4845, 2416 
6079, 4846, 2095 
6080, 4847, 2417 
6081, 4848, 528 
6082, 4849, 2417 
6083, 4850, 1543 
6084, 4851, 2418 
6085, 4852, 1533 
6086, 4853, 2419 
6087, 4854, 2028 
6088, 4855, 2419 
6089, 4856, 2131 
6090, 4857, 2422 
6091, 4858, 11 
6092, 4859, 2422 
6093, 4860, 180 
6094, 4861, 2423 
6095, 4862, 1421 
6096, 4863, 2425 
6097, 4864, 648 
6098, 4865, 2426 
6099, 4866, 109 
6100, 4867, 2427 
6101, 4868, 204 
6102, 4869, 2427 
6103, 4870, 1796 
6104, 4871, 2429 
6105, 4872, 744 
6106, 4873, 2429 
6107, 4874, 2037 
6108, 4875, 2435 
6109, 4876, 583 
6110, 4877, 2437 
6111, 4878, 1491 
6112, 4879, 2437 
6113, 4880, 1523 
6114, 4881, 2438 
6115, 4882, 493 
6116, 4883, 2438 
6117, 4884, 1730 
6118, 4885, 2443 
6119, 4886, 596 
6120, 4887, 2443 
6121, 4888, 1627 
6122, 4889, 2443 
6123, 4890, 1714 
6124, 4891, 2445 
6125, 4892, 82 
6126, 4893, 2445 
6127, 4894, 1761 
6128, 4895, 2447 
6129, 4896, 586 
6130, 4897, 2450 
6131, 4898, 1086 
6132, 4899, 2450 
6133, 4900, 2118 
6134, 4901, 2451 
6135, 4902, 1350 
6136, 4903, 2451 
6137, 4904, 2395 
6138, 4905, 2454 
6139, 4906, 405 
6140, 4907, 2454 
6141, 4908, 488 
6142, 4909, 2454 
6143, 4910, 555 
6144, 4911, 2455 
6145, 4912, 6 
6146, 4913, 2457 
6147, 4914, 68 
6148, 4915, 2457 
6149, 4916, 1785 
6150, 4917, 2460 
6151, 4918, 592 
6152, 4919, 2460 
6153, 4920, 956 
6154, 4921, 2460 
6155, 4922, 1584 
6156, 4923, 2462 
6157, 4924, 2241 
6158, 4925, 2463 
6159, 4926, 1400 
6160, 4927, 2463 
6161, 4928, 1976 
6162, 4929, 2463 
6163, 4930, 2128 
6164, 4931, 2465 
6165, 4932, 1058 
6166, 4933, 2465 
6167, 4934, 1598 
6168, 4935, 2466 
6169, 4936, 543 
6170, 4937, 2466 
6171, 4938, 932 
6172, 4939, 2468 
6173, 4940, 933 
6174, 4941, 2469 
6175, 4942, 2135 
6176, 4943, 2470 
6177, 4944, 1065 
6178, 4945, 2470 
6179, 4946, 2028 
6180, 4947, 2471 
6181, 4948, 249 
6182, 4949, 2471 
6183, 4950, 1072 
6184, 4951, 2471 
6185, 4952, 2468 
6186, 4953, 2472 
6187, 4954, 727 
6188, 4955, 2472 
6189, 4956, 1068 
6190, 4957, 2473 
6191, 4958, 1493 
6192, 4959, 2473 
6193, 4960, 2109 
6194, 4961, 2477 
6195, 4962, 2238 
6196, 4963, 2478 
6197, 4964, 410 
6198, 4965, 2478 
6199, 4966, 1606 
6200, 4967, 2478 
6201, 4968, 1725 
6202, 4969, 2478 
6203, 4970, 1890 
6204, 4971, 2479 
6205, 4972, 1176 
6206, 4973, 2480 
6207, 4974, 94 
6208, 4975, 2480 
6209, 4976, 680 
6210, 4977, 2480 
6211, 4978, 774 
6212, 4979, 2481 
6213, 4980, 151 
6214, 4981, 2481 
6215, 4982, 282 
6216, 4983, 2482 
6217, 4984, 837 
6218, 4985, 2483 
6219, 4986, 377 
6220, 4987, 2486 
6221, 4988, 105 
6222, 4989, 2486 
6223, 4990, 118 
6224, 4991, 2486 
6225, 4992, 555 
6226, 4993, 2488 
6227, 4994, 1333 
6228, 4995, 2488 
6229, 4996, 1895 
6230, 4997, 2489 
6231, 4998, 126 
6232, 4999, 2489 
6233, 5000, 524 
6234, 5001, 2489 
6235, 5002, 597 
6236, 5003, 2490 
6237, 5004, 1241 
6238, 5005, 2491 
6239, 5006, 555 
6240, 5007, 2491 
6241, 5008, 1083 
6242, 5009, 2491 
6243, 5010, 1433 
6244, 5011, 2491 
6245, 5012, 1730 
6246, 5013, 2492 
6247, 5014, 385 
6248, 5015, 2492 
6249, 5016, 1420 
6250, 5017, 2494 
6251, 5018, 777 
6252, 5019, 2496 
6253, 5020, 1658 
6254, 5021, 2496 
6255, 5022, 1745 
6256, 5023, 2498 
6257, 5024, 626 
6258, 5025, 2498 
6259, 5026, 772 
6260, 5027, 2498 
6261, 5028, 2125 
6262, 5029, 2499 
6263, 5030, 825 
$boundary
2501 2502 2503 2504 2505 2506 2507 2508 2509 2510 2511 2512 2513 2514 2515 2516 2517 2518 2519 2520 2521 2522 2523 2524 2525 2526 2527 2528 2529 2530 2531 2532 2533 2534 2535 2536 2537 2538 2539 2540 2541 2542 2543 2544 2545 2546 2547 2548 2549 2550 2551 2552 2553 2554 2555 2556 2557 2558 2559 2560 2561 2562 2563 2564 2565 2566 2567 2568 2569 2570 2571 2572 2573 2574 2575 2576 2577 2578 2579 2580 2581 2582 2583 2584 2585 2586 2587 2588 2589 2590 2591 2592 2593 2594 2595 2596 2597 2598 2599 2600 2601 2602 2603 2604 2605 2606 2607 2608 2609 2610 2611 2612 2613 2614 2615 2616 2617 2618 2619 2620 2621 2622 2623 2624 2625 2626 2627 2628 2629 2630 2631 2632 2633 2634 2635 2636 2637 2638 2639 2640 2641 2642 2643 2644 2645 2646 2647 2648 2649 2650 2651 2652 2653 2654 2655 2656 2657 2658 2659 2660 2661 2662 2663 2664 2665 2666 2667 2668 2669 2670 2671 2672 2673 2674 2675 2676 2677 2678 2679 2680 2681 2682 2683 2684 2685 2686 2687 2688 2689 2690 2691 2692 2693 2694 2695 2696 2697 2698 2699 2700 2701 2702 2703 2704 2705 2706 2707 2708 2709 2710 2711 2712 2713 2714 2715 2716 2717 2718 2719 2720 2721 2722 2723 2724 2725 2726 2727 2728 2729 2730 2731 2732 2733 2734 2735 2736 2737 2738 2739 2740 2741 2742 2743 2744 2745 2746 2747 2748 2749 2750 2751 2752 2753 2754 2755 2756 2757 2758 2759 2760 2761 2762 2763 2764 2765 2766 2767 2768 2769 2770 2771 2772 2773 2774 2775 2776 2777 2778 2779 2780 2781 2782 2783 2784 2785 2786 2787 2788 2789 2790 2791 2792 2793 2794 2795 2796 2797 2798 2799 2800 2801 2802 2803 2804 2805 2806 2807 2808 2809 2810 2811 2812 2813 2814 2815 2816 2817 2818 2819 2820 2821 2822 2823 2824 2825 2826 2827 2828 2829 2830 2831 2832 2833 2834 2835 2836 2837 2838 2839 2840 2841 2842 2843 2844 2845 2846 2847 2848 2849 2850 2851 2852 2853 2854 2855 2856 2857 2858 2859 2860 2861 2862 2863 2864 2865 2866 2867 2868 2869 2870 2871 2872 2873 2874 2875 2876 2877 2878 2879 2880 2881 2882 2883 2884 2885 2886 2887 2888 2889 2890 2891 2892 2893 2894 2895 2896 2897 2898 2899 2900 2901 2902 2903 2904 2905 2906 2907 2908 2909 2910 2911 2912 2913 2914 2915 2916 2917 2918 2919 2920 2921 2922 2923 2924 2925 2926 2927 2928 2929 2930 2931 2932 2933 2934 2935 2936 2937 2938 2939 2940 2941 2942 2943 2944 2945 2946 2947 2948 2949 2950 2951 2952 2953 2954 2955 2956 2957 2958 2959 2960 2961 2962 2963 2964 2965 2966 2967 2968 2969 2970 2971 2972 2973 2974 2975 2976 2977 2978 2979 2980 2981 2982 2983 2984 2985 2986 2987 2988 2989 2990 2991 2992 2993 2994 2995 2996 2997 2998 2999 3000 3001 3002 3003 3004 3005 3006 3007 3008 3009 3010 3011 3012 3013 3014 3015 3016 3017 3018 3019 3020 3021 3022 3023 3024 3025 3026 3027 3028 3029 3030 3031 3032 3033 3034 3035 3036 3037 3038 3039 3040 3041 3042 3043 3044 3045 3046 3047 3048 3049 3050 3051 3052 3053 3054 3055 3056 3057 3058 3059 3060 3061 3062 3063 3064 3065 3066 3067 3068 3069 3070 3071 3072 3073 3074 3075 3076 3077 3078 3079 3080 3081 3082 3083 3084 3085 3086 3087 3088 3089 3090 3091 3092 3093 3094 3095 3096 3097 3098 3099 3100 3101 3102 3103 3104 3105 3106 3107 3108 3109 3110 3111 3112 3113 3114 3115 3116 3117 3118 3119 3120 3121 3122 3123 3124 3125 3126 3127 3128 3129 3130 3131 3132 3133 3134 3135 3136 3137 3138 3139 3140 3141 3142 3143 3144 3145 3146 3147 3148 3149 3150 3151 3152 3153 3154 3155 3156 3157 3158 3159 3160 3161 3162 3163 3164 3165 3166 3167 3168 3169 3170 3171 3172 3173 3174 3175 3176 3177 3178 3179 3180 3181 3182 3183 3184 3185 3186 3187 3188 3189 3190 3191 3192 3193 3194 3195 3196 3197 3198 3199 3200 3201 3202 3203 3204 3205 3206 3207 3208 3209 3210 3211 3212 3213 3214 3215 3216 3217 3218 3219 3220 3221 3222 3223 3224 3225 3226 3227 3228 3229 3230 3231 3232 3233 3234 3235 3236 3237 3238 3239 3240 3241 3242 3243 3244 3245 3246 3247 3248 3249 3250 3251 3252 3253 3254 3255 3256 3257 3258 3259 3260 3261 3262 3263 3264 3265 3266 3267 3268 3269 3270 3271 3272 3273 3274 3275 3276 3277 3278 3279 3280 3281 3282 3283 3284 3285 3286 3287 3288 3289 3290 3291 3292 3293 3294 3295 3296 3297 3298 3299 3300 3301 3302 3303 3304 3305 3306 3307 3308 3309 3310 3311 3312 3313 3314 3315 3316 3317 3318 3319 3320 3321 3322 3323 3324 3325 3326 3327 3328 3329 3330 3331 3332 3333 3334 3335 3336 3337 3338 3339 3340 3341 3342 3343 3344 3345 3346 3347 3348 3349 3350 3351 3352 3353 3354 3355 3356 3357 3358 3359 3360 3361 3362 3363 3364 3365 3366 3367 3368 3369 3370 3371 3372 3373 3374 3375 3376 3377 3378 3379 3380 3381 3382 3383 3384 3385 3386 3387 3388 3389 3390 3391 3392 3393 3394 3395 3396 3397 3398 3399 3400 3401 3402 3403 3404 3405 3406 3407 3408 3409 3410 3411 3412 3413 3414 3415 3416 3417 3418 3419 3420 3421 3422 3423 3424 3425 3426 3427 3428 3429 3430 3431 3432 3433 3434 3435 3436 3437 3438 3439 3440 3441 3442 3443 3444 3445 3446 3447 3448 3449 3450 3451 3452 3453 3454 3455 3456 3457 3458 3459 3460 3461 3462 3463 3464 3465 3466 3467 3468 3469 3470 3471 3472 3473 3474 3475 3476 3477 3478 3479 3480 3481 3482 3483 3484 3485 3486 3487 3488 3489 3490 3491 3492 3493 3494 3495 3496 3497 3498 3499 3500 3501 3502 3503 3504 3505 3506 3507 3508 3509 3510 3511 3512 3513 3514 3515 3516 3517 3518 3519 3520 3521 3522 3523 3524 3525 3526 3527 3528 3529 3530 3531 3532 3533 3534 3535 3536 3537 3538 3539 3540 3541 3542 3543 3544 3545 3546 3547 3548 3549 3550 3551 3552 3553 3554 3555 3556 3557 3558 3559 3560 3561 3562 3563 3564 3565 3566 3567 3568 3569 3570 3571 3572 3573 3574 3575 3576 3577 3578 3579 3580 3581 3582 3583 3584 3585 3586 3587 3588 3589 3590 3591 3592 3593 3594 3595 3596 3597 3598 3599 3600 3601 3602 3603 3604 3605 3606 3607 3608 3609 3610 3611 3612 3613 3614 3615 3616 3617 3618 3619 3620 3621 3622 3623 3624 3625 3626 3627 3628 3629 3630 3631 3632 3633 3634 3635 3636 3637 3638 3639 3640 3641 3642 3643 3644 3645 3646 3647 3648 3649 3650 3651 3652 3653 3654 3655 3656 3657 3658 3659 3660 3661 3662 3663 3664 3665 3666 3667 3668 3669 3670 3671 3672 3673 3674 3675 3676 3677 3678 3679 3680 3681 3682 3683 3684 3685 3686 3687 3688 3689 3690 3691 3692 3693 3694 3695 3696 3697 3698 3699 3700 3701 3702 3703 3704 3705 3706 3707 3708 3709 3710 3711 3712 3713 3714 3715 3716 3717 3718 3719 3720 3721 3722 3723 3724 3725 3726 3727 3728 3729 3730 3731 3732 3733 3734 3735 3736 3737 3738 3739 3740 3741 3742 3743 3744 3745 3746 3747 3748 3749 3750 3751 3752 3753 3754 3755 3756 3757 3758 3759 3760 3761 3762 3763 3764 3765 3766 3767 3768 3769 3770 3771 3772 3773 3774 3775 3776 3777 3778 3779 3780 3781 3782 3783 3784 3785 3786 3787 3788 3789 3790 3791 3792 3793 3794 3795 3796 3797 3798 3799 3800 3801 3802 3803 3804 3805 3806 3807 3808 3809 3810 3811 3812 3813 3814 3815 3816 3817 3818 3819 3820 3821 3822 3823 3824 3825 3826 3827 3828 3829 3830 3831 3832 3833 3834 3835 3836 3837 3838 3839 3840 3841 3842 3843 3844 3845 3846 3847 3848 3849 3850 3851 3852 3853 3854 3855 3856 3857 3858 3859 3860 3861 3862 3863 3864 3865 3866 3867 3868 3869 3870 3871 3872 3873 3874 3875 3876 3877 3878 3879 3880 3881 3882 3883 3884 3885 3886 3887 3888 3889 3890 3891 3892 3893 3894 3895 3896 3897 3898 3899 3900 3901 3902 3903 3904 3905 3906 3907 3908 3909 3910 3911 3912 3913 3914 3915 3916 3917 3918 3919 3920 3921 3922 3923 3924 3925 3926 3927 3928 3929 3930 3931 3932 3933 3934 3935 3936 3937 3938 3939 3940 3941 3942 3943 3944 3945 3946 3947 3948 3949 3950 3951 3952 3953 3954 3955 3956 3957 3958 3959 3960 3961 3962 3963 3964 3965 3966 3967 3968 3969 3970 3971 3972 3973 3974 3975 3976 3977 3978 3979 3980 3981 3982 3983 3984 3985 3986 3987 3988 3989 3990 3991 3992 3993 3994 3995 3996 3997 3998 3999 4000 4001 4002 4003 4004 4005 4006 4007 4008 4009 4010 4011 4012 4013 4014 4015 4016 4017 4018 4019 4020 4021 4022 4023 4024 4025 4026 4027 4028 4029 4030 4031 4032 4033 4034 4035 4036 4037 4038 4039 4040 4041 4042 4043 4044 4045 4046 4047 4048 4049 4050 4051 4052 4053 4054 4055 4056 4057 4058 4059 4060 4061 4062 4063 4064 4065 4066 4067 4068 4069 4070 4071 4072 4073 4074 4075 4076 4077 4078 4079 4080 4081 4082 4083 4084 4085 4086 4087 4088 4089 4090 4091 4092 4093 4094 4095 4096 4097 4098 4099 4100 4101 4102 4103 4104 4105 4106 4107 4108 4109 4110 4111 4112 4113 4114 4115 4116 4117 4118 4119 4120 4121 4122 4123 4124 4125 4126 4127 4128 4129 4130 4131 4132 4133 4134 4135 4136 4137 4138 4139 4140 4141 4142 4143 4144 4145 4146 4147 4148 4149 4150 4151 4152 4153 4154 4155 4156 4157 4158 4159 4160 4161 4162 4163 4164 4165 4166 4167 4168 4169 4170 4171 4172 4173 4174 4175 4176 4177 4178 4179 4180 4181 4182 4183 4184 4185 4186 4187 4188 4189 4190 4191 4192 4193 4194 4195 4196 4197 4198 4199 4200 4201 4202 4203 4204 4205 4206 4207 4208 4209 4210 4211 4212 4213 4214 4215 4216 4217 4218 4219 4220 4221 4222 4223 4224 4225 4226 4227 4228 4229 4230 4231 4232 4233 4234 4235 4236 4237 4238 4239 4240 4241 4242 4243 4244 4245 4246 4247 4248 4249 4250 4251 4252 4253 4254 4255 4256 4257 4258 4259 4260 4261 4262 4263 4264 4265 4266 4267 4268 4269 4270 4271 4272 4273 4274 4275 4276 4277 4278 4279 4280 4281 4282 4283 4284 4285 4286 4287 4288 4289 4290 4291 4292 4293 4294 4295 4296 4297 4298 4299 4300 4301 4302 4303 4304 4305 4306 4307 4308 4309 4310 4311 4312 4313 4314 4315 4316 4317 4318 4319 4320 4321 4322 4323 4324 4325 4326 4327 4328 4329 4330 4331 4332 4333 4334 4335 4336 4337 4338 4339 4340 4341 4342 4343 4344 4345 4346 4347 4348 4349 4350 4351 4352 4353 4354 4355 4356 4357 4358 4359 4360 4361 4362 4363 4364 4365 4366 4367 4368 4369 4370 4371 4372 4373 4374 4375 4376 4377 4378 4379 4380 4381 4382 4383 4384 4385 4386 4387 4388 4389 4390 4391 4392 4393 4394 4395 4396 4397 4398 4399 4400 4401 4402 4403 4404 4405 4406 4407 4408 4409 4410 4411 4412 4413 4414 4415 4416 4417 4418 4419 4420 4421 4422 4423 4424 4425 4426 4427 4428 4429 4430 4431 4432 4433 4434 4435 4436 4437 4438 4439 4440 4441 4442 4443 4444 4445 4446 4447 4448 4449 4450 4451 4452 4453 4454 4455 4456 4457 4458 4459 4460 4461 4462 4463 4464 4465 4466 4467 4468 4469 4470 4471 4472 4473 4474 4475 4476 4477 4478 4479 4480 4481 4482 4483 4484 4485 4486 4487 4488 4489 4490 4491 4492 4493 4494 4495 4496 4497 4498 4499 4500 4501 4502 4503 4504 4505 4506 4507 4508 4509 4510 4511 4512 4513 4514 4515 4516 4517 4518 4519 4520 4521 4522 4523 4524 4525 4526 4527 4528 4529 4530 4531 4532 4533 4534 4535 4536 4537 4538 4539 4540 4541 4542 4543 4544 4545 4546 4547 4548 4549 4550 4551 4552 4553 4554 4555 4556 4557 4558 4559 4560 4561 4562 4563 4564 4565 4566 4567 4568 4569 4570 4571 4572 4573 4574 4575 4576 4577 4578 4579 4580 4581 4582 4583 4584 4585 4586 4587 4588 4589 4590 4591 4592 4593 4594 4595 4596 4597 4598 4599 4600 4601 4602 4603 4604 4605 4606 4607 4608 4609 4610 4611 4612 4613 4614 4615 4616 4617 4618 4619 4620 4621 4622 4623 4624 4625 4626 4627 4628 4629 4630 4631 4632 4633 4634 4635 4636 4637 4638 4639 4640 4641 4642 4643 4644 4645 4646 4647 4648 4649 4650 4651 4652 4653 4654 4655 4656 4657 4658 4659 4660 4661 4662 4663 4664 4665 4666 4667 4668 4669 4670 4671 4672 4673 4674 4675 4676 4677 4678 4679 4680 4681 4682 4683 4684 4685 4686 4687 4688 4689 4690 4691 4692 4693 4694 4695 4696 4697 4698 4699 4700 4701 4702 4703 4704 4705 4706 4707 4708 4709 4710 4711 4712 4713 4714 4715 4716 4717 4718 4719 4720 4721 4722 4723 4724 4725 4726 4727 4728 4729 4730 4731 4732 4733 4734 4735 4736 4737 4738 4739 4740 4741 4742 4743 4744 4745 4746 4747 4748 4749 4750 4751 4752 4753 4754 4755 4756 4757 4758 4759 4760 4761 4762 4763 4764 4765 4766 4767 4768 4769 4770 4771 4772 4773 4774 4775 4776 4777 4778 4779 4780 4781 4782 4783 4784 4785 4786 4787 4788 4789 4790 4791 4792 4793 4794 4795 4796 4797 4798 4799 4800 4801 4802 4803 4804 4805 4806 4807 4808 4809 4810 4811 4812 4813 4814 4815 4816 4817 4818 4819 4820 4821 4822 4823 4824 4825 4826 4827 4828 4829 4830 4831 4832 4833 4834 4835 4836 4837 4838 4839 4840 4841 4842 4843 4844 4845 4846 4847 4848 4849 4850 4851 4852 4853 4854 4855 4856 4857 4858 4859 4860 4861 4862 4863 4864 4865 4866 4867 4868 4869 4870 4871 4872 4873 4874 4875 4876 4877 4878 4879 4880 4881 4882 4883 4884 4885 4886 4887 4888 4889 4890 4891 4892 4893 4894 4895 4896 4897 4898 4899 4900 4901 4902 4903 4904 4905 4906 4907 4908 4909 4910 4911 4912 4913 4914 4915 4916 4917 4918 4919 4920 4921 4922 4923 4924 4925 4926 4927 4928 4929 4930 4931 4932 4933 4934 4935 4936 4937 4938 4939 4940 4941 4942 4943 4944 4945 4946 4947 4948 4949 4950 4951 4952 4953 4954 4955 4956 4957 4958 4959 4960 4961 4962 4963 4964 4965 4966 4967 4968 4969 4970 4971 4972 4973 4974 4975 4976 4977 4978 4979 4980 4981 4982 4983 4984 4985 4986 4987 4988 4989 4990 4991 4992 4993 4994 4995 4996 4997 4998 4999 5000 5001 5002 5003 5004 5005 5006 5007 5008 5009 5010 5011 5012 5013 5014 5015 5016 5017 5018 5019 5020 5021 5022 5023 5024 5025 5026 5027 5028 5029 5030 
$BondTypes
1, 400 
2, 400 
3, 400 
4, 400 
5, 400 
6, 400 
7, 400 
8, 400 
9, 400 
10, 400 
11, 400 
12, 400 
13, 400 
14, 400 
15, 400 
16, 400 
17, 400 
18, 400 
19, 400 
20, 400 
21, 400 
22, 400 
23, 400 
24, 400 
25, 400 
26, 400 
27, 400 
28, 400 
29, 400 
30, 400 
31, 400 
32, 400 
33, 400 
34, 400 
35, 400 
36, 400 
37, 400 
38, 400 
39, 400 
40, 400 
41, 400 
42, 400 
43, 400 
44, 400 
45, 400 
46, 400 
47, 400 
48, 400 
49, 400 
50, 400 
51, 400 
52, 400 
53, 400 
54, 400 
55, 400 
56, 400 
57, 400 
58, 400 
59, 400 
60, 400 
61, 400 
62, 400 
63, 400 
64, 400 
65, 400 
66, 400 
67, 400 
68, 400 
69, 400 
70, 400 
71, 400 
72, 400 
73, 400 
74, 400 
75, 400 
76, 400 
77, 400 
78, 400 
79, 400 
80, 400 
81, 400 
82, 400 
83, 400 
84, 400 
85, 400 
86, 400 
87, 400 
88, 400 
89, 400 
90, 400 
91, 400 
92, 400 
93, 400 
94, 400 
95, 400 
96, 400 
97, 400 
98, 400 
99, 400 
100, 400 
101, 400 
102, 400 
103, 400 
104, 400 
105, 400 
106, 400 
107, 400 
108, 400 
109, 400 
110, 400 
111, 400 
112, 400 
113, 400 
114, 400 
115, 400 
116, 400 
117, 400 
118, 400 
119, 400 
120, 400 
121, 400 
122, 400 
123, 400 
124, 400 
125, 400 
126, 400 
127, 400 
128, 400 
129, 400 
130, 400 
131, 400 
132, 400 
133, 400 
134, 400 
135, 400 
136, 400 
137, 400 
138, 400 
139, 400 
140, 400 
141, 400 
142, 400 
143, 400 
144, 400 
145, 400 
146, 400 
147, 400 
148, 400 
149, 400 
150, 400 
151, 400 
152, 400 
153, 400 
154, 400 
155, 400 
156, 400 
157, 400 
158, 400 
159, 400 
160, 400 
161, 400 
162, 400 
163, 400 
164, 400 
165, 400 
166, 400 
167, 400 
168, 400 
169, 400 
170, 400 
171, 400 
172, 400 
173, 400 
174, 400 
175, 400 
176, 400 
177, 400 
178, 400 
179, 400 
180, 400 
181, 400 
182, 400 
183, 400 
184, 400 
185, 400 
186, 400 
187, 400 
188, 400 
189, 400 
190, 400 
191, 400 
192, 400 
193, 400 
194, 400 
195, 400 
196, 400 
197, 400 
198, 400 
199, 400 
200, 400 
201, 400 
202, 400 
203, 400 
204, 400 
205, 400 
206, 400 
207, 400 
208, 400 
209, 400 
210, 400 
211, 400 
212, 400 
213, 400 
214, 400 
215, 400 
216, 400 
217, 400 
218, 400 
219, 400 
220, 400 
221, 400 
222, 400 
223, 400 
224, 400 
225, 400 
226, 400 
227, 400 
228, 400 
229, 400 
230, 400 
231, 400 
232, 400 
233, 400 
234, 400 
235, 400 
236, 400 
237, 400 
238, 400 
239, 400 
240, 400 
241, 400 
242, 400 
243, 400 
244, 400 
245, 400 
246, 400 
247, 400 
248, 400 
249, 400 
250, 400 
251, 400 
252, 400 
253, 400 
254, 400 
255, 400 
256, 400 
257, 400 
258, 400 
259, 400 
260, 400 
261, 400 
262, 400 
263, 400 
264, 400 
265, 400 
266, 400 
267, 400 
268, 400 
269, 400 
270, 400 
271, 400 
272, 400 
273, 400 
274, 400 
275, 400 
276, 400 
277, 400 
278, 400 
279, 400 
280, 400 
281, 400 
282, 400 
283, 400 
284, 400 
285, 400 
286, 400 
287, 400 
288, 400 
289, 400 
290, 400 
291, 400 
292, 400 
293, 400 
294, 400 
295, 400 
296, 400 
297, 400 
298, 400 
299, 400 
300, 400 
301, 400 
302, 400 
303, 400 
304, 400 
305, 400 
306, 400 
307, 400 
308, 400 
309, 400 
310, 400 
311, 400 
312, 400 
313, 400 
314, 400 
315, 400 
316, 400 
317, 400 
318, 400 
319, 400 
320, 400 
321, 400 
322, 400 
323, 400 
324, 400 
325, 400 
326, 400 
327, 400 
328, 400 
329, 400 
330, 400 
331, 400 
332, 400 
333, 400 
334, 400 
335, 400 
336, 400 
337, 400 
338, 400 
339, 400 
340, 400 
341, 400 
342, 400 
343, 400 
344, 400 
345, 400 
346, 400 
347, 400 
348, 400 
349, 400 
350, 400 
351, 400 
352, 400 
353, 400 
354, 400 
355, 400 
356, 400 
357, 400 
358, 400 
359, 400 
360, 400 
361, 400 
362, 400 
363, 400 
364, 400 
365, 400 
366, 400 
367, 400 
368, 400 
369, 400 
370, 400 
371, 400 
372, 400 
373, 400 
374, 400 
375, 400 
376, 400 
377, 400 
378, 400 
379, 400 
380, 400 
381, 400 
382, 400 
383, 400 
384, 400 
385, 400 
386, 400 
387, 400 
388, 400 
389, 400 
390, 400 
391, 400 
392, 400 
393, 400 
394, 400 
395, 400 
396, 400 
397, 400 
398, 400 
399, 400 
400, 400 
401, 400 
402, 400 
403, 400 
404, 400 
405, 400 
406, 400 
407, 400 
408, 400 
409, 400 
410, 400 
411, 400 
412, 400 
413, 400 
414, 400 
415, 400 
416, 400 
417, 400 
418, 400 
419, 400 
420, 400 
421, 400 
422, 400 
423, 400 
424, 400 
425, 400 
426, 400 
427, 400 
428, 400 
429, 400 
430, 400 
431, 400 
432, 400 
433, 400 
434, 400 
435, 400 
436, 400 
437, 400 
438, 400 
439, 400 
440, 400 
441, 400 
442, 400 
443, 400 
444, 400 
445, 400 
446, 400 
447, 400 
448, 400 
449, 400 
450, 400 
451, 400 
452, 400 
453, 400 
454, 400 
455, 400 
456, 400 
457, 400 
458, 400 
459, 400 
460, 400 
461, 400 
462, 400 
463, 400 
464, 400 
465, 400 
466, 400 
467, 400 
468, 400 
469, 400 
470, 400 
471, 400 
472, 400 
473, 400 
474, 400 
475, 400 
476, 400 
477, 400 
478, 400 
479, 400 
480, 400 
481, 400 
482, 400 
483, 400 
484, 400 
485, 400 
486, 400 
487, 400 
488, 400 
489, 400 
490, 400 
491, 400 
492, 400 
493, 400 
494, 400 
495, 400 
496, 400 
497, 400 
498, 400 
499, 400 
500, 400 
501, 400 
502, 400 
503, 400 
504, 400 
505, 400 
506, 400 
507, 400 
508, 400 
509, 400 
510, 400 
511, 400 
512, 400 
513, 400 
514, 400 
515, 400 
516, 400 
517, 400 
518, 400 
519, 400 
520, 400 
521, 400 
522, 400 
523, 400 
524, 400 
525, 400 
526, 400 
527, 400 
528, 400 
529, 400 
530, 400 
531, 400 
532, 400 
533, 400 
534, 400 
535, 400 
536, 400 
537, 400 
538, 400 
539, 400 
540, 400 
541, 400 
542, 400 
543, 400 
544, 400 
545, 400 
546, 400 
547, 400 
548, 400 
549, 400 
550, 400 
551, 400 
552, 400 
553, 400 
554, 400 
555, 400 
556, 400 
557, 400 
558, 400 
559, 400 
560, 400 
561, 400 
562, 400 
563, 400 
564, 400 
565, 400 
566, 400 
567, 400 
568, 400 
569, 400 
570, 400 
571, 400 
572, 400 
573, 400 
574, 400 
575, 400 
576, 400 
577, 400 
578, 400 
579, 400 
580, 400 
581, 400 
582, 400 
583, 400 
584, 400 
585, 400 
586, 400 
587, 400 
588, 400 
589, 400 
590, 400 
591, 400 
592, 400 
593, 400 
594, 400 
595, 400 
596, 400 
597, 400 
598, 400 
599, 400 
600, 400 
601, 400 
602, 400 
603, 400 
604, 400 
605, 400 
606, 400 
607, 400 
608, 400 
609, 400 
610, 400 
611, 400 
612, 400 
613, 400 
614, 400 
615, 400 
616, 400 
617, 400 
618, 400 
619, 400 
620, 400 
621, 400 
622, 400 
623, 400 
624, 400 
625, 400 
626, 400 
627, 400 
628, 400 
629, 400 
630, 400 
631, 400 
632, 400 
633, 400 
634, 400 
635, 400 
636, 400 
637, 400 
638, 400 
639, 400 
640, 400 
641, 400 
642, 400 
643, 400 
644, 400 
645, 400 
646, 400 
647, 400 
648, 400 
649, 400 
650, 400 
651, 400 
652, 400 
653, 400 
654, 400 
655, 400 
656, 400 
657, 400 
658, 400 
659, 400 
660, 400 
661, 400 
662, 400 
663, 400 
664, 400 
665, 400 
666, 400 
667, 400 
668, 400 
669, 400 
670, 400 
671, 400 
672, 400 
673, 400 
674, 400 
675, 400 
676, 400 
677, 400 
678, 400 
679, 400 
680, 400 
681, 400 
682, 400 
683, 400 
684, 400 
685, 400 
686, 400 
687, 400 
688, 400 
689, 400 
690, 400 
691, 400 
692, 400 
693, 400 
694, 400 
695, 400 
696, 400 
697, 400 
698, 400 
699, 400 
700, 400 
701, 400 
702, 400 
703, 400 
704, 400 
705, 400 
706, 400 
707, 400 
708, 400 
709, 400 
710, 400 
711, 400 
712, 400 
713, 400 
714, 400 
715, 400 
716, 400 
717, 400 
718, 400 
719, 400 
720, 400 
721, 400 
722, 400 
723, 400 
724, 400 
725, 400 
726, 400 
727, 400 
728, 400 
729, 400 
730, 400 
731, 400 
732, 400 
733, 400 
734, 400 
735, 400 
736, 400 
737, 400 
738, 400 
739, 400 
740, 400 
741, 400 
742, 400 
743, 400 
744, 400 
745, 400 
746, 400 
747, 400 
748, 400 
749, 400 
750, 400 
751, 400 
752, 400 
753, 400 
754, 400 
755, 400 
756, 400 
757, 400 
758, 400 
759, 400 
760, 400 
761, 400 
762, 400 
763, 400 
764, 400 
765, 400 
766, 400 
767, 400 
768, 400 
769, 400 
770, 400 
771, 400 
772, 400 
773, 400 
774, 400 
775, 400 
776, 400 
777, 400 
778, 400 
779, 400 
780, 400 
781, 400 
782, 400 
783, 400 
784, 400 
785, 400 
786, 400 
787, 400 
788, 400 
789, 400 
790, 400 
791, 400 
792, 400 
793, 400 
794, 400 
795, 400 
796, 400 
797, 400 
798, 400 
799, 400 
800, 400 
801, 400 
802, 400 
803, 400 
804, 400 
805, 400 
806, 400 
807, 400 
808, 400 
809, 400 
810, 400 
811, 400 
812, 400 
813, 400 
814, 400 
815, 400 
816, 400 
817, 400 
818, 400 
819, 400 
820, 400 
821, 400 
822, 400 
823, 400 
824, 400 
825, 400 
826, 400 
827, 400 
828, 400 
829, 400 
830, 400 
831, 400 
832, 400 
833, 400 
834, 400 
835, 400 
836, 400 
837, 400 
838, 400 
839, 400 
840, 400 
841, 400 
842, 400 
843, 400 
844, 400 
845, 400 
846, 400 
847, 400 
848, 400 
849, 400 
850, 400 
851, 400 
852, 400 
853, 400 
854, 400 
855, 400 
856, 400 
857, 400 
858, 400 
859, 400 
860, 400 
861, 400 
862, 400 
863, 400 
864, 400 
865, 400 
866, 400 
867, 400 
868, 400 
869, 400 
870, 400 
871, 400 
872, 400 
873, 400 
874, 400 
875, 400 
876, 400 
877, 400 
878, 400 
879, 400 
880, 400 
881, 400 
882, 400 
883, 400 
884, 400 
885, 400 
886, 400 
887, 400 
888, 400 
889, 400 
890, 400 
891, 400 
892, 400 
893, 400 
894, 400 
895, 400 
896, 400 
897, 400 
898, 400 
899, 400 
900, 400 
901, 400 
902, 400 
903, 400 
904, 400 
905, 400 
906, 400 
907, 400 
908, 400 
909, 400 
910, 400 
911, 400 
912, 400 
913, 400 
914, 400 
915, 400 
916, 400 
917, 400 
918, 400 
919, 400 
920, 400 
921, 400 
922, 400 
923, 400 
924, 400 
925, 400 
926, 400 
927, 400 
928, 400 
929, 400 
930, 400 
931, 400 
932, 400 
933, 400 
934, 400 
935, 400 
936, 400 
937, 400 
938, 400 
939, 400 
940, 400 
941, 400 
942, 400 
943, 400 
944, 400 
945, 400 
946, 400 
947, 400 
948, 400 
949, 400 
950, 400 
951, 400 
952, 400 
953, 400 
954, 400 
955, 400 
956, 400 
957, 400 
958, 400 
959, 400 
960, 400 
961, 400 
962, 400 
963, 400 
964, 400 
965, 400 
966, 400 
967, 400 
968, 400 
969, 400 
970, 400 
971, 400 
972, 400 
973, 400 
974, 400 
975, 400 
976, 400 
977, 400 
978, 400 
979, 400 
980, 400 
981, 400 
982, 400 
983, 400 
984, 400 
985, 400 
986, 400 
987, 400 
988, 400 
989, 400 
990, 400 
991, 400 
992, 400 
993, 400 
994, 400 
995, 400 
996, 400 
997, 400 
998, 400 
999, 400 
1000, 400 
1001, 400 
1002, 400 
1003, 400 
1004, 400 
1005, 400 
1006, 400 
1007, 400 
1008, 400 
1009, 400 
1010, 400 
1011, 400 
1012, 400 
1013, 400 
1014, 400 
1015, 400 
1016, 400 
1017, 400 
1018, 400 
1019, 400 
1020, 400 
1021, 400 
1022, 400 
1023, 400 
1024, 400 
1025, 400 
1026, 400 
1027, 400 
1028, 400 
1029, 400 
1030, 400 
1031, 400 
1032, 400 
1033, 400 
1034, 400 
1035, 400 
1036, 400 
1037, 400 
1038, 400 
1039, 400 
1040, 400 
1041, 400 
1042, 400 
1043, 400 
1044, 400 
1045, 400 
1046, 400 
1047, 400 
1048, 400 
1049, 400 
1050, 400 
1051, 400 
1052, 400 
1053, 400 
1054, 400 
1055, 400 
1056, 400 
1057, 400 
1058, 400 
1059, 400 
1060, 400 
1061, 400 
1062, 400 
1063, 400 
1064, 400 
1065, 400 
1066, 400 
1067, 400 
1068, 400 
1069, 400 
1070, 400 
1071, 400 
1072, 400 
1073, 400 
1074, 400 
1075, 400 
1076, 400 
1077, 400 
1078, 400 
1079, 400 
1080, 400 
1081, 400 
1082, 400 
1083, 400 
1084, 400 
1085, 400 
1086, 400 
1087, 400 
1088, 400 
1089, 400 
1090, 400 
1091, 400 
1092, 400 
1093, 400 
1094, 400 
1095, 400 
1096, 400 
1097, 400 
1098, 400 
1099, 400 
1100, 400 
1101, 400 
1102, 400 
1103, 400 
1104, 400 
1105, 400 
1106, 400 
1107, 400 
1108, 400 
1109, 400 
1110, 400 
1111, 400 
1112, 400 
1113, 400 
1114, 400 
1115, 400 
1116, 400 
1117, 400 
1118, 400 
1119, 400 
1120, 400 
1121, 400 
1122, 400 
1123, 400 
1124, 400 
1125, 400 
1126, 400 
1127, 400 
1128, 400 
1129, 400 
1130, 400 
1131, 400 
1132, 400 
1133, 400 
1134, 400 
1135, 400 
1136, 400 
1137, 400 
1138, 400 
1139, 400 
1140, 400 
1141, 400 
1142, 400 
1143, 400 
1144, 400 
1145, 400 
1146, 400 
1147, 400 
1148, 400 
1149, 400 
1150, 400 
1151, 400 
1152, 400 
1153, 400 
1154, 400 
1155, 400 
1156, 400 
1157, 400 
1158, 400 
1159, 400 
1160, 400 
1161, 400 
1162, 400 
1163, 400 
1164, 400 
1165, 400 
1166, 400 
1167, 400 
1168, 400 
1169, 400 
1170, 400 
1171, 400 
1172, 400 
1173, 400 
1174, 400 
1175, 400 
1176, 400 
1177, 400 
1178, 400 
1179, 400 
1180, 400 
1181, 400 
1182, 400 
1183, 400 
1184, 400 
1185, 400 
1186, 400 
1187, 400 
1188, 400 
1189, 400 
1190, 400 
1191, 400 
1192, 400 
1193, 400 
1194, 400 
1195, 400 
1196, 400 
1197, 400 
1198, 400 
1199, 400 
1200, 400 
1201, 400 
1202, 400 
1203, 400 
1204, 400 
1205, 400 
1206, 400 
1207, 400 
1208, 400 
1209, 400 
1210, 400 
1211, 400 
1212, 400 
1213, 400 
1214, 400 
1215, 400 
1216, 400 
1217, 400 
1218, 400 
1219, 400 
1220, 400 
1221, 400 
1222, 400 
1223, 400 
1224, 400 
1225, 400 
1226, 400 
1227, 400 
1228, 400 
1229, 400 
1230, 400 
1231, 400 
1232, 400 
1233, 400 
1234, 400 
1235, 400 
1236, 400 
1237, 400 
1238, 400 
1239, 400 
1240, 400 
1241, 400 
1242, 400 
1243, 400 
1244, 400 
1245, 400 
1246, 400 
1247, 400 
1248, 400 
1249, 400 
1250, 400 
1251, 400 
1252, 400 
1253, 400 
1254, 400 
1255, 400 
1256, 400 
1257, 400 
1258, 400 
1259, 400 
1260, 400 
1261, 400 
1262, 400 
1263, 400 
1264, 400 
1265, 400 
1266, 400 
1267, 400 
1268, 400 
1269, 400 
1270, 400 
1271, 400 
1272, 400 
1273, 400 
1274, 400 
1275, 400 
1276, 400 
1277, 400 
1278, 400 
1279, 400 
1280, 400 
1281, 400 
1282, 400 
1283, 400 
1284, 400 
1285, 400 
1286, 400 
1287, 400 
1288, 400 
1289, 400 
1290, 400 
1291, 400 
1292, 400 
1293, 400 
1294, 400 
1295, 400 
1296, 400 
1297, 400 
1298, 400 
1299, 400 
1300, 400 
1301, 400 
1302, 400 
1303, 400 
1304, 400 
1305, 400 
1306, 400 
1307, 400 
1308, 400 
1309, 400 
1310, 400 
1311, 400 
1312, 400 
1313, 400 
1314, 400 
1315, 400 
1316, 400 
1317, 400 
1318, 400 
1319, 400 
1320, 400 
1321, 400 
1322, 400 
1323, 400 
1324, 400 
1325, 400 
1326, 400 
1327, 400 
1328, 400 
1329, 400 
1330, 400 
1331, 400 
1332, 400 
1333, 400 
1334, 400 
1335, 400 
1336, 400 
1337, 400 
1338, 400 
1339, 400 
1340, 400 
1341, 400 
1342, 400 
1343, 400 
1344, 400 
1345, 400 
1346, 400 
1347, 400 
1348, 400 
1349, 400 
1350, 400 
1351, 400 
1352, 400 
1353, 400 
1354, 400 
1355, 400 
1356, 400 
1357, 400 
1358, 400 
1359, 400 
1360, 400 
1361, 400 
1362, 400 
1363, 400 
1364, 400 
1365, 400 
1366, 400 
1367, 400 
1368, 400 
1369, 400 
1370, 400 
1371, 400 
1372, 400 
1373, 400 
1374, 400 
1375, 400 
1376, 400 
1377, 400 
1378, 400 
1379, 400 
1380, 400 
1381, 400 
1382, 400 
1383, 400 
1384, 400 
1385, 400 
1386, 400 
1387, 400 
1388, 400 
1389, 400 
1390, 400 
1391, 400 
1392, 400 
1393, 400 
1394, 400 
1395, 400 
1396, 400 
1397, 400 
1398, 400 
1399, 400 
1400, 400 
1401, 400 
1402, 400 
1403, 400 
1404, 400 
1405, 400 
1406, 400 
1407, 400 
1408, 400 
1409, 400 
1410, 400 
1411, 400 
1412, 400 
1413, 400 
1414, 400 
1415, 400 
1416, 400 
1417, 400 
1418, 400 
1419, 400 
1420, 400 
1421, 400 
1422, 400 
1423, 400 
1424, 400 
1425, 400 
1426, 400 
1427, 400 
1428, 400 
1429, 400 
1430, 400 
1431, 400 
1432, 400 
1433, 400 
1434, 400 
1435, 400 
1436, 400 
1437, 400 
1438, 400 
1439, 400 
1440, 400 
1441, 400 
1442, 400 
1443, 400 
1444, 400 
1445, 400 
1446, 400 
1447, 400 
1448, 400 
1449, 400 
1450, 400 
1451, 400 
1452, 400 
1453, 400 
1454, 400 
1455, 400 
1456, 400 
1457, 400 
1458, 400 
1459, 400 
1460, 400 
1461, 400 
1462, 400 
1463, 400 
1464, 400 
1465, 400 
1466, 400 
1467, 400 
1468, 400 
1469, 400 
1470, 400 
1471, 400 
1472, 400 
1473, 400 
1474, 400 
1475, 400 
1476, 400 
1477, 400 
1478, 400 
1479, 400 
1480, 400 
1481, 400 
1482, 400 
1483, 400 
1484, 400 
1485, 400 
1486, 400 
1487, 400 
1488, 400 
1489, 400 
1490, 400 
1491, 400 
1492, 400 
1493, 400 
1494, 400 
1495, 400 
1496, 400 
1497, 400 
1498, 400 
1499, 400 
1500, 400 
1501, 400 
1502, 400 
1503, 400 
1504, 400 
1505, 400 
1506, 400 
1507, 400 
1508, 400 
1509, 400 
1510, 400 
1511, 400 
1512, 400 
1513, 400 
1514, 400 
1515, 400 
1516, 400 
1517, 400 
1518, 400 
1519, 400 
1520, 400 
1521, 400 
1522, 400 
1523, 400 
1524, 400 
1525, 400 
1526, 400 
1527, 400 
1528, 400 
1529, 400 
1530, 400 
1531, 400 
1532, 400 
1533, 400 
1534, 400 
1535, 400 
1536, 400 
1537, 400 
1538, 400 
1539, 400 
1540, 400 
1541, 400 
1542, 400 
1543, 400 
1544, 400 
1545, 400 
1546, 400 
1547, 400 
1548, 400 
1549, 400 
1550, 400 
1551, 400 
1552, 400 
1553, 400 
1554, 400 
1555, 400 
1556, 400 
1557, 400 
1558, 400 
1559, 400 
1560, 400 
1561, 400 
1562, 400 
1563, 400 
1564, 400 
1565, 400 
1566, 400 
1567, 400 
1568, 400 
1569, 400 
1570, 400 
1571, 400 
1572, 400 
1573, 400 
1574, 400 
1575, 400 
1576, 400 
1577, 400 
1578, 400 
1579, 400 
1580, 400 
1581, 400 
1582, 400 
1583, 400 
1584, 400 
1585, 400 
1586, 400 
1587, 400 
1588, 400 
1589, 400 
1590, 400 
1591, 400 
1592, 400 
1593, 400 
1594, 400 
1595, 400 
1596, 400 
1597, 400 
1598, 400 
1599, 400 
1600, 400 
1601, 400 
1602, 400 
1603, 400 
1604, 400 
1605, 400 
1606, 400 
1607, 400 
1608, 400 
1609, 400 
1610, 400 
1611, 400 
1612, 400 
1613, 400 
1614, 400 
1615, 400 
1616, 400 
1617, 400 
1618, 400 
1619, 400 
1620, 400 
1621, 400 
1622, 400 
1623, 400 
1624, 400 
1625, 400 
1626, 400 
1627, 400 
1628, 400 
1629, 400 
1630, 400 
1631, 400 
1632, 400 
1633, 400 
1634, 400 
1635, 400 
1636, 400 
1637, 400 
1638, 400 
1639, 400 
1640, 400 
1641, 400 
1642, 400 
1643, 400 
1644, 400 
1645, 400 
1646, 400 
1647, 400 
1648, 400 
1649, 400 
1650, 400 
1651, 400 
1652, 400 
1653, 400 
1654, 400 
1655, 400 
1656, 400 
1657, 400 
1658, 400 
1659, 400 
1660, 400 
1661, 400 
1662, 400 
1663, 400 
1664, 400 
1665, 400 
1666, 400 
1667, 400 
1668, 400 
1669, 400 
1670, 400 
1671, 400 
1672, 400 
1673, 400 
1674, 400 
1675, 400 
1676, 400 
1677, 400 
1678, 400 
1679, 400 
1680, 400 
1681, 400 
1682, 400 
1683, 400 
1684, 400 
1685, 400 
1686, 400 
1687, 400 
1688, 400 
1689, 400 
1690, 400 
1691, 400 
1692, 400 
1693, 400 
1694, 400 
1695, 400 
1696, 400 
1697, 400 
1698, 400 
1699, 400 
1700, 400 
1701, 400 
1702, 400 
1703, 400 
1704, 400 
1705, 400 
1706, 400 
1707, 400 
1708, 400 
1709, 400 
1710, 400 
1711, 400 
1712, 400 
1713, 400 
1714, 400 
1715, 400 
1716, 400 
1717, 400 
1718, 400 
1719, 400 
1720, 400 
1721, 400 
1722, 400 
1723, 400 
1724, 400 
1725, 400 
1726, 400 
1727, 400 
1728, 400 
1729, 400 
1730, 400 
1731, 400 
1732, 400 
1733, 400 
1734, 400 
1735, 400 
1736, 400 
1737, 400 
1738, 400 
1739, 400 
1740, 400 
1741, 400 
1742, 400 
1743, 400 
1744, 400 
1745, 400 
1746, 400 
1747, 400 
1748, 400 
1749, 400 
1750, 400 
1751, 400 
1752, 400 
1753, 400 
1754, 400 
1755, 400 
1756, 400 
1757, 400 
1758, 400 
1759, 400 
1760, 400 
1761, 400 
1762, 400 
1763, 400 
1764, 400 
1765, 400 
1766, 400 
1767, 400 
1768, 400 
1769, 400 
1770, 400 
1771, 400 
1772, 400 
1773, 400 
1774, 400 
1775, 400 
1776, 400 
1777, 400 
1778, 400 
1779, 400 
1780, 400 
1781, 400 
1782, 400 
1783, 400 
1784, 400 
1785, 400 
1786, 400 
1787, 400 
1788, 400 
1789, 400 
1790, 400 
1791, 400 
1792, 400 
1793, 400 
1794, 400 
1795, 400 
1796, 400 
1797, 400 
1798, 400 
1799, 400 
1800, 400 
1801, 400 
1802, 400 
1803, 400 
1804, 400 
1805, 400 
1806, 400 
1807, 400 
1808, 400 
1809, 400 
1810, 400 
1811, 400 
1812, 400 
1813, 400 
1814, 400 
1815, 400 
1816, 400 
1817, 400 
1818, 400 
1819, 400 
1820, 400 
1821, 400 
1822, 400 
1823, 400 
1824, 400 
1825, 400 
1826, 400 
1827, 400 
1828, 400 
1829, 400 
1830, 400 
1831, 400 
1832, 400 
1833, 400 
1834, 400 
1835, 400 
1836, 400 
1837, 400 
1838, 400 
1839, 400 
1840, 400 
1841, 400 
1842, 400 
1843, 400 
1844, 400 
1845, 400 
1846, 400 
1847, 400 
1848, 400 
1849, 400 
1850, 400 
1851, 400 
1852, 400 
1853, 400 
1854, 400 
1855, 400 
1856, 400 
1857, 400 
1858, 400 
1859, 400 
1860, 400 
1861, 400 
1862, 400 
1863, 400 
1864, 400 
1865, 400 
1866, 400 
1867, 400 
1868, 400 
1869, 400 
1870, 400 
1871, 400 
1872, 400 
1873, 400 
1874, 400 
1875, 400 
1876, 400 
1877, 400 
1878, 400 
1879, 400 
1880, 400 
1881, 400 
1882, 400 
1883, 400 
1884, 400 
1885, 400 
1886, 400 
1887, 400 
1888, 400 
1889, 400 
1890, 400 
1891, 400 
1892, 400 
1893, 400 
1894, 400 
1895, 400 
1896, 400 
1897, 400 
1898, 400 
1899, 400 
1900, 400 
1901, 400 
1902, 400 
1903, 400 
1904, 400 
1905, 400 
1906, 400 
1907, 400 
1908, 400 
1909, 400 
1910, 400 
1911, 400 
1912, 400 
1913, 400 
1914, 400 
1915, 400 
1916, 400 
1917, 400 
1918, 400 
1919, 400 
1920, 400 
1921, 400 
1922, 400 
1923, 400 
1924, 400 
1925, 400 
1926, 400 
1927, 400 
1928, 400 
1929, 400 
1930, 400 
1931, 400 
1932, 400 
1933, 400 
1934, 400 
1935, 400 
1936, 400 
1937, 400 
1938, 400 
1939, 400 
1940, 400 
1941, 400 
1942, 400 
1943, 400 
1944, 400 
1945, 400 
1946, 400 
1947, 400 
1948, 400 
1949, 400 
1950, 400 
1951, 400 
1952, 400 
1953, 400 
1954, 400 
1955, 400 
1956, 400 
1957, 400 
1958, 400 
1959, 400 
1960, 400 
1961, 400 
1962, 400 
1963, 400 
1964, 400 
1965, 400 
1966, 400 
1967, 400 
1968, 400 
1969, 400 
1970, 400 
1971, 400 
1972, 400 
1973, 400 
1974, 400 
1975, 400 
1976, 400 
1977, 400 
1978, 400 
1979, 400 
1980, 400 
1981, 400 
1982, 400 
1983, 400 
1984, 400 
1985, 400 
1986, 400 
1987, 400 
1988, 400 
1989, 400 
1990, 400 
1991, 400 
1992, 400 
1993, 400 
1994, 400 
1995, 400 
1996, 400 
1997, 400 
1998, 400 
1999, 400 
2000, 400 
2001, 400 
2002, 400 
2003, 400 
2004, 400 
2005, 400 
2006, 400 
2007, 400 
2008, 400 
2009, 400 
2010, 400 
2011, 400 
2012, 400 
2013, 400 
2014, 400 
2015, 400 
2016, 400 
2017, 400 
2018, 400 
2019, 400 
2020, 400 
2021, 400 
2022, 400 
2023, 400 
2024, 400 
2025, 400 
2026, 400 
2027, 400 
2028, 400 
2029, 400 
2030, 400 
2031, 400 
2032, 400 
2033, 400 
2034, 400 
2035, 400 
2036, 400 
2037, 400 
2038, 400 
2039, 400 
2040, 400 
2041, 400 
2042, 400 
2043, 400 
2044, 400 
2045, 400 
2046, 400 
2047, 400 
2048, 400 
2049, 400 
2050, 400 
2051, 400 
2052, 400 
2053, 400 
2054, 400 
2055, 400 
2056, 400 
2057, 400 
2058, 400 
2059, 400 
2060, 400 
2061, 400 
2062, 400 
2063, 400 
2064, 400 
2065, 400 
2066, 400 
2067, 400 
2068, 400 
2069, 400 
2070, 400 
2071, 400 
2072, 400 
2073, 400 
2074, 400 
2075, 400 
2076, 400 
2077, 400 
2078, 400 
2079, 400 
2080, 400 
2081, 400 
2082, 400 
2083, 400 
2084, 400 
2085, 400 
2086, 400 
2087, 400 
2088, 400 
2089, 400 
2090, 400 
2091, 400 
2092, 400 
2093, 400 
2094, 400 
2095, 400 
2096, 400 
2097, 400 
2098, 400 
2099, 400 
2100, 400 
2101, 400 
2102, 400 
2103, 400 
2104, 400 
2105, 400 
2106, 400 
2107, 400 
2108, 400 
2109, 400 
2110, 400 
2111, 400 
2112, 400 
2113, 400 
2114, 400 
2115, 400 
2116, 400 
2117, 400 
2118, 400 
2119, 400 
2120, 400 
2121, 400 
2122, 400 
2123, 400 
2124, 400 
2125, 400 
2126, 400 
2127, 400 
2128, 400 
2129, 400 
2130, 400 
2131, 400 
2132, 400 
2133, 400 
2134, 400 
2135, 400 
2136, 400 
2137, 400 
2138, 400 
2139, 400 
2140, 400 
2141, 400 
2142, 400 
2143, 400 
2144, 400 
2145, 400 
2146, 400 
2147, 400 
2148, 400 
2149, 400 
2150, 400 
2151, 400 
2152, 400 
2153, 400 
2154, 400 
2155, 400 
2156, 400 
2157, 400 
2158, 400 
2159, 400 
2160, 400 
2161, 400 
2162, 400 
2163, 400 
2164, 400 
2165, 400 
2166, 400 
2167, 400 
2168, 400 
2169, 400 
2170, 400 
2171, 400 
2172, 400 
2173, 400 
2174, 400 
2175, 400 
2176, 400 
2177, 400 
2178, 400 
2179, 400 
2180, 400 
2181, 400 
2182, 400 
2183, 400 
2184, 400 
2185, 400 
2186, 400 
2187, 400 
2188, 400 
2189, 400 
2190, 400 
2191, 400 
2192, 400 
2193, 400 
2194, 400 
2195, 400 
2196, 400 
2197, 400 
2198, 400 
2199, 400 
2200, 400 
2201, 400 
2202, 400 
2203, 400 
2204, 400 
2205, 400 
2206, 400 
2207, 400 
2208, 400 
2209, 400 
2210, 400 
2211, 400 
2212, 400 
2213, 400 
2214, 400 
2215, 400 
2216, 400 
2217, 400 
2218, 400 
2219, 400 
2220, 400 
2221, 400 
2222, 400 
2223, 400 
2224, 400 
2225, 400 
2226, 400 
2227, 400 
2228, 400 
2229, 400 
2230, 400 
2231, 400 
2232, 400 
2233, 400 
2234, 400 
2235, 400 
2236, 400 
2237, 400 
2238, 400 
2239, 400 
2240, 400 
2241, 400 
2242, 400 
2243, 400 
2244, 400 
2245, 400 
2246, 400 
2247, 400 
2248, 400 
2249, 400 
2250, 400 
2251, 400 
2252, 400 
2253, 400 
2254, 400 
2255, 400 
2256, 400 
2257, 400 
2258, 400 
2259, 400 
2260, 400 
2261, 400 
2262, 400 
2263, 400 
2264, 400 
2265, 400 
2266, 400 
2267, 400 
2268, 400 
2269, 400 
2270, 400 
2271, 400 
2272, 400 
2273, 400 
2274, 400 
2275, 400 
2276, 400 
2277, 400 
2278, 400 
2279, 400 
2280, 400 
2281, 400 
2282, 400 
2283, 400 
2284, 400 
2285, 400 
2286, 400 
2287, 400 
2288, 400 
2289, 400 
2290, 400 
2291, 400 
2292, 400 
2293, 400 
2294, 400 
2295, 400 
2296, 400 
2297, 400 
2298, 400 
2299, 400 
2300, 400 
2301, 400 
2302, 400 
2303, 400 
2304, 400 
2305, 400 
2306, 400 
2307, 400 
2308, 400 
2309, 400 
2310, 400 
2311, 400 
2312, 400 
2313, 400 
2314, 400 
2315, 400 
2316, 400 
2317, 400 
2318, 400 
2319, 400 
2320, 400 
2321, 400 
2322, 400 
2323, 400 
2324, 400 
2325, 400 
2326, 400 
2327, 400 
2328, 400 
2329, 400 
2330, 400 
2331, 400 
2332, 400 
2333, 400 
2334, 400 
2335, 400 
2336, 400 
2337, 400 
2338, 400 
2339, 400 
2340, 400 
2341, 400 
2342, 400 
2343, 400 
2344, 400 
2345, 400 
2346, 400 
2347, 400 
2348, 400 
2349, 400 
2350, 400 
2351, 400 
2352, 400 
2353, 400 
2354, 400 
2355, 400 
2356, 400 
2357, 400 
2358, 400 
2359, 400 
2360, 400 
2361, 400 
2362, 400 
2363, 400 
2364, 400 
2365, 400 
2366, 400 
2367, 400 
2368, 400 
2369, 400 
2370, 400 
2371, 400 
2372, 400 
2373, 400 
2374, 400 
2375, 400 
2376, 400 
2377, 400 
2378, 400 
2379, 400 
2380, 400 
2381, 400 
2382, 400 
2383, 400 
2384, 400 
2385, 400 
2386, 400 
2387, 400 
2388, 400 
2389, 400 
2390, 400 
2391, 400 
2392, 400 
2393, 400 
2394, 400 
2395, 400 
2396, 400 
2397, 400 
2398, 400 
2399, 400 
2400, 400 
2401, 400 
2402, 400 
2403, 400 
2404, 400 
2405, 400 
2406, 400 
2407, 400 
2408, 400 
2409, 400 
2410, 400 
2411, 400 
2412, 400 
2413, 400 
2414, 400 
2415, 400 
2416, 400 
2417, 400 
2418, 400 
2419, 400 
2420, 400 
2421, 400 
2422, 400 
2423, 400 
2424, 400 
2425, 400 
2426, 400 
2427, 400 
2428, 400 
2429, 400 
2430, 400 
2431, 400 
2432, 400 
2433, 400 
2434, 400 
2435, 400 
2436, 400 
2437, 400 
2438, 400 
2439, 400 
2440, 400 
2441, 400 
2442, 400 
2443, 400 
2444, 400 
2445, 400 
2446, 400 
2447, 400 
2448, 400 
2449, 400 
2450, 400 
2451, 400 
2452, 400 
2453, 400 
2454, 400 
2455, 400 
2456, 400 
2457, 400 
2458, 400 
2459, 400 
2460, 400 
2461, 400 
2462, 400 
2463, 400 
2464, 400 
2465, 400 
2466, 400 
2467, 400 
2468, 400 
2469, 400 
2470, 400 
2471, 400 
2472, 400 
2473, 400 
2474, 400 
2475, 400 
2476, 400 
2477, 400 
2478, 400 
2479, 400 
2480, 400 
2481, 400 
2482, 400 
2483, 400 
2484, 400 
2485, 400 
2486, 400 
2487, 400 
2488, 400 
2489, 400 
2490, 400 
2491, 400 
2492, 400 
2493, 400 
2494, 400 
2495, 400 
2496, 400 
2497, 400 
2498, 400 
2499, 400 
2500, 400 
2501, 400 
2502, 400 
2503, 400 
2504, 400 
2505, 400 
2506, 400 
2507, 400 
2508, 400 
2509, 400 
2510, 400 
2511, 400 
2512, 400 
2513, 400 
2514, 400 
2515, 400 
2516, 400 
2517, 400 
2518, 400 
2519, 400 
2520, 400 
2521, 400 
2522, 400 
2523, 400 
2524, 400 
2525, 400 
2526, 400 
2527, 400 
2528, 400 
2529, 400 
2530, 400 
2531, 400 
2532, 400 
2533, 400 
2534, 400 
2535, 400 
2536, 400 
2537, 400 
2538, 400 
2539, 400 
2540, 400 
2541, 400 
2542, 400 
2543, 400 
2544, 400 
2545, 400 
2546, 400 
2547, 400 
2548, 400 
2549, 400 
2550, 400 
2551, 400 
2552, 400 
2553, 400 
2554, 400 
2555, 400 
2556, 400 
2557, 400 
2558, 400 
2559, 400 
2560, 400 
2561, 400 
2562, 400 
2563, 400 
2564, 400 
2565, 400 
2566, 400 
2567, 400 
2568, 400 
2569, 400 
2570, 400 
2571, 400 
2572, 400 
2573, 400 
2574, 400 
2575, 400 
2576, 400 
2577, 400 
2578, 400 
2579, 400 
2580, 400 
2581, 400 
2582, 400 
2583, 400 
2584, 400 
2585, 400 
2586, 400 
2587, 400 
2588, 400 
2589, 400 
2590, 400 
2591, 400 
2592, 400 
2593, 400 
2594, 400 
2595, 400 
2596, 400 
2597, 400 
2598, 400 
2599, 400 
2600, 400 
2601, 400 
2602, 400 
2603, 400 
2604, 400 
2605, 400 
2606, 400 
2607, 400 
2608, 400 
2609, 400 
2610, 400 
2611, 400 
2612, 400 
2613, 400 
2614, 400 
2615, 400 
2616, 400 
2617, 400 
2618, 400 
2619, 400 
2620, 400 
2621, 400 
2622, 400 
2623, 400 
2624, 400 
2625, 400 
2626, 400 
2627, 400 
2628, 400 
2629, 400 
2630, 400 
2631, 400 
2632, 400 
2633, 400 
2634, 400 
2635, 400 
2636, 400 
2637, 400 
2638, 400 
2639, 400 
2640, 400 
2641, 400 
2642, 400 
2643, 400 
2644, 400 
2645, 400 
2646, 400 
2647, 400 
2648, 400 
2649, 400 
2650, 400 
2651, 400 
2652, 400 
2653, 400 
2654, 400 
2655, 400 
2656, 400 
2657, 400 
2658, 400 
2659, 400 
2660, 400 
2661, 400 
2662, 400 
2663, 400 
2664, 400 
2665, 400 
2666, 400 
2667, 400 
2668, 400 
2669, 400 
2670, 400 
2671, 400 
2672, 400 
2673, 400 
2674, 400 
2675, 400 
2676, 400 
2677, 400 
2678, 400 
2679, 400 
2680, 400 
2681, 400 
2682, 400 
2683, 400 
2684, 400 
2685, 400 
2686, 400 
2687, 400 
2688, 400 
2689, 400 
2690, 400 
2691, 400 
2692, 400 
2693, 400 
2694, 400 
2695, 400 
2696, 400 
2697, 400 
2698, 400 
2699, 400 
2700, 400 
2701, 400 
2702, 400 
2703, 400 
2704, 400 
2705, 400 
2706, 400 
2707, 400 
2708, 400 
2709, 400 
2710, 400 
2711, 400 
2712, 400 
2713, 400 
2714, 400 
2715, 400 
2716, 400 
2717, 400 
2718, 400 
2719, 400 
2720, 400 
2721, 400 
2722, 400 
2723, 400 
2724, 400 
2725, 400 
2726, 400 
2727, 400 
2728, 400 
2729, 400 
2730, 400 
2731, 400 
2732, 400 
2733, 400 
2734, 400 
2735, 400 
2736, 400 
2737, 400 
2738, 400 
2739, 400 
2740, 400 
2741, 400 
2742, 400 
2743, 400 
2744, 400 
2745, 400 
2746, 400 
2747, 400 
2748, 400 
2749, 400 
2750, 400 
2751, 400 
2752, 400 
2753, 400 
2754, 400 
2755, 400 
2756, 400 
2757, 400 
2758, 400 
2759, 400 
2760, 400 
2761, 400 
2762, 400 
2763, 400 
2764, 400 
2765, 400 
2766, 400 
2767, 400 
2768, 400 
2769, 400 
2770, 400 
2771, 400 
2772, 400 
2773, 400 
2774, 400 
2775, 400 
2776, 400 
2777, 400 
2778, 400 
2779, 400 
2780, 400 
2781, 400 
2782, 400 
2783, 400 
2784, 400 
2785, 400 
2786, 400 
2787, 400 
2788, 400 
2789, 400 
2790, 400 
2791, 400 
2792, 400 
2793, 400 
2794, 400 
2795, 400 
2796, 400 
2797, 400 
2798, 400 
2799, 400 
2800, 400 
2801, 400 
2802, 400 
2803, 400 
2804, 400 
2805, 400 
2806, 400 
2807, 400 
2808, 400 
2809, 400 
2810, 400 
2811, 400 
2812, 400 
2813, 400 
2814, 400 
2815, 400 
2816, 400 
2817, 400 
2818, 400 
2819, 400 
2820, 400 
2821, 400 
2822, 400 
2823, 400 
2824, 400 
2825, 400 
2826, 400 
2827, 400 
2828, 400 
2829, 400 
2830, 400 
2831, 400 
2832, 400 
2833, 400 
2834, 400 
2835, 400 
2836, 400 
2837, 400 
2838, 400 
2839, 400 
2840, 400 
2841, 400 
2842, 400 
2843, 400 
2844, 400 
2845, 400 
2846, 400 
2847, 400 
2848, 400 
2849, 400 
2850, 400 
2851, 400 
2852, 400 
2853, 400 
2854, 400 
2855, 400 
2856, 400 
2857, 400 
2858, 400 
2859, 400 
2860, 400 
2861, 400 
2862, 400 
2863, 400 
2864, 400 
2865, 400 
2866, 400 
2867, 400 
2868, 400 
2869, 400 
2870, 400 
2871, 400 
2872, 400 
2873, 400 
2874, 400 
2875, 400 
2876, 400 
2877, 400 
2878, 400 
2879, 400 
2880, 400 
2881, 400 
2882, 400 
2883, 400 
2884, 400 
2885, 400 
2886, 400 
2887, 400 
2888, 400 
2889, 400 
2890, 400 
2891, 400 
2892, 400 
2893, 400 
2894, 400 
2895, 400 
2896, 400 
2897, 400 
2898, 400 
2899, 400 
2900, 400 
2901, 400 
2902, 400 
2903, 400 
2904, 400 
2905, 400 
2906, 400 
2907, 400 
2908, 400 
2909, 400 
2910, 400 
2911, 400 
2912, 400 
2913, 400 
2914, 400 
2915, 400 
2916, 400 
2917, 400 
2918, 400 
2919, 400 
2920, 400 
2921, 400 
2922, 400 
2923, 400 
2924, 400 
2925, 400 
2926, 400 
2927, 400 
2928, 400 
2929, 400 
2930, 400 
2931, 400 
2932, 400 
2933, 400 
2934, 400 
2935, 400 
2936, 400 
2937, 400 
2938, 400 
2939, 400 
2940, 400 
2941, 400 
2942, 400 
2943, 400 
2944, 400 
2945, 400 
2946, 400 
2947, 400 
2948, 400 
2949, 400 
2950, 400 
2951, 400 
2952, 400 
2953, 400 
2954, 400 
2955, 400 
2956, 400 
2957, 400 
2958, 400 
2959, 400 
2960, 400 
2961, 400 
2962, 400 
2963, 400 
2964, 400 
2965, 400 
2966, 400 
2967, 400 
2968, 400 
2969, 400 
2970, 400 
2971, 400 
2972, 400 
2973, 400 
2974, 400 
2975, 400 
2976, 400 
2977, 400 
2978, 400 
2979, 400 
2980, 400 
2981, 400 
2982, 400 
2983, 400 
2984, 400 
2985, 400 
2986, 400 
2987, 400 
2988, 400 
2989, 400 
2990, 400 
2991, 400 
2992, 400 
2993, 400 
2994, 400 
2995, 400 
2996, 400 
2997, 400 
2998, 400 
2999, 400 
3000, 400 
3001, 400 
3002, 400 
3003, 400 
3004, 400 
3005, 400 
3006, 400 
3007, 400 
3008, 400 
3009, 400 
3010, 400 
3011, 400 
3012, 400 
3013, 400 
3014, 400 
3015, 400 
3016, 400 
3017, 400 
3018, 400 
3019, 400 
3020, 400 
3021, 400 
3022, 400 
3023, 400 
3024, 400 
3025, 400 
3026, 400 
3027, 400 
3028, 400 
3029, 400 
3030, 400 
3031, 400 
3032, 400 
3033, 400 
3034, 400 
3035, 400 
3036, 400 
3037, 400 
3038, 400 
3039, 400 
3040, 400 
3041, 400 
3042, 400 
3043, 400 
3044, 400 
3045, 400 
3046, 400 
3047, 400 
3048, 400 
3049, 400 
3050, 400 
3051, 400 
3052, 400 
3053, 400 
3054, 400 
3055, 400 
3056, 400 
3057, 400 
3058, 400 
3059, 400 
3060, 400 
3061, 400 
3062, 400 
3063, 400 
3064, 400 
3065, 400 
3066, 400 
3067, 400 
3068, 400 
3069, 400 
3070, 400 
3071, 400 
3072, 400 
3073, 400 
3074, 400 
3075, 400 
3076, 400 
3077, 400 
3078, 400 
3079, 400 
3080, 400 
3081, 400 
3082, 400 
3083, 400 
3084, 400 
3085, 400 
3086, 400 
3087, 400 
3088, 400 
3089, 400 
3090, 400 
3091, 400 
3092, 400 
3093, 400 
3094, 400 
3095, 400 
3096, 400 
3097, 400 
3098, 400 
3099, 400 
3100, 400 
3101, 400 
3102, 400 
3103, 400 
3104, 400 
3105, 400 
3106, 400 
3107, 400 
3108, 400 
3109, 400 
3110, 400 
3111, 400 
3112, 400 
3113, 400 
3114, 400 
3115, 400 
3116, 400 
3117, 400 
3118, 400 
3119, 400 
3120, 400 
3121, 400 
3122, 400 
3123, 400 
3124, 400 
3125, 400 
3126, 400 
3127, 400 
3128, 400 
3129, 400 
3130, 400 
3131, 400 
3132, 400 
3133, 400 
3134, 400 
3135, 400 
3136, 400 
3137, 400 
3138, 400 
3139, 400 
3140, 400 
3141, 400 
3142, 400 
3143, 400 
3144, 400 
3145, 400 
3146, 400 
3147, 400 
3148, 400 
3149, 400 
3150, 400 
3151, 400 
3152, 400 
3153, 400 
3154, 400 
3155, 400 
3156, 400 
3157, 400 
3158, 400 
3159, 400 
3160, 400 
3161, 400 
3162, 400 
3163, 400 
3164, 400 
3165, 400 
3166, 400 
3167, 400 
3168, 400 
3169, 400 
3170, 400 
3171, 400 
3172, 400 
3173, 400 
3174, 400 
3175, 400 
3176, 400 
3177, 400 
3178, 400 
3179, 400 
3180, 400 
3181, 400 
3182, 400 
3183, 400 
3184, 400 
3185, 400 
3186, 400 
3187, 400 
3188, 400 
3189, 400 
3190, 400 
3191, 400 
3192, 400 
3193, 400 
3194, 400 
3195, 400 
3196, 400 
3197, 400 
3198, 400 
3199, 400 
3200, 400 
3201, 400 
3202, 400 
3203, 400 
3204, 400 
3205, 400 
3206, 400 
3207, 400 
3208, 400 
3209, 400 
3210, 400 
3211, 400 
3212, 400 
3213, 400 
3214, 400 
3215, 400 
3216, 400 
3217, 400 
3218, 400 
3219, 400 
3220, 400 
3221, 400 
3222, 400 
3223, 400 
3224, 400 
3225, 400 
3226, 400 
3227, 400 
3228, 400 
3229, 400 
3230, 400 
3231, 400 
3232, 400 
3233, 400 
3234, 400 
3235, 400 
3236, 400 
3237, 400 
3238, 400 
3239, 400 
3240, 400 
3241, 400 
3242, 400 
3243, 400 
3244, 400 
3245, 400 
3246, 400 
3247, 400 
3248, 400 
3249, 400 
3250, 400 
3251, 400 
3252, 400 
3253, 400 
3254, 400 
3255, 400 
3256, 400 
3257, 400 
3258, 400 
3259, 400 
3260, 400 
3261, 400 
3262, 400 
3263, 400 
3264, 400 
3265, 400 
3266, 400 
3267, 400 
3268, 400 
3269, 400 
3270, 400 
3271, 400 
3272, 400 
3273, 400 
3274, 400 
3275, 400 
3276, 400 
3277, 400 
3278, 400 
3279, 400 
3280, 400 
3281, 400 
3282, 400 
3283, 400 
3284, 400 
3285, 400 
3286, 400 
3287, 400 
3288, 400 
3289, 400 
3290, 400 
3291, 400 
3292, 400 
3293, 400 
3294, 400 
3295, 400 
3296, 400 
3297, 400 
3298, 400 
3299, 400 
3300, 400 
3301, 400 
3302, 400 
3303, 400 
3304, 400 
3305, 400 
3306, 400 
3307, 400 
3308, 400 
3309, 400 
3310, 400 
3311, 400 
3312, 400 
3313, 400 
3314, 400 
3315, 400 
3316, 400 
3317, 400 
3318, 400 
3319, 400 
3320, 400 
3321, 400 
3322, 400 
3323, 400 
3324, 400 
3325, 400 
3326, 400 
3327, 400 
3328, 400 
3329, 400 
3330, 400 
3331, 400 
3332, 400 
3333, 400 
3334, 400 
3335, 400 
3336, 400 
3337, 400 
3338, 400 
3339, 400 
3340, 400 
3341, 400 
3342, 400 
3343, 400 
3344, 400 
3345, 400 
3346, 400 
3347, 400 
3348, 400 
3349, 400 
3350, 400 
3351, 400 
3352, 400 
3353, 400 
3354, 400 
3355, 400 
3356, 400 
3357, 400 
3358, 400 
3359, 400 
3360, 400 
3361, 400 
3362, 400 
3363, 400 
3364, 400 
3365, 400 
3366, 400 
3367, 400 
3368, 400 
3369, 400 
3370, 400 
3371, 400 
3372, 400 
3373, 400 
3374, 400 
3375, 400 
3376, 400 
3377, 400 
3378, 400 
3379, 400 
3380, 400 
3381, 400 
3382, 400 
3383, 400 
3384, 400 
3385, 400 
3386, 400 
3387, 400 
3388, 400 
3389, 400 
3390, 400 
3391, 400 
3392, 400 
3393, 400 
3394, 400 
3395, 400 
3396, 400 
3397, 400 
3398, 400 
3399, 400 
3400, 400 
3401, 400 
3402, 400 
3403, 400 
3404, 400 
3405, 400 
3406, 400 
3407, 400 
3408, 400 
3409, 400 
3410, 400 
3411, 400 
3412, 400 
3413, 400 
3414, 400 
3415, 400 
3416, 400 
3417, 400 
3418, 400 
3419, 400 
3420, 400 
3421, 400 
3422, 400 
3423, 400 
3424, 400 
3425, 400 
3426, 400 
3427, 400 
3428, 400 
3429, 400 
3430, 400 
3431, 400 
3432, 400 
3433, 400 
3434, 400 
3435, 400 
3436, 400 
3437, 400 
3438, 400 
3439, 400 
3440, 400 
3441, 400 
3442, 400 
3443, 400 
3444, 400 
3445, 400 
3446, 400 
3447, 400 
3448, 400 
3449, 400 
3450, 400 
3451, 400 
3452, 400 
3453, 400 
3454, 400 
3455, 400 
3456, 400 
3457, 400 
3458, 400 
3459, 400 
3460, 400 
3461, 400 
3462, 400 
3463, 400 
3464, 400 
3465, 400 
3466, 400 
3467, 400 
3468, 400 
3469, 400 
3470, 400 
3471, 400 
3472, 400 
3473, 400 
3474, 400 
3475, 400 
3476, 400 
3477, 400 
3478, 400 
3479, 400 
3480, 400 
3481, 400 
3482, 400 
3483, 400 
3484, 400 
3485, 400 
3486, 400 
3487, 400 
3488, 400 
3489, 400 
3490, 400 
3491, 400 
3492, 400 
3493, 400 
3494, 400 
3495, 400 
3496, 400 
3497, 400 
3498, 400 
3499, 400 
3500, 400 
3501, 400 
3502, 400 
3503, 400 
3504, 400 
3505, 400 
3506, 400 
3507, 400 
3508, 400 
3509, 400 
3510, 400 
3511, 400 
3512, 400 
3513, 400 
3514, 400 
3515, 400 
3516, 400 
3517, 400 
3518, 400 
3519, 400 
3520, 400 
3521, 400 
3522, 400 
3523, 400 
3524, 400 
3525, 400 
3526, 400 
3527, 400 
3528, 400 
3529, 400 
3530, 400 
3531, 400 
3532, 400 
3533, 400 
3534, 400 
3535, 400 
3536, 400 
3537, 400 
3538, 400 
3539, 400 
3540, 400 
3541, 400 
3542, 400 
3543, 400 
3544, 400 
3545, 400 
3546, 400 
3547, 400 
3548, 400 
3549, 400 
3550, 400 
3551, 400 
3552, 400 
3553, 400 
3554, 400 
3555, 400 
3556, 400 
3557, 400 
3558, 400 
3559, 400 
3560, 400 
3561, 400 
3562, 400 
3563, 400 
3564, 400 
3565, 400 
3566, 400 
3567, 400 
3568, 400 
3569, 400 
3570, 400 
3571, 400 
3572, 400 
3573, 400 
3574, 400 
3575, 400 
3576, 400 
3577, 400 
3578, 400 
3579, 400 
3580, 400 
3581, 400 
3582, 400 
3583, 400 
3584, 400 
3585, 400 
3586, 400 
3587, 400 
3588, 400 
3589, 400 
3590, 400 
3591, 400 
3592, 400 
3593, 400 
3594, 400 
3595, 400 
3596, 400 
3597, 400 
3598, 400 
3599, 400 
3600, 400 
3601, 400 
3602, 400 
3603, 400 
3604, 400 
3605, 400 
3606, 400 
3607, 400 
3608, 400 
3609, 400 
3610, 400 
3611, 400 
3612, 400 
3613, 400 
3614, 400 
3615, 400 
3616, 400 
3617, 400 
3618, 400 
3619, 400 
3620, 400 
3621, 400 
3622, 400 
3623, 400 
3624, 400 
3625, 400 
3626, 400 
3627, 400 
3628, 400 
3629, 400 
3630, 400 
3631, 400 
3632, 400 
3633, 400 
3634, 400 
3635, 400 
3636, 400 
3637, 400 
3638, 400 
3639, 400 
3640, 400 
3641, 400 
3642, 400 
3643, 400 
3644, 400 
3645, 400 
3646, 400 
3647, 400 
3648, 400 
3649, 400 
3650, 400 
3651, 400 
3652, 400 
3653, 400 
3654, 400 
3655, 400 
3656, 400 
3657, 400 
3658, 400 
3659, 400 
3660, 400 
3661, 400 
3662, 400 
3663, 400 
3664, 400 
3665, 400 
3666, 400 
3667, 400 
3668, 400 
3669, 400 
3670, 400 
3671, 400 
3672, 400 
3673, 400 
3674, 400 
3675, 400 
3676, 400 
3677, 400 
3678, 400 
3679, 400 
3680, 400 
3681, 400 
3682, 400 
3683, 400 
3684, 400 
3685, 400 
3686, 400 
3687, 400 
3688, 400 
3689, 400 
3690, 400 
3691, 400 
3692, 400 
3693, 400 
3694, 400 
3695, 400 
3696, 400 
3697, 400 
3698, 400 
3699, 400 
3700, 400 
3701, 400 
3702, 400 
3703, 400 
3704, 400 
3705, 400 
3706, 400 
3707, 400 
3708, 400 
3709, 400 
3710, 400 
3711, 400 
3712, 400 
3713, 400 
3714, 400 
3715, 400 
3716, 400 
3717, 400 
3718, 400 
3719, 400 
3720, 400 
3721, 400 
3722, 400 
3723, 400 
3724, 400 
3725, 400 
3726, 400 
3727, 400 
3728, 400 
3729, 400 
3730, 400 
3731, 400 
3732, 400 
3733, 400 
3734, 172.509 
3735, 227.491 
3736, 201.569 
3737, 198.431 
3738, 91.3063 
3739, 308.694 
3740, 181.921 
3741, 218.079 
3742, 375.512 
3743, 24.4881 
3744, 173.095 
3745, 226.905 
3746, 317.462 
3747, 82.5377 
3748, 24.0389 
3749, 375.961 
3750, 12.7264 
3751, 387.274 
3752, 35.3598 
3753, 364.64 
3754, 186.267 
3755, 213.733 
3756, 122.101 
3757, 277.899 
3758, 54.6738 
3759, 345.326 
3760, 14.5929 
3761, 385.407 
3762, 242.247 
3763, 157.753 
3764, 35.0768 
3765, 364.923 
3766, 49.4368 
3767, 350.563 
3768, 74.7671 
3769, 325.233 
3770, 30.2383 
3771, 369.762 
3772, 191.429 
3773, 208.571 
3774, 238.378 
3775, 161.622 
3776, 111.208 
3777, 288.792 
3778, 240.282 
3779, 159.718 
3780, 80.9541 
3781, 319.046 
3782, 344.426 
3783, 55.5744 
3784, 30.7901 
3785, 369.21 
3786, 170.841 
3787, 229.159 
3788, 6.18163 
3789, 393.818 
3790, 103.979 
3791, 296.021 
3792, 273.127 
3793, 126.873 
3794, 223.017 
3795, 176.983 
3796, 36.8586 
3797, 363.141 
3798, 289.902 
3799, 110.098 
3800, 8.51378 
3801, 391.486 
3802, 303.896 
3803, 96.1042 
3804, 276.955 
3805, 123.045 
3806, 142.537 
3807, 257.463 
3808, 372.872 
3809, 27.1278 
3810, 127.891 
3811, 272.109 
3812, 64.282 
3813, 335.718 
3814, 334.254 
3815, 65.7462 
3816, 277.659 
3817, 122.341 
3818, 259.172 
3819, 140.828 
3820, 88.5149 
3821, 311.485 
3822, 42.6326 
3823, 357.367 
3824, 178.097 
3825, 221.903 
3826, 29.6206 
3827, 370.379 
3828, 323.029 
3829, 76.971 
3830, 136.241 
3831, 263.759 
3832, 189.041 
3833, 210.959 
3834, 211.704 
3835, 188.296 
3836, 394.752 
3837, 5.24827 
3838, 126.817 
3839, 273.183 
3840, 26.27 
3841, 373.73 
3842, 47.466 
3843, 352.534 
3844, 254.006 
3845, 145.994 
3846, 185.49 
3847, 214.51 
3848, 378.695 
3849, 21.3052 
3850, 41.6179 
3851, 358.382 
3852, 216.148 
3853, 183.852 
3854, 132.43 
3855, 267.57 
3856, 362.646 
3857, 37.3542 
3858, 75.867 
3859, 324.133 
3860, 105.531 
3861, 294.469 
3862, 7.80808 
3863, 392.192 
3864, 9.28707 
3865, 390.713 
3866, 212.74 
3867, 187.26 
3868, 286.887 
3869, 113.113 
3870, 25.1774 
3871, 374.823 
3872, 132.028 
3873, 267.972 
3874, 203.166 
3875, 196.834 
3876, 225.896 
3877, 174.104 
3878, 206.072 
3879, 193.928 
3880, 216.517 
3881, 183.483 
3882, 389.098 
3883, 10.9024 
3884, 211.42 
3885, 188.58 
3886, 342.302 
3887, 57.698 
3888, 346.291 
3889, 53.7087 
3890, 247.646 
3891, 152.354 
3892, 62.9265 
3893, 337.073 
3894, 145.821 
3895, 254.179 
3896, 261.864 
3897, 138.136 
3898, 133.324 
3899, 266.676 
3900, 232.008 
3901, 167.992 
3902, 319.679 
3903, 80.3209 
3904, 378.176 
3905, 21.8238 
3906, 293.669 
3907, 106.331 
3908, 342.484 
3909, 57.516 
3910, 60.2994 
3911, 339.701 
3912, 321.9 
3913, 78.1 
3914, 51.3983 
3915, 348.602 
3916, 329.372 
3917, 70.628 
3918, 386.849 
3919, 13.1506 
3920, 326.958 
3921, 73.0422 
3922, 6.92975 
3923, 393.07 
3924, 9.14665 
3925, 390.853 
3926, 169.178 
3927, 230.822 
3928, 196.096 
3929, 203.904 
3930, 286.17 
3931, 113.83 
3932, 260.781 
3933, 139.219 
3934, 158.629 
3935, 241.371 
3936, 382.729 
3937, 17.2706 
3938, 249.888 
3939, 150.112 
3940, 331.886 
3941, 68.1144 
3942, 356.555 
3943, 43.445 
3944, 395.111 
3945, 4.88919 
3946, 322.64 
3947, 77.3603 
3948, 264.106 
3949, 135.894 
3950, 0.0634096 
3951, 399.937 
3952, 268.976 
3953, 131.024 
3954, 368.64 
3955, 31.3603 
3956, 11.0152 
3957, 388.985 
3958, 13.7254 
3959, 386.275 
3960, 201.872 
3961, 198.128 
3962, 96.2737 
3963, 303.726 
3964, 36.2515 
3965, 363.748 
3966, 64.9015 
3967, 335.098 
3968, 78.3654 
3969, 321.635 
3970, 363.472 
3971, 36.5284 
3972, 78.841 
3973, 321.159 
3974, 197.18 
3975, 202.82 
3976, 30.1534 
3977, 369.847 
3978, 195.155 
3979, 204.845 
3980, 304.24 
3981, 95.7602 
3982, 100.035 
3983, 299.965 
3984, 302.806 
3985, 97.1936 
3986, 41.3165 
3987, 358.683 
3988, 128.297 
3989, 271.703 
3990, 358.502 
3991, 41.4979 
3992, 41.8364 
3993, 358.164 
3994, 293.999 
3995, 106.001 
3996, 342.848 
3997, 57.1521 
3998, 208.574 
3999, 191.426 
4000, 102.726 
4001, 297.274 
4002, 200.848 
4003, 199.152 
4004, 322.106 
4005, 77.8939 
4006, 128.134 
4007, 271.866 
4008, 98.6958 
4009, 301.304 
4010, 124.22 
4011, 275.78 
4012, 261.846 
4013, 138.154 
4014, 289.673 
4015, 110.327 
4016, 328.09 
4017, 71.91 
4018, 89.6499 
4019, 310.35 
4020, 41.9483 
4021, 358.052 
4022, 145.103 
4023, 254.897 
4024, 194.1 
4025, 205.9 
4026, 245.021 
4027, 154.979 
4028, 106.701 
4029, 293.299 
4030, 227.472 
4031, 172.528 
4032, 104.053 
4033, 295.947 
4034, 297.458 
4035, 102.542 
4036, 184.28 
4037, 215.72 
4038, 153.811 
4039, 246.189 
4040, 220.658 
4041, 179.342 
4042, 50.0636 
4043, 349.936 
4044, 78.7784 
4045, 321.222 
4046, 65.8474 
4047, 334.153 
4048, 146.945 
4049, 253.055 
4050, 21.5476 
4051, 378.452 
4052, 295.722 
4053, 104.278 
4054, 174.789 
4055, 225.211 
4056, 335.886 
4057, 64.1136 
4058, 97.2312 
4059, 302.769 
4060, 66.514 
4061, 333.486 
4062, 39.9789 
4063, 360.021 
4064, 158.103 
4065, 241.897 
4066, 205.376 
4067, 194.624 
4068, 296.421 
4069, 103.579 
4070, 46.6002 
4071, 353.4 
4072, 104.179 
4073, 295.821 
4074, 386.386 
4075, 13.6136 
4076, 356.16 
4077, 43.8405 
4078, 350.202 
4079, 49.7981 
4080, 271.973 
4081, 128.027 
4082, 192.384 
4083, 207.616 
4084, 211.708 
4085, 188.292 
4086, 6.74494 
4087, 393.255 
4088, 196.377 
4089, 203.623 
4090, 263.814 
4091, 136.186 
4092, 187.428 
4093, 212.572 
4094, 211.338 
4095, 188.662 
4096, 109.67 
4097, 290.33 
4098, 166.462 
4099, 233.538 
4100, 8.52807 
4101, 391.472 
4102, 230.249 
4103, 169.751 
4104, 214.214 
4105, 185.786 
4106, 359.105 
4107, 40.8952 
4108, 164.958 
4109, 235.042 
4110, 293.869 
4111, 106.131 
4112, 135.017 
4113, 264.983 
4114, 273.811 
4115, 126.189 
4116, 160.607 
4117, 239.393 
4118, 79.0029 
4119, 320.997 
4120, 152.211 
4121, 247.789 
4122, 46.0444 
4123, 353.956 
4124, 76.5091 
4125, 323.491 
4126, 181.554 
4127, 218.446 
4128, 216.02 
4129, 183.98 
4130, 158.443 
4131, 241.557 
4132, 318.601 
4133, 81.3992 
4134, 111.548 
4135, 288.452 
4136, 223.73 
4137, 176.27 
4138, 175.077 
4139, 224.923 
4140, 359.963 
4141, 40.0373 
4142, 128.403 
4143, 271.597 
4144, 125.52 
4145, 274.48 
4146, 60.5009 
4147, 339.499 
4148, 88.955 
4149, 311.045 
4150, 248.998 
4151, 151.002 
4152, 347.296 
4153, 52.7044 
4154, 331.918 
4155, 68.0823 
4156, 361.447 
4157, 38.5531 
4158, 198.606 
4159, 201.394 
4160, 344.477 
4161, 55.5235 
4162, 285.302 
4163, 114.698 
4164, 51.04 
4165, 348.96 
4166, 34.5977 
4167, 365.402 
4168, 283.219 
4169, 116.781 
4170, 263.865 
4171, 136.135 
4172, 253.571 
4173, 146.429 
4174, 393.363 
4175, 6.63691 
4176, 206.07 
4177, 193.93 
4178, 124.311 
4179, 275.689 
4180, 71.0066 
4181, 328.993 
4182, 373.065 
4183, 26.9355 
4184, 297.668 
4185, 102.332 
4186, 268.476 
4187, 131.524 
4188, 204.208 
4189, 195.792 
4190, 372.445 
4191, 27.555 
4192, 298.212 
4193, 101.788 
4194, 59.6925 
4195, 340.307 
4196, 155.785 
4197, 244.215 
4198, 89.6521 
4199, 310.348 
4200, 327.71 
4201, 72.2896 
4202, 287.5 
4203, 112.5 
4204, 173.47 
4205, 226.53 
4206, 286.01 
4207, 113.99 
4208, 25.1841 
4209, 374.816 
4210, 210.01 
4211, 189.99 
4212, 363.72 
4213, 36.2801 
4214, 163.495 
4215, 236.505 
4216, 5.4824 
4217, 394.518 
4218, 397.229 
4219, 2.77131 
4220, 393.233 
4221, 6.76678 
4222, 159.823 
4223, 240.177 
4224, 382.785 
4225, 17.2155 
4226, 258.47 
4227, 141.53 
4228, 20.0072 
4229, 379.993 
4230, 232.005 
4231, 167.995 
4232, 210.597 
4233, 189.403 
4234, 80.0775 
4235, 319.922 
4236, 218.658 
4237, 181.342 
4238, 342.064 
4239, 57.9363 
4240, 256.24 
4241, 143.76 
4242, 293.462 
4243, 106.538 
4244, 65.9569 
4245, 334.043 
4246, 61.5738 
4247, 338.426 
4248, 309.697 
4249, 90.3025 
4250, 128.53 
4251, 271.47 
4252, 392.47 
4253, 7.52962 
4254, 229.176 
4255, 170.824 
4256, 368.28 
4257, 31.7196 
4258, 396.823 
4259, 3.1769 
4260, 320.149 
4261, 79.8512 
4262, 259.893 
4263, 140.107 
4264, 214.324 
4265, 185.676 
4266, 111.37 
4267, 288.63 
4268, 376.731 
4269, 23.2686 
4270, 90.9594 
4271, 309.041 
4272, 281.984 
4273, 118.016 
4274, 176.404 
4275, 223.596 
4276, 234.891 
4277, 165.109 
4278, 301.677 
4279, 98.3229 
4280, 388.53 
4281, 11.4704 
4282, 74.1348 
4283, 325.865 
4284, 222.913 
4285, 177.087 
4286, 227.06 
4287, 172.94 
4288, 16.619 
4289, 383.381 
4290, 117.792 
4291, 282.208 
4292, 178.644 
4293, 221.356 
4294, 286.297 
4295, 113.703 
4296, 396.781 
4297, 3.21878 
4298, 173.947 
4299, 226.053 
4300, 386.346 
4301, 13.6541 
4302, 29.1823 
4303, 370.818 
4304, 116.633 
4305, 283.367 
4306, 343.936 
4307, 56.0643 
4308, 42.2231 
4309, 357.777 
4310, 47.1406 
4311, 352.859 
4312, 86.6424 
4313, 313.358 
4314, 253.59 
4315, 146.41 
4316, 90.8857 
4317, 309.114 
4318, 323.38 
4319, 76.6196 
4320, 69.878 
4321, 330.122 
4322, 58.3057 
4323, 341.694 
4324, 264.104 
4325, 135.896 
4326, 90.9621 
4327, 309.038 
4328, 247.141 
4329, 152.859 
4330, 355.841 
4331, 44.1594 
4332, 310.864 
4333, 89.1361 
4334, 5.6873 
4335, 394.313 
4336, 116.416 
4337, 283.584 
4338, 396.47 
4339, 3.53001 
4340, 106.926 
4341, 293.074 
4342, 213.562 
4343, 186.438 
4344, 219.394 
4345, 180.606 
4346, 142.896 
4347, 257.104 
4348, 311.459 
4349, 88.5414 
4350, 233.02 
4351, 166.98 
4352, 63.7204 
4353, 336.28 
4354, 48.8567 
4355, 351.143 
4356, 154.576 
4357, 245.424 
4358, 330.971 
4359, 69.0287 
4360, 374.023 
4361, 25.9766 
4362, 228.569 
4363, 171.431 
4364, 53.2236 
4365, 346.776 
4366, 258.937 
4367, 141.063 
4368, 167.978 
4369, 232.022 
4370, 308.165 
4371, 91.8346 
4372, 374.675 
4373, 25.3248 
4374, 101.147 
4375, 298.853 
4376, 206.442 
4377, 193.558 
4378, 54.0719 
4379, 345.928 
4380, 60.9307 
4381, 339.069 
4382, 49.0961 
4383, 350.904 
4384, 61.42 
4385, 338.58 
4386, 197.809 
4387, 202.191 
4388, 159.581 
4389, 240.419 
4390, 49.6223 
4391, 350.378 
4392, 217.865 
4393, 182.135 
4394, 121.254 
4395, 278.746 
4396, 316.637 
4397, 83.3628 
4398, 342.962 
4399, 57.0383 
4400, 258.67 
4401, 141.33 
4402, 239.478 
4403, 160.522 
4404, 156.063 
4405, 243.937 
4406, 80.6942 
4407, 319.306 
4408, 351.436 
4409, 48.5644 
4410, 152.209 
4411, 247.791 
4412, 237.431 
4413, 162.569 
4414, 242.697 
4415, 157.303 
4416, 161.356 
4417, 238.644 
4418, 135.591 
4419, 264.409 
4420, 373.359 
4421, 26.6408 
4422, 305.344 
4423, 94.6557 
4424, 319.63 
4425, 80.3705 
4426, 348.533 
4427, 51.4674 
4428, 176.984 
4429, 223.016 
4430, 103.333 
4431, 296.667 
4432, 205.057 
4433, 194.943 
4434, 322.941 
4435, 77.0587 
4436, 287.591 
4437, 112.409 
4438, 262.449 
4439, 137.551 
4440, 24.6414 
4441, 375.359 
4442, 399.539 
4443, 0.461363 
4444, 43.334 
4445, 356.666 
4446, 94.2822 
4447, 305.718 
4448, 189.155 
4449, 210.845 
4450, 103.414 
4451, 296.586 
4452, 205.992 
4453, 194.008 
4454, 318.783 
4455, 81.2173 
4456, 169.118 
4457, 230.882 
4458, 159.142 
4459, 240.858 
4460, 33.5649 
4461, 366.435 
4462, 126.744 
4463, 273.256 
4464, 119.691 
4465, 280.309 
4466, 147.222 
4467, 252.778 
4468, 91.5269 
4469, 308.473 
4470, 238.225 
4471, 161.775 
4472, 394.462 
4473, 5.53805 
4474, 285.547 
4475, 114.453 
4476, 193.865 
4477, 206.135 
4478, 143.889 
4479, 256.111 
4480, 34.188 
4481, 365.812 
4482, 305.727 
4483, 94.2725 
4484, 269.537 
4485, 130.463 
4486, 219.102 
4487, 180.898 
4488, 227.007 
4489, 172.993 
4490, 320.839 
4491, 79.1614 
4492, 360.744 
4493, 39.2561 
4494, 290.953 
4495, 109.047 
4496, 366.647 
4497, 33.3526 
4498, 394.397 
4499, 5.60338 
4500, 287.047 
4501, 112.953 
4502, 376.207 
4503, 23.7927 
4504, 346.945 
4505, 53.0554 
4506, 217.798 
4507, 182.202 
4508, 311.004 
4509, 88.9965 
4510, 358.908 
4511, 41.0924 
4512, 26.8472 
4513, 373.153 
4514, 27.3353 
4515, 372.665 
4516, 67.6988 
4517, 332.301 
4518, 163.588 
4519, 236.412 
4520, 3.63274 
4521, 396.367 
4522, 65.6312 
4523, 334.369 
4524, 214.466 
4525, 185.534 
4526, 163.614 
4527, 236.386 
4528, 326.29 
4529, 73.71 
4530, 191.22 
4531, 208.78 
4532, 243.182 
4533, 156.818 
4534, 172.472 
4535, 227.528 
4536, 214.9 
4537, 185.1 
4538, 386.651 
4539, 13.3494 
4540, 234.107 
4541, 165.893 
4542, 286.022 
4543, 113.978 
4544, 370.66 
4545, 29.34 
4546, 170.52 
4547, 229.48 
4548, 169.859 
4549, 230.141 
4550, 137.673 
4551, 262.327 
4552, 38.957 
4553, 361.043 
4554, 234.005 
4555, 165.995 
4556, 151.381 
4557, 248.619 
4558, 276.268 
4559, 123.732 
4560, 351.843 
4561, 48.1568 
4562, 162.262 
4563, 237.738 
4564, 279.104 
4565, 120.896 
4566, 216.489 
4567, 183.511 
4568, 71.6212 
4569, 328.379 
4570, 53.1963 
4571, 346.804 
4572, 221.626 
4573, 178.374 
4574, 373.301 
4575, 26.6994 
4576, 123.831 
4577, 276.169 
4578, 15.9152 
4579, 384.085 
4580, 138.037 
4581, 261.963 
4582, 274.578 
4583, 125.422 
4584, 135.437 
4585, 264.563 
4586, 112.805 
4587, 287.195 
4588, 259.931 
4589, 140.069 
4590, 24.7633 
4591, 375.237 
4592, 130.976 
4593, 269.024 
4594, 132.235 
4595, 267.765 
4596, 373.819 
4597, 26.1807 
4598, 37.5776 
4599, 362.422 
4600, 199.249 
4601, 200.751 
4602, 290.933 
4603, 109.067 
4604, 314.335 
4605, 85.6654 
4606, 206.327 
4607, 193.673 
4608, 147.714 
4609, 252.286 
4610, 242.642 
4611, 157.358 
4612, 95.651 
4613, 304.349 
4614, 119.007 
4615, 280.993 
4616, 41.4591 
4617, 358.541 
4618, 110.493 
4619, 289.507 
4620, 158.313 
4621, 241.687 
4622, 273.729 
4623, 126.271 
4624, 179.758 
4625, 220.242 
4626, 358.071 
4627, 41.9292 
4628, 65.3063 
4629, 334.694 
4630, 48.9708 
4631, 351.029 
4632, 50.6074 
4633, 349.393 
4634, 29.271 
4635, 370.729 
4636, 249.374 
4637, 150.626 
4638, 207.019 
4639, 192.981 
4640, 185.852 
4641, 214.148 
4642, 191.701 
4643, 208.299 
4644, 48.3963 
4645, 351.604 
4646, 265.11 
4647, 134.89 
4648, 85.6241 
4649, 314.376 
4650, 81.4496 
4651, 318.55 
4652, 85.3904 
4653, 314.61 
4654, 135.633 
4655, 264.367 
4656, 357.549 
4657, 42.4509 
4658, 252.521 
4659, 147.479 
4660, 108.551 
4661, 291.449 
4662, 111.267 
4663, 288.733 
4664, 212.72 
4665, 187.28 
4666, 381.264 
4667, 18.7364 
4668, 329.214 
4669, 70.7863 
4670, 230.492 
4671, 169.508 
4672, 282.592 
4673, 117.408 
4674, 274.269 
4675, 125.731 
4676, 13.3544 
4677, 386.646 
4678, 394.871 
4679, 5.12933 
4680, 379.883 
4681, 20.1174 
4682, 327.96 
4683, 72.0397 
4684, 365.414 
4685, 34.586 
4686, 1.45369 
4687, 398.546 
4688, 1.44477 
4689, 398.555 
4690, 274.076 
4691, 125.924 
4692, 106.989 
4693, 293.011 
4694, 124.874 
4695, 275.126 
4696, 26.0073 
4697, 373.993 
4698, 289.004 
4699, 110.996 
4700, 102.247 
4701, 297.753 
4702, 239.113 
4703, 160.887 
4704, 111.403 
4705, 288.597 
4706, 184.04 
4707, 215.96 
4708, 61.3694 
4709, 338.631 
4710, 138.396 
4711, 261.604 
4712, 85.341 
4713, 314.659 
4714, 397.937 
4715, 2.06343 
4716, 130.06 
4717, 269.94 
4718, 191.146 
4719, 208.854 
4720, 389.343 
4721, 10.6567 
4722, 304.086 
4723, 95.9141 
4724, 242.737 
4725, 157.263 
4726, 337.53 
4727, 62.4703 
4728, 99.4584 
4729, 300.542 
4730, 135.494 
4731, 264.506 
4732, 294.213 
4733, 105.787 
4734, 369.924 
4735, 30.076 
4736, 363.244 
4737, 36.756 
4738, 213.219 
4739, 186.781 
4740, 205.399 
4741, 194.601 
4742, 146.468 
4743, 253.532 
4744, 332.252 
4745, 67.7481 
4746, 42.9277 
4747, 357.072 
4748, 274.002 
4749, 125.998 
4750, 265.639 
4751, 134.361 
4752, 289.152 
4753, 110.848 
4754, 101.61 
4755, 298.39 
4756, 325.542 
4757, 74.4577 
4758, 18.8791 
4759, 381.121 
4760, 156.959 
4761, 243.041 
4762, 241.517 
4763, 158.483 
4764, 58.4668 
4765, 341.533 
4766, 220.801 
4767, 179.199 
4768, 272.901 
4769, 127.099 
4770, 158.605 
4771, 241.395 
4772, 297.642 
4773, 102.358 
4774, 15.662 
4775, 384.338 
4776, 23.0476 
4777, 376.952 
4778, 361.866 
4779, 38.1337 
4780, 202.555 
4781, 197.445 
4782, 55.597 
4783, 344.403 
4784, 275.721 
4785, 124.279 
4786, 120.352 
4787, 279.648 
4788, 146.083 
4789, 253.917 
4790, 54.3341 
4791, 345.666 
4792, 278.686 
4793, 121.314 
4794, 311.274 
4795, 88.7257 
4796, 252.312 
4797, 147.688 
4798, 191.293 
4799, 208.707 
4800, 216.223 
4801, 183.777 
4802, 102.737 
4803, 297.263 
4804, 261.651 
4805, 138.349 
4806, 38.2716 
4807, 361.728 
4808, 107.509 
4809, 292.491 
4810, 77.9957 
4811, 322.004 
4812, 180.428 
4813, 219.572 
4814, 340.468 
4815, 59.5317 
4816, 378.454 
4817, 21.5457 
4818, 306.453 
4819, 93.5468 
4820, 352.236 
4821, 47.7636 
4822, 324.891 
4823, 75.1085 
4824, 16.8483 
4825, 383.152 
4826, 26.9236 
4827, 373.076 
4828, 389.387 
4829, 10.6131 
4830, 184.759 
4831, 215.241 
4832, 267.583 
4833, 132.417 
4834, 253.595 
4835, 146.405 
4836, 230.774 
4837, 169.226 
4838, 379.867 
4839, 20.1328 
4840, 148.472 
4841, 251.528 
4842, 353.587 
4843, 46.4134 
4844, 115.053 
4845, 284.947 
4846, 179.991 
4847, 220.009 
4848, 124.03 
4849, 275.97 
4850, 295.631 
4851, 104.369 
4852, 280.392 
4853, 119.608 
4854, 273.164 
4855, 126.836 
4856, 88.2343 
4857, 311.766 
4858, 357.8 
4859, 42.2002 
4860, 73.208 
4861, 326.792 
4862, 359.935 
4863, 40.0655 
4864, 280.076 
4865, 119.924 
4866, 252.06 
4867, 147.94 
4868, 328.384 
4869, 71.6156 
4870, 205.479 
4871, 194.521 
4872, 215.756 
4873, 184.244 
4874, 182.777 
4875, 217.223 
4876, 197.618 
4877, 202.382 
4878, 15.6984 
4879, 384.302 
4880, 381.668 
4881, 18.3319 
4882, 148.503 
4883, 251.497 
4884, 229.05 
4885, 170.95 
4886, 200.977 
4887, 199.023 
4888, 134.733 
4889, 265.267 
4890, 237.706 
4891, 162.294 
4892, 91.2598 
4893, 308.74 
4894, 382.931 
4895, 17.0694 
4896, 165.457 
4897, 234.543 
4898, 160.19 
4899, 239.81 
4900, 246.815 
4901, 153.185 
4902, 7.59931 
4903, 392.401 
4904, 347.556 
4905, 52.4444 
4906, 351.857 
4907, 48.1432 
4908, 288.522 
4909, 111.478 
4910, 371.968 
4911, 28.0322 
4912, 290.601 
4913, 109.399 
4914, 14.842 
4915, 385.158 
4916, 265.809 
4917, 134.191 
4918, 136.886 
4919, 263.114 
4920, 103.526 
4921, 296.474 
4922, 332.517 
4923, 67.4831 
4924, 56.0817 
4925, 343.918 
4926, 152.595 
4927, 247.405 
4928, 40.9536 
4929, 359.046 
4930, 101.748 
4931, 298.252 
4932, 230.628 
4933, 169.372 
4934, 244.306 
4935, 155.694 
4936, 339.807 
4937, 60.1933 
4938, 297.659 
4939, 102.341 
4940, 202.373 
4941, 197.627 
4942, 8.16453 
4943, 391.835 
4944, 358.312 
4945, 41.6882 
4946, 379.517 
4947, 20.4835 
4948, 298.89 
4949, 101.11 
4950, 69.1938 
4951, 330.806 
4952, 166.579 
4953, 233.421 
4954, 153.719 
4955, 246.281 
4956, 35.9006 
4957, 364.099 
4958, 48.33 
4959, 351.67 
4960, 39.5163 
4961, 360.484 
4962, 64.4029 
4963, 335.597 
4964, 75.7676 
4965, 324.232 
4966, 259.339 
4967, 140.661 
4968, 337.522 
4969, 62.4779 
4970, 379.82 
4971, 20.1798 
4972, 355.36 
4973, 44.6398 
4974, 393.996 
4975, 6.00356 
4976, 168.5 
4977, 231.5 
4978, 256.091 
4979, 143.909 
4980, 363.453 
4981, 36.5473 
4982, 126.723 
4983, 273.277 
4984, 279.538 
4985, 120.462 
4986, 247.524 
4987, 152.476 
4988, 61.5089 
4989, 338.491 
4990, 21.2562 
4991, 378.744 
4992, 257.845 
4993, 142.155 
4994, 216.582 
4995, 183.418 
4996, 295.136 
4997, 104.864 
4998, 103.471 
4999, 296.529 
5000, 171.955 
5001, 228.045 
5002, 368.797 
5003, 31.2025 
5004, 395.302 
5005, 4.69839 
5006, 165.505 
5007, 234.495 
5008, 361.167 
5009, 38.8333 
5010, 258.377 
5011, 141.623 
5012, 335.563 
5013, 64.4369 
5014, 320.52 
5015, 79.4802 
5016, 190.426 
5017, 209.574 
5018, 227.271 
5019, 172.729 
5020, 50.3885 
5021, 349.612 
5022, 225.36 
5023, 174.64 
5024, 249.688 
5025, 150.312 
5026, 325.134 
5027, 74.8657 
5028, 247.833 
5029, 152.167 
5030, 229.95 
5031, 170.05 
5032, 382.98 
5033, 17.0199 
5034, 308.626 
5035, 91.3743 
5036, 128.574 
5037, 271.426 
5038, 56.9969 
5039, 343.003 
5040, 56.0439 
5041, 343.956 
5042, 353.692 
5043, 46.3083 
5044, 99.7075 
5045, 300.292 
5046, 296.167 
5047, 103.833 
5048, 199.645 
5049, 200.355 
5050, 253.352 
5051, 146.648 
5052, 389.215 
5053, 10.7854 
5054, 306.873 
5055, 93.127 
5056, 177.59 
5057, 222.41 
5058, 160.892 
5059, 239.108 
5060, 289.124 
5061, 110.876 
5062, 325.897 
5063, 74.1027 
5064, 381.909 
5065, 18.0911 
5066, 260.647 
5067, 139.353 
5068, 116.969 
5069, 283.031 
5070, 130.846 
5071, 269.154 
5072, 99.6001 
5073, 300.4 
5074, 85.9408 
5075, 314.059 
5076, 51.6632 
5077, 348.337 
5078, 18.3053 
5079, 381.695 
5080, 354.567 
5081, 45.4334 
5082, 244.994 
5083, 155.006 
5084, 180.515 
5085, 219.485 
5086, 260.343 
5087, 139.657 
5088, 100.916 
5089, 299.084 
5090, 92.7387 
5091, 307.261 
5092, 10.5093 
5093, 389.491 
5094, 14.5072 
5095, 385.493 
5096, 307.751 
5097, 92.2491 
5098, 302.28 
5099, 97.7198 
5100, 238.048 
5101, 161.952 
5102, 254.859 
5103, 145.141 
5104, 329.739 
5105, 70.2606 
5106, 72.8815 
5107, 327.118 
5108, 239.548 
5109, 160.452 
5110, 249.142 
5111, 150.858 
5112, 100.896 
5113, 299.104 
5114, 326.426 
5115, 73.5743 
5116, 220.008 
5117, 179.992 
5118, 347.79 
5119, 52.2101 
5120, 257.329 
5121, 142.671 
5122, 276.984 
5123, 123.016 
5124, 242.956 
5125, 157.044 
5126, 262.489 
5127, 137.511 
5128, 281.789 
5129, 118.211 
5130, 57.0552 
5131, 342.945 
5132, 396.981 
5133, 3.01919 
5134, 29.5656 
5135, 370.434 
5136, 356.26 
5137, 43.7396 
5138, 344.15 
5139, 55.85 
5140, 109.134 
5141, 290.866 
5142, 51.8328 
5143, 348.167 
5144, 28.1662 
5145, 371.834 
5146, 32.9159 
5147, 367.084 
5148, 43.9203 
5149, 356.08 
5150, 64.1321 
5151, 335.868 
5152, 114.93 
5153, 285.07 
5154, 207.311 
5155, 192.689 
5156, 117.713 
5157, 282.287 
5158, 340.925 
5159, 59.0749 
5160, 170.866 
5161, 229.134 
5162, 194.262 
5163, 205.738 
5164, 154.395 
5165, 245.605 
5166, 255.168 
5167, 144.832 
5168, 271.285 
5169, 128.715 
5170, 298.506 
5171, 101.494 
5172, 370.691 
5173, 29.3092 
5174, 241.798 
5175, 158.202 
5176, 56.2644 
5177, 343.736 
5178, 284.753 
5179, 115.247 
5180, 326.16 
5181, 73.8396 
5182, 269.746 
5183, 130.254 
5184, 14.6927 
5185, 385.307 
5186, 139.017 
5187, 260.983 
5188, 136.443 
5189, 263.557 
5190, 14.4095 
5191, 385.59 
5192, 72.1196 
5193, 327.88 
5194, 11.4379 
5195, 388.562 
5196, 27.8815 
5197, 372.119 
5198, 99.9621 
5199, 300.038 
5200, 293.688 
5201, 106.312 
5202, 223.639 
5203, 176.361 
5204, 76.918 
5205, 323.082 
5206, 141.488 
5207, 258.512 
5208, 362.566 
5209, 37.4345 
5210, 337.544 
5211, 62.456 
5212, 53.685 
5213, 346.315 
5214, 154.724 
5215, 245.276 
5216, 185.2 
5217, 214.8 
5218, 265.081 
5219, 134.919 
5220, 49.9578 
5221, 350.042 
5222, 76.7717 
5223, 323.228 
5224, 381.494 
5225, 18.5058 
5226, 210.022 
5227, 189.978 
5228, 166.672 
5229, 233.328 
5230, 182.586 
5231, 217.414 
5232, 171.413 
5233, 228.587 
5234, 137.394 
5235, 262.606 
5236, 163.463 
5237, 236.537 
5238, 305.064 
5239, 94.9356 
5240, 296.37 
5241, 103.63 
5242, 69.5705 
5243, 330.429 
5244, 187.088 
5245, 212.912 
5246, 213.257 
5247, 186.743 
5248, 292.866 
5249, 107.134 
5250, 83.5648 
5251, 316.435 
5252, 276.067 
5253, 123.933 
5254, 157.337 
5255, 242.663 
5256, 175.965 
5257, 224.035 
5258, 296.694 
5259, 103.306 
5260, 287.037 
5261, 112.963 
5262, 352.571 
5263, 47.4287 
5264, 260.382 
5265, 139.618 
5266, 199.023 
5267, 200.977 
5268, 189.222 
5269, 210.778 
5270, 223.2 
5271, 176.8 
5272, 193.468 
5273, 206.532 
5274, 142.871 
5275, 257.129 
5276, 97.702 
5277, 302.298 
5278, 29.853 
5279, 370.147 
5280, 239.961 
5281, 160.039 
5282, 117.609 
5283, 282.391 
5284, 66.2607 
5285, 333.739 
5286, 48.1323 
5287, 351.868 
5288, 378.275 
5289, 21.7254 
5290, 85.2815 
5291, 314.718 
5292, 127.5 
5293, 272.5 
5294, 139.389 
5295, 260.611 
5296, 42.5391 
5297, 357.461 
5298, 79.5982 
5299, 320.402 
5300, 286.625 
5301, 113.375 
5302, 66.9146 
5303, 333.085 
5304, 245.113 
5305, 154.887 
5306, 10.4261 
5307, 389.574 
5308, 131.099 
5309, 268.901 
5310, 60.9531 
5311, 339.047 
5312, 93.2448 
5313, 306.755 
5314, 223.913 
5315, 176.087 
5316, 371.585 
5317, 28.4153 
5318, 13.4929 
5319, 386.507 
5320, 7.03478 
5321, 392.965 
5322, 203.864 
5323, 196.136 
5324, 102.289 
5325, 297.711 
5326, 274.502 
5327, 125.498 
5328, 323.721 
5329, 76.2794 
5330, 266.604 
5331, 133.396 
5332, 372.386 
5333, 27.6144 
5334, 387.134 
5335, 12.8656 
5336, 274.308 
5337, 125.692 
5338, 120.331 
5339, 279.669 
5340, 337.829 
5341, 62.1709 
5342, 269.759 
5343, 130.241 
5344, 96.6613 
5345, 303.339 
5346, 320.788 
5347, 79.2117 
5348, 45.7006 
5349, 354.299 
5350, 47.1239 
5351, 352.876 
5352, 172.084 
5353, 227.916 
5354, 63.5634 
5355, 336.437 
5356, 358.878 
5357, 41.1221 
5358, 105.651 
5359, 294.349 
5360, 122.003 
5361, 277.997 
5362, 185.718 
5363, 214.282 
5364, 42.8627 
5365, 357.137 
5366, 245.35 
5367, 154.65 
5368, 82.1911 
5369, 317.809 
5370, 155.239 
5371, 244.761 
5372, 195.587 
5373, 204.413 
5374, 126.972 
5375, 273.028 
5376, 69.8941 
5377, 330.106 
5378, 80.0817 
5379, 319.918 
5380, 93.3704 
5381, 306.63 
5382, 150.754 
5383, 249.246 
5384, 97.3906 
5385, 302.609 
5386, 364.919 
5387, 35.0807 
5388, 324.254 
5389, 75.7456 
5390, 391.76 
5391, 8.24 
5392, 381.392 
5393, 18.6078 
5394, 339.568 
5395, 60.4319 
5396, 33.3626 
5397, 366.637 
5398, 223.588 
5399, 176.412 
5400, 12.3806 
5401, 387.619 
5402, 24.0953 
5403, 375.905 
5404, 356.237 
5405, 43.7635 
5406, 286.698 
5407, 113.302 
5408, 196.63 
5409, 203.37 
5410, 282.649 
5411, 117.351 
5412, 200.284 
5413, 199.716 
5414, 178.042 
5415, 221.958 
5416, 208.035 
5417, 191.965 
5418, 182.147 
5419, 217.853 
5420, 85.8968 
5421, 314.103 
5422, 73.4013 
5423, 326.599 
5424, 166.809 
5425, 233.191 
5426, 219.072 
5427, 180.928 
5428, 140.684 
5429, 259.316 
5430, 267.694 
5431, 132.306 
5432, 176.868 
5433, 223.132 
5434, 190.89 
5435, 209.11 
5436, 91.1299 
5437, 308.87 
5438, 109.523 
5439, 290.477 
5440, 324.886 
5441, 75.1143 
5442, 91.2007 
5443, 308.799 
5444, 349.682 
5445, 50.3177 
5446, 169.618 
5447, 230.382 
5448, 86.3032 
5449, 313.697 
5450, 131.996 
5451, 268.004 
5452, 41.1606 
5453, 358.839 
5454, 307.624 
5455, 92.3755 
5456, 279.786 
5457, 120.214 
5458, 263.523 
5459, 136.477 
5460, 80.1056 
5461, 319.894 
5462, 12.4012 
5463, 387.599 
5464, 264.222 
5465, 135.778 
5466, 285.042 
5467, 114.958 
5468, 374.821 
5469, 25.1786 
5470, 134.935 
5471, 265.065 
5472, 249.549 
5473, 150.451 
5474, 244.691 
5475, 155.309 
5476, 76.0386 
5477, 323.961 
5478, 211.05 
5479, 188.95 
5480, 135.647 
5481, 264.353 
5482, 80.7908 
5483, 319.209 
5484, 346.186 
5485, 53.8138 
5486, 174.71 
5487, 225.29 
5488, 262.461 
5489, 137.539 
5490, 127.84 
5491, 272.16 
5492, 165.338 
5493, 234.662 
5494, 252.422 
5495, 147.578 
5496, 373.266 
5497, 26.7342 
5498, 388.917 
5499, 11.0825 
5500, 268.146 
5501, 131.854 
5502, 398.366 
5503, 1.63403 
5504, 8.4869 
5505, 391.513 
5506, 6.39467 
5507, 393.605 
5508, 65.9566 
5509, 334.043 
5510, 370.969 
5511, 29.0306 
5512, 202.02 
5513, 197.98 
5514, 8.47889 
5515, 391.521 
5516, 169.191 
5517, 230.809 
5518, 193.224 
5519, 206.776 
5520, 371.98 
5521, 28.0198 
5522, 350.316 
5523, 49.6836 
5524, 88.3768 
5525, 311.623 
5526, 67.5032 
5527, 332.497 
5528, 247.378 
5529, 152.622 
5530, 261.872 
5531, 138.128 
5532, 333.215 
5533, 66.7851 
5534, 244.275 
5535, 155.725 
5536, 248.473 
5537, 151.527 
5538, 226.454 
5539, 173.546 
5540, 258.242 
5541, 141.758 
5542, 5.64455 
5543, 394.355 
5544, 25.4433 
5545, 374.557 
5546, 224.318 
5547, 175.682 
5548, 347.42 
5549, 52.5802 
5550, 53.8257 
5551, 346.174 
5552, 148.816 
5553, 251.184 
5554, 165.657 
5555, 234.343 
5556, 319.48 
5557, 80.52 
5558, 333.213 
5559, 66.7869 
5560, 269.927 
5561, 130.073 
5562, 176.31 
5563, 223.69 
5564, 48.5634 
5565, 351.437 
5566, 48.0606 
5567, 351.939 
5568, 12.6906 
5569, 387.309 
5570, 326.165 
5571, 73.8345 
5572, 97.3937 
5573, 302.606 
5574, 227.35 
5575, 172.65 
5576, 59.6911 
5577, 340.309 
5578, 81.0055 
5579, 318.994 
5580, 259.239 
5581, 140.761 
5582, 153.42 
5583, 246.58 
5584, 251.349 
5585, 148.651 
5586, 305.936 
5587, 94.0638 
5588, 297.374 
5589, 102.626 
5590, 93.5202 
5591, 306.48 
5592, 231.897 
5593, 168.103 
5594, 353.37 
5595, 46.6301 
5596, 393.299 
5597, 6.70109 
5598, 377.946 
5599, 22.0539 
5600, 192.038 
5601, 207.962 
5602, 286.967 
5603, 113.033 
5604, 146.54 
5605, 253.46 
5606, 291.915 
5607, 108.085 
5608, 238.225 
5609, 161.775 
5610, 56.366 
5611, 343.634 
5612, 258.964 
5613, 141.036 
5614, 36.1654 
5615, 363.835 
5616, 262.897 
5617, 137.103 
5618, 161.961 
5619, 238.039 
5620, 282.761 
5621, 117.239 
5622, 136.873 
5623, 263.127 
5624, 253.065 
5625, 146.935 
5626, 237.936 
5627, 162.064 
5628, 62.6147 
5629, 337.385 
5630, 328.942 
5631, 71.0575 
5632, 233.876 
5633, 166.124 
5634, 219.869 
5635, 180.131 
5636, 222.258 
5637, 177.742 
5638, 104.511 
5639, 295.489 
5640, 373.516 
5641, 26.4841 
5642, 354.021 
5643, 45.9792 
5644, 367.355 
5645, 32.6454 
5646, 29.1475 
5647, 370.853 
5648, 332.858 
5649, 67.142 
5650, 322.377 
5651, 77.6233 
5652, 245.059 
5653, 154.941 
5654, 52.719 
5655, 347.281 
5656, 40.1133 
5657, 359.887 
5658, 41.5951 
5659, 358.405 
5660, 51.3301 
5661, 348.67 
5662, 96.4125 
5663, 303.587 
5664, 58.2694 
5665, 341.731 
5666, 19.0333 
5667, 380.967 
5668, 76.4456 
5669, 323.554 
5670, 66.1315 
5671, 333.868 
5672, 80.212 
5673, 319.788 
5674, 125.526 
5675, 274.474 
5676, 48.6853 
5677, 351.315 
5678, 57.6771 
5679, 342.323 
5680, 52.8473 
5681, 347.153 
5682, 144.627 
5683, 255.373 
5684, 53.1435 
5685, 346.856 
5686, 52.8204 
5687, 347.18 
5688, 256.317 
5689, 143.683 
5690, 289.914 
5691, 110.086 
5692, 338.868 
5693, 61.1318 
5694, 169.755 
5695, 230.245 
5696, 64.1107 
5697, 335.889 
5698, 79.7854 
5699, 320.215 
5700, 71.4235 
5701, 328.576 
5702, 340.381 
5703, 59.619 
5704, 273.171 
5705, 126.829 
5706, 50.0188 
5707, 349.981 
5708, 40.102 
5709, 359.898 
5710, 68.347 
5711, 331.653 
5712, 41.829 
5713, 358.171 
5714, 106.476 
5715, 293.524 
5716, 125.473 
5717, 274.527 
5718, 182.434 
5719, 217.566 
5720, 81.1883 
5721, 318.812 
5722, 100.072 
5723, 299.928 
5724, 121.659 
5725, 278.341 
5726, 165.705 
5727, 234.295 
5728, 344.152 
5729, 55.8477 
5730, 7.54189 
5731, 392.458 
5732, 281.099 
5733, 118.901 
5734, 330.131 
5735, 69.8687 
5736, 399.726 
5737, 0.274088 
5738, 203.3 
5739, 196.7 
5740, 390.123 
5741, 9.87666 
5742, 214.45 
5743, 185.55 
5744, 313.052 
5745, 86.9478 
5746, 350.36 
5747, 49.6397 
5748, 344.712 
5749, 55.2882 
5750, 169.956 
5751, 230.044 
5752, 166.466 
5753, 233.534 
5754, 180.008 
5755, 219.992 
5756, 352.283 
5757, 47.7173 
5758, 371.199 
5759, 28.8011 
5760, 280.883 
5761, 119.117 
5762, 217.658 
5763, 182.342 
5764, 35.0254 
5765, 364.975 
5766, 44.1338 
5767, 355.866 
5768, 29.51 
5769, 370.49 
5770, 181.356 
5771, 218.644 
5772, 367.67 
5773, 32.3302 
5774, 121.918 
5775, 278.082 
5776, 162.433 
5777, 237.567 
5778, 230.284 
5779, 169.716 
5780, 87.12 
5781, 312.88 
5782, 343.14 
5783, 56.8603 
5784, 313.257 
5785, 86.7429 
5786, 391.802 
5787, 8.19777 
5788, 356.069 
5789, 43.9305 
5790, 337.027 
5791, 62.9733 
5792, 398.045 
5793, 1.95465 
5794, 77.6604 
5795, 322.34 
5796, 99.979 
5797, 300.021 
5798, 65.6726 
5799, 334.327 
5800, 29.9746 
5801, 370.025 
5802, 19.57 
5803, 380.43 
5804, 179.967 
5805, 220.033 
5806, 155.141 
5807, 244.859 
5808, 27.5989 
5809, 372.401 
5810, 281.669 
5811, 118.331 
5812, 385.84 
5813, 14.1595 
5814, 48.4419 
5815, 351.558 
5816, 103.523 
5817, 296.477 
5818, 212.441 
5819, 187.559 
5820, 225.032 
5821, 174.968 
5822, 194.781 
5823, 205.219 
5824, 128.215 
5825, 271.785 
5826, 397.846 
5827, 2.15444 
5828, 112.425 
5829, 287.575 
5830, 188.584 
5831, 211.416 
5832, 3.44185 
5833, 396.558 
5834, 187.339 
5835, 212.661 
5836, 31.4014 
5837, 368.599 
5838, 71.3148 
5839, 328.685 
5840, 17.5533 
5841, 382.447 
5842, 135.134 
5843, 264.866 
5844, 355.463 
5845, 44.5373 
5846, 153.753 
5847, 246.247 
5848, 389.669 
5849, 10.3312 
5850, 238.082 
5851, 161.918 
5852, 147.733 
5853, 252.267 
5854, 281.548 
5855, 118.452 
5856, 338.24 
5857, 61.7603 
5858, 204.299 
5859, 195.701 
5860, 173.435 
5861, 226.565 
5862, 73.7469 
5863, 326.253 
5864, 106.106 
5865, 293.894 
5866, 84.5477 
5867, 315.452 
5868, 228.302 
5869, 171.698 
5870, 390.825 
5871, 9.17494 
5872, 311.339 
5873, 88.6608 
5874, 173.379 
5875, 226.621 
5876, 114.876 
5877, 285.124 
5878, 84.4306 
5879, 315.569 
5880, 18.7069 
5881, 381.293 
5882, 79.0356 
5883, 320.964 
5884, 26.5328 
5885, 373.467 
5886, 91.2218 
5887, 308.778 
5888, 78.5262 
5889, 321.474 
5890, 26.4297 
5891, 373.57 
5892, 26.4602 
5893, 373.54 
5894, 18.6607 
5895, 381.339 
5896, 22.8311 
5897, 377.169 
5898, 289.235 
5899, 110.765 
5900, 61.3967 
5901, 338.603 
5902, 78.1787 
5903, 321.821 
5904, 73.1481 
5905, 326.852 
5906, 16.0176 
5907, 383.982 
5908, 18.3461 
5909, 381.654 
5910, 23.9063 
5911, 376.094 
5912, 76.1475 
5913, 323.852 
5914, 298.496 
5915, 101.504 
5916, 244.699 
5917, 155.301 
5918, 374.255 
5919, 25.7451 
5920, 368.008 
5921, 31.9916 
5922, 354.321 
5923, 45.6787 
5924, 237.023 
5925, 162.977 
5926, 247.185 
5927, 152.815 
5928, 34.7135 
5929, 365.286 
5930, 25.0773 
5931, 374.923 
5932, 57.9491 
5933, 342.051 
5934, 380.031 
5935, 19.9687 
5936, 321.674 
5937, 78.3258 
5938, 139.045 
5939, 260.955 
5940, 337.065 
5941, 62.9347 
5942, 220.767 
5943, 179.233 
5944, 64.7007 
5945, 335.299 
5946, 7.7773 
5947, 392.223 
5948, 122.036 
5949, 277.964 
5950, 159.987 
5951, 240.013 
5952, 258.618 
5953, 141.382 
5954, 70.2917 
5955, 329.708 
5956, 244.99 
5957, 155.01 
5958, 260.984 
5959, 139.016 
5960, 130.52 
5961, 269.48 
5962, 390.598 
5963, 9.4015 
5964, 121.218 
5965, 278.782 
5966, 115.559 
5967, 284.441 
5968, 43.2677 
5969, 356.732 
5970, 75.3976 
5971, 324.602 
5972, 337.827 
5973, 62.1732 
5974, 35.6164 
5975, 364.384 
5976, 230.859 
5977, 169.141 
5978, 195.365 
5979, 204.635 
5980, 215.983 
5981, 184.017 
5982, 267.578 
5983, 132.422 
5984, 264.903 
5985, 135.097 
5986, 145.958 
5987, 254.042 
5988, 349.724 
5989, 50.2759 
5990, 53.162 
5991, 346.838 
5992, 53.4373 
5993, 346.563 
5994, 62.545 
5995, 337.455 
5996, 125.103 
5997, 274.897 
5998, 244.612 
5999, 155.388 
6000, 219.374 
6001, 180.626 
6002, 286.298 
6003, 113.702 
6004, 310.777 
6005, 89.2234 
6006, 103.442 
6007, 296.558 
6008, 369.368 
6009, 30.632 
6010, 127.061 
6011, 272.939 
6012, 360.199 
6013, 39.8011 
6014, 269.908 
6015, 130.092 
6016, 146.151 
6017, 253.849 
6018, 251.832 
6019, 148.168 
6020, 88.2443 
6021, 311.756 
6022, 365.305 
6023, 34.6954 
6024, 309.115 
6025, 90.8855 
6026, 151.602 
6027, 248.398 
6028, 106.473 
6029, 293.527 
6030, 392.482 
6031, 7.51802 
6032, 271.158 
6033, 128.842 
6034, 298.437 
6035, 101.563 
6036, 283.502 
6037, 116.498 
6038, 127.426 
6039, 272.574 
6040, 36.9588 
6041, 363.041 
6042, 164.082 
6043, 235.918 
6044, 348.915 
6045, 51.0852 
6046, 143.109 
6047, 256.891 
6048, 324.834 
6049, 75.1663 
6050, 282.01 
6051, 117.99 
6052, 304.988 
6053, 95.012 
6054, 160.545 
6055, 239.455 
6056, 165.718 
6057, 234.282 
6058, 106.18 
6059, 293.82 
6060, 260.779 
6061, 139.221 
6062, 387.67 
6063, 12.3301 
6064, 343.179 
6065, 56.8212 
6066, 210.711 
6067, 189.289 
6068, 107.114 
6069, 292.886 
6070, 292.306 
6071, 107.694 
6072, 221.104 
6073, 178.896 
6074, 339.66 
6075, 60.3397 
6076, 339.834 
6077, 60.1656 
6078, 323.563 
6079, 76.4372 
6080, 91.5841 
6081, 308.416 
6082, 380.513 
6083, 19.4874 
6084, 251.504 
6085, 148.496 
6086, 37.5943 
6087, 362.406 
6088, 132.321 
6089, 267.679 
6090, 18.9693 
6091, 381.031 
6092, 52.0473 
6093, 347.953 
6094, 292.332 
6095, 107.668 
6096, 258.867 
6097, 141.133 
6098, 394.688 
6099, 5.31174 
6100, 136.312 
6101, 263.688 
6102, 78.5965 
6103, 321.403 
6104, 391.508 
6105, 8.49176 
6106, 114.778 
6107, 285.222 
6108, 270.38 
6109, 129.62 
6110, 201.467 
6111, 198.533 
6112, 164.064 
6113, 235.936 
6114, 108.903 
6115, 291.097 
6116, 278.816 
6117, 121.184 
6118, 66.3277 
6119, 333.672 
6120, 98.1491 
6121, 301.851 
6122, 103.165 
6123, 296.835 
6124, 190.812 
6125, 209.188 
6126, 253.486 
6127, 146.514 
6128, 268.643 
6129, 131.357 
6130, 319.107 
6131, 80.8931 
6132, 367.058 
6133, 32.9422 
6134, 16.5619 
6135, 383.438 
6136, 272.821 
6137, 127.179 
6138, 242.088 
6139, 157.912 
6140, 88.7883 
6141, 311.212 
6142, 170.863 
6143, 229.137 
6144, 9.03535 
6145, 390.965 
6146, 114.332 
6147, 285.668 
6148, 95.0866 
6149, 304.913 
6150, 59.8808 
6151, 340.119 
6152, 119.54 
6153, 280.46 
6154, 87.5736 
6155, 312.426 
6156, 233.931 
6157, 166.069 
6158, 60.4228 
6159, 339.577 
6160, 81.2359 
6161, 318.764 
6162, 59.8201 
6163, 340.18 
6164, 394.98 
6165, 5.01954 
6166, 365.622 
6167, 34.3783 
6168, 162.916 
6169, 237.084 
6170, 186.466 
6171, 213.534 
6172, 136.317 
6173, 263.683 
6174, 79.3872 
6175, 320.613 
6176, 101.516 
6177, 298.484 
6178, 47.5433 
6179, 352.457 
6180, 101.13 
6181, 298.87 
6182, 177.007 
6183, 222.993 
6184, 265.638 
6185, 134.362 
6186, 278.584 
6187, 121.416 
6188, 294.146 
6189, 105.854 
6190, 133.395 
6191, 266.605 
6192, 322.233 
6193, 77.7675 
6194, 135.146 
6195, 264.854 
6196, 2.38463 
6197, 397.615 
6198, 2.81535 
6199, 397.185 
6200, 2.47802 
6201, 397.522 
6202, 8.11718 
6203, 391.883 
6204, 375.195 
6205, 24.8051 
6206, 122.316 
6207, 277.684 
6208, 234.349 
6209, 165.651 
6210, 85.8876 
6211, 314.112 
6212, 180.51 
6213, 219.49 
6214, 251.443 
6215, 148.557 
6216, 92.9122 
6217, 307.088 
6218, 352.14 
6219, 47.8602 
6220, 326.564 
6221, 73.4359 
6222, 394.767 
6223, 5.23325 
6224, 279.246 
6225, 120.754 
6226, 200.217 
6227, 199.783 
6228, 283.755 
6229, 116.245 
6230, 93.4436 
6231, 306.556 
6232, 190.438 
6233, 209.562 
6234, 69.7489 
6235, 330.251 
6236, 107.027 
6237, 292.973 
6238, 113.141 
6239, 286.859 
6240, 130.1 
6241, 269.9 
6242, 229.956 
6243, 170.044 
6244, 191.117 
6245, 208.883 
6246, 129.134 
6247, 270.866 
6248, 162.358 
6249, 237.642 
6250, 225.73 
6251, 174.27 
6252, 341.242 
6253, 58.7576 
6254, 183.076 
6255, 216.924 
6256, 213.661 
6257, 186.339 
6258, 205.577 
6259, 194.423 
6260, 302.115 
6261, 97.8853 
6262, 279.683 
6263, 120.317 
