$nodes
1, 7.9671614e-02, 1.2515265e-02, 5.7030478e-01 
2, 7.0784973e-01, 4.0764831e-01, 6.6031226e-01 
3, 9.1934071e-02, 1.5637633e-01, 3.0614860e-01 
4, 9.7171717e-01, 3.2499338e-02, 4.8358665e-01 
5, 5.9039884e-01, 4.4310120e-01, 4.1605095e-01 
6, 6.6220683e-03, 6.5437893e-01, 3.7353779e-01 
7, 1.1655025e-01, 5.8434537e-01, 4.5315865e-02 
8, 9.5219067e-01, 4.8545251e-01, 2.4975475e-01 
9, 4.1884451e-01, 7.1401825e-02, 3.1812684e-01 
10, 3.5637057e-01, 9.7510597e-01, 4.1799996e-01 
11, 9.1318811e-01, 1.7128586e-01, 9.3308415e-01 
12, 8.7092359e-01, 3.5740147e-01, 8.6768748e-01 
13, 1.4976825e-01, 7.9230341e-01, 9.4398213e-01 
14, 8.8358477e-01, 2.0752470e-01, 7.5517615e-02 
15, 1.3428265e-01, 4.1021159e-01, 2.8030790e-01 
16, 3.3775313e-01, 8.9287136e-01, 6.9691941e-01 
17, 5.6842160e-01, 4.2931133e-01, 2.2324621e-01 
18, 5.6369401e-01, 7.3019314e-01, 7.1429608e-01 
19, 3.1412686e-01, 5.3663314e-01, 2.0740514e-01 
20, 6.1549514e-02, 4.4820766e-01, 8.7194144e-01 
21, 1.1304686e-01, 8.5211501e-01, 4.9589338e-02 
22, 1.2422210e-02, 4.3783601e-01, 3.2364299e-01 
23, 2.6885184e-01, 5.7358367e-01, 6.6911965e-01 
24, 4.2738718e-01, 1.7162031e-01, 2.9251661e-01 
25, 5.8675834e-01, 3.8060895e-01, 2.0330875e-01 
26, 1.1822224e-01, 5.1055949e-01, 4.8772604e-01 
27, 8.3067509e-01, 5.0067121e-01, 2.9989134e-01 
28, 6.3698895e-01, 8.2274599e-01, 5.1465297e-01 
29, 8.0668799e-01, 1.8865155e-01, 2.3689484e-01 
30, 3.6679981e-01, 3.9392360e-01, 2.1119556e-01 
31, 5.1936422e-01, 3.9045836e-01, 8.4798797e-02 
32, 9.2230490e-01, 8.0622519e-01, 2.4072011e-01 
33, 8.8220600e-01, 8.9823458e-01, 6.9014461e-01 
34, 3.3778057e-01, 1.5745708e-01, 4.7545819e-01 
35, 4.1747752e-01, 5.9932369e-01, 4.5751566e-02 
36, 5.8089039e-01, 2.5998265e-01, 9.2821327e-01 
37, 7.1917412e-01, 3.1108220e-01, 5.7905942e-01 
38, 5.2076863e-01, 4.7111480e-01, 4.9731458e-01 
39, 9.2323691e-01, 4.2680783e-02, 5.3019130e-01 
40, 1.2718308e-01, 8.2792151e-01, 3.9928850e-01 
41, 6.5844283e-01, 9.8449503e-01, 7.5668799e-01 
42, 7.9165301e-01, 2.4386254e-01, 4.6464224e-01 
43, 3.1047672e-01, 3.1608803e-01, 1.1389425e-01 
44, 2.7187845e-01, 6.8679267e-01, 5.3041612e-02 
45, 9.9177364e-01, 3.2753992e-01, 9.6171936e-01 
46, 8.4202080e-01, 9.5771990e-02, 5.2543872e-01 
47, 8.6529182e-01, 5.8411626e-01, 6.3941904e-01 
48, 9.6110998e-01, 6.7383863e-01, 9.2994416e-01 
49, 8.5602397e-02, 6.9870673e-01, 7.4357462e-02 
50, 4.8133793e-01, 2.4885557e-01, 4.0939506e-01 
51, 9.7622044e-01, 3.8703726e-01, 6.0308760e-01 
52, 7.7609486e-01, 8.6636505e-02, 4.3283268e-01 
53, 7.6627488e-01, 8.3652829e-01, 1.7309499e-02 
54, 7.2438973e-01, 8.5607319e-01, 9.7372028e-01 
55, 8.6798265e-01, 6.6677520e-01, 8.6135250e-01 
56, 5.7637529e-02, 3.3497657e-01, 1.9731214e-01 
57, 2.9533902e-01, 4.8144613e-01, 1.9928276e-01 
58, 2.0736778e-01, 4.2415339e-01, 1.2944171e-01 
59, 4.1122453e-01, 7.6991747e-01, 9.8696341e-01 
60, 1.4967418e-01, 2.8160817e-01, 8.8921907e-01 
61, 9.3895557e-02, 8.6180664e-01, 3.4058641e-01 
62, 3.5752710e-01, 5.0839828e-01, 8.5332325e-01 
63, 7.9422521e-01, 8.5558824e-01, 1.3435369e-01 
64, 1.9502294e-01, 6.8345933e-01, 6.3312940e-01 
65, 3.4203257e-01, 8.0641413e-01, 9.3376428e-01 
66, 6.6824712e-01, 5.0608073e-01, 8.3771950e-01 
67, 1.7375498e-01, 2.2781357e-01, 5.8770034e-01 
68, 3.6227780e-01, 7.6337079e-01, 8.6001109e-01 
69, 1.0047556e-01, 5.9846318e-01, 3.3822404e-01 
70, 3.4908058e-01, 3.8572086e-01, 4.5786927e-01 
71, 8.3862342e-01, 5.6938405e-01, 7.2739192e-01 
72, 7.0138088e-01, 7.6690087e-01, 1.2862739e-01 
73, 9.4142176e-01, 5.1139147e-01, 3.2466471e-01 
74, 8.7661234e-01, 8.2985616e-01, 8.2451087e-01 
75, 8.0183356e-01, 7.5847447e-01, 5.7493624e-02 
76, 4.1607751e-01, 4.9798128e-01, 6.4170980e-01 
77, 1.8671905e-01, 2.9147117e-01, 6.6550526e-01 
78, 5.5356314e-01, 5.4841369e-01, 2.4875329e-01 
79, 3.9054323e-01, 7.5780942e-01, 9.1695597e-01 
80, 9.0142293e-01, 7.5037131e-02, 3.8573062e-01 
81, 3.7966139e-01, 4.1293006e-01, 1.4375041e-01 
82, 9.5067584e-01, 4.3718076e-01, 8.5061135e-01 
83, 2.8662169e-02, 8.4435909e-01, 3.1380709e-01 
84, 8.4685373e-01, 3.0856537e-01, 6.8660485e-01 
85, 6.0819828e-01, 1.1611162e-01, 3.1173899e-01 
86, 8.6024209e-02, 8.0400202e-01, 2.5651637e-01 
87, 4.6319478e-01, 2.4582286e-01, 4.7039712e-01 
88, 5.4774665e-01, 9.2838514e-01, 9.4516642e-01 
89, 2.8740568e-01, 3.1467561e-02, 5.4073493e-01 
90, 9.9321668e-01, 6.9241715e-01, 9.9854619e-01 
91, 1.7450216e-01, 9.3604979e-01, 3.9487753e-01 
92, 5.5069193e-01, 3.6454092e-01, 7.2849345e-01 
93, 7.1598257e-01, 8.1386054e-02, 9.8535257e-01 
94, 1.8579216e-01, 7.3039235e-01, 3.4973352e-01 
95, 2.9023167e-01, 2.2384204e-01, 4.8570117e-01 
96, 1.0295981e-01, 7.5935120e-01, 5.1476770e-01 
97, 6.6834189e-01, 1.6070316e-01, 2.4983986e-01 
98, 1.5962517e-01, 2.8235518e-01, 8.4653104e-01 
99, 7.0857632e-01, 1.5115557e-01, 5.9085713e-01 
100, 6.6498103e-01, 1.2275016e-01, 3.4093302e-01 
101, 3.5089522e-01, 9.6519615e-01, 9.2350874e-01 
102, 6.8128143e-01, 8.6922723e-03, 8.6524095e-01 
103, 7.9902048e-01, 8.8560512e-01, 6.4790485e-01 
104, 5.5107665e-01, 2.0009018e-01, 9.0639249e-01 
105, 3.4165447e-01, 1.3720300e-01, 7.9992916e-01 
106, 3.4197686e-01, 5.6452678e-01, 7.0503002e-01 
107, 2.9861946e-01, 8.2099644e-01, 1.4450761e-01 
108, 2.0383647e-01, 2.1336854e-01, 8.4841291e-01 
109, 9.5915208e-01, 4.2223153e-01, 5.7290854e-01 
110, 4.7829976e-01, 5.3836779e-04, 8.6312189e-01 
111, 7.1528537e-01, 9.4402396e-01, 9.3542288e-02 
112, 6.2046243e-01, 6.4463235e-01, 6.6295421e-01 
113, 4.7280658e-01, 9.8975790e-01, 5.7922373e-01 
114, 7.9800515e-01, 2.8085554e-01, 6.3761391e-01 
115, 2.0103638e-01, 6.0436366e-01, 5.0230252e-01 
116, 6.8181559e-01, 1.0303504e-01, 8.1920793e-01 
117, 8.8306041e-01, 2.6554201e-01, 7.2601986e-01 
118, 9.0631915e-01, 2.8813598e-01, 8.1286933e-01 
119, 4.9569776e-01, 4.0650578e-01, 4.6582447e-01 
120, 2.6056490e-01, 2.5968440e-01, 6.6477867e-01 
121, 9.1463043e-01, 2.3435550e-01, 6.0402662e-02 
122, 9.4198509e-01, 8.8066230e-01, 6.4284646e-01 
123, 3.8917879e-01, 8.2792843e-01, 7.5706677e-01 
124, 4.4765488e-01, 3.5197042e-01, 1.1674018e-01 
125, 9.5965833e-02, 8.7142598e-01, 1.9587747e-01 
126, 6.5557223e-01, 1.5874829e-02, 1.5526922e-01 
127, 2.1656434e-01, 7.4011561e-01, 7.1236838e-01 
128, 5.9458179e-02, 3.1160445e-01, 7.8777151e-01 
129, 5.4087959e-01, 7.3170993e-02, 6.1554677e-01 
130, 1.6837163e-01, 9.9490581e-02, 7.0552026e-01 
131, 5.2631114e-01, 3.7517907e-01, 1.4086468e-01 
132, 8.8179343e-01, 2.4143926e-01, 1.5855423e-01 
133, 2.3891446e-01, 7.0530441e-01, 9.3685970e-01 
134, 5.6176011e-01, 3.9892713e-01, 8.8203765e-01 
135, 8.6230739e-01, 9.7960036e-01, 7.3249583e-02 
136, 4.2858687e-02, 4.3843479e-01, 9.3674277e-01 
137, 9.0244201e-01, 8.5788609e-01, 1.5121391e-01 
138, 3.7682183e-01, 9.6762698e-01, 9.5514627e-01 
139, 6.1056217e-01, 8.8289605e-01, 5.6942140e-01 
140, 4.1625758e-01, 1.8892557e-01, 7.2694451e-01 
141, 1.2846580e-01, 7.1552230e-01, 6.5479995e-01 
142, 6.0478371e-01, 7.1586429e-01, 8.6281710e-01 
143, 3.7920093e-01, 4.3177879e-01, 3.1280775e-01 
144, 2.6984731e-01, 7.3817761e-01, 4.3371531e-01 
145, 7.2798019e-01, 6.4917801e-01, 8.8916428e-01 
146, 8.1196782e-01, 7.6784557e-01, 1.7854368e-02 
147, 1.9558202e-01, 9.8411682e-01, 8.8096710e-01 
148, 6.2395640e-01, 9.2048072e-01, 5.0912916e-01 
149, 8.5219269e-01, 7.0806596e-04, 7.4960929e-01 
150, 1.5434308e-01, 4.3218712e-01, 1.4981810e-01 
151, 2.6419380e-01, 3.8989250e-01, 1.9712926e-01 
152, 3.3988501e-01, 2.5827726e-01, 1.3208611e-01 
153, 1.9004906e-01, 1.3526802e-01, 7.6341884e-01 
154, 2.5061791e-01, 8.0842554e-01, 6.8115724e-01 
155, 3.4881424e-03, 7.3145325e-01, 4.5688557e-01 
156, 8.5738349e-01, 3.1648655e-01, 1.7619334e-02 
157, 4.1328083e-01, 4.7223764e-01, 2.1256182e-01 
158, 4.3018582e-01, 2.9665648e-01, 7.9185094e-01 
159, 6.6671862e-01, 3.7485957e-01, 7.4033619e-02 
160, 9.0630165e-04, 8.0135923e-01, 2.2317651e-01 
161, 5.7968090e-01, 8.9993598e-01, 9.8291008e-01 
162, 2.0661733e-02, 3.5563636e-01, 9.7308226e-01 
163, 8.3094794e-01, 2.5937875e-01, 7.5833621e-01 
164, 9.8900993e-01, 5.5809268e-01, 7.2202379e-01 
165, 3.0150188e-01, 2.4438827e-01, 1.2164353e-01 
166, 1.3105516e-01, 5.0069189e-01, 8.9422527e-01 
167, 5.2353907e-01, 6.9396943e-01, 8.8253526e-01 
168, 5.6352461e-01, 4.6072600e-01, 7.0248668e-01 
169, 6.6718597e-01, 5.0278480e-01, 7.5242757e-01 
170, 2.4655807e-02, 6.5646103e-01, 1.6603933e-01 
171, 2.2998515e-01, 1.4288993e-01, 8.5947076e-01 
172, 2.3415888e-01, 7.8389727e-01, 7.8103950e-01 
173, 7.5979230e-01, 2.4196922e-01, 4.6446226e-01 
174, 2.9315688e-01, 9.1340981e-02, 6.5592611e-01 
175, 9.7038888e-01, 2.3954340e-01, 1.4678040e-01 
176, 4.1596308e-01, 6.3646493e-01, 1.3090417e-01 
177, 3.0083739e-02, 1.9662801e-01, 8.0869992e-01 
178, 8.6534137e-01, 4.4641333e-01, 5.9593400e-01 
179, 1.9469745e-01, 9.2227379e-01, 8.9206969e-02 
180, 3.2304720e-02, 6.2753314e-02, 5.5472022e-01 
181, 2.1315732e-02, 1.7969370e-01, 8.7908901e-01 
182, 7.4126300e-01, 4.2152171e-01, 1.8979494e-01 
183, 8.8529113e-01, 1.6922153e-01, 1.3806477e-02 
184, 9.2723219e-01, 2.6475240e-02, 2.8744880e-01 
185, 9.6265796e-01, 9.0321557e-01, 6.3342773e-01 
186, 1.1748919e-01, 7.5416964e-01, 9.2014497e-01 
187, 7.9218231e-01, 6.2786743e-01, 8.6756455e-01 
188, 3.3313824e-01, 4.2181293e-01, 7.4808681e-01 
189, 7.2195245e-01, 1.1895313e-01, 1.1314020e-01 
190, 2.2751022e-01, 5.1000477e-01, 8.5296370e-01 
191, 9.1588460e-01, 3.3047390e-01, 9.6387786e-01 
192, 1.5973981e-02, 5.8570991e-01, 6.7876423e-01 
193, 1.6257093e-01, 3.6029393e-01, 1.5021758e-02 
194, 9.0145158e-01, 5.1169429e-02, 8.6384686e-01 
195, 7.9350815e-02, 7.0459235e-01, 6.4944954e-01 
196, 8.6365294e-01, 3.9875296e-01, 7.1157816e-01 
197, 5.6534271e-01, 7.4434882e-01, 3.1029812e-01 
198, 1.4538123e-01, 1.1756877e-01, 3.0567745e-01 
199, 2.2960329e-01, 6.1746197e-01, 9.2298886e-01 
200, 7.8730724e-01, 9.0799326e-01, 4.0473738e-01 
201, 2.0314049e-01, 8.0229220e-01, 2.2876167e-01 
202, 7.4565720e-02, 2.6815971e-01, 2.1706706e-01 
203, 3.7679115e-01, 4.4434945e-01, 1.5006766e-02 
204, 5.1504319e-01, 9.3666748e-01, 3.1636900e-01 
205, 8.6006915e-01, 4.6740967e-01, 4.7332546e-01 
206, 9.6049567e-01, 9.1300131e-01, 3.2102380e-01 
207, 6.6670634e-01, 6.4919759e-01, 3.2894242e-01 
208, 8.7815374e-01, 3.2285109e-01, 5.8029561e-01 
209, 9.6724570e-01, 3.2987942e-01, 5.9538287e-01 
210, 7.0468529e-01, 8.0427285e-01, 9.3441152e-01 
211, 8.2906680e-01, 3.7556160e-01, 5.7108846e-01 
212, 8.8014495e-02, 4.9708275e-01, 3.9032295e-01 
213, 9.9289768e-02, 2.4853604e-01, 8.4303854e-01 
214, 5.7716359e-01, 5.2572749e-01, 1.2559940e-01 
215, 3.8823441e-01, 1.9745603e-01, 4.3922398e-01 
216, 6.5660535e-01, 4.9408886e-01, 5.7466546e-01 
217, 3.5282737e-01, 6.4917273e-01, 9.5603976e-03 
218, 7.9397427e-01, 9.5074436e-01, 5.7826058e-03 
219, 3.0508424e-01, 7.3712442e-01, 3.9115329e-01 
220, 1.0082870e-01, 1.3743460e-02, 3.9397163e-01 
221, 2.7919586e-01, 8.8177054e-01, 5.4162693e-01 
222, 1.9639407e-01, 8.6023989e-01, 6.3879042e-01 
223, 5.8259127e-01, 9.6663179e-01, 1.2382490e-01 
224, 2.4461670e-01, 4.5236237e-01, 7.0340989e-01 
225, 3.2297112e-01, 5.7808197e-01, 9.5419059e-01 
226, 1.7337604e-01, 7.8088689e-01, 6.5794391e-01 
227, 3.6414764e-01, 5.6975431e-01, 3.0274731e-01 
228, 6.9902255e-01, 3.7835952e-01, 5.4292078e-01 
229, 6.8395043e-01, 9.0254052e-01, 8.3489148e-01 
230, 5.0010308e-02, 1.8216528e-02, 6.4308642e-01 
231, 8.6854047e-01, 9.5088182e-01, 3.8809069e-01 
232, 3.0093220e-01, 6.5539073e-01, 8.2707482e-01 
233, 9.1079697e-01, 2.9841540e-01, 1.9564765e-01 
234, 6.7146008e-01, 4.9017317e-01, 1.8877837e-01 
235, 4.2602156e-01, 9.0852235e-01, 5.4844272e-01 
236, 1.1963953e-01, 5.4121200e-01, 5.8884090e-01 
237, 9.9460698e-01, 9.7488858e-01, 7.4469442e-01 
238, 7.6960407e-01, 4.4343956e-01, 6.1462125e-01 
239, 1.2235169e-01, 8.6769516e-01, 2.6263263e-01 
240, 4.9442040e-01, 1.1855140e-01, 2.4168634e-01 
241, 1.9006021e-01, 1.2839506e-01, 9.2292447e-01 
242, 3.3418007e-01, 2.1074106e-01, 8.5486320e-05 
243, 2.9527986e-02, 9.4201029e-02, 5.6295055e-01 
244, 8.4883552e-02, 1.4163182e-01, 7.2329481e-01 
245, 9.3298607e-01, 9.4328749e-01, 5.5250313e-01 
246, 2.4295728e-03, 2.0345005e-01, 2.2853990e-01 
247, 2.5250436e-01, 6.6498888e-01, 2.5471177e-01 
248, 2.4462972e-01, 1.9257638e-01, 9.6488956e-01 
249, 9.9871909e-02, 9.3079088e-01, 6.4217295e-02 
250, 6.4570525e-01, 7.1441605e-01, 7.6042980e-01 
251, 5.8181412e-02, 5.0560829e-01, 7.6981399e-01 
252, 7.0018830e-01, 1.7342200e-01, 1.4118366e-01 
253, 5.2269822e-01, 8.7312286e-01, 9.4940763e-01 
254, 1.6028173e-01, 9.9250710e-01, 9.8590507e-02 
255, 2.9136283e-02, 3.1312511e-01, 7.4366193e-01 
256, 3.0083942e-01, 4.7861539e-01, 6.7305820e-01 
257, 1.8796765e-01, 2.0505964e-03, 7.7926616e-01 
258, 6.1182206e-01, 9.8656516e-01, 5.3167054e-01 
259, 1.8986443e-01, 7.9414197e-01, 4.4424213e-01 
260, 6.0372610e-01, 5.3644549e-01, 1.5758962e-01 
261, 7.5475582e-01, 2.2543604e-01, 9.5559883e-01 
262, 4.5188933e-01, 2.8302776e-01, 4.1047904e-01 
263, 9.6669961e-02, 7.4454653e-01, 4.0602644e-01 
264, 7.3344580e-02, 8.9193023e-01, 9.4562883e-01 
265, 5.0766261e-01, 1.4622734e-01, 3.9629653e-02 
266, 4.3997246e-02, 4.6249026e-01, 8.9939591e-01 
267, 4.5873130e-03, 3.4327975e-01, 2.6255014e-01 
268, 9.2289884e-01, 3.7803315e-01, 1.5483414e-01 
269, 6.2779608e-01, 7.3893075e-01, 7.4330375e-01 
270, 9.6507092e-01, 9.7238831e-01, 3.7600922e-01 
271, 6.1496615e-01, 3.1244446e-01, 3.1609046e-02 
272, 7.2097492e-01, 6.1281464e-01, 4.6742106e-01 
273, 4.4455376e-01, 5.1581659e-01, 5.0564211e-01 
274, 7.7164552e-01, 3.5773985e-01, 4.8695119e-01 
275, 1.7896357e-01, 9.5901391e-01, 5.8908654e-01 
276, 3.6069014e-01, 5.5707659e-01, 6.1608609e-01 
277, 9.2675521e-01, 1.2478901e-01, 6.2223226e-01 
278, 6.5126340e-01, 4.5391596e-02, 5.9234100e-01 
279, 7.9615758e-01, 3.4369413e-01, 7.3040583e-01 
280, 2.9323971e-01, 9.9248032e-01, 5.5512832e-01 
281, 5.8032162e-01, 8.4866103e-01, 5.8936038e-01 
282, 8.8995328e-01, 7.6952533e-01, 3.3947206e-01 
283, 9.4445006e-01, 2.8860417e-01, 5.4948251e-01 
284, 7.2375383e-01, 4.7782523e-01, 8.9592894e-01 
285, 5.4877077e-01, 7.3304714e-01, 9.2320405e-01 
286, 4.4822367e-01, 3.2765071e-01, 2.2338725e-01 
287, 4.4787369e-01, 2.5290362e-01, 5.2799819e-01 
288, 8.2059212e-01, 2.8278464e-01, 8.8119100e-01 
289, 9.0376439e-01, 1.6160092e-01, 5.3987518e-01 
290, 8.4482640e-02, 6.2304293e-01, 4.3439232e-01 
291, 4.8873394e-01, 8.2575092e-01, 8.2360120e-01 
292, 6.9930472e-01, 3.9666899e-01, 2.5572112e-01 
293, 8.2903084e-01, 1.0343536e-01, 3.1760782e-01 
294, 4.4965644e-01, 1.6506610e-01, 5.2874169e-01 
295, 6.8047031e-01, 9.8674344e-01, 9.3386988e-01 
296, 4.8124662e-01, 3.0929032e-01, 8.4388795e-02 
297, 9.9125512e-01, 8.1696557e-01, 6.3613880e-01 
298, 9.8500545e-01, 7.3473349e-01, 5.3144883e-01 
299, 4.1919572e-01, 4.8005703e-01, 5.7216962e-01 
300, 8.9650221e-01, 8.6342102e-01, 3.0548984e-01 
301, 7.4903800e-01, 2.3529245e-01, 2.3688598e-01 
302, 9.8231610e-01, 8.1447883e-02, 6.2821905e-01 
303, 6.2110282e-01, 5.5724546e-01, 1.9398944e-01 
304, 2.3741768e-01, 7.8181005e-01, 3.6462063e-02 
305, 8.0481151e-01, 7.1557279e-02, 3.4535979e-02 
306, 6.4439034e-02, 7.1268210e-01, 8.4206961e-01 
307, 4.4915300e-01, 2.2895386e-01, 5.6748822e-01 
308, 4.5448953e-01, 4.8692113e-01, 1.5410670e-01 
309, 9.4085396e-01, 7.3922446e-01, 5.4079506e-01 
310, 6.1198851e-01, 4.4738278e-01, 8.8625737e-01 
311, 8.4921319e-01, 8.6736952e-01, 7.5823796e-01 
312, 1.3533322e-01, 5.4897127e-01, 2.2801128e-01 
313, 7.8515559e-01, 3.3724878e-01, 4.2596051e-01 
314, 9.2676898e-01, 4.0041151e-01, 3.4161897e-02 
315, 8.1148347e-01, 1.3826876e-01, 3.1876173e-01 
316, 8.9094899e-01, 3.7267726e-01, 6.0003561e-01 
317, 7.9290740e-01, 2.7490450e-01, 4.2434043e-01 
318, 6.2514951e-01, 9.2489888e-01, 3.7787080e-01 
319, 1.7803706e-01, 2.9308933e-01, 6.2949943e-02 
320, 9.7420243e-01, 1.5684273e-01, 1.0973759e-01 
321, 7.9621334e-01, 2.9808976e-01, 5.3567367e-01 
322, 5.2158190e-01, 8.7179323e-01, 4.5582622e-01 
323, 3.9797378e-01, 5.0754217e-01, 4.9745504e-01 
324, 3.9592836e-01, 5.8610649e-01, 5.1672146e-01 
325, 8.8475269e-01, 3.5782821e-01, 6.3182439e-01 
326, 8.4270571e-01, 8.2009593e-01, 3.4941798e-01 
327, 6.2940804e-01, 3.6921574e-01, 4.0679837e-01 
328, 6.0024379e-02, 5.4565559e-01, 8.7206512e-02 
329, 1.3531900e-02, 3.7969398e-01, 3.9227785e-01 
330, 3.0504482e-01, 1.4639411e-02, 3.9793925e-02 
331, 6.2478621e-01, 3.8676652e-01, 3.0419057e-01 
332, 6.2335404e-01, 9.2070820e-01, 2.7808672e-01 
333, 5.3277433e-01, 1.0291391e-01, 1.5453903e-01 
334, 8.6610563e-01, 3.1761651e-01, 7.4035299e-01 
335, 3.0316199e-01, 7.1243998e-01, 8.6530629e-01 
336, 3.7338524e-01, 7.7072548e-01, 9.6865422e-03 
337, 4.0003868e-01, 1.2496433e-02, 1.0049927e-01 
338, 9.1124438e-01, 7.9499691e-01, 6.8589440e-01 
339, 5.9534520e-01, 6.4796670e-01, 3.7071381e-01 
340, 3.0025034e-01, 3.4789598e-01, 3.7844376e-02 
341, 4.8928722e-01, 9.5244957e-01, 1.0634358e-01 
342, 1.3319818e-01, 8.3146727e-01, 2.6076394e-01 
343, 1.1901184e-01, 8.6832426e-01, 7.6214436e-01 
344, 4.7720766e-01, 1.7571493e-01, 5.5692595e-01 
345, 1.8486712e-01, 5.2014737e-01, 6.1926674e-01 
346, 6.0950679e-01, 9.7232022e-01, 8.1316160e-01 
347, 4.8958852e-02, 3.4773315e-01, 2.3546773e-01 
348, 8.8055142e-01, 4.7743360e-02, 9.1422909e-01 
349, 9.7581252e-01, 7.1772594e-01, 8.3669880e-01 
350, 8.4042768e-01, 9.5825965e-01, 6.1541584e-01 
351, 7.2857187e-02, 8.9423965e-01, 8.2965312e-01 
352, 2.5423153e-01, 5.2511899e-01, 8.2254893e-01 
353, 4.8793493e-01, 7.1917600e-02, 9.3581776e-01 
354, 2.7998479e-01, 3.0418318e-01, 1.6772129e-01 
355, 1.4756116e-01, 3.5556516e-01, 4.7322533e-01 
356, 9.2488422e-01, 8.4686120e-01, 8.0367542e-01 
357, 6.9646093e-01, 7.1650929e-01, 1.5871356e-01 
358, 9.1611026e-01, 5.2971703e-01, 7.9427857e-01 
359, 1.0862012e-01, 8.1590197e-01, 8.3921954e-01 
360, 3.0529378e-01, 2.2552664e-02, 2.7617667e-01 
361, 1.1049873e-01, 6.4170953e-01, 7.0971973e-01 
362, 4.7420409e-01, 8.6111415e-01, 4.9271740e-01 
363, 6.2301833e-01, 2.1745214e-01, 8.2819026e-01 
364, 2.6831104e-01, 1.4336492e-02, 4.1763264e-01 
365, 5.1415119e-01, 3.3932420e-01, 2.3736697e-01 
366, 2.6812001e-01, 2.0028713e-01, 5.3679129e-01 
367, 5.5993493e-02, 7.4310582e-01, 9.5916704e-01 
368, 5.1174633e-01, 4.0648147e-01, 5.8765063e-01 
369, 6.2716157e-01, 1.8709282e-01, 6.1071527e-01 
370, 2.2614598e-01, 9.4149985e-01, 3.5883681e-01 
371, 9.4345567e-01, 8.6469100e-01, 5.4259512e-01 
372, 2.6559277e-01, 3.3431022e-01, 2.2078206e-01 
373, 4.1223571e-01, 2.7723071e-01, 7.0631691e-01 
374, 4.5490327e-01, 3.1801188e-01, 7.4151428e-01 
375, 8.9843787e-01, 6.0536546e-01, 6.8462205e-01 
376, 4.7302779e-01, 6.0753062e-01, 4.3975140e-02 
377, 9.7270166e-03, 7.9817836e-01, 3.6375125e-01 
378, 1.4589427e-01, 8.7134273e-02, 4.1142410e-01 
379, 2.0069291e-01, 4.1024480e-01, 2.2804207e-01 
380, 3.9762869e-01, 1.5373228e-01, 8.3711674e-01 
381, 8.6691915e-01, 5.3080286e-02, 7.5454175e-01 
382, 1.0284289e-01, 9.1725063e-01, 4.3694980e-01 
383, 4.9036218e-01, 7.9268923e-01, 7.4410752e-01 
384, 3.9396702e-01, 5.3773756e-01, 3.6973749e-02 
385, 9.7443588e-01, 6.9629388e-01, 2.1688256e-01 
386, 4.1096911e-01, 9.0981553e-01, 9.8034946e-01 
387, 8.3120421e-01, 4.0439498e-01, 3.9428985e-01 
388, 5.6735236e-01, 8.3356327e-02, 5.0033897e-01 
389, 8.4819717e-01, 6.2400130e-01, 4.3272291e-01 
390, 5.5914026e-01, 9.0826342e-01, 1.8282919e-01 
391, 4.2137969e-01, 8.7132683e-01, 6.8525163e-01 
392, 6.0666521e-01, 5.4130503e-01, 8.7527166e-01 
393, 2.3922160e-01, 1.5628843e-01, 2.4823518e-01 
394, 9.8300800e-01, 3.9160724e-01, 8.2248316e-01 
395, 6.8514362e-02, 8.8032096e-01, 7.5907656e-01 
396, 4.7243155e-01, 2.4670258e-01, 1.4945483e-01 
397, 3.3019148e-01, 3.4280808e-01, 4.9259424e-01 
398, 1.0558975e-02, 5.4849900e-01, 6.2077304e-01 
399, 3.3105700e-02, 4.8733464e-01, 2.5648659e-01 
400, 2.3007300e-01, 2.5301719e-01, 1.5125991e-01 
401, 6.7798024e-01, 4.3562038e-01, 8.0772919e-01 
402, 4.2915004e-01, 4.4330031e-01, 9.2993253e-01 
403, 5.6666104e-01, 8.8648049e-01, 4.8652414e-01 
404, 1.4709602e-01, 4.8409557e-01, 4.7647813e-01 
405, 3.0201529e-01, 1.1976471e-01, 6.9000906e-01 
406, 9.6308610e-02, 1.0501047e-01, 9.0360484e-01 
407, 7.2702937e-01, 6.5186742e-02, 2.1819872e-01 
408, 2.1645837e-01, 4.4046341e-01, 7.8708902e-01 
409, 9.3367611e-01, 2.7307857e-01, 8.3198961e-01 
410, 3.2185234e-01, 7.2942038e-01, 9.0459036e-01 
411, 2.7395231e-01, 5.7360080e-01, 6.0233341e-01 
412, 8.9507265e-01, 2.0526917e-01, 1.7398053e-01 
413, 2.5591971e-01, 1.7513733e-02, 3.7925121e-01 
414, 9.6368745e-01, 5.4034474e-01, 9.8799161e-01 
415, 2.3953338e-01, 4.1715573e-03, 9.4505350e-01 
416, 9.4023924e-01, 8.0888100e-02, 2.3058592e-01 
417, 2.8394014e-01, 1.7261079e-01, 2.7097619e-01 
418, 9.2724925e-01, 5.2600793e-02, 1.5372118e-01 
419, 6.1698027e-01, 9.9073833e-01, 2.6224965e-01 
420, 6.9459893e-01, 4.9138329e-01, 4.6185883e-01 
421, 7.0583491e-01, 8.2544925e-01, 4.8764051e-01 
422, 7.3559587e-01, 2.3985104e-01, 7.3281957e-01 
423, 6.3807351e-01, 9.5015815e-01, 9.0678437e-02 
424, 8.1583664e-01, 8.2961192e-01, 4.2631585e-04 
425, 4.4016834e-01, 1.7092915e-01, 1.2563051e-01 
426, 2.7521724e-01, 2.1037448e-01, 5.7713495e-01 
427, 5.6861630e-01, 6.0767041e-01, 7.1303783e-01 
428, 4.2834388e-01, 8.2882883e-02, 5.6544849e-01 
429, 5.0920939e-01, 7.4040996e-01, 4.2805003e-01 
430, 4.5916660e-01, 8.6598509e-01, 3.1087963e-01 
431, 5.6713234e-01, 5.7986366e-01, 8.5082418e-01 
432, 4.0444976e-01, 9.3335075e-01, 5.9510675e-01 
433, 6.4135623e-01, 7.5640290e-02, 6.3409827e-01 
434, 1.3041640e-01, 6.2140895e-03, 9.5108088e-01 
435, 1.5551406e-01, 3.1835783e-01, 1.0003393e-01 
436, 1.4598110e-02, 9.2394531e-01, 8.4236121e-01 
437, 2.0751347e-01, 4.1005369e-01, 1.6769674e-01 
438, 9.6603344e-01, 4.4668480e-01, 1.2429451e-01 
439, 4.4751109e-01, 5.4409522e-01, 7.2757582e-01 
440, 4.4252200e-02, 3.3782658e-01, 9.8625848e-01 
441, 9.3234290e-01, 9.8700211e-01, 1.2670737e-01 
442, 3.1147566e-02, 6.2704436e-01, 3.1543341e-01 
443, 2.6692472e-01, 9.1512397e-01, 2.6075399e-01 
444, 1.7198757e-01, 5.2004707e-01, 9.6854252e-01 
445, 4.8440780e-01, 9.8109678e-01, 8.7764754e-01 
446, 8.3619851e-01, 4.1942986e-01, 6.9508441e-01 
447, 4.9673183e-01, 3.6780978e-01, 9.6767636e-01 
448, 5.5652555e-01, 9.4322978e-01, 8.3273602e-01 
449, 3.6547931e-01, 2.5752194e-01, 3.4042650e-01 
450, 3.1305487e-02, 3.4751670e-01, 5.5194200e-01 
451, 3.9979406e-01, 1.0157995e-01, 1.7459653e-01 
452, 4.6064691e-02, 2.5833521e-01, 4.0974885e-01 
453, 9.3987800e-01, 2.3015270e-01, 2.2237602e-01 
454, 3.4597231e-01, 1.4709646e-01, 2.5171882e-01 
455, 1.2758088e-01, 2.3277713e-01, 1.5052323e-01 
456, 3.6355166e-01, 8.6874628e-01, 6.8680803e-01 
457, 7.8206163e-01, 4.2657990e-01, 9.5271789e-01 
458, 7.5573075e-02, 8.3602115e-01, 4.6868447e-01 
459, 2.9922370e-01, 9.3554959e-01, 6.8858681e-02 
460, 2.6084135e-01, 3.4705726e-01, 1.8145840e-02 
461, 5.0058308e-01, 9.3651993e-02, 3.3399462e-01 
462, 2.8523488e-01, 3.3373360e-01, 3.9460571e-01 
463, 6.0036497e-01, 4.0554268e-01, 8.8814627e-01 
464, 2.1385769e-01, 9.9472470e-01, 7.4304308e-01 
465, 1.6902609e-01, 7.3012483e-02, 5.9107225e-01 
466, 4.3368532e-01, 7.1778112e-01, 2.7212709e-01 
467, 7.8286985e-01, 4.9846056e-02, 3.8852507e-01 
468, 6.5678305e-01, 5.9878556e-01, 6.8764190e-01 
469, 5.4290609e-01, 1.0585086e-01, 7.0541348e-01 
470, 5.4666920e-01, 9.2173309e-01, 7.9942185e-01 
471, 1.0063199e-01, 4.7336209e-01, 3.5596693e-01 
472, 6.2107581e-01, 4.2900529e-01, 9.3371302e-01 
473, 6.6125759e-01, 9.3180362e-01, 9.2383359e-01 
474, 1.5362296e-01, 8.6987131e-01, 7.6526218e-01 
475, 4.8309455e-01, 8.2034227e-01, 8.7911520e-01 
476, 7.6269229e-01, 3.8384009e-01, 5.3299751e-01 
477, 6.0123301e-02, 2.7017221e-01, 8.9778327e-01 
478, 5.1013625e-01, 9.2188474e-01, 2.1334731e-02 
479, 3.2051516e-01, 7.5790362e-02, 9.8146278e-01 
480, 6.3416036e-02, 7.7389020e-01, 5.0340588e-01 
481, 9.4937605e-01, 6.2861400e-01, 5.6938259e-01 
482, 6.7678257e-01, 3.2566551e-01, 9.5914799e-01 
483, 8.3124920e-01, 1.9035411e-01, 5.4118686e-01 
484, 2.0439865e-01, 5.1387117e-01, 9.9182339e-01 
485, 8.1587152e-01, 5.2215538e-01, 9.4541999e-01 
486, 3.3798227e-01, 5.1683348e-01, 5.2997069e-01 
487, 2.2845492e-01, 2.5761170e-02, 2.9997041e-01 
488, 7.2417233e-01, 8.3138139e-01, 1.8096943e-01 
489, 3.8781307e-01, 5.4980793e-01, 3.7715278e-01 
490, 6.8965000e-01, 6.3354158e-01, 5.0325661e-01 
491, 8.9648904e-02, 9.4108002e-01, 1.7425678e-01 
492, 2.4216096e-01, 8.8454052e-02, 8.7286864e-01 
493, 9.0836225e-02, 5.8145454e-01, 2.5946625e-01 
494, 7.5812762e-01, 2.4076138e-01, 4.2821472e-01 
495, 7.1593101e-01, 9.5463177e-01, 9.2133657e-01 
496, 1.6876654e-01, 4.5389870e-01, 3.8746264e-02 
497, 5.7281197e-02, 5.4356164e-01, 6.8233744e-01 
498, 1.2411166e-01, 6.7140331e-02, 4.6252358e-01 
499, 7.2715796e-01, 8.0427415e-01, 4.0397750e-01 
500, 6.5177463e-01, 3.0811693e-01, 2.8768413e-01 
501, 1.9026912e-01, 7.8612596e-01, 8.0255903e-01 
502, 2.5445213e-01, 2.0933023e-01, 7.0013866e-02 
503, 7.2400258e-01, 3.4495434e-01, 2.1454040e-01 
504, 2.9617553e-02, 5.4837566e-01, 4.8306757e-01 
505, 2.6444148e-01, 2.0687074e-01, 7.5402968e-01 
506, 3.4798675e-01, 5.8214759e-01, 5.4811552e-01 
507, 4.6055130e-01, 2.4982531e-01, 8.1532104e-01 
508, 5.4620360e-01, 7.1621432e-01, 2.2638662e-01 
509, 9.0571306e-01, 4.4945146e-01, 1.7936034e-01 
510, 5.0817170e-01, 4.8312458e-01, 6.2443603e-02 
511, 2.9441985e-01, 4.7631870e-01, 3.5825296e-01 
512, 4.0525930e-01, 3.1872965e-01, 7.8292779e-02 
513, 1.2037116e-01, 3.0243584e-01, 2.7031369e-02 
514, 9.5813524e-01, 3.2354318e-01, 7.5673757e-01 
515, 8.8027991e-01, 4.4443009e-01, 2.4913434e-01 
516, 6.0297507e-02, 5.9194781e-03, 4.3341109e-01 
517, 9.0226914e-01, 7.7826051e-01, 1.1734081e-01 
518, 7.5126259e-01, 7.9885574e-01, 5.3749396e-01 
519, 8.4711431e-01, 9.1096673e-01, 3.5992318e-01 
520, 6.8916833e-01, 5.7984142e-01, 8.5468655e-01 
521, 8.7729596e-03, 2.3028259e-02, 2.0006321e-01 
522, 9.6508337e-01, 6.1309022e-02, 6.7584743e-01 
523, 6.9671162e-01, 4.7131287e-01, 8.1253354e-01 
524, 7.1361692e-01, 2.0523381e-01, 2.5220742e-01 
525, 7.7736697e-01, 5.8402799e-01, 5.3442071e-01 
526, 3.8200731e-01, 1.0194154e-02, 6.2543457e-01 
527, 4.7941080e-01, 4.5482286e-01, 7.7196266e-01 
528, 2.1802909e-01, 4.5536002e-01, 8.5003652e-01 
529, 3.9076071e-02, 6.5360721e-01, 8.3389039e-03 
530, 2.4138909e-01, 9.9225920e-01, 8.7595397e-01 
531, 2.8755949e-01, 7.9336599e-01, 2.9714037e-01 
532, 6.5378908e-01, 7.2377144e-03, 5.3754090e-01 
533, 5.9824379e-01, 7.2232258e-01, 2.0640306e-01 
534, 4.9029814e-01, 9.0973304e-01, 3.1413688e-01 
535, 3.5078457e-01, 1.2914864e-01, 5.8176660e-01 
536, 5.6405292e-01, 1.4735856e-01, 1.3670398e-01 
537, 7.3392752e-01, 6.4487093e-01, 1.3853002e-01 
538, 1.6919159e-01, 4.4585891e-01, 6.1058213e-01 
539, 5.2465859e-01, 4.4065214e-01, 2.6002147e-01 
540, 2.1809030e-01, 1.6165103e-01, 6.7131011e-01 
541, 1.8980684e-01, 9.1475869e-01, 2.7257817e-01 
542, 3.4241028e-01, 9.3392521e-01, 5.1854752e-01 
543, 2.1918258e-01, 2.0185375e-01, 1.3159017e-01 
544, 9.6610715e-01, 1.4399251e-01, 7.6059513e-01 
545, 6.4820719e-01, 1.2475749e-01, 8.6435413e-01 
546, 1.3124292e-01, 8.0317463e-01, 9.9305313e-01 
547, 6.4523398e-01, 2.3652831e-02, 7.9688992e-01 
548, 3.5830617e-01, 8.5632995e-01, 5.4634195e-01 
549, 1.1558103e-01, 5.7655680e-02, 4.3268762e-01 
550, 5.5979679e-01, 8.4219976e-01, 2.5974493e-01 
551, 9.3393465e-02, 4.7995459e-01, 7.8037887e-01 
552, 7.1302431e-01, 8.2921863e-01, 6.0099880e-01 
553, 9.5460754e-01, 9.2731562e-01, 7.6727598e-01 
554, 5.5594008e-01, 1.5701246e-01, 4.9638442e-01 
555, 3.9867185e-01, 6.8110725e-01, 8.9046105e-01 
556, 5.2467269e-01, 6.1442230e-01, 2.7006275e-02 
557, 5.1064399e-01, 8.5498021e-01, 2.5993772e-01 
558, 4.3249610e-01, 1.1809790e-01, 2.1336947e-01 
559, 5.2244502e-02, 1.1850937e-01, 5.6661574e-01 
560, 3.7589876e-01, 5.5066529e-02, 4.1294850e-01 
561, 4.1928607e-01, 7.8889077e-01, 7.7016465e-01 
562, 2.8170313e-02, 8.5142613e-01, 1.4508862e-01 
563, 9.2284921e-01, 2.1007947e-01, 9.9923218e-01 
564, 4.1315912e-01, 9.1656248e-01, 5.1431409e-01 
565, 5.3156227e-01, 2.1200113e-01, 4.0637318e-01 
566, 8.6273453e-01, 7.2425850e-01, 6.6851491e-01 
567, 7.3037187e-01, 4.5098851e-01, 3.7262128e-01 
568, 1.9562412e-01, 7.6211201e-01, 7.5632039e-01 
569, 2.3680287e-02, 1.0990706e-02, 2.7504372e-02 
570, 5.2468875e-01, 8.0997623e-01, 8.2535893e-01 
571, 9.4982314e-01, 7.8361512e-01, 1.7785006e-01 
572, 2.1007177e-01, 7.8942773e-01, 4.1793319e-01 
573, 8.0904173e-01, 5.0894849e-02, 8.3627798e-01 
574, 1.6696831e-01, 1.3233708e-01, 4.3192070e-01 
575, 8.4400193e-01, 6.5529546e-01, 1.1464178e-03 
576, 4.8668090e-01, 3.7072419e-01, 8.7631083e-02 
577, 3.7429030e-01, 1.8457515e-01, 8.0903189e-02 
578, 2.4132567e-01, 8.6949476e-01, 5.0318021e-01 
579, 8.7265874e-01, 2.5562643e-01, 7.8121734e-01 
580, 5.1899584e-01, 5.1671602e-01, 1.7436510e-01 
581, 5.3599620e-01, 5.9372593e-01, 4.4561139e-01 
582, 6.7927344e-01, 5.6124277e-01, 9.0824026e-01 
583, 3.7325707e-01, 5.8438828e-01, 8.3417348e-01 
584, 7.2778396e-01, 6.4203030e-01, 8.0830607e-01 
585, 2.4500261e-01, 4.4547824e-01, 9.1237684e-01 
586, 6.1347781e-01, 6.0307373e-01, 2.9675017e-01 
587, 3.1927095e-01, 4.2166156e-01, 2.5011958e-03 
588, 8.6881311e-03, 1.6527645e-01, 7.8605491e-01 
589, 2.2197861e-01, 8.3067775e-01, 3.4661599e-01 
590, 4.4265622e-01, 3.7361781e-01, 6.5430930e-01 
591, 4.4144815e-01, 5.0431150e-01, 6.1127748e-01 
592, 2.3262688e-01, 7.2487084e-02, 8.2798025e-01 
593, 5.6506458e-01, 3.1719226e-01, 7.2192132e-01 
594, 2.9932655e-01, 3.8600283e-03, 8.4526398e-02 
595, 6.0811509e-01, 5.9811643e-01, 5.3497280e-01 
596, 2.4059035e-01, 3.8300761e-01, 2.2384512e-01 
597, 4.8026905e-02, 5.6174874e-01, 2.5012900e-01 
598, 9.3836863e-01, 8.1203449e-01, 9.7328024e-01 
599, 4.5321561e-01, 1.2330453e-01, 2.7141089e-01 
600, 4.1537815e-01, 3.8289794e-01, 3.7611748e-01 
601, 2.3787762e-01, 9.4758583e-01, 2.9573724e-01 
602, 6.1015703e-01, 3.4675282e-01, 7.9816804e-01 
603, 2.4573073e-01, 2.7104768e-01, 9.4707237e-01 
604, 8.8619283e-02, 7.1630233e-01, 9.5476119e-01 
605, 5.1315750e-01, 5.4340934e-02, 7.6766907e-02 
606, 7.8624851e-01, 4.7712612e-01, 4.0404600e-01 
607, 1.4307211e-01, 9.6286622e-01, 8.1998097e-01 
608, 9.9622181e-01, 5.7209216e-01, 7.8026394e-01 
609, 1.2023263e-01, 9.5855198e-01, 9.0050577e-01 
610, 6.2557760e-01, 3.9567025e-01, 1.3282219e-01 
611, 9.9130470e-01, 1.2629892e-01, 9.6753620e-01 
612, 1.0457811e-02, 2.9458595e-01, 9.4006292e-01 
613, 5.9444157e-01, 4.2914990e-01, 7.5049948e-01 
614, 8.2542764e-01, 2.2803724e-01, 5.1177563e-01 
615, 2.6502660e-01, 9.3920624e-01, 6.9070981e-01 
616, 5.7652673e-01, 4.6576291e-01, 2.2821356e-02 
617, 3.7065588e-01, 5.4635308e-02, 2.9158176e-02 
618, 7.4995161e-01, 1.0638612e-02, 8.0597841e-01 
619, 6.0586886e-03, 7.6513867e-01, 3.8227659e-01 
620, 2.4590649e-01, 2.4303806e-01, 5.4343807e-01 
621, 6.5647839e-01, 2.9197764e-01, 3.9970953e-01 
622, 5.6020050e-01, 5.4217819e-01, 4.5367746e-01 
623, 5.6533135e-01, 5.0088159e-02, 6.1168266e-01 
624, 8.1680757e-01, 5.9805250e-01, 2.4697443e-01 
625, 6.2838300e-01, 2.4268567e-01, 7.1493855e-01 
626, 7.0467115e-01, 4.0054078e-01, 5.9493324e-01 
627, 3.6923000e-01, 9.3747778e-01, 7.6876727e-01 
628, 8.0767025e-01, 9.7208718e-01, 1.5244124e-01 
629, 8.6855596e-01, 9.5672441e-01, 1.1226205e-01 
630, 9.1458566e-01, 2.7819416e-01, 3.3980919e-01 
631, 5.4118477e-02, 9.8088691e-01, 1.2804836e-01 
632, 8.2686723e-01, 6.4626371e-01, 3.2378883e-01 
633, 5.9798496e-01, 1.1858546e-01, 9.9339065e-01 
634, 9.1449567e-01, 8.8744180e-01, 2.3620742e-01 
635, 7.9720367e-01, 5.3670681e-01, 4.4539135e-01 
636, 4.4060694e-01, 3.1511084e-01, 5.6217570e-01 
637, 9.8743470e-02, 8.9767401e-01, 2.3123123e-01 
638, 6.5165609e-01, 6.1327823e-01, 5.1401886e-01 
639, 5.6159995e-01, 5.7143882e-01, 5.6737844e-01 
640, 8.4317621e-01, 7.9682195e-01, 1.1656643e-01 
641, 7.1566018e-01, 7.8912220e-01, 2.9713368e-01 
642, 1.5779875e-01, 8.9377219e-01, 3.0453833e-01 
643, 3.2588624e-01, 2.3846739e-01, 1.9801072e-01 
644, 5.4490074e-01, 7.6066533e-01, 1.5217816e-01 
645, 6.2156339e-01, 7.6578057e-02, 3.3476050e-01 
646, 5.9723462e-01, 8.1615000e-01, 1.3430441e-01 
647, 8.0979682e-01, 1.1335081e-01, 9.3304685e-01 
648, 5.5522813e-01, 5.6029802e-01, 1.5778890e-01 
649, 7.3055886e-01, 5.6353292e-01, 3.3913372e-01 
650, 7.8625499e-01, 4.6669709e-02, 7.5988113e-01 
651, 5.7942994e-01, 2.6836525e-01, 4.4430346e-01 
652, 1.4710883e-01, 4.4414123e-01, 7.9531607e-01 
653, 8.8534979e-01, 4.8959760e-01, 3.5953439e-01 
654, 3.4359135e-01, 9.7009862e-01, 3.0249188e-01 
655, 9.7497079e-01, 5.3263324e-01, 6.6920024e-01 
656, 5.2124085e-01, 7.2016025e-01, 6.1705648e-02 
657, 5.4625419e-01, 8.2228299e-01, 6.6208528e-01 
658, 1.3690638e-01, 1.4251137e-01, 9.1913445e-01 
659, 6.8358363e-01, 4.6428779e-01, 2.5078008e-01 
660, 9.3980860e-02, 4.6868296e-01, 4.1945036e-01 
661, 1.7995349e-01, 3.8298750e-01, 8.4738530e-01 
662, 6.2832701e-01, 1.6919786e-01, 2.6282894e-01 
663, 6.5649775e-01, 8.6275671e-01, 5.7897806e-01 
664, 7.9952874e-01, 7.7018878e-01, 3.6384381e-01 
665, 8.5406313e-01, 6.8989746e-01, 5.0257553e-01 
666, 1.2966615e-01, 9.4957840e-01, 9.9685193e-01 
667, 9.8892308e-01, 8.3098588e-01, 4.3704669e-01 
668, 1.6194360e-01, 2.3984042e-01, 8.9920075e-01 
669, 9.6149821e-01, 8.2717889e-01, 6.4303017e-01 
670, 6.2969714e-01, 3.1900540e-01, 8.1247762e-01 
671, 9.6924669e-01, 2.7269147e-01, 8.1448835e-01 
672, 3.8798707e-01, 1.3326253e-01, 2.2183601e-01 
673, 5.5828663e-01, 3.2963402e-01, 2.5085701e-01 
674, 5.2247746e-01, 4.6388041e-01, 6.3084321e-01 
675, 8.6040598e-01, 4.9578118e-01, 6.0507648e-01 
676, 4.2873133e-01, 7.0937180e-01, 5.0818700e-01 
677, 3.9997089e-01, 4.7906742e-01, 2.8405492e-01 
678, 4.1674633e-01, 4.9936991e-01, 3.8200935e-01 
679, 1.4335989e-01, 2.3100443e-02, 1.1920813e-01 
680, 3.4206123e-01, 1.3324804e-01, 2.1691226e-01 
681, 5.8326917e-01, 9.3018094e-01, 2.6008274e-01 
682, 7.3351665e-01, 5.5620380e-01, 2.2081990e-01 
683, 4.7433606e-01, 1.3240800e-01, 1.1083501e-02 
684, 9.3892735e-01, 3.6630277e-01, 5.4440085e-01 
685, 5.9579670e-01, 1.4887137e-01, 9.7611075e-01 
686, 5.4515192e-01, 1.3263691e-01, 8.1078071e-01 
687, 1.9589332e-04, 5.7780175e-01, 7.0311183e-02 
688, 8.3540645e-01, 1.4968941e-01, 9.2660390e-01 
689, 2.0816965e-01, 1.1990719e-01, 9.4813906e-01 
690, 3.3584371e-01, 8.3091523e-01, 3.0437229e-01 
691, 2.2896799e-01, 8.0783848e-02, 3.9517305e-01 
692, 7.3553076e-03, 7.1439373e-01, 3.9340090e-02 
693, 5.2882381e-02, 4.2234678e-01, 4.1730557e-02 
694, 8.7815456e-01, 6.6752213e-01, 2.2387544e-01 
695, 3.4132786e-01, 2.1343092e-02, 7.7186355e-01 
696, 1.3921544e-01, 6.8770429e-01, 6.0399130e-01 
697, 4.5744418e-01, 6.7073599e-01, 2.9525556e-01 
698, 8.4460541e-02, 3.9838828e-01, 7.6513248e-01 
699, 4.6280112e-01, 8.3317145e-01, 5.4618107e-01 
700, 1.3744317e-01, 5.9560417e-01, 1.5636176e-01 
701, 9.4546200e-01, 3.9533810e-01, 7.3049482e-01 
702, 3.8192832e-01, 8.9597717e-01, 2.5376466e-01 
703, 1.5459144e-01, 7.0112602e-01, 7.3138504e-02 
704, 2.7746305e-01, 7.4531043e-01, 9.8936809e-01 
705, 5.0807296e-01, 1.6913655e-01, 4.0405128e-01 
706, 8.7398863e-01, 1.5966118e-01, 4.2832422e-01 
707, 8.3551186e-01, 1.1359149e-01, 4.6068781e-02 
708, 3.2280891e-01, 8.8924426e-01, 9.3645714e-01 
709, 8.4003035e-01, 8.7624203e-03, 6.6008366e-01 
710, 7.5152071e-01, 2.6325244e-01, 8.4834100e-01 
711, 3.2665854e-01, 8.4489624e-01, 8.5000302e-01 
712, 3.4915792e-01, 8.7547397e-02, 2.8011022e-01 
713, 7.6142655e-02, 1.9598826e-01, 5.6425152e-01 
714, 8.7939996e-01, 4.0282034e-01, 5.7078118e-01 
715, 1.0493052e-01, 1.8106686e-01, 6.6806684e-01 
716, 6.5336587e-01, 7.4641879e-01, 6.5324323e-01 
717, 8.9971599e-01, 1.3059354e-01, 4.1140057e-01 
718, 6.0347814e-02, 5.5285661e-01, 8.8278945e-01 
719, 6.5239294e-01, 1.5069401e-01, 9.1290859e-01 
720, 9.2054576e-01, 9.5821835e-03, 6.2361146e-01 
721, 9.1907456e-01, 2.7780681e-01, 1.6069500e-01 
722, 4.2973849e-02, 9.6514979e-01, 3.9919430e-01 
723, 8.8996432e-02, 2.2665796e-01, 1.3822860e-01 
724, 3.8705356e-01, 1.2000887e-01, 1.3683506e-01 
725, 2.7790410e-01, 7.2001925e-01, 7.3590597e-01 
726, 2.4611884e-01, 3.6246237e-01, 8.3019515e-01 
727, 4.9199828e-01, 9.3508068e-01, 5.3232953e-01 
728, 2.9061091e-02, 7.9983605e-02, 7.3482172e-01 
729, 8.8517688e-01, 2.2773359e-01, 5.9189769e-01 
730, 1.3114361e-01, 6.9351779e-01, 4.5882759e-01 
731, 5.7669682e-01, 2.6517500e-02, 4.9413588e-01 
732, 1.9580773e-01, 5.3051971e-01, 5.2994084e-01 
733, 2.8709400e-01, 6.3008306e-02, 5.4389080e-01 
734, 8.7330213e-01, 1.0460880e-01, 2.9917873e-01 
735, 5.6727966e-01, 4.2549167e-01, 4.2839600e-01 
736, 8.8563754e-01, 1.0339646e-01, 2.5855107e-01 
737, 6.5241640e-01, 6.7445699e-01, 7.0575906e-01 
738, 7.9884981e-01, 6.9050980e-01, 4.6978308e-01 
739, 6.9359678e-01, 9.3310194e-01, 7.3099895e-01 
740, 7.9918760e-01, 2.9015911e-01, 1.0553840e-01 
741, 8.3977041e-01, 3.9444419e-01, 7.8686535e-01 
742, 1.3395269e-01, 9.8992278e-01, 4.4120624e-02 
743, 1.9564216e-01, 7.2698113e-01, 3.9358994e-01 
744, 4.8960110e-01, 2.3240674e-02, 9.0706728e-01 
745, 3.6268241e-01, 9.6687710e-01, 1.0401459e-01 
746, 2.8876728e-01, 8.6246485e-01, 4.1257800e-03 
747, 5.0771542e-01, 6.6385737e-01, 2.0252429e-01 
748, 3.1233962e-01, 8.1429113e-01, 2.4284661e-01 
749, 6.2599891e-01, 2.4946081e-01, 3.5599492e-01 
750, 7.9925134e-01, 4.1102620e-01, 5.3093836e-01 
751, 1.5494905e-01, 5.4616052e-01, 4.8673789e-01 
752, 7.5482387e-01, 8.6791058e-01, 9.6204079e-01 
753, 4.5822591e-02, 1.0342818e-01, 4.9194606e-02 
754, 3.4736851e-01, 6.3077751e-01, 9.1032364e-01 
755, 9.8237038e-01, 8.4591082e-05, 3.6060133e-01 
756, 5.9854028e-01, 2.7914374e-01, 8.6198528e-01 
757, 3.3152421e-01, 2.1543615e-01, 8.3130123e-01 
758, 1.3831308e-01, 1.1987883e-01, 2.3884730e-01 
759, 7.5134076e-01, 4.9687874e-01, 2.8297873e-01 
760, 2.3048371e-01, 8.2931494e-01, 7.2540726e-01 
761, 7.6157798e-01, 8.7586589e-02, 9.3545100e-01 
762, 5.2780163e-01, 8.8788872e-01, 7.6242395e-01 
763, 4.9480898e-03, 9.8862585e-01, 7.6701056e-01 
764, 9.4294606e-01, 1.0633261e-01, 4.8948134e-01 
765, 7.8834127e-01, 8.0334914e-01, 9.0393956e-01 
766, 6.1489421e-01, 8.6345389e-01, 4.1661963e-01 
767, 2.2944278e-02, 6.5731190e-01, 5.4998767e-01 
768, 8.4532661e-01, 1.0549131e-01, 4.8898550e-01 
769, 6.1772935e-01, 8.0998946e-01, 9.3604100e-01 
770, 3.8516047e-01, 8.5126390e-01, 2.7332652e-01 
771, 7.8110309e-01, 7.8681660e-01, 1.7978058e-01 
772, 7.1943585e-01, 9.0157597e-01, 8.0200070e-01 
773, 4.6478985e-01, 4.5205269e-01, 5.7230723e-01 
774, 9.3407548e-01, 2.0518791e-01, 1.7341055e-02 
775, 3.0814517e-01, 3.1149746e-01, 7.5730568e-01 
776, 2.2075717e-01, 4.6834608e-01, 2.2179618e-02 
777, 5.3038367e-01, 1.9535891e-01, 4.8628567e-01 
778, 1.5326506e-01, 6.1542393e-01, 4.0069746e-01 
779, 2.4125072e-01, 7.5584723e-01, 8.0819397e-01 
780, 5.3956703e-01, 5.2568789e-01, 6.3544465e-02 
781, 6.5961877e-01, 1.7343875e-01, 5.7931018e-01 
782, 8.7014111e-01, 8.2855196e-01, 6.1388994e-01 
783, 9.3115665e-01, 8.1506271e-01, 6.4612770e-01 
784, 9.6330762e-01, 9.0380512e-02, 3.6235424e-01 
785, 8.5420344e-01, 7.1462788e-01, 5.6564168e-02 
786, 9.9855028e-01, 6.6855529e-02, 6.1620464e-02 
787, 5.6094288e-01, 9.6005268e-01, 3.7667043e-01 
788, 6.8881833e-02, 7.2575606e-01, 5.7229572e-01 
789, 8.1393214e-01, 3.3799043e-01, 9.1234763e-01 
790, 4.8100414e-02, 7.3034258e-01, 4.6345569e-01 
791, 1.4581463e-02, 5.9757693e-02, 6.3695340e-01 
792, 2.3652108e-01, 4.2675481e-01, 1.8752759e-01 
793, 8.8256257e-01, 6.9723991e-01, 2.6418583e-01 
794, 7.0665574e-01, 9.2555902e-01, 8.4383255e-01 
795, 5.5761860e-01, 6.8332169e-01, 6.2244475e-01 
796, 7.4546306e-01, 9.5030686e-01, 8.0571712e-01 
797, 5.2732222e-01, 4.0916339e-01, 7.8396834e-01 
798, 1.5999553e-02, 5.1117322e-01, 9.9226006e-01 
799, 3.3593227e-01, 3.9037438e-01, 3.8608678e-01 
800, 6.2670726e-01, 5.1928280e-01, 5.0709785e-01 
801, 8.4830038e-01, 8.7819887e-01, 1.1339212e-01 
802, 8.4955305e-01, 9.9142221e-01, 1.3470198e-01 
803, 6.6389291e-01, 8.9180360e-01, 8.6331345e-01 
804, 5.9235517e-01, 5.4671634e-01, 7.2027337e-01 
805, 7.6539592e-01, 8.4421909e-01, 5.6353187e-01 
806, 9.5145780e-01, 7.2292709e-01, 4.5044396e-01 
807, 8.6300660e-01, 7.2328086e-01, 7.7514118e-01 
808, 1.3399532e-01, 4.6090307e-01, 5.9618690e-01 
809, 3.6336331e-01, 4.4776207e-01, 7.0736524e-01 
810, 9.9379499e-04, 7.8358151e-01, 9.4266894e-01 
811, 3.4741502e-01, 3.9883192e-02, 5.2618184e-01 
812, 3.3833474e-01, 7.1775553e-01, 1.1726197e-01 
813, 4.2903763e-01, 1.7437625e-01, 7.3924210e-02 
814, 8.7694603e-01, 4.2192744e-01, 4.8658018e-01 
815, 5.7779782e-01, 3.9839560e-01, 1.1796507e-01 
816, 7.5257349e-01, 4.7047920e-02, 8.6249552e-01 
817, 3.9145606e-01, 4.2812528e-01, 8.1253904e-01 
818, 6.2351550e-01, 5.7729465e-01, 1.1100091e-01 
819, 1.4004001e-01, 1.1829706e-01, 5.6461743e-01 
820, 9.4574369e-02, 4.5830025e-01, 4.0885146e-02 
821, 8.9765157e-01, 3.8763300e-01, 3.4235390e-01 
822, 6.7348896e-01, 6.0478374e-01, 2.3503985e-01 
823, 3.4755899e-03, 6.6914897e-01, 2.4895852e-01 
824, 1.4899444e-01, 3.8405686e-01, 9.9346246e-01 
825, 5.9499664e-02, 7.8358331e-02, 4.0712931e-01 
826, 4.7950133e-01, 6.2065208e-01, 6.2505260e-01 
827, 5.7120428e-02, 3.1127248e-01, 8.7549885e-01 
828, 2.5899468e-01, 8.0070532e-01, 2.3586246e-01 
829, 8.2277547e-01, 9.3708983e-01, 7.0240036e-01 
830, 2.2214674e-01, 3.8026909e-01, 1.6882332e-01 
831, 3.6823156e-01, 2.8195239e-02, 8.7901344e-01 
832, 7.8767851e-01, 4.4097034e-01, 1.8730568e-01 
833, 8.1314898e-01, 4.6510261e-01, 4.5337564e-01 
834, 2.9018709e-01, 4.3669534e-01, 5.8161957e-01 
835, 9.0735606e-01, 7.1610122e-01, 9.3580804e-02 
836, 6.7971742e-01, 7.3190565e-01, 4.1847429e-01 
837, 7.4994991e-01, 2.1937998e-01, 3.1674346e-02 
838, 2.4921685e-01, 6.1774511e-01, 1.8204891e-01 
839, 8.3924846e-02, 6.1587025e-01, 9.3420868e-01 
840, 5.5986741e-01, 4.0450254e-01, 9.6077641e-01 
841, 6.5352553e-01, 6.6356820e-02, 2.0533648e-01 
842, 6.5280173e-01, 2.7946927e-01, 6.2315731e-01 
843, 2.5054295e-01, 3.2145528e-01, 2.6195340e-01 
844, 1.7554586e-01, 1.3313688e-01, 6.1831338e-01 
845, 9.8501454e-01, 9.4733133e-01, 8.7149837e-01 
846, 1.7142409e-01, 4.6938715e-01, 3.6294084e-01 
847, 1.0243287e-01, 8.3048086e-01, 3.5942387e-01 
848, 4.9608867e-01, 7.6247246e-03, 3.9667295e-01 
849, 9.2779774e-01, 6.5826937e-01, 3.8019599e-01 
850, 1.0726582e-01, 8.6734776e-01, 5.0438729e-01 
851, 7.5765498e-01, 5.9955305e-01, 1.7143042e-01 
852, 7.5944516e-01, 9.8732527e-01, 3.7524658e-01 
853, 3.1585280e-01, 8.6338787e-01, 5.1642504e-01 
854, 7.0931846e-01, 8.0323939e-01, 1.1782324e-01 
855, 8.1184143e-01, 2.3133193e-01, 4.1972065e-01 
856, 7.2212648e-01, 7.2804245e-02, 5.3785739e-01 
857, 1.8607128e-01, 3.8402872e-01, 2.3601574e-02 
858, 8.5318276e-01, 7.9130677e-01, 4.7216048e-01 
859, 4.2516006e-01, 3.4775112e-01, 5.4520358e-01 
860, 9.0009053e-01, 7.1793012e-01, 1.7538656e-02 
861, 4.9674530e-01, 3.4050619e-01, 3.0957087e-01 
862, 9.4832875e-02, 6.5124519e-01, 8.9538317e-01 
863, 7.4113273e-01, 9.0624709e-01, 3.6470965e-01 
864, 9.7633914e-02, 1.5313785e-01, 5.8821316e-01 
865, 5.9697794e-01, 3.4381187e-01, 6.9738045e-02 
866, 7.9237805e-01, 2.6721677e-01, 2.3168916e-02 
867, 5.6526659e-01, 4.9276845e-01, 8.2196233e-01 
868, 5.3771337e-01, 5.6496275e-01, 9.5683485e-01 
869, 7.3907538e-01, 5.6945010e-01, 9.8500501e-01 
870, 3.6188692e-01, 3.4093545e-02, 1.0637757e-01 
871, 3.8234350e-01, 1.9502438e-01, 7.0535695e-01 
872, 2.1785257e-01, 2.0814187e-01, 7.8603347e-01 
873, 2.8302626e-01, 4.2863578e-01, 8.8775446e-01 
874, 1.2692245e-01, 3.6983181e-01, 7.5853998e-03 
875, 2.6456724e-01, 8.4109113e-01, 1.1553044e-01 
876, 8.6680062e-02, 8.0743636e-01, 7.3123367e-01 
877, 3.7249730e-01, 9.5632868e-01, 8.7446100e-01 
878, 8.3657610e-01, 3.6908280e-01, 4.4918264e-01 
879, 1.0738334e-01, 1.7764821e-01, 4.0091026e-01 
880, 4.4114299e-01, 8.7776910e-01, 7.0902347e-01 
881, 7.1502119e-01, 5.1025743e-01, 8.4115705e-01 
882, 5.4206731e-01, 6.0716085e-01, 2.8087390e-01 
883, 4.2075994e-02, 6.1882859e-01, 1.1575068e-01 
884, 4.3552954e-01, 5.7614948e-01, 4.4485603e-01 
885, 1.5197219e-01, 6.6192463e-01, 2.3505601e-01 
886, 8.1153539e-01, 6.7321520e-01, 6.7230471e-01 
887, 2.4694244e-01, 3.2681731e-01, 4.7913558e-01 
888, 3.5629955e-01, 7.2215417e-01, 8.7243736e-01 
889, 3.6651498e-03, 4.4676866e-01, 9.1988929e-01 
890, 7.9497142e-01, 7.0056051e-01, 3.5721923e-01 
891, 1.9583263e-01, 4.9474158e-01, 1.6356646e-01 
892, 5.6609961e-01, 1.6434896e-01, 3.0535163e-01 
893, 8.2209063e-01, 8.1872159e-01, 3.0839699e-01 
894, 4.0608716e-01, 2.1834939e-01, 5.3532367e-01 
895, 1.5142953e-01, 8.8620342e-02, 9.5624164e-01 
896, 5.0539319e-01, 2.5469537e-01, 9.0147802e-01 
897, 7.4031927e-01, 7.0206121e-01, 4.3000693e-01 
898, 9.5089765e-01, 5.3330035e-01, 8.7567358e-01 
899, 3.3541242e-01, 6.2348798e-01, 2.7962178e-01 
900, 2.7431037e-01, 1.0876931e-02, 6.8329277e-01 
901, 7.5144751e-01, 5.6290061e-01, 7.4732733e-01 
902, 1.2286757e-01, 3.6139738e-01, 9.2370192e-01 
903, 3.5444105e-01, 1.5980561e-01, 3.9361327e-01 
904, 2.6431184e-03, 2.1644905e-03, 1.2981105e-01 
905, 8.0029050e-01, 4.1045066e-01, 7.3446874e-01 
906, 8.1254339e-01, 2.1231496e-01, 4.6569918e-01 
907, 9.1206875e-01, 6.2782889e-01, 6.3329936e-01 
908, 7.0857770e-01, 8.6615262e-01, 7.1110626e-01 
909, 9.7907314e-01, 4.3704165e-02, 8.0108733e-01 
910, 3.5549513e-01, 7.7388196e-01, 7.9726921e-01 
911, 8.5672740e-01, 5.2035286e-01, 9.1887037e-01 
912, 4.0453537e-01, 6.2638959e-01, 6.3333059e-01 
913, 2.2386289e-01, 2.1805003e-01, 6.4681872e-01 
914, 4.7691765e-01, 2.7594390e-01, 5.1286443e-01 
915, 8.1887513e-01, 6.5505381e-01, 4.9231648e-01 
916, 7.6990894e-01, 3.8024885e-01, 1.4656657e-01 
917, 7.5426343e-01, 2.3686646e-01, 5.2914578e-01 
918, 4.5033277e-01, 7.4424063e-01, 2.9796050e-01 
919, 9.9022686e-01, 6.9651598e-03, 2.0796331e-01 
920, 2.4667746e-01, 2.4938652e-01, 5.8964698e-01 
921, 4.4084073e-01, 8.5708829e-01, 7.8364396e-03 
922, 8.5132826e-01, 3.1559724e-01, 3.5588618e-01 
923, 1.1299707e-01, 1.9499157e-01, 1.4066109e-01 
924, 5.4810880e-01, 4.0898673e-01, 2.6577714e-01 
925, 8.7045634e-01, 1.1178481e-01, 8.7259423e-01 
926, 8.9138680e-01, 1.0089626e-01, 3.3941675e-01 
927, 4.5835869e-01, 1.7554402e-01, 9.8459583e-01 
928, 3.9976431e-01, 4.2349430e-01, 4.7114579e-01 
929, 5.9306164e-01, 2.8896833e-01, 1.0665461e-01 
930, 2.8166101e-01, 6.4377985e-01, 8.9277142e-01 
931, 5.2258577e-02, 6.5607571e-02, 2.7180359e-01 
932, 6.7489650e-01, 9.0728615e-01, 3.8335940e-01 
933, 7.4355077e-01, 8.8760031e-01, 2.7549499e-01 
934, 9.1772328e-01, 1.7164453e-02, 4.1976088e-01 
935, 7.9094843e-01, 2.0020815e-01, 5.8024343e-02 
936, 2.8285009e-01, 9.9978441e-01, 6.5454828e-01 
937, 6.1986412e-01, 6.0594834e-01, 4.0382754e-01 
938, 5.4318543e-01, 1.9865541e-01, 9.8826023e-01 
939, 1.9061002e-01, 6.7980103e-01, 5.7793260e-01 
940, 4.9343116e-01, 2.2217232e-01, 3.5775371e-01 
941, 9.4629748e-01, 7.5201944e-01, 4.1346227e-01 
942, 6.4494825e-01, 3.5101865e-01, 6.6672246e-01 
943, 4.3894722e-01, 6.1412587e-01, 9.4686750e-01 
944, 4.7718030e-01, 2.8959574e-01, 1.6544554e-01 
945, 5.4213647e-01, 5.1469616e-01, 5.6105527e-01 
946, 5.9366506e-02, 1.5734786e-01, 6.7826720e-02 
947, 5.0637096e-01, 9.1373174e-01, 7.6569082e-01 
948, 4.1492404e-01, 2.4381239e-01, 1.7187757e-01 
949, 8.4715924e-01, 6.5608523e-01, 6.4810103e-01 
950, 9.2312385e-01, 8.7019969e-01, 5.7497584e-01 
951, 9.9929234e-01, 5.9309240e-01, 3.3283212e-01 
952, 1.6105303e-01, 1.1883413e-01, 4.0249566e-01 
953, 5.9855082e-01, 1.8733350e-03, 6.6212984e-01 
954, 4.6098952e-01, 5.2773436e-01, 9.4617822e-01 
955, 1.8898480e-01, 1.7204632e-01, 3.0921944e-01 
956, 9.0571306e-01, 8.4161232e-01, 1.9371868e-02 
957, 2.4952325e-02, 3.3687671e-01, 3.6588683e-01 
958, 5.3492790e-01, 4.1386229e-01, 6.3395642e-01 
959, 3.2292525e-01, 8.6370135e-01, 1.9212530e-01 
960, 2.6254349e-03, 4.5554025e-01, 6.5538871e-01 
961, 5.7432213e-01, 5.9571058e-01, 6.3946157e-01 
962, 6.6052700e-03, 2.5490330e-01, 7.3118626e-01 
963, 3.4861297e-01, 3.0749358e-01, 3.3550028e-01 
964, 3.4539309e-01, 6.7172037e-01, 4.9800652e-02 
965, 5.4357121e-01, 1.0708298e-01, 5.2436207e-01 
966, 2.6205812e-01, 7.7932394e-01, 3.1016658e-01 
967, 3.6420102e-01, 8.6368984e-01, 3.2809579e-01 
968, 4.9708527e-01, 6.0725155e-01, 3.2014271e-01 
969, 8.7035357e-01, 7.8415611e-01, 4.0963924e-01 
970, 5.0588457e-01, 1.3982612e-01, 1.7263418e-01 
971, 7.0878531e-01, 8.6166189e-01, 8.4057979e-01 
972, 7.6849487e-01, 6.3154344e-01, 9.4794889e-02 
973, 6.3768737e-01, 3.3469450e-01, 4.8015814e-01 
974, 7.2348034e-01, 3.8912206e-01, 4.9849873e-01 
975, 9.8487772e-01, 9.7993236e-01, 9.4868365e-01 
976, 6.0207420e-01, 1.3383680e-01, 8.4936313e-01 
977, 1.6806624e-01, 6.5417188e-01, 1.3485484e-01 
978, 7.3149654e-01, 2.1307949e-02, 8.4387354e-01 
979, 1.4755937e-01, 4.9073954e-01, 6.9687207e-01 
980, 1.5419180e-01, 8.2565147e-01, 4.6381112e-01 
981, 6.9915671e-01, 1.2601749e-01, 3.7663184e-01 
982, 3.0420406e-01, 1.8299078e-01, 5.6786024e-01 
983, 1.1697407e-01, 8.2968920e-01, 2.1574760e-01 
984, 1.5679016e-01, 4.5007160e-01, 8.5548627e-01 
985, 7.0671893e-01, 4.8465117e-01, 1.9548584e-01 
986, 5.6483604e-01, 2.0315453e-01, 8.4105283e-02 
987, 9.4180598e-01, 7.1698704e-01, 7.9165776e-01 
988, 5.7787496e-01, 3.3409668e-01, 3.0162264e-01 
989, 7.8446677e-01, 1.9978696e-02, 6.7877092e-02 
990, 4.6320607e-01, 9.0794103e-01, 2.4324365e-01 
991, 6.2715681e-01, 1.6249787e-01, 7.3682102e-01 
992, 1.4482395e-01, 1.9464387e-01, 9.9307259e-01 
993, 6.0615878e-01, 3.5111471e-01, 2.2368985e-02 
994, 7.3504468e-01, 7.7460625e-01, 1.1110643e-01 
995, 4.5829262e-02, 4.0616700e-01, 2.4529834e-01 
996, 1.2587784e-01, 9.4278707e-01, 9.3364567e-01 
997, 4.8378885e-01, 2.8803379e-01, 8.7103623e-01 
998, 5.0607319e-01, 2.3290305e-01, 6.8029592e-01 
999, 3.7055393e-01, 1.3103618e-01, 6.7469475e-01 
1000, 5.7809098e-01, 5.7983874e-01, 9.4190969e-01 
1001, 7.7049068e-01, 8.4166855e-01, 1.8837099e-01 
1002, 9.2477811e-01, 6.1091900e-01, 2.3534512e-01 
1003, 5.3146952e-01, 9.2597170e-01, 5.5679897e-01 
1004, 4.9002572e-01, 1.6881512e-01, 3.6488847e-01 
1005, 4.2865853e-02, 1.7379512e-01, 5.4054866e-01 
1006, 5.7418931e-01, 1.2947796e-01, 5.6232943e-01 
1007, 3.7510645e-01, 7.5812013e-01, 4.4200102e-01 
1008, 9.4166395e-02, 4.4111300e-01, 9.5772555e-01 
1009, 3.7010996e-01, 3.6325181e-01, 6.8040308e-02 
1010, 6.7048941e-01, 8.8308417e-01, 3.7042315e-02 
1011, 1.0924839e-01, 9.8039368e-01, 8.6253399e-01 
1012, 6.1963572e-01, 6.9148483e-01, 8.2043865e-02 
1013, 6.9370399e-01, 7.6138935e-01, 9.5134706e-02 
1014, 9.1462157e-01, 9.9241285e-01, 4.2457755e-02 
1015, 5.2497963e-01, 4.0841225e-01, 7.1450491e-01 
1016, 6.1412025e-01, 8.8030908e-03, 1.8770491e-01 
1017, 7.2052689e-01, 2.7492108e-01, 4.1690372e-01 
1018, 4.5177530e-02, 2.1096544e-01, 8.3867322e-01 
1019, 9.3416840e-01, 2.9316052e-01, 9.7202167e-01 
1020, 6.8168884e-01, 7.0425905e-01, 6.1766510e-02 
1021, 5.8926940e-01, 5.6137676e-01, 7.8199533e-01 
1022, 7.3808572e-01, 8.0022367e-01, 8.0896880e-01 
1023, 9.2905441e-01, 5.1469547e-01, 3.5014864e-02 
1024, 7.5259255e-01, 8.7672022e-02, 5.7717296e-01 
1025, 2.3077874e-02, 8.4240967e-01, 1.0575906e-02 
1026, 8.4093456e-01, 6.4708410e-01, 1.4897182e-01 
1027, 8.5805256e-01, 5.9778340e-01, 5.7625013e-01 
1028, 4.8131151e-01, 1.0150791e-01, 1.4313897e-01 
1029, 4.1251142e-01, 5.2229317e-01, 4.4482437e-01 
1030, 1.7828720e-01, 1.5401554e-01, 1.3429738e-01 
1031, 8.0434177e-01, 3.0904865e-01, 7.8994603e-01 
1032, 4.5644230e-01, 4.8796078e-02, 9.8320152e-01 
1033, 4.6857024e-01, 3.8505994e-01, 8.1932873e-01 
1034, 8.2429750e-02, 5.9538963e-01, 4.1381546e-01 
1035, 8.8976000e-02, 6.5523200e-01, 5.7535774e-01 
1036, 1.6613246e-01, 4.8295959e-01, 3.2026580e-01 
1037, 4.9169155e-01, 9.8304045e-01, 8.4664345e-01 
1038, 7.2930034e-01, 3.8659716e-01, 8.8638125e-01 
1039, 4.6538912e-01, 6.5556647e-01, 7.8730745e-02 
1040, 5.1792066e-01, 6.8930314e-01, 6.7246530e-01 
1041, 9.2966423e-01, 2.1981349e-01, 6.0314283e-01 
1042, 7.1741821e-01, 7.5113471e-01, 7.2081308e-01 
1043, 2.8430883e-01, 7.0399284e-01, 3.7204282e-01 
1044, 4.6483406e-01, 7.1916484e-01, 1.8077963e-01 
1045, 9.7057513e-01, 1.5376995e-01, 5.8916734e-01 
1046, 1.0184922e-01, 6.9206679e-02, 3.5524475e-01 
1047, 5.4412549e-01, 2.9199238e-01, 8.0080850e-01 
1048, 2.0931262e-02, 5.5620785e-01, 3.5803101e-02 
1049, 2.9611659e-02, 8.5574875e-01, 9.9725220e-01 
1050, 9.9770821e-01, 9.9739416e-01, 6.1728712e-01 
1051, 6.6914150e-01, 3.5634436e-02, 5.2099135e-01 
1052, 8.8587048e-01, 6.7498245e-01, 2.8630349e-01 
1053, 3.3737594e-01, 2.7084451e-01, 8.4193429e-01 
1054, 8.8545561e-01, 4.7738845e-01, 9.6853822e-01 
1055, 9.0204813e-01, 2.6356369e-01, 8.5136262e-01 
1056, 1.6158021e-01, 4.6965703e-01, 6.3055584e-01 
1057, 5.0195181e-02, 3.0761705e-01, 7.6099660e-02 
1058, 9.6462620e-01, 5.1199304e-01, 4.1734444e-01 
1059, 3.4980577e-01, 3.8327663e-01, 6.6227660e-01 
1060, 2.4317520e-01, 5.0500547e-01, 8.9104138e-01 
1061, 2.1411941e-01, 1.6905884e-01, 3.8175481e-01 
1062, 8.3866941e-01, 5.2218859e-01, 2.2291687e-01 
1063, 1.6920730e-01, 2.2158553e-01, 9.6054572e-02 
1064, 2.9246854e-01, 8.2376758e-01, 6.7552858e-01 
1065, 6.8971556e-01, 8.2793138e-01, 1.3329628e-01 
1066, 9.1146356e-01, 3.6744889e-01, 6.5823171e-01 
1067, 8.6601530e-01, 6.1603494e-01, 7.7891350e-01 
1068, 5.1899520e-01, 3.2337911e-01, 1.2044729e-01 
1069, 2.6734287e-01, 8.2321957e-01, 4.1352134e-02 
1070, 9.9757607e-01, 3.3656882e-01, 5.7429267e-01 
1071, 4.0020546e-01, 7.6902397e-01, 4.0003840e-01 
1072, 2.9394402e-01, 9.7270666e-01, 4.9410259e-01 
1073, 7.5890996e-01, 9.5754828e-02, 3.3235970e-01 
1074, 9.1807414e-02, 6.9449645e-01, 2.3545056e-01 
1075, 5.7866509e-01, 9.2891763e-01, 4.0799648e-01 
1076, 6.0585693e-01, 4.6686864e-01, 3.5282605e-02 
1077, 6.9417212e-01, 9.6245502e-01, 4.0920817e-01 
1078, 5.7871644e-01, 8.4243416e-01, 8.5063306e-01 
1079, 1.6579031e-01, 5.4432051e-02, 3.2413106e-01 
1080, 2.9871254e-01, 3.9458852e-01, 6.1101376e-01 
1081, 1.4825556e-01, 5.9959642e-02, 2.8725398e-01 
1082, 7.3355372e-01, 4.3301899e-01, 2.3251710e-02 
1083, 7.7854043e-01, 8.1748594e-01, 5.7386449e-01 
1084, 3.6918747e-01, 6.3671376e-01, 3.0066416e-01 
1085, 9.4826876e-01, 7.2776260e-01, 2.2004739e-01 
1086, 4.3652269e-01, 3.3826586e-01, 6.7465655e-01 
1087, 6.5941819e-01, 4.5801918e-01, 7.6223409e-02 
1088, 9.1432347e-01, 6.4658665e-01, 2.4113959e-01 
1089, 8.4012907e-01, 9.6744393e-01, 2.0311008e-01 
1090, 1.4527829e-01, 1.7585411e-01, 7.4925945e-01 
1091, 3.1951352e-01, 6.4412698e-01, 4.6981475e-03 
1092, 8.8778392e-01, 7.2927570e-01, 9.4944798e-01 
1093, 4.9415765e-01, 4.1267431e-01, 2.3388795e-01 
1094, 5.2259441e-01, 1.2684242e-01, 7.1504293e-02 
1095, 8.3519772e-03, 3.4282528e-01, 4.7723556e-01 
1096, 1.0874969e-02, 4.2533852e-01, 6.8142089e-01 
1097, 4.2803321e-01, 1.5309272e-01, 5.7420181e-01 
1098, 8.6453275e-01, 8.0127742e-01, 6.9638168e-01 
1099, 8.1009082e-01, 5.1813439e-01, 3.8601557e-01 
1100, 4.6199075e-01, 9.5325114e-01, 6.5159847e-01 
1101, 3.8784432e-01, 7.8265608e-01, 5.7989571e-01 
1102, 7.7198985e-01, 6.9142859e-02, 7.3486787e-01 
1103, 5.8559820e-01, 2.4912044e-01, 5.5619166e-02 
1104, 7.1332104e-01, 5.9527816e-01, 6.4815083e-01 
1105, 9.0878555e-01, 9.6656384e-01, 4.9260313e-01 
1106, 7.5640134e-01, 9.2057334e-01, 4.6906238e-01 
1107, 3.0755054e-01, 3.7893086e-01, 7.7463740e-01 
1108, 3.8917370e-01, 9.9384747e-01, 5.6520740e-01 
1109, 8.0215621e-01, 9.8128609e-01, 9.6959081e-01 
1110, 2.0956825e-01, 7.5556160e-01, 6.7153579e-01 
1111, 5.2598786e-01, 4.3763766e-01, 1.7772889e-01 
1112, 1.9002685e-01, 6.3502122e-01, 6.4661498e-01 
1113, 9.6640983e-01, 3.1968600e-01, 3.6550360e-01 
1114, 6.8955562e-01, 4.7791087e-01, 9.5416163e-02 
1115, 2.5961216e-01, 3.4938683e-01, 8.7162313e-01 
1116, 3.8681960e-01, 6.0598146e-01, 1.6275482e-01 
1117, 8.8961250e-01, 8.6880455e-01, 9.3342140e-01 
1118, 7.6337135e-01, 6.0640347e-01, 6.0843700e-01 
1119, 6.7958402e-01, 3.9522057e-01, 1.9665097e-01 
1120, 9.8311978e-01, 5.7862960e-01, 2.6485252e-01 
1121, 4.7951117e-01, 4.0199358e-01, 9.4440996e-01 
1122, 7.8426998e-01, 2.3446396e-01, 1.8567108e-01 
1123, 7.9804491e-02, 4.8935786e-01, 5.2360661e-01 
1124, 3.2369150e-01, 6.5770889e-01, 9.7566313e-01 
1125, 8.8164542e-01, 3.0814736e-01, 9.8829863e-01 
1126, 9.8310534e-01, 9.6896296e-01, 1.8363892e-01 
1127, 4.9137317e-01, 8.9956592e-01, 9.1033677e-01 
1128, 1.5357376e-01, 3.8079352e-01, 4.2611804e-01 
1129, 3.2663722e-01, 5.1503541e-01, 4.8148716e-01 
1130, 2.3786018e-01, 6.2360227e-01, 7.4710929e-01 
1131, 2.6994156e-04, 8.9248822e-01, 2.3063639e-01 
1132, 9.8947656e-01, 4.1633499e-02, 2.2635708e-02 
1133, 9.7732363e-01, 4.8581589e-03, 5.6018563e-01 
1134, 6.3321153e-01, 6.3288633e-01, 4.7569329e-02 
1135, 8.5667587e-01, 3.4133023e-01, 7.6052278e-01 
1136, 1.6158074e-01, 7.8279596e-01, 2.4349497e-02 
1137, 4.7750708e-01, 3.7057682e-01, 6.0026693e-01 
1138, 2.7921961e-01, 6.1140633e-01, 7.4933857e-01 
1139, 1.7565084e-01, 2.5726252e-01, 7.8478504e-01 
1140, 5.9389636e-01, 4.7092854e-01, 8.1479260e-01 
1141, 2.3948460e-02, 5.0920147e-01, 7.9979697e-01 
1142, 4.7275672e-01, 9.2653315e-01, 4.9055561e-01 
1143, 3.6120885e-01, 6.8283079e-01, 9.9087692e-01 
1144, 7.5544792e-01, 6.3904235e-01, 4.9558860e-02 
1145, 2.5839200e-01, 1.3312750e-01, 4.2704314e-01 
1146, 9.3522566e-01, 9.9448367e-01, 6.7086475e-01 
1147, 1.5766755e-01, 9.9769249e-01, 9.3559208e-01 
1148, 9.2376193e-01, 7.8250975e-01, 6.1927987e-01 
1149, 4.8274397e-01, 2.1650474e-01, 9.0499488e-02 
1150, 8.3008452e-01, 7.4194488e-01, 4.7623751e-01 
1151, 6.7848275e-01, 6.5294926e-01, 7.1106406e-01 
1152, 5.7756106e-01, 6.8675379e-02, 1.3370047e-01 
1153, 3.3944860e-01, 7.8706027e-01, 2.1874237e-01 
1154, 6.4391874e-01, 3.1641049e-01, 7.3263864e-01 
1155, 7.5636867e-01, 6.5174271e-01, 1.1653395e-01 
1156, 9.1987123e-01, 4.9455984e-01, 5.8019211e-01 
1157, 2.6082210e-01, 2.5706757e-01, 4.1000259e-02 
1158, 2.9985548e-01, 1.4911594e-03, 9.3005986e-01 
1159, 7.9880299e-01, 6.4902526e-01, 2.7203576e-01 
1160, 5.0706159e-01, 5.3156657e-01, 4.8858815e-01 
1161, 4.7260960e-01, 4.2025180e-01, 3.8410465e-01 
1162, 1.4105253e-01, 6.3048504e-01, 7.6324533e-01 
1163, 9.0449086e-01, 2.0283817e-01, 7.3790616e-01 
1164, 3.3172918e-01, 5.8966513e-01, 1.8596103e-01 
1165, 5.4147169e-01, 9.5978175e-01, 2.2718465e-01 
1166, 4.2932501e-01, 3.4857046e-01, 9.1199649e-02 
1167, 8.7335985e-01, 9.2481233e-01, 2.9328483e-01 
1168, 5.0201505e-01, 9.3161832e-01, 6.5207180e-01 
1169, 6.5022382e-01, 3.4347301e-01, 5.1779875e-01 
1170, 2.2035799e-01, 3.9931781e-01, 4.1015959e-01 
1171, 5.3509008e-01, 3.4994288e-01, 3.5396055e-01 
1172, 9.9975403e-01, 3.1812092e-01, 7.8224554e-01 
1173, 8.9808095e-01, 9.2703544e-01, 9.7909530e-01 
1174, 6.9311195e-01, 3.1037362e-01, 9.8994591e-01 
1175, 7.1164807e-01, 3.2026474e-02, 7.6333001e-01 
1176, 4.6050058e-01, 9.2790686e-01, 3.6853128e-01 
1177, 7.7026397e-01, 7.9217626e-01, 3.1919697e-01 
1178, 8.1962047e-01, 2.3381322e-02, 2.6727398e-01 
1179, 4.5038795e-01, 9.5394356e-01, 6.3162645e-02 
1180, 3.3394781e-02, 9.2943452e-02, 6.1719999e-01 
1181, 2.1706778e-01, 9.7515236e-01, 5.3185135e-01 
1182, 6.8420117e-01, 8.0627659e-01, 1.8766858e-01 
1183, 4.0109606e-01, 6.9372038e-01, 4.8933129e-01 
1184, 7.4227239e-01, 1.0071305e-01, 4.4403843e-01 
1185, 6.8766532e-01, 8.6679289e-01, 1.2218205e-01 
1186, 2.2964147e-01, 7.4344120e-01, 2.6503395e-02 
1187, 5.0872273e-02, 7.0323526e-01, 6.2976989e-01 
1188, 5.4617470e-01, 7.3217262e-02, 1.1989238e-01 
1189, 4.9204921e-01, 3.0183939e-02, 8.4043589e-01 
1190, 3.8987471e-01, 6.0170162e-01, 9.3569119e-01 
1191, 9.4673692e-01, 6.0741075e-01, 1.5892670e-02 
1192, 4.8296524e-01, 6.6149822e-01, 2.4444414e-01 
1193, 8.3767748e-01, 3.2628855e-01, 4.4093554e-01 
1194, 7.0818662e-01, 5.4888127e-01, 5.0776927e-01 
1195, 1.2351838e-01, 8.7617741e-01, 8.6399669e-02 
1196, 3.8027499e-02, 6.6260140e-01, 7.7121042e-01 
1197, 6.6376754e-01, 9.4621253e-01, 6.2920492e-01 
1198, 6.2886698e-01, 6.6652008e-01, 8.5315560e-01 
1199, 6.3283361e-01, 4.0555536e-01, 8.0411507e-01 
1200, 3.6511931e-01, 4.1050580e-01, 5.1738823e-01 
1201, 5.5473881e-01, 7.5596506e-01, 1.8807591e-01 
1202, 4.9873870e-01, 2.2674268e-02, 1.2344772e-01 
1203, 8.0113512e-01, 5.3782717e-01, 7.2037494e-01 
1204, 8.4663477e-02, 7.7861371e-01, 9.4967663e-01 
1205, 1.6864639e-01, 5.8250447e-01, 3.8087862e-02 
1206, 8.2196996e-01, 1.0176465e-01, 4.0036681e-01 
1207, 7.3369564e-01, 7.5686444e-01, 2.7357838e-01 
1208, 9.4204989e-01, 3.6020927e-01, 4.9412143e-01 
1209, 6.7112987e-01, 2.9266994e-01, 1.3222344e-01 
1210, 3.6622665e-01, 5.1697650e-01, 6.8662538e-01 
1211, 8.2517500e-01, 9.0599256e-01, 1.5363575e-01 
1212, 4.4637354e-01, 6.3534259e-01, 9.0688333e-01 
1213, 8.6680158e-01, 5.4290412e-01, 1.7499920e-01 
1214, 8.1682915e-01, 5.3677937e-01, 4.2887967e-02 
1215, 8.3165867e-01, 3.2699952e-01, 6.1282560e-01 
1216, 8.0937399e-01, 1.1438893e-01, 6.2467338e-01 
1217, 5.5264285e-01, 6.7293283e-01, 3.2820777e-01 
1218, 3.4450154e-01, 8.5905138e-01, 2.2435976e-01 
1219, 6.7123544e-01, 1.6457846e-01, 8.4611745e-01 
1220, 9.0004181e-01, 7.8997385e-01, 3.1468886e-01 
1221, 1.6001954e-01, 5.6461857e-02, 6.1127420e-02 
1222, 2.1783805e-01, 3.5166558e-01, 2.3523175e-02 
1223, 4.6057076e-01, 3.1313088e-01, 8.8189085e-01 
1224, 6.1995871e-01, 4.8237800e-01, 6.0602647e-01 
1225, 7.7130773e-03, 4.4627730e-01, 5.5060414e-01 
1226, 7.6708453e-01, 5.3189782e-01, 2.5640459e-01 
1227, 7.9943000e-01, 4.5175006e-01, 9.7975552e-01 
1228, 2.5180747e-01, 7.5207352e-02, 3.5117684e-01 
1229, 7.8224904e-01, 8.9795788e-01, 9.7623310e-01 
1230, 4.7036528e-01, 4.5420528e-01, 1.3434641e-01 
1231, 5.8729795e-01, 9.3057069e-01, 9.1197017e-01 
1232, 1.2667968e-01, 4.3292950e-01, 9.4831139e-01 
1233, 1.5884011e-01, 5.4605867e-01, 5.2765859e-01 
1234, 8.8736616e-01, 6.3409323e-01, 7.3815512e-01 
1235, 9.1375853e-01, 4.0906176e-01, 6.1234368e-01 
1236, 9.4709631e-01, 8.5908881e-01, 4.7601058e-01 
1237, 2.0489849e-01, 5.7053330e-01, 6.6191293e-01 
1238, 4.9116769e-01, 3.7451578e-01, 3.3057157e-01 
1239, 6.1930480e-01, 8.6112970e-01, 2.0340996e-01 
1240, 1.4768818e-01, 4.5142425e-01, 3.3942754e-01 
1241, 9.1136275e-01, 3.3426403e-01, 5.9920007e-01 
1242, 4.0758684e-01, 4.8371430e-02, 9.8442459e-01 
1243, 5.8794312e-01, 8.8368325e-01, 1.0785834e-01 
1244, 9.2154633e-01, 2.2973968e-01, 8.2368665e-01 
1245, 7.4396361e-01, 3.3144391e-01, 6.8878327e-01 
1246, 4.2048021e-01, 2.9518159e-01, 5.3792773e-01 
1247, 4.1003223e-01, 7.4491133e-01, 6.0180112e-01 
1248, 6.2115580e-01, 6.1445009e-01, 6.1133044e-01 
1249, 7.6266029e-01, 1.7853373e-01, 9.7043733e-01 
1250, 6.1241222e-02, 6.6664310e-01, 5.1204360e-01 
1251, 2.7674588e-01, 7.4113128e-01, 1.6936281e-01 
1252, 8.2790347e-01, 1.3734778e-02, 9.0271770e-01 
1253, 7.7391081e-01, 8.7390354e-01, 7.6614473e-01 
1254, 7.4684289e-01, 4.1444356e-02, 8.1262323e-01 
1255, 1.8930093e-02, 4.2511913e-01, 7.2206475e-01 
1256, 4.0559079e-01, 9.6116735e-02, 5.2451063e-01 
1257, 8.0637755e-01, 1.7150666e-01, 5.9792005e-01 
1258, 6.9437770e-01, 3.7370796e-01, 9.3114301e-01 
1259, 1.3212642e-03, 1.8636234e-01, 6.5027641e-01 
1260, 7.4461422e-01, 8.8341520e-01, 5.4367835e-02 
1261, 5.7362031e-01, 2.8094226e-01, 2.2593275e-01 
1262, 4.7455552e-01, 8.9844466e-01, 8.9653739e-02 
1263, 3.8704860e-02, 5.0559443e-01, 5.8460052e-01 
1264, 8.5352239e-01, 5.9372256e-01, 9.0316165e-01 
1265, 1.9113499e-01, 3.6517018e-01, 4.8408683e-01 
1266, 4.0371307e-01, 1.8600913e-01, 6.2474110e-01 
1267, 4.7270038e-01, 1.1195819e-01, 8.9080823e-01 
1268, 7.7754792e-01, 3.4203815e-01, 3.2491200e-01 
1269, 3.8684045e-01, 6.3185376e-01, 9.5222808e-01 
1270, 3.9510672e-01, 3.3551416e-01, 7.6502042e-01 
1271, 9.1313511e-01, 1.8872321e-01, 2.0306102e-01 
1272, 3.1236024e-01, 2.6730715e-02, 6.4777300e-01 
1273, 1.4030922e-01, 8.6361981e-01, 2.9346242e-01 
1274, 2.8471299e-01, 3.4407616e-01, 6.4426007e-01 
1275, 4.4710826e-01, 9.7507096e-01, 2.3075768e-01 
1276, 7.5464860e-01, 4.2795668e-01, 7.7325897e-01 
1277, 7.5782348e-01, 1.8003100e-01, 1.5509145e-01 
1278, 9.3131655e-01, 2.0057065e-01, 5.6197169e-01 
1279, 8.8137520e-01, 7.5051537e-01, 8.7035760e-01 
1280, 6.8089426e-01, 2.0482431e-01, 4.1433637e-01 
1281, 7.9849990e-02, 8.7413631e-01, 5.4269615e-01 
1282, 9.4503278e-01, 8.5246753e-01, 2.4570058e-01 
1283, 6.5984276e-01, 5.1146746e-02, 3.5463138e-01 
1284, 6.8041439e-01, 8.8238133e-01, 7.9893649e-01 
1285, 5.7772286e-01, 6.9763937e-02, 4.1719319e-01 
1286, 4.0848649e-01, 9.3576406e-01, 4.5458094e-01 
1287, 1.1948340e-01, 7.7098240e-01, 7.8263744e-01 
1288, 9.7826690e-02, 6.5491330e-01, 3.4490684e-01 
1289, 3.4091331e-01, 3.9983795e-01, 4.9872444e-01 
1290, 4.6786993e-01, 6.4927518e-01, 4.8928345e-01 
1291, 9.5440219e-01, 9.3690101e-01, 2.7478265e-01 
1292, 4.3081395e-01, 7.4370054e-01, 7.5009541e-01 
1293, 2.9755078e-01, 8.0175468e-02, 9.5557267e-01 
1294, 9.5298953e-01, 4.9253747e-01, 3.6550465e-01 
1295, 1.1133753e-01, 4.4081534e-01, 8.7324484e-01 
1296, 1.7886412e-01, 9.9285793e-01, 7.7535840e-01 
1297, 8.6721162e-01, 9.9036841e-01, 8.3561086e-01 
1298, 1.9293137e-01, 1.6508780e-01, 6.4029129e-01 
1299, 1.4676585e-01, 8.0329233e-01, 5.4340953e-02 
1300, 2.7624752e-02, 2.0394589e-01, 6.9206724e-01 
1301, 1.2382445e-01, 8.9462893e-02, 8.5361002e-01 
1302, 1.9370974e-01, 7.7259534e-01, 1.7597706e-01 
1303, 7.1529314e-01, 5.5533242e-01, 4.6601928e-01 
1304, 7.0924783e-01, 6.8759382e-01, 7.5792175e-01 
1305, 9.7247651e-01, 4.8245104e-01, 4.5345171e-01 
1306, 5.7283548e-02, 5.0092719e-01, 1.9829524e-01 
1307, 2.5046220e-01, 4.6674587e-01, 3.3226620e-01 
1308, 5.3669429e-01, 3.5708316e-01, 8.0902518e-01 
1309, 7.2548773e-01, 2.1141536e-01, 8.8879103e-01 
1310, 2.9174396e-01, 6.5033271e-01, 5.5113905e-01 
1311, 1.6339791e-01, 1.8743405e-01, 1.0261643e-01 
1312, 4.3900336e-01, 2.4208297e-01, 9.9332766e-01 
1313, 7.2507233e-01, 3.4081626e-01, 3.7925832e-01 
1314, 5.8745439e-01, 8.5120070e-01, 9.7766675e-01 
1315, 5.3029200e-01, 1.9181558e-01, 1.6753160e-01 
1316, 6.7263191e-01, 7.9619736e-01, 6.9299082e-01 
1317, 8.4806855e-01, 8.6666251e-01, 5.4648274e-01 
1318, 1.3998697e-01, 4.7727891e-01, 2.0429432e-01 
1319, 3.7086644e-01, 2.4386327e-01, 2.0712190e-01 
1320, 6.1435328e-01, 6.5780331e-01, 1.9788327e-01 
1321, 2.5062201e-01, 6.6026981e-01, 6.4442895e-01 
1322, 5.8344110e-01, 4.7086711e-01, 1.1853216e-01 
1323, 1.0599615e-01, 8.5301179e-01, 8.4014954e-01 
1324, 1.6539194e-02, 9.0350442e-01, 7.0888403e-01 
1325, 7.9088468e-02, 3.4173635e-02, 9.2741990e-01 
1326, 7.6252382e-01, 3.1294720e-01, 9.7733310e-01 
1327, 9.6952791e-01, 9.7204276e-01, 7.1322091e-01 
1328, 8.5030394e-01, 1.6440812e-01, 8.4719411e-01 
1329, 1.1919787e-01, 2.2632412e-01, 1.8189617e-01 
1330, 5.2667081e-01, 7.8750502e-01, 1.9193333e-01 
1331, 5.4213162e-01, 7.6642592e-01, 3.3790616e-02 
1332, 2.5898347e-01, 9.6186318e-01, 6.0969814e-01 
1333, 1.3811570e-01, 5.2621800e-01, 6.4940384e-01 
1334, 2.2742430e-01, 1.7968368e-01, 8.6068654e-02 
1335, 1.9709693e-01, 5.9114169e-01, 9.3769765e-01 
1336, 2.0465076e-01, 4.9115559e-01, 4.3068728e-01 
1337, 8.8071882e-01, 6.3758595e-01, 1.8886373e-01 
1338, 8.7100870e-01, 5.0645163e-01, 7.5073034e-02 
1339, 9.4731508e-01, 4.3318467e-01, 1.5193272e-01 
1340, 6.1536226e-01, 1.9064448e-01, 5.6537463e-01 
1341, 7.4704562e-02, 4.6852927e-01, 2.8748345e-01 
1342, 7.1776828e-01, 7.4290507e-01, 2.4734473e-01 
1343, 8.6504274e-01, 5.5710769e-01, 3.0498186e-01 
1344, 6.6906113e-01, 8.5160506e-01, 9.9572832e-01 
1345, 2.1278186e-01, 2.4886518e-01, 6.1697919e-01 
1346, 2.2841575e-01, 8.7065588e-01, 6.2991727e-01 
1347, 4.7799275e-01, 6.5369064e-01, 8.7621099e-01 
1348, 5.5351375e-01, 9.1378957e-01, 2.9710479e-01 
1349, 2.7506557e-02, 4.4901805e-01, 2.7679701e-01 
1350, 8.5858078e-01, 1.1708358e-01, 6.6367962e-01 
1351, 1.6648110e-01, 5.5465142e-01, 4.2533566e-01 
1352, 9.0563755e-01, 5.4447297e-01, 4.4357015e-01 
1353, 5.2676784e-01, 6.5969004e-01, 7.3610669e-01 
1354, 6.8498404e-01, 1.6003905e-02, 2.3038357e-01 
1355, 3.6278988e-01, 6.7478776e-01, 5.8359217e-01 
1356, 1.7807093e-01, 2.2165965e-01, 2.0791009e-01 
1357, 3.3544561e-01, 4.4000324e-01, 6.7062342e-01 
1358, 8.9490125e-01, 7.1939318e-02, 6.8709073e-01 
1359, 2.8441269e-01, 1.9269848e-01, 4.7019948e-01 
1360, 9.9975302e-01, 4.5745709e-01, 3.6783389e-01 
1361, 2.2290816e-01, 2.1777529e-01, 5.3873241e-02 
1362, 8.5705630e-01, 1.8925697e-01, 9.6237752e-01 
1363, 1.1086662e-01, 8.2195626e-01, 3.2836444e-02 
1364, 8.6193226e-01, 8.1448537e-01, 7.2709362e-01 
1365, 3.4488734e-01, 3.0794046e-01, 7.3813349e-01 
1366, 4.9880978e-01, 7.3328320e-01, 4.0871302e-02 
1367, 5.1237265e-01, 5.6397398e-01, 9.1308880e-01 
1368, 4.6714614e-01, 5.9777762e-01, 9.7875630e-02 
1369, 5.3035880e-01, 4.1084668e-01, 5.0616548e-01 
1370, 8.6408795e-01, 3.4381222e-01, 4.2642245e-01 
1371, 2.5868788e-01, 3.5892698e-01, 9.4058789e-01 
1372, 3.9943475e-01, 4.3634517e-01, 7.1088600e-01 
1373, 5.3917026e-01, 3.0279462e-01, 3.0922490e-01 
1374, 4.9749756e-01, 9.5792647e-01, 9.2037874e-01 
1375, 7.3668524e-01, 9.7715604e-01, 2.5292663e-01 
1376, 6.1841169e-01, 5.7173671e-02, 4.1371266e-01 
1377, 4.2721416e-01, 4.5184856e-01, 7.3617371e-01 
1378, 8.2715619e-01, 8.8681374e-01, 9.1994725e-01 
1379, 9.3928493e-02, 3.0272711e-01, 1.3358044e-01 
1380, 8.0448158e-01, 9.4533081e-01, 2.4634347e-01 
1381, 9.3615138e-01, 6.6727842e-01, 1.0345282e-02 
1382, 2.3132825e-01, 2.8505223e-01, 1.4346970e-01 
1383, 8.0706864e-02, 3.5621794e-01, 6.5584241e-01 
1384, 7.4046614e-01, 2.9135544e-01, 7.1448432e-01 
1385, 1.7305871e-01, 7.1759221e-01, 5.9017478e-01 
1386, 4.3066099e-01, 1.2258795e-01, 2.9919913e-03 
1387, 1.5415762e-01, 3.4815147e-01, 8.4387119e-01 
1388, 7.5978533e-01, 2.9644990e-01, 2.2178853e-01 
1389, 5.1230240e-01, 4.9756051e-01, 9.5000399e-01 
1390, 9.7794864e-02, 2.3129539e-01, 2.3738687e-01 
1391, 6.4309121e-01, 6.0188837e-01, 2.1945650e-02 
1392, 7.9987667e-01, 4.4996177e-01, 7.8479480e-01 
1393, 7.1606765e-01, 5.8848611e-01, 2.3437626e-01 
1394, 6.6244771e-01, 2.8129654e-01, 2.6573711e-01 
1395, 2.4573039e-01, 7.4077759e-01, 3.4424365e-01 
1396, 3.2247453e-01, 7.8620926e-02, 5.9219687e-01 
1397, 7.8098705e-03, 5.7004955e-02, 1.4772571e-01 
1398, 5.2261827e-01, 4.2571095e-02, 5.8051851e-01 
1399, 6.0061966e-01, 3.9850310e-01, 8.4617874e-01 
1400, 1.6050523e-01, 7.2884312e-01, 7.0135996e-01 
1401, 4.0217132e-01, 3.8892122e-01, 6.5504166e-01 
1402, 4.5129570e-01, 7.8006003e-01, 7.8623364e-01 
1403, 3.9515447e-01, 3.0551141e-02, 5.1894176e-01 
1404, 4.0662370e-01, 8.3366580e-01, 4.0465641e-01 
1405, 9.4307647e-01, 1.7656429e-01, 6.1577185e-01 
1406, 9.0777782e-01, 5.2607412e-02, 2.7527372e-01 
1407, 5.9896122e-01, 8.4240878e-01, 2.7980619e-01 
1408, 7.7235452e-01, 8.6994146e-01, 3.5517215e-01 
1409, 5.7089194e-01, 2.4629474e-01, 1.0038387e-01 
1410, 3.6553045e-01, 3.0838687e-01, 9.2937036e-02 
1411, 1.2776039e-01, 9.1607389e-01, 9.0186567e-01 
1412, 9.5749891e-01, 2.1652200e-01, 4.8448809e-02 
1413, 2.5766393e-01, 5.8122486e-01, 7.0507102e-01 
1414, 3.7118646e-01, 8.1780024e-02, 4.3665174e-01 
1415, 6.3575762e-01, 9.1171497e-01, 7.4936910e-01 
1416, 6.0350410e-01, 9.1470303e-01, 7.0020109e-01 
1417, 1.2358474e-02, 5.0568669e-02, 2.3823195e-02 
1418, 1.1043905e-01, 7.9638014e-04, 4.2740849e-01 
1419, 1.9717417e-01, 9.2946208e-01, 5.3721809e-01 
1420, 6.6817828e-01, 4.4861204e-01, 2.3623911e-02 
1421, 5.0621466e-01, 5.9260149e-01, 1.8146320e-01 
1422, 5.7174532e-01, 1.0651111e-01, 7.3779197e-01 
1423, 3.6108957e-01, 3.4982409e-02, 6.0454414e-01 
1424, 8.8493688e-01, 5.6295241e-02, 1.5090779e-02 
1425, 8.9907783e-01, 2.6490200e-01, 5.1368557e-01 
1426, 3.6311204e-01, 7.2776941e-01, 1.7847023e-01 
1427, 6.3744722e-01, 2.3102190e-01, 5.1533015e-01 
1428, 9.9174403e-01, 7.3986255e-01, 9.1766267e-01 
1429, 1.0661907e-01, 4.4038461e-01, 6.5294297e-01 
1430, 3.3378313e-01, 1.5122948e-01, 6.5360142e-01 
1431, 3.0146169e-01, 7.1975353e-01, 5.6624700e-01 
1432, 4.7294856e-01, 7.6196372e-01, 3.1945885e-01 
1433, 4.5307648e-01, 1.6070543e-01, 8.3089687e-01 
1434, 6.2977002e-01, 4.9310068e-01, 7.7195120e-01 
1435, 6.7849021e-02, 5.2025061e-01, 4.6959303e-01 
1436, 1.0759676e-01, 9.2338261e-01, 1.0787180e-01 
1437, 6.0814384e-01, 7.6887687e-01, 7.7244058e-01 
1438, 6.8721949e-01, 3.7153002e-01, 1.2047162e-01 
1439, 4.4163015e-02, 3.3959874e-01, 6.9815922e-01 
1440, 3.2017793e-01, 5.6582489e-01, 5.2706033e-01 
1441, 1.6420005e-01, 4.5942301e-01, 9.3392225e-01 
1442, 6.1724249e-01, 8.6326513e-01, 8.5550476e-01 
1443, 9.5528469e-01, 7.3198105e-01, 9.8969796e-01 
1444, 9.3136841e-01, 1.4293899e-01, 7.7002891e-01 
1445, 3.2070222e-01, 6.2889599e-01, 1.9598080e-01 
1446, 9.0974856e-01, 8.3547573e-01, 8.9297700e-02 
1447, 7.2909232e-02, 3.3927519e-01, 5.5238427e-01 
1448, 3.7012623e-01, 8.2234507e-01, 6.1395131e-02 
1449, 7.7285870e-01, 5.5389095e-01, 1.9714701e-01 
1450, 7.6974932e-01, 3.8558371e-01, 8.0121457e-01 
1451, 7.7494366e-01, 6.9615851e-01, 4.4552858e-01 
1452, 5.0038814e-01, 6.5800852e-01, 9.1699624e-01 
1453, 5.5730535e-01, 5.0640365e-01, 4.4167833e-01 
1454, 5.4386477e-01, 2.9311694e-01, 7.1046883e-01 
1455, 3.5117890e-01, 7.4099439e-01, 4.1989884e-01 
1456, 8.7052206e-01, 2.1919840e-01, 8.4916464e-01 
1457, 5.7609919e-01, 9.9730231e-01, 2.6905109e-01 
1458, 3.9720839e-01, 3.4077268e-01, 5.7360709e-01 
1459, 9.7856341e-01, 3.2770093e-02, 9.7522913e-01 
1460, 5.6833286e-01, 5.9573722e-01, 1.5336362e-01 
1461, 2.9275540e-01, 1.6038610e-01, 1.7399713e-01 
1462, 6.5078858e-01, 7.7287920e-01, 4.3566985e-01 
1463, 8.8178664e-01, 1.3213234e-01, 1.3264067e-01 
1464, 9.7892212e-01, 2.4672500e-01, 9.4344461e-01 
1465, 4.5770113e-01, 7.0577298e-01, 3.2947290e-01 
1466, 3.6811604e-01, 1.5121611e-01, 8.9368830e-01 
1467, 9.9114321e-01, 9.9911893e-02, 4.9604870e-01 
1468, 4.2764283e-01, 8.4986629e-01, 6.3488402e-01 
1469, 9.3077604e-01, 6.9295258e-01, 1.9357766e-01 
1470, 1.3173644e-01, 3.3691068e-01, 1.9541278e-01 
1471, 9.2941705e-01, 6.2710664e-01, 4.9952971e-01 
1472, 4.1671319e-01, 3.4775062e-01, 3.9418123e-01 
1473, 4.4174858e-01, 3.5869962e-01, 4.7100157e-01 
1474, 8.9253464e-01, 6.7356791e-01, 7.7339617e-01 
1475, 4.8690351e-01, 3.9427766e-01, 2.7628608e-02 
1476, 5.1742980e-01, 4.7094402e-02, 3.3832574e-01 
1477, 1.0403993e-01, 2.1804261e-01, 4.6357018e-02 
1478, 2.2553476e-01, 7.0281479e-01, 6.8658016e-01 
1479, 9.5342693e-01, 3.9851162e-01, 3.7918391e-01 
1480, 7.0360790e-01, 2.3160234e-01, 1.6804612e-01 
1481, 6.4676104e-01, 6.0171831e-01, 4.4521998e-01 
1482, 3.1949290e-01, 5.8445054e-01, 1.1319712e-01 
1483, 1.4594865e-01, 8.4403039e-01, 8.8715887e-02 
1484, 2.2602925e-01, 9.7553965e-01, 9.4033694e-01 
1485, 8.3015412e-01, 9.0698710e-01, 1.5331949e-02 
1486, 6.4360159e-01, 4.0146102e-01, 2.6031841e-01 
1487, 1.0101246e-02, 2.8950500e-01, 3.2724072e-01 
1488, 6.7443100e-01, 3.2540364e-01, 3.2833261e-01 
1489, 5.7019844e-01, 4.8360128e-01, 3.7948460e-01 
1490, 3.3506710e-01, 7.2586786e-01, 4.4704809e-01 
1491, 2.4657772e-01, 5.5903775e-01, 4.3722624e-01 
1492, 9.8035728e-01, 6.1267463e-01, 5.2492422e-01 
1493, 1.8778551e-01, 1.0676258e-03, 6.8719828e-01 
1494, 8.3772671e-01, 1.5756267e-02, 7.1159512e-01 
1495, 9.7989174e-01, 8.8553972e-01, 3.0333248e-01 
1496, 7.9613826e-02, 6.2561811e-01, 2.1855272e-02 
1497, 1.4462008e-01, 2.0211126e-01, 1.2527557e-01 
1498, 9.1608683e-01, 7.8225084e-01, 3.6152101e-01 
1499, 3.4032843e-02, 9.9083545e-01, 2.4322620e-01 
1500, 3.6530448e-01, 7.8000473e-01, 9.3656920e-01 
1501, 6.4394669e-01, 4.3220744e-01, 3.7423805e-01 
1502, 2.9291373e-01, 1.1907924e-01, 4.2134933e-01 
1503, 4.9525615e-02, 4.6801198e-01, 4.4926185e-01 
1504, 7.5363447e-01, 6.4391096e-01, 3.6998218e-01 
1505, 3.1019302e-01, 7.1183562e-01, 9.8666435e-01 
1506, 6.5269170e-01, 1.5962911e-01, 4.3584351e-01 
1507, 1.3085151e-02, 3.6431117e-01, 6.4486893e-01 
1508, 9.0575941e-01, 4.1028453e-01, 6.6651261e-01 
1509, 7.2131815e-01, 4.1993415e-01, 7.7628234e-01 
1510, 8.3035844e-01, 3.5306186e-01, 8.6274555e-01 
1511, 5.0434852e-02, 1.1216238e-01, 3.7409263e-01 
1512, 2.7086276e-02, 4.1363055e-02, 2.5420082e-01 
1513, 5.8952713e-01, 3.4577344e-01, 6.8279149e-01 
1514, 4.6200803e-01, 8.5474354e-01, 8.6969521e-01 
1515, 4.6872768e-01, 6.8022776e-02, 3.1918727e-01 
1516, 5.5284876e-01, 5.7953697e-01, 7.5389280e-01 
1517, 9.0667967e-01, 9.4222648e-01, 9.3276518e-01 
1518, 6.9305148e-01, 3.1004075e-01, 7.6246807e-01 
1519, 6.9787730e-01, 6.4168282e-02, 2.5345681e-01 
1520, 4.3087361e-01, 7.4780741e-01, 7.7782831e-02 
1521, 7.3619939e-01, 3.0063347e-01, 4.7351507e-01 
1522, 8.3514912e-01, 8.1503841e-02, 1.6150256e-01 
1523, 1.1782411e-01, 3.8944674e-01, 9.9060646e-01 
1524, 8.5050132e-01, 7.5875754e-01, 2.3725348e-01 
1525, 4.0055940e-01, 4.8175752e-01, 1.4402324e-01 
1526, 9.8112003e-01, 1.0396836e-01, 7.5085182e-02 
1527, 7.9041731e-01, 4.6924379e-02, 2.6460886e-01 
1528, 8.3104385e-01, 7.2531307e-01, 9.4351491e-01 
1529, 8.2638628e-01, 5.9760657e-01, 2.0470916e-01 
1530, 4.4549604e-01, 8.5676230e-02, 7.8867739e-01 
1531, 2.3423120e-01, 6.5849645e-02, 9.4983340e-01 
1532, 9.4921170e-01, 6.9793635e-01, 5.2580186e-02 
1533, 9.7989082e-01, 5.4753769e-01, 3.9272308e-01 
1534, 3.2505534e-01, 1.6735173e-02, 1.5783778e-01 
1535, 2.2818848e-02, 3.0622223e-01, 4.2115887e-01 
1536, 6.8667795e-01, 2.4646900e-01, 1.9643430e-01 
1537, 9.7271400e-01, 8.3740569e-01, 7.1952989e-02 
1538, 2.1796298e-02, 1.3258729e-01, 6.6146957e-01 
1539, 5.3329797e-02, 8.5909410e-01, 8.4493577e-01 
1540, 2.0462092e-01, 5.8086071e-01, 6.2472077e-02 
1541, 8.7043097e-01, 6.4329706e-01, 8.3694741e-01 
1542, 2.1784592e-01, 3.3498167e-01, 7.2168172e-01 
1543, 2.6158075e-01, 6.4036441e-01, 1.2477353e-01 
1544, 4.1549384e-02, 7.4390740e-01, 5.6033588e-01 
1545, 7.9705100e-01, 3.5309033e-02, 2.0462232e-01 
1546, 6.5441839e-01, 7.6054564e-01, 6.9985696e-01 
1547, 7.6768424e-01, 8.5747323e-01, 4.3835383e-01 
1548, 2.4479128e-01, 9.0838803e-01, 6.3051232e-01 
1549, 5.2510436e-01, 9.3327603e-01, 8.3837911e-01 
1550, 4.9136855e-01, 4.6965160e-02, 7.5991647e-01 
1551, 1.9080658e-02, 7.2916503e-01, 6.7042185e-01 
1552, 6.8894671e-01, 2.8004946e-01, 5.8016160e-01 
1553, 7.0610301e-01, 9.0135550e-01, 9.4000462e-01 
1554, 7.0781550e-01, 2.4482244e-01, 7.0605765e-01 
1555, 3.9846062e-01, 7.2734505e-01, 8.4983981e-01 
1556, 8.1725904e-01, 7.8621914e-02, 5.8786284e-01 
1557, 7.7102965e-01, 3.6908199e-01, 8.3227532e-01 
1558, 2.1449559e-01, 7.5241563e-01, 3.5810193e-01 
1559, 7.6286685e-01, 7.5498216e-01, 9.8516976e-01 
1560, 7.7708877e-01, 9.9532986e-02, 1.6409829e-01 
1561, 2.8164212e-01, 5.9639716e-01, 4.0490247e-01 
1562, 3.8027632e-01, 9.1746708e-01, 5.3344348e-01 
1563, 4.1322097e-01, 6.1502410e-02, 7.4569617e-01 
1564, 8.7610136e-01, 7.3857630e-01, 1.8263941e-01 
1565, 1.7953676e-01, 1.8124389e-01, 8.2024362e-01 
1566, 5.2187729e-01, 6.6637669e-01, 4.7209395e-01 
1567, 8.9716893e-01, 5.8158094e-01, 2.0228294e-01 
1568, 1.3073754e-01, 4.0593452e-01, 1.6812024e-01 
1569, 9.8980078e-01, 7.5743707e-02, 1.9827886e-02 
1570, 9.2523278e-01, 8.6044452e-01, 8.6738193e-01 
1571, 7.3960591e-01, 7.1860570e-01, 4.0302881e-01 
1572, 5.6671980e-01, 2.1623187e-01, 5.5246093e-01 
1573, 9.2336065e-01, 1.3587394e-01, 2.6045541e-01 
1574, 5.9817882e-01, 5.6140961e-01, 2.9061973e-02 
1575, 9.9232249e-01, 6.5111950e-01, 5.6445799e-01 
1576, 6.3022257e-01, 2.8771722e-01, 7.5209068e-02 
1577, 1.0901972e-01, 5.0615954e-01, 3.4646152e-01 
1578, 6.2198562e-01, 2.8825397e-01, 5.5446401e-01 
1579, 7.4662746e-01, 6.4473953e-01, 2.8375998e-01 
1580, 3.9220343e-01, 9.8263505e-01, 7.2603571e-01 
1581, 4.5048767e-01, 9.7053087e-01, 7.5241236e-01 
1582, 4.9698001e-01, 9.8100383e-02, 5.4113054e-01 
1583, 3.1174910e-01, 1.3706265e-01, 9.4104228e-01 
1584, 5.3157689e-01, 2.5324813e-01, 4.2793989e-01 
1585, 3.9266254e-01, 4.8293420e-01, 6.1076497e-02 
1586, 6.5372443e-01, 6.5268928e-01, 7.6285137e-01 
1587, 8.0174798e-01, 5.3518537e-01, 2.8240705e-01 
1588, 7.2524135e-01, 5.0562056e-01, 6.0771146e-01 
1589, 2.7117376e-01, 3.9549313e-01, 4.5575523e-01 
1590, 8.1265767e-01, 1.0340475e-01, 2.5140941e-01 
1591, 2.1724630e-01, 1.2773750e-01, 4.0949629e-02 
1592, 8.9450209e-01, 9.2053445e-01, 2.4232035e-01 
1593, 6.0581501e-01, 1.3727656e-01, 7.8322507e-01 
1594, 7.0380605e-01, 8.2416426e-01, 6.8279875e-02 
1595, 6.3392642e-01, 9.8170960e-01, 5.5379652e-01 
1596, 7.9018087e-01, 9.3005337e-02, 5.7260886e-01 
1597, 5.9596861e-01, 9.8791791e-01, 4.6591613e-01 
1598, 5.1658705e-01, 8.8079560e-01, 3.9550194e-01 
1599, 1.7837757e-01, 5.9101771e-01, 4.5067615e-01 
1600, 2.6947271e-01, 9.6741553e-02, 7.5412906e-01 
1601, 8.6216964e-01, 7.0205301e-01, 9.1548156e-02 
1602, 6.4051663e-01, 3.3100554e-01, 9.6917651e-01 
1603, 8.8092136e-01, 3.9961753e-01, 1.9945863e-02 
1604, 8.8005441e-02, 2.1151588e-01, 6.4249555e-01 
1605, 4.6772121e-01, 8.8791791e-01, 6.6707273e-01 
1606, 4.7340093e-01, 7.2601475e-01, 1.2126211e-02 
1607, 2.6498640e-01, 4.9880066e-01, 4.9936599e-01 
1608, 4.6647866e-01, 4.5677641e-01, 9.7429157e-01 
1609, 8.2244571e-01, 1.6072155e-01, 2.1465758e-01 
1610, 7.2617440e-01, 5.1015734e-01, 2.1347836e-01 
1611, 9.4734999e-01, 1.4209100e-01, 4.7065071e-01 
1612, 5.6896946e-01, 5.9800155e-01, 2.4963836e-02 
1613, 1.0276732e-02, 3.1312865e-01, 1.6422784e-02 
1614, 5.7333226e-01, 5.7155693e-01, 3.1469402e-01 
1615, 3.4714697e-01, 9.6163582e-01, 1.4047041e-01 
1616, 7.4094960e-01, 1.6929897e-01, 1.9478308e-01 
1617, 8.8822582e-01, 6.3482863e-01, 4.5739989e-01 
1618, 7.8952076e-01, 5.4008573e-01, 3.7235210e-01 
1619, 2.3426109e-01, 5.1092957e-01, 5.9434537e-01 
1620, 2.2241473e-01, 8.1676638e-02, 6.6851531e-01 
1621, 9.3437714e-01, 7.5946552e-01, 9.4933738e-02 
1622, 1.0943336e-01, 2.8311571e-01, 7.0266106e-01 
1623, 3.3307948e-01, 3.4528556e-01, 2.8580784e-01 
1624, 9.1923357e-01, 8.7329184e-01, 7.8578916e-01 
1625, 5.6660533e-01, 3.6519616e-01, 7.8595514e-01 
1626, 9.5888599e-01, 6.7920160e-01, 5.5435666e-01 
1627, 8.5253384e-01, 8.0642084e-01, 1.8561824e-01 
1628, 1.6791417e-01, 5.2735733e-01, 8.7940875e-01 
1629, 7.3963211e-01, 6.0531330e-01, 3.7409977e-01 
1630, 6.9527637e-01, 9.4473802e-02, 9.0552874e-01 
1631, 3.5098594e-01, 5.4326073e-01, 4.9917628e-01 
1632, 5.3269634e-01, 2.6943560e-01, 1.4909884e-01 
1633, 5.9442008e-01, 4.4473874e-01, 5.8887203e-01 
1634, 3.4466379e-01, 2.4982099e-02, 3.5464175e-02 
1635, 8.5036065e-01, 2.1733227e-01, 3.5432061e-02 
1636, 4.9031945e-01, 7.9322147e-01, 5.5546363e-02 
1637, 6.5351242e-01, 2.1101560e-01, 7.9937424e-01 
1638, 4.6902297e-02, 9.4156082e-01, 1.2483976e-01 
1639, 7.6986574e-01, 2.1645208e-01, 4.8437626e-01 
1640, 3.8617393e-02, 9.3478548e-01, 2.8359848e-01 
1641, 2.7447321e-01, 1.5109601e-01, 5.2997928e-02 
1642, 4.9223251e-01, 1.4720063e-01, 7.8114032e-02 
1643, 3.1233632e-01, 9.9901047e-01, 2.2434701e-01 
1644, 5.7069895e-01, 3.4576634e-01, 4.1006855e-01 
1645, 7.9394061e-01, 1.9325460e-01, 8.4067650e-01 
1646, 4.2253183e-01, 2.5711586e-01, 2.6111846e-01 
1647, 6.1918863e-01, 1.5393809e-01, 2.2582401e-01 
1648, 1.7421000e-02, 6.0226299e-01, 7.3771043e-01 
1649, 8.8057125e-01, 2.2500795e-02, 3.5373461e-01 
1650, 1.4513097e-01, 8.1835805e-02, 8.6528127e-02 
1651, 5.3442625e-01, 6.2116224e-01, 3.7132969e-01 
1652, 8.0501412e-01, 5.6602164e-01, 6.0212394e-01 
1653, 8.7589293e-02, 3.5448296e-01, 4.8805610e-01 
1654, 2.8737645e-01, 7.9458027e-01, 4.9614531e-01 
1655, 2.0972922e-01, 4.0155950e-01, 2.9459467e-01 
1656, 2.6168212e-01, 7.9468300e-01, 2.0385144e-01 
1657, 2.8562693e-02, 1.2316213e-01, 8.3726430e-01 
1658, 8.4688282e-01, 2.8719706e-02, 3.5086087e-01 
1659, 4.3936530e-01, 8.0824942e-01, 2.1961918e-01 
1660, 8.0729586e-01, 2.3880081e-01, 5.4560377e-01 
1661, 9.6946970e-01, 7.8196469e-01, 9.6260461e-01 
1662, 8.8706306e-01, 1.4174277e-01, 2.1906471e-01 
1663, 5.4737105e-01, 6.5594049e-01, 2.0529576e-01 
1664, 7.5930950e-01, 3.2867448e-01, 9.4636162e-02 
1665, 8.9783998e-02, 8.9689959e-01, 7.0851366e-01 
1666, 4.5752681e-01, 9.6321185e-01, 1.3004429e-01 
1667, 9.3590068e-01, 3.2481431e-01, 8.1226951e-01 
1668, 1.0197888e-01, 7.7260714e-01, 1.1137569e-01 
1669, 2.9562315e-01, 1.4119423e-01, 6.5091131e-01 
1670, 8.1892230e-01, 4.3120634e-01, 6.1422037e-01 
1671, 1.7721427e-01, 6.5606666e-01, 4.7156483e-01 
1672, 7.9451940e-01, 7.2542234e-01, 4.2281465e-01 
1673, 8.3130996e-01, 5.0442621e-02, 5.9516162e-01 
1674, 7.4999266e-01, 1.3818570e-01, 9.8687392e-01 
1675, 3.0297837e-02, 2.0545969e-01, 2.6461458e-01 
1676, 1.3822197e-01, 5.2826020e-01, 5.5444203e-01 
1677, 7.8736786e-01, 3.4385286e-01, 6.7073495e-01 
1678, 3.5427681e-01, 2.4956195e-01, 2.5064184e-01 
1679, 1.3072899e-01, 9.9340098e-01, 6.3023534e-01 
1680, 1.6219942e-01, 2.0529826e-02, 9.9447637e-01 
1681, 6.1345065e-01, 9.3088558e-01, 5.7244070e-01 
1682, 7.3288883e-01, 7.6927075e-01, 6.0568155e-01 
1683, 7.5153934e-01, 2.6906671e-01, 3.6425335e-01 
1684, 1.3814538e-02, 7.1816087e-01, 4.9346009e-01 
1685, 4.0584319e-01, 1.1219631e-02, 8.7483036e-01 
1686, 1.2834466e-01, 5.7267739e-02, 9.2645275e-01 
1687, 9.8684831e-01, 7.3238149e-02, 3.8319439e-01 
1688, 3.8985972e-01, 5.5885417e-02, 6.7745580e-01 
1689, 4.3402572e-01, 9.8703799e-01, 4.2220681e-01 
1690, 2.0431579e-01, 5.6238920e-01, 1.3922010e-01 
1691, 6.9577770e-01, 2.5477536e-01, 4.9921832e-01 
1692, 1.5901180e-01, 8.4959870e-01, 8.8682638e-01 
1693, 7.5991630e-01, 4.0284960e-01, 3.6673004e-01 
1694, 1.6727110e-01, 5.0748886e-01, 8.6402357e-02 
1695, 3.8155806e-01, 5.2490608e-01, 8.9584958e-01 
1696, 2.8552391e-01, 3.7882504e-01, 7.2331381e-02 
1697, 6.8497065e-01, 1.7184880e-01, 2.7922098e-01 
1698, 4.7959558e-01, 5.5124092e-01, 8.2878793e-01 
1699, 3.0913544e-01, 7.1616782e-01, 7.7638143e-01 
1700, 7.6360317e-01, 8.0609645e-01, 9.4346115e-01 
1701, 3.1737841e-02, 9.7463691e-01, 7.8647075e-01 
1702, 2.6652689e-01, 4.8973181e-01, 5.3364121e-01 
1703, 6.1723720e-01, 7.2323748e-01, 3.6955658e-01 
1704, 3.2605583e-01, 7.6527280e-01, 9.4561167e-01 
1705, 2.5624300e-01, 4.0302407e-01, 8.8199154e-01 
1706, 3.1175822e-01, 4.6544446e-02, 1.7792400e-01 
1707, 1.4403395e-01, 1.4859465e-01, 1.2425432e-01 
1708, 9.2246706e-02, 5.1268759e-01, 8.0513981e-01 
1709, 7.9441998e-01, 7.5247935e-01, 8.0240407e-01 
1710, 9.2067905e-01, 9.5806532e-01, 6.7178648e-01 
1711, 3.3235440e-01, 2.3218043e-01, 8.8075378e-02 
1712, 7.9083564e-01, 1.4177554e-01, 8.2822262e-01 
1713, 2.1797692e-01, 4.2986367e-01, 4.4414954e-02 
1714, 5.3031968e-02, 8.7359136e-01, 9.2169996e-01 
1715, 9.4365932e-01, 1.4908433e-01, 5.4917333e-01 
1716, 3.6017410e-01, 2.4546683e-01, 7.3105779e-01 
1717, 4.1845551e-01, 5.7643411e-01, 3.0959186e-01 
1718, 7.8147501e-01, 6.1477582e-01, 5.2116894e-01 
1719, 4.8133774e-01, 5.7559555e-01, 3.6988440e-01 
1720, 9.5691335e-01, 1.7009818e-01, 3.0294648e-01 
1721, 4.7450434e-01, 4.3385799e-01, 1.6903959e-02 
1722, 1.8176592e-02, 2.9785890e-01, 1.7899139e-01 
1723, 5.3267324e-01, 1.4842444e-01, 4.1172916e-01 
1724, 3.8972719e-01, 5.8941502e-01, 2.2514935e-01 
1725, 8.6349179e-01, 7.1772562e-01, 4.5489576e-01 
1726, 2.6974207e-01, 4.6457496e-01, 9.7793419e-01 
1727, 7.5877120e-01, 5.1640828e-01, 7.8355879e-01 
1728, 9.9910961e-01, 4.3916406e-01, 7.1566950e-01 
1729, 9.4841227e-01, 9.3667242e-01, 8.2576255e-01 
1730, 7.2810391e-01, 1.6489222e-01, 7.9293986e-01 
1731, 9.8051611e-01, 3.9796409e-01, 1.4019049e-01 
1732, 4.9371792e-01, 5.8618832e-01, 7.2076854e-01 
1733, 2.8897162e-01, 3.6076098e-01, 3.3478896e-01 
1734, 7.8140719e-01, 9.0405165e-01, 3.1504852e-01 
1735, 1.0259418e-01, 9.2176185e-01, 2.7219395e-01 
1736, 3.3379087e-01, 1.6440725e-01, 8.3070175e-01 
1737, 2.2414234e-01, 3.0705732e-01, 2.7717615e-02 
1738, 7.7089888e-01, 1.8203300e-02, 9.4505385e-01 
1739, 4.8220827e-01, 3.1695056e-01, 3.9814713e-02 
1740, 8.2770291e-01, 6.6964230e-01, 5.3339897e-01 
1741, 4.7312287e-01, 9.9705553e-01, 1.7019284e-01 
1742, 2.2890569e-01, 6.5381662e-01, 9.1364527e-01 
1743, 2.9105331e-01, 7.4742223e-01, 2.9909429e-01 
1744, 4.3086517e-01, 2.3405753e-01, 7.6186348e-01 
1745, 4.2068881e-01, 8.7073905e-01, 7.5103668e-01 
1746, 9.5257252e-01, 7.4768744e-01, 8.1168010e-01 
1747, 5.0119040e-01, 4.9445983e-01, 5.6297919e-01 
1748, 4.1530805e-01, 1.5084127e-02, 7.9016843e-01 
1749, 1.4134701e-01, 9.3303121e-01, 7.9313410e-01 
1750, 5.0916390e-01, 1.3244998e-01, 8.5198643e-01 
1751, 9.1050863e-01, 3.0858032e-01, 7.1455722e-01 
1752, 3.0105949e-01, 4.7035428e-01, 5.0871178e-02 
1753, 5.4379171e-01, 7.9497438e-01, 9.2473039e-01 
1754, 5.5091340e-01, 8.3219408e-01, 4.5004022e-01 
1755, 6.5590050e-01, 6.9063845e-01, 5.0320548e-01 
1756, 4.3707108e-01, 3.9147208e-01, 4.0925950e-01 
1757, 9.5540972e-01, 9.7776436e-01, 7.7346870e-01 
1758, 1.9754226e-01, 4.1172213e-01, 8.5974180e-01 
1759, 2.1592006e-02, 6.9887713e-01, 7.9410495e-01 
1760, 9.8444002e-01, 3.6548800e-01, 3.6388272e-01 
1761, 6.4228845e-01, 2.5255373e-01, 1.6681523e-01 
1762, 3.6625898e-01, 8.6801591e-01, 7.4320558e-01 
1763, 6.9847792e-01, 9.9761473e-01, 6.6041486e-01 
1764, 9.9266328e-01, 5.4531681e-01, 8.3963163e-01 
1765, 7.6935774e-01, 8.2932790e-01, 2.4563172e-01 
1766, 1.6560119e-01, 8.2518389e-01, 5.6956630e-01 
1767, 5.6935632e-01, 8.3971025e-01, 5.2145584e-01 
1768, 8.4084481e-01, 7.7623425e-01, 5.0402701e-01 
1769, 5.8470890e-01, 9.8273693e-01, 2.9617120e-01 
1770, 7.4819374e-01, 4.9469592e-01, 9.4594574e-01 
1771, 4.5013797e-01, 1.8287011e-02, 2.2241909e-01 
1772, 7.2312771e-01, 9.7739530e-01, 9.4016710e-02 
1773, 3.0476825e-01, 1.7904378e-01, 7.2827412e-02 
1774, 1.1623376e-01, 3.7322634e-01, 5.3310188e-01 
1775, 4.5716146e-01, 5.7824374e-01, 8.4672275e-01 
1776, 3.0977941e-02, 4.0505335e-01, 1.9772761e-01 
1777, 9.3442045e-01, 6.5573620e-01, 8.8500117e-01 
1778, 9.6497718e-01, 1.4292614e-01, 3.7236839e-01 
1779, 6.0895093e-01, 6.4435146e-01, 9.4318054e-01 
1780, 2.5049974e-02, 6.7470584e-01, 8.4214266e-01 
1781, 2.7197672e-01, 6.7516874e-01, 3.6595623e-01 
1782, 1.9047782e-01, 4.9706364e-01, 2.6653240e-02 
1783, 5.7745466e-01, 6.5283079e-01, 9.2456164e-01 
1784, 1.8141805e-01, 5.8837985e-02, 3.5864228e-01 
1785, 5.2559021e-01, 3.2454302e-01, 3.2965194e-01 
1786, 6.6498107e-01, 9.9580203e-02, 5.2716856e-01 
1787, 4.1765931e-01, 5.9401440e-01, 2.7693012e-01 
1788, 8.2730050e-01, 7.5174576e-01, 8.2791151e-01 
1789, 1.0474342e-01, 5.6388608e-01, 3.5035478e-01 
1790, 2.8110944e-01, 7.3869867e-01, 6.8176776e-01 
1791, 5.5027693e-01, 4.9328762e-01, 9.0953868e-01 
1792, 3.3838483e-01, 7.0954984e-01, 5.7564935e-01 
1793, 4.4326290e-02, 5.8256757e-01, 3.6723732e-01 
1794, 5.5218642e-01, 9.5344383e-01, 9.0959072e-01 
1795, 1.8474618e-01, 5.9255824e-01, 2.3784124e-01 
1796, 8.0162067e-01, 9.7934649e-01, 7.0562817e-01 
1797, 8.0519590e-02, 3.8579335e-01, 6.3978864e-01 
1798, 1.4035977e-01, 1.0315444e-01, 4.6307459e-01 
1799, 9.8606598e-01, 3.0398320e-02, 2.2959020e-01 
1800, 3.8340090e-01, 3.9200809e-01, 4.0167681e-01 
1801, 7.9602944e-02, 2.7857275e-01, 9.9437192e-01 
1802, 9.7934703e-01, 7.1341243e-01, 7.5716840e-01 
1803, 4.1111467e-01, 7.2445901e-01, 2.2298248e-01 
1804, 3.3501959e-01, 2.4265277e-01, 1.7888564e-02 
1805, 1.1295856e-02, 4.2944390e-01, 6.8190151e-02 
1806, 2.3914801e-03, 6.5093215e-01, 7.5226525e-02 
1807, 3.8987069e-01, 5.8514763e-01, 5.9487860e-01 
1808, 4.4684719e-01, 1.8898660e-01, 1.9263254e-01 
1809, 9.0305235e-01, 1.9784697e-01, 6.8966785e-01 
1810, 9.5253935e-01, 2.1559688e-02, 5.7602859e-01 
1811, 1.5512602e-01, 3.1391567e-01, 4.3260076e-01 
1812, 5.5459134e-01, 1.4016004e-01, 9.2415172e-01 
1813, 6.9952239e-02, 1.9437061e-01, 9.0747382e-01 
1814, 2.3581593e-01, 2.7050656e-01, 4.3425642e-01 
1815, 4.1225820e-01, 2.9852137e-01, 2.6470831e-02 
1816, 7.7491463e-01, 6.9688139e-01, 9.6823198e-01 
1817, 9.6584302e-01, 1.0986968e-01, 1.6277262e-01 
1818, 2.5262988e-01, 1.4395846e-01, 6.4028866e-01 
1819, 7.3474606e-01, 8.1827468e-01, 3.2035899e-01 
1820, 7.3083138e-01, 1.8025720e-01, 9.6566198e-01 
1821, 4.9033320e-01, 6.4207813e-01, 6.4710934e-01 
1822, 7.0220290e-01, 3.4744257e-01, 3.1931329e-01 
1823, 2.8751340e-01, 2.4800352e-01, 3.3220090e-01 
1824, 3.4533495e-01, 2.6803495e-01, 6.2292531e-01 
1825, 6.6672590e-01, 5.2777010e-01, 3.8362154e-02 
1826, 7.6547594e-01, 9.7412726e-01, 1.7963448e-01 
1827, 6.2306683e-02, 6.3838914e-01, 4.8835954e-01 
1828, 8.1971084e-01, 5.8945390e-01, 7.0809507e-01 
1829, 7.8668053e-01, 8.0374561e-01, 3.4569099e-01 
1830, 8.2392699e-01, 4.5055318e-01, 9.3170754e-01 
1831, 1.8343454e-01, 5.2083006e-01, 2.2770380e-01 
1832, 4.5359124e-02, 1.5719219e-01, 6.8346460e-01 
1833, 4.7223148e-01, 6.7367751e-01, 5.0895268e-01 
1834, 4.9171056e-01, 9.8382671e-01, 1.1630151e-01 
1835, 8.0511946e-01, 6.3346072e-01, 6.4957076e-01 
1836, 7.7804149e-01, 1.4437706e-02, 7.7265983e-01 
1837, 6.6089279e-01, 7.0246312e-02, 6.8074034e-01 
1838, 7.6160203e-01, 1.9542080e-02, 5.2604827e-01 
1839, 6.4319941e-01, 1.6073074e-01, 1.8454731e-01 
1840, 6.7718000e-01, 9.4668018e-01, 8.5717678e-01 
1841, 6.3908299e-01, 4.2275724e-01, 7.3986716e-01 
1842, 1.6133693e-01, 5.2731940e-01, 9.3531661e-01 
1843, 5.7136890e-02, 7.9239441e-01, 7.6472264e-01 
1844, 8.7425632e-01, 6.9785864e-02, 1.6206333e-01 
1845, 4.7170865e-01, 2.1375605e-01, 6.5036049e-01 
1846, 5.8566623e-01, 8.2405833e-01, 5.6524813e-01 
1847, 8.7240117e-02, 4.6408691e-01, 5.6075608e-01 
1848, 1.3394029e-01, 9.0087477e-01, 5.7729075e-01 
1849, 7.5713039e-01, 3.9925402e-01, 4.7527138e-01 
1850, 8.4569567e-01, 1.9784460e-01, 4.0039484e-01 
1851, 3.8336317e-01, 1.6817358e-01, 2.7111695e-02 
1852, 8.7623537e-01, 5.7825939e-01, 9.1993644e-01 
1853, 5.6193542e-01, 9.9894291e-01, 1.1568744e-01 
1854, 8.2149163e-01, 9.8223533e-01, 6.3578124e-01 
1855, 3.2511375e-01, 2.5496161e-01, 6.8879461e-01 
1856, 6.6264741e-01, 4.1147481e-01, 4.1326382e-01 
1857, 5.4794375e-01, 7.2837188e-01, 8.4522358e-01 
1858, 8.7966603e-01, 1.0010630e-01, 7.1617702e-01 
1859, 7.5679076e-01, 9.9743589e-01, 8.2166347e-01 
1860, 8.2910154e-01, 6.0638522e-01, 9.1973576e-01 
1861, 1.9690596e-01, 5.9402659e-01, 7.4380574e-01 
1862, 9.2505979e-01, 9.5828361e-01, 3.4609730e-01 
1863, 4.1300608e-01, 4.9429575e-03, 2.1566647e-01 
1864, 6.2895521e-01, 3.6594380e-01, 5.5349020e-01 
1865, 4.9169943e-01, 6.5335767e-01, 3.8448798e-01 
1866, 9.7174910e-01, 3.7496817e-01, 3.4743297e-02 
1867, 2.6726163e-01, 5.3335843e-01, 8.6151368e-01 
1868, 9.4700654e-01, 1.2190035e-03, 1.4994462e-01 
1869, 4.8469630e-01, 7.4036200e-01, 6.9038046e-01 
1870, 5.5503916e-01, 8.6891248e-01, 6.0500278e-01 
1871, 1.6369572e-01, 6.7365027e-01, 1.1412904e-02 
1872, 6.6657624e-01, 8.1528938e-01, 8.4541519e-01 
1873, 9.1353157e-02, 1.5853141e-01, 5.5617616e-01 
1874, 9.8718566e-01, 3.7231823e-01, 4.7834849e-01 
1875, 6.9824945e-01, 5.6401528e-01, 5.7391846e-01 
1876, 4.9206209e-01, 5.7294110e-02, 2.1130940e-01 
1877, 3.1372822e-01, 2.1741125e-01, 9.6986887e-01 
1878, 3.7276401e-01, 1.7833288e-01, 8.6208913e-01 
1879, 1.3149547e-01, 9.6990708e-01, 8.9452435e-02 
1880, 3.5752982e-01, 3.1876261e-01, 5.0305069e-01 
1881, 1.3637876e-02, 7.5612890e-01, 5.6253484e-02 
1882, 4.0140366e-01, 7.5776088e-01, 8.0549024e-01 
1883, 3.5601285e-01, 2.1193126e-03, 4.7459157e-01 
1884, 8.5406513e-01, 7.7476610e-01, 7.5859940e-01 
1885, 8.5421133e-01, 3.5339609e-01, 6.4560839e-01 
1886, 9.9064769e-01, 6.7930421e-01, 3.6374356e-01 
1887, 3.1586601e-01, 6.2339228e-01, 8.6469482e-01 
1888, 1.2712191e-01, 6.4074753e-01, 9.4618659e-01 
1889, 3.4174114e-01, 5.9438360e-01, 7.7711593e-01 
1890, 4.1920615e-01, 4.4144974e-01, 3.0422936e-01 
1891, 8.5422918e-01, 4.6827265e-02, 2.7048725e-01 
1892, 3.9874510e-01, 7.2818461e-01, 1.2431392e-01 
1893, 5.8859858e-01, 1.6475021e-01, 1.0814959e-02 
1894, 4.9839070e-01, 4.8595334e-01, 7.0258305e-01 
1895, 6.5514679e-01, 6.0829973e-02, 5.5034092e-01 
1896, 5.6847145e-01, 8.9337596e-01, 5.8211060e-01 
1897, 9.1642535e-01, 2.2969450e-01, 9.5556854e-01 
1898, 2.8712842e-01, 1.4007938e-01, 8.4238552e-01 
1899, 9.3915344e-01, 2.0059053e-01, 4.3474202e-01 
1900, 8.4509660e-01, 2.3312499e-01, 4.6923285e-01 
1901, 9.8148866e-01, 4.6039471e-01, 6.1769522e-01 
1902, 8.0366807e-01, 6.3789647e-01, 8.9699536e-01 
1903, 1.1080755e-01, 1.7262460e-01, 3.4595236e-01 
1904, 5.0508864e-02, 4.6993494e-01, 3.4537953e-01 
1905, 6.9966294e-02, 5.6844673e-01, 5.1781492e-01 
1906, 9.0822424e-01, 7.4910193e-01, 2.1606942e-02 
1907, 2.3675679e-01, 2.2154344e-01, 8.6383383e-01 
1908, 2.7617230e-01, 2.3343771e-01, 1.4124046e-01 
1909, 2.0467250e-01, 6.2125447e-01, 8.5266801e-01 
1910, 4.8301195e-01, 6.6092360e-01, 4.1882017e-01 
1911, 7.3141175e-01, 4.5127558e-02, 4.4350130e-01 
1912, 7.6122429e-02, 5.8406936e-01, 1.4841736e-01 
1913, 6.5868881e-02, 8.3581540e-01, 1.3577550e-01 
1914, 6.8079143e-02, 7.7363340e-01, 7.3578617e-01 
1915, 5.4458837e-01, 3.6973165e-01, 4.7912382e-01 
1916, 2.3144150e-01, 7.4102513e-01, 6.8884531e-02 
1917, 4.3241491e-01, 8.4930170e-02, 9.2989155e-01 
1918, 1.9544510e-01, 4.9713884e-01, 6.8337382e-01 
1919, 9.8676560e-01, 9.9657073e-01, 8.3498402e-01 
1920, 4.4209256e-01, 1.7647592e-01, 9.3690250e-01 
1921, 3.9976758e-01, 8.1727624e-01, 1.3375448e-01 
1922, 2.5139871e-01, 3.7713178e-01, 7.0104175e-01 
1923, 6.0568906e-01, 1.9043423e-01, 8.6412150e-01 
1924, 8.2283159e-02, 2.3572604e-01, 8.9124130e-01 
1925, 6.8294334e-01, 9.8802496e-01, 1.9167632e-01 
1926, 2.1533904e-02, 8.4184953e-01, 9.5590104e-01 
1927, 6.4999160e-01, 6.7358468e-01, 8.3872487e-02 
1928, 2.1411329e-01, 2.5381664e-01, 9.6798590e-01 
1929, 1.2572598e-01, 4.9037093e-01, 3.9649664e-01 
1930, 3.3797724e-01, 6.9450687e-01, 9.1994498e-01 
1931, 8.7962990e-01, 3.0731662e-01, 1.5931301e-01 
1932, 5.6294372e-02, 9.7651825e-01, 6.0587455e-01 
1933, 2.8719655e-01, 7.8514767e-01, 5.7784244e-01 
1934, 2.1541467e-02, 5.7070909e-01, 1.9373037e-01 
1935, 9.2495696e-01, 5.8503913e-01, 5.0320273e-01 
1936, 3.8375166e-02, 1.1390987e-01, 9.1621673e-02 
1937, 9.6607595e-01, 4.0958015e-01, 6.9873120e-01 
1938, 7.6084119e-01, 4.1099123e-01, 1.4480583e-02 
1939, 1.2671730e-02, 7.7176575e-01, 8.0275670e-01 
1940, 3.8066022e-01, 6.2193540e-01, 8.0126631e-01 
1941, 7.5313637e-01, 1.3044073e-01, 3.0055289e-01 
1942, 4.5976733e-01, 5.2623129e-01, 8.0130751e-01 
1943, 7.7773634e-01, 5.9671348e-01, 3.0643921e-01 
1944, 9.3479375e-01, 4.1107213e-01, 9.9051235e-01 
1945, 9.3773129e-01, 2.7634908e-01, 8.7643160e-02 
1946, 1.1412185e-01, 3.4298048e-01, 8.5011294e-01 
1947, 7.8648432e-01, 3.7326557e-01, 4.5380935e-01 
1948, 2.1536159e-02, 2.5716505e-01, 9.7483604e-02 
1949, 3.0301342e-01, 1.7767619e-01, 3.0901424e-01 
1950, 3.9610205e-01, 9.8794089e-01, 4.2895880e-01 
1951, 2.0450606e-01, 5.2729819e-01, 3.1984514e-01 
1952, 9.5068752e-01, 6.5599081e-01, 9.9513359e-01 
1953, 2.9903008e-01, 8.2881084e-01, 6.2077925e-01 
1954, 8.8223185e-01, 5.4093024e-01, 6.0927810e-01 
1955, 4.9128466e-01, 6.9613117e-01, 4.1992683e-01 
1956, 9.9594070e-01, 8.7092199e-01, 5.7411145e-01 
1957, 6.3883562e-01, 7.8169946e-01, 2.2045829e-01 
1958, 1.2265876e-01, 3.1645374e-02, 4.0817520e-02 
1959, 3.0082917e-01, 4.1059013e-01, 9.8138352e-01 
1960, 6.0042966e-02, 6.0547495e-01, 9.7987860e-01 
1961, 9.9165321e-01, 8.8049207e-01, 8.5465704e-01 
1962, 8.9776480e-01, 5.9346058e-01, 7.7732241e-01 
1963, 4.6669807e-01, 7.6823233e-01, 7.3901071e-04 
1964, 7.0231747e-01, 4.9873240e-01, 6.4554706e-01 
1965, 6.1484416e-02, 4.1813535e-01, 9.1289131e-01 
1966, 3.3865094e-01, 8.8162729e-02, 7.1315083e-01 
1967, 5.5725005e-01, 1.5999594e-01, 3.6859170e-01 
1968, 4.6581416e-01, 2.6256097e-01, 3.7478776e-01 
1969, 7.8532089e-01, 2.9851752e-02, 1.2343597e-02 
1970, 8.2520004e-01, 3.0526064e-01, 6.4637043e-01 
1971, 9.9791543e-01, 2.5091227e-01, 8.2184015e-02 
1972, 5.5974808e-01, 8.1616131e-02, 4.5731273e-02 
1973, 8.9877733e-01, 1.3548973e-01, 8.0498067e-01 
1974, 7.5518824e-01, 3.1829963e-01, 7.3518236e-01 
1975, 3.1420908e-01, 9.1368916e-01, 8.1105771e-01 
1976, 4.4142113e-02, 4.3862847e-01, 5.7741530e-01 
1977, 6.1654623e-01, 1.6972586e-01, 3.8055527e-01 
1978, 3.7112129e-01, 7.1835898e-01, 8.2830528e-01 
1979, 7.3860898e-01, 7.6137294e-01, 3.2815885e-01 
1980, 8.1088431e-02, 3.6745561e-01, 3.9222658e-01 
1981, 6.6153351e-01, 9.2305856e-01, 1.6939832e-01 
1982, 6.3489397e-01, 5.4639152e-01, 7.5436962e-01 
1983, 2.6508314e-01, 8.4423025e-01, 8.2839350e-01 
1984, 9.8747896e-01, 1.4722399e-01, 1.7097721e-01 
1985, 2.5642760e-01, 3.0108931e-02, 1.9333892e-01 
1986, 4.7299764e-01, 9.6110503e-01, 4.4134743e-01 
1987, 2.6143584e-02, 3.1530909e-01, 7.9404566e-01 
1988, 2.0733632e-01, 7.5096026e-01, 8.6475634e-01 
1989, 8.0555090e-01, 3.3540570e-01, 3.9995131e-01 
1990, 3.4861725e-02, 2.2496539e-02, 8.3501160e-01 
1991, 5.3742646e-01, 3.5183436e-01, 5.5835035e-01 
1992, 5.3021681e-01, 1.3411892e-01, 5.0057961e-01 
1993, 5.1591616e-01, 6.0593092e-01, 7.8282733e-01 
1994, 5.1332181e-01, 9.3117070e-01, 4.2015240e-01 
1995, 1.5898070e-02, 1.5813188e-01, 2.4671027e-03 
1996, 8.9248212e-01, 2.5416227e-01, 2.3715390e-01 
1997, 7.3068486e-01, 7.1099961e-01, 1.6502424e-01 
1998, 6.9143078e-01, 1.9850024e-01, 5.5032498e-02 
1999, 2.1824918e-01, 1.3383125e-01, 7.9151177e-01 
2000, 1.3807221e-02, 8.7009979e-01, 8.4183020e-01 
2001, 9.1622990e-01, 6.9096109e-01, 9.7292372e-01 
2002, 2.4626256e-01, 1.9999037e-01, 3.9959213e-02 
2003, 1.0390120e-01, 5.3177815e-01, 1.1554383e-01 
2004, 5.5815050e-01, 3.5155937e-01, 8.5807460e-01 
2005, 2.9283728e-01, 2.6729497e-01, 1.6632831e-01 
2006, 2.2824551e-02, 9.2745015e-01, 5.9448278e-01 
2007, 5.6778533e-01, 7.7470031e-04, 5.1684404e-01 
2008, 5.5415136e-01, 7.7693350e-01, 5.5133793e-01 
2009, 9.6868664e-01, 1.2676720e-01, 4.0047704e-01 
2010, 7.4424364e-01, 9.4787010e-01, 4.8927581e-01 
2011, 6.2892071e-01, 5.3536715e-02, 8.4501477e-01 
2012, 3.9256229e-01, 3.2756670e-01, 4.5051807e-01 
2013, 5.5718855e-01, 7.2817417e-01, 7.8088078e-02 
2014, 6.3579742e-02, 9.8675250e-01, 4.5760730e-01 
2015, 9.3806834e-01, 5.4267070e-01, 3.0305295e-01 
2016, 9.3733684e-01, 2.8797704e-01, 6.4893816e-01 
2017, 8.8272858e-01, 3.2410241e-01, 7.8510561e-01 
2018, 9.8554672e-01, 4.4179711e-02, 2.9475534e-01 
2019, 9.3049951e-01, 3.3517637e-01, 8.9473440e-01 
2020, 3.4863383e-01, 4.5292011e-01, 3.5476363e-01 
2021, 3.1420166e-01, 9.7550219e-01, 3.3364692e-01 
2022, 8.7279688e-01, 5.9557609e-02, 6.6674084e-01 
2023, 4.6983803e-01, 5.3470054e-01, 3.4962009e-01 
2024, 1.9788667e-03, 7.5827591e-01, 6.7247019e-01 
2025, 7.0749668e-01, 7.9882418e-02, 5.0200199e-01 
2026, 1.4435635e-01, 7.1149594e-01, 5.1027079e-01 
2027, 6.8650818e-03, 3.2595805e-01, 8.2266158e-01 
2028, 2.1792545e-01, 4.7641645e-01, 3.0441239e-01 
2029, 4.5213467e-02, 5.0754709e-01, 1.5350098e-01 
2030, 9.3099628e-01, 9.4686084e-01, 7.2677965e-01 
2031, 8.2890680e-01, 7.5224011e-01, 1.4063717e-01 
2032, 6.5538377e-02, 8.2106363e-01, 5.2877851e-01 
2033, 8.0729385e-01, 5.9783417e-01, 6.0597762e-01 
2034, 8.0674154e-01, 2.0147374e-01, 9.5012915e-01 
2035, 8.7320904e-01, 9.4095768e-01, 5.2476619e-01 
2036, 3.1497402e-01, 8.4783428e-01, 2.4159552e-01 
2037, 7.7039499e-01, 5.6189822e-01, 8.1148300e-01 
2038, 8.7268248e-02, 5.5134103e-01, 5.5767012e-01 
2039, 8.5320380e-01, 5.8127298e-01, 7.8744674e-01 
2040, 2.7235923e-02, 9.0863038e-01, 3.4104911e-01 
2041, 1.1532979e-01, 7.1420163e-01, 9.0289358e-01 
2042, 5.3698305e-01, 8.8855970e-01, 8.4144172e-01 
2043, 3.2459048e-01, 7.5974101e-01, 4.9433025e-01 
2044, 7.0461807e-01, 8.7799222e-01, 2.0740644e-01 
2045, 5.0479804e-01, 5.8748233e-01, 8.5174973e-01 
2046, 3.3516045e-01, 4.5664149e-01, 2.0628463e-01 
2047, 9.1201518e-01, 9.8407134e-01, 7.7530624e-02 
2048, 8.1543534e-01, 6.3545812e-01, 4.5944080e-01 
2049, 4.7363032e-01, 5.7496999e-01, 9.5569467e-01 
2050, 8.1068374e-01, 1.0400522e-01, 7.2733006e-01 
2051, 4.8391392e-01, 9.4821609e-01, 5.7480071e-01 
2052, 1.7396052e-01, 5.2914684e-01, 1.5739784e-01 
2053, 7.7340576e-02, 8.1249282e-01, 2.1176573e-01 
2054, 1.2268870e-01, 3.3861386e-01, 6.8472907e-01 
2055, 8.0234031e-01, 4.3863693e-01, 8.6621515e-01 
2056, 1.3301126e-01, 6.6814331e-01, 2.8118834e-01 
2057, 2.4460568e-01, 6.2682424e-01, 3.2501929e-01 
2058, 6.9825607e-01, 1.6869943e-02, 3.8801052e-01 
2059, 7.7534322e-01, 9.0467353e-01, 5.3835902e-01 
2060, 3.7687718e-01, 7.4696171e-01, 2.1065927e-01 
2061, 6.9259515e-01, 8.5102041e-01, 3.1744335e-01 
2062, 2.2589183e-01, 8.5389186e-01, 8.9751781e-01 
2063, 2.7837708e-01, 8.1599086e-01, 9.2179214e-01 
2064, 1.8807266e-02, 2.4756735e-01, 9.7558893e-01 
2065, 5.5269092e-01, 1.3289353e-01, 3.4193842e-01 
2066, 4.0940783e-01, 5.0113395e-01, 2.5701735e-01 
2067, 9.2035530e-01, 2.1821366e-02, 5.7961333e-01 
2068, 6.9858065e-01, 7.7183433e-01, 9.7218334e-01 
2069, 2.2289521e-01, 7.9414269e-01, 7.3262962e-01 
2070, 8.3533760e-01, 9.1003846e-01, 5.0246926e-01 
2071, 6.6314745e-01, 6.3911593e-01, 9.3080487e-01 
2072, 4.5044397e-01, 1.2232675e-03, 9.4952004e-01 
2073, 1.1076870e-01, 2.2660133e-01, 7.6231880e-01 
2074, 3.4121257e-01, 1.4107753e-01, 8.5447417e-01 
2075, 9.9045081e-01, 3.3181011e-01, 2.1689662e-01 
2076, 6.9062188e-01, 9.1581405e-01, 2.0515134e-01 
2077, 7.9768998e-01, 9.0344480e-01, 3.6676793e-01 
2078, 5.0929583e-01, 8.9657456e-01, 8.0250729e-02 
2079, 2.7768421e-01, 1.5673604e-01, 3.2669241e-01 
2080, 7.8861240e-03, 9.2461281e-01, 2.6350144e-01 
2081, 6.3497444e-01, 1.6491506e-01, 9.8008234e-01 
2082, 8.2323636e-01, 7.5340962e-01, 7.3459391e-01 
2083, 3.2343063e-01, 5.5091204e-01, 6.0804005e-01 
2084, 2.9692312e-01, 5.0772464e-01, 7.3129019e-01 
2085, 1.8747701e-01, 7.2335598e-02, 7.3096689e-01 
2086, 6.0966402e-01, 1.1570069e-01, 6.0922481e-01 
2087, 3.4222109e-01, 8.3822576e-01, 4.3816177e-01 
2088, 3.1728706e-01, 6.7335386e-01, 1.8898130e-01 
2089, 4.6910699e-02, 7.2547860e-01, 8.0664656e-01 
2090, 4.6345798e-01, 1.3821306e-01, 4.9026399e-01 
2091, 8.3972841e-02, 1.9166431e-01, 4.2979226e-01 
2092, 3.0111068e-01, 5.5703452e-01, 1.8203005e-01 
2093, 6.1292498e-01, 2.7565793e-01, 2.6089187e-01 
2094, 3.6344469e-01, 5.7881404e-01, 3.8528116e-01 
2095, 5.5613663e-01, 2.7669369e-01, 5.5453480e-01 
2096, 1.8297398e-02, 2.3407427e-01, 4.3830898e-01 
2097, 1.9125994e-01, 6.5302008e-01, 9.7161786e-01 
2098, 2.3448680e-01, 9.2791876e-01, 8.3863829e-01 
2099, 9.2010787e-01, 4.9503818e-01, 3.5280459e-01 
2100, 5.8411732e-01, 4.8576819e-01, 9.9145445e-01 
2101, 7.1696837e-01, 8.8598433e-01, 8.7956768e-01 
2102, 2.2847796e-01, 3.2271108e-01, 7.9592323e-01 
2103, 3.3656540e-01, 4.4736347e-01, 9.7440911e-02 
2104, 6.7318575e-01, 6.9282162e-01, 1.1315643e-01 
2105, 5.1036299e-01, 3.9575963e-01, 6.5861209e-01 
2106, 2.2588005e-01, 7.3192954e-01, 8.9344093e-01 
2107, 7.0440739e-01, 5.7679472e-01, 2.8489783e-01 
2108, 7.8465923e-01, 7.6495383e-01, 7.1432401e-01 
2109, 7.2791348e-01, 2.4273654e-01, 2.6210408e-01 
2110, 8.9666659e-02, 9.3468383e-01, 6.0414937e-01 
2111, 9.2760557e-01, 9.4455276e-01, 1.2640500e-01 
2112, 7.6030896e-02, 8.7152645e-01, 5.8877460e-01 
2113, 5.4289358e-01, 8.5468470e-01, 8.6171581e-01 
2114, 2.0871823e-01, 2.4577063e-01, 7.7577911e-01 
2115, 8.6304765e-01, 5.4187224e-01, 9.9853692e-01 
2116, 9.9589467e-01, 7.5341146e-01, 7.1327125e-01 
2117, 8.2511802e-01, 3.5469224e-01, 9.4757974e-01 
2118, 4.2039388e-01, 5.8338487e-01, 4.0689692e-01 
2119, 7.8839509e-01, 5.4264273e-01, 5.3329451e-01 
2120, 2.6260709e-01, 4.1794101e-01, 9.5975718e-01 
2121, 5.3859815e-02, 7.9124063e-01, 8.8937604e-02 
2122, 4.0584752e-01, 5.0137165e-02, 5.5917474e-01 
2123, 9.3891364e-01, 7.5180754e-02, 6.0918410e-01 
2124, 4.0734882e-01, 8.6639584e-03, 4.6987710e-01 
2125, 1.5476405e-01, 1.0180193e-01, 1.4666304e-01 
2126, 6.8210479e-01, 8.3423463e-01, 8.0617347e-01 
2127, 9.4992339e-01, 9.5878597e-01, 3.2575751e-02 
2128, 9.7859403e-01, 5.0034685e-01, 8.2411654e-01 
2129, 7.2108913e-01, 3.3781497e-01, 4.4813597e-01 
2130, 8.2019881e-01, 9.2877951e-01, 7.9756647e-01 
2131, 4.9519776e-01, 9.7407310e-01, 6.7950421e-01 
2132, 6.6144821e-01, 1.7135317e-01, 8.7957835e-01 
2133, 6.6537333e-01, 7.6062633e-01, 1.2290380e-01 
2134, 2.3849535e-01, 2.0473587e-01, 7.2459714e-01 
2135, 5.8209020e-01, 9.4239916e-01, 2.9635849e-01 
2136, 6.9780696e-01, 5.0466764e-01, 8.7058562e-01 
2137, 1.7373824e-02, 8.0174111e-02, 3.2008432e-01 
2138, 1.8599299e-01, 2.9142253e-01, 4.9705469e-01 
2139, 8.8590131e-01, 4.0282644e-01, 9.3204035e-01 
2140, 5.0734119e-01, 7.1709962e-01, 9.0359310e-01 
2141, 9.7218336e-01, 2.6989477e-01, 6.0815735e-01 
2142, 9.9048671e-02, 7.3787507e-01, 6.0146782e-02 
2143, 2.9624828e-01, 7.0429803e-01, 5.1002006e-01 
2144, 3.6285025e-01, 6.1650069e-01, 4.7712342e-01 
2145, 6.4740502e-01, 2.7638091e-01, 5.3846753e-01 
2146, 3.2590331e-01, 3.2911924e-01, 2.3466261e-01 
2147, 7.8425123e-01, 8.0315195e-01, 6.3263829e-01 
2148, 2.0360197e-01, 4.8651552e-01, 3.8923618e-01 
2149, 3.6151288e-01, 5.1465509e-01, 3.0694505e-02 
2150, 6.4183516e-02, 3.9215478e-01, 5.7364613e-01 
2151, 6.3339776e-01, 3.5316951e-01, 1.5269277e-01 
2152, 2.0861980e-01, 2.5711686e-01, 8.4653390e-01 
2153, 9.8426306e-01, 8.0019897e-01, 2.2596320e-01 
2154, 2.5109291e-01, 5.5785841e-01, 2.3280714e-01 
2155, 4.4440674e-01, 4.9712004e-01, 5.5909187e-01 
2156, 9.8189650e-01, 4.3510240e-02, 7.2154032e-01 
2157, 2.4239933e-01, 9.3478062e-01, 7.4368833e-01 
2158, 9.4226306e-02, 7.1801340e-01, 7.0615587e-01 
2159, 8.7795314e-01, 2.7569683e-01, 5.7610547e-01 
2160, 3.2046057e-01, 8.2874597e-01, 8.0203864e-01 
2161, 7.9592550e-01, 8.3281595e-01, 9.2966853e-01 
2162, 8.9341782e-01, 5.3580664e-01, 9.8140362e-01 
2163, 5.5408253e-01, 2.9670722e-01, 1.2220918e-01 
2164, 6.9007995e-01, 9.9002836e-01, 2.9571465e-01 
2165, 1.8917672e-01, 4.3968006e-01, 7.1322774e-01 
2166, 7.0824478e-01, 4.1072217e-01, 2.2323465e-01 
2167, 8.3997014e-01, 8.0733112e-01, 5.7130880e-01 
2168, 5.9498848e-01, 5.7694030e-01, 2.0582663e-01 
2169, 1.9848126e-01, 9.0056110e-01, 4.0596823e-01 
2170, 5.3809894e-01, 4.6626188e-01, 2.3603894e-01 
2171, 9.0125112e-01, 4.3508978e-01, 9.0263688e-01 
2172, 6.3906608e-02, 9.1555952e-01, 4.8232590e-01 
2173, 9.5853035e-01, 7.6270225e-01, 2.0054845e-01 
2174, 7.0878028e-01, 7.0099611e-01, 3.2848427e-01 
2175, 5.1453187e-01, 4.8085780e-01, 5.8855455e-01 
2176, 9.4185696e-01, 3.3005046e-01, 3.7087691e-02 
2177, 2.9460212e-01, 3.8658774e-01, 1.8744489e-01 
2178, 7.4725051e-01, 1.4655920e-01, 2.5158460e-01 
2179, 2.4206085e-02, 7.8191037e-01, 5.2626700e-01 
2180, 4.3566424e-01, 2.0961893e-01, 2.2470537e-01 
2181, 7.9502811e-01, 5.2850750e-01, 1.0215143e-01 
2182, 5.3831253e-01, 1.6551640e-01, 9.8710017e-01 
2183, 6.3216128e-01, 8.0726369e-01, 1.7702063e-01 
2184, 4.9853237e-01, 7.6268429e-01, 8.7750383e-01 
2185, 4.5487337e-01, 9.2328801e-01, 8.9136039e-01 
2186, 7.1119598e-01, 4.9873241e-01, 5.3295396e-01 
2187, 6.6845993e-01, 6.2776146e-01, 2.9311669e-01 
2188, 5.4896409e-01, 6.5537788e-01, 8.1379973e-01 
2189, 6.6579738e-01, 4.2010711e-01, 2.2106615e-01 
2190, 1.2626837e-04, 1.5367070e-01, 4.8576742e-01 
2191, 3.6529655e-01, 9.5884321e-01, 3.5433071e-01 
2192, 6.0574150e-02, 4.0652231e-02, 8.8303454e-01 
2193, 8.0669625e-01, 6.8998809e-01, 1.2107281e-01 
2194, 6.1273508e-01, 8.8273703e-01, 5.1418265e-01 
2195, 9.9280242e-02, 4.0236236e-01, 4.8873273e-01 
2196, 7.7022027e-01, 1.6477806e-01, 7.7066651e-01 
2197, 8.2387823e-01, 4.6898212e-01, 6.5604530e-01 
2198, 9.2730969e-01, 7.2717025e-01, 5.8141379e-01 
2199, 3.9856760e-01, 2.5952143e-01, 8.8164366e-01 
2200, 6.3540475e-01, 4.1061365e-01, 1.6535973e-01 
2201, 9.2841607e-02, 9.4332002e-01, 3.1783046e-01 
2202, 3.0114803e-01, 5.4910895e-01, 2.3934750e-01 
2203, 8.9862139e-01, 4.2235440e-01, 2.2836468e-01 
2204, 7.4106829e-01, 3.8910031e-01, 2.7483439e-01 
2205, 2.9207392e-01, 8.9206521e-01, 5.0842434e-01 
2206, 9.3990332e-01, 1.4543573e-02, 9.4525730e-01 
2207, 1.8974118e-01, 5.6884307e-01, 6.3070721e-01 
2208, 4.9521247e-01, 4.1830498e-01, 7.5335340e-01 
2209, 7.2921829e-01, 1.6759575e-01, 3.4375336e-01 
2210, 2.7979596e-01, 5.1288851e-01, 6.0884618e-01 
2211, 5.4711077e-01, 1.3443554e-02, 8.1200367e-01 
2212, 5.6342748e-01, 4.0678070e-01, 4.0031399e-01 
2213, 9.5691641e-01, 1.5671109e-01, 1.5266426e-01 
2214, 3.2560572e-01, 8.7915417e-01, 8.9291644e-01 
2215, 4.1584724e-01, 2.7260842e-01, 3.0847990e-01 
2216, 6.6057548e-02, 5.4732661e-01, 3.0241902e-01 
2217, 4.4890441e-01, 3.1197673e-01, 8.2893862e-02 
2218, 4.8549840e-01, 7.0151998e-01, 6.3296072e-01 
2219, 6.3347739e-01, 9.1374281e-01, 9.1504092e-01 
2220, 1.5263823e-01, 7.9754121e-01, 7.6955715e-01 
2221, 4.0061009e-01, 2.6218811e-01, 6.2598384e-01 
2222, 3.9583709e-01, 6.8175405e-01, 2.3501217e-01 
2223, 8.2556417e-01, 5.0570355e-02, 2.1857585e-01 
2224, 1.1986950e-01, 7.5051127e-01, 2.6915197e-01 
2225, 9.6137731e-01, 4.2804279e-01, 2.1218193e-01 
2226, 1.8836368e-01, 9.7863747e-01, 3.8263003e-01 
2227, 8.8748304e-01, 2.5748245e-02, 5.5479700e-01 
2228, 1.5637685e-01, 2.3170512e-01, 2.7541974e-01 
2229, 7.2130100e-01, 4.2841385e-01, 2.4693785e-01 
2230, 4.7746575e-01, 2.1057747e-01, 9.2495060e-01 
2231, 3.4191389e-01, 2.7240395e-01, 1.7385659e-01 
2232, 8.7904559e-01, 4.8215524e-01, 8.1770153e-01 
2233, 7.7474838e-01, 9.2774199e-01, 5.1111832e-01 
2234, 4.4696833e-01, 7.6720782e-01, 5.8001079e-01 
2235, 3.2825284e-01, 6.4571971e-01, 8.8876784e-01 
2236, 3.4486317e-01, 3.7269444e-01, 1.2232376e-01 
2237, 9.9038910e-01, 5.2382477e-01, 9.2968049e-02 
2238, 1.3221083e-01, 1.1371362e-01, 6.4558955e-01 
2239, 1.8779330e-01, 6.9548428e-01, 3.7964611e-01 
2240, 5.2647843e-01, 6.8497032e-01, 6.1479990e-01 
2241, 1.2591304e-02, 4.7323043e-01, 8.1097761e-01 
2242, 3.5743966e-01, 5.0580207e-03, 7.2297106e-01 
2243, 1.2100498e-01, 1.7456840e-01, 2.1761320e-01 
2244, 2.0631977e-01, 3.6956983e-01, 6.7537165e-01 
2245, 4.4140104e-01, 5.7927095e-01, 6.9196259e-01 
2246, 3.3488925e-01, 9.6803349e-01, 2.0804600e-01 
2247, 9.2173697e-01, 3.4578452e-01, 1.3441532e-01 
2248, 2.1702047e-01, 4.4037854e-01, 3.2857270e-01 
2249, 4.3380540e-01, 7.2453184e-01, 1.6974991e-01 
2250, 4.5804262e-01, 9.4321964e-01, 2.5854039e-01 
2251, 5.4948702e-01, 5.0024111e-01, 1.8672767e-01 
2252, 9.4877329e-01, 9.8692827e-01, 7.3250715e-01 
2253, 4.0220724e-02, 7.6731095e-01, 2.8084234e-01 
2254, 7.4192370e-01, 7.0246071e-01, 7.3457042e-01 
2255, 8.1425539e-01, 7.4257481e-02, 5.0536384e-01 
2256, 5.0303359e-01, 7.4063850e-01, 4.8107487e-01 
2257, 8.4291830e-01, 1.2702917e-01, 8.5039482e-01 
2258, 4.4656456e-01, 9.4021252e-01, 8.6161083e-01 
2259, 5.8619632e-01, 4.5560382e-01, 9.4001564e-01 
2260, 7.7774837e-01, 4.6423119e-01, 9.3250874e-01 
2261, 5.4564420e-01, 5.0714117e-01, 9.5126444e-01 
2262, 3.0863219e-02, 6.2221242e-01, 6.6749112e-01 
2263, 3.0166579e-02, 2.7254554e-01, 2.5380348e-01 
2264, 7.5312084e-01, 2.0043606e-01, 1.9659416e-01 
2265, 3.5626090e-02, 5.2074358e-01, 6.1342889e-01 
2266, 2.6065655e-01, 9.4409606e-01, 8.5202496e-01 
2267, 7.8434528e-01, 5.4222124e-01, 8.9759550e-01 
2268, 7.4529098e-01, 6.7555862e-01, 6.2554796e-01 
2269, 7.0603409e-01, 3.6153353e-01, 6.0523857e-01 
2270, 9.9961163e-01, 3.9828436e-01, 1.9978559e-01 
2271, 9.7442106e-01, 9.5687828e-01, 8.3732591e-01 
2272, 9.1071265e-01, 8.4950831e-02, 5.7288632e-01 
2273, 2.2948332e-01, 9.4388725e-02, 9.2042261e-03 
2274, 3.6327350e-01, 9.3932156e-01, 2.9774393e-01 
2275, 5.7186203e-01, 7.4906320e-01, 7.8499521e-01 
2276, 2.6033142e-01, 7.7256199e-01, 6.0900945e-02 
2277, 7.7248645e-01, 1.0269057e-01, 6.7557872e-01 
2278, 2.1570491e-01, 1.6506222e-01, 9.1785670e-01 
2279, 3.1194809e-01, 4.5442528e-01, 7.6853386e-01 
2280, 5.0264549e-01, 2.3748453e-01, 2.0615110e-01 
2281, 8.3420171e-01, 7.0538821e-01, 6.7486774e-01 
2282, 8.8388653e-01, 2.9395384e-01, 7.4025946e-02 
2283, 9.5915901e-01, 8.1537802e-02, 2.7727346e-01 
2284, 4.5358500e-01, 5.9166632e-02, 6.1304400e-01 
2285, 2.2206050e-02, 7.2423077e-01, 4.2869599e-01 
2286, 1.0539545e-02, 5.4467431e-01, 7.6067968e-01 
2287, 6.4324579e-02, 2.0784981e-01, 2.4207601e-01 
2288, 5.3713353e-02, 2.2762174e-01, 1.3820795e-01 
2289, 5.9498881e-01, 2.3415351e-01, 6.4061661e-01 
2290, 1.8534070e-01, 9.4095231e-01, 2.2535100e-01 
2291, 2.8965805e-01, 3.4373354e-01, 2.7518858e-01 
2292, 4.1364970e-01, 9.0934142e-02, 4.2070982e-01 
2293, 5.3790270e-01, 1.1857443e-01, 9.9182533e-01 
2294, 9.1245627e-01, 1.9581043e-01, 5.1162034e-01 
2295, 8.0689699e-01, 6.7984432e-01, 3.9070573e-01 
2296, 6.7195780e-03, 3.1540154e-01, 6.2574074e-01 
2297, 9.3800933e-02, 8.8522586e-02, 1.9426011e-02 
2298, 5.3713680e-01, 6.3666902e-01, 9.1141809e-01 
2299, 2.7489736e-01, 2.7776026e-01, 2.9051165e-01 
2300, 9.6334029e-01, 8.9696939e-01, 3.1241843e-02 
2301, 3.6076032e-01, 6.0681763e-01, 2.2071344e-01 
2302, 1.4130247e-01, 1.5431680e-01, 8.4593676e-01 
2303, 8.5157363e-01, 4.3279544e-01, 9.4802342e-01 
2304, 3.7208539e-01, 6.5370192e-01, 3.4632852e-01 
2305, 3.7215490e-01, 4.8948983e-01, 1.9095215e-01 
2306, 6.9964964e-01, 8.2993082e-01, 5.6911750e-01 
2307, 9.2244506e-01, 3.3405291e-02, 3.8498674e-01 
2308, 6.0744689e-01, 8.8250488e-01, 1.3293909e-01 
2309, 7.8269141e-02, 3.9644756e-01, 8.6572689e-01 
2310, 9.5213015e-01, 8.0053028e-01, 3.0785841e-01 
2311, 9.8072177e-01, 1.4922156e-01, 8.2390900e-01 
2312, 4.0508539e-01, 4.5994473e-01, 8.0124000e-01 
2313, 4.0296491e-01, 6.1420602e-01, 5.7574687e-01 
2314, 2.4073034e-01, 2.8302881e-01, 7.3478845e-02 
2315, 5.6463106e-01, 2.6099276e-03, 9.2021715e-02 
2316, 7.4000742e-01, 1.3938416e-01, 6.9006419e-01 
2317, 3.8077508e-01, 6.8979927e-01, 1.1838709e-01 
2318, 2.8191448e-01, 5.0489095e-01, 8.1123927e-01 
2319, 8.1585276e-01, 9.6659755e-01, 4.0816992e-01 
2320, 9.3652894e-01, 1.2454396e-01, 8.1793522e-01 
2321, 7.4404742e-01, 7.7753449e-01, 9.5605242e-01 
2322, 4.8102097e-01, 1.8632223e-01, 4.1164279e-01 
2323, 2.5709781e-01, 7.5040167e-01, 9.3204898e-01 
2324, 8.4831180e-02, 8.3447114e-01, 6.5537794e-01 
2325, 5.4663721e-01, 9.7098939e-01, 4.7984431e-01 
2326, 6.8927001e-01, 6.7759200e-01, 2.6789664e-01 
2327, 9.2252294e-01, 1.1926130e-01, 3.5615885e-02 
2328, 9.7793108e-01, 3.6355227e-01, 7.8070719e-01 
2329, 4.4047779e-01, 9.8864814e-01, 2.9291268e-01 
2330, 6.8093755e-01, 8.0209388e-01, 9.8787977e-01 
2331, 6.6655425e-01, 1.5515142e-01, 1.6002724e-01 
2332, 6.8703804e-01, 1.0374604e-01, 4.8020368e-01 
2333, 1.6923569e-02, 1.1324719e-01, 4.8967882e-01 
2334, 7.1410778e-01, 1.2375574e-02, 7.3412476e-01 
2335, 4.3899695e-01, 1.1578182e-01, 6.1768411e-01 
2336, 8.9515145e-01, 5.5884330e-01, 3.1765543e-01 
2337, 5.4821410e-01, 1.0067687e-02, 1.6105116e-01 
2338, 3.2146183e-01, 4.5126822e-01, 3.2092173e-01 
2339, 6.6903404e-01, 6.3014121e-01, 6.3054032e-01 
2340, 2.1406202e-01, 5.8021502e-01, 5.7669548e-01 
2341, 1.9456051e-01, 5.3445339e-01, 4.3308435e-01 
2342, 2.1048283e-01, 8.5245098e-01, 2.7600245e-01 
2343, 9.9192291e-01, 3.3334376e-01, 4.8856180e-01 
2344, 8.5233375e-01, 8.5698817e-01, 3.0897857e-01 
2345, 6.9436000e-01, 3.1455562e-01, 1.6664043e-01 
2346, 5.2720279e-02, 2.8892979e-01, 6.9977543e-01 
2347, 3.7465753e-01, 7.9890439e-01, 7.6402303e-01 
2348, 9.2528898e-01, 9.7428014e-02, 7.6842885e-01 
2349, 3.7614180e-01, 4.4854678e-01, 5.0295264e-02 
2350, 3.0199813e-01, 1.3261401e-01, 5.6039970e-02 
2351, 3.5860363e-01, 9.1187418e-01, 3.3584514e-01 
2352, 2.1117764e-01, 8.5852607e-01, 4.8360645e-01 
2353, 6.3712362e-01, 7.4783927e-01, 5.9296836e-01 
2354, 3.4887038e-01, 3.8583902e-01, 4.1654049e-01 
2355, 9.9090233e-01, 3.5060756e-01, 8.4162312e-01 
2356, 4.8787415e-01, 4.0740078e-01, 3.3331120e-01 
2357, 5.0114085e-01, 1.4013419e-03, 6.7658280e-01 
2358, 2.2473062e-01, 6.6405591e-02, 2.6859391e-01 
2359, 7.9641574e-01, 6.8850638e-01, 8.1681991e-01 
2360, 2.6500984e-01, 8.2798796e-02, 1.9346935e-01 
2361, 2.1206458e-01, 3.6770419e-01, 3.9591433e-01 
2362, 9.1818070e-01, 3.2949084e-01, 2.5351626e-01 
2363, 4.1045548e-01, 9.1487390e-01, 9.1401649e-01 
2364, 2.2667092e-02, 9.4727971e-01, 9.6311470e-01 
2365, 5.2956708e-01, 7.0541959e-01, 3.1433000e-01 
2366, 8.1258800e-01, 1.4765897e-01, 8.6586397e-01 
2367, 3.1411191e-01, 9.5066619e-01, 2.7519834e-01 
2368, 6.4785253e-01, 9.6242290e-01, 8.0440707e-01 
2369, 9.7762314e-01, 3.1298837e-01, 8.2462011e-01 
2370, 7.4134987e-01, 5.1651904e-03, 1.3900838e-01 
2371, 7.5588713e-01, 8.4340512e-01, 8.5685367e-01 
2372, 4.5048463e-01, 3.9982810e-01, 3.3356674e-01 
2373, 5.9675316e-01, 9.7659641e-01, 2.6931439e-02 
2374, 1.5100089e-01, 8.9529734e-01, 7.9685371e-01 
2375, 1.1458520e-01, 2.9593609e-01, 8.3336915e-01 
2376, 4.5284576e-01, 1.4760508e-01, 8.6245580e-01 
2377, 4.8242664e-01, 9.7462090e-01, 7.7497882e-01 
2378, 3.8335455e-01, 3.5375430e-01, 7.3708750e-01 
2379, 6.5276074e-01, 2.0205158e-01, 9.5243811e-01 
2380, 9.9447190e-01, 7.8046154e-01, 4.1864885e-01 
2381, 1.1589627e-01, 3.6264491e-01, 6.6490056e-01 
2382, 5.9642629e-01, 3.1398395e-01, 7.9575996e-01 
2383, 5.1400408e-01, 3.9398065e-01, 2.7960627e-01 
2384, 2.2410180e-01, 5.2284675e-01, 5.0322732e-01 
2385, 3.1512800e-02, 5.3016866e-01, 2.5987367e-01 
2386, 1.9899888e-01, 8.3126629e-01, 4.5412885e-01 
2387, 8.1426455e-01, 2.6663372e-01, 4.8031574e-01 
2388, 7.6615773e-01, 1.4636356e-01, 7.1962204e-01 
2389, 9.8619236e-01, 9.3262946e-01, 4.7118776e-01 
2390, 2.7453975e-01, 9.9124708e-01, 8.4228702e-01 
2391, 7.5091740e-01, 9.3097766e-01, 1.4333636e-01 
2392, 6.0045238e-01, 4.7130019e-01, 1.9950560e-01 
2393, 2.0559105e-01, 8.5493139e-01, 8.4170725e-01 
2394, 6.7032684e-01, 1.2133190e-01, 1.4476993e-01 
2395, 6.8809312e-01, 3.2219792e-01, 2.8601031e-01 
2396, 5.5693944e-01, 9.0734384e-01, 6.4232888e-01 
2397, 1.1565362e-01, 8.4647782e-01, 5.5590048e-01 
2398, 7.6732728e-01, 4.2900618e-01, 9.9436540e-01 
2399, 1.7671110e-01, 2.8138904e-01, 7.5770686e-01 
2400, 9.0364595e-03, 3.7063677e-01, 8.8287133e-01 
2401, 5.4536794e-01, 9.9772084e-01, 8.8476215e-01 
2402, 1.7320309e-01, 7.0011723e-01, 6.8908480e-01 
2403, 2.6991019e-01, 9.4866028e-01, 8.8848818e-01 
2404, 6.7879373e-01, 2.7728386e-01, 9.6016278e-01 
2405, 3.2217533e-01, 4.3170774e-01, 5.9209705e-01 
2406, 4.2376178e-01, 8.0131151e-01, 6.4312041e-01 
2407, 1.7432643e-01, 6.8954102e-01, 7.2141928e-01 
2408, 1.0955014e-01, 6.4013181e-01, 1.5117720e-01 
2409, 6.6417302e-01, 4.5816585e-01, 6.3946617e-01 
2410, 1.9160437e-01, 9.5508937e-01, 8.5870425e-01 
2411, 3.3111243e-01, 7.6965800e-01, 3.4782628e-01 
2412, 9.1519861e-01, 6.2296679e-01, 7.1388793e-01 
2413, 6.3240435e-01, 8.6525172e-01, 1.5203630e-01 
2414, 8.0261277e-01, 8.0100273e-01, 7.8183217e-01 
2415, 7.6967296e-01, 2.8792572e-01, 7.3835137e-02 
2416, 4.0979529e-01, 2.2673080e-01, 9.1485592e-01 
2417, 5.6546791e-01, 2.8208138e-01, 3.0924433e-01 
2418, 4.9773381e-01, 6.6708898e-01, 7.1329585e-01 
2419, 8.1709288e-01, 6.4054353e-01, 2.4550251e-01 
2420, 9.5273994e-01, 7.8809730e-01, 2.6371719e-01 
2421, 2.5509100e-01, 5.5601810e-01, 1.0713512e-01 
2422, 5.7012479e-01, 2.0847745e-01, 8.7680801e-01 
2423, 6.2618402e-01, 2.0901252e-01, 4.2945643e-01 
2424, 7.2529880e-01, 6.7225430e-01, 4.7375622e-02 
2425, 2.2621332e-01, 2.1614293e-01, 3.1930902e-01 
2426, 5.5574622e-01, 3.3533856e-01, 1.6058709e-01 
2427, 7.2626029e-01, 3.7866051e-01, 7.7778294e-01 
2428, 4.9855486e-01, 2.9630094e-01, 1.9193867e-01 
2429, 3.0231129e-01, 4.7851157e-01, 7.9717149e-01 
2430, 7.3219246e-01, 3.1034189e-01, 3.8730496e-01 
2431, 2.9709947e-01, 7.4177233e-01, 9.6481620e-01 
2432, 9.1047577e-01, 1.6566256e-01, 6.4229224e-01 
2433, 2.3415294e-01, 8.7805396e-01, 7.6505900e-01 
2434, 3.3409850e-01, 5.1900155e-01, 8.0505538e-01 
2435, 5.4170727e-01, 5.7130376e-01, 6.4886323e-01 
2436, 8.1231826e-02, 3.9740658e-01, 2.5902100e-01 
2437, 6.1721952e-02, 3.8134100e-01, 9.3009030e-01 
2438, 3.6145358e-01, 1.1639974e-01, 7.4453753e-01 
2439, 8.7054148e-01, 4.3378458e-01, 6.5037668e-02 
2440, 1.1046372e-01, 9.6201197e-01, 6.0985215e-02 
2441, 5.5514291e-01, 3.5779061e-01, 6.9030670e-01 
2442, 9.9839591e-01, 8.0044545e-01, 3.1341811e-02 
2443, 7.6829880e-01, 7.6942703e-01, 7.4957676e-01 
2444, 6.8078082e-01, 3.4080540e-01, 3.0908533e-02 
2445, 3.4367732e-01, 1.3390189e-01, 3.2288419e-01 
2446, 4.4264061e-01, 4.0121759e-01, 9.0562125e-01 
2447, 2.7331893e-01, 9.1450634e-01, 1.0563718e-01 
2448, 8.5359279e-01, 7.1127369e-01, 5.2837470e-01 
2449, 2.1773369e-01, 4.0683213e-01, 3.3144206e-01 
2450, 2.5881175e-01, 2.2672994e-01, 4.2586427e-01 
2451, 1.5449713e-01, 2.5745209e-01, 7.1295104e-02 
2452, 6.3203669e-02, 9.8274636e-01, 8.5559194e-02 
2453, 3.2488643e-01, 1.2805115e-01, 5.5168153e-01 
2454, 8.3321778e-01, 6.0326717e-01, 2.7598597e-02 
2455, 2.4240514e-01, 2.5816807e-01, 4.3051257e-03 
2456, 6.0909345e-01, 2.0519569e-01, 1.9308863e-01 
2457, 7.4607607e-01, 9.9883894e-01, 1.1852036e-01 
2458, 9.9997719e-01, 2.2324700e-01, 7.6951649e-01 
2459, 7.1996890e-03, 9.5647720e-01, 3.0766341e-01 
2460, 1.2054699e-01, 3.4374730e-01, 3.3870148e-01 
2461, 9.2523716e-01, 8.1129571e-01, 2.0654961e-01 
2462, 3.9470347e-01, 1.3103362e-01, 3.2528398e-01 
2463, 2.5112326e-02, 2.3928751e-02, 9.9071497e-01 
2464, 8.4472168e-02, 2.9099144e-01, 4.8799299e-01 
2465, 7.3723128e-01, 1.6735769e-01, 5.7884709e-02 
2466, 1.2008097e-01, 7.3687175e-02, 5.1115893e-01 
2467, 6.3385156e-01, 7.3864133e-01, 8.4993124e-01 
2468, 3.8220291e-02, 6.3118440e-01, 6.2902435e-01 
2469, 4.1227656e-01, 6.6027497e-01, 6.5875383e-01 
2470, 2.6949389e-01, 4.0998806e-02, 6.9369443e-01 
2471, 6.9613289e-01, 5.7751166e-01, 4.5259553e-01 
2472, 2.1683215e-01, 7.2476200e-01, 2.4982812e-01 
2473, 3.4918421e-01, 9.3051863e-01, 6.7151199e-03 
2474, 5.2134219e-01, 7.7123908e-01, 4.3714280e-01 
2475, 5.7030219e-01, 6.2657462e-01, 1.0488111e-01 
2476, 3.5698353e-01, 9.0288497e-01, 6.4556874e-01 
2477, 7.6125376e-01, 7.1725942e-01, 8.9112512e-01 
2478, 7.8917613e-01, 8.9476295e-02, 3.6455787e-01 
2479, 4.1870525e-01, 9.1123697e-01, 3.7200867e-01 
2480, 2.8770969e-01, 1.8145056e-01, 8.7335380e-01 
2481, 9.5598776e-01, 4.1517841e-01, 7.8689016e-01 
2482, 1.8964625e-01, 7.6060711e-01, 4.0261011e-01 
2483, 4.8588614e-02, 1.3068639e-01, 1.3262714e-01 
2484, 7.8113005e-01, 7.8689967e-01, 8.6800405e-02 
2485, 4.4079186e-01, 6.8456750e-01, 3.6216899e-01 
2486, 8.6023939e-02, 4.9382719e-01, 7.2575246e-01 
2487, 5.1868502e-01, 4.0781655e-01, 3.2617628e-01 
2488, 8.2744333e-01, 5.8882689e-01, 3.9660931e-01 
2489, 8.4965030e-01, 2.9594767e-01, 8.3198654e-01 
2490, 6.1126871e-01, 2.0989405e-01, 7.8197825e-01 
2491, 1.5709681e-01, 8.4550188e-01, 1.2216782e-01 
2492, 3.6644133e-01, 1.2218752e-01, 7.7579061e-01 
2493, 1.5447553e-01, 6.0651097e-01, 7.4364536e-01 
2494, 2.9945277e-01, 7.3872324e-01, 4.7584858e-01 
2495, 7.3218602e-01, 4.0428345e-01, 3.0699652e-01 
2496, 3.6257762e-01, 8.7555514e-01, 8.8030996e-01 
2497, 9.2665336e-01, 9.4591392e-01, 1.6739813e-01 
2498, 9.4390034e-01, 2.1214067e-01, 7.8283062e-01 
2499, 8.4779997e-01, 8.9290270e-01, 8.8783359e-01 
2500, 3.3205787e-01, 4.9123759e-02, 4.3171990e-01 
2501, 8.0785704e-01, 8.4599690e-02, 6.5183150e-01 
2502, 5.1382664e-01, 3.1806547e-01, 7.4402648e-01 
2503, 8.4949475e-01, 2.3063884e-01, 2.6056885e-01 
2504, 2.1430023e-01, 5.9646505e-01, 1.6853316e-01 
2505, 5.3566689e-01, 1.8580288e-02, 8.5067178e-02 
2506, 9.1685169e-01, 3.0464591e-02, 9.1432448e-01 
2507, 7.9531632e-01, 4.6519272e-01, 2.9399849e-01 
2508, 1.9502567e-01, 1.6391124e-01, 3.4664841e-01 
2509, 9.0745348e-01, 4.9042906e-01, 2.4388738e-01 
2510, 2.4981056e-02, 9.3463049e-01, 1.5874120e-01 
2511, 4.9929004e-01, 6.7856587e-01, 8.6413445e-01 
2512, 6.8838591e-01, 4.1591537e-01, 7.5186898e-01 
2513, 8.1013137e-01, 1.3349938e-01, 1.3664777e-02 
2514, 1.2130411e-01, 3.6502288e-01, 4.2904088e-01 
2515, 2.6130322e-01, 4.7918325e-01, 1.6130633e-01 
2516, 9.9569339e-01, 8.6533954e-01, 6.3377063e-01 
2517, 3.0830379e-01, 9.8675845e-01, 4.3703601e-01 
2518, 6.4602591e-01, 8.6760656e-01, 7.6176412e-01 
2519, 3.0225179e-01, 9.2352114e-01, 3.2034446e-01 
2520, 5.6930132e-01, 7.1943125e-01, 5.8015278e-01 
2521, 5.3409344e-01, 3.4037284e-01, 7.8035115e-01 
2522, 2.0553952e-01, 4.6890181e-01, 1.1674385e-01 
2523, 7.1930256e-01, 6.7477240e-01, 8.1096793e-01 
2524, 2.5561981e-01, 5.0041388e-01, 3.1362867e-01 
2525, 3.2704518e-01, 4.1799862e-02, 8.3264517e-02 
2526, 9.7457284e-02, 8.8384797e-02, 8.7256366e-01 
2527, 8.5367904e-03, 5.0580021e-01, 3.5175461e-01 
2528, 1.7901787e-01, 7.6672157e-01, 7.1971430e-01 
2529, 6.4132147e-01, 6.2276101e-01, 9.1210498e-01 
2530, 4.1671723e-01, 5.4088969e-01, 9.9049584e-01 
2531, 8.8817687e-01, 3.5183937e-01, 8.2922453e-01 
2532, 4.6437423e-02, 9.2508380e-01, 9.4184890e-01 
2533, 8.0620891e-01, 5.0265912e-01, 6.4605471e-01 
2534, 4.9885656e-01, 9.0130213e-01, 7.2517731e-01 
2535, 3.4673859e-01, 6.7957236e-01, 3.1266888e-01 
2536, 1.2649545e-01, 6.8362729e-01, 9.0406518e-01 
2537, 1.4307421e-01, 2.9943586e-01, 3.2043736e-01 
2538, 5.0001384e-01, 5.9703910e-01, 6.0237877e-01 
2539, 8.4361940e-01, 4.7690360e-01, 3.4028107e-01 
2540, 5.9029486e-01, 1.4590216e-01, 9.0606164e-01 
2541, 7.7744876e-01, 6.0325855e-01, 5.3159015e-02 
2542, 5.8958439e-01, 6.9627744e-01, 5.2959579e-01 
2543, 1.1888112e-02, 7.1868172e-01, 6.3229148e-01 
2544, 8.7178711e-01, 3.9745940e-01, 8.6171861e-01 
2545, 9.1238453e-01, 8.7229527e-01, 4.0480075e-01 
2546, 4.0153982e-01, 4.6881629e-01, 9.7618664e-01 
2547, 1.8717280e-01, 1.2616521e-01, 3.5603324e-01 
2548, 1.3201026e-01, 4.6053832e-01, 1.7243348e-01 
2549, 9.5777329e-01, 4.7510369e-01, 2.5493731e-03 
2550, 5.6280681e-01, 6.7813545e-01, 1.1788343e-02 
2551, 5.5921208e-01, 5.6602556e-01, 5.1388959e-01 
2552, 7.9501097e-01, 5.8603876e-01, 9.3976730e-01 
2553, 4.9169149e-01, 5.7658581e-01, 7.9764274e-01 
2554, 9.1419007e-01, 3.9135331e-01, 3.9517202e-01 
2555, 6.1030039e-01, 6.3778607e-01, 8.6766618e-01 
2556, 2.6951166e-01, 7.2949754e-01, 8.8791568e-01 
2557, 6.9356663e-01, 9.4444973e-01, 1.2630332e-01 
2558, 1.5969296e-01, 8.5227461e-01, 4.5910095e-02 
2559, 9.9874347e-01, 8.3637932e-01, 2.6745142e-01 
2560, 5.4563987e-01, 6.4237898e-01, 3.0330152e-01 
2561, 5.1303341e-01, 1.3453788e-01, 3.6215072e-01 
2562, 9.9581667e-01, 3.2079922e-01, 3.9212588e-01 
2563, 4.4719227e-01, 5.8360178e-01, 8.8690323e-01 
2564, 3.3144707e-01, 9.3788580e-01, 6.4933929e-01 
2565, 8.5132922e-01, 6.3756068e-01, 1.0271918e-01 
2566, 1.2708391e-01, 7.8006483e-01, 5.9303663e-01 
2567, 4.1270355e-02, 5.0380488e-01, 6.8287976e-01 
2568, 4.1660290e-01, 4.4663320e-01, 4.1649259e-01 
2569, 1.1572298e-01, 8.0109951e-01, 4.1869691e-01 
2570, 2.7068553e-01, 7.6930711e-01, 5.3716381e-01 
2571, 2.8197101e-02, 6.7119653e-02, 6.7756728e-01 
2572, 5.8068065e-01, 5.9548231e-01, 3.7410893e-01 
2573, 6.9715521e-03, 9.4522956e-01, 6.3870126e-01 
2574, 5.8477559e-01, 2.9069220e-01, 2.2923099e-02 
2575, 9.5721238e-01, 8.3976200e-01, 1.4999763e-01 
2576, 1.3534824e-01, 2.7520176e-01, 9.8579967e-01 
2577, 8.7401353e-01, 2.0483260e-01, 2.2877909e-01 
2578, 3.3837702e-01, 8.5224617e-01, 7.5922204e-02 
2579, 1.6353175e-01, 4.7352785e-01, 7.8468712e-01 
2580, 1.9103763e-01, 2.1957864e-01, 9.1084203e-01 
2581, 5.1229354e-01, 7.7989694e-01, 6.8140676e-01 
2582, 7.4477513e-01, 1.1701623e-01, 6.2341112e-02 
2583, 5.5997324e-01, 6.5160660e-02, 3.4721048e-01 
2584, 7.0716369e-01, 4.3054168e-02, 8.6182372e-01 
2585, 3.7987719e-01, 6.1350135e-01, 8.8217231e-01 
2586, 6.3672721e-02, 8.2929389e-01, 1.7688187e-01 
2587, 4.9738916e-01, 7.9419707e-01, 1.1887903e-01 
2588, 4.5485658e-01, 8.4645168e-01, 1.1715096e-01 
2589, 3.0280557e-01, 5.6020951e-01, 7.8061124e-01 
2590, 8.4392030e-01, 2.8705626e-01, 3.0729106e-01 
2591, 5.0047811e-02, 6.2146121e-01, 1.5501863e-01 
2592, 3.4899911e-02, 9.9196782e-02, 1.7538240e-01 
2593, 4.3124326e-01, 3.3536465e-01, 7.2899323e-01 
2594, 7.8226568e-01, 5.2067332e-02, 3.2916572e-01 
2595, 8.7163876e-01, 9.0548214e-01, 6.1377687e-01 
2596, 1.1315839e-01, 8.2709858e-01, 2.9626969e-01 
2597, 9.8878732e-01, 4.9985472e-01, 1.2170646e-01 
2598, 1.9009041e-01, 7.5166403e-01, 9.0973379e-01 
2599, 3.0519881e-01, 1.6952907e-01, 9.6824256e-01 
2600, 6.2252230e-02, 2.1763347e-01, 4.6401647e-02 
2601, 1.7748269e-01, 2.5602769e-01, 6.3877676e-01 
2602, 6.8745065e-01, 3.1235070e-01, 6.2410847e-01 
2603, 8.1370200e-01, 1.6876592e-01, 6.8135374e-01 
2604, 7.3863134e-01, 1.5423402e-01, 5.3174977e-01 
2605, 8.1924145e-01, 7.0102349e-01, 4.3197964e-01 
2606, 1.4942611e-02, 2.0966492e-01, 3.9933854e-01 
2607, 5.8853873e-01, 1.2619605e-01, 5.7027224e-03 
2608, 3.5321037e-02, 1.4105703e-01, 5.9154914e-01 
2609, 4.4325316e-01, 3.4959468e-01, 8.9527992e-01 
2610, 2.7473640e-01, 8.6989249e-01, 2.1123287e-01 
2611, 5.8444194e-01, 3.1916147e-01, 6.1683888e-01 
2612, 1.6006228e-01, 9.2340804e-01, 5.4079351e-01 
2613, 5.1056300e-01, 2.8341397e-01, 5.8602606e-01 
2614, 7.3045425e-01, 2.9499171e-01, 2.0947993e-01 
2615, 5.1392596e-01, 9.4683925e-01, 4.7783922e-01 
2616, 3.8097399e-02, 5.6426476e-01, 9.2791134e-01 
2617, 6.3916182e-01, 4.7215492e-01, 9.9669222e-01 
2618, 1.1428700e-01, 6.7252366e-01, 5.3114168e-01 
2619, 2.1839396e-01, 9.4296840e-02, 5.0900951e-01 
2620, 8.6962456e-01, 2.6512083e-01, 3.5768565e-01 
2621, 5.6592953e-01, 7.1441090e-01, 2.5906606e-01 
2622, 3.5181682e-01, 4.1257379e-01, 7.0666863e-01 
2623, 1.7102804e-01, 2.9431817e-01, 2.2332311e-01 
2624, 2.2057467e-01, 5.3745358e-01, 8.0123432e-01 
2625, 9.5496748e-01, 8.9059285e-01, 1.9048296e-01 
2626, 4.0668980e-01, 7.5870065e-01, 7.2492886e-01 
2627, 3.0867698e-01, 1.4378084e-01, 3.1530635e-01 
2628, 3.5668792e-01, 1.8598951e-01, 2.8466319e-01 
2629, 3.7204744e-01, 2.1406340e-01, 3.3520270e-01 
2630, 1.3967656e-01, 8.6285882e-01, 9.7892026e-01 
2631, 4.0152495e-01, 5.0736585e-01, 7.0519647e-01 
2632, 5.8377916e-01, 3.8845985e-01, 7.4693796e-01 
2633, 3.3802239e-01, 6.0462206e-01, 5.0212793e-01 
2634, 2.1249062e-01, 8.0054691e-01, 3.0650022e-01 
2635, 1.1814579e-02, 9.3956553e-01, 1.9420738e-02 
2636, 9.8183552e-02, 1.7917202e-01, 2.8351842e-01 
2637, 7.2890236e-01, 8.6045351e-01, 8.1028155e-01 
2638, 1.6767757e-01, 4.7589047e-01, 5.8845198e-01 
2639, 2.6599872e-01, 5.6562328e-01, 4.3274982e-02 
2640, 5.8954811e-01, 4.7314403e-01, 6.6066152e-01 
2641, 3.6624737e-01, 7.0900034e-01, 5.1155365e-01 
2642, 2.2313771e-01, 2.3831512e-01, 5.1035033e-01 
2643, 5.2272759e-01, 7.0918437e-01, 3.5976348e-01 
2644, 5.2209554e-01, 9.2507054e-01, 9.8906484e-01 
2645, 5.3530932e-01, 3.6932117e-02, 1.2878413e-01 
2646, 6.6111426e-01, 7.1638881e-03, 4.7881043e-03 
2647, 8.6261985e-01, 7.8398062e-01, 8.8415471e-01 
2648, 8.7964359e-01, 5.8142660e-01, 2.3643147e-01 
2649, 2.4755724e-01, 3.6374829e-01, 3.4610283e-01 
2650, 5.4361562e-01, 9.3643763e-01, 1.0429973e-01 
2651, 6.6988155e-02, 6.0647564e-01, 8.9857836e-01 
2652, 5.8806749e-01, 2.1655822e-01, 9.3801494e-01 
2653, 1.1004450e-01, 1.4377481e-01, 4.5844726e-01 
2654, 5.9710272e-01, 6.8454350e-01, 6.7613591e-01 
2655, 5.5838547e-01, 7.6712657e-01, 8.7220684e-01 
2656, 6.8344124e-01, 9.1460663e-01, 6.6581594e-01 
2657, 9.7572963e-01, 7.6742883e-01, 7.8695736e-01 
2658, 1.5477503e-01, 9.9255971e-01, 2.9984892e-01 
2659, 1.2899261e-01, 9.7248947e-01, 6.6639995e-03 
2660, 3.1373386e-01, 3.6217360e-01, 9.5173714e-01 
2661, 6.3590748e-02, 3.4702869e-01, 5.8266577e-02 
2662, 8.5118901e-01, 5.0928766e-01, 6.8732496e-01 
2663, 1.5401010e-01, 6.4009175e-01, 6.9869086e-02 
2664, 1.3146339e-01, 1.8735051e-01, 1.7347471e-01 
2665, 7.1396066e-01, 8.7726872e-01, 4.2015044e-01 
2666, 3.8230591e-01, 8.1401854e-01, 6.8945121e-01 
2667, 6.9946141e-01, 1.3891075e-01, 8.5697236e-01 
2668, 9.5001981e-01, 8.5792521e-01, 6.2154211e-02 
2669, 9.3348339e-01, 2.5408604e-01, 9.8332223e-01 
2670, 1.1562760e-01, 7.4556829e-01, 1.2548031e-01 
2671, 4.1575900e-01, 7.4129423e-01, 4.6670201e-01 
2672, 8.5673785e-01, 6.0203354e-01, 1.3365851e-03 
2673, 8.4251626e-01, 2.7092566e-01, 2.0113236e-01 
2674, 9.4624634e-02, 9.0271667e-01, 5.8213402e-01 
2675, 6.2050729e-01, 1.8410175e-01, 9.2016988e-01 
2676, 3.4557281e-01, 4.9080302e-01, 9.8508900e-01 
2677, 6.7144428e-01, 1.1105378e-01, 2.0363450e-02 
2678, 4.8090568e-01, 2.3934774e-01, 1.8228126e-01 
2679, 2.7493466e-01, 5.8700371e-01, 5.1639840e-01 
2680, 3.9826489e-01, 1.1461162e-01, 7.7295287e-01 
2681, 9.8122266e-01, 5.3233998e-01, 1.7008324e-01 
2682, 2.6538158e-01, 6.3716274e-01, 7.7214330e-01 
2683, 6.8920076e-01, 6.8660493e-01, 8.4851517e-01 
2684, 7.9678184e-01, 1.1377227e-01, 5.2888479e-01 
2685, 8.2281682e-01, 1.9537197e-01, 7.0308517e-01 
2686, 7.9165916e-01, 4.6218451e-01, 8.9682744e-01 
2687, 5.6655487e-01, 6.5081595e-01, 2.3117022e-01 
2688, 7.4776665e-03, 7.3728125e-01, 7.7498435e-01 
2689, 9.6124783e-01, 4.4596347e-01, 5.3240600e-01 
2690, 9.5952859e-01, 5.8675136e-01, 1.1228647e-01 
2691, 8.5784064e-02, 3.4811545e-01, 1.0311120e-01 
2692, 6.7996260e-01, 4.5729785e-01, 5.4649417e-01 
2693, 8.6341032e-02, 1.1996194e-01, 6.7920411e-01 
2694, 7.4975162e-03, 8.0742569e-01, 3.5910195e-02 
2695, 6.6045788e-01, 7.4909531e-01, 7.8420815e-02 
2696, 1.0606737e-01, 6.8636340e-01, 3.5240099e-01 
2697, 1.9712819e-01, 6.9595517e-01, 6.6709602e-01 
2698, 9.3877453e-01, 5.2732836e-01, 2.1565166e-01 
2699, 9.6908300e-01, 5.1947924e-01, 2.7075427e-01 
2700, 8.2320238e-01, 8.3085679e-01, 5.4061336e-01 
2701, 6.9143544e-01, 8.7192444e-02, 1.2599475e-02 
2702, 2.5779998e-01, 6.2142309e-01, 4.5149387e-02 
2703, 6.1376012e-01, 3.1585857e-01, 4.0060489e-01 
2704, 1.1610338e-01, 2.9097315e-02, 7.7095108e-01 
2705, 8.6168922e-01, 8.6439285e-01, 9.1597943e-04 
2706, 5.8085178e-01, 1.7901462e-01, 6.4954045e-02 
2707, 5.7583310e-01, 7.6260112e-01, 3.8277775e-02 
2708, 8.6589956e-01, 5.9252930e-01, 4.4637773e-01 
2709, 6.9753475e-01, 1.1124847e-01, 7.5269451e-01 
2710, 3.6142908e-01, 4.2208586e-01, 9.0989453e-02 
2711, 1.5083439e-01, 9.5652333e-01, 4.4675649e-01 
2712, 2.4699717e-01, 4.2945052e-01, 8.4240163e-01 
2713, 1.6897084e-01, 8.3228958e-01, 9.3019594e-01 
2714, 3.2969860e-01, 2.3525496e-01, 9.2613471e-01 
2715, 9.3917649e-01, 6.9911070e-01, 6.1995794e-01 
2716, 3.0673937e-01, 6.7644500e-01, 6.4001505e-01 
2717, 4.5129340e-01, 5.3728863e-02, 2.9920756e-03 
2718, 7.1034455e-01, 7.4115409e-01, 1.9895302e-01 
2719, 1.4232938e-01, 2.0274967e-01, 2.6165117e-02 
2720, 8.3200936e-01, 6.1812757e-01, 6.7333258e-01 
2721, 4.3438339e-01, 4.5044707e-01, 8.4220914e-01 
2722, 5.9320513e-01, 9.5357450e-01, 5.8655879e-01 
2723, 2.3196096e-01, 4.9792815e-01, 2.3673308e-01 
2724, 2.1092381e-01, 8.3369515e-01, 5.3941162e-01 
2725, 8.2024050e-01, 9.2759637e-01, 1.1337765e-01 
2726, 4.7488714e-01, 4.6239616e-01, 9.4192043e-01 
2727, 8.2085649e-01, 1.8681428e-01, 7.9216391e-01 
2728, 8.8269432e-01, 8.4791141e-01, 2.0193950e-01 
2729, 5.4513154e-01, 6.1336269e-01, 7.6899820e-01 
2730, 4.0595329e-01, 3.3287771e-01, 8.3943971e-01 
2731, 1.8507130e-01, 8.8909445e-01, 4.7141110e-01 
2732, 3.6570221e-02, 6.5801827e-01, 4.5281558e-01 
2733, 7.9522503e-01, 5.4846666e-01, 7.5954455e-01 
2734, 9.0681016e-01, 6.6703501e-01, 6.4888907e-02 
2735, 2.7013411e-01, 6.8075000e-02, 7.9945656e-01 
2736, 3.4493041e-01, 2.8475767e-01, 6.6301456e-02 
2737, 3.4393311e-01, 5.0554305e-01, 3.0401699e-01 
2738, 3.0997329e-01, 8.3159320e-01, 4.2936486e-01 
2739, 1.5742528e-01, 1.5725464e-01, 1.7361919e-01 
2740, 5.0755094e-01, 9.9303970e-01, 4.1603721e-01 
2741, 6.6849453e-01, 9.6147881e-01, 9.5717086e-01 
2742, 6.5796364e-01, 6.3320983e-01, 8.3779105e-01 
2743, 2.3808743e-01, 7.8069085e-01, 9.4759044e-01 
2744, 6.8197701e-01, 4.5060094e-01, 4.7986116e-01 
2745, 4.9266882e-01, 1.0452613e-01, 6.1315103e-01 
2746, 3.6189359e-01, 7.3655026e-01, 4.6620798e-01 
2747, 7.7743493e-01, 7.6227679e-01, 2.4889653e-01 
2748, 1.9872012e-01, 8.4026362e-01, 4.0923353e-01 
2749, 8.4940674e-01, 6.0146089e-01, 8.7131874e-01 
2750, 9.8556239e-01, 8.5438287e-01, 3.4008830e-01 
2751, 9.2407341e-01, 5.8841290e-01, 8.1618163e-02 
2752, 4.4178236e-01, 1.0081497e-01, 8.2491184e-01 
2753, 3.6035707e-01, 2.6661895e-01, 8.1768173e-01 
2754, 5.2534752e-01, 8.3292406e-02, 3.3645755e-02 
2755, 3.8679322e-01, 2.1405777e-01, 9.8102173e-01 
2756, 4.5472680e-01, 8.5587127e-01, 6.5360549e-01 
2757, 5.1863681e-01, 5.4835774e-01, 7.0031852e-01 
2758, 2.7159405e-02, 7.3152031e-01, 7.2521421e-01 
2759, 8.8271140e-03, 8.6723538e-01, 9.3573855e-01 
2760, 1.6575096e-01, 2.1084332e-02, 9.5806432e-01 
2761, 2.2507000e-01, 2.6040200e-01, 4.0355648e-01 
2762, 8.2701075e-01, 2.6015718e-01, 6.0267436e-02 
2763, 5.3596767e-02, 1.5660385e-02, 9.5292865e-01 
2764, 8.9964363e-01, 3.1346157e-01, 4.0556689e-01 
2765, 6.9265401e-02, 7.9346075e-01, 6.6895527e-01 
2766, 1.6143925e-01, 4.3621793e-01, 9.7430556e-01 
2767, 4.3372650e-01, 1.2733820e-01, 3.9637729e-01 
2768, 8.5841411e-01, 5.6757416e-01, 1.3522599e-01 
2769, 8.2277372e-01, 2.6826152e-01, 3.6724263e-01 
2770, 6.8189728e-02, 9.6178503e-01, 8.7267029e-01 
2771, 4.2067959e-01, 8.9207798e-01, 6.2821995e-01 
2772, 8.7437660e-01, 1.9411672e-01, 6.2822448e-01 
2773, 1.9669464e-02, 6.6998467e-01, 7.3137120e-01 
2774, 5.2528945e-01, 9.9665488e-01, 1.7142326e-01 
2775, 3.7913166e-01, 6.1605283e-01, 2.6191024e-01 
2776, 7.1911679e-01, 2.2286744e-01, 3.7876187e-01 
2777, 2.8226868e-01, 4.4491635e-01, 2.7722593e-01 
2778, 3.8326174e-01, 4.5011457e-01, 9.2948225e-02 
2779, 5.4841873e-01, 9.2321431e-01, 6.8500877e-01 
2780, 8.7657579e-02, 5.0556234e-01, 1.6369088e-01 
2781, 2.0952068e-01, 1.9375638e-01, 9.4912355e-01 
2782, 6.3752388e-01, 4.3360909e-01, 2.0016490e-01 
2783, 9.0371628e-01, 4.8489684e-01, 5.9843248e-02 
2784, 2.6743504e-01, 9.9871353e-01, 9.7623279e-03 
2785, 8.2569246e-01, 1.9666629e-01, 2.9365426e-01 
2786, 9.9018987e-01, 3.0525143e-01, 1.0840280e-01 
2787, 6.4597363e-03, 2.2811328e-01, 3.2442108e-01 
2788, 6.6874240e-01, 5.2966579e-01, 1.2961010e-01 
2789, 4.5816549e-01, 2.4753072e-01, 7.7576446e-01 
2790, 4.6645853e-02, 2.3460333e-01, 5.5303050e-01 
2791, 6.4828781e-02, 1.7347412e-01, 8.1089644e-01 
2792, 2.4131217e-01, 6.3859555e-01, 4.3969969e-01 
2793, 8.5734061e-01, 4.6825835e-01, 6.3990421e-01 
2794, 7.8805255e-01, 4.5897332e-01, 8.4051333e-01 
2795, 8.1913700e-01, 4.8888798e-01, 6.0754352e-01 
2796, 5.6386466e-01, 4.8293262e-01, 7.0677843e-02 
2797, 3.2617411e-01, 8.4032339e-01, 5.4618678e-01 
2798, 5.9152899e-01, 7.9306203e-01, 5.8296956e-01 
2799, 5.2228511e-01, 6.4645785e-01, 8.8246921e-01 
2800, 6.7595148e-01, 9.9678696e-01, 2.4188561e-01 
2801, 9.0380797e-01, 6.5571808e-01, 1.4452378e-02 
2802, 5.7855967e-01, 2.1531535e-01, 9.7792343e-01 
2803, 7.2706585e-01, 7.0321661e-01, 4.7755667e-01 
2804, 7.4147993e-01, 7.1858674e-01, 3.6009730e-01 
2805, 8.9631557e-02, 4.4357200e-01, 1.4947271e-01 
2806, 7.2045035e-01, 3.4369326e-01, 8.1305804e-01 
2807, 5.0872969e-01, 7.7400271e-01, 2.7307674e-01 
2808, 8.0465008e-01, 7.1920691e-01, 5.2908091e-01 
2809, 3.0127111e-01, 4.3145435e-01, 2.2457778e-01 
2810, 8.5705369e-01, 4.3530040e-01, 9.1203097e-01 
2811, 5.0669680e-01, 2.8686383e-01, 2.3786116e-01 
2812, 8.4938217e-01, 6.9848757e-01, 8.9749246e-01 
2813, 8.3233377e-01, 9.1198214e-01, 9.8841865e-01 
2814, 4.1609403e-01, 1.4016994e-01, 6.1821549e-01 
2815, 7.0266478e-01, 1.3280615e-01, 7.2175527e-01 
2816, 8.1780370e-01, 3.9632994e-02, 5.5999408e-02 
2817, 4.5905393e-01, 6.2270946e-01, 2.6986714e-01 
2818, 8.1976773e-01, 1.8396462e-01, 3.2468344e-02 
2819, 2.5135415e-02, 8.2207092e-01, 6.5125328e-01 
2820, 7.3968162e-01, 8.7322801e-01, 6.4760821e-01 
2821, 4.3719223e-01, 2.4583852e-01, 3.5730162e-01 
2822, 4.5972985e-01, 9.4714474e-01, 6.0067035e-01 
2823, 2.8830613e-01, 1.8574761e-02, 7.4708511e-01 
2824, 3.9662049e-01, 2.0874663e-02, 5.7052489e-01 
2825, 3.1526878e-01, 9.9395882e-02, 3.2866823e-01 
2826, 9.9521125e-01, 4.0485705e-01, 6.6813439e-01 
2827, 3.5019682e-02, 9.4707549e-01, 8.3355529e-01 
2828, 2.3273116e-01, 2.0810830e-01, 6.8310113e-01 
2829, 7.1721486e-01, 2.6887704e-01, 9.1128655e-01 
2830, 4.9948445e-01, 4.8775028e-01, 1.8296201e-01 
2831, 1.5935670e-01, 9.9380330e-01, 4.9295706e-01 
2832, 8.2008773e-01, 6.6546084e-01, 7.1843672e-01 
2833, 6.0092898e-01, 1.3981746e-01, 6.9802263e-01 
2834, 8.4719192e-01, 7.5601388e-01, 3.9818936e-01 
2835, 6.4381063e-01, 1.4021620e-01, 6.5990741e-01 
2836, 2.4165628e-01, 4.3393451e-01, 7.4154057e-02 
2837, 9.5666277e-01, 4.3144756e-01, 6.3628203e-01 
2838, 3.5401115e-01, 7.1997933e-01, 1.7432160e-02 
2839, 4.0254735e-02, 4.0500944e-01, 6.5380994e-01 
2840, 1.3489348e-01, 2.7630063e-01, 1.3681497e-01 
2841, 1.8281146e-01, 2.0322949e-02, 1.2884916e-01 
2842, 3.7410582e-01, 5.9415983e-05, 8.0624115e-01 
2843, 1.3910608e-01, 8.3006914e-01, 8.4392629e-01 
2844, 4.0383761e-01, 3.9658716e-01, 9.9225563e-01 
2845, 6.1761018e-01, 1.2192215e-01, 2.5876306e-01 
2846, 9.6505619e-01, 4.4208261e-02, 7.6952413e-01 
2847, 4.0723137e-01, 2.4674260e-01, 8.1826951e-01 
2848, 2.9582942e-01, 5.2616373e-01, 9.9059923e-01 
2849, 1.2924446e-01, 7.2233483e-01, 4.2645612e-02 
2850, 8.9336395e-01, 5.5032611e-01, 7.4817171e-01 
2851, 5.6816347e-01, 6.3840540e-01, 8.4353587e-01 
2852, 8.1678638e-01, 9.6511446e-01, 9.5936613e-02 
2853, 4.3566318e-01, 8.2855843e-01, 9.8596572e-01 
2854, 1.0509291e-01, 1.7341104e-02, 1.4928371e-01 
2855, 3.2087981e-01, 6.7485680e-02, 3.3647669e-01 
2856, 2.8436515e-01, 8.8043723e-01, 7.6351425e-01 
2857, 6.3648407e-02, 7.8362798e-01, 4.6396857e-01 
2858, 1.8191413e-01, 9.7927660e-01, 4.4468429e-01 
2859, 7.0034555e-01, 3.1995245e-01, 2.4550043e-01 
2860, 1.3533730e-01, 1.4784332e-01, 9.7011552e-01 
2861, 4.7628589e-02, 9.3016481e-01, 7.9754875e-01 
2862, 7.8204464e-01, 3.3025296e-01, 5.9041802e-02 
2863, 3.6854722e-01, 5.4627180e-01, 9.4547436e-01 
2864, 7.0389259e-01, 3.0791555e-01, 6.8125667e-01 
2865, 8.6527928e-02, 5.2028936e-01, 8.3878576e-01 
2866, 1.2215240e-01, 5.8675302e-01, 9.0810233e-01 
2867, 9.7184316e-01, 3.1725210e-01, 5.5222960e-01 
2868, 3.3874886e-01, 9.9954467e-01, 2.4340687e-01 
2869, 9.0864476e-01, 1.0418006e-02, 9.9236513e-01 
2870, 5.3693283e-01, 8.3683735e-01, 5.1070049e-01 
2871, 5.8254701e-01, 9.6057303e-01, 8.9589014e-01 
2872, 8.7254458e-01, 5.5705050e-01, 9.6301455e-01 
2873, 5.3656745e-01, 8.6418028e-01, 1.7296618e-01 
2874, 8.1526902e-01, 7.8915270e-01, 9.7274699e-01 
2875, 8.2459628e-01, 6.3350461e-01, 5.8656027e-01 
2876, 9.0352568e-01, 7.8735838e-01, 9.5189233e-01 
2877, 1.3985976e-01, 7.2009968e-01, 8.4400088e-01 
2878, 3.9403322e-01, 2.1021452e-01, 1.7548872e-01 
2879, 4.3100475e-03, 9.6142646e-01, 9.2972523e-01 
2880, 2.8041826e-01, 1.2635276e-01, 1.1348680e-01 
2881, 8.3528960e-01, 5.5661062e-01, 8.6131343e-01 
2882, 7.3462328e-01, 8.9208544e-01, 7.3790931e-01 
2883, 9.0598699e-01, 6.2238201e-01, 9.8024681e-01 
2884, 9.5365242e-01, 6.5303473e-01, 1.5925165e-01 
2885, 7.9817959e-01, 8.9848244e-01, 2.6532600e-01 
2886, 7.9055800e-01, 7.9762085e-01, 2.9438977e-01 
2887, 3.4813428e-01, 9.3159091e-01, 5.5559063e-01 
2888, 3.1467410e-01, 4.5259533e-01, 9.9043241e-01 
2889, 2.8458335e-01, 6.0032112e-01, 7.8910406e-01 
2890, 7.8391044e-01, 1.4669794e-01, 6.1958680e-01 
2891, 7.3437278e-01, 2.1714546e-01, 3.1672283e-01 
2892, 2.5331160e-01, 2.5614650e-01, 3.7904887e-01 
2893, 9.5240037e-01, 3.6559363e-01, 3.9513148e-01 
2894, 3.0719295e-01, 8.4897559e-01, 3.8948986e-01 
2895, 4.5107427e-02, 7.8038415e-01, 9.5614636e-01 
2896, 2.2157352e-01, 2.6662188e-01, 8.9026454e-01 
2897, 9.4131271e-01, 4.5698095e-01, 3.9386141e-01 
2898, 5.9133759e-01, 4.8888541e-01, 6.2222169e-01 
2899, 7.1001282e-01, 3.4281374e-01, 6.4537659e-01 
2900, 5.6888148e-01, 8.8763558e-01, 3.7958922e-01 
2901, 3.3158783e-01, 2.3071517e-02, 9.0965239e-01 
2902, 5.2711572e-01, 1.8802945e-01, 5.2864041e-01 
2903, 5.3404690e-01, 5.3952883e-01, 3.4874904e-02 
2904, 1.9855565e-01, 6.5039178e-01, 6.0997118e-01 
2905, 9.7178658e-01, 5.8508648e-01, 7.4154780e-01 
2906, 3.8385474e-01, 1.9448572e-01, 4.7641627e-01 
2907, 1.6943277e-01, 5.4811714e-01, 6.9793628e-01 
2908, 1.9992765e-01, 9.5327744e-01, 2.2957432e-02 
2909, 8.3320170e-01, 4.4998688e-01, 3.6390060e-01 
2910, 3.8995929e-01, 3.2455684e-01, 6.6824541e-01 
2911, 8.8307270e-01, 2.7722356e-01, 1.9165628e-01 
2912, 2.6333458e-01, 1.8278474e-01, 9.9065922e-01 
2913, 3.7349857e-01, 3.6544285e-01, 4.3252782e-01 
2914, 2.4364393e-01, 9.7288015e-01, 7.3314550e-01 
2915, 8.3888096e-01, 2.0473918e-02, 1.8827279e-01 
2916, 4.4610556e-01, 1.8085077e-01, 3.4406574e-01 
2917, 5.8579153e-01, 7.9905470e-02, 8.1788000e-01 
2918, 4.8127081e-01, 1.0985154e-01, 3.5500280e-01 
2919, 7.1691981e-01, 4.3080170e-01, 9.1531703e-01 
2920, 8.5214274e-01, 8.6576770e-01, 6.6412533e-01 
2921, 3.7431697e-01, 7.5604553e-01, 2.5832351e-01 
2922, 5.4877672e-01, 5.7346747e-01, 2.8710037e-01 
2923, 9.3817942e-01, 3.7347233e-01, 7.9328875e-01 
2924, 1.5082953e-01, 9.7760883e-01, 1.5872573e-01 
2925, 6.6565577e-01, 4.5237043e-01, 7.0917173e-01 
2926, 4.6514410e-01, 5.8480169e-01, 5.3368605e-01 
2927, 1.3878234e-01, 6.7004623e-01, 1.8716173e-01 
2928, 8.6849454e-02, 6.5085844e-01, 2.4860309e-01 
2929, 4.4827916e-02, 8.5288019e-01, 6.7857355e-02 
2930, 4.1126384e-01, 7.8396650e-01, 5.1705931e-01 
2931, 9.0917565e-01, 4.8497891e-01, 6.5526449e-01 
2932, 8.2623716e-01, 3.2677797e-02, 4.3448465e-01 
2933, 3.9473107e-01, 9.8187919e-01, 8.2353654e-02 
2934, 4.7839563e-01, 7.7720164e-01, 9.4293651e-02 
2935, 1.1245263e-01, 2.4192425e-01, 1.1192449e-01 
2936, 3.7437949e-01, 2.3303455e-01, 1.1817781e-01 
2937, 8.2891364e-01, 2.8152800e-01, 2.3935503e-01 
2938, 3.8602887e-01, 7.1742646e-01, 6.6676084e-01 
2939, 9.5462710e-01, 7.6811391e-01, 5.1566647e-03 
2940, 6.3116414e-01, 2.5920692e-01, 9.3437708e-01 
2941, 6.9109444e-01, 2.6734605e-01, 8.6320419e-01 
2942, 6.9718795e-01, 6.0985953e-01, 3.9668769e-01 
2943, 6.1426640e-01, 6.3300956e-01, 4.6801986e-01 
2944, 9.0908563e-02, 6.4356170e-01, 3.7755852e-01 
2945, 6.3904241e-01, 6.6585966e-01, 5.9652488e-01 
2946, 9.0735902e-01, 8.6717911e-01, 4.6516472e-01 
2947, 1.0681533e-01, 1.0067690e-01, 9.6641646e-01 
2948, 9.1514938e-01, 3.1331727e-01, 4.5407583e-01 
2949, 4.6296389e-02, 2.7598573e-01, 8.5792180e-01 
2950, 8.8066060e-02, 5.8416001e-01, 9.1623434e-01 
2951, 7.2810999e-01, 9.0943545e-01, 6.9486520e-02 
2952, 5.2272037e-01, 3.5982237e-01, 6.9659660e-02 
2953, 8.4461384e-01, 7.3559595e-01, 1.7941789e-01 
2954, 7.1541865e-01, 9.4043813e-01, 2.0200459e-01 
2955, 5.4777513e-01, 9.4939394e-01, 5.3235181e-02 
2956, 1.6357813e-01, 6.8624793e-01, 5.1059602e-01 
2957, 1.3125392e-03, 2.3189806e-01, 2.8248827e-01 
2958, 3.2947115e-01, 2.3383989e-01, 8.6610092e-01 
2959, 9.8262933e-01, 2.0290024e-01, 5.7996588e-01 
2960, 1.9036497e-01, 2.4109848e-01, 1.8185644e-01 
2961, 9.8750595e-01, 7.9062190e-01, 7.6673100e-01 
2962, 8.4738792e-01, 7.3044813e-02, 6.9713229e-01 
2963, 7.5470216e-01, 9.8554981e-01, 7.4769578e-01 
2964, 7.8063310e-01, 6.3096840e-02, 1.0181279e-01 
2965, 9.0971410e-01, 5.2458256e-01, 8.4881421e-01 
2966, 1.9579170e-01, 8.6950385e-01, 2.0117598e-01 
2967, 9.1763333e-02, 4.5531248e-01, 7.3941788e-01 
2968, 5.5715701e-01, 3.8828453e-01, 3.4329773e-01 
2969, 9.2131125e-01, 2.7632585e-01, 4.0311561e-01 
2970, 1.4128515e-02, 7.0062750e-01, 5.9394205e-01 
2971, 6.3277906e-02, 5.6425618e-01, 9.4688519e-01 
2972, 2.5277971e-01, 7.9698706e-01, 5.9561074e-01 
2973, 6.5372433e-01, 6.0650429e-01, 3.8820955e-01 
2974, 5.8863242e-01, 6.4079561e-01, 7.6414335e-01 
2975, 8.2401293e-01, 9.6202841e-01, 9.8559603e-01 
2976, 4.2188703e-01, 7.1371977e-01, 3.8391991e-02 
2977, 3.8368567e-01, 3.3144238e-01, 3.0011795e-01 
2978, 1.1783649e-01, 6.4667452e-01, 4.6638998e-01 
2979, 8.9936076e-01, 9.6260649e-01, 7.2991233e-01 
2980, 5.6323017e-01, 9.1156123e-01, 2.2938377e-01 
2981, 9.1013434e-01, 9.7395024e-01, 9.3443740e-01 
2982, 9.9255919e-01, 1.8001377e-01, 8.7833911e-01 
2983, 1.1429780e-02, 6.9453772e-01, 1.0908409e-01 
2984, 1.6964817e-01, 9.0718992e-01, 9.4722308e-01 
2985, 9.0947473e-01, 4.8305865e-01, 7.5150169e-01 
2986, 3.3748446e-01, 3.5132995e-01, 5.8564680e-01 
2987, 6.1132521e-01, 3.6750583e-01, 6.5338561e-01 
2988, 6.3185074e-01, 9.4020851e-01, 8.7791249e-01 
2989, 1.0457843e-01, 4.4843715e-01, 4.7955716e-01 
2990, 5.7138495e-04, 2.9590585e-02, 5.8310560e-01 
2991, 2.1485226e-01, 8.1758169e-01, 8.5348093e-01 
2992, 7.3216387e-01, 9.8392825e-01, 3.2969695e-02 
2993, 5.6772428e-01, 9.6280312e-01, 6.5582606e-01 
2994, 2.6473898e-01, 8.6869280e-01, 6.2222975e-01 
2995, 7.4816886e-01, 8.8369137e-01, 9.0222834e-01 
2996, 2.6828387e-01, 1.8318977e-01, 6.3412885e-01 
2997, 1.2675804e-01, 8.8327803e-01, 6.2928263e-01 
2998, 3.1974388e-01, 9.7930511e-01, 1.0043935e-02 
2999, 8.9418303e-01, 7.4720246e-02, 7.4443387e-01 
3000, 1.3487885e-01, 5.6703615e-02, 6.1307920e-01 
3001, 9.4349009e-01, 2.4894909e-01, 4.9300436e-01 
3002, 9.4545551e-01, 3.6592769e-01, 8.9340431e-01 
3003, 4.2262102e-01, 3.7083653e-01, 7.1371014e-01 
3004, 7.4076204e-01, 5.7194749e-01, 9.0314452e-01 
3005, 6.5928235e-01, 4.5299742e-02, 8.9575576e-01 
3006, 6.7419647e-02, 2.3210007e-01, 4.6182008e-01 
3007, 8.7712688e-01, 4.7003395e-01, 1.8237531e-02 
3008, 2.0636014e-01, 2.8815104e-01, 6.2649585e-01 
3009, 9.6948784e-01, 3.0807882e-01, 8.8207656e-01 
3010, 5.2482920e-01, 9.2461808e-01, 9.0340468e-01 
3011, 1.6401928e-01, 9.9573569e-01, 5.5993577e-01 
3012, 7.9774003e-01, 7.7020501e-01, 4.1657858e-01 
3013, 3.9284724e-01, 4.5273510e-03, 6.6418700e-01 
3014, 8.6686459e-01, 8.9769792e-01, 4.4542133e-01 
3015, 3.9291744e-01, 8.9161543e-02, 1.2741672e-01 
3016, 5.3826761e-01, 2.6489197e-01, 1.1541858e-01 
3017, 6.3765962e-01, 6.9935070e-01, 8.9257722e-01 
3018, 9.7642767e-01, 7.9657981e-01, 1.2293521e-01 
3019, 4.8273732e-01, 1.6531739e-01, 7.9489308e-01 
3020, 7.8584448e-01, 1.1269005e-01, 7.7232941e-01 
3021, 4.1727116e-01, 4.2100247e-01, 1.5692297e-01 
3022, 8.5922617e-01, 3.8452217e-01, 6.6998538e-01 
3023, 8.7959998e-02, 8.7197564e-01, 6.2093843e-01 
3024, 9.0581471e-01, 4.2206484e-01, 3.5960097e-01 
3025, 2.3444262e-01, 5.8735163e-01, 5.4821548e-01 
3026, 1.4688577e-01, 7.7313094e-01, 9.7132883e-01 
3027, 1.1085626e-01, 2.2800175e-01, 4.5782638e-01 
3028, 2.7196846e-01, 2.7225338e-01, 7.1953578e-01 
3029, 9.9033406e-01, 3.3451374e-01, 4.2624689e-01 
3030, 8.7452243e-01, 9.7390188e-01, 7.9055186e-01 
3031, 2.3312691e-01, 6.5138250e-01, 8.0230444e-01 
3032, 7.2282401e-01, 2.0461954e-01, 1.5083932e-01 
3033, 8.4894383e-01, 6.2720399e-01, 5.6570608e-02 
3034, 1.0996783e-01, 1.9477759e-01, 7.8396899e-01 
3035, 5.4278877e-01, 9.8732623e-03, 6.3040584e-01 
3036, 9.6572660e-01, 5.6438122e-01, 9.1887046e-01 
3037, 4.8666933e-01, 7.0450893e-01, 5.4017773e-01 
3038, 9.3253466e-02, 4.4539560e-02, 2.2674070e-01 
3039, 7.7675849e-01, 2.7069638e-01, 9.1676271e-01 
3040, 3.0996057e-02, 2.7075613e-01, 1.2625680e-02 
3041, 2.2710758e-01, 5.4415573e-01, 9.0389506e-02 
3042, 4.2737751e-01, 2.1573046e-01, 7.0791718e-01 
3043, 2.6582485e-01, 6.6978767e-01, 9.2376118e-01 
3044, 3.0935163e-01, 7.3292076e-01, 4.2494231e-01 
3045, 5.7603158e-01, 2.6510189e-01, 8.4040019e-01 
3046, 5.1635458e-01, 2.2047438e-02, 3.6096355e-01 
3047, 8.1414978e-01, 4.2398046e-01, 9.4725469e-01 
3048, 2.1793695e-01, 3.2916556e-01, 5.0932573e-01 
3049, 2.6715582e-01, 3.9644836e-01, 5.5049199e-01 
3050, 1.8492987e-02, 4.4532249e-01, 8.2712447e-01 
3051, 4.1234136e-01, 7.7960022e-01, 1.4666851e-01 
3052, 5.0481557e-01, 9.7538297e-01, 3.0702853e-01 
3053, 8.3757949e-01, 3.2771219e-01, 8.9155623e-01 
3054, 9.1775413e-01, 7.2510408e-01, 1.9789244e-01 
3055, 7.7700122e-01, 1.2214044e-01, 4.6281217e-01 
3056, 2.2250910e-01, 6.4927914e-01, 1.5949815e-01 
3057, 3.8479314e-01, 8.3680647e-01, 9.8183929e-01 
3058, 2.1625630e-01, 3.8120005e-01, 3.7431518e-02 
3059, 7.2084651e-01, 8.6318206e-02, 3.0633431e-02 
3060, 9.3717071e-01, 3.9135669e-01, 9.2724123e-01 
3061, 5.8940385e-01, 8.3908868e-01, 4.2131928e-01 
3062, 8.7529957e-01, 1.0648476e-01, 4.5968992e-01 
3063, 2.5405650e-01, 8.4983196e-01, 4.7127700e-01 
3064, 6.8974391e-01, 3.4324350e-01, 7.2337210e-01 
3065, 6.6998700e-02, 2.4868589e-01, 6.6215500e-01 
3066, 3.6164440e-01, 4.2421677e-01, 4.2914664e-01 
3067, 1.4692312e-02, 6.3748838e-01, 7.7866600e-01 
3068, 5.9299249e-01, 8.8721090e-02, 2.1772078e-01 
3069, 1.5920332e-01, 3.2295435e-01, 2.8375253e-01 
3070, 2.4243064e-01, 5.0731746e-01, 7.8535115e-01 
3071, 5.6164103e-01, 1.0424996e-02, 2.4426997e-01 
3072, 7.3947760e-01, 3.1541154e-01, 5.5372726e-01 
3073, 8.9837026e-01, 5.6890837e-02, 4.3875868e-01 
3074, 6.4519687e-01, 6.3660279e-01, 7.2975908e-01 
3075, 7.1683597e-01, 7.3867969e-01, 8.8555043e-01 
3076, 4.5419677e-01, 6.9260664e-01, 7.3671004e-01 
3077, 7.6069057e-01, 7.4148833e-01, 1.1896139e-01 
3078, 6.9027402e-01, 5.0822867e-02, 1.1316710e-01 
3079, 3.4396167e-01, 3.5209526e-01, 3.5110766e-01 
3080, 5.1245384e-02, 8.1023518e-01, 3.4815557e-01 
3081, 4.5531730e-01, 1.3388158e-01, 3.5341610e-01 
3082, 9.2015793e-01, 3.5959703e-01, 1.0705792e-02 
3083, 9.9867019e-01, 7.5904575e-01, 3.7902904e-02 
3084, 8.9571628e-01, 6.0184359e-01, 6.0669551e-01 
3085, 8.2574527e-02, 8.4767631e-02, 7.1079974e-01 
3086, 4.4903684e-01, 6.4380043e-01, 6.6175889e-01 
3087, 2.6377398e-01, 6.1570884e-02, 5.0191098e-01 
3088, 7.7184893e-01, 2.1102618e-01, 1.4413200e-01 
3089, 4.1997739e-01, 2.0385928e-01, 5.7153207e-01 
3090, 1.4904818e-01, 2.9012160e-01, 7.7538780e-01 
3091, 5.0545791e-01, 4.6590169e-01, 2.9632472e-01 
3092, 3.6426855e-01, 6.7231019e-01, 8.5816148e-01 
3093, 8.7863531e-01, 8.8676802e-01, 1.8399850e-01 
3094, 3.9072012e-01, 1.2775297e-01, 9.3233817e-01 
3095, 1.1049139e-02, 7.6210316e-01, 3.0011801e-01 
3096, 9.6120200e-01, 8.7416517e-01, 7.5441101e-01 
3097, 7.7220205e-01, 9.1955405e-01, 7.6708708e-01 
3098, 9.2745153e-01, 2.5631345e-01, 5.4075158e-01 
3099, 6.2326597e-03, 1.3379154e-01, 7.2724080e-02 
3100, 6.4083978e-01, 7.3024077e-01, 5.9907739e-02 
3101, 9.5589010e-01, 8.9816862e-01, 9.2978925e-01 
3102, 3.1630934e-01, 3.1412500e-01, 9.8502298e-01 
3103, 4.3313428e-01, 8.6276210e-01, 2.6695861e-01 
3104, 5.1287539e-01, 7.4324405e-02, 5.0466875e-01 
3105, 1.8591227e-02, 8.4304331e-02, 1.1447112e-01 
3106, 2.0748924e-01, 4.3605873e-02, 4.9073629e-02 
3107, 1.5983207e-01, 4.0461698e-01, 6.4693349e-01 
3108, 9.8557134e-01, 9.8738743e-01, 4.7285081e-01 
3109, 2.3440833e-01, 4.8995128e-01, 3.5088435e-01 
3110, 8.0803931e-01, 4.3615827e-01, 1.7210986e-03 
3111, 6.8241240e-01, 6.5306687e-02, 7.9890086e-01 
3112, 8.3795365e-02, 4.1314648e-01, 6.8662796e-01 
3113, 2.7981076e-01, 9.8668763e-01, 3.8197021e-01 
3114, 5.7594136e-01, 6.9146743e-01, 4.4720052e-01 
3115, 3.8255856e-02, 8.4654526e-01, 6.7372936e-01 
3116, 5.9195903e-01, 8.0142955e-01, 5.0758816e-01 
3117, 6.1788561e-01, 8.6234549e-01, 4.9465644e-02 
3118, 7.4258842e-01, 2.5561286e-01, 3.6600055e-02 
3119, 4.5111279e-01, 5.5572429e-01, 6.4048433e-02 
3120, 4.4439462e-01, 4.9543030e-01, 6.6784055e-01 
3121, 2.9578736e-02, 2.0548447e-01, 7.5385823e-01 
3122, 4.6224562e-01, 8.9202120e-01, 4.4362223e-01 
3123, 9.6904811e-01, 5.5437831e-01, 5.4069031e-01 
3124, 5.9933630e-01, 6.5449520e-01, 7.1629811e-02 
3125, 9.8333264e-02, 3.8242032e-01, 5.9329208e-02 
3126, 6.5763621e-01, 1.9981730e-02, 3.9060953e-01 
3127, 2.9328048e-01, 3.7469803e-01, 9.8415408e-01 
3128, 8.4248791e-02, 8.8804065e-03, 7.2088987e-01 
3129, 7.9372439e-01, 3.5795386e-01, 5.4949155e-01 
3130, 6.7944762e-01, 3.0454923e-01, 5.0793157e-02 
3131, 7.1776469e-01, 6.0260992e-01, 8.9789909e-01 
3132, 1.4643369e-01, 8.3309763e-01, 2.2946872e-01 
3133, 6.1618171e-01, 1.9282205e-01, 3.5624767e-01 
3134, 9.8883510e-01, 8.9918551e-01, 4.5370226e-01 
3135, 3.3155271e-01, 7.4359007e-01, 1.4577415e-01 
3136, 6.7299303e-01, 3.0425503e-01, 6.9441938e-01 
3137, 9.8758167e-01, 1.9960406e-03, 1.3365689e-01 
3138, 1.5068435e-01, 4.3619940e-01, 3.6832216e-01 
3139, 3.3961641e-01, 1.9365897e-01, 9.2936060e-01 
3140, 5.9392418e-01, 2.4630510e-01, 8.1052352e-01 
3141, 4.3580458e-01, 4.4972206e-01, 5.1322123e-01 
3142, 6.4771615e-01, 3.0684448e-01, 2.4055354e-01 
3143, 5.4725647e-01, 6.1989029e-02, 2.4862443e-01 
3144, 4.7845355e-01, 9.1902161e-01, 7.9252060e-01 
3145, 3.0386205e-02, 7.9950997e-01, 7.4936983e-01 
3146, 7.7999730e-01, 3.9007786e-02, 4.6744910e-01 
3147, 8.1569242e-01, 8.6771418e-01, 4.2022965e-01 
3148, 1.1738667e-01, 3.1055983e-01, 3.8898203e-01 
3149, 5.4173763e-01, 9.0162279e-01, 7.2914297e-01 
3150, 7.6175738e-01, 3.5952107e-01, 9.0802365e-03 
3151, 1.7638753e-01, 5.3957545e-01, 1.8814101e-01 
3152, 2.1975215e-01, 7.7987560e-01, 8.8488677e-01 
3153, 5.3343100e-01, 2.9478265e-01, 9.2620179e-01 
3154, 8.7688860e-01, 4.0916833e-01, 4.3396513e-01 
3155, 8.5932969e-01, 3.5714513e-01, 1.4104950e-01 
3156, 9.9422592e-03, 8.0503910e-01, 8.3703714e-01 
3157, 5.1066743e-01, 8.5642420e-01, 8.7858221e-02 
3158, 8.2072526e-01, 7.8627449e-01, 2.1051623e-01 
3159, 9.5423037e-01, 3.0052667e-01, 6.8209823e-01 
3160, 2.0996316e-01, 7.1321926e-01, 3.2953372e-01 
3161, 6.9629614e-01, 8.8633415e-01, 5.6127356e-01 
3162, 5.0740029e-01, 2.2651492e-01, 5.8215875e-01 
3163, 8.5468809e-01, 6.9238593e-01, 1.3086681e-01 
3164, 9.5208867e-01, 2.3776090e-01, 5.8211902e-01 
3165, 7.3248918e-01, 2.8008825e-01, 9.7192360e-01 
3166, 6.4078948e-01, 1.3230265e-01, 8.8990648e-02 
3167, 8.2057736e-02, 1.9261732e-01, 7.6589184e-01 
3168, 1.8456111e-01, 8.6303097e-02, 5.3337585e-01 
3169, 9.0368815e-02, 2.9433571e-01, 5.4754535e-01 
3170, 5.8638473e-01, 3.5157865e-01, 1.2598093e-01 
3171, 3.5833572e-01, 4.2075815e-01, 8.2159413e-01 
3172, 4.5419616e-01, 1.6841358e-01, 5.8741732e-01 
3173, 8.9743577e-01, 9.5708535e-01, 6.3961567e-01 
3174, 8.7858941e-01, 5.0428920e-01, 6.5720025e-01 
3175, 8.1639758e-01, 3.5367628e-01, 4.5173656e-03 
3176, 7.6662297e-01, 4.2340927e-01, 2.4210495e-01 
3177, 9.9195243e-01, 3.6173465e-01, 2.8183084e-01 
3178, 3.8661719e-01, 2.2497145e-01, 2.6362608e-01 
3179, 6.9258024e-01, 9.0258386e-01, 4.9752327e-01 
3180, 4.9743099e-01, 5.1381411e-01, 1.0227257e-01 
3181, 4.3942815e-01, 8.2529065e-01, 8.8952649e-01 
3182, 6.0072403e-02, 8.9722263e-01, 1.5627600e-01 
3183, 2.0421822e-01, 5.9979435e-01, 3.7476700e-01 
3184, 3.5905391e-01, 7.8109361e-02, 9.5968151e-01 
3185, 4.3531212e-01, 3.3193762e-01, 8.6341819e-01 
3186, 6.8254517e-01, 7.1296454e-02, 7.6362795e-01 
3187, 9.5299509e-01, 8.4563538e-01, 7.1950901e-01 
3188, 6.9375316e-01, 3.6697978e-01, 1.8772955e-01 
3189, 4.1665608e-01, 5.4990430e-01, 5.0621183e-01 
3190, 7.6736155e-01, 1.9882833e-01, 3.4904451e-01 
3191, 7.5588457e-01, 6.9250499e-02, 6.6981105e-01 
3192, 4.5298500e-01, 9.0140660e-02, 5.1167267e-01 
3193, 1.9699835e-01, 7.2721464e-01, 7.3647838e-01 
3194, 5.5895603e-01, 2.7182706e-01, 9.7058117e-01 
3195, 9.6636077e-01, 8.0234171e-01, 9.2022401e-01 
3196, 7.7108507e-01, 1.7371175e-01, 3.7267792e-01 
3197, 5.3467167e-01, 6.3869545e-01, 8.4198318e-01 
3198, 3.3713380e-01, 3.9852304e-01, 7.9958037e-01 
3199, 8.8296392e-02, 4.4265618e-01, 7.7649460e-01 
3200, 3.0905826e-01, 2.9392368e-01, 5.5944670e-01 
3201, 8.6675335e-01, 2.4892175e-01, 2.8503003e-01 
3202, 9.7829557e-01, 4.3410332e-01, 9.2335882e-01 
3203, 7.3996326e-01, 7.1205622e-01, 1.1806238e-01 
3204, 5.1288439e-02, 4.9861343e-01, 3.1196585e-01 
3205, 7.3487803e-01, 1.0880348e-01, 5.0393962e-01 
3206, 2.2164157e-01, 2.4685382e-03, 1.9700459e-01 
3207, 6.5366516e-01, 5.3123308e-01, 7.2149067e-03 
3208, 7.1519485e-01, 1.3330820e-01, 9.0881541e-01 
3209, 1.8346003e-01, 3.6357580e-01, 6.3941638e-01 
3210, 6.4823754e-01, 1.1764154e-01, 2.9649762e-01 
3211, 3.7384227e-01, 1.1837806e-01, 2.9002203e-01 
3212, 8.0876043e-01, 1.8016399e-01, 3.9347390e-01 
3213, 9.1394101e-01, 3.5478553e-01, 9.4061900e-01 
3214, 8.4246867e-01, 4.3785578e-01, 3.3119280e-01 
3215, 5.7086160e-01, 8.6170469e-01, 8.0198894e-01 
3216, 2.9822648e-01, 6.8028221e-01, 4.4392298e-01 
3217, 5.4380464e-01, 3.2305297e-01, 5.1522555e-01 
3218, 4.6355171e-01, 7.2969210e-01, 2.5774077e-01 
3219, 3.4483317e-01, 4.2886625e-01, 2.9406482e-02 
3220, 9.8583518e-01, 7.1112139e-01, 1.2703798e-03 
3221, 1.2091037e-02, 1.3440396e-02, 2.8872609e-01 
3222, 6.4329321e-01, 9.2717920e-01, 5.5158198e-01 
3223, 7.4764487e-02, 4.7776910e-01, 6.9912373e-01 
3224, 7.5720619e-01, 3.4605156e-01, 9.1902347e-01 
3225, 1.4215548e-01, 3.6025035e-01, 5.9064122e-01 
3226, 6.8527697e-01, 9.4173972e-01, 3.2247437e-02 
3227, 6.1177937e-01, 8.1755452e-01, 8.6194851e-01 
3228, 9.4338239e-01, 9.3457277e-01, 1.9858533e-01 
3229, 9.2785705e-01, 1.5180447e-01, 2.1099870e-01 
3230, 9.1992109e-01, 3.1799372e-02, 6.8842887e-01 
3231, 3.8981605e-01, 9.8371060e-01, 3.2595392e-01 
3232, 5.0385482e-01, 5.3058409e-01, 1.1486892e-02 
3233, 1.5473918e-01, 1.3314290e-01, 7.5753355e-01 
3234, 5.8682429e-01, 7.4484003e-01, 4.7230939e-01 
3235, 7.2234401e-01, 6.1953932e-01, 5.3832168e-01 
3236, 1.0814368e-01, 5.2341759e-01, 9.8511688e-01 
3237, 8.5317634e-01, 3.4361050e-01, 4.7117954e-01 
3238, 8.9936015e-01, 5.7027043e-01, 9.3658023e-02 
3239, 8.9386867e-01, 6.7377361e-01, 6.1693311e-01 
3240, 9.7962964e-01, 2.3762915e-01, 4.3645885e-01 
3241, 8.6448632e-01, 8.5650461e-01, 3.6662354e-01 
3242, 3.7471888e-01, 9.0275634e-01, 9.8273466e-01 
3243, 3.1430573e-03, 2.1482366e-01, 1.2498203e-01 
3244, 1.9896299e-01, 5.7111413e-01, 8.1859226e-01 
3245, 6.2485521e-01, 3.5444795e-01, 9.3866276e-01 
3246, 6.8657517e-01, 9.9805167e-01, 5.1367695e-01 
3247, 4.3146094e-01, 6.6334363e-01, 1.0828162e-01 
3248, 4.0797717e-01, 2.3649676e-01, 2.0355831e-01 
3249, 1.1801593e-01, 5.6859834e-02, 3.9757863e-01 
3250, 1.8045905e-02, 8.5084645e-01, 2.1954807e-01 
3251, 6.6661573e-02, 2.8340142e-01, 7.3384382e-01 
3252, 4.6282051e-01, 3.5766153e-01, 4.2172550e-01 
3253, 1.9129587e-01, 9.0136196e-01, 2.8786148e-02 
3254, 5.8582454e-02, 1.2732546e-01, 6.6542220e-01 
3255, 4.2637795e-01, 4.9406157e-01, 1.5499479e-02 
3256, 9.8757268e-01, 6.7096036e-01, 4.6549391e-01 
3257, 2.4841563e-02, 3.3415272e-03, 1.0074374e-01 
3258, 2.4325441e-01, 1.7757297e-01, 1.7838311e-01 
3259, 4.6194835e-01, 2.6315994e-01, 2.2873726e-01 
3260, 5.9752421e-01, 4.0776144e-01, 4.4323289e-01 
3261, 5.9106063e-01, 5.3708287e-01, 9.4761208e-01 
3262, 7.3640968e-01, 4.1172004e-01, 9.7083227e-01 
3263, 9.7865970e-01, 6.0146771e-01, 3.7291233e-01 
3264, 2.1206857e-01, 3.0424434e-01, 4.6117329e-01 
3265, 4.7990308e-01, 4.5212872e-01, 3.2362424e-01 
3266, 2.5652170e-01, 9.8281196e-01, 4.6691548e-01 
3267, 3.6303731e-02, 3.4709390e-01, 8.9004353e-01 
3268, 4.7014121e-01, 5.4387196e-01, 4.2562031e-01 
3269, 8.9898745e-01, 3.2301251e-01, 4.8605226e-01 
3270, 3.9132421e-01, 6.7740717e-01, 4.4052966e-01 
3271, 8.4226736e-01, 1.2022218e-01, 1.0213699e-01 
3272, 4.3349961e-01, 4.5191325e-02, 1.9168314e-01 
3273, 6.4030524e-01, 7.0335939e-01, 9.8380459e-01 
3274, 1.2249093e-01, 2.4685298e-01, 7.0225806e-01 
3275, 7.6111277e-01, 9.7584913e-01, 6.2500165e-01 
3276, 9.2057513e-01, 7.9798773e-01, 1.3611815e-01 
3277, 5.8720457e-01, 2.6112473e-01, 6.7030200e-01 
3278, 5.5823594e-01, 3.0158640e-01, 4.7568239e-01 
3279, 1.3852213e-01, 7.7071571e-01, 8.2509478e-01 
3280, 5.6226664e-01, 1.4949068e-01, 7.5941561e-01 
3281, 3.4078152e-02, 1.3604987e-01, 4.5927913e-01 
3282, 1.3217808e-01, 4.7455596e-01, 2.7464528e-01 
3283, 2.2782399e-01, 1.0986109e-01, 2.8595488e-01 
3284, 7.4665135e-01, 7.4205473e-01, 8.3861012e-01 
3285, 1.2490107e-01, 7.8660283e-03, 8.1748382e-01 
3286, 6.9920246e-01, 5.6995445e-01, 4.2888753e-02 
3287, 5.3249340e-01, 8.4461906e-01, 9.2501654e-01 
3288, 5.5151042e-01, 1.5864566e-01, 6.7934565e-01 
3289, 8.4776263e-01, 7.9258123e-01, 6.6702186e-01 
3290, 2.6571825e-01, 3.1626267e-01, 4.4547471e-02 
3291, 8.8075595e-01, 7.4805835e-01, 5.6050455e-01 
3292, 2.2687007e-01, 5.5166032e-01, 9.3230289e-01 
3293, 8.8609208e-01, 9.3401719e-01, 4.1836666e-01 
3294, 4.5548101e-01, 8.0285187e-01, 6.1563728e-01 
3295, 2.9517467e-01, 4.2354499e-01, 7.9569471e-01 
3296, 4.7039219e-01, 6.1437849e-01, 2.1328994e-01 
3297, 1.1149567e-01, 1.3233660e-01, 9.3649214e-01 
3298, 7.4285539e-01, 2.6779943e-01, 1.2101393e-01 
3299, 8.9803777e-01, 2.3064439e-01, 4.1919072e-01 
3300, 9.9346339e-01, 5.6001917e-01, 4.7392391e-01 
3301, 9.4161777e-02, 1.9238930e-01, 1.0354168e-01 
3302, 7.9321846e-01, 8.0902850e-01, 8.7170928e-01 
3303, 6.0622740e-01, 8.0731791e-01, 4.3649371e-01 
3304, 7.1714970e-01, 9.7226318e-01, 1.4429044e-01 
3305, 9.9389213e-01, 1.5248275e-01, 4.9845150e-01 
3306, 4.2027342e-01, 8.0173431e-01, 9.0184604e-01 
3307, 2.7843350e-01, 6.0571354e-01, 2.8863519e-01 
3308, 2.8886151e-01, 4.1059675e-01, 6.8398998e-01 
3309, 3.9184443e-01, 8.4469838e-01, 9.2096894e-01 
3310, 1.9673705e-02, 4.2258889e-01, 1.6304907e-01 
3311, 3.2287869e-01, 8.0434520e-01, 8.8838414e-01 
3312, 5.3703062e-01, 5.1897996e-01, 1.0167317e-01 
3313, 5.8036133e-01, 9.3684114e-01, 1.3394859e-01 
3314, 1.0544593e-01, 9.7628411e-01, 9.5609690e-01 
3315, 8.7232179e-01, 6.5985121e-01, 4.0687364e-02 
3316, 6.9816797e-01, 6.9144123e-02, 6.7015313e-01 
3317, 5.7230351e-01, 6.4332059e-01, 7.9489227e-01 
3318, 6.9992642e-01, 6.8456073e-01, 5.2049952e-01 
3319, 9.5146945e-01, 9.7121112e-01, 2.0247348e-01 
3320, 1.1038195e-02, 5.5013773e-01, 1.5259347e-01 
3321, 9.9205265e-01, 2.3400785e-01, 7.0044118e-01 
3322, 2.7702584e-01, 9.0438758e-01, 4.2483688e-01 
3323, 9.4843253e-01, 8.1730541e-02, 4.5118333e-01 
3324, 9.6214037e-01, 9.8585479e-01, 5.7974756e-01 
3325, 6.4592148e-01, 4.7685014e-01, 3.9657574e-01 
3326, 1.6172240e-01, 4.8685136e-02, 6.6039402e-01 
3327, 5.9784173e-02, 9.0590755e-01, 2.1389464e-01 
3328, 7.4601883e-02, 8.5019899e-01, 2.7528342e-01 
3329, 7.1169197e-01, 8.2981352e-01, 8.5400024e-01 
3330, 8.3250730e-01, 3.9047858e-01, 1.6597021e-01 
3331, 8.1452789e-01, 8.4284096e-01, 8.4206242e-02 
3332, 4.0754033e-02, 2.2858317e-01, 3.6484170e-01 
3333, 9.2187395e-01, 3.1848759e-02, 8.4106232e-01 
3334, 8.7885326e-02, 3.7564915e-01, 2.0018102e-01 
3335, 5.6606284e-01, 2.1071862e-01, 2.7560690e-02 
3336, 6.3637049e-01, 3.4317083e-02, 6.3706271e-01 
3337, 7.5685470e-01, 5.7293844e-01, 3.1705160e-01 
3338, 4.9406989e-01, 9.3970209e-01, 2.2453204e-01 
3339, 9.8498129e-01, 7.9345215e-01, 8.3903926e-01 
3340, 9.8990772e-01, 8.9376119e-01, 1.2956835e-01 
3341, 6.7054049e-01, 3.9876746e-01, 8.3416220e-01 
3342, 3.7250999e-01, 8.8859131e-01, 4.2589590e-01 
3343, 4.2555047e-01, 1.2875214e-01, 1.2639344e-01 
3344, 2.4191001e-01, 7.1677512e-01, 7.6184245e-01 
3345, 3.1975994e-01, 1.4201774e-03, 3.0641853e-01 
3346, 1.2634338e-01, 4.2023297e-01, 7.0130754e-01 
3347, 9.9641075e-01, 2.2318757e-01, 2.8310234e-01 
3348, 5.0067551e-01, 1.9117671e-01, 2.3660188e-01 
3349, 4.0801956e-01, 4.8032756e-01, 8.3876497e-01 
3350, 6.1531110e-01, 2.8908767e-01, 3.0561895e-01 
3351, 5.4336644e-01, 3.7474956e-01, 2.8315397e-01 
3352, 3.6653247e-01, 3.1911093e-01, 3.7031447e-01 
3353, 2.2110752e-01, 8.3293099e-01, 5.0046566e-02 
3354, 5.5928570e-01, 7.9293773e-01, 7.3228422e-01 
3355, 3.2520884e-01, 6.6808058e-02, 8.8413316e-01 
3356, 8.1584286e-01, 2.6846332e-01, 6.8620793e-01 
3357, 2.1943672e-01, 7.1137404e-01, 3.6769455e-01 
3358, 4.4809457e-01, 6.1342427e-01, 8.4786877e-01 
3359, 7.6054886e-01, 1.0060077e-01, 8.3013671e-01 
3360, 5.7708473e-01, 9.7517768e-01, 2.3408329e-01 
3361, 2.3430200e-01, 7.5692533e-02, 1.7330266e-01 
3362, 9.6423108e-01, 2.0605328e-01, 5.1260107e-01 
3363, 9.5989081e-01, 1.6240417e-01, 8.9252805e-01 
3364, 3.7180165e-01, 4.5906909e-01, 9.3812875e-01 
3365, 4.9443900e-01, 7.5778788e-01, 1.9000193e-01 
3366, 9.2881871e-01, 6.1329465e-01, 1.1618323e-01 
3367, 3.5159810e-01, 1.7892333e-01, 6.3221851e-01 
3368, 7.8930543e-01, 4.1766173e-01, 7.9627268e-01 
3369, 2.1712853e-01, 5.4324286e-02, 6.1152357e-01 
3370, 9.8918771e-01, 9.4015367e-02, 7.4788402e-01 
3371, 7.4913928e-01, 4.3750766e-02, 8.3112384e-02 
3372, 8.3611163e-01, 9.0014469e-01, 6.8623963e-01 
3373, 8.3590485e-01, 5.6309323e-01, 8.2019833e-01 
3374, 3.1989302e-01, 4.3548370e-01, 3.5036558e-01 
3375, 4.4390618e-01, 3.1722942e-01, 4.4127799e-01 
3376, 7.3600284e-01, 6.1543751e-01, 7.0053523e-01 
3377, 9.0906675e-01, 8.0701120e-01, 7.3366656e-01 
3378, 2.3869103e-01, 4.8631144e-02, 6.6479252e-01 
3379, 4.0669614e-01, 4.7131912e-01, 4.8602988e-01 
3380, 3.4305170e-01, 5.6517313e-01, 9.0265976e-01 
3381, 6.3636639e-01, 3.7435369e-01, 4.9819531e-01 
3382, 8.6895025e-01, 3.6806760e-01, 7.7552134e-01 
3383, 7.7749403e-01, 6.7049491e-01, 5.0418812e-02 
3384, 6.0622055e-01, 4.2774849e-01, 3.8605984e-01 
3385, 5.6946810e-01, 6.5962638e-01, 7.2870343e-01 
3386, 3.5354180e-02, 4.9616356e-01, 9.0329291e-01 
3387, 7.0897641e-01, 5.6086652e-01, 4.1163872e-01 
3388, 7.5391166e-01, 6.0297204e-01, 2.7393107e-01 
3389, 2.3112313e-01, 7.6840688e-01, 1.2160821e-01 
3390, 6.1524255e-01, 5.7342407e-01, 9.3467216e-01 
3391, 4.3296712e-01, 5.8125868e-01, 7.2599198e-01 
3392, 9.2717792e-01, 9.4566309e-02, 6.7560745e-01 
3393, 5.2199495e-02, 9.6566211e-01, 3.0134833e-02 
3394, 9.2714360e-01, 6.8316330e-01, 7.9949516e-01 
3395, 5.9419952e-01, 4.4346708e-01, 3.5900888e-01 
3396, 5.7525912e-01, 6.7914127e-01, 8.9591912e-01 
3397, 8.9070771e-01, 4.8142171e-01, 9.9951419e-01 
3398, 4.2318667e-01, 5.3187092e-01, 9.0171072e-01 
3399, 8.4931560e-01, 5.5847465e-01, 1.3461582e-02 
3400, 9.4932067e-01, 5.0119753e-01, 9.8351809e-01 
3401, 8.4357405e-01, 6.0675510e-01, 5.1363324e-01 
3402, 2.2018852e-03, 9.0296335e-01, 5.6492769e-01 
3403, 4.5697343e-01, 7.9141769e-01, 3.5499286e-01 
3404, 7.4938793e-01, 3.8561995e-01, 6.2691262e-01 
3405, 8.1381676e-01, 5.0789683e-01, 4.5583851e-01 
3406, 3.9366033e-01, 2.7071683e-01, 2.7501651e-01 
3407, 6.8412674e-01, 5.4054917e-01, 9.3305337e-01 
3408, 8.5108393e-01, 1.2882950e-01, 8.1854707e-01 
3409, 9.4274702e-01, 5.4803961e-01, 3.9521346e-01 
3410, 9.3705426e-01, 6.0109837e-01, 5.2829352e-01 
3411, 2.1926974e-02, 8.9284863e-01, 2.9127440e-01 
3412, 2.5149498e-01, 8.5324584e-02, 7.2253554e-01 
3413, 1.3156363e-01, 7.0717230e-01, 5.7047944e-01 
3414, 5.4972034e-01, 4.4597877e-01, 8.5668155e-01 
3415, 3.8395948e-01, 6.0450068e-02, 6.1351862e-01 
3416, 8.9244699e-01, 1.7539494e-01, 8.6536062e-01 
3417, 7.3975123e-01, 1.0041446e-01, 2.0646257e-01 
3418, 2.1742907e-01, 4.0523897e-01, 5.5949191e-01 
3419, 8.1299681e-01, 2.0138441e-01, 3.6853428e-01 
3420, 5.4486612e-02, 7.7763707e-01, 8.1344529e-01 
3421, 7.9700967e-01, 4.7163576e-01, 3.4348485e-02 
3422, 6.0968432e-01, 9.5096390e-01, 1.3565736e-01 
3423, 7.9230559e-02, 8.5336312e-01, 9.2103168e-01 
3424, 5.7855301e-01, 2.9321661e-01, 9.9039935e-01 
3425, 2.5845922e-01, 6.9717343e-01, 9.8199281e-01 
3426, 4.6668780e-02, 1.4478922e-01, 9.8070586e-01 
3427, 4.8233499e-02, 5.8741681e-01, 4.5500031e-01 
3428, 7.7219350e-01, 4.3272241e-01, 2.7411901e-01 
3429, 6.2066137e-02, 8.6653623e-02, 6.0051786e-01 
3430, 2.6308279e-01, 6.9851418e-01, 7.9107894e-01 
3431, 3.9623351e-01, 8.5195121e-01, 1.9297838e-01 
3432, 5.4624156e-01, 6.1738606e-01, 9.8387967e-01 
3433, 7.4644483e-01, 9.1384984e-01, 5.8218766e-01 
3434, 1.6191243e-01, 6.0618298e-01, 5.4375887e-01 
3435, 8.2534928e-01, 4.5385536e-01, 2.6973892e-01 
3436, 8.5280576e-02, 8.0492563e-01, 7.9903813e-01 
3437, 2.1410425e-01, 6.5045757e-01, 9.4690527e-01 
3438, 3.2023876e-01, 3.0190685e-01, 1.9775829e-01 
3439, 2.5999387e-01, 3.3814281e-02, 8.9153658e-01 
3440, 2.6507038e-01, 4.6976103e-01, 6.6078085e-01 
3441, 1.5327511e-01, 6.0254066e-01, 5.8932038e-01 
3442, 9.1150689e-01, 2.4577181e-01, 5.6924111e-01 
3443, 3.6576912e-01, 5.0343426e-01, 4.5267713e-01 
3444, 3.8449995e-01, 6.4834333e-01, 8.9238799e-01 
3445, 9.1888280e-01, 7.1952849e-01, 6.4276104e-01 
3446, 3.5357174e-01, 3.1965950e-01, 2.1930530e-01 
3447, 5.1079222e-01, 5.5919501e-01, 2.3205968e-01 
3448, 3.4578262e-01, 4.7184333e-01, 1.2181843e-01 
3449, 2.4187959e-01, 4.7841925e-01, 8.5592297e-01 
3450, 5.0321341e-01, 8.5434878e-02, 7.9437867e-01 
3451, 4.9979552e-02, 2.6889223e-01, 1.2342059e-01 
3452, 4.3034127e-01, 2.6458475e-01, 5.7633223e-01 
3453, 3.0889350e-01, 2.8333460e-02, 8.4720094e-01 
3454, 4.1673900e-01, 3.9163475e-01, 2.4807467e-01 
3455, 6.0967566e-01, 7.3841398e-01, 4.9616491e-01 
3456, 7.0106349e-01, 2.0910385e-01, 4.4623669e-01 
3457, 5.2877028e-01, 7.6086518e-01, 3.5012258e-01 
3458, 9.5935368e-02, 2.6588466e-01, 2.4464609e-01 
3459, 6.1228081e-01, 4.0780030e-01, 5.1849571e-01 
3460, 8.2279365e-01, 3.3280643e-01, 8.3924210e-01 
3461, 4.1074347e-02, 8.2485110e-01, 8.8930028e-01 
3462, 6.0488121e-01, 2.9360975e-01, 2.1850558e-01 
3463, 6.7243586e-01, 9.1703888e-01, 6.0122357e-01 
3464, 4.1423106e-01, 8.5008933e-01, 3.1812806e-01 
3465, 4.5185936e-01, 7.7786096e-01, 1.3626639e-01 
3466, 9.2156669e-01, 9.9031980e-01, 7.8857177e-01 
3467, 9.4300073e-01, 3.4816277e-01, 8.5370460e-01 
3468, 8.3901264e-01, 6.5132757e-01, 7.3986237e-01 
3469, 4.5988185e-01, 2.9687567e-02, 8.0074540e-01 
3470, 6.2540315e-01, 7.3357708e-01, 6.2009865e-01 
3471, 8.5154301e-01, 8.7222867e-01, 9.6228112e-01 
3472, 4.2954338e-02, 8.6045526e-01, 7.8602402e-01 
3473, 1.8550229e-01, 8.6151675e-01, 6.6888539e-01 
3474, 6.9082424e-01, 9.8002339e-02, 6.8646731e-01 
3475, 8.7249872e-01, 5.8246205e-01, 5.0463936e-01 
3476, 3.0257328e-01, 9.3106436e-02, 5.5472999e-01 
3477, 4.3498543e-01, 6.3132108e-01, 2.1500072e-01 
3478, 9.0353750e-01, 1.4007885e-01, 4.4630048e-01 
3479, 9.9111132e-01, 6.0134321e-01, 9.6279750e-01 
3480, 1.0971666e-01, 1.6836013e-01, 1.2400045e-01 
3481, 5.3529159e-02, 1.0119352e-01, 5.1183818e-01 
3482, 6.2950603e-01, 6.7673416e-01, 2.7422401e-01 
3483, 6.4889840e-01, 7.2210104e-01, 4.9450456e-01 
3484, 3.0544635e-01, 7.9048639e-01, 8.8615783e-02 
3485, 3.4189704e-01, 3.2455408e-01, 3.5815075e-02 
3486, 3.7704814e-01, 1.7642445e-01, 3.5893126e-01 
3487, 4.6121571e-01, 1.0654099e-01, 7.9089876e-02 
3488, 6.6622476e-01, 4.9066470e-01, 8.8270823e-01 
3489, 1.5247765e-01, 3.0249190e-02, 2.6376244e-02 
3490, 3.5597044e-01, 2.1814255e-01, 3.8186506e-02 
3491, 2.5474308e-01, 5.1029070e-01, 7.0615040e-01 
3492, 2.9037826e-01, 4.4149058e-01, 3.9416116e-01 
3493, 5.0330631e-01, 8.0785427e-01, 3.8657829e-01 
3494, 1.6471395e-01, 4.9743586e-01, 8.1686655e-01 
3495, 6.3241009e-02, 8.7110633e-02, 5.5878168e-01 
3496, 6.2168628e-01, 7.5900697e-01, 1.6692828e-01 
3497, 5.5580452e-01, 2.4330467e-01, 8.1926077e-01 
3498, 5.3511437e-02, 9.8454973e-01, 7.0665192e-01 
3499, 7.1987278e-01, 2.8097863e-01, 4.4920432e-01 
3500, 4.5697394e-01, 8.2236346e-01, 7.2945604e-01 
3501, 4.4937732e-01, 9.2941061e-01, 3.5718895e-02 
3502, 4.2320724e-01, 2.7161050e-01, 1.5606978e-01 
3503, 3.4486985e-01, 6.6417197e-01, 7.5348754e-01 
3504, 2.8600046e-02, 2.0748826e-01, 1.8383677e-01 
3505, 5.9845701e-01, 5.1776173e-01, 2.1963646e-01 
3506, 2.6701327e-01, 8.6192773e-01, 3.7976068e-01 
3507, 6.8561659e-01, 5.1145164e-01, 7.0355847e-02 
3508, 2.2887441e-01, 3.5346483e-01, 9.6234678e-01 
3509, 2.1400592e-01, 1.8682566e-02, 2.4908964e-01 
3510, 2.5860089e-01, 2.2133449e-01, 9.5468824e-01 
3511, 9.7135786e-01, 6.0213687e-01, 6.0064220e-01 
3512, 2.8440216e-01, 6.9481738e-01, 1.8407215e-01 
3513, 6.7377710e-01, 7.5879701e-01, 3.5649588e-02 
3514, 8.2284647e-01, 3.1936399e-01, 2.2588102e-01 
3515, 6.5502922e-01, 7.0430690e-01, 6.8461003e-01 
3516, 5.8572808e-01, 8.8112477e-01, 6.4546432e-01 
3517, 1.2666676e-01, 8.8847645e-02, 6.6680554e-01 
3518, 3.4483003e-01, 8.1380198e-01, 6.6623192e-01 
3519, 6.6815552e-01, 1.4633563e-01, 6.3500378e-01 
3520, 2.3691743e-01, 9.4242034e-01, 8.8700144e-01 
3521, 4.1437415e-01, 1.1940833e-01, 4.5696475e-01 
3522, 1.4044377e-01, 1.4671250e-01, 7.2033113e-01 
3523, 3.9251666e-03, 3.8646588e-01, 6.0560897e-01 
3524, 7.0486664e-01, 8.6865648e-01, 1.9090492e-02 
3525, 1.6763585e-01, 7.4368710e-01, 3.2737126e-01 
3526, 7.7011332e-01, 7.6187880e-01, 4.0202867e-01 
3527, 2.5159987e-01, 9.3324958e-01, 1.8807111e-01 
3528, 1.2660758e-01, 7.8224938e-02, 8.0642074e-01 
3529, 5.4811444e-01, 8.8911216e-01, 1.0108430e-01 
3530, 5.2878165e-01, 4.8086087e-01, 6.8223055e-01 
3531, 2.8674128e-02, 7.3960191e-01, 8.7125844e-01 
3532, 5.5538160e-01, 6.9995127e-01, 1.8873043e-01 
3533, 1.5299032e-02, 2.4863909e-01, 8.5422205e-01 
3534, 7.5260225e-01, 5.3400350e-01, 8.2757036e-01 
3535, 2.3782944e-02, 2.7653170e-01, 7.5299158e-01 
3536, 6.9169372e-01, 4.8584725e-01, 9.0602882e-01 
3537, 7.3132630e-01, 2.8467795e-01, 8.6329410e-01 
3538, 5.8117275e-01, 2.0857497e-01, 1.3141398e-01 
3539, 2.1686494e-01, 3.5219922e-01, 2.2728559e-01 
3540, 9.1437059e-01, 1.9163622e-01, 8.9578115e-01 
3541, 7.6878823e-01, 8.9717193e-01, 1.5387548e-01 
3542, 8.9767140e-01, 1.6215613e-01, 9.6986997e-01 
3543, 4.1882515e-01, 6.2438058e-01, 3.9499328e-01 
3544, 9.0220247e-01, 3.2877157e-01, 8.5505665e-01 
3545, 6.5724965e-01, 1.9187058e-02, 2.6267116e-01 
3546, 4.9600478e-01, 2.8656389e-01, 7.6440041e-01 
3547, 5.4444672e-01, 5.3564494e-01, 2.2080331e-01 
3548, 6.3484924e-01, 4.1662161e-01, 4.6553786e-01 
3549, 2.0926123e-01, 5.8061229e-01, 1.0113761e-01 
3550, 9.7759968e-01, 6.6022826e-01, 6.8796965e-01 
3551, 5.7200825e-01, 1.5740918e-01, 7.1312441e-01 
3552, 6.4647317e-01, 7.1804894e-01, 4.3468033e-01 
3553, 9.6861566e-01, 5.9459259e-01, 4.4031564e-01 
3554, 2.6430872e-01, 4.7032938e-01, 8.0213222e-01 
3555, 4.9951933e-01, 6.7722350e-01, 9.4844223e-01 
3556, 2.0695965e-01, 8.5511377e-01, 7.1218041e-01 
3557, 3.9041174e-01, 6.8099698e-01, 9.3255878e-01 
3558, 6.5659119e-01, 3.8345653e-01, 6.1863092e-01 
3559, 2.0918729e-01, 9.4511326e-01, 1.5102856e-01 
3560, 7.0492549e-02, 3.0150877e-01, 5.7347087e-01 
3561, 9.9988937e-01, 2.3079554e-01, 9.7460136e-01 
3562, 3.6771225e-01, 4.2330654e-02, 4.4171453e-01 
3563, 6.4964114e-01, 7.1715683e-01, 3.4050782e-01 
3564, 3.3415240e-02, 3.8593618e-01, 8.7114856e-02 
3565, 9.1261040e-01, 9.7598962e-01, 1.5455576e-01 
3566, 1.3479894e-01, 2.3762963e-01, 1.1856273e-02 
3567, 3.4717606e-01, 9.9126779e-01, 7.0872098e-01 
3568, 2.1857120e-01, 4.4430949e-01, 4.3060961e-01 
3569, 2.4806108e-02, 2.7247559e-01, 3.8014398e-01 
3570, 9.9650306e-01, 7.6683627e-01, 2.5284621e-01 
3571, 5.7350585e-01, 6.0924812e-01, 8.0236287e-01 
3572, 1.0936395e-01, 9.0961457e-01, 8.4769632e-01 
3573, 6.7987967e-01, 7.3122642e-01, 1.1730207e-01 
3574, 1.4462527e-01, 3.5988723e-01, 6.3961672e-01 
3575, 1.9160775e-01, 1.4356337e-01, 8.7582736e-01 
3576, 4.7398975e-01, 2.3188926e-01, 3.2126001e-01 
3577, 5.8564405e-02, 5.6753639e-01, 1.1299004e-01 
3578, 2.2926434e-01, 6.9581691e-01, 1.4260646e-01 
3579, 9.4191990e-01, 4.2124134e-01, 2.9264330e-01 
3580, 3.9532310e-02, 8.7807395e-01, 6.5566568e-01 
3581, 6.5675893e-01, 6.8363218e-01, 7.9468799e-01 
3582, 2.5416007e-01, 7.6717941e-02, 3.8933756e-02 
3583, 5.3862913e-01, 1.6358046e-01, 5.4500591e-01 
3584, 2.8385512e-01, 9.9040422e-01, 6.0176426e-01 
3585, 9.9493715e-01, 1.2003233e-01, 8.9934756e-01 
3586, 4.4532563e-01, 7.3584638e-01, 9.3948541e-01 
3587, 9.7660141e-01, 6.3069133e-01, 8.6164170e-01 
3588, 9.0439644e-01, 2.0485061e-01, 4.7153962e-02 
3589, 6.6546066e-01, 1.1849936e-01, 7.9514527e-01 
3590, 7.9096467e-01, 5.0557181e-01, 1.8678419e-01 
3591, 6.7183206e-01, 4.2276558e-01, 7.3846792e-02 
3592, 8.9903111e-01, 4.4348354e-01, 6.2959740e-01 
3593, 4.7499474e-01, 2.3096189e-01, 6.0235747e-01 
3594, 2.8089751e-01, 9.1711425e-01, 6.5415432e-01 
3595, 1.7199284e-01, 2.5511408e-01, 5.0856981e-01 
3596, 2.8480093e-01, 6.2001053e-01, 2.0811330e-01 
3597, 6.8577120e-01, 8.1905692e-02, 3.0736881e-01 
3598, 6.3961513e-01, 8.9162822e-01, 3.7120864e-01 
3599, 7.4139831e-01, 4.9452987e-01, 5.6407000e-01 
3600, 3.3157985e-01, 1.9434643e-01, 4.0035345e-02 
3601, 3.9513122e-01, 2.6147435e-01, 1.2789423e-01 
3602, 6.7695827e-01, 9.3516681e-01, 2.8181455e-01 
3603, 7.5450231e-01, 2.9323615e-01, 5.2406762e-01 
3604, 4.4682722e-01, 7.7196231e-01, 4.4951949e-01 
3605, 2.2397748e-01, 4.1115209e-01, 5.0776314e-01 
3606, 8.7046135e-01, 2.2155864e-01, 1.8755690e-01 
3607, 1.8740176e-01, 8.4793874e-01, 2.4372380e-01 
3608, 1.8495388e-01, 8.6974846e-01, 9.3105120e-01 
3609, 1.8522395e-01, 7.4563357e-01, 2.4088785e-01 
3610, 2.7799258e-01, 2.1992759e-01, 3.4772930e-01 
3611, 9.6221571e-01, 2.7934635e-01, 8.4984839e-01 
3612, 2.8063115e-01, 5.4718945e-01, 8.9579505e-01 
3613, 7.0586112e-01, 7.3735881e-01, 4.4346658e-01 
3614, 3.2690864e-01, 3.7204024e-01, 7.5049477e-01 
3615, 9.8406157e-01, 5.2806395e-01, 7.9984762e-01 
3616, 8.1541859e-01, 6.9434840e-01, 7.3142875e-01 
3617, 6.6722856e-01, 9.5675347e-01, 6.7231506e-02 
3618, 4.4510631e-01, 7.1763463e-01, 7.1923971e-01 
3619, 9.0254333e-01, 6.9728976e-01, 4.2467466e-01 
3620, 7.7258798e-01, 4.7374795e-01, 5.1618315e-01 
3621, 1.7157465e-01, 8.7440498e-01, 1.7618432e-01 
3622, 3.8596392e-01, 7.9610384e-01, 8.6930704e-01 
3623, 1.2169247e-01, 2.1663005e-01, 3.3559697e-01 
3624, 7.9819874e-01, 8.6050207e-01, 9.1131751e-01 
3625, 2.2469547e-01, 9.9359452e-01, 7.9501378e-01 
3626, 2.2464695e-01, 7.8769394e-01, 5.1063591e-01 
3627, 1.9333019e-01, 8.9413054e-01, 7.3934127e-01 
3628, 4.3200838e-01, 2.1235753e-01, 3.6394478e-01 
3629, 6.1828750e-01, 8.1919923e-01, 5.8045343e-02 
3630, 5.6568419e-01, 9.8469921e-01, 4.6763519e-02 
3631, 3.5624957e-01, 3.7429893e-01, 7.1625009e-01 
3632, 2.1716038e-01, 2.1169260e-01, 1.7698193e-01 
3633, 9.1790786e-01, 4.6036348e-01, 4.5231907e-02 
3634, 6.9460747e-01, 8.7727579e-01, 6.1509961e-01 
3635, 4.2448579e-01, 9.5061390e-01, 3.6102948e-01 
3636, 7.9836920e-01, 1.7010260e-01, 7.7931706e-02 
3637, 5.1695175e-01, 3.4521820e-01, 3.9210123e-01 
3638, 8.7836372e-01, 9.1642615e-01, 7.2676720e-02 
3639, 1.8751539e-01, 9.5425670e-01, 4.1901430e-01 
3640, 7.3002719e-01, 4.1334850e-01, 5.4239145e-01 
3641, 4.5049300e-02, 4.5552498e-01, 3.0652563e-01 
3642, 2.6736112e-01, 7.0533124e-01, 6.9454473e-01 
3643, 7.5080574e-01, 6.2223276e-01, 7.5592780e-01 
3644, 8.2839532e-01, 7.3502944e-01, 6.3604989e-01 
3645, 3.5112346e-01, 6.8470145e-01, 4.4541289e-01 
3646, 6.7667272e-01, 2.2762814e-01, 3.6198874e-01 
3647, 9.8411526e-01, 7.7002698e-01, 3.1849728e-01 
3648, 6.8558808e-01, 4.1288880e-01, 3.5143390e-02 
3649, 3.7623973e-01, 8.3574310e-01, 8.8279988e-01 
3650, 5.2671363e-01, 6.6412324e-01, 5.4627552e-01 
3651, 2.1784453e-01, 5.2648389e-01, 6.8434073e-01 
3652, 6.6041573e-01, 4.7193459e-01, 8.3788141e-01 
3653, 6.4292336e-01, 6.9338698e-01, 1.9864274e-01 
3654, 8.1941037e-01, 6.7981653e-01, 3.4776796e-01 
3655, 2.8754131e-01, 3.1555695e-01, 8.2837550e-01 
3656, 1.4590051e-01, 8.8027974e-01, 4.2623589e-01 
3657, 8.8724617e-01, 5.7938453e-01, 3.8121871e-02 
3658, 7.8344638e-01, 3.0737779e-01, 1.7935676e-02 
3659, 3.9105498e-01, 3.8115383e-01, 1.7407927e-01 
3660, 6.6625237e-01, 1.9455257e-01, 7.0574376e-01 
3661, 9.5464850e-01, 3.1363068e-01, 9.2369036e-01 
3662, 1.5994699e-01, 8.8076341e-01, 8.7728391e-01 
3663, 4.4634996e-02, 3.8398904e-01, 7.9419318e-01 
3664, 1.3144040e-01, 6.5833523e-01, 6.3809653e-01 
3665, 6.0964847e-01, 9.1093733e-02, 7.1673656e-01 
3666, 1.6627867e-01, 7.8050274e-02, 7.6509419e-01 
3667, 8.0517824e-01, 9.6513348e-01, 5.4113303e-01 
3668, 5.5370422e-01, 6.3915097e-01, 1.7853330e-01 
3669, 7.3077833e-01, 2.4385699e-01, 6.4978134e-01 
3670, 8.0933735e-01, 7.1261088e-01, 2.0442534e-01 
3671, 3.6083596e-01, 6.4998149e-01, 4.8299618e-01 
3672, 7.3468751e-01, 4.7792199e-01, 7.1473944e-01 
3673, 4.7941409e-01, 6.1781159e-01, 8.7221076e-01 
3674, 3.4261046e-01, 9.3731930e-01, 7.3317909e-01 
3675, 9.2678991e-01, 9.4526125e-01, 3.0852587e-01 
3676, 2.5755612e-01, 7.2343000e-01, 5.3078078e-01 
3677, 6.9746022e-01, 8.4407783e-01, 6.5892517e-01 
3678, 4.4023584e-01, 7.6010875e-01, 3.1937487e-02 
3679, 2.2242576e-01, 3.3905753e-01, 9.1936074e-01 
3680, 2.7516624e-01, 9.6210756e-01, 4.1176485e-01 
3681, 9.5326302e-01, 8.1538161e-01, 7.8090037e-01 
3682, 4.6781851e-01, 2.5462505e-01, 5.7029894e-01 
3683, 4.3525722e-01, 5.1014231e-01, 4.7985092e-02 
3684, 4.9011183e-01, 7.7809259e-01, 8.3827443e-01 
3685, 5.1584441e-01, 3.9106471e-01, 2.4596629e-01 
3686, 5.7945845e-01, 5.7969549e-01, 3.4456208e-01 
3687, 3.6513345e-01, 1.4043375e-01, 3.7041989e-01 
3688, 2.1353582e-01, 6.8177012e-02, 2.0283031e-01 
3689, 7.2483898e-01, 2.5770635e-01, 5.5228013e-01 
3690, 7.7095975e-01, 8.6831655e-01, 7.9808286e-01 
3691, 5.0170787e-01, 3.1409992e-01, 4.8905954e-01 
3692, 4.6488180e-01, 5.1107201e-01, 8.4539277e-01 
3693, 8.2800665e-01, 1.1651645e-01, 9.6124644e-01 
3694, 6.8309774e-01, 5.3764076e-01, 1.8405425e-01 
3695, 9.2103087e-01, 4.3962268e-01, 4.8411719e-01 
3696, 6.7664978e-01, 8.8592421e-01, 9.7580441e-01 
3697, 7.1689705e-01, 5.7113444e-01, 7.3337325e-01 
3698, 3.0555283e-01, 2.3597749e-01, 6.4361452e-01 
3699, 6.5196744e-01, 8.1657754e-01, 9.9062028e-01 
3700, 7.6274813e-01, 1.4975153e-01, 1.0792967e-01 
3701, 9.6018914e-01, 9.3115812e-01, 1.6050259e-01 
3702, 1.8596904e-01, 5.4779237e-01, 9.9072466e-01 
3703, 6.1004509e-01, 2.0928275e-03, 2.6862466e-01 
3704, 9.8602476e-01, 6.5345493e-01, 9.2323779e-01 
3705, 2.9836462e-01, 5.2234604e-01, 8.6435716e-01 
3706, 4.2175376e-01, 1.8006211e-01, 2.5486462e-01 
3707, 9.6383363e-01, 7.4831669e-01, 8.9240487e-01 
3708, 1.3632055e-01, 4.2773570e-02, 8.5474773e-01 
3709, 6.9330370e-01, 4.6708351e-01, 3.8621979e-01 
3710, 6.0852048e-02, 1.3058407e-01, 7.6440444e-01 
3711, 7.5541016e-01, 9.8814636e-01, 8.6805557e-01 
3712, 8.5595461e-01, 5.0140145e-01, 1.3533084e-01 
3713, 3.7450505e-01, 5.4329141e-01, 4.6503629e-01 
3714, 9.2120108e-01, 7.3663855e-01, 2.9886668e-01 
3715, 1.9691281e-01, 9.5498095e-01, 4.7998696e-01 
3716, 3.5020649e-01, 6.3981050e-01, 1.2922581e-01 
3717, 2.9389752e-02, 7.1348074e-02, 2.4002498e-01 
3718, 2.7751452e-01, 6.2712069e-01, 8.0075534e-02 
3719, 8.6176643e-01, 7.9722874e-01, 8.1730032e-01 
3720, 3.7148598e-01, 4.3753826e-01, 6.5371137e-01 
3721, 1.7360238e-01, 5.8248607e-02, 8.4181115e-01 
3722, 8.7104577e-01, 3.4795671e-01, 3.7384544e-01 
3723, 5.7065924e-01, 6.6114717e-01, 5.7874082e-02 
3724, 5.6256374e-01, 1.2464563e-01, 4.6260138e-01 
3725, 1.8757181e-01, 1.7750425e-01, 8.6260368e-01 
3726, 6.7362228e-01, 3.3380979e-01, 9.0899637e-02 
3727, 7.4005585e-02, 2.5795817e-01, 6.6363104e-02 
3728, 8.2687406e-01, 8.5512448e-01, 6.8001314e-01 
3729, 6.3881686e-01, 1.2503331e-02, 1.2769595e-01 
3730, 3.5532376e-01, 1.2179245e-01, 9.5538619e-01 
3731, 3.0482972e-01, 7.2303047e-01, 6.4863972e-01 
3732, 1.9686802e-02, 6.8595204e-01, 3.4811446e-01 
3733, 7.8620942e-01, 6.1202811e-01, 3.4157377e-01 
3734, 2.9644776e-01, 6.6351665e-01, 2.6954838e-02 
3735, 9.1380699e-02, 1.2437740e-01, 8.3406759e-01 
3736, 8.5884001e-01, 7.2267401e-01, 3.8032249e-01 
3737, 4.8981756e-01, 1.6454871e-01, 9.5574025e-01 
3738, 8.9964244e-01, 7.3448339e-01, 6.9530089e-01 
3739, 4.4415895e-01, 2.4774169e-01, 4.2569341e-01 
3740, 8.6020403e-01, 8.7990485e-02, 2.3663270e-01 
3741, 4.9851520e-01, 5.5191641e-01, 6.4309678e-01 
3742, 4.5053407e-01, 1.4117452e-01, 9.3895270e-01 
3743, 6.9312826e-01, 1.6471124e-01, 5.1343305e-01 
3744, 4.1738298e-02, 1.9689241e-01, 6.5039300e-01 
3745, 6.8739488e-01, 4.8968369e-01, 4.2061043e-01 
3746, 6.6406791e-01, 8.7249831e-01, 8.2687697e-01 
3747, 6.4530388e-01, 5.5610874e-01, 7.0687599e-01 
3748, 3.4314323e-01, 3.7716877e-01, 9.9459056e-01 
3749, 4.5425853e-01, 4.0478269e-01, 6.7843738e-01 
3750, 8.9655919e-01, 4.7010074e-02, 6.6595490e-02 
3751, 8.9916555e-01, 8.3232899e-01, 2.2436104e-01 
3752, 4.4750232e-01, 3.3288928e-01, 9.3526077e-01 
3753, 3.5612890e-01, 9.0773748e-01, 3.7163117e-01 
3754, 7.8594968e-01, 2.9744378e-01, 7.3989335e-01 
3755, 6.7122071e-01, 8.7725849e-01, 3.0808219e-01 
3756, 3.6425678e-01, 9.2025999e-01, 4.8589209e-01 
3757, 9.5029512e-01, 5.6347995e-01, 1.3935567e-01 
3758, 7.0717565e-01, 1.2103720e-01, 5.7870680e-01 
3759, 2.0673277e-01, 5.3683884e-04, 9.9455277e-01 
3760, 8.2830905e-01, 8.7680479e-01, 3.4007015e-01 
3761, 7.5305698e-01, 5.0732938e-01, 8.7730734e-01 
3762, 3.1405146e-01, 2.0762241e-01, 1.0086411e-01 
3763, 8.7785488e-01, 7.0274715e-01, 7.3735593e-01 
3764, 2.5900651e-01, 4.4648129e-01, 7.4458287e-01 
3765, 1.9900611e-01, 7.8477887e-01, 1.0848921e-01 
3766, 2.6337875e-01, 5.1817113e-01, 1.7158712e-01 
3767, 7.3755387e-01, 3.9023096e-01, 7.2334446e-01 
3768, 1.4783522e-01, 6.1131665e-01, 7.9172869e-01 
3769, 7.1233227e-01, 1.3011669e-01, 2.5924379e-02 
3770, 4.3679923e-01, 3.5759797e-03, 8.8639882e-01 
3771, 1.0323938e-01, 8.2891470e-01, 8.8821053e-01 
3772, 4.7077198e-01, 9.8163173e-01, 7.2632041e-01 
3773, 5.1678772e-01, 2.5134033e-01, 6.2928939e-01 
3774, 2.8495887e-01, 6.6709993e-01, 6.1535408e-01 
3775, 5.3052830e-01, 7.4276913e-01, 7.9093878e-01 
3776, 6.9230915e-02, 8.3094928e-01, 3.6374845e-01 
3777, 1.1170319e-01, 7.1531956e-01, 4.9419651e-01 
3778, 4.9486417e-01, 4.6140950e-01, 9.0401575e-01 
3779, 7.3075907e-01, 1.9564129e-01, 1.0335449e-01 
3780, 6.5751158e-01, 3.0652516e-01, 9.0662021e-01 
3781, 1.6551563e-01, 1.3470164e-01, 8.5542618e-01 
3782, 3.9323054e-01, 3.2543013e-01, 3.9110358e-01 
3783, 6.3443625e-01, 7.1316944e-01, 2.4173030e-01 
3784, 4.7259226e-03, 8.9465551e-01, 5.1455459e-01 
3785, 3.0807900e-01, 1.1183528e-02, 3.5070981e-01 
3786, 2.4930191e-01, 2.4547338e-01, 2.2381636e-01 
3787, 4.2190452e-01, 5.3681776e-01, 2.4274219e-01 
3788, 9.4931156e-01, 6.9683640e-01, 2.7045415e-01 
3789, 5.4953134e-01, 6.3341574e-01, 6.7306294e-01 
3790, 7.1122853e-01, 2.7475225e-01, 5.9379408e-02 
3791, 5.6003754e-01, 7.3281734e-01, 9.5339576e-01 
3792, 9.1761190e-01, 7.0068922e-01, 5.1965891e-01 
3793, 9.7251536e-01, 8.8361638e-02, 9.7937801e-01 
3794, 5.7592186e-01, 9.1714370e-02, 4.4215359e-01 
3795, 8.7361216e-01, 5.6954766e-01, 6.8889818e-01 
3796, 3.6488492e-01, 8.9826858e-01, 1.5856119e-01 
3797, 1.1481217e-01, 8.1891116e-01, 7.1034913e-01 
3798, 4.6393453e-02, 9.9856410e-01, 8.8349129e-01 
3799, 5.1962250e-01, 1.7069704e-01, 9.1596296e-01 
3800, 7.5032420e-01, 9.9808384e-01, 5.8230554e-01 
3801, 7.3021383e-01, 2.0122957e-02, 3.7297705e-01 
3802, 1.1760342e-02, 3.5993197e-01, 7.3403160e-01 
3803, 7.4106835e-01, 7.1363614e-01, 7.7153132e-01 
3804, 7.1816205e-01, 2.7167220e-01, 3.5664806e-01 
3805, 7.2650118e-01, 2.3130272e-01, 7.9700104e-02 
3806, 9.6823011e-01, 3.5602402e-01, 1.6858926e-01 
3807, 1.5013908e-01, 2.9756423e-01, 1.6800170e-01 
3808, 4.3180807e-01, 8.9348502e-01, 2.8429020e-01 
3809, 6.4274758e-01, 7.0461995e-01, 2.8030537e-02 
3810, 2.6965025e-01, 4.3801928e-01, 6.2915456e-01 
3811, 7.6543973e-01, 5.3869303e-01, 3.4175342e-01 
3812, 6.2257861e-01, 3.8486599e-01, 4.4232826e-01 
3813, 6.4956213e-01, 4.8010895e-01, 4.4057051e-01 
3814, 6.9198403e-01, 5.5828850e-01, 6.9135282e-01 
3815, 7.0103211e-01, 6.5106458e-01, 4.8383461e-02 
3816, 6.0611821e-01, 7.9326961e-01, 9.9396404e-01 
3817, 1.8163563e-01, 9.3963339e-01, 1.3235940e-01 
3818, 5.2896045e-01, 2.2869887e-01, 7.8200993e-02 
3819, 1.8666215e-01, 7.3858309e-01, 9.8108290e-01 
3820, 1.9989595e-01, 2.5002146e-01, 4.3924118e-01 
3821, 4.6176211e-02, 7.9886172e-01, 2.4481167e-01 
3822, 2.2110839e-01, 6.4460721e-01, 5.6853462e-01 
3823, 9.4059933e-01, 1.7344481e-01, 1.2140281e-01 
3824, 9.3261985e-01, 6.9880883e-02, 9.4434708e-01 
3825, 2.3566141e-01, 5.3611346e-01, 4.7211157e-01 
3826, 9.9352180e-01, 3.8754282e-01, 9.6080301e-01 
3827, 5.2603489e-01, 3.8110528e-01, 8.6662215e-01 
3828, 4.0252079e-02, 1.3848997e-01, 4.0469180e-01 
3829, 4.1697513e-01, 6.8585056e-01, 6.1687194e-01 
3830, 2.5965926e-01, 1.7658434e-01, 3.7617454e-03 
3831, 5.4853902e-01, 4.5286044e-01, 8.1464836e-01 
3832, 6.6348953e-01, 7.5612083e-01, 8.3362214e-01 
3833, 9.8088104e-01, 4.7723951e-01, 2.9198272e-01 
3834, 7.1551928e-01, 1.0804451e-01, 7.7929768e-01 
3835, 3.0355067e-01, 6.1955013e-01, 6.4563701e-01 
3836, 8.7885666e-01, 8.3021500e-02, 4.6954819e-02 
3837, 6.5522216e-01, 6.7440350e-01, 1.3546535e-01 
3838, 8.3753995e-01, 4.6168074e-01, 5.8089164e-01 
3839, 3.0336725e-01, 2.7108629e-01, 7.8921871e-01 
3840, 5.1295631e-01, 7.0796548e-01, 7.5324676e-01 
3841, 8.0686885e-01, 4.8094944e-01, 8.2359012e-01 
3842, 3.7326424e-02, 6.7139212e-01, 8.8610971e-01 
3843, 6.2384965e-01, 5.6321224e-01, 2.5759428e-01 
3844, 3.5332457e-01, 1.8552315e-01, 4.2280688e-01 
3845, 7.7292791e-02, 8.0990534e-01, 4.1224636e-01 
3846, 8.9108243e-01, 7.8238008e-01, 1.4988049e-01 
3847, 1.7563886e-01, 3.3218297e-01, 2.2447182e-01 
3848, 7.0246306e-02, 7.7486951e-03, 8.0998506e-01 
3849, 8.5624211e-01, 1.7111973e-01, 1.6943883e-01 
3850, 5.8967337e-01, 8.5960169e-01, 2.4943397e-01 
3851, 4.2124733e-01, 9.8486212e-01, 9.2874225e-01 
3852, 7.5180365e-01, 3.8332499e-01, 5.9050010e-01 
3853, 1.9367624e-01, 8.2365365e-01, 6.9597179e-01 
3854, 6.8029757e-01, 6.5507023e-01, 9.9075598e-01 
3855, 3.5304360e-01, 9.5963329e-01, 6.7853950e-01 
3856, 2.5547902e-01, 7.3679048e-01, 4.8921968e-01 
3857, 3.1664199e-01, 3.9741890e-01, 1.4025155e-01 
3858, 3.4866054e-01, 6.6836423e-02, 1.0214988e-01 
3859, 3.1120483e-01, 4.4252021e-02, 7.3640066e-01 
3860, 1.1742139e-01, 4.5136573e-01, 2.9752887e-01 
3861, 6.6854677e-01, 4.3690536e-01, 3.2357642e-01 
3862, 7.7760763e-01, 5.9830097e-01, 3.9440242e-01 
3863, 5.4470468e-01, 5.5706699e-01, 4.0038703e-01 
3864, 6.5485156e-01, 6.1300060e-01, 5.5340676e-01 
3865, 6.9226209e-01, 3.2753090e-01, 8.6874397e-01 
3866, 2.1233753e-02, 5.9225592e-01, 2.8450595e-01 
3867, 8.9232088e-01, 1.5107679e-01, 3.0935626e-01 
3868, 6.1286353e-01, 8.4532874e-02, 2.9973449e-01 
3869, 4.7933022e-01, 5.3997462e-01, 6.8720343e-01 
3870, 5.9043725e-01, 5.2935924e-01, 4.2612863e-01 
3871, 1.2720030e-01, 5.6064537e-01, 1.2563980e-01 
3872, 7.3284149e-01, 9.5707047e-01, 9.5199175e-01 
3873, 5.9735151e-01, 6.8843569e-01, 4.9362991e-01 
3874, 5.3508284e-01, 8.4169476e-01, 4.1141041e-01 
3875, 2.1611665e-03, 2.7062756e-01, 8.9350093e-01 
3876, 5.1225551e-01, 5.8828957e-01, 1.1637361e-01 
3877, 7.5902524e-01, 8.3377701e-01, 1.1065518e-01 
3878, 9.5729963e-02, 6.4591922e-01, 7.7374952e-01 
3879, 8.8941391e-02, 2.3921504e-01, 5.4474970e-01 
3880, 2.9000168e-01, 3.5774453e-01, 4.2115053e-01 
3881, 9.0891232e-01, 1.2016719e-01, 7.6993472e-02 
3882, 5.5409482e-01, 6.2199987e-01, 5.4708115e-01 
3883, 2.9542846e-01, 5.1795191e-01, 1.1551250e-01 
3884, 2.5008824e-01, 1.9314591e-01, 2.6152815e-01 
3885, 3.1409719e-01, 1.8636251e-01, 7.9384361e-01 
3886, 9.1717478e-01, 6.3214596e-01, 9.2928252e-01 
3887, 9.0209118e-01, 8.7090036e-01, 7.5013701e-01 
3888, 6.3356708e-01, 2.6481542e-01, 4.6837073e-01 
3889, 3.0326682e-01, 2.1161435e-01, 4.2498858e-01 
3890, 4.6721959e-01, 8.5863454e-01, 6.4366717e-02 
3891, 3.8111088e-02, 6.3744790e-01, 9.1372720e-01 
3892, 2.4383378e-01, 5.6025449e-01, 1.2352632e-02 
3893, 7.6060005e-02, 8.4369895e-01, 7.0299373e-01 
3894, 9.1817366e-01, 5.5846945e-01, 7.0147896e-01 
3895, 8.3485618e-01, 9.3445781e-01, 3.2097514e-01 
3896, 3.1178847e-01, 3.7620127e-02, 5.0604341e-01 
3897, 3.9483457e-01, 9.2964393e-01, 2.9075303e-01 
3898, 1.2614102e-01, 8.6018788e-01, 3.5284669e-01 
3899, 7.3859909e-01, 3.5802528e-01, 1.7665802e-01 
3900, 2.6480290e-01, 5.3638986e-02, 7.4404161e-01 
3901, 5.9291938e-01, 4.8808890e-03, 3.8914676e-01 
3902, 2.9980377e-01, 9.5750215e-01, 7.6651562e-01 
3903, 1.1604060e-01, 5.6551252e-01, 4.2869690e-01 
3904, 4.1768492e-02, 1.5005567e-01, 3.4516766e-01 
3905, 2.8149403e-01, 2.7761415e-01, 2.0188200e-01 
3906, 4.2447094e-01, 3.7317033e-01, 1.8108323e-01 
3907, 7.5263634e-02, 5.7504267e-01, 5.9843013e-01 
3908, 9.6841732e-01, 1.7229240e-01, 2.5688284e-01 
3909, 9.6877455e-01, 1.4922117e-01, 9.2679918e-01 
3910, 4.3192171e-01, 5.4003824e-01, 1.2201310e-01 
3911, 4.0456391e-01, 2.5306310e-01, 9.4984749e-01 
3912, 2.6978060e-01, 3.1602079e-01, 8.0207400e-01 
3913, 4.0568561e-01, 3.4750459e-01, 3.4022169e-01 
3914, 3.0301549e-03, 6.4254472e-01, 8.5828713e-01 
3915, 9.6480560e-01, 3.0329372e-01, 4.5560872e-01 
3916, 6.0508385e-01, 6.0649062e-01, 3.3621515e-01 
3917, 8.8012575e-01, 3.9247608e-01, 3.7738564e-01 
3918, 4.1865465e-01, 8.6642537e-01, 9.7953177e-01 
3919, 3.2404567e-01, 4.3068543e-01, 9.5594651e-01 
3920, 7.3072508e-01, 5.4378122e-01, 1.0277770e-02 
3921, 7.4647644e-01, 5.7313224e-01, 4.4933994e-01 
3922, 7.2703993e-01, 7.0119969e-01, 4.3209853e-03 
3923, 5.2136895e-01, 4.5440137e-01, 7.6831481e-01 
3924, 2.3320494e-01, 2.6482375e-01, 2.0200407e-01 
3925, 6.5467415e-01, 1.8447753e-01, 6.5553008e-02 
3926, 1.8303045e-01, 3.0551651e-01, 8.5795509e-01 
3927, 2.4895984e-01, 7.1595547e-01, 4.1127813e-02 
3928, 2.5584390e-01, 2.3180221e-01, 7.3124246e-01 
3929, 9.5677021e-01, 5.5438765e-01, 1.9303262e-01 
3930, 5.1840310e-01, 5.7098605e-01, 1.4229402e-02 
3931, 2.9579266e-01, 8.7937227e-01, 8.1485658e-01 
3932, 9.6575590e-01, 8.3319929e-01, 8.8480574e-01 
3933, 4.7177064e-01, 8.7079859e-01, 4.1305012e-01 
3934, 9.2293408e-01, 4.5597565e-01, 5.4194859e-01 
3935, 7.0501735e-01, 6.5257749e-01, 5.2543362e-01 
3936, 8.9565520e-01, 2.4203643e-01, 8.7682854e-01 
3937, 8.0975602e-01, 8.2843459e-01, 2.7361881e-01 
3938, 9.7850395e-01, 2.5274824e-01, 8.7031969e-01 
3939, 1.8286275e-01, 7.4364417e-01, 1.8239124e-01 
3940, 1.3046940e-01, 7.4898850e-01, 4.7746006e-01 
3941, 5.4295909e-01, 2.4314484e-01, 9.1420191e-01 
3942, 1.1306191e-01, 1.1998905e-01, 7.4023578e-01 
3943, 4.4727082e-01, 8.5128763e-01, 2.3022412e-01 
3944, 7.0240591e-01, 6.9694552e-01, 6.6642064e-01 
3945, 6.5843441e-01, 2.8111363e-01, 7.6694291e-01 
3946, 9.5400487e-01, 2.6497825e-01, 7.1144352e-01 
3947, 8.5904762e-01, 1.3626979e-01, 3.9038506e-01 
3948, 8.9077634e-01, 8.5213954e-01, 9.7619604e-01 
3949, 6.3396386e-01, 8.7600659e-01, 8.9589965e-01 
3950, 2.3354738e-01, 3.2850398e-01, 2.8890289e-01 
3951, 3.9628149e-01, 9.7025835e-01, 8.5259086e-01 
3952, 6.4660190e-01, 1.9468276e-01, 3.9676040e-01 
3953, 8.0059202e-01, 6.0702373e-01, 6.6815274e-01 
3954, 5.7304409e-01, 2.8473589e-01, 3.6291228e-01 
3955, 8.8872454e-01, 4.6891424e-01, 4.1795166e-01 
3956, 3.8370553e-01, 4.0380218e-01, 3.3189268e-02 
3957, 8.8403896e-01, 6.6584286e-01, 1.3606531e-01 
3958, 6.4507425e-01, 4.5349666e-01, 8.6101999e-01 
3959, 3.3662333e-01, 1.7200242e-01, 7.0816722e-01 
3960, 5.5093534e-01, 3.9934677e-02, 9.2268434e-01 
3961, 2.2617793e-01, 8.3252664e-01, 6.0717003e-01 
3962, 4.4470705e-01, 1.8331191e-01, 8.8398757e-01 
3963, 4.2900021e-01, 8.1827553e-01, 5.5539928e-01 
3964, 5.0178472e-01, 4.3573326e-01, 8.1724070e-01 
3965, 6.1556670e-01, 8.3650089e-01, 3.8616406e-01 
3966, 3.0592058e-02, 6.6574328e-01, 2.0644235e-01 
3967, 3.7308504e-01, 6.4167937e-01, 9.8373052e-01 
3968, 9.3494233e-01, 7.3097736e-01, 9.3939235e-01 
3969, 4.6211714e-01, 3.3384784e-01, 8.2237341e-01 
3970, 5.7010738e-01, 1.4073331e-01, 1.7799988e-01 
3971, 2.4238842e-01, 3.7322791e-01, 6.5632103e-01 
3972, 8.7782307e-01, 3.2241055e-02, 7.0295412e-01 
3973, 9.9083215e-01, 1.3517020e-02, 8.0391117e-01 
3974, 8.5740334e-01, 1.4715338e-01, 7.3354737e-01 
3975, 2.9619119e-01, 8.4700996e-01, 9.7578616e-01 
3976, 5.5830412e-01, 1.6047241e-01, 2.1402210e-01 
3977, 6.0511721e-01, 4.1509260e-01, 6.8952837e-01 
3978, 8.1910388e-01, 2.3717718e-02, 5.3328546e-01 
3979, 3.2882302e-01, 7.6610251e-01, 6.3916623e-01 
3980, 5.1672501e-01, 1.2431442e-01, 4.6382481e-01 
3981, 1.9768110e-01, 7.9407163e-03, 4.6977582e-01 
3982, 6.8477972e-01, 1.7222584e-01, 4.6336902e-01 
3983, 4.3645063e-01, 4.2487187e-01, 2.6276204e-01 
3984, 9.0995173e-01, 1.3052566e-01, 1.4754691e-01 
3985, 3.3272224e-01, 4.6670165e-01, 8.1608706e-01 
3986, 4.8407897e-01, 1.5891342e-01, 8.8532277e-01 
3987, 4.5447671e-01, 4.4309212e-01, 2.9689642e-01 
3988, 7.7447022e-01, 5.8629557e-01, 7.5421477e-01 
3989, 6.7349978e-01, 7.7876251e-01, 7.9957790e-01 
3990, 3.4125950e-01, 5.6978481e-01, 7.4929174e-01 
3991, 9.2321911e-01, 1.8129643e-01, 8.2656199e-01 
3992, 7.7787462e-01, 6.5677588e-01, 9.0684859e-01 
3993, 8.3202216e-01, 7.3072505e-01, 7.1107425e-01 
3994, 2.1188011e-01, 8.3327949e-01, 8.1558671e-01 
3995, 3.2074456e-02, 4.7244686e-01, 6.2226071e-01 
3996, 3.4946141e-01, 8.9497016e-01, 2.1587033e-01 
3997, 9.1390100e-01, 8.9459193e-01, 8.8935217e-01 
3998, 8.9640397e-01, 3.7055508e-01, 2.6009222e-01 
3999, 6.4721348e-01, 8.6010679e-01, 9.5635562e-02 
4000, 3.0909224e-01, 2.0171623e-01, 1.7601646e-01 
4001, 1.0000000e+00, 1.6677855e-01, 2.8382830e-01 
4002, 0.0000000e+00, 1.6677855e-01, 2.8382830e-01 
4003, 1.0000000e+00, 4.9083074e-01, 7.9901874e-01 
4004, 0.0000000e+00, 4.9083074e-01, 7.9901874e-01 
4005, 1.0000000e+00, 7.3565267e-01, 5.9064566e-02 
4006, 0.0000000e+00, 7.3565267e-01, 5.9064566e-02 
4007, 0.0000000e+00, 8.3408241e-01, 2.9411091e-01 
4008, 1.0000000e+00, 8.3408241e-01, 2.9411091e-01 
4009, 8.4045888e-01, 1.0000000e+00, 9.3140923e-02 
4010, 8.4045888e-01, 0.0000000e+00, 9.3140923e-02 
4011, 5.6767631e-01, 1.0000000e+00, 5.9780907e-01 
4012, 5.6767631e-01, 0.0000000e+00, 5.9780907e-01 
4013, 1.0000000e+00, 8.6492535e-01, 6.0184577e-01 
4014, 0.0000000e+00, 8.6492535e-01, 6.0184577e-01 
4015, 7.3489990e-01, 1.0000000e+00, 3.7740214e-01 
4016, 7.3489990e-01, 0.0000000e+00, 3.7740214e-01 
4017, 1.0000000e+00, 9.4598810e-01, 4.0365522e-01 
4018, 6.4683581e-02, 0.0000000e+00, 5.3895423e-01 
4019, 2.5791528e-01, 1.0000000e+00, 6.5651978e-01 
4020, 2.5791528e-01, 0.0000000e+00, 6.5651978e-01 
4021, 3.5010859e-01, 6.4949849e-01, 1.0000000e+00 
4022, 3.5010859e-01, 6.4949849e-01, 0.0000000e+00 
4023, 0.0000000e+00, 4.7463143e-01, 6.4620417e-01 
4024, 1.0000000e+00, 4.7463143e-01, 6.4620417e-01 
4025, 1.0061638e-01, 1.0000000e+00, 3.9458707e-01 
4026, 1.0061638e-01, 0.0000000e+00, 3.9458707e-01 
4027, 7.8259468e-02, 8.8747530e-01, 1.0000000e+00 
4028, 7.8259468e-02, 8.8747530e-01, 0.0000000e+00 
4029, 0.0000000e+00, 4.0829487e-01, 9.9725052e-01 
4030, 9.9876378e-01, 4.0677210e-01, 0.0000000e+00 
4031, 7.5561825e-01, 0.0000000e+00, 4.9424271e-01 
4032, 7.5561825e-01, 1.0000000e+00, 4.9424271e-01 
4033, 4.3215268e-01, 6.4595607e-01, 1.0000000e+00 
4034, 4.3215268e-01, 6.4595607e-01, 0.0000000e+00 
4035, 5.6728823e-01, 0.0000000e+00, 5.1550556e-01 
4036, 5.6728823e-01, 1.0000000e+00, 5.1550556e-01 
4037, 9.6943705e-01, 0.0000000e+00, 4.3986367e-01 
4038, 9.6943705e-01, 1.0000000e+00, 4.3986367e-01 
4039, 8.9348522e-01, 1.9296652e-01, 0.0000000e+00 
4040, 8.9348522e-01, 1.9296652e-01, 1.0000000e+00 
4041, 6.1594875e-02, 6.0507463e-01, 0.0000000e+00 
4042, 6.1594875e-02, 6.0507463e-01, 1.0000000e+00 
4043, 1.7347235e-18, 3.7939084e-01, 4.0539495e-01 
4044, 1.0000000e+00, 3.7939084e-01, 4.0539495e-01 
4045, 0.0000000e+00, 3.7326677e-01, 3.9424440e-01 
4046, 1.0000000e+00, 3.7326677e-01, 3.9424440e-01 
4047, 3.8031910e-01, 7.8591394e-01, 0.0000000e+00 
4048, 4.7805399e-01, 0.0000000e+00, 8.6346524e-01 
4049, 6.7999489e-01, 9.5346433e-01, 1.0000000e+00 
4050, 6.7999489e-01, 9.5346433e-01, 0.0000000e+00 
4051, 0.0000000e+00, 7.6172034e-01, 8.3494273e-01 
4052, 1.0000000e+00, 7.6172034e-01, 8.3494273e-01 
4053, 8.9885978e-01, 0.0000000e+00, 6.5686441e-01 
4054, 8.9885978e-01, 1.0000000e+00, 6.5686441e-01 
4055, 1.0000000e+00, 7.0460680e-01, 1.9934412e-01 
4056, 0.0000000e+00, 7.0460680e-01, 1.9934412e-01 
4057, 1.0000000e+00, 4.5860510e-01, 8.2657022e-01 
4058, 0.0000000e+00, 4.5860510e-01, 8.2657022e-01 
4059, 1.0544535e-01, 8.5692965e-01, 1.0000000e+00 
4060, 1.0544535e-01, 8.5692965e-01, 0.0000000e+00 
4061, 0.0000000e+00, 8.8166437e-01, 7.3081299e-01 
4062, 1.0000000e+00, 8.8166437e-01, 7.3081299e-01 
4063, 1.6228910e-01, 0.0000000e+00, 1.0010541e-01 
4064, 1.6228910e-01, 1.0000000e+00, 1.0010541e-01 
4065, 0.0000000e+00, 5.5583389e-01, 5.9960759e-01 
4066, 1.0000000e+00, 5.5583389e-01, 5.9960759e-01 
4067, 3.6152765e-01, 6.9023211e-01, 1.0000000e+00 
4068, 3.6152765e-01, 6.9023211e-01, 0.0000000e+00 
4069, 5.7661476e-01, 1.0000000e+00, 2.7286706e-02 
4070, 5.5016009e-01, 2.1454214e-02, 1.0000000e+00 
4071, 8.0807228e-01, 1.0000000e+00, 2.4447773e-02 
4072, 8.0807228e-01, 0.0000000e+00, 2.4447773e-02 
4073, 2.9174165e-01, 1.0000000e+00, 3.3595313e-01 
4074, 2.9174165e-01, 0.0000000e+00, 3.3595313e-01 
4075, 1.0000000e+00, 3.9600784e-01, 2.4437373e-01 
4076, 0.0000000e+00, 3.9600784e-01, 2.4437373e-01 
4077, 1.5926194e-01, 0.0000000e+00, 1.0021005e-01 
4078, 1.5926194e-01, 1.0000000e+00, 1.0021005e-01 
4079, 0.0000000e+00, 4.0170911e-01, 1.2980930e-01 
4080, 1.0000000e+00, 4.0170911e-01, 1.2980930e-01 
4081, 7.5990852e-01, 4.3931742e-01, 1.0000000e+00 
4082, 7.5990852e-01, 4.3931742e-01, 0.0000000e+00 
4083, 6.6491376e-01, 0.0000000e+00, 3.5674613e-01 
4084, 6.6491376e-01, 1.0000000e+00, 3.5674613e-01 
4085, 9.8052521e-02, 1.0000000e+00, 8.1307066e-01 
4086, 9.8052521e-02, 0.0000000e+00, 8.1307066e-01 
4087, 0.0000000e+00, 7.7229446e-01, 4.4347352e-01 
4088, 1.0000000e+00, 7.7229446e-01, 4.4347352e-01 
4089, 1.0000000e+00, 6.5139851e-01, 3.9619260e-01 
4090, 0.0000000e+00, 6.5139851e-01, 3.9619260e-01 
4091, 2.2142874e-01, 4.8438215e-01, 1.0000000e+00 
4092, 2.2142874e-01, 4.8438215e-01, 0.0000000e+00 
4093, 2.2416280e-01, 0.0000000e+00, 3.1601661e-01 
4094, 2.2416280e-01, 1.0000000e+00, 3.1601661e-01 
4095, 1.2208508e-02, 5.1989188e-01, 0.0000000e+00 
4096, 1.0000000e+00, 5.2503808e-01, 9.9697854e-01 
4097, 0.0000000e+00, 6.9507240e-01, 5.6275264e-01 
4098, 1.0000000e+00, 6.9507240e-01, 5.6275264e-01 
4099, 7.4342430e-01, 1.0000000e+00, 3.3901115e-01 
4100, 7.4342430e-01, 0.0000000e+00, 3.3901115e-01 
4101, 0.0000000e+00, 7.2514365e-02, 1.8788504e-01 
4102, 1.0000000e+00, 7.2514365e-02, 1.8788504e-01 
4103, 0.0000000e+00, 2.8661876e-03, 1.9324918e-01 
4104, 9.9875286e-01, 1.0000000e+00, 1.9228052e-01 
4105, 9.6507479e-01, 0.0000000e+00, 4.6911508e-01 
4106, 9.6507479e-01, 1.0000000e+00, 4.6911508e-01 
4107, 0.0000000e+00, 4.2745884e-01, 6.1663627e-01 
4108, 1.0000000e+00, 4.2745884e-01, 6.1663627e-01 
4109, 5.5307959e-01, 0.0000000e+00, 7.8084338e-03 
4110, 5.5241483e-01, 9.9107309e-01, 1.0000000e+00 
4111, 4.2307716e-01, 1.2029565e-02, 0.0000000e+00 
4112, 4.1054565e-01, 1.0000000e+00, 9.8784821e-01 
4113, 0.0000000e+00, 3.2747323e-01, 5.6458466e-01 
4114, 1.0000000e+00, 3.2747323e-01, 5.6458466e-01 
4115, 0.0000000e+00, 2.7129978e-01, 6.2545159e-02 
4116, 1.0000000e+00, 2.7129978e-01, 6.2545159e-02 
4117, 1.0000000e+00, 1.2357232e-01, 7.5819397e-01 
4118, 2.0510189e-01, 1.0000000e+00, 7.4366339e-01 
4119, 5.4020045e-01, 1.4872826e-01, 1.0000000e+00 
4120, 5.4020045e-01, 1.4872826e-01, 0.0000000e+00 
4121, 1.2730837e-01, 8.0311983e-01, 1.0000000e+00 
4122, 1.2730837e-01, 8.0311983e-01, 0.0000000e+00 
4123, 1.3315436e-01, 8.1563721e-01, 1.0000000e+00 
4124, 1.3315436e-01, 8.1563721e-01, 0.0000000e+00 
4125, 0.0000000e+00, 8.1417539e-01, 9.9612117e-01 
4126, 8.3407336e-01, 8.2808332e-01, 0.0000000e+00 
4127, 1.0000000e+00, 9.6387669e-01, 7.5416226e-01 
4128, 4.4848947e-02, 0.0000000e+00, 7.4120555e-01 
4129, 4.4465015e-01, 8.1878653e-01, 1.0000000e+00 
4130, 4.4465015e-01, 8.1878653e-01, 0.0000000e+00 
4131, 3.1865172e-01, 0.0000000e+00, 7.1975925e-02 
4132, 3.1865172e-01, 1.0000000e+00, 7.1975925e-02 
4133, 8.1564125e-01, 8.2919568e-01, 1.0000000e+00 
4134, 8.1564125e-01, 8.2919568e-01, 0.0000000e+00 
4135, 9.0935099e-01, 1.0000000e+00, 8.8726311e-01 
4136, 9.0935099e-01, 0.0000000e+00, 8.8726311e-01 
4137, 5.3024302e-01, 1.2001229e-01, 0.0000000e+00 
4138, 5.3024302e-01, 1.2001229e-01, 1.0000000e+00 
4139, 1.1800649e-01, 1.0000000e+00, 8.2141846e-01 
4140, 1.0000000e+00, 1.7482221e-01, 8.2818601e-01 
4141, 1.8477451e-01, 1.0000000e+00, 7.8498159e-01 
4142, 1.8477451e-01, 0.0000000e+00, 7.8498159e-01 
4143, 1.0000000e+00, 1.1757658e-01, 9.7273779e-01 
4144, 1.1721215e-01, 1.0000000e+00, 4.2854798e-02 
4145, 5.6206731e-01, 4.4905411e-01, 0.0000000e+00 
4146, 5.6206731e-01, 4.4905411e-01, 1.0000000e+00 
4147, 3.2628049e-01, 1.3150840e-01, 0.0000000e+00 
4148, 3.2628049e-01, 1.3150840e-01, 1.0000000e+00 
4149, 5.8964072e-02, 1.0000000e+00, 4.3215397e-01 
4150, 5.8964072e-02, 0.0000000e+00, 4.3215397e-01 
4151, 6.3643305e-01, 0.0000000e+00, 7.2241149e-01 
4152, 6.3643305e-01, 1.0000000e+00, 7.2241149e-01 
4153, 7.1003866e-01, 9.4522511e-01, 0.0000000e+00 
4154, 7.1003866e-01, 9.4522511e-01, 1.0000000e+00 
4155, 0.0000000e+00, 8.7159623e-01, 2.0979087e-01 
4156, 1.0000000e+00, 8.7159623e-01, 2.0979087e-01 
4157, 5.3833158e-01, 9.0746920e-01, 0.0000000e+00 
4158, 4.7864702e-01, 0.0000000e+00, 8.6391368e-01 
4159, 7.3685829e-01, 4.4035625e-02, 1.0000000e+00 
4160, 6.9052077e-01, 1.0000000e+00, 4.2535037e-02 
4161, 7.8995389e-01, 0.0000000e+00, 7.2743514e-01 
4162, 7.8995389e-01, 1.0000000e+00, 7.2743514e-01 
4163, 6.1756914e-01, 0.0000000e+00, 2.6227971e-01 
4164, 6.1756914e-01, 1.0000000e+00, 2.6227971e-01 
4165, 6.4688983e-01, 1.0000000e+00, 7.6485538e-01 
4166, 6.4688983e-01, 0.0000000e+00, 7.6485538e-01 
4167, 1.0000000e+00, 8.3508117e-01, 3.2006615e-01 
4168, 0.0000000e+00, 8.3508117e-01, 3.2006615e-01 
4169, 1.0000000e+00, 6.3809966e-01, 3.4835004e-01 
4170, 0.0000000e+00, 6.3809966e-01, 3.4835004e-01 
4171, 5.0072910e-02, 0.0000000e+00, 8.5604586e-01 
4172, 5.0072910e-02, 1.0000000e+00, 8.5604586e-01 
4173, 1.0000000e+00, 8.0348349e-01, 6.4139780e-01 
4174, 0.0000000e+00, 8.0348349e-01, 6.4139780e-01 
4175, 3.7900404e-01, 0.0000000e+00, 7.2700586e-03 
4176, 3.7869967e-01, 9.9548472e-01, 1.0000000e+00 
4177, 5.6285904e-01, 1.0000000e+00, 2.1742173e-01 
4178, 5.6285904e-01, 0.0000000e+00, 2.1742173e-01 
4179, 5.7093146e-01, 1.5239561e-01, 1.0000000e+00 
4180, 5.7093146e-01, 1.5239561e-01, 0.0000000e+00 
4181, 8.8193778e-01, 1.1569373e-01, 1.0000000e+00 
4182, 0.0000000e+00, 2.9437762e-02, 1.8622520e-01 
4183, 3.4096831e-01, 0.0000000e+00, 9.5365662e-01 
4184, 3.4096831e-01, 1.0000000e+00, 9.5365662e-01 
4185, 1.9705437e-01, 0.0000000e+00, 8.8882409e-01 
4186, 1.9705437e-01, 1.0000000e+00, 8.8882409e-01 
4187, 1.2060379e-01, 9.3215291e-01, 0.0000000e+00 
4188, 1.2060379e-01, 9.3215291e-01, 1.0000000e+00 
4189, 5.3695614e-02, 4.3512478e-01, 0.0000000e+00 
4190, 5.3695614e-02, 4.3512478e-01, 1.0000000e+00 
4191, 0.0000000e+00, 7.1328203e-01, 8.0225260e-01 
4192, 1.0000000e+00, 7.1328203e-01, 8.0225260e-01 
4193, 2.8370201e-01, 1.0000000e+00, 4.2780531e-01 
4194, 2.8370201e-01, 0.0000000e+00, 4.2780531e-01 
4195, 3.5029044e-01, 8.2495246e-01, 0.0000000e+00 
4196, 3.5029044e-01, 8.2495246e-01, 1.0000000e+00 
4197, 1.0000000e+00, 1.5670884e-01, 7.7297147e-01 
4198, 0.0000000e+00, 1.5670884e-01, 7.7297147e-01 
4199, 3.4461591e-01, 0.0000000e+00, 2.8838697e-01 
4200, 3.4461591e-01, 1.0000000e+00, 2.8838697e-01 
4201, 5.8275857e-01, 0.0000000e+00, 8.5467433e-01 
4202, 5.8275857e-01, 1.0000000e+00, 8.5467433e-01 
4203, 0.0000000e+00, 8.4202135e-01, 5.9607495e-01 
4204, 1.0000000e+00, 8.4202135e-01, 5.9607495e-01 
4205, 0.0000000e+00, 6.6957912e-02, 7.3725145e-01 
4206, 1.0000000e+00, 6.6957912e-02, 7.3725145e-01 
4207, 0.0000000e+00, 6.9180427e-01, 4.7953372e-01 
4208, 1.0000000e+00, 6.9180427e-01, 4.7953372e-01 
4209, 9.4272676e-01, 0.0000000e+00, 2.8060687e-01 
4210, 0.0000000e+00, 8.9627024e-01, 3.0273377e-01 
4211, 1.0000000e+00, 2.6842280e-02, 6.7138849e-02 
4212, 0.0000000e+00, 2.6842280e-02, 6.7138849e-02 
4213, 1.0000000e+00, 4.4846647e-01, 7.8276744e-01 
4214, 0.0000000e+00, 4.4846647e-01, 7.8276744e-01 
4215, 2.8730232e-01, 8.6956833e-01, 0.0000000e+00 
4216, 2.6040307e-01, 0.0000000e+00, 9.2424378e-01 
4217, 8.7571406e-01, 1.0000000e+00, 9.6485007e-01 
4218, 8.7571406e-01, 0.0000000e+00, 9.6485007e-01 
4219, 7.8440886e-01, 1.0000000e+00, 9.4643702e-01 
4220, 7.8440886e-01, 0.0000000e+00, 9.4643702e-01 
4221, 0.0000000e+00, 9.7368681e-02, 4.6407613e-02 
4222, 1.0000000e+00, 9.7368681e-02, 4.6407613e-02 
4223, 1.0060062e-01, 9.9250430e-02, 0.0000000e+00 
4224, 1.0060062e-01, 9.9250430e-02, 1.0000000e+00 
4225, 9.8262419e-01, 0.0000000e+00, 3.6064661e-01 
4226, 0.0000000e+00, 9.9420889e-01, 3.6374644e-01 
4227, 8.4064362e-01, 1.6340620e-01, 1.0000000e+00 
4228, 8.4064362e-01, 1.6340620e-01, 0.0000000e+00 
4229, 9.6051003e-01, 0.0000000e+00, 3.9940071e-01 
4230, 9.6051003e-01, 1.0000000e+00, 3.9940071e-01 
4231, 5.6833179e-01, 7.6326445e-01, 1.0000000e+00 
4232, 5.6833179e-01, 7.6326445e-01, 0.0000000e+00 
4233, 9.2717082e-01, 2.0881613e-01, 3.4694470e-18 
4234, 9.2717082e-01, 2.0881613e-01, 1.0000000e+00 
4235, 1.0000000e+00, 2.8698588e-01, 1.4251057e-01 
4236, 0.0000000e+00, 2.8698588e-01, 1.4251057e-01 
4237, 2.3362804e-01, 4.3895854e-01, 0.0000000e+00 
4238, 2.3362804e-01, 4.3895854e-01, 1.0000000e+00 
4239, 1.0000000e+00, 6.6686758e-01, 6.6589229e-01 
4240, 0.0000000e+00, 6.6686758e-01, 6.6589229e-01 
4241, 1.2148860e-01, 0.0000000e+00, 4.9641637e-01 
4242, 1.2148860e-01, 1.0000000e+00, 4.9641637e-01 
4243, 0.0000000e+00, 5.3898725e-01, 8.3206298e-01 
4244, 1.0000000e+00, 5.3898725e-01, 8.3206298e-01 
4245, 8.4037073e-01, 1.0000000e+00, 1.4053624e-01 
4246, 8.4037073e-01, 0.0000000e+00, 1.4053624e-01 
4247, 6.5908680e-01, 1.0000000e+00, 8.8404043e-01 
4248, 6.5908680e-01, 0.0000000e+00, 8.8404043e-01 
4249, 0.0000000e+00, 7.8031521e-01, 9.5292999e-01 
4250, 9.9544121e-01, 7.6533190e-01, 0.0000000e+00 
4251, 4.8325173e-01, 0.0000000e+00, 1.8495547e-03 
4252, 4.8464296e-01, 9.9552522e-01, 1.0000000e+00 
4253, 7.7279933e-01, 0.0000000e+00, 9.3249667e-01 
4254, 7.9230346e-01, 9.5463087e-01, 0.0000000e+00 
4255, 4.3368087e-19, 6.7546091e-01, 2.5079523e-01 
4256, 1.0000000e+00, 6.7546091e-01, 2.5079523e-01 
4257, 0.0000000e+00, 7.0780063e-01, 2.9387980e-01 
4258, 1.0000000e+00, 7.0780063e-01, 2.9387980e-01 
4259, 0.0000000e+00, 8.0096300e-02, 4.1252563e-01 
4260, 1.0000000e+00, 8.0096300e-02, 4.1252563e-01 
4261, 1.6638298e-01, 0.0000000e+00, 3.4038365e-01 
4262, 1.6638298e-01, 1.0000000e+00, 3.4038365e-01 
4263, 8.4862675e-01, 7.5915478e-01, 0.0000000e+00 
4264, 8.4862675e-01, 7.5915478e-01, 1.0000000e+00 
4265, 4.2745249e-01, 4.3332291e-01, 1.0000000e+00 
4266, 4.2745249e-01, 4.3332291e-01, 0.0000000e+00 
4267, 5.0727654e-01, 8.6736174e-19, 4.0651239e-01 
4268, 5.0727654e-01, 1.0000000e+00, 4.0651239e-01 
4269, 1.0000000e+00, 7.9958540e-01, 2.2512302e-01 
4270, 0.0000000e+00, 7.9958540e-01, 2.2512302e-01 
4271, 7.1328367e-01, 8.9402184e-01, 0.0000000e+00 
4272, 7.1328367e-01, 8.9402184e-01, 1.0000000e+00 
4273, 1.0000000e+00, 6.6862791e-01, 1.3664587e-01 
4274, 0.0000000e+00, 6.6862791e-01, 1.3664587e-01 
4275, 5.4818267e-01, 5.9217960e-01, 1.0000000e+00 
4276, 5.4818267e-01, 5.9217960e-01, 0.0000000e+00 
4277, 6.9914286e-01, 4.8675777e-01, 1.0000000e+00 
4278, 6.9914286e-01, 4.8675777e-01, 0.0000000e+00 
4279, 3.6825424e-01, 0.0000000e+00, 9.0966436e-02 
4280, 4.0583828e-01, 7.9875789e-01, 1.0000000e+00 
4281, 0.0000000e+00, 3.3090080e-01, 1.3497614e-02 
4282, 1.0000000e+00, 3.3090080e-01, 1.3497614e-02 
4283, 5.3907427e-01, 8.9235303e-01, 0.0000000e+00 
4284, 5.3907427e-01, 8.9235303e-01, 1.0000000e+00 
4285, 0.0000000e+00, 1.6087282e-01, 1.6613867e-01 
4286, 1.0000000e+00, 1.6087282e-01, 1.6613867e-01 
4287, 7.5540397e-02, 6.8891175e-01, 0.0000000e+00 
4288, 7.5540397e-02, 6.8891175e-01, 1.0000000e+00 
4289, 0.0000000e+00, 4.5271163e-01, 9.1830806e-01 
4290, 1.0000000e+00, 4.5271163e-01, 9.1830806e-01 
4291, 6.0472084e-01, 0.0000000e+00, 2.8695997e-01 
4292, 6.0472084e-01, 1.0000000e+00, 2.8695997e-01 
4293, 2.8113970e-01, 0.0000000e+00, 6.8767889e-01 
4294, 2.8113970e-01, 1.0000000e+00, 6.8767889e-01 
4295, 2.4864442e-01, 0.0000000e+00, 7.3893132e-01 
4296, 2.4864442e-01, 1.0000000e+00, 7.3893132e-01 
4297, 1.0000000e+00, 5.8433253e-01, 6.8290456e-01 
4298, 0.0000000e+00, 5.8433253e-01, 6.8290456e-01 
4299, 0.0000000e+00, 3.0916090e-03, 1.2853814e-01 
4300, 1.0000000e+00, 3.0916090e-03, 1.2853814e-01 
4301, 0.0000000e+00, 1.1765361e-02, 1.3370908e-01 
4302, 1.0000000e+00, 1.1765361e-02, 1.3370908e-01 
4303, 1.0000000e+00, 1.7549780e-01, 7.8390427e-01 
4304, 0.0000000e+00, 1.7549780e-01, 7.8390427e-01 
4305, 8.5726643e-01, 3.5286150e-01, 1.0000000e+00 
4306, 8.5726643e-01, 3.5286150e-01, 0.0000000e+00 
4307, 1.0000000e+00, 2.8703517e-02, 2.0106313e-01 
4308, 0.0000000e+00, 2.8703517e-02, 2.0106313e-01 
4309, 9.9697177e-01, 1.0575604e-01, 1.0000000e+00 
4310, 0.0000000e+00, 1.0561174e-01, 3.0495404e-03 
4311, 7.4628368e-02, 0.0000000e+00, 3.4483585e-01 
4312, 7.4628368e-02, 1.0000000e+00, 3.4483585e-01 
4313, 7.2605835e-01, 8.5881869e-01, 0.0000000e+00 
4314, 7.2605835e-01, 8.5881869e-01, 1.0000000e+00 
4315, 6.6646016e-01, 1.0000000e+00, 1.7014796e-01 
4316, 6.6646016e-01, 0.0000000e+00, 1.7014796e-01 
4317, 7.8003785e-01, 2.1765399e-01, 6.9388939e-18 
4318, 7.8003785e-01, 2.1765399e-01, 1.0000000e+00 
4319, 5.3690692e-01, 2.1906086e-01, 1.0000000e+00 
4320, 5.3690692e-01, 2.1906086e-01, 0.0000000e+00 
4321, 5.5256651e-01, 2.0624562e-01, 1.0000000e+00 
4322, 5.5256651e-01, 2.0624562e-01, 0.0000000e+00 
4323, 4.0871821e-01, 5.8619726e-01, 1.0000000e+00 
4324, 4.0871821e-01, 5.8619726e-01, 0.0000000e+00 
4325, 1.0000000e+00, 8.0626759e-01, 3.8747538e-01 
4326, 0.0000000e+00, 8.0626759e-01, 3.8747538e-01 
4327, 1.0000000e+00, 5.9347188e-01, 3.3309599e-01 
4328, 0.0000000e+00, 5.9347188e-01, 3.3309599e-01 
4329, 0.0000000e+00, 3.2326537e-01, 3.8413151e-01 
4330, 1.0000000e+00, 3.2326537e-01, 3.8413151e-01 
4331, 5.2402109e-05, 1.0192330e-01, 1.0000000e+00 
4332, 1.0000000e+00, 1.0069995e-01, 2.1496553e-03 
4333, 7.2315836e-01, 5.9582123e-01, 0.0000000e+00 
4334, 7.2315836e-01, 5.9582123e-01, 1.0000000e+00 
4335, 4.0779225e-03, 1.0000000e+00, 1.3088952e-01 
4336, 4.0779225e-03, 0.0000000e+00, 1.3088952e-01 
4337, 7.2661767e-01, 7.7232754e-02, 0.0000000e+00 
4338, 7.2661767e-01, 7.7232754e-02, 1.0000000e+00 
4339, 4.4975361e-01, 1.0000000e+00, 2.3015730e-01 
4340, 4.4975361e-01, 0.0000000e+00, 2.3015730e-01 
4341, 1.3863240e-01, 1.9571661e-01, 1.0000000e+00 
4342, 1.0000000e+00, 2.1973599e-01, 1.5510862e-01 
4343, 6.2048910e-01, 3.9229936e-01, 0.0000000e+00 
4344, 6.2048910e-01, 3.9229936e-01, 1.0000000e+00 
4345, 1.0000000e+00, 7.9734363e-01, 3.5480462e-01 
4346, 0.0000000e+00, 7.9734363e-01, 3.5480462e-01 
4347, 2.1449791e-01, 0.0000000e+00, 8.5866738e-01 
4348, 2.1449791e-01, 1.0000000e+00, 8.5866738e-01 
4349, 3.7354691e-01, 0.0000000e+00, 4.1117447e-01 
4350, 3.7354691e-01, 1.0000000e+00, 4.1117447e-01 
4351, 5.4932818e-01, 0.0000000e+00, 6.6956861e-01 
4352, 5.4932818e-01, 1.0000000e+00, 6.6956861e-01 
4353, 0.0000000e+00, 5.6703967e-01, 7.8710949e-01 
4354, 1.0000000e+00, 5.6703967e-01, 7.8710949e-01 
4355, 5.6307998e-01, 1.0000000e+00, 6.4162025e-02 
4356, 5.6307998e-01, 0.0000000e+00, 6.4162025e-02 
4357, 6.8322815e-01, 9.0353267e-01, 0.0000000e+00 
4358, 7.4332411e-01, 0.0000000e+00, 8.2525017e-01 
4359, 0.0000000e+00, 9.7514756e-01, 7.5023789e-01 
4360, 1.0000000e+00, 9.7514756e-01, 7.5023789e-01 
4361, 7.0205509e-01, 8.0688599e-01, 0.0000000e+00 
4362, 7.0205509e-01, 8.0688599e-01, 1.0000000e+00 
4363, 6.9860709e-01, 8.2353857e-01, 0.0000000e+00 
4364, 6.9860709e-01, 8.2353857e-01, 1.0000000e+00 
4365, 0.0000000e+00, 3.7871972e-02, 9.2109469e-01 
4366, 9.9011539e-01, 1.0000000e+00, 9.3912809e-01 
4367, 1.0000000e+00, 3.3925283e-01, 8.8139919e-01 
4368, 0.0000000e+00, 3.3925283e-01, 8.8139919e-01 
4369, 6.9292189e-01, 6.8909435e-01, 0.0000000e+00 
4370, 6.9292189e-01, 6.8909435e-01, 1.0000000e+00 
4371, 4.8060912e-02, 8.9033340e-01, 0.0000000e+00 
4372, 1.0523102e-01, 0.0000000e+00, 9.7579855e-01 
4373, 5.1145358e-01, 1.4028789e-01, 1.0000000e+00 
4374, 5.1145358e-01, 1.4028789e-01, 0.0000000e+00 
4375, 2.7083331e-01, 0.0000000e+00, 8.9063787e-01 
4376, 2.7083331e-01, 1.0000000e+00, 8.9063787e-01 
4377, 1.0000000e+00, 1.7667645e-01, 5.9959593e-01 
4378, 0.0000000e+00, 1.7667645e-01, 5.9959593e-01 
4379, 1.0000000e+00, 1.3426626e-01, 5.5741418e-01 
4380, 0.0000000e+00, 1.3426626e-01, 5.5741418e-01 
4381, 1.5028096e-01, 0.0000000e+00, 5.0210931e-01 
4382, 1.5028096e-01, 1.0000000e+00, 5.0210931e-01 
4383, 6.4447783e-02, 0.0000000e+00, 1.7721544e-01 
4384, 6.4447783e-02, 1.0000000e+00, 1.7721544e-01 
4385, 3.4137109e-02, 8.5014994e-01, 1.0000000e+00 
4386, 3.4137109e-02, 8.5014994e-01, 0.0000000e+00 
4387, 3.5070071e-02, 8.5540822e-01, 1.0000000e+00 
4388, 3.5070071e-02, 8.5540822e-01, 0.0000000e+00 
4389, 0.0000000e+00, 9.6587608e-01, 8.8231476e-01 
4390, 9.9082457e-01, 0.0000000e+00, 8.4670039e-01 
4391, 1.0000000e+00, 9.9264449e-01, 6.1291332e-01 
4392, 0.0000000e+00, 9.9264449e-01, 6.1291332e-01 
4393, 2.3510739e-01, 4.4404304e-01, 1.0000000e+00 
4394, 2.3510739e-01, 4.4404304e-01, 0.0000000e+00 
4395, 3.6762061e-01, 0.0000000e+00, 8.6994459e-01 
4396, 3.6762061e-01, 1.0000000e+00, 8.6994459e-01 
4397, 3.2131487e-01, 4.1774345e-01, 1.0000000e+00 
4398, 3.2131487e-01, 4.1774345e-01, 0.0000000e+00 
4399, 2.9603848e-01, 9.9375275e-02, 0.0000000e+00 
4400, 2.9603848e-01, 9.9375275e-02, 1.0000000e+00 
4401, 1.0000000e+00, 5.2235933e-01, 9.6950134e-01 
4402, 0.0000000e+00, 5.2235933e-01, 9.6950134e-01 
4403, 2.9373463e-01, 7.0691870e-01, 0.0000000e+00 
4404, 2.9373463e-01, 7.0691870e-01, 1.0000000e+00 
4405, 1.0000000e+00, 3.3115675e-01, 5.7842943e-01 
4406, 0.0000000e+00, 3.3115675e-01, 5.7842943e-01 
4407, 1.0000000e+00, 3.3140761e-01, 5.7215161e-01 
4408, 0.0000000e+00, 3.3140761e-01, 5.7215161e-01 
4409, 6.2021694e-01, 1.0000000e+00, 4.6648410e-01 
4410, 6.2021694e-01, 0.0000000e+00, 4.6648410e-01 
4411, 6.6749661e-01, 1.0000000e+00, 4.2603112e-01 
4412, 6.6749661e-01, 0.0000000e+00, 4.2603112e-01 
4413, 7.3912131e-01, 1.0000000e+00, 8.0880273e-01 
4414, 7.3912131e-01, 0.0000000e+00, 8.0880273e-01 
4415, 1.1372745e-01, 6.9388939e-18, 2.4637717e-01 
4416, 1.1372745e-01, 1.0000000e+00, 2.4637717e-01 
4417, 9.8918015e-01, 1.0000000e+00, 2.0826476e-01 
4418, 9.8918015e-01, 0.0000000e+00, 2.0826476e-01 
4419, 7.5499678e-01, 4.8821425e-01, 0.0000000e+00 
4420, 7.5499678e-01, 4.8821425e-01, 1.0000000e+00 
4421, 3.1804766e-01, 6.3546974e-01, 0.0000000e+00 
4422, 3.1804766e-01, 6.3546974e-01, 1.0000000e+00 
4423, 8.0360359e-01, 9.2801117e-01, 1.0000000e+00 
4424, 8.0360359e-01, 9.2801117e-01, 0.0000000e+00 
4425, 7.8555274e-01, 7.1486798e-01, 1.0000000e+00 
4426, 7.8555274e-01, 7.1486798e-01, 0.0000000e+00 
4427, 8.9389185e-01, 1.0000000e+00, 8.2955566e-01 
4428, 8.9389185e-01, 0.0000000e+00, 8.2955566e-01 
4429, 1.0000000e+00, 5.5294527e-01, 2.7755742e-01 
4430, 0.0000000e+00, 5.5294527e-01, 2.7755742e-01 
4431, 5.8366982e-01, 1.0000000e+00, 7.4807640e-01 
4432, 5.8366982e-01, 0.0000000e+00, 7.4807640e-01 
4433, 1.0000000e+00, 9.8646856e-01, 4.1595392e-01 
4434, 5.0022459e-02, 0.0000000e+00, 4.0504822e-01 
4435, 1.1516071e-01, 3.2561916e-01, 1.0000000e+00 
4436, 1.1516071e-01, 3.2561916e-01, 0.0000000e+00 
4437, 3.9675074e-01, 1.0000000e+00, 5.6665628e-01 
4438, 3.9675074e-01, 0.0000000e+00, 5.6665628e-01 
4439, 3.7930202e-01, 1.0000000e+00, 5.5928602e-01 
4440, 3.7930202e-01, 0.0000000e+00, 5.5928602e-01 
4441, 8.1064323e-01, 9.4312054e-01, 1.0000000e+00 
4442, 8.1064323e-01, 9.4312054e-01, 0.0000000e+00 
4443, 2.8112109e-01, 2.9547368e-01, 1.0000000e+00 
4444, 2.8112109e-01, 2.9547368e-01, 0.0000000e+00 
4445, 1.3443916e-01, 4.3199228e-01, 1.0000000e+00 
4446, 1.3443916e-01, 4.3199228e-01, 0.0000000e+00 
4447, 8.2451703e-01, 8.4513213e-01, 1.0000000e+00 
4448, 8.2451703e-01, 8.4513213e-01, 0.0000000e+00 
4449, 1.0000000e+00, 6.9006300e-01, 1.5743384e-01 
4450, 0.0000000e+00, 6.9006300e-01, 1.5743384e-01 
4451, 4.9275398e-01, 3.9440598e-01, 1.0000000e+00 
4452, 4.9275398e-01, 3.9440598e-01, 0.0000000e+00 
4453, 5.2260730e-01, 4.0012792e-01, 1.0000000e+00 
4454, 5.2260730e-01, 4.0012792e-01, 0.0000000e+00 
4455, 0.0000000e+00, 4.3156512e-01, 5.8742762e-01 
4456, 1.0000000e+00, 4.3156512e-01, 5.8742762e-01 
4457, 0.0000000e+00, 5.5419570e-01, 7.8198014e-01 
4458, 1.0000000e+00, 5.5419570e-01, 7.8198014e-01 
4459, 0.0000000e+00, 8.9199093e-01, 2.3062144e-01 
4460, 1.0000000e+00, 8.9199093e-01, 2.3062144e-01 
4461, 1.0000000e+00, 3.3693528e-02, 5.9457320e-01 
4462, 0.0000000e+00, 3.3693528e-02, 5.9457320e-01 
4463, 9.7364290e-01, 0.0000000e+00, 5.5612094e-01 
4464, 9.7364290e-01, 1.0000000e+00, 5.5612094e-01 
4465, 1.0000000e+00, 5.3428373e-01, 6.3036223e-01 
4466, 0.0000000e+00, 5.3428373e-01, 6.3036223e-01 
4467, 1.8380248e-01, 7.5707000e-01, 0.0000000e+00 
4468, 1.8380248e-01, 7.5707000e-01, 1.0000000e+00 
4469, 5.4561729e-01, 1.0000000e+00, 4.1427327e-01 
4470, 5.4561729e-01, 0.0000000e+00, 4.1427327e-01 
4471, 4.7789435e-01, 1.0000000e+00, 4.5755411e-01 
4472, 4.7789435e-01, 0.0000000e+00, 4.5755411e-01 
4473, 1.0000000e+00, 5.7443650e-01, 2.1720536e-01 
4474, 0.0000000e+00, 5.7443650e-01, 2.1720536e-01 
4475, 9.7941537e-01, 1.0000000e+00, 6.4010088e-01 
4476, 0.0000000e+00, 2.5696360e-03, 6.2577034e-01 
4477, 1.5692766e-01, 1.0000000e+00, 9.3514988e-01 
4478, 1.5692766e-01, 0.0000000e+00, 9.3514988e-01 
4479, 1.0000000e+00, 6.5178005e-01, 3.8950895e-01 
4480, 0.0000000e+00, 6.5178005e-01, 3.8950895e-01 
4481, 5.6646308e-01, 0.0000000e+00, 1.1951379e-01 
4482, 5.6646308e-01, 1.0000000e+00, 1.1951379e-01 
4483, 5.8039154e-01, 0.0000000e+00, 1.9636977e-01 
4484, 5.8039154e-01, 1.0000000e+00, 1.9636977e-01 
4485, 3.5336909e-01, 7.7261521e-01, 0.0000000e+00 
4486, 3.5336909e-01, 7.7261521e-01, 1.0000000e+00 
4487, 3.1334924e-01, 0.0000000e+00, 9.2622767e-01 
4488, 3.1334924e-01, 1.0000000e+00, 9.2622767e-01 
4489, 2.7806938e-01, 0.0000000e+00, 9.3134801e-01 
4490, 1.0000000e+00, 9.8096741e-01, 9.4778951e-01 
4491, 4.3197568e-01, 5.4163537e-01, 0.0000000e+00 
4492, 4.3197568e-01, 5.4163537e-01, 1.0000000e+00 
4493, 4.7579388e-01, 1.0000000e+00, 2.7355417e-01 
4494, 4.7579388e-01, 0.0000000e+00, 2.7355417e-01 
4495, 6.6106407e-01, 1.0000000e+00, 8.4120009e-01 
4496, 6.6106407e-01, 0.0000000e+00, 8.4120009e-01 
4497, 4.4966160e-01, 1.0000000e+00, 6.2773332e-01 
4498, 4.4966160e-01, 0.0000000e+00, 6.2773332e-01 
4499, 4.2283136e-01, 1.0000000e+00, 3.3011077e-01 
4500, 4.2283136e-01, 0.0000000e+00, 3.3011077e-01 
4501, 2.8954336e-01, 1.0000000e+00, 3.1801978e-01 
4502, 2.8954336e-01, 0.0000000e+00, 3.1801978e-01 
4503, 1.0000000e+00, 7.2238609e-01, 2.5936192e-01 
4504, 0.0000000e+00, 7.2238609e-01, 2.5936192e-01 
4505, 2.9106714e-01, 8.6827838e-01, 0.0000000e+00 
4506, 2.9106714e-01, 8.6827838e-01, 1.0000000e+00 
4507, 0.0000000e+00, 9.3437032e-02, 6.0118764e-01 
4508, 1.0000000e+00, 9.3437032e-02, 6.0118764e-01 
4509, 1.1205875e-01, 7.3856895e-01, 0.0000000e+00 
4510, 1.0000000e+00, 7.3392558e-01, 9.7474172e-01 
4511, 0.0000000e+00, 6.9146071e-01, 6.3434764e-01 
4512, 1.0000000e+00, 6.9146071e-01, 6.3434764e-01 
4513, 4.0954331e-01, 6.3252282e-01, 1.0000000e+00 
4514, 4.0954331e-01, 6.3252282e-01, 0.0000000e+00 
4515, 9.4454059e-01, 6.0183908e-01, 0.0000000e+00 
4516, 9.4454059e-01, 6.0183908e-01, 1.0000000e+00 
4517, 1.0000000e+00, 3.4408456e-01, 5.3399464e-01 
4518, 0.0000000e+00, 3.4408456e-01, 5.3399464e-01 
4519, 2.0974895e-01, 7.3504877e-01, 1.0000000e+00 
4520, 2.0974895e-01, 7.3504877e-01, 0.0000000e+00 
4521, 0.0000000e+00, 6.9881102e-01, 9.9492115e-01 
4522, 1.0000000e+00, 6.9881102e-01, 9.9492115e-01 
4523, 1.3246626e-01, 6.6698900e-01, 0.0000000e+00 
4524, 1.3246626e-01, 6.6698900e-01, 1.0000000e+00 
4525, 8.6072570e-01, 0.0000000e+00, 4.8759946e-01 
4526, 8.6072570e-01, 1.0000000e+00, 4.8759946e-01 
4527, 9.0822729e-01, 1.0000000e+00, 2.8608675e-01 
4528, 9.0822729e-01, 0.0000000e+00, 2.8608675e-01 
4529, 1.0000000e+00, 6.2421096e-01, 3.8590400e-01 
4530, 0.0000000e+00, 6.2421096e-01, 3.8590400e-01 
4531, 5.3099059e-01, 3.5304931e-01, 0.0000000e+00 
4532, 5.3099059e-01, 3.5304931e-01, 1.0000000e+00 
4533, 6.3279454e-01, 3.5381626e-01, 0.0000000e+00 
4534, 6.3279454e-01, 3.5381626e-01, 1.0000000e+00 
4535, 8.9606459e-01, 1.0000000e+00, 7.4224778e-02 
4536, 9.6232451e-01, 8.7867978e-02, 1.0000000e+00 
4537, 1.0000000e+00, 9.0067656e-01, 2.0322345e-01 
4538, 0.0000000e+00, 9.0067656e-01, 2.0322345e-01 
4539, 1.0000000e+00, 4.0018973e-01, 2.1921546e-01 
4540, 0.0000000e+00, 4.0018973e-01, 2.1921546e-01 
4541, 8.0029253e-01, 4.8436474e-01, 0.0000000e+00 
4542, 8.0029253e-01, 4.8436474e-01, 1.0000000e+00 
4543, 6.3258564e-01, 0.0000000e+00, 5.4144555e-01 
4544, 6.3258564e-01, 1.0000000e+00, 5.4144555e-01 
4545, 1.4487792e-01, 1.9200516e-02, 0.0000000e+00 
4546, 1.3707555e-01, 1.0000000e+00, 9.6850145e-01 
4547, 2.0589925e-01, 3.3939512e-01, 0.0000000e+00 
4548, 2.0589925e-01, 3.3939512e-01, 1.0000000e+00 
4549, 5.8297613e-01, 3.4506636e-01, 1.0000000e+00 
4550, 5.8297613e-01, 3.4506636e-01, 0.0000000e+00 
4551, 0.0000000e+00, 4.4618537e-01, 5.5267785e-01 
4552, 1.0000000e+00, 4.4618537e-01, 5.5267785e-01 
4553, 2.2238954e-01, 0.0000000e+00, 3.8512084e-01 
4554, 2.2238954e-01, 1.0000000e+00, 3.8512084e-01 
4555, 8.0012558e-01, 1.0000000e+00, 8.8285269e-01 
4556, 8.0012558e-01, 0.0000000e+00, 8.8285269e-01 
4557, 7.8211524e-01, 8.8498064e-01, 1.0000000e+00 
4558, 7.8211524e-01, 8.8498064e-01, 0.0000000e+00 
4559, 0.0000000e+00, 3.7135765e-01, 9.5766624e-01 
4560, 1.0000000e+00, 3.7135765e-01, 9.5766624e-01 
4561, 1.0000000e+00, 7.4798416e-01, 7.4981949e-01 
4562, 0.0000000e+00, 7.4798416e-01, 7.4981949e-01 
4563, 8.4120195e-01, 1.0000000e+00, 4.4927223e-01 
4564, 8.4120195e-01, 0.0000000e+00, 4.4927223e-01 
4565, 1.0000000e+00, 7.1835013e-01, 5.2760934e-01 
4566, 0.0000000e+00, 7.1835013e-01, 5.2760934e-01 
4567, 1.0000000e+00, 2.5259258e-01, 7.5782411e-01 
4568, 0.0000000e+00, 2.5259258e-01, 7.5782411e-01 
4569, 4.2360416e-01, 0.0000000e+00, 9.6208549e-01 
4570, 4.2360416e-01, 1.0000000e+00, 9.6208549e-01 
4571, 3.9085571e-01, 0.0000000e+00, 8.9035561e-01 
4572, 3.9085571e-01, 1.0000000e+00, 8.9035561e-01 
4573, 3.0465367e-01, 0.0000000e+00, 4.9781182e-01 
4574, 3.0465367e-01, 1.0000000e+00, 4.9781182e-01 
4575, 8.3913866e-01, 1.4232631e-01, 1.0000000e+00 
4576, 8.3913866e-01, 1.4232631e-01, 0.0000000e+00 
4577, 6.3639916e-01, 0.0000000e+00, 9.2834090e-01 
4578, 6.3639916e-01, 1.0000000e+00, 9.2834090e-01 
4579, 3.9701476e-01, 8.9227848e-01, 0.0000000e+00 
4580, 3.9701476e-01, 8.9227848e-01, 1.0000000e+00 
4581, 8.2887053e-01, 0.0000000e+00, 9.1625846e-01 
4582, 8.3485122e-01, 9.1505859e-01, 0.0000000e+00 
4583, 7.1121926e-01, 0.0000000e+00, 7.4905054e-01 
4584, 7.1121926e-01, 1.0000000e+00, 7.4905054e-01 
4585, 7.4874896e-01, 0.0000000e+00, 8.4830801e-01 
4586, 7.4874896e-01, 1.0000000e+00, 8.4830801e-01 
4587, 7.1432385e-01, 0.0000000e+00, 4.4310020e-01 
4588, 7.1432385e-01, 1.0000000e+00, 4.4310020e-01 
4589, 7.0492613e-01, 8.3585923e-01, 0.0000000e+00 
4590, 7.0492613e-01, 8.3585923e-01, 1.0000000e+00 
4591, 7.3914003e-01, 8.0632867e-01, 0.0000000e+00 
4592, 7.3914003e-01, 8.0632867e-01, 1.0000000e+00 
4593, 6.2328182e-01, 1.0000000e+00, 1.7834374e-01 
4594, 6.2328182e-01, 0.0000000e+00, 1.7834374e-01 
4595, 4.2203907e-01, 1.0000000e+00, 1.5584499e-01 
4596, 4.2203907e-01, 0.0000000e+00, 1.5584499e-01 
4597, 3.7641572e-01, 9.5633224e-01, 0.0000000e+00 
4598, 3.0238352e-01, 0.0000000e+00, 9.3236930e-01 
4599, 9.6291508e-01, 6.7953348e-01, 1.0000000e+00 
4600, 0.0000000e+00, 7.0862401e-01, 3.2828907e-02 
4601, 4.3486348e-01, 6.0165774e-02, 1.0000000e+00 
4602, 4.3486348e-01, 6.0165774e-02, 0.0000000e+00 
4603, 4.9475108e-01, 1.3877788e-17, 9.6769173e-01 
4604, 5.0401731e-01, 9.5295250e-01, 0.0000000e+00 
4605, 4.8254335e-01, 0.0000000e+00, 9.0110230e-01 
4606, 4.8254335e-01, 1.0000000e+00, 9.0110230e-01 
4607, 3.1340820e-01, 3.4617846e-01, 1.0000000e+00 
4608, 3.1340820e-01, 3.4617846e-01, 0.0000000e+00 
4609, 3.3111246e-01, 0.0000000e+00, 6.5421962e-01 
4610, 3.3111246e-01, 1.0000000e+00, 6.5421962e-01 
4611, 1.0000000e+00, 4.2544964e-01, 6.8531876e-01 
4612, 0.0000000e+00, 4.2544964e-01, 6.8531876e-01 
4613, 9.9685671e-01, 0.0000000e+00, 6.1657767e-01 
4614, 9.9685671e-01, 1.0000000e+00, 6.1657767e-01 
4615, 1.0000000e+00, 8.3955384e-01, 8.4514082e-01 
4616, 0.0000000e+00, 8.3955384e-01, 8.4514082e-01 
4617, 1.0000000e+00, 9.0494145e-01, 8.4542896e-01 
4618, 0.0000000e+00, 9.0494145e-01, 8.4542896e-01 
4619, 6.6493057e-01, 0.0000000e+00, 3.1975737e-01 
4620, 6.6493057e-01, 1.0000000e+00, 3.1975737e-01 
4621, 0.0000000e+00, 5.4994810e-01, 3.9810732e-01 
4622, 1.0000000e+00, 5.4994810e-01, 3.9810732e-01 
4623, 3.0746975e-01, 0.0000000e+00, 9.1959799e-01 
4624, 3.0746975e-01, 1.0000000e+00, 9.1959799e-01 
4625, 2.0328344e-01, 1.1071836e-01, 1.0000000e+00 
4626, 2.0328344e-01, 1.1071836e-01, 0.0000000e+00 
4627, 8.7297573e-01, 1.0000000e+00, 8.3417650e-01 
4628, 0.0000000e+00, 2.1225230e-01, 8.0256730e-01 
4629, 1.0000000e+00, 9.6594215e-01, 8.8593782e-01 
4630, 0.0000000e+00, 9.6594215e-01, 8.8593782e-01 
4631, 8.6531148e-01, 1.0000000e+00, 8.3423071e-01 
4632, 8.6531148e-01, 0.0000000e+00, 8.3423071e-01 
4633, 2.8886975e-01, 0.0000000e+00, 5.5883846e-01 
4634, 2.8886975e-01, 1.0000000e+00, 5.5883846e-01 
4635, 1.7884784e-01, 7.0403186e-01, 0.0000000e+00 
4636, 1.7884784e-01, 7.0403186e-01, 1.0000000e+00 
4637, 0.0000000e+00, 1.7460640e-01, 7.3379586e-01 
4638, 1.0000000e+00, 1.7460640e-01, 7.3379586e-01 
4639, 3.4694470e-18, 2.3031683e-01, 7.7481894e-01 
4640, 1.0000000e+00, 2.3031683e-01, 7.7481894e-01 
4641, 1.6174859e-01, 0.0000000e+00, 9.7967795e-01 
4642, 1.6786193e-01, 9.8557865e-01, 0.0000000e+00 
4643, 7.1434032e-01, 1.9467477e-01, 1.0000000e+00 
4644, 7.1434032e-01, 1.9467477e-01, 0.0000000e+00 
4645, 4.1154786e-01, 2.2381553e-01, 1.0000000e+00 
4646, 4.1154786e-01, 2.2381553e-01, 0.0000000e+00 
4647, 6.0207339e-01, 7.8145122e-01, 1.0000000e+00 
4648, 6.0207339e-01, 7.8145122e-01, 0.0000000e+00 
4649, 4.6441586e-01, 1.7691417e-01, 0.0000000e+00 
4650, 4.6441586e-01, 1.7691417e-01, 1.0000000e+00 
4651, 5.1512746e-01, 1.0000000e+00, 4.0477625e-01 
4652, 5.1512746e-01, 0.0000000e+00, 4.0477625e-01 
4653, 0.0000000e+00, 4.2681209e-01, 9.2594917e-02 
4654, 1.0000000e+00, 4.2681209e-01, 9.2594917e-02 
4655, 0.0000000e+00, 8.2710055e-01, 9.2433227e-01 
4656, 1.0000000e+00, 8.2710055e-01, 9.2433227e-01 
4657, 2.0998026e-02, 1.0000000e+00, 7.4174318e-01 
4658, 2.0998026e-02, 0.0000000e+00, 7.4174318e-01 
4659, 0.0000000e+00, 1.3044182e-01, 9.9137179e-01 
4660, 9.8932961e-01, 1.4343005e-01, 0.0000000e+00 
4661, 7.8130097e-01, 3.9034163e-01, 1.0000000e+00 
4662, 7.8130097e-01, 3.9034163e-01, 0.0000000e+00 
4663, 7.4964569e-01, 1.0000000e+00, 8.2918592e-01 
4664, 7.4964569e-01, 0.0000000e+00, 8.2918592e-01 
4665, 7.9736017e-01, 0.0000000e+00, 9.1087669e-01 
4666, 7.9736017e-01, 1.0000000e+00, 9.1087669e-01 
4667, 8.8339507e-01, 0.0000000e+00, 9.3855099e-01 
4668, 8.8339507e-01, 1.0000000e+00, 9.3855099e-01 
4669, 0.0000000e+00, 1.2945445e-01, 2.1432665e-01 
4670, 1.0000000e+00, 1.2945445e-01, 2.1432665e-01 
4671, 1.0000000e+00, 5.7726603e-01, 7.0613545e-02 
4672, 0.0000000e+00, 5.7726603e-01, 7.0613545e-02 
4673, 2.0966187e-01, 1.0000000e+00, 6.9517370e-01 
4674, 2.0966187e-01, 0.0000000e+00, 6.9517370e-01 
4675, 5.3671727e-01, 1.0000000e+00, 3.1405960e-01 
4676, 5.3671727e-01, 0.0000000e+00, 3.1405960e-01 
4677, 5.3534796e-01, 1.0000000e+00, 2.4963165e-01 
4678, 5.3534796e-01, 0.0000000e+00, 2.4963165e-01 
4679, 0.0000000e+00, 4.9290166e-01, 2.7864322e-01 
4680, 1.0000000e+00, 4.9290166e-01, 2.7864322e-01 
4681, 0.0000000e+00, 1.1280960e-01, 3.3596740e-01 
4682, 1.0000000e+00, 1.1280960e-01, 3.3596740e-01 
4683, 1.0000000e+00, 1.2654680e-01, 6.7757117e-01 
4684, 0.0000000e+00, 1.2654680e-01, 6.7757117e-01 
4685, 0.0000000e+00, 8.5456772e-01, 7.9714301e-02 
4686, 1.0000000e+00, 8.5456772e-01, 7.9714301e-02 
4687, 2.6628784e-01, 3.4452234e-01, 1.0000000e+00 
4688, 2.6628784e-01, 3.4452234e-01, 0.0000000e+00 
4689, 3.9668406e-01, 7.2228895e-01, 0.0000000e+00 
4690, 3.9668406e-01, 7.2228895e-01, 1.0000000e+00 
4691, 5.8522896e-01, 7.5419644e-01, 0.0000000e+00 
4692, 5.8522896e-01, 7.5419644e-01, 1.0000000e+00 
4693, 3.3977853e-01, 6.0894126e-01, 1.0000000e+00 
4694, 3.3977853e-01, 6.0894126e-01, 0.0000000e+00 
4695, 3.9388733e-01, 1.0000000e+00, 8.2184687e-01 
4696, 3.9388733e-01, 0.0000000e+00, 8.2184687e-01 
4697, 0.0000000e+00, 2.5669337e-01, 1.5266321e-01 
4698, 1.0000000e+00, 2.5669337e-01, 1.5266321e-01 
4699, 0.0000000e+00, 6.5807144e-01, 6.1877007e-01 
4700, 1.0000000e+00, 6.5807144e-01, 6.1877007e-01 
4701, 5.3010168e-01, 6.5799420e-01, 1.0000000e+00 
4702, 5.3010168e-01, 6.5799420e-01, 0.0000000e+00 
4703, 1.6656660e-01, 1.0000000e+00, 2.9795972e-01 
4704, 1.6656660e-01, 0.0000000e+00, 2.9795972e-01 
4705, 3.4821900e-01, 0.0000000e+00, 4.5989210e-01 
4706, 3.4821900e-01, 1.0000000e+00, 4.5989210e-01 
4707, 3.7089151e-02, 0.0000000e+00, 1.2042198e-01 
4708, 3.7089151e-02, 1.0000000e+00, 1.2042198e-01 
4709, 5.7748529e-01, 2.7220881e-01, 1.0000000e+00 
4710, 5.7748529e-01, 2.7220881e-01, 0.0000000e+00 
4711, 0.0000000e+00, 5.9806801e-01, 7.6238381e-01 
4712, 1.0000000e+00, 5.9806801e-01, 7.6238381e-01 
4713, 0.0000000e+00, 9.3323814e-01, 7.1132839e-01 
4714, 1.0000000e+00, 9.3323814e-01, 7.1132839e-01 
4715, 1.0000000e+00, 9.2271851e-02, 6.3031207e-01 
4716, 0.0000000e+00, 9.2271851e-02, 6.3031207e-01 
4717, 9.1375896e-01, 0.0000000e+00, 7.1802744e-02 
4718, 9.1375896e-01, 1.0000000e+00, 7.1802744e-02 
4719, 3.7412341e-01, 3.4807379e-01, 0.0000000e+00 
4720, 3.7412341e-01, 3.4807379e-01, 1.0000000e+00 
4721, 4.1113069e-01, 1.0000000e+00, 9.0593924e-01 
4722, 4.1113069e-01, 0.0000000e+00, 9.0593924e-01 
4723, 0.0000000e+00, 9.6126438e-01, 7.4954974e-01 
4724, 1.0000000e+00, 9.6126438e-01, 7.4954974e-01 
4725, 9.2879407e-01, 2.3386342e-01, 0.0000000e+00 
4726, 9.2879407e-01, 2.3386342e-01, 1.0000000e+00 
4727, 5.9197567e-01, 0.0000000e+00, 2.7999158e-01 
4728, 5.9197567e-01, 1.0000000e+00, 2.7999158e-01 
4729, 3.9922931e-01, 0.0000000e+00, 5.4583494e-01 
4730, 3.9922931e-01, 1.0000000e+00, 5.4583494e-01 
4731, 2.9466708e-01, 0.0000000e+00, 5.5466467e-01 
4732, 2.9466708e-01, 1.0000000e+00, 5.5466467e-01 
4733, 7.4567576e-01, 1.0000000e+00, 8.0449742e-01 
4734, 7.4567576e-01, 0.0000000e+00, 8.0449742e-01 
4735, 8.2158656e-01, 1.0000000e+00, 6.6814525e-01 
4736, 8.2158656e-01, 0.0000000e+00, 6.6814525e-01 
4737, 3.9263483e-02, 0.0000000e+00, 8.1902126e-03 
4738, 5.3359178e-02, 9.7350677e-01, 1.0000000e+00 
4739, 0.0000000e+00, 3.6673581e-02, 2.2351859e-02 
4740, 9.6738203e-01, 1.0000000e+00, 1.8468532e-02 
4741, 4.8056004e-02, 0.0000000e+00, 9.3302785e-02 
4742, 4.8056004e-02, 1.0000000e+00, 9.3302785e-02 
4743, 0.0000000e+00, 9.9134287e-01, 4.5434297e-01 
4744, 9.7241532e-01, 0.0000000e+00, 4.4274873e-01 
4745, 3.3532086e-01, 1.0000000e+00, 5.2446523e-01 
4746, 3.3532086e-01, 0.0000000e+00, 5.2446523e-01 
4747, 6.7111349e-01, 4.6696293e-01, 0.0000000e+00 
4748, 6.7111349e-01, 4.6696293e-01, 1.0000000e+00 
4749, 6.8194387e-01, 4.3450273e-01, 0.0000000e+00 
4750, 6.8194387e-01, 4.3450273e-01, 1.0000000e+00 
4751, 5.3562581e-01, 1.3877788e-17, 7.5320616e-01 
4752, 5.3562581e-01, 1.0000000e+00, 7.5320616e-01 
4753, 9.1462132e-01, 0.0000000e+00, 1.3528131e-01 
4754, 9.1462132e-01, 1.0000000e+00, 1.3528131e-01 
4755, 7.7947888e-01, 6.9388939e-18, 1.8427403e-01 
4756, 7.7947888e-01, 1.0000000e+00, 1.8427403e-01 
4757, 1.0000000e+00, 3.3987207e-01, 2.7346893e-01 
4758, 0.0000000e+00, 3.3987207e-01, 2.7346893e-01 
4759, 9.5484904e-01, 7.5569596e-01, 1.0000000e+00 
4760, 9.5484904e-01, 7.5569596e-01, 0.0000000e+00 
4761, 1.3877788e-17, 3.5934310e-01, 7.3807132e-01 
4762, 1.0000000e+00, 3.5934310e-01, 7.3807132e-01 
4763, 0.0000000e+00, 3.1840233e-01, 7.8194793e-01 
4764, 1.0000000e+00, 3.1840233e-01, 7.8194793e-01 
4765, 0.0000000e+00, 9.5175315e-01, 1.1905921e-01 
4766, 1.0000000e+00, 9.5175315e-01, 1.1905921e-01 
4767, 8.3818366e-02, 1.0000000e+00, 2.5581968e-01 
4768, 8.3818366e-02, 0.0000000e+00, 2.5581968e-01 
4769, 7.5509679e-01, 8.3174609e-01, 1.0000000e+00 
4770, 7.5509679e-01, 8.3174609e-01, 0.0000000e+00 
4771, 8.4588971e-01, 0.0000000e+00, 1.3438085e-01 
4772, 8.4588971e-01, 1.0000000e+00, 1.3438085e-01 
4773, 9.9243970e-01, 7.5346832e-01, 1.0000000e+00 
4774, 0.0000000e+00, 7.5784054e-01, 2.0962578e-03 
4775, 8.1711458e-01, 0.0000000e+00, 9.4648833e-01 
4776, 8.1711458e-01, 1.0000000e+00, 9.4648833e-01 
4777, 0.0000000e+00, 3.0372301e-01, 5.2811018e-01 
4778, 1.0000000e+00, 3.0372301e-01, 5.2811018e-01 
4779, 3.8022898e-01, 1.0000000e+00, 1.0642001e-01 
4780, 3.8022898e-01, 0.0000000e+00, 1.0642001e-01 
4781, 1.0000000e+00, 4.6034621e-01, 2.6819337e-01 
4782, 0.0000000e+00, 4.6034621e-01, 2.6819337e-01 
4783, 1.0000000e+00, 4.9755527e-01, 7.9993053e-01 
4784, 0.0000000e+00, 4.9755527e-01, 7.9993053e-01 
4785, 1.0000000e+00, 3.0838034e-02, 9.8253346e-01 
4786, 5.1260394e-02, 2.6217985e-02, 0.0000000e+00 
4787, 5.7541024e-01, 5.8420635e-01, 0.0000000e+00 
4788, 5.7541024e-01, 5.8420635e-01, 1.0000000e+00 
4789, 1.0000000e+00, 5.6022186e-02, 8.8372311e-01 
4790, 6.1919848e-03, 1.0000000e+00, 8.6617890e-01 
4791, 1.0000000e+00, 1.8992297e-01, 6.6756960e-01 
4792, 0.0000000e+00, 1.8992297e-01, 6.6756960e-01 
4793, 5.1832915e-01, 0.0000000e+00, 9.0621751e-01 
4794, 5.1832915e-01, 1.0000000e+00, 9.0621751e-01 
4795, 1.0000000e+00, 7.8469692e-02, 4.8517565e-01 
4796, 3.2412248e-02, 1.0000000e+00, 4.4538473e-01 
4797, 0.0000000e+00, 3.2175949e-01, 8.6314576e-02 
4798, 8.9577487e-01, 3.0977241e-01, 1.0000000e+00 
4799, 1.2430707e-01, 2.1627954e-01, 0.0000000e+00 
4800, 1.2430707e-01, 2.1627954e-01, 1.0000000e+00 
4801, 0.0000000e+00, 1.4123772e-01, 3.1510409e-02 
4802, 1.0000000e+00, 1.4123772e-01, 3.1510409e-02 
4803, 1.0000000e+00, 5.1101907e-01, 3.8791131e-01 
4804, 0.0000000e+00, 5.1101907e-01, 3.8791131e-01 
4805, 4.2667495e-02, 7.4893340e-01, 0.0000000e+00 
4806, 1.0000000e+00, 7.0964694e-01, 9.6334970e-01 
4807, 1.0000000e+00, 9.6302985e-01, 1.0081171e-01 
4808, 0.0000000e+00, 9.6302985e-01, 1.0081171e-01 
4809, 1.8670354e-01, 0.0000000e+00, 6.8401072e-01 
4810, 1.8670354e-01, 1.0000000e+00, 6.8401072e-01 
4811, 1.8843054e-01, 0.0000000e+00, 6.8790734e-01 
4812, 1.8843054e-01, 1.0000000e+00, 6.8790734e-01 
4813, 1.0000000e+00, 9.0329276e-01, 3.2244396e-01 
4814, 1.0953701e-01, 0.0000000e+00, 4.2655117e-01 
4815, 2.9784259e-01, 9.2072911e-02, 0.0000000e+00 
4816, 2.9784259e-01, 9.2072911e-02, 1.0000000e+00 
4817, 0.0000000e+00, 9.9094369e-01, 2.2320565e-01 
4818, 1.0000000e+00, 9.9094369e-01, 2.2320565e-01 
4819, 0.0000000e+00, 9.8291806e-01, 2.5650564e-01 
4820, 1.0000000e+00, 9.8291806e-01, 2.5650564e-01 
4821, 3.8341210e-01, 6.2695190e-01, 1.0000000e+00 
4822, 3.8341210e-01, 6.2695190e-01, 0.0000000e+00 
4823, 3.2615253e-01, 0.0000000e+00, 3.7786843e-01 
4824, 3.2615253e-01, 1.0000000e+00, 3.7786843e-01 
4825, 0.0000000e+00, 4.5347858e-01, 4.6371993e-01 
4826, 1.0000000e+00, 4.5347858e-01, 4.6371993e-01 
4827, 0.0000000e+00, 3.4505925e-01, 6.2449804e-01 
4828, 1.0000000e+00, 3.4505925e-01, 6.2449804e-01 
4829, 1.4456629e-01, 0.0000000e+00, 5.3154916e-01 
4830, 1.4456629e-01, 1.0000000e+00, 5.3154916e-01 
4831, 3.4694470e-18, 1.6358975e-02, 3.1865203e-01 
4832, 1.0000000e+00, 1.6358975e-02, 3.1865203e-01 
4833, 9.0537539e-01, 9.1626794e-01, 1.0000000e+00 
4834, 9.0537539e-01, 9.1626794e-01, 0.0000000e+00 
4835, 4.4867315e-01, 6.1773670e-01, 0.0000000e+00 
4836, 4.4867315e-01, 6.1773670e-01, 1.0000000e+00 
4837, 0.0000000e+00, 4.2309482e-01, 8.9192283e-01 
4838, 1.0000000e+00, 4.2309482e-01, 8.9192283e-01 
4839, 1.2109591e-01, 4.0668579e-01, 1.0000000e+00 
4840, 1.2109591e-01, 4.0668579e-01, 0.0000000e+00 
4841, 1.0000000e+00, 7.2057176e-01, 1.3366935e-01 
4842, 0.0000000e+00, 7.2057176e-01, 1.3366935e-01 
4843, 4.7910383e-01, 3.8869592e-01, 0.0000000e+00 
4844, 4.7910383e-01, 3.8869592e-01, 1.0000000e+00 
4845, 9.4912938e-01, 0.0000000e+00, 1.5245036e-01 
4846, 9.4912938e-01, 1.0000000e+00, 1.5245036e-01 
4847, 1.0000000e+00, 1.0693609e-01, 7.5036246e-02 
4848, 0.0000000e+00, 1.0693609e-01, 7.5036246e-02 
4849, 6.5157405e-01, 0.0000000e+00, 4.7222757e-01 
4850, 6.5157405e-01, 1.0000000e+00, 4.7222757e-01 
4851, 8.4550910e-01, 6.9388939e-18, 2.7586818e-01 
4852, 8.4550910e-01, 1.0000000e+00, 2.7586818e-01 
4853, 9.9204023e-01, 6.9174857e-01, 0.0000000e+00 
4854, 9.9204023e-01, 6.9174857e-01, 1.0000000e+00 
4855, 1.7331605e-01, 0.0000000e+00, 9.4824146e-01 
4856, 1.7331605e-01, 1.0000000e+00, 9.4824146e-01 
4857, 2.0191192e-01, 3.7959200e-02, 1.0000000e+00 
4858, 1.5792502e-01, 1.0000000e+00, 6.8277293e-02 
4859, 3.8718771e-02, 0.0000000e+00, 7.9393819e-01 
4860, 3.8718771e-02, 1.0000000e+00, 7.9393819e-01 
4861, 1.0000000e+00, 5.6539604e-01, 3.8852454e-01 
4862, 0.0000000e+00, 5.6539604e-01, 3.8852454e-01 
4863, 1.0000000e+00, 7.9041307e-01, 2.3048828e-01 
4864, 0.0000000e+00, 7.9041307e-01, 2.3048828e-01 
4865, 4.4650574e-01, 1.6142319e-01, 0.0000000e+00 
4866, 4.4650574e-01, 1.6142319e-01, 1.0000000e+00 
4867, 0.0000000e+00, 3.3666118e-01, 4.1092966e-01 
4868, 1.0000000e+00, 3.3666118e-01, 4.1092966e-01 
4869, 0.0000000e+00, 2.9945529e-01, 4.2070356e-01 
4870, 1.0000000e+00, 2.9945529e-01, 4.2070356e-01 
4871, 0.0000000e+00, 3.2650749e-01, 4.6898662e-01 
4872, 1.0000000e+00, 3.2650749e-01, 4.6898662e-01 
4873, 1.0000000e+00, 8.7576074e-01, 5.4286366e-02 
4874, 8.8384516e-02, 0.0000000e+00, 9.9706083e-01 
4875, 0.0000000e+00, 2.3336550e-01, 6.3065584e-01 
4876, 1.0000000e+00, 2.3336550e-01, 6.3065584e-01 
4877, 5.2740300e-02, 1.0000000e+00, 6.9376142e-01 
4878, 5.2740300e-02, 0.0000000e+00, 6.9376142e-01 
4879, 2.4653049e-01, 6.8348413e-01, 0.0000000e+00 
4880, 2.4653049e-01, 6.8348413e-01, 1.0000000e+00 
4881, 0.0000000e+00, 5.8641348e-01, 7.6193227e-01 
4882, 1.0000000e+00, 5.8641348e-01, 7.6193227e-01 
4883, 0.0000000e+00, 7.4483385e-01, 5.8090697e-01 
4884, 1.0000000e+00, 7.4483385e-01, 5.8090697e-01 
4885, 1.0000000e+00, 5.6200992e-02, 1.4983407e-01 
4886, 0.0000000e+00, 5.6200992e-02, 1.4983407e-01 
4887, 7.9935612e-01, 1.0000000e+00, 4.1619109e-01 
4888, 7.9935612e-01, 0.0000000e+00, 4.1619109e-01 
4889, 6.6004308e-01, 0.0000000e+00, 7.4742731e-01 
4890, 6.6004308e-01, 1.0000000e+00, 7.4742731e-01 
4891, 7.8794064e-01, 8.7488085e-01, 1.0000000e+00 
4892, 7.8794064e-01, 8.7488085e-01, 0.0000000e+00 
4893, 7.3336526e-01, 8.3251069e-01, 1.0000000e+00 
4894, 7.3336526e-01, 8.3251069e-01, 0.0000000e+00 
4895, 8.0345791e-01, 0.0000000e+00, 5.0348268e-01 
4896, 8.0345791e-01, 1.0000000e+00, 5.0348268e-01 
4897, 2.9771340e-01, 1.0000000e+00, 2.8301628e-01 
4898, 2.9771340e-01, 0.0000000e+00, 2.8301628e-01 
4899, 2.2540755e-01, 1.0000000e+00, 3.8605296e-01 
4900, 2.2540755e-01, 0.0000000e+00, 3.8605296e-01 
4901, 7.7533301e-01, 7.6417303e-01, 1.0000000e+00 
4902, 7.7533301e-01, 7.6417303e-01, 0.0000000e+00 
4903, 7.5472702e-01, 7.6708458e-01, 1.0000000e+00 
4904, 7.5472702e-01, 7.6708458e-01, 0.0000000e+00 
4905, 5.2893377e-01, 1.0000000e+00, 5.0369421e-01 
4906, 5.2893377e-01, 0.0000000e+00, 5.0369421e-01 
4907, 2.6059843e-01, 0.0000000e+00, 8.6139225e-01 
4908, 2.6059843e-01, 1.0000000e+00, 8.6139225e-01 
4909, 5.0406974e-01, 0.0000000e+00, 7.8832314e-01 
4910, 5.0406974e-01, 1.0000000e+00, 7.8832314e-01 
4911, 1.0000000e+00, 8.0090332e-01, 2.2288214e-01 
4912, 0.0000000e+00, 8.0090332e-01, 2.2288214e-01 
4913, 4.4753847e-02, 9.6057437e-02, 1.0000000e+00 
4914, 1.0000000e+00, 6.7771791e-02, 5.9687013e-02 
4915, 1.0000000e+00, 6.3489301e-01, 3.9642310e-01 
4916, 0.0000000e+00, 6.3489301e-01, 3.9642310e-01 
4917, 1.0000000e+00, 7.4088498e-02, 6.0974971e-02 
4918, 0.0000000e+00, 7.4088498e-02, 6.0974971e-02 
4919, 1.0000000e+00, 1.3037978e-01, 3.0625356e-01 
4920, 0.0000000e+00, 1.3037978e-01, 3.0625356e-01 
4921, 6.5712059e-01, 5.6886851e-01, 0.0000000e+00 
4922, 6.5712059e-01, 5.6886851e-01, 1.0000000e+00 
4923, 0.0000000e+00, 5.4044335e-01, 3.0934447e-01 
4924, 1.0000000e+00, 5.4044335e-01, 3.0934447e-01 
4925, 4.2163566e-01, 1.0000000e+00, 7.5658214e-01 
4926, 4.2163566e-01, 0.0000000e+00, 7.5658214e-01 
4927, 4.4409070e-01, 1.0000000e+00, 7.3495185e-01 
4928, 4.4409070e-01, 0.0000000e+00, 7.3495185e-01 
4929, 4.4188275e-01, 0.0000000e+00, 5.7327075e-01 
4930, 4.4188275e-01, 1.0000000e+00, 5.7327075e-01 
4931, 3.7985621e-01, 1.9829168e-01, 1.0000000e+00 
4932, 3.7985621e-01, 1.9829168e-01, 0.0000000e+00 
4933, 2.4462105e-01, 2.9046181e-01, 1.0000000e+00 
4934, 2.4462105e-01, 2.9046181e-01, 0.0000000e+00 
4935, 3.5283963e-01, 5.3730331e-01, 6.9388939e-18 
4936, 3.5283963e-01, 5.3730331e-01, 1.0000000e+00 
4937, 4.3443942e-01, 2.6580356e-01, 0.0000000e+00 
4938, 4.3443942e-01, 2.6580356e-01, 1.0000000e+00 
4939, 1.0000000e+00, 2.9711115e-01, 2.3877066e-01 
4940, 0.0000000e+00, 2.9711115e-01, 2.3877066e-01 
4941, 8.5261836e-01, 0.0000000e+00, 5.6038257e-01 
4942, 8.5261836e-01, 1.0000000e+00, 5.6038257e-01 
4943, 6.2159317e-01, 1.0000000e+00, 4.6828679e-01 
4944, 6.2159317e-01, 0.0000000e+00, 4.6828679e-01 
4945, 4.5545924e-01, 1.0000000e+00, 3.4711185e-01 
4946, 4.5545924e-01, 0.0000000e+00, 3.4711185e-01 
4947, 2.7762240e-01, 0.0000000e+00, 7.2627317e-01 
4948, 2.7762240e-01, 1.0000000e+00, 7.2627317e-01 
4949, 6.5795253e-01, 2.8560384e-01, 1.0000000e+00 
4950, 6.5795253e-01, 2.8560384e-01, 0.0000000e+00 
4951, 6.3091337e-01, 3.3910955e-01, 1.0000000e+00 
4952, 6.3091337e-01, 3.3910955e-01, 0.0000000e+00 
4953, 6.6098356e-01, 3.1726040e-01, 1.0000000e+00 
4954, 6.6098356e-01, 3.1726040e-01, 0.0000000e+00 
4955, 9.1326514e-01, 3.7339234e-01, 0.0000000e+00 
4956, 0.0000000e+00, 3.0306542e-01, 9.4651207e-01 
4957, 8.9162320e-01, 1.6877526e-01, 0.0000000e+00 
4958, 8.9162320e-01, 1.6877526e-01, 1.0000000e+00 
4959, 1.0000000e+00, 1.2751756e-01, 4.5494499e-01 
4960, 0.0000000e+00, 1.2751756e-01, 4.5494499e-01 
4961, 3.3278992e-01, 1.0000000e+00, 1.2955774e-01 
4962, 3.3278992e-01, 0.0000000e+00, 1.2955774e-01 
4963, 3.1345957e-01, 1.0000000e+00, 9.3850264e-02 
4964, 2.4564402e-01, 7.7230306e-02, 1.0000000e+00 
4965, 1.0000000e+00, 6.3828882e-01, 5.8428374e-01 
4966, 0.0000000e+00, 6.3828882e-01, 5.8428374e-01 
4967, 1.0000000e+00, 6.6811397e-01, 2.5524449e-01 
4968, 0.0000000e+00, 6.6811397e-01, 2.5524449e-01 
4969, 1.0000000e+00, 3.4747757e-01, 2.6489218e-01 
4970, 0.0000000e+00, 3.4747757e-01, 2.6489218e-01 
4971, 0.0000000e+00, 4.3540133e-01, 5.7609146e-01 
4972, 1.0000000e+00, 4.3540133e-01, 5.7609146e-01 
4973, 1.0000000e+00, 7.9265561e-01, 1.5819741e-01 
4974, 0.0000000e+00, 7.9265561e-01, 1.5819741e-01 
4975, 7.6306386e-01, 1.0000000e+00, 8.0441459e-01 
4976, 7.6306386e-01, 0.0000000e+00, 8.0441459e-01 
4977, 3.2212777e-01, 4.2100936e-01, 1.0000000e+00 
4978, 3.2212777e-01, 4.2100936e-01, 0.0000000e+00 
4979, 1.0000000e+00, 6.5832494e-01, 2.9279559e-01 
4980, 0.0000000e+00, 6.5832494e-01, 2.9279559e-01 
4981, 0.0000000e+00, 4.2770490e-01, 7.6700365e-01 
4982, 1.0000000e+00, 4.2770490e-01, 7.6700365e-01 
4983, 6.4726487e-01, 1.8583024e-01, 1.0000000e+00 
4984, 6.4726487e-01, 1.8583024e-01, 0.0000000e+00 
4985, 5.9554301e-01, 0.0000000e+00, 8.6617410e-01 
4986, 5.9554301e-01, 1.0000000e+00, 8.6617410e-01 
4987, 8.2110357e-01, 3.0696715e-01, 0.0000000e+00 
4988, 8.2110357e-01, 3.0696715e-01, 1.0000000e+00 
4989, 1.0000000e+00, 3.1362616e-01, 1.0353222e-02 
4990, 6.1775166e-02, 3.5337888e-01, 1.0000000e+00 
4991, 0.0000000e+00, 8.2540399e-01, 7.6352086e-02 
4992, 1.0000000e+00, 8.2540399e-01, 7.6352086e-02 
4993, 1.1255949e-01, 1.0000000e+00, 1.3796766e-01 
4994, 1.1255949e-01, 0.0000000e+00, 1.3796766e-01 
4995, 1.0000000e+00, 1.3984303e-01, 6.4614798e-01 
4996, 0.0000000e+00, 1.3984303e-01, 6.4614798e-01 
4997, 1.9956217e-01, 7.5755900e-02, 0.0000000e+00 
4998, 1.9956217e-01, 7.5755900e-02, 1.0000000e+00 
4999, 8.4040409e-01, 0.0000000e+00, 3.5952017e-01 
5000, 8.4040409e-01, 1.0000000e+00, 3.5952017e-01 
5001, 0.0000000e+00, 1.7154993e-02, 1.1393216e-01 
5002, 9.6150758e-01, 1.0000000e+00, 1.2120041e-01 
5003, 0.0000000e+00, 2.1945521e-01, 7.2459106e-01 
5004, 1.0000000e+00, 2.1945521e-01, 7.2459106e-01 
5005, 2.6156580e-02, 0.0000000e+00, 9.1329365e-01 
5006, 2.3412571e-02, 8.5954188e-01, 0.0000000e+00 
5007, 4.0114145e-02, 0.0000000e+00, 8.4084230e-01 
5008, 4.0114145e-02, 1.0000000e+00, 8.4084230e-01 
5009, 9.1235276e-01, 0.0000000e+00, 2.7049228e-01 
5010, 9.1235276e-01, 1.0000000e+00, 2.7049228e-01 
5011, 8.3549816e-01, 0.0000000e+00, 6.0502884e-01 
5012, 8.3549816e-01, 1.0000000e+00, 6.0502884e-01 
5013, 9.4111727e-01, 7.7894632e-01, 1.0000000e+00 
5014, 9.4111727e-01, 7.7894632e-01, 0.0000000e+00 
5015, 6.9240301e-01, 3.8258639e-01, 0.0000000e+00 
5016, 6.9240301e-01, 3.8258639e-01, 1.0000000e+00 
5017, 8.4211437e-01, 4.1711428e-01, 0.0000000e+00 
5018, 8.4211437e-01, 4.1711428e-01, 1.0000000e+00 
5019, 2.9107177e-01, 7.6177880e-01, 0.0000000e+00 
5020, 2.9107177e-01, 7.6177880e-01, 1.0000000e+00 
5021, 4.5974204e-01, 1.0000000e+00, 1.3403452e-01 
5022, 4.5974204e-01, 0.0000000e+00, 1.3403452e-01 
5023, 0.0000000e+00, 7.4874416e-01, 8.8816484e-02 
5024, 1.0000000e+00, 7.4874416e-01, 8.8816484e-02 
5025, 0.0000000e+00, 6.6757247e-01, 3.5887682e-01 
5026, 1.0000000e+00, 6.6757247e-01, 3.5887682e-01 
5027, 7.3745171e-01, 0.0000000e+00, 9.8043094e-01 
5028, 7.3745171e-01, 1.0000000e+00, 9.8043094e-01 
5029, 0.0000000e+00, 1.9129744e-01, 2.8466409e-01 
5030, 1.0000000e+00, 1.9129744e-01, 2.8466409e-01 
5031, 0.0000000e+00, 1.8621491e-01, 2.4860592e-01 
5032, 1.0000000e+00, 1.8621491e-01, 2.4860592e-01 
5033, 1.6844250e-01, 0.0000000e+00, 9.7595896e-01 
5034, 1.6844250e-01, 1.0000000e+00, 9.7595896e-01 
5035, 1.0708943e-01, 6.5139373e-02, 1.0000000e+00 
5036, 1.0000000e+00, 1.5182439e-01, 1.0733491e-02 
5037, 0.0000000e+00, 1.2587493e-01, 7.9524426e-01 
5038, 1.0000000e+00, 1.2587493e-01, 7.9524426e-01 
5039, 1.0000000e+00, 7.1703910e-02, 3.6079764e-01 
5040, 0.0000000e+00, 7.1703910e-02, 3.6079764e-01 
5041, 4.5077648e-01, 0.0000000e+00, 6.2555245e-01 
5042, 4.5077648e-01, 1.0000000e+00, 6.2555245e-01 
5043, 0.0000000e+00, 6.8521005e-01, 1.9701553e-03 
5044, 9.9609687e-01, 6.8935703e-01, 1.0000000e+00 
5045, 7.5162235e-01, 0.0000000e+00, 3.6096966e-01 
5046, 7.5162235e-01, 1.0000000e+00, 3.6096966e-01 
5047, 5.7778185e-01, 0.0000000e+00, 2.6920827e-01 
5048, 5.7778185e-01, 1.0000000e+00, 2.6920827e-01 
5049, 4.9510695e-01, 6.9820122e-01, 1.0000000e+00 
5050, 4.9510695e-01, 6.9820122e-01, 0.0000000e+00 
5051, 7.6212796e-01, 7.5487145e-01, 1.0000000e+00 
5052, 7.6212796e-01, 7.5487145e-01, 0.0000000e+00 
5053, 3.4173906e-02, 1.0000000e+00, 7.9602368e-01 
5054, 3.4173906e-02, 0.0000000e+00, 7.9602368e-01 
5055, 0.0000000e+00, 9.6101243e-01, 8.0717767e-01 
5056, 1.0000000e+00, 9.6101243e-01, 8.0717767e-01 
5057, 1.6612186e-02, 1.0000000e+00, 7.8399296e-01 
5058, 1.0000000e+00, 2.7855747e-02, 7.8127167e-01 
5059, 2.5760412e-01, 7.9520549e-01, 1.0000000e+00 
5060, 2.5760412e-01, 7.9520549e-01, 0.0000000e+00 
5061, 1.7312104e-01, 0.0000000e+00, 2.1850899e-01 
5062, 1.7312104e-01, 1.0000000e+00, 2.1850899e-01 
5063, 1.2562319e-01, 3.7518445e-01, 1.0000000e+00 
5064, 1.2562319e-01, 3.7518445e-01, 0.0000000e+00 
5065, 1.0000000e+00, 5.3458451e-01, 8.0006899e-01 
5066, 0.0000000e+00, 5.3458451e-01, 8.0006899e-01 
5067, 8.4402621e-01, 0.0000000e+00, 7.4784154e-01 
5068, 8.4402621e-01, 1.0000000e+00, 7.4784154e-01 
5069, 2.2222959e-01, 4.9848293e-01, 0.0000000e+00 
5070, 2.2222959e-01, 4.9848293e-01, 1.0000000e+00 
5071, 2.3272391e-01, 4.2147832e-01, 0.0000000e+00 
5072, 2.3272391e-01, 4.2147832e-01, 1.0000000e+00 
5073, 1.8402538e-01, 9.0655802e-01, 1.0000000e+00 
5074, 1.8402538e-01, 9.0655802e-01, 0.0000000e+00 
5075, 3.5853232e-02, 9.1007236e-01, 1.0000000e+00 
5076, 9.9350672e-01, 0.0000000e+00, 1.9301382e-01 
5077, 1.0000000e+00, 1.4611119e-01, 6.1863820e-01 
5078, 0.0000000e+00, 1.4611119e-01, 6.1863820e-01 
5079, 7.3797534e-01, 0.0000000e+00, 6.0798612e-01 
5080, 7.3797534e-01, 1.0000000e+00, 6.0798612e-01 
5081, 0.0000000e+00, 3.3595981e-01, 5.7534063e-01 
5082, 1.0000000e+00, 3.3595981e-01, 5.7534063e-01 
5083, 1.0000000e+00, 7.1201376e-01, 4.9510762e-01 
5084, 0.0000000e+00, 7.1201376e-01, 4.9510762e-01 
5085, 1.0000000e+00, 2.8449182e-01, 2.7501149e-01 
5086, 0.0000000e+00, 2.8449182e-01, 2.7501149e-01 
5087, 4.7187198e-01, 4.3674700e-01, 0.0000000e+00 
5088, 4.7187198e-01, 4.3674700e-01, 1.0000000e+00 
5089, 4.4599819e-01, 0.0000000e+00, 4.4163718e-01 
5090, 4.4599819e-01, 1.0000000e+00, 4.4163718e-01 
5091, 1.0000000e+00, 8.1641077e-01, 5.1029220e-01 
5092, 0.0000000e+00, 8.1641077e-01, 5.1029220e-01 
5093, 1.0000000e+00, 4.3919911e-01, 7.1511937e-01 
5094, 0.0000000e+00, 4.3919911e-01, 7.1511937e-01 
5095, 8.8322995e-01, 1.0000000e+00, 6.9740382e-01 
5096, 8.8322995e-01, 0.0000000e+00, 6.9740382e-01 
5097, 9.9524719e-01, 4.2902128e-01, 0.0000000e+00 
5098, 0.0000000e+00, 4.3904151e-01, 9.5476922e-01 
5099, 6.9954460e-01, 1.0000000e+00, 4.6521918e-01 
5100, 6.9954460e-01, 0.0000000e+00, 4.6521918e-01 
5101, 0.0000000e+00, 8.5501032e-01, 2.9371791e-01 
5102, 1.0000000e+00, 8.5501032e-01, 2.9371791e-01 
5103, 2.8291680e-01, 0.0000000e+00, 6.5477897e-01 
5104, 2.8291680e-01, 1.0000000e+00, 6.5477897e-01 
5105, 3.2927009e-01, 8.7984533e-02, 1.0000000e+00 
5106, 3.2927009e-01, 8.7984533e-02, 0.0000000e+00 
5107, 1.9792117e-01, 2.3868640e-01, 3.4694470e-18 
5108, 1.9792117e-01, 2.3868640e-01, 1.0000000e+00 
5109, 7.8778792e-01, 0.0000000e+00, 9.0637552e-01 
5110, 7.8778792e-01, 1.0000000e+00, 9.0637552e-01 
5111, 4.7385520e-01, 3.1369200e-01, 0.0000000e+00 
5112, 4.7385520e-01, 3.1369200e-01, 1.0000000e+00 
5113, 1.0000000e+00, 6.8319908e-01, 4.9105649e-01 
5114, 0.0000000e+00, 6.8319908e-01, 4.9105649e-01 
5115, 4.7895330e-01, 8.9373145e-01, 0.0000000e+00 
5116, 4.7895330e-01, 8.9373145e-01, 1.0000000e+00 
5117, 2.4506112e-01, 6.8330241e-01, 1.0000000e+00 
5118, 2.4506112e-01, 6.8330241e-01, 0.0000000e+00 
5119, 0.0000000e+00, 7.7445660e-01, 3.4755063e-01 
5120, 1.0000000e+00, 7.7445660e-01, 3.4755063e-01 
5121, 5.5014025e-01, 1.0000000e+00, 5.3786701e-01 
5122, 5.5014025e-01, 0.0000000e+00, 5.3786701e-01 
5123, 1.0000000e+00, 6.3897307e-01, 7.9287862e-01 
5124, 0.0000000e+00, 6.3897307e-01, 7.9287862e-01 
5125, 4.7137457e-01, 1.2652176e-01, 1.0000000e+00 
5126, 4.7137457e-01, 1.2652176e-01, 0.0000000e+00 
5127, 1.8825135e-01, 1.0000000e+00, 7.7982840e-01 
5128, 1.8825135e-01, 0.0000000e+00, 7.7982840e-01 
5129, 5.9802488e-01, 1.0000000e+00, 6.5978827e-01 
5130, 5.9802488e-01, 0.0000000e+00, 6.5978827e-01 
5131, 9.6299629e-01, 1.0000000e+00, 7.7704804e-01 
5132, 0.0000000e+00, 1.0845495e-01, 7.9450640e-01 
5133, 1.0000000e+00, 3.5874292e-01, 4.5097375e-01 
5134, 0.0000000e+00, 3.5874292e-01, 4.5097375e-01 
5135, 5.9967341e-01, 1.2369110e-01, 0.0000000e+00 
5136, 5.9967341e-01, 1.2369110e-01, 1.0000000e+00 
5137, 6.8842765e-01, 1.0000000e+00, 6.4669229e-01 
5138, 6.8842765e-01, 0.0000000e+00, 6.4669229e-01 
5139, 7.0258674e-01, 1.0000000e+00, 6.5728190e-01 
5140, 7.0258674e-01, 0.0000000e+00, 6.5728190e-01 
5141, 0.0000000e+00, 9.0926310e-01, 5.5741885e-01 
5142, 1.0000000e+00, 9.0926310e-01, 5.5741885e-01 
5143, 1.0000000e+00, 7.4100372e-01, 5.5167419e-01 
5144, 0.0000000e+00, 7.4100372e-01, 5.5167419e-01 
5145, 5.8237622e-01, 1.0000000e+00, 2.9888799e-01 
5146, 5.8237622e-01, 0.0000000e+00, 2.9888799e-01 
5147, 5.6679480e-01, 1.0000000e+00, 3.7820975e-01 
5148, 5.6679480e-01, 0.0000000e+00, 3.7820975e-01 
5149, 6.2848234e-01, 1.0000000e+00, 2.7263301e-01 
5150, 6.2848234e-01, 0.0000000e+00, 2.7263301e-01 
5151, 6.1349674e-01, 8.7542362e-01, 0.0000000e+00 
5152, 6.1349674e-01, 8.7542362e-01, 1.0000000e+00 
5153, 2.6758627e-01, 7.9371697e-02, 0.0000000e+00 
5154, 2.6758627e-01, 7.9371697e-02, 1.0000000e+00 
5155, 3.9003844e-01, 2.1119743e-01, 0.0000000e+00 
5156, 3.9003844e-01, 2.1119743e-01, 1.0000000e+00 
5157, 4.9340603e-01, 5.1065823e-01, 1.0000000e+00 
5158, 4.9340603e-01, 5.1065823e-01, 0.0000000e+00 
5159, 1.0000000e+00, 6.5440213e-01, 9.6228735e-01 
5160, 3.2000272e-02, 6.5375115e-01, 0.0000000e+00 
5161, 9.1968442e-01, 0.0000000e+00, 2.8878944e-01 
5162, 9.1968442e-01, 1.0000000e+00, 2.8878944e-01 
5163, 1.0000000e+00, 8.6640973e-02, 3.4687451e-01 
5164, 5.3911372e-02, 1.0000000e+00, 3.0763123e-01 
5165, 5.7444711e-01, 6.3400645e-01, 1.0000000e+00 
5166, 5.7444711e-01, 6.3400645e-01, 0.0000000e+00 
5167, 1.5863377e-01, 0.0000000e+00, 4.0342443e-01 
5168, 1.5863377e-01, 1.0000000e+00, 4.0342443e-01 
5169, 1.6249093e-01, 2.1110881e-02, 0.0000000e+00 
5170, 1.6249093e-01, 2.1110881e-02, 1.0000000e+00 
5171, 0.0000000e+00, 4.3301554e-01, 3.6625101e-01 
5172, 1.0000000e+00, 4.3301554e-01, 3.6625101e-01 
5173, 0.0000000e+00, 6.2946913e-01, 2.4009459e-01 
5174, 1.0000000e+00, 6.2946913e-01, 2.4009459e-01 
5175, 7.6751792e-01, 1.0000000e+00, 7.7186160e-01 
5176, 7.6751792e-01, 0.0000000e+00, 7.7186160e-01 
5177, 6.5515189e-03, 0.0000000e+00, 5.2077852e-01 
5178, 1.0000000e+00, 9.9494935e-01, 5.2360382e-01 
5179, 1.0000000e+00, 5.0853616e-02, 3.3646630e-01 
5180, 0.0000000e+00, 5.0853616e-02, 3.3646630e-01 
5181, 9.6251793e-01, 0.0000000e+00, 2.4090743e-01 
5182, 9.6251793e-01, 1.0000000e+00, 2.4090743e-01 
5183, 1.0000000e+00, 5.5452751e-02, 2.3056255e-01 
5184, 0.0000000e+00, 5.5452751e-02, 2.3056255e-01 
5185, 0.0000000e+00, 2.5596727e-01, 9.3908744e-01 
5186, 1.0000000e+00, 2.5596727e-01, 9.3908744e-01 
5187, 3.1588812e-01, 7.1254796e-01, 0.0000000e+00 
5188, 3.1588812e-01, 7.1254796e-01, 1.0000000e+00 
5189, 0.0000000e+00, 6.4104767e-01, 6.4839673e-02 
5190, 9.8507124e-01, 5.7934404e-01, 1.0000000e+00 
5191, 1.5982928e-03, 7.2621075e-01, 0.0000000e+00 
5192, 1.5982928e-03, 7.2621075e-01, 1.0000000e+00 
5193, 0.0000000e+00, 6.5259181e-01, 7.7260539e-02 
5194, 1.0000000e+00, 6.5259181e-01, 7.7260539e-02 
5195, 1.0000000e+00, 1.8116925e-01, 5.8626757e-01 
5196, 0.0000000e+00, 1.8116925e-01, 5.8626757e-01 
5197, 9.4323611e-01, 0.0000000e+00, 5.6630292e-01 
5198, 9.4323611e-01, 1.0000000e+00, 5.6630292e-01 
5199, 5.4950787e-01, 0.0000000e+00, 8.4411515e-01 
5200, 5.4950787e-01, 1.0000000e+00, 8.4411515e-01 
5201, 4.7438154e-01, 9.6011742e-02, 1.0000000e+00 
5202, 4.7438154e-01, 9.6011742e-02, 0.0000000e+00 
5203, 2.3102618e-01, 2.7755576e-17, 9.2593668e-01 
5204, 2.3102618e-01, 1.0000000e+00, 9.2593668e-01 
5205, 0.0000000e+00, 2.0168519e-01, 9.4823570e-01 
5206, 9.1116629e-01, 2.1097411e-01, 0.0000000e+00 
5207, 4.1688995e-01, 3.3821980e-01, 0.0000000e+00 
5208, 4.1688995e-01, 3.3821980e-01, 1.0000000e+00 
5209, 4.1066927e-01, 0.0000000e+00, 6.4882605e-01 
5210, 4.1066927e-01, 1.0000000e+00, 6.4882605e-01 
5211, 0.0000000e+00, 1.8025147e-01, 3.0675917e-01 
5212, 1.0000000e+00, 1.8025147e-01, 3.0675917e-01 
5213, 6.6701675e-01, 5.2362317e-01, 0.0000000e+00 
5214, 6.6701675e-01, 5.2362317e-01, 1.0000000e+00 
5215, 7.3132515e-01, 1.0000000e+00, 2.0940884e-01 
5216, 7.3132515e-01, 0.0000000e+00, 2.0940884e-01 
5217, 1.0000000e+00, 5.5076490e-01, 6.2560427e-01 
5218, 0.0000000e+00, 5.5076490e-01, 6.2560427e-01 
5219, 6.8606471e-01, 1.0000000e+00, 3.5278308e-01 
5220, 6.8606471e-01, 0.0000000e+00, 3.5278308e-01 
5221, 6.3930162e-02, 0.0000000e+00, 7.0493365e-01 
5222, 6.3930162e-02, 1.0000000e+00, 7.0493365e-01 
5223, 1.0000000e+00, 7.2973014e-01, 4.6027377e-01 
5224, 0.0000000e+00, 7.2973014e-01, 4.6027377e-01 
5225, 7.6715408e-01, 0.0000000e+00, 7.6969534e-01 
5226, 7.6715408e-01, 1.0000000e+00, 7.6969534e-01 
5227, 8.0730168e-01, 0.0000000e+00, 7.7176763e-01 
5228, 8.0730168e-01, 1.0000000e+00, 7.7176763e-01 
5229, 8.2257102e-01, 0.0000000e+00, 7.9392460e-01 
5230, 8.2257102e-01, 1.0000000e+00, 7.9392460e-01 
5231, 7.3090222e-01, 1.0654063e-01, 0.0000000e+00 
5232, 7.3090222e-01, 1.0654063e-01, 1.0000000e+00 
5233, 7.8379554e-03, 4.4427212e-01, 1.0000000e+00 
5234, 1.0000000e+00, 4.4003156e-01, 3.3028592e-03 
5235, 1.0000000e+00, 4.3595866e-01, 3.3102105e-01 
5236, 0.0000000e+00, 4.3595866e-01, 3.3102105e-01 
5237, 3.2228274e-01, 0.0000000e+00, 7.2573312e-02 
5238, 3.2228274e-01, 1.0000000e+00, 7.2573312e-02 
5239, 7.7360963e-01, 1.0000000e+00, 6.2356232e-01 
5240, 7.7360963e-01, 0.0000000e+00, 6.2356232e-01 
5241, 6.9348899e-01, 8.4311111e-01, 1.0000000e+00 
5242, 6.9348899e-01, 8.4311111e-01, 0.0000000e+00 
5243, 9.2186210e-01, 0.0000000e+00, 6.7410432e-01 
5244, 9.2186210e-01, 1.0000000e+00, 6.7410432e-01 
5245, 8.7459645e-01, 0.0000000e+00, 7.0954567e-01 
5246, 8.7459645e-01, 1.0000000e+00, 7.0954567e-01 
5247, 1.0000000e+00, 3.4553395e-01, 2.7941414e-02 
5248, 1.1605170e-01, 2.2462128e-01, 1.0000000e+00 
5249, 2.2501417e-01, 3.7804671e-01, 1.0000000e+00 
5250, 2.2501417e-01, 3.7804671e-01, 0.0000000e+00 
5251, 1.6511207e-01, 6.7025448e-01, 0.0000000e+00 
5252, 1.6511207e-01, 6.7025448e-01, 1.0000000e+00 
5253, 1.0000000e+00, 3.7971460e-01, 4.2742421e-01 
5254, 0.0000000e+00, 3.7971460e-01, 4.2742421e-01 
5255, 1.0000000e+00, 3.8538470e-01, 4.9287152e-01 
5256, 0.0000000e+00, 3.8538470e-01, 4.9287152e-01 
5257, 4.1333517e-01, 0.0000000e+00, 7.7127100e-01 
5258, 4.1333517e-01, 1.0000000e+00, 7.7127100e-01 
5259, 1.6041520e-01, 0.0000000e+00, 9.3465315e-01 
5260, 1.6041520e-01, 1.0000000e+00, 9.3465315e-01 
5261, 0.0000000e+00, 8.9018956e-01, 8.9360678e-02 
5262, 1.0000000e+00, 8.9018956e-01, 8.9360678e-02 
5263, 0.0000000e+00, 7.4869749e-01, 6.0178145e-03 
5264, 9.9836630e-01, 7.4780727e-01, 1.0000000e+00 
5265, 3.9202370e-01, 1.0000000e+00, 7.0145671e-01 
5266, 3.9202370e-01, 0.0000000e+00, 7.0145671e-01 
5267, 3.5065053e-01, 0.0000000e+00, 4.7930317e-01 
5268, 3.5065053e-01, 1.0000000e+00, 4.7930317e-01 
5269, 3.5676277e-01, 0.0000000e+00, 4.7481329e-01 
5270, 3.5676277e-01, 1.0000000e+00, 4.7481329e-01 
5271, 8.3879494e-01, 1.0000000e+00, 7.1466833e-01 
5272, 8.3879494e-01, 0.0000000e+00, 7.1466833e-01 
5273, 0.0000000e+00, 5.6466983e-01, 7.3986125e-01 
5274, 1.0000000e+00, 5.6466983e-01, 7.3986125e-01 
5275, 8.6803082e-01, 0.0000000e+00, 2.6308449e-01 
5276, 8.6803082e-01, 1.0000000e+00, 2.6308449e-01 
5277, 5.0996328e-01, 6.8128888e-01, 1.3877788e-17 
5278, 5.0996328e-01, 6.8128888e-01, 1.0000000e+00 
5279, 5.9012053e-01, 1.6466131e-01, 0.0000000e+00 
5280, 5.9012053e-01, 1.6466131e-01, 1.0000000e+00 
5281, 9.2055790e-01, 1.6668615e-01, 1.0000000e+00 
5282, 9.3149040e-01, 1.0000000e+00, 1.1754168e-01 
5283, 1.0000000e+00, 2.8605354e-01, 3.3593319e-01 
5284, 0.0000000e+00, 2.8605354e-01, 3.3593319e-01 
5285, 9.6489191e-01, 5.7727804e-01, 1.0000000e+00 
5286, 0.0000000e+00, 5.6407778e-01, 2.2430284e-02 
5287, 0.0000000e+00, 4.5194728e-01, 2.5069574e-01 
5288, 1.0000000e+00, 4.5194728e-01, 2.5069574e-01 
5289, 0.0000000e+00, 7.9510225e-01, 4.4808602e-01 
5290, 1.0000000e+00, 7.9510225e-01, 4.4808602e-01 
5291, 1.0000000e+00, 7.9525945e-01, 3.4145135e-02 
5292, 0.0000000e+00, 7.9525945e-01, 3.4145135e-02 
5293, 1.0000000e+00, 8.0327177e-01, 4.9226838e-02 
5294, 0.0000000e+00, 8.0327177e-01, 4.9226838e-02 
5295, 8.9099389e-01, 7.7837145e-01, 0.0000000e+00 
5296, 8.9099389e-01, 7.7837145e-01, 1.0000000e+00 
5297, 0.0000000e+00, 4.0150451e-02, 2.2534670e-01 
5298, 1.0000000e+00, 4.0150451e-02, 2.2534670e-01 
5299, 2.5408812e-01, 6.6944382e-01, 1.0000000e+00 
5300, 2.5408812e-01, 6.6944382e-01, 0.0000000e+00 
5301, 9.0721107e-01, 0.0000000e+00, 4.1850102e-01 
5302, 0.0000000e+00, 9.7618115e-01, 4.0530558e-01 
5303, 1.3814952e-02, 1.0000000e+00, 5.6431746e-02 
5304, 1.0000000e+00, 4.3574084e-02, 3.5374159e-02 
5305, 1.1666852e-01, 8.4333274e-01, 0.0000000e+00 
5306, 1.1666852e-01, 8.4333274e-01, 1.0000000e+00 
5307, 2.0824578e-01, 7.2197730e-01, 0.0000000e+00 
5308, 2.0824578e-01, 7.2197730e-01, 1.0000000e+00 
5309, 3.9831028e-01, 7.4080123e-02, 1.0000000e+00 
5310, 3.9831028e-01, 7.4080123e-02, 0.0000000e+00 
5311, 9.8610718e-01, 1.0000000e+00, 8.3494688e-01 
5312, 9.8610718e-01, 0.0000000e+00, 8.3494688e-01 
5313, 1.0000000e+00, 9.9145404e-01, 8.4437017e-01 
5314, 0.0000000e+00, 9.9145404e-01, 8.4437017e-01 
5315, 5.6269688e-01, 0.0000000e+00, 9.0065841e-01 
5316, 5.6269688e-01, 1.0000000e+00, 9.0065841e-01 
5317, 1.4655011e-01, 2.5699507e-01, 1.0000000e+00 
5318, 1.4655011e-01, 2.5699507e-01, 0.0000000e+00 
5319, 2.9932129e-01, 2.4167439e-01, 1.0000000e+00 
5320, 2.9932129e-01, 2.4167439e-01, 0.0000000e+00 
5321, 7.1782555e-01, 1.0000000e+00, 2.0772609e-01 
5322, 7.1782555e-01, 0.0000000e+00, 2.0772609e-01 
5323, 1.7363094e-01, 7.6195017e-01, 1.0000000e+00 
5324, 1.7363094e-01, 7.6195017e-01, 0.0000000e+00 
5325, 6.5804918e-03, 9.3883531e-01, 1.0000000e+00 
5326, 9.9715003e-01, 0.0000000e+00, 2.7811282e-02 
5327, 7.1448080e-01, 7.3407204e-01, 0.0000000e+00 
5328, 7.1448080e-01, 7.3407204e-01, 1.0000000e+00 
5329, 1.7692569e-01, 7.8488539e-01, 1.0000000e+00 
5330, 1.7692569e-01, 7.8488539e-01, 0.0000000e+00 
5331, 1.0000000e+00, 2.9001477e-01, 6.0029748e-02 
5332, 7.2779508e-02, 2.7955354e-01, 1.0000000e+00 
5333, 1.7063752e-01, 1.0000000e+00, 4.7606725e-01 
5334, 1.7063752e-01, 0.0000000e+00, 4.7606725e-01 
5335, 0.0000000e+00, 9.4681847e-01, 5.8981782e-01 
5336, 1.0000000e+00, 9.4681847e-01, 5.8981782e-01 
5337, 0.0000000e+00, 6.0819442e-01, 1.7993385e-01 
5338, 1.0000000e+00, 6.0819442e-01, 1.7993385e-01 
5339, 0.0000000e+00, 5.6786593e-01, 2.1031412e-01 
5340, 1.0000000e+00, 5.6786593e-01, 2.1031412e-01 
5341, 1.0000000e+00, 5.1624074e-01, 4.0887096e-01 
5342, 0.0000000e+00, 5.1624074e-01, 4.0887096e-01 
5343, 6.3012281e-02, 1.8853933e-02, 0.0000000e+00 
5344, 6.7898946e-02, 1.0000000e+00, 9.8182724e-01 
5345, 7.5566597e-01, 4.1606358e-01, 0.0000000e+00 
5346, 7.5566597e-01, 4.1606358e-01, 1.0000000e+00 
5347, 0.0000000e+00, 6.2835135e-01, 8.2611029e-01 
5348, 1.0000000e+00, 6.2835135e-01, 8.2611029e-01 
5349, 8.8340003e-01, 0.0000000e+00, 3.3506117e-01 
5350, 8.8340003e-01, 1.0000000e+00, 3.3506117e-01 
5351, 0.0000000e+00, 3.0169465e-01, 8.1755106e-01 
5352, 1.0000000e+00, 3.0169465e-01, 8.1755106e-01 
5353, 5.1325308e-02, 2.5385908e-01, 0.0000000e+00 
5354, 5.1325308e-02, 2.5385908e-01, 1.0000000e+00 
5355, 8.4596197e-02, 1.9449666e-01, 0.0000000e+00 
5356, 8.4596197e-02, 1.9449666e-01, 1.0000000e+00 
5357, 4.7034976e-01, 0.0000000e+00, 1.7245590e-01 
5358, 4.7034976e-01, 1.0000000e+00, 1.7245590e-01 
5359, 4.0481836e-01, 1.0000000e+00, 4.0860761e-01 
5360, 4.0481836e-01, 0.0000000e+00, 4.0860761e-01 
5361, 1.2813549e-01, 1.0000000e+00, 4.2750453e-01 
5362, 1.2813549e-01, 0.0000000e+00, 4.2750453e-01 
5363, 3.3827244e-01, 1.0000000e+00, 5.4405650e-01 
5364, 3.3827244e-01, 0.0000000e+00, 5.4405650e-01 
5365, 3.1509603e-01, 1.0000000e+00, 6.0119240e-01 
5366, 3.1509603e-01, 0.0000000e+00, 6.0119240e-01 
5367, 1.0000000e+00, 8.6851525e-01, 5.7665527e-01 
5368, 0.0000000e+00, 8.6851525e-01, 5.7665527e-01 
5369, 1.4215790e-01, 6.2453833e-01, 1.0000000e+00 
5370, 1.4215790e-01, 6.2453833e-01, 0.0000000e+00 
5371, 0.0000000e+00, 5.6607922e-01, 9.6762897e-01 
5372, 1.0000000e+00, 5.6607922e-01, 9.6762897e-01 
5373, 9.4124101e-01, 1.0000000e+00, 6.1557610e-01 
5374, 9.4124101e-01, 0.0000000e+00, 6.1557610e-01 
5375, 9.2582397e-01, 1.0000000e+00, 6.4076166e-01 
5376, 9.2582397e-01, 0.0000000e+00, 6.4076166e-01 
5377, 1.1923091e-01, 3.9441948e-01, 1.0000000e+00 
5378, 1.1923091e-01, 3.9441948e-01, 0.0000000e+00 
5379, 0.0000000e+00, 2.4141072e-01, 8.1471444e-01 
5380, 1.0000000e+00, 2.4141072e-01, 8.1471444e-01 
5381, 9.0934801e-01, 0.0000000e+00, 7.9506353e-01 
5382, 9.0934801e-01, 1.0000000e+00, 7.9506353e-01 
5383, 0.0000000e+00, 3.7108418e-01, 4.5707623e-01 
5384, 1.0000000e+00, 3.7108418e-01, 4.5707623e-01 
5385, 0.0000000e+00, 3.6347941e-01, 4.9118264e-01 
5386, 1.0000000e+00, 3.6347941e-01, 4.9118264e-01 
5387, 7.1362751e-01, 1.0000000e+00, 1.8405063e-01 
5388, 7.1362751e-01, 0.0000000e+00, 1.8405063e-01 
5389, 7.4411326e-01, 9.9490058e-01, 0.0000000e+00 
5390, 7.4997486e-01, 0.0000000e+00, 9.8797592e-01 
5391, 3.0738926e-01, 0.0000000e+00, 2.0563821e-01 
5392, 3.0738926e-01, 1.0000000e+00, 2.0563821e-01 
5393, 2.8831885e-01, 9.0934768e-03, 0.0000000e+00 
5394, 2.8831885e-01, 9.0934768e-03, 1.0000000e+00 
5395, 4.9838487e-01, 1.0000000e+00, 3.2982539e-01 
5396, 4.9838487e-01, 0.0000000e+00, 3.2982539e-01 
5397, 0.0000000e+00, 1.6406666e-01, 1.1244468e-02 
5398, 1.0000000e+00, 1.6406666e-01, 1.1244468e-02 
5399, 1.0000000e+00, 8.9230649e-01, 2.3057069e-01 
5400, 0.0000000e+00, 8.9230649e-01, 2.3057069e-01 
5401, 6.8848784e-01, 1.4346298e-01, 6.9388939e-18 
5402, 6.8848784e-01, 1.4346298e-01, 1.0000000e+00 
5403, 6.8918696e-01, 1.7622229e-01, 0.0000000e+00 
5404, 6.8918696e-01, 1.7622229e-01, 1.0000000e+00 
5405, 1.5509882e-01, 0.0000000e+00, 7.8101137e-01 
5406, 1.5509882e-01, 1.0000000e+00, 7.8101137e-01 
5407, 0.0000000e+00, 8.5484284e-01, 8.4545484e-01 
5408, 1.0000000e+00, 8.5484284e-01, 8.4545484e-01 
5409, 4.1821217e-02, 8.5165161e-01, 1.0000000e+00 
5410, 4.1821217e-02, 8.5165161e-01, 0.0000000e+00 
5411, 9.7069532e-01, 7.6209094e-01, 1.0000000e+00 
5412, 0.0000000e+00, 8.0036179e-01, 1.4568178e-02 
5413, 1.3934034e-01, 0.0000000e+00, 4.3920995e-02 
5414, 1.3934034e-01, 1.0000000e+00, 4.3920995e-02 
5415, 5.6590861e-01, 0.0000000e+00, 5.1774328e-01 
5416, 5.6590861e-01, 1.0000000e+00, 5.1774328e-01 
5417, 1.0000000e+00, 4.0802259e-02, 3.4814155e-01 
5418, 1.4862524e-02, 1.0000000e+00, 3.2330111e-01 
5419, 4.5017927e-01, 0.0000000e+00, 7.5517558e-01 
5420, 4.5017927e-01, 1.0000000e+00, 7.5517558e-01 
5421, 4.8682430e-01, 6.6030515e-01, 0.0000000e+00 
5422, 4.8682430e-01, 6.6030515e-01, 1.0000000e+00 
5423, 7.5893507e-02, 1.0000000e+00, 4.8673877e-01 
5424, 7.5893507e-02, 0.0000000e+00, 4.8673877e-01 
5425, 0.0000000e+00, 9.3412504e-01, 5.6837246e-01 
5426, 1.0000000e+00, 9.3412504e-01, 5.6837246e-01 
5427, 0.0000000e+00, 9.9058211e-01, 5.6324362e-01 
5428, 1.0000000e+00, 9.9058211e-01, 5.6324362e-01 
5429, 1.0000000e+00, 5.4464878e-01, 2.7949348e-01 
5430, 0.0000000e+00, 5.4464878e-01, 2.7949348e-01 
5431, 1.0000000e+00, 3.3500357e-01, 6.9842783e-01 
5432, 0.0000000e+00, 3.3500357e-01, 6.9842783e-01 
5433, 1.0000000e+00, 4.4541964e-01, 7.7488480e-01 
5434, 0.0000000e+00, 4.4541964e-01, 7.7488480e-01 
5435, 9.2941512e-01, 4.6988640e-01, 1.0000000e+00 
5436, 9.2941512e-01, 4.6988640e-01, 0.0000000e+00 
5437, 8.8145214e-01, 0.0000000e+00, 6.7105267e-01 
5438, 8.8145214e-01, 1.0000000e+00, 6.7105267e-01 
5439, 1.2083461e-02, 1.0000000e+00, 6.4399330e-01 
5440, 1.2083461e-02, 0.0000000e+00, 6.4399330e-01 
5441, 0.0000000e+00, 7.5527240e-01, 6.7869548e-01 
5442, 1.0000000e+00, 7.5527240e-01, 6.7869548e-01 
5443, 0.0000000e+00, 6.8636043e-01, 5.4458395e-01 
5444, 1.0000000e+00, 6.8636043e-01, 5.4458395e-01 
5445, 0.0000000e+00, 6.4986588e-01, 3.2770901e-01 
5446, 1.0000000e+00, 6.4986588e-01, 3.2770901e-01 
5447, 2.7318140e-01, 4.2107714e-01, 0.0000000e+00 
5448, 2.7318140e-01, 4.2107714e-01, 1.0000000e+00 
5449, 9.8654215e-01, 1.0000000e+00, 7.8619391e-01 
5450, 0.0000000e+00, 1.2874747e-02, 8.0058900e-01 
5451, 9.5988948e-01, 1.0000000e+00, 7.1583632e-01 
5452, 0.0000000e+00, 7.3769590e-02, 7.0064442e-01 
5453, 8.1466919e-01, 1.0000000e+00, 7.0695163e-01 
5454, 8.1466919e-01, 0.0000000e+00, 7.0695163e-01 
5455, 9.4642833e-01, 1.0000000e+00, 1.4989905e-01 
5456, 9.4642833e-01, 0.0000000e+00, 1.4989905e-01 
5457, 0.0000000e+00, 5.9552766e-01, 3.3492528e-01 
5458, 1.0000000e+00, 5.9552766e-01, 3.3492528e-01 
5459, 0.0000000e+00, 8.0875175e-01, 4.4399676e-01 
5460, 1.0000000e+00, 8.0875175e-01, 4.4399676e-01 
5461, 1.0000000e+00, 9.6518517e-01, 5.9023492e-01 
5462, 1.8219824e-01, 0.0000000e+00, 6.8431329e-01 
5463, 0.0000000e+00, 8.5498505e-01, 3.6384545e-01 
5464, 1.0000000e+00, 8.5498505e-01, 3.6384545e-01 
5465, 3.8144501e-01, 7.5948685e-01, 1.0000000e+00 
5466, 3.8144501e-01, 7.5948685e-01, 0.0000000e+00 
5467, 8.7168760e-01, 1.0000000e+00, 2.3141804e-02 
5468, 8.5452869e-01, 6.7774597e-03, 1.0000000e+00 
5469, 8.9340123e-01, 1.0000000e+00, 8.9473181e-02 
5470, 8.9340123e-01, 0.0000000e+00, 8.9473181e-02 
5471, 8.5056755e-01, 0.0000000e+00, 5.9811805e-01 
5472, 8.5056755e-01, 1.0000000e+00, 5.9811805e-01 
5473, 3.7076659e-01, 1.0000000e+00, 6.2292920e-01 
5474, 3.7076659e-01, 0.0000000e+00, 6.2292920e-01 
5475, 0.0000000e+00, 7.4369373e-01, 2.0275730e-01 
5476, 1.0000000e+00, 7.4369373e-01, 2.0275730e-01 
5477, 0.0000000e+00, 8.8653725e-01, 2.7999023e-01 
5478, 1.0000000e+00, 8.8653725e-01, 2.7999023e-01 
5479, 6.9128798e-01, 1.0000000e+00, 5.7492797e-01 
5480, 6.9128798e-01, 0.0000000e+00, 5.7492797e-01 
5481, 3.4242571e-01, 7.9358196e-01, 1.0000000e+00 
5482, 3.4242571e-01, 7.9358196e-01, 0.0000000e+00 
5483, 1.6651188e-01, 8.1493966e-01, 1.0000000e+00 
5484, 1.6651188e-01, 8.1493966e-01, 0.0000000e+00 
5485, 2.1441115e-01, 7.5663474e-01, 1.0000000e+00 
5486, 2.1441115e-01, 7.5663474e-01, 0.0000000e+00 
5487, 2.1511893e-01, 9.4219986e-01, 1.0000000e+00 
5488, 1.8614850e-01, 0.0000000e+00, 3.5816982e-02 
5489, 0.0000000e+00, 2.1536460e-01, 9.8732523e-01 
5490, 8.7422132e-01, 1.0000000e+00, 6.5814929e-02 
5491, 2.9888643e-02, 2.3572722e-01, 1.0000000e+00 
5492, 2.9888643e-02, 2.3572722e-01, 0.0000000e+00 
5493, 4.6378569e-01, 0.0000000e+00, 2.4831936e-01 
5494, 4.6378569e-01, 1.0000000e+00, 2.4831936e-01 
5495, 6.2409846e-01, 0.0000000e+00, 5.2816569e-01 
5496, 6.2409846e-01, 1.0000000e+00, 5.2816569e-01 
5497, 9.1030415e-01, 0.0000000e+00, 6.0484989e-01 
5498, 9.1030415e-01, 1.0000000e+00, 6.0484989e-01 
5499, 1.0000000e+00, 1.1061785e-02, 5.9877816e-01 
5500, 8.1881673e-02, 1.0000000e+00, 6.1848126e-01 
5501, 9.3019763e-01, 1.0000000e+00, 5.3201375e-01 
5502, 0.0000000e+00, 6.6197842e-02, 5.5375395e-01 
5503, 8.7170313e-01, 1.0000000e+00, 5.4071274e-01 
5504, 8.7170313e-01, 0.0000000e+00, 5.4071274e-01 
5505, 7.6950538e-01, 1.0000000e+00, 4.7845492e-01 
5506, 7.6950538e-01, 0.0000000e+00, 4.7845492e-01 
5507, 6.4073538e-01, 6.9931211e-01, 1.0000000e+00 
5508, 6.4073538e-01, 6.9931211e-01, 0.0000000e+00 
5509, 0.0000000e+00, 1.0929169e-01, 5.1576272e-01 
5510, 1.0000000e+00, 1.0929169e-01, 5.1576272e-01 
5511, 4.5377778e-01, 8.4294679e-02, 1.0000000e+00 
5512, 4.5377778e-01, 8.4294679e-02, 0.0000000e+00 
5513, 1.0000000e+00, 3.4443470e-01, 2.3557935e-01 
5514, 0.0000000e+00, 3.4443470e-01, 2.3557935e-01 
5515, 6.0914993e-01, 1.0000000e+00, 2.2032237e-01 
5516, 6.0914993e-01, 0.0000000e+00, 2.2032237e-01 
5517, 1.0000000e+00, 9.3817141e-01, 1.3541232e-01 
5518, 0.0000000e+00, 9.3817141e-01, 1.3541232e-01 
5519, 4.3999732e-01, 1.0000000e+00, 1.4960448e-02 
5520, 4.2411843e-01, 2.3698640e-02, 1.0000000e+00 
5521, 0.0000000e+00, 9.2202134e-01, 2.6120738e-01 
5522, 1.0000000e+00, 9.2202134e-01, 2.6120738e-01 
5523, 0.0000000e+00, 9.2332444e-01, 2.6228190e-01 
5524, 1.0000000e+00, 9.2332444e-01, 2.6228190e-01 
5525, 1.0000000e+00, 9.8222081e-01, 7.6612784e-01 
5526, 0.0000000e+00, 9.8222081e-01, 7.6612784e-01 
5527, 2.9780942e-01, 0.0000000e+00, 8.6096224e-01 
5528, 2.9780942e-01, 1.0000000e+00, 8.6096224e-01 
5529, 2.2689643e-01, 6.1152507e-01, 0.0000000e+00 
5530, 2.2689643e-01, 6.1152507e-01, 1.0000000e+00 
5531, 1.2653284e-02, 6.1718259e-01, 1.0000000e+00 
5532, 1.2653284e-02, 6.1718259e-01, 0.0000000e+00 
5533, 1.5718656e-01, 6.7653898e-01, 1.0000000e+00 
5534, 1.5718656e-01, 6.7653898e-01, 0.0000000e+00 
5535, 3.0085529e-01, 4.2417760e-01, 0.0000000e+00 
5536, 3.0085529e-01, 4.2417760e-01, 1.0000000e+00 
5537, 0.0000000e+00, 2.1639238e-01, 4.7498367e-01 
5538, 1.0000000e+00, 2.1639238e-01, 4.7498367e-01 
5539, 2.2674704e-01, 1.0000000e+00, 8.4110656e-01 
5540, 2.2674704e-01, 0.0000000e+00, 8.4110656e-01 
5541, 2.7428964e-01, 1.0000000e+00, 8.4538857e-01 
5542, 2.7428964e-01, 0.0000000e+00, 8.4538857e-01 
5543, 1.0000000e+00, 5.4225816e-01, 5.8949126e-01 
5544, 0.0000000e+00, 5.4225816e-01, 5.8949126e-01 
5545, 6.8915446e-01, 1.0000000e+00, 8.9392827e-01 
5546, 6.8915446e-01, 0.0000000e+00, 8.9392827e-01 
5547, 4.3371640e-01, 1.0000000e+00, 8.7525477e-01 
5548, 4.3371640e-01, 0.0000000e+00, 8.7525477e-01 
5549, 6.9869193e-01, 0.0000000e+00, 3.8950291e-01 
5550, 6.9869193e-01, 1.0000000e+00, 3.8950291e-01 
5551, 0.0000000e+00, 9.5961361e-01, 6.5907289e-01 
5552, 8.5473944e-01, 0.0000000e+00, 7.4804933e-01 
5553, 3.5421354e-01, 1.0000000e+00, 7.5526887e-01 
5554, 3.5421354e-01, 0.0000000e+00, 7.5526887e-01 
5555, 8.0555779e-02, 1.0000000e+00, 6.0907441e-01 
5556, 8.0555779e-02, 0.0000000e+00, 6.0907441e-01 
5557, 1.5931149e-01, 1.0000000e+00, 6.1306761e-01 
5558, 1.5931149e-01, 0.0000000e+00, 6.1306761e-01 
5559, 5.1509232e-01, 9.2483121e-01, 1.0000000e+00 
5560, 5.1509232e-01, 9.2483121e-01, 0.0000000e+00 
5561, 8.6581632e-01, 5.3233519e-01, 1.0000000e+00 
5562, 8.6581632e-01, 5.3233519e-01, 0.0000000e+00 
5563, 8.6275987e-01, 5.4186525e-01, 1.0000000e+00 
5564, 8.6275987e-01, 5.4186525e-01, 0.0000000e+00 
5565, 1.0000000e+00, 7.5761134e-01, 7.0557143e-01 
5566, 0.0000000e+00, 7.5761134e-01, 7.0557143e-01 
5567, 8.4907372e-01, 2.9439297e-01, 1.0000000e+00 
5568, 8.4907372e-01, 2.9439297e-01, 0.0000000e+00 
5569, 7.5945504e-01, 3.6305242e-01, 1.0000000e+00 
5570, 7.5945504e-01, 3.6305242e-01, 0.0000000e+00 
5571, 4.4480579e-01, 0.0000000e+00, 5.5018768e-01 
5572, 4.4480579e-01, 1.0000000e+00, 5.5018768e-01 
5573, 9.6602288e-01, 0.0000000e+00, 7.6343575e-01 
5574, 9.6602288e-01, 1.0000000e+00, 7.6343575e-01 
5575, 4.3112097e-01, 0.0000000e+00, 4.2686192e-01 
5576, 4.3112097e-01, 1.0000000e+00, 4.2686192e-01 
5577, 1.3716838e-01, 7.2141554e-02, 0.0000000e+00 
5578, 1.3716838e-01, 7.2141554e-02, 1.0000000e+00 
5579, 6.8178936e-01, 7.3566890e-01, 1.0000000e+00 
5580, 6.8178936e-01, 7.3566890e-01, 0.0000000e+00 
5581, 6.4037392e-01, 1.0000000e+00, 7.9362059e-01 
5582, 6.4037392e-01, 0.0000000e+00, 7.9362059e-01 
5583, 9.0512686e-01, 1.0000000e+00, 1.4394726e-01 
5584, 9.0512686e-01, 0.0000000e+00, 1.4394726e-01 
5585, 1.0000000e+00, 9.9374853e-01, 6.0466232e-02 
5586, 8.9539283e-03, 0.0000000e+00, 6.5453178e-02 
5587, 8.1263494e-01, 7.8088929e-01, 1.0000000e+00 
5588, 8.1263494e-01, 7.8088929e-01, 0.0000000e+00 
5589, 1.0000000e+00, 8.5841190e-01, 8.2353290e-01 
5590, 0.0000000e+00, 8.5841190e-01, 8.2353290e-01 
5591, 1.0000000e+00, 9.0563353e-01, 7.1635441e-01 
5592, 0.0000000e+00, 9.0563353e-01, 7.1635441e-01 
5593, 5.0336581e-01, 1.0000000e+00, 7.0096934e-01 
5594, 5.0336581e-01, 0.0000000e+00, 7.0096934e-01 
5595, 6.5869221e-01, 0.0000000e+00, 7.6688509e-01 
5596, 6.5869221e-01, 1.0000000e+00, 7.6688509e-01 
5597, 5.8126020e-01, 0.0000000e+00, 9.2583433e-01 
5598, 5.8126020e-01, 1.0000000e+00, 9.2583433e-01 
5599, 5.6051154e-01, 3.7666296e-01, 1.0000000e+00 
5600, 5.6051154e-01, 3.7666296e-01, 0.0000000e+00 
5601, 5.9014192e-01, 8.8292957e-01, 0.0000000e+00 
5602, 5.9014192e-01, 8.8292957e-01, 1.0000000e+00 
5603, 5.4105612e-01, 1.0000000e+00, 2.8841510e-01 
5604, 5.4105612e-01, 0.0000000e+00, 2.8841510e-01 
5605, 4.9069672e-01, 5.7460049e-01, 1.0000000e+00 
5606, 4.9069672e-01, 5.7460049e-01, 0.0000000e+00 
5607, 6.3122788e-01, 3.5017805e-01, 1.0000000e+00 
5608, 6.3122788e-01, 3.5017805e-01, 0.0000000e+00 
5609, 0.0000000e+00, 1.1379788e-01, 2.9817905e-01 
5610, 1.0000000e+00, 1.1379788e-01, 2.9817905e-01 
5611, 1.0000000e+00, 3.9468641e-01, 9.5867800e-01 
5612, 0.0000000e+00, 3.9468641e-01, 9.5867800e-01 
5613, 8.7087007e-01, 3.0766057e-01, 1.0000000e+00 
5614, 8.7087007e-01, 3.0766057e-01, 0.0000000e+00 
5615, 5.6328400e-01, 5.1387101e-01, 1.0000000e+00 
5616, 5.6328400e-01, 5.1387101e-01, 0.0000000e+00 
5617, 9.1577389e-01, 0.0000000e+00, 5.0534067e-01 
5618, 9.1577389e-01, 1.0000000e+00, 5.0534067e-01 
5619, 1.0000000e+00, 3.0406145e-01, 6.6114782e-01 
5620, 0.0000000e+00, 3.0406145e-01, 6.6114782e-01 
5621, 1.2816451e-01, 7.4779271e-01, 0.0000000e+00 
5622, 1.2816451e-01, 7.4779271e-01, 1.0000000e+00 
5623, 1.3877788e-17, 7.1297926e-01, 7.6445003e-02 
5624, 1.0000000e+00, 7.1297926e-01, 7.6445003e-02 
5625, 9.2213804e-01, 1.0000000e+00, 6.6558581e-01 
5626, 9.2213804e-01, 0.0000000e+00, 6.6558581e-01 
5627, 0.0000000e+00, 4.8565466e-01, 2.7627907e-01 
5628, 1.0000000e+00, 4.8565466e-01, 2.7627907e-01 
5629, 3.4569247e-01, 5.1619816e-01, 0.0000000e+00 
5630, 3.4569247e-01, 5.1619816e-01, 1.0000000e+00 
5631, 3.6193339e-01, 5.1486218e-01, 0.0000000e+00 
5632, 3.6193339e-01, 5.1486218e-01, 1.0000000e+00 
5633, 0.0000000e+00, 3.3320093e-01, 5.8019030e-01 
5634, 1.0000000e+00, 3.3320093e-01, 5.8019030e-01 
5635, 0.0000000e+00, 4.4354348e-01, 5.8172411e-01 
5636, 1.0000000e+00, 4.4354348e-01, 5.8172411e-01 
5637, 4.7439903e-01, 1.9182137e-01, 0.0000000e+00 
5638, 4.7439903e-01, 1.9182137e-01, 1.0000000e+00 
5639, 2.1542930e-01, 1.5498857e-01, 1.0000000e+00 
5640, 2.1542930e-01, 1.5498857e-01, 0.0000000e+00 
5641, 3.2182409e-01, 2.4416275e-01, 1.0000000e+00 
5642, 3.2182409e-01, 2.4416275e-01, 0.0000000e+00 
5643, 1.0000000e+00, 9.7312112e-01, 1.4363808e-01 
5644, 2.4461370e-03, 0.0000000e+00, 1.3084153e-01 
5645, 9.5927581e-01, 0.0000000e+00, 6.9975054e-01 
5646, 9.5927581e-01, 1.0000000e+00, 6.9975054e-01 
5647, 1.0000000e+00, 4.1771153e-02, 7.5988856e-01 
5648, 0.0000000e+00, 4.1771153e-02, 7.5988856e-01 
5649, 2.7363847e-01, 1.0000000e+00, 7.7871253e-01 
5650, 2.7363847e-01, 0.0000000e+00, 7.7871253e-01 
5651, 0.0000000e+00, 5.7154062e-01, 6.7695644e-01 
5652, 1.0000000e+00, 5.7154062e-01, 6.7695644e-01 
5653, 1.0000000e+00, 2.6309251e-01, 4.5533267e-01 
5654, 0.0000000e+00, 2.6309251e-01, 4.5533267e-01 
5655, 9.6480503e-01, 5.4614164e-01, 1.0000000e+00 
5656, 0.0000000e+00, 5.5123695e-01, 9.1682948e-03 
5657, 1.0000000e+00, 3.8855240e-01, 9.8882736e-01 
5658, 0.0000000e+00, 3.8855240e-01, 9.8882736e-01 
5659, 1.0000000e+00, 3.5874147e-01, 8.3095039e-01 
5660, 0.0000000e+00, 3.5874147e-01, 8.3095039e-01 
5661, 6.9063836e-01, 1.0000000e+00, 2.9044478e-01 
5662, 6.9063836e-01, 0.0000000e+00, 2.9044478e-01 
5663, 6.9376413e-01, 3.1469836e-01, 0.0000000e+00 
5664, 6.9376413e-01, 3.1469836e-01, 1.0000000e+00 
5665, 6.8854211e-01, 3.2278827e-01, 0.0000000e+00 
5666, 6.8854211e-01, 3.2278827e-01, 1.0000000e+00 
5667, 1.0000000e+00, 5.9165324e-01, 9.7837031e-01 
5668, 2.8202968e-02, 6.3636822e-01, 0.0000000e+00 
5669, 5.9511372e-02, 1.0000000e+00, 4.6444704e-01 
5670, 5.9511372e-02, 0.0000000e+00, 4.6444704e-01 
5671, 0.0000000e+00, 8.8987224e-01, 5.1667516e-01 
5672, 1.0000000e+00, 8.8987224e-01, 5.1667516e-01 
5673, 9.2672580e-01, 3.3959483e-01, 0.0000000e+00 
5674, 9.2672580e-01, 3.3959483e-01, 1.0000000e+00 
5675, 0.0000000e+00, 3.3352991e-01, 2.1597195e-01 
5676, 1.0000000e+00, 3.3352991e-01, 2.1597195e-01 
5677, 8.1410898e-01, 5.7211844e-01, 0.0000000e+00 
5678, 8.1410898e-01, 5.7211844e-01, 1.0000000e+00 
5679, 5.2947367e-01, 0.0000000e+00, 9.6576340e-01 
5680, 5.2947367e-01, 1.0000000e+00, 9.6576340e-01 
5681, 5.5639612e-01, 2.4619711e-01, 1.0000000e+00 
5682, 5.5639612e-01, 2.4619711e-01, 0.0000000e+00 
5683, 5.7400180e-01, 7.5550245e-01, 0.0000000e+00 
5684, 5.7400180e-01, 7.5550245e-01, 1.0000000e+00 
5685, 4.9186428e-01, 1.0000000e+00, 8.1322644e-01 
5686, 4.9186428e-01, 0.0000000e+00, 8.1322644e-01 
5687, 4.6565669e-01, 9.0967700e-01, 1.0000000e+00 
5688, 4.6565669e-01, 9.0967700e-01, 0.0000000e+00 
5689, 5.9828273e-01, 1.0000000e+00, 6.6294984e-01 
5690, 5.9828273e-01, 0.0000000e+00, 6.6294984e-01 
5691, 7.8821905e-01, 4.4909541e-01, 0.0000000e+00 
5692, 7.8821905e-01, 4.4909541e-01, 1.0000000e+00 
5693, 3.8213261e-01, 1.0000000e+00, 3.8913866e-01 
5694, 3.8213261e-01, 0.0000000e+00, 3.8913866e-01 
5695, 5.9809763e-02, 1.1451552e-01, 1.0000000e+00 
5696, 5.9809763e-02, 1.1451552e-01, 0.0000000e+00 
5697, 0.0000000e+00, 4.6750825e-02, 8.1326142e-01 
5698, 1.0000000e+00, 4.6750825e-02, 8.1326142e-01 
5699, 9.3105836e-01, 7.6026001e-01, 0.0000000e+00 
5700, 9.3105836e-01, 7.6026001e-01, 1.0000000e+00 
5701, 1.0000000e+00, 1.7842750e-01, 8.6988492e-01 
5702, 0.0000000e+00, 1.7842750e-01, 8.6988492e-01 
5703, 5.9677781e-01, 1.6475147e-01, 1.0000000e+00 
5704, 5.9677781e-01, 1.6475147e-01, 0.0000000e+00 
5705, 1.0000000e+00, 3.3524894e-01, 7.3122479e-01 
5706, 0.0000000e+00, 3.3524894e-01, 7.3122479e-01 
5707, 1.0000000e+00, 3.6553771e-01, 6.8971616e-01 
5708, 0.0000000e+00, 3.6553771e-01, 6.8971616e-01 
5709, 7.2949217e-01, 2.6463354e-01, 0.0000000e+00 
5710, 7.2949217e-01, 2.6463354e-01, 1.0000000e+00 
5711, 1.0000000e+00, 5.7771197e-01, 7.0362224e-02 
5712, 0.0000000e+00, 5.7771197e-01, 7.0362224e-02 
5713, 0.0000000e+00, 9.0553875e-01, 3.1199504e-01 
5714, 1.0000000e+00, 9.0553875e-01, 3.1199504e-01 
5715, 0.0000000e+00, 9.8359361e-01, 2.9940971e-01 
5716, 9.6217879e-01, 0.0000000e+00, 2.9190559e-01 
5717, 0.0000000e+00, 8.1846940e-01, 2.3676019e-01 
5718, 1.0000000e+00, 8.1846940e-01, 2.3676019e-01 
5719, 9.7673342e-01, 5.1708214e-02, 1.0000000e+00 
5720, 0.0000000e+00, 7.5186128e-02, 3.4582452e-02 
5721, 0.0000000e+00, 4.3976976e-01, 7.1527267e-01 
5722, 1.0000000e+00, 4.3976976e-01, 7.1527267e-01 
5723, 7.4067887e-01, 0.0000000e+00, 4.5475061e-01 
5724, 7.4067887e-01, 1.0000000e+00, 4.5475061e-01 
5725, 5.3860830e-01, 0.0000000e+00, 7.9648184e-01 
5726, 5.3860830e-01, 1.0000000e+00, 7.9648184e-01 
5727, 3.7679303e-01, 2.3150881e-02, 1.0000000e+00 
5728, 3.7679303e-01, 2.3150881e-02, 0.0000000e+00 
5729, 1.0000000e+00, 1.6208173e-01, 1.2454596e-01 
5730, 1.9083259e-01, 1.8587023e-01, 1.0000000e+00 
5731, 1.0000000e+00, 2.5110115e-01, 1.1768012e-01 
5732, 0.0000000e+00, 2.5110115e-01, 1.1768012e-01 
5733, 2.0696940e-01, 8.2882999e-01, 1.0000000e+00 
5734, 2.0696940e-01, 8.2882999e-01, 0.0000000e+00 
5735, 0.0000000e+00, 5.3979295e-01, 3.2399285e-01 
5736, 1.0000000e+00, 5.3979295e-01, 3.2399285e-01 
5737, 5.9281056e-01, 1.0000000e+00, 8.2091747e-01 
5738, 5.9281056e-01, 0.0000000e+00, 8.2091747e-01 
5739, 0.0000000e+00, 7.3922164e-01, 7.8555754e-01 
5740, 1.0000000e+00, 7.3922164e-01, 7.8555754e-01 
5741, 0.0000000e+00, 7.4987171e-01, 6.4210826e-01 
5742, 1.0000000e+00, 7.4987171e-01, 6.4210826e-01 
5743, 7.8761831e-01, 0.0000000e+00, 1.9205101e-01 
5744, 7.8761831e-01, 1.0000000e+00, 1.9205101e-01 
5745, 0.0000000e+00, 9.7866677e-01, 4.4265028e-01 
5746, 9.8879184e-01, 0.0000000e+00, 4.5887289e-01 
5747, 9.6356372e-01, 5.3432947e-01, 0.0000000e+00 
5748, 9.6356372e-01, 5.3432947e-01, 1.0000000e+00 
5749, 1.9447935e-01, 1.0000000e+00, 3.6646905e-01 
5750, 1.9447935e-01, 0.0000000e+00, 3.6646905e-01 
5751, 3.6478974e-01, 8.2533166e-02, 1.0000000e+00 
5752, 3.6478974e-01, 8.2533166e-02, 0.0000000e+00 
5753, 4.6699993e-01, 2.1033748e-01, 1.0000000e+00 
5754, 4.6699993e-01, 2.1033748e-01, 0.0000000e+00 
5755, 4.6389435e-01, 2.5875903e-01, 1.0000000e+00 
5756, 4.6389435e-01, 2.5875903e-01, 0.0000000e+00 
5757, 1.0000000e+00, 5.7693457e-01, 8.6124412e-01 
5758, 0.0000000e+00, 5.7693457e-01, 8.6124412e-01 
5759, 1.1930775e-01, 7.1904571e-01, 1.0000000e+00 
5760, 1.1930775e-01, 7.1904571e-01, 0.0000000e+00 
5761, 2.2018772e-01, 6.0022692e-01, 0.0000000e+00 
5762, 2.2018772e-01, 6.0022692e-01, 1.0000000e+00 
5763, 1.0000000e+00, 5.1535535e-01, 8.6938375e-02 
5764, 1.3857403e-01, 3.9323964e-01, 1.0000000e+00 
5765, 1.0000000e+00, 5.1204117e-01, 8.0688315e-02 
5766, 6.3151822e-02, 4.3461285e-01, 1.0000000e+00 
5767, 3.4861980e-01, 0.0000000e+00, 7.2442015e-01 
5768, 3.4861980e-01, 1.0000000e+00, 7.2442015e-01 
5769, 3.7112607e-01, 0.0000000e+00, 7.2923885e-01 
5770, 3.7112607e-01, 1.0000000e+00, 7.2923885e-01 
5771, 1.3324606e-01, 0.0000000e+00, 5.3589151e-02 
5772, 1.3324606e-01, 1.0000000e+00, 5.3589151e-02 
5773, 2.8892521e-01, 1.0000000e+00, 3.5273972e-01 
5774, 2.8892521e-01, 0.0000000e+00, 3.5273972e-01 
5775, 3.1907053e-01, 1.0000000e+00, 1.9759342e-01 
5776, 3.1907053e-01, 0.0000000e+00, 1.9759342e-01 
5777, 3.6200798e-01, 1.0000000e+00, 1.6974199e-01 
5778, 3.6200798e-01, 0.0000000e+00, 1.6974199e-01 
5779, 5.7063503e-01, 1.0000000e+00, 2.5615386e-01 
5780, 5.7063503e-01, 0.0000000e+00, 2.5615386e-01 
5781, 3.2219184e-01, 1.0000000e+00, 3.0770059e-01 
5782, 3.2219184e-01, 0.0000000e+00, 3.0770059e-01 
5783, 4.3032353e-01, 1.0000000e+00, 4.1819734e-01 
5784, 4.3032353e-01, 0.0000000e+00, 4.1819734e-01 
5785, 9.4625015e-01, 1.0000000e+00, 7.4672891e-01 
5786, 9.4625015e-01, 0.0000000e+00, 7.4672891e-01 
5787, 8.1727650e-01, 2.2268152e-01, 1.0000000e+00 
5788, 8.1727650e-01, 2.2268152e-01, 0.0000000e+00 
5789, 1.0000000e+00, 1.9244220e-01, 7.1574676e-01 
5790, 0.0000000e+00, 1.9244220e-01, 7.1574676e-01 
5791, 5.2855726e-01, 3.9530506e-01, 1.0000000e+00 
5792, 5.2855726e-01, 3.9530506e-01, 0.0000000e+00 
5793, 7.7650135e-01, 4.8709731e-01, 1.0000000e+00 
5794, 7.7650135e-01, 4.8709731e-01, 0.0000000e+00 
5795, 3.4694470e-18, 2.0807651e-01, 2.2446789e-01 
5796, 1.0000000e+00, 2.0807651e-01, 2.2446789e-01 
5797, 0.0000000e+00, 5.2947348e-01, 6.0252994e-01 
5798, 1.0000000e+00, 5.2947348e-01, 6.0252994e-01 
5799, 0.0000000e+00, 5.5908394e-01, 5.8964979e-01 
5800, 1.0000000e+00, 5.5908394e-01, 5.8964979e-01 
5801, 3.2056886e-01, 9.5747370e-01, 1.0000000e+00 
5802, 3.2056886e-01, 9.5747370e-01, 0.0000000e+00 
5803, 2.5751196e-01, 1.0000000e+00, 8.9308201e-01 
5804, 2.4932306e-01, 1.4558126e-01, 0.0000000e+00 
5805, 1.0000000e+00, 6.3652044e-01, 9.9135071e-01 
5806, 1.9895015e-02, 6.4521992e-01, 0.0000000e+00 
5807, 8.4861978e-01, 6.3307546e-01, 1.0000000e+00 
5808, 8.4861978e-01, 6.3307546e-01, 0.0000000e+00 
5809, 1.0000000e+00, 3.9746211e-01, 1.9784729e-01 
5810, 3.9642315e-02, 3.1353348e-01, 1.0000000e+00 
5811, 1.0000000e+00, 3.9748926e-01, 2.0051038e-01 
5812, 0.0000000e+00, 3.9748926e-01, 2.0051038e-01 
5813, 9.6606499e-01, 1.0000000e+00, 8.3517043e-01 
5814, 9.6606499e-01, 0.0000000e+00, 8.3517043e-01 
5815, 1.0000000e+00, 9.0587959e-01, 8.0932054e-01 
5816, 0.0000000e+00, 9.0587959e-01, 8.0932054e-01 
5817, 1.0000000e+00, 4.0034038e-02, 7.6140542e-01 
5818, 0.0000000e+00, 4.0034038e-02, 7.6140542e-01 
5819, 1.9491698e-01, 0.0000000e+00, 9.9514089e-02 
5820, 1.9491698e-01, 1.0000000e+00, 9.9514089e-02 
5821, 2.2528010e-01, 8.7991188e-02, 0.0000000e+00 
5822, 1.6746927e-01, 1.0000000e+00, 8.7340586e-01 
5823, 4.0921308e-01, 7.7702361e-01, 0.0000000e+00 
5824, 4.0921308e-01, 7.7702361e-01, 1.0000000e+00 
5825, 4.7396170e-01, 1.0000000e+00, 4.6972097e-01 
5826, 4.7396170e-01, 0.0000000e+00, 4.6972097e-01 
5827, 1.0000000e+00, 6.7718946e-02, 5.6974726e-01 
5828, 0.0000000e+00, 6.7718946e-02, 5.6974726e-01 
5829, 7.7381415e-01, 0.0000000e+00, 5.7904445e-01 
5830, 7.7381415e-01, 1.0000000e+00, 5.7904445e-01 
5831, 0.0000000e+00, 2.6649714e-01, 7.7416983e-01 
5832, 1.0000000e+00, 2.6649714e-01, 7.7416983e-01 
5833, 3.1919267e-01, 4.2201182e-01, 1.0000000e+00 
5834, 3.1919267e-01, 4.2201182e-01, 0.0000000e+00 
5835, 1.0000000e+00, 1.5734069e-01, 5.6221061e-02 
5836, 0.0000000e+00, 1.5734069e-01, 5.6221061e-02 
5837, 1.0000000e+00, 2.9880379e-01, 1.0694832e-01 
5838, 0.0000000e+00, 2.9880379e-01, 1.0694832e-01 
5839, 9.2692539e-01, 0.0000000e+00, 1.1991151e-01 
5840, 9.0236302e-01, 9.3786731e-01, 1.0000000e+00 
5841, 0.0000000e+00, 7.1117070e-01, 4.4701382e-01 
5842, 1.0000000e+00, 7.1117070e-01, 4.4701382e-01 
5843, 3.1116118e-01, 0.0000000e+00, 2.2443101e-01 
5844, 3.1116118e-01, 1.0000000e+00, 2.2443101e-01 
5845, 0.0000000e+00, 2.1275905e-01, 1.6298758e-01 
5846, 1.0000000e+00, 2.1275905e-01, 1.6298758e-01 
5847, 8.1186763e-01, 0.0000000e+00, 5.1125364e-01 
5848, 8.1186763e-01, 1.0000000e+00, 5.1125364e-01 
5849, 0.0000000e+00, 3.1581180e-01, 6.2735296e-01 
5850, 1.0000000e+00, 3.1581180e-01, 6.2735296e-01 
5851, 0.0000000e+00, 3.0640584e-01, 6.2746165e-01 
5852, 1.0000000e+00, 3.0640584e-01, 6.2746165e-01 
5853, 5.3383182e-01, 6.8430045e-01, 1.0000000e+00 
5854, 5.3383182e-01, 6.8430045e-01, 0.0000000e+00 
5855, 3.3407311e-01, 2.1070977e-01, 1.0000000e+00 
5856, 3.3407311e-01, 2.1070977e-01, 0.0000000e+00 
5857, 7.8957065e-01, 1.0000000e+00, 4.9649878e-01 
5858, 7.8957065e-01, 0.0000000e+00, 4.9649878e-01 
5859, 5.6838328e-01, 1.0000000e+00, 5.1708108e-01 
5860, 5.6838328e-01, 0.0000000e+00, 5.1708108e-01 
5861, 9.5582151e-01, 0.0000000e+00, 3.7634328e-01 
5862, 0.0000000e+00, 9.5578334e-01, 3.6490243e-01 
5863, 9.8294305e-01, 0.0000000e+00, 3.0874005e-01 
5864, 0.0000000e+00, 9.9058163e-01, 2.8724288e-01 
5865, 5.7929992e-01, 1.0000000e+00, 8.1477944e-02 
5866, 5.7929992e-01, 0.0000000e+00, 8.1477944e-02 
5867, 0.0000000e+00, 4.5847335e-01, 9.5452526e-01 
5868, 9.5991740e-01, 4.9023753e-01, 0.0000000e+00 
5869, 9.3207726e-01, 0.0000000e+00, 8.2419022e-01 
5870, 9.3207726e-01, 1.0000000e+00, 8.2419022e-01 
5871, 1.0000000e+00, 1.2748870e-01, 7.2083161e-01 
5872, 0.0000000e+00, 1.2748870e-01, 7.2083161e-01 
5873, 1.0000000e+00, 2.5613554e-01, 9.4948267e-01 
5874, 7.7554849e-03, 2.9914622e-01, 0.0000000e+00 
5875, 1.0000000e+00, 1.9492081e-01, 7.8834194e-01 
5876, 0.0000000e+00, 1.9492081e-01, 7.8834194e-01 
5877, 4.1141519e-01, 3.1749306e-01, 1.0000000e+00 
5878, 4.1141519e-01, 3.1749306e-01, 0.0000000e+00 
5879, 5.6292024e-01, 0.0000000e+00, 8.2438935e-02 
5880, 5.4820235e-01, 9.7754726e-01, 1.0000000e+00 
5881, 7.9703599e-01, 0.0000000e+00, 6.9856402e-01 
5882, 7.9703599e-01, 1.0000000e+00, 6.9856402e-01 
5883, 3.8651611e-01, 7.2977087e-01, 0.0000000e+00 
5884, 3.8651611e-01, 7.2977087e-01, 1.0000000e+00 
5885, 4.5053398e-01, 7.0484629e-01, 0.0000000e+00 
5886, 4.5053398e-01, 7.0484629e-01, 1.0000000e+00 
5887, 8.1438849e-01, 1.0000000e+00, 4.5710204e-01 
5888, 8.1438849e-01, 0.0000000e+00, 4.5710204e-01 
5889, 8.0970486e-01, 1.0000000e+00, 4.1835776e-01 
5890, 8.0970486e-01, 0.0000000e+00, 4.1835776e-01 
5891, 1.0000000e+00, 2.5379338e-01, 7.6702992e-01 
5892, 0.0000000e+00, 2.5379338e-01, 7.6702992e-01 
5893, 7.0175439e-01, 8.2706805e-01, 1.0000000e+00 
5894, 7.0175439e-01, 8.2706805e-01, 0.0000000e+00 
5895, 7.6068459e-01, 7.7459993e-01, 1.0000000e+00 
5896, 7.6068459e-01, 7.7459993e-01, 0.0000000e+00 
5897, 8.3523049e-02, 7.2082367e-01, 1.0000000e+00 
5898, 1.0000000e+00, 7.0659093e-01, 3.2697591e-02 
5899, 2.0036670e-01, 6.6944195e-01, 1.0000000e+00 
5900, 2.0036670e-01, 6.6944195e-01, 0.0000000e+00 
5901, 5.2928170e-01, 1.0000000e+00, 5.1273710e-01 
5902, 5.2928170e-01, 0.0000000e+00, 5.1273710e-01 
5903, 5.5676846e-01, 1.0000000e+00, 4.8380330e-01 
5904, 5.5676846e-01, 0.0000000e+00, 4.8380330e-01 
5905, 5.8003160e-01, 1.0000000e+00, 5.3856179e-01 
5906, 5.8003160e-01, 0.0000000e+00, 5.3856179e-01 
5907, 8.5813723e-01, 6.7953444e-02, 0.0000000e+00 
5908, 7.7286314e-01, 1.0000000e+00, 9.5282940e-01 
5909, 9.7464047e-01, 7.6897302e-02, 0.0000000e+00 
5910, 6.9241963e-02, 1.0000000e+00, 9.3535158e-01 
5911, 9.2235881e-01, 1.3782780e-01, 0.0000000e+00 
5912, 9.2235881e-01, 1.3782780e-01, 1.0000000e+00 
5913, 1.0000000e+00, 2.2128462e-01, 7.8454430e-01 
5914, 0.0000000e+00, 2.2128462e-01, 7.8454430e-01 
5915, 1.0000000e+00, 3.7076899e-01, 7.7748069e-01 
5916, 0.0000000e+00, 3.7076899e-01, 7.7748069e-01 
5917, 4.3653467e-01, 1.0000000e+00, 2.8814975e-01 
5918, 4.3653467e-01, 0.0000000e+00, 2.8814975e-01 
5919, 6.9031173e-01, 8.0652036e-01, 1.0000000e+00 
5920, 6.9031173e-01, 8.0652036e-01, 0.0000000e+00 
5921, 7.1183774e-01, 8.7571684e-02, 0.0000000e+00 
5922, 7.1183774e-01, 8.7571684e-02, 1.0000000e+00 
5923, 0.0000000e+00, 6.9395981e-02, 5.0506831e-01 
5924, 9.7321789e-01, 1.0000000e+00, 5.2942269e-01 
5925, 2.0520341e-02, 0.0000000e+00, 5.5355903e-01 
5926, 2.0520341e-02, 1.0000000e+00, 5.5355903e-01 
5927, 6.2322610e-01, 0.0000000e+00, 7.9091010e-01 
5928, 6.2322610e-01, 1.0000000e+00, 7.9091010e-01 
5929, 7.1456479e-01, 0.0000000e+00, 7.3660363e-01 
5930, 7.1456479e-01, 1.0000000e+00, 7.3660363e-01 
5931, 7.1128132e-01, 0.0000000e+00, 7.3036116e-01 
5932, 7.1128132e-01, 1.0000000e+00, 7.3036116e-01 
5933, 3.8089936e-01, 0.0000000e+00, 6.4061908e-01 
5934, 3.8089936e-01, 1.0000000e+00, 6.4061908e-01 
5935, 1.0000000e+00, 5.5060849e-01, 4.4431429e-01 
5936, 0.0000000e+00, 5.5060849e-01, 4.4431429e-01 
5937, 5.5077632e-01, 0.0000000e+00, 2.0445388e-01 
5938, 5.5077632e-01, 1.0000000e+00, 2.0445388e-01 
5939, 5.4278419e-01, 0.0000000e+00, 1.6397282e-01 
5940, 5.4278419e-01, 1.0000000e+00, 1.6397282e-01 
5941, 1.0000000e+00, 3.3946674e-01, 4.8082856e-01 
5942, 0.0000000e+00, 3.3946674e-01, 4.8082856e-01 
5943, 1.0000000e+00, 3.0281149e-01, 4.7276027e-01 
5944, 0.0000000e+00, 3.0281149e-01, 4.7276027e-01 
5945, 1.0000000e+00, 3.6797845e-01, 5.1163937e-01 
5946, 0.0000000e+00, 3.6797845e-01, 5.1163937e-01 
5947, 5.2115411e-01, 7.7049411e-01, 1.0000000e+00 
5948, 5.2115411e-01, 7.7049411e-01, 0.0000000e+00 
5949, 9.9030175e-01, 0.0000000e+00, 6.9094662e-01 
5950, 0.0000000e+00, 9.8546622e-01, 6.7938824e-01 
5951, 4.3162649e-01, 4.3371456e-01, 0.0000000e+00 
5952, 4.3162649e-01, 4.3371456e-01, 1.0000000e+00 
5953, 3.2375600e-01, 7.8207793e-02, 6.9388939e-18 
5954, 3.5503248e-01, 1.0000000e+00, 9.1944372e-01 
5955, 4.6588100e-01, 1.0000000e+00, 4.2037961e-01 
5956, 4.6588100e-01, 0.0000000e+00, 4.2037961e-01 
5957, 0.0000000e+00, 7.6532731e-01, 5.2828235e-01 
5958, 1.0000000e+00, 7.6532731e-01, 5.2828235e-01 
5959, 1.0000000e+00, 3.8577690e-01, 9.4269597e-01 
5960, 5.1579928e-03, 4.0571643e-01, 0.0000000e+00 
5961, 1.0000000e+00, 3.8521648e-01, 7.9520405e-01 
5962, 0.0000000e+00, 3.8521648e-01, 7.9520405e-01 
5963, 1.0000000e+00, 3.2743560e-01, 8.5734337e-01 
5964, 8.2558656e-02, 1.1715691e-01, 0.0000000e+00 
5965, 5.0282116e-01, 0.0000000e+00, 6.7680648e-01 
5966, 5.0282116e-01, 1.0000000e+00, 6.7680648e-01 
5967, 1.8939905e-01, 0.0000000e+00, 2.0499284e-01 
5968, 1.8939905e-01, 1.0000000e+00, 2.0499284e-01 
5969, 0.0000000e+00, 2.3784915e-01, 4.2608524e-01 
5970, 1.0000000e+00, 2.3784915e-01, 4.2608524e-01 
5971, 1.0000000e+00, 3.3270931e-01, 2.2054131e-01 
5972, 0.0000000e+00, 3.3270931e-01, 2.2054131e-01 
5973, 2.8894519e-01, 8.2143404e-01, 1.0000000e+00 
5974, 2.8894519e-01, 8.2143404e-01, 0.0000000e+00 
5975, 4.0751924e-01, 1.0000000e+00, 9.0602058e-01 
5976, 4.0751924e-01, 0.0000000e+00, 9.0602058e-01 
5977, 0.0000000e+00, 9.9629775e-01, 9.1991801e-01 
5978, 9.9828799e-01, 0.0000000e+00, 9.1665543e-01 
5979, 0.0000000e+00, 9.7702175e-01, 9.9039074e-01 
5980, 9.8248775e-01, 0.0000000e+00, 1.1463800e-02 
5981, 1.0000000e+00, 4.5482104e-02, 6.9001198e-01 
5982, 0.0000000e+00, 4.5482104e-02, 6.9001198e-01 
5983, 1.0000000e+00, 2.0885705e-01, 8.8349876e-01 
5984, 0.0000000e+00, 2.0885705e-01, 8.8349876e-01 
5985, 3.4289498e-01, 9.6203593e-01, 0.0000000e+00 
5986, 3.4289498e-01, 9.6203593e-01, 1.0000000e+00 
5987, 6.3939627e-01, 1.0000000e+00, 8.2004184e-01 
5988, 6.3939627e-01, 0.0000000e+00, 8.2004184e-01 
5989, 7.0263617e-01, 1.0000000e+00, 7.3437976e-01 
5990, 7.0263617e-01, 0.0000000e+00, 7.3437976e-01 
5991, 7.4119064e-01, 0.0000000e+00, 1.4180773e-01 
5992, 7.4119064e-01, 1.0000000e+00, 1.4180773e-01 
5993, 6.6126885e-01, 1.0000000e+00, 8.4803105e-01 
5994, 6.6126885e-01, 0.0000000e+00, 8.4803105e-01 
5995, 6.6135308e-01, 9.1559672e-01, 0.0000000e+00 
5996, 6.6135308e-01, 9.1559672e-01, 1.0000000e+00 
5997, 0.0000000e+00, 9.4856600e-01, 7.7297903e-01 
5998, 8.5419984e-01, 0.0000000e+00, 7.4992664e-01 
5999, 2.2144146e-01, 1.0000000e+00, 7.4701609e-01 
6000, 2.2144146e-01, 0.0000000e+00, 7.4701609e-01 
6001, 0.0000000e+00, 8.4018787e-01, 6.9332695e-01 
6002, 1.0000000e+00, 8.4018787e-01, 6.9332695e-01 
6003, 1.0957999e-01, 0.0000000e+00, 8.6072183e-01 
6004, 1.0957999e-01, 1.0000000e+00, 8.6072183e-01 
6005, 4.9040949e-01, 0.0000000e+00, 9.0921486e-01 
6006, 4.9040949e-01, 1.0000000e+00, 9.0921486e-01 
6007, 5.3182190e-01, 2.2722748e-01, 1.0000000e+00 
6008, 5.3182190e-01, 2.2722748e-01, 0.0000000e+00 
6009, 5.2183283e-01, 1.0000000e+00, 7.8372003e-01 
6010, 5.2183283e-01, 0.0000000e+00, 7.8372003e-01 
6011, 3.6575561e-01, 1.0000000e+00, 4.9774252e-01 
6012, 3.6575561e-01, 0.0000000e+00, 4.9774252e-01 
6013, 5.9433262e-01, 2.6139185e-01, 1.0000000e+00 
6014, 5.9433262e-01, 2.6139185e-01, 0.0000000e+00 
6015, 0.0000000e+00, 2.7503597e-01, 7.0492355e-01 
6016, 1.0000000e+00, 2.7503597e-01, 7.0492355e-01 
6017, 0.0000000e+00, 2.1894244e-01, 5.8702904e-01 
6018, 1.0000000e+00, 2.1894244e-01, 5.8702904e-01 
6019, 0.0000000e+00, 3.9073301e-01, 7.3931027e-01 
6020, 1.0000000e+00, 3.9073301e-01, 7.3931027e-01 
6021, 0.0000000e+00, 4.5769963e-01, 4.9248098e-01 
6022, 1.0000000e+00, 4.5769963e-01, 4.9248098e-01 
6023, 0.0000000e+00, 5.1878099e-01, 1.9701613e-01 
6024, 9.0122856e-01, 4.8308827e-01, 1.0000000e+00 
6025, 1.0000000e+00, 9.1483914e-01, 4.4149679e-01 
6026, 0.0000000e+00, 9.1483914e-01, 4.4149679e-01 
6027, 1.0000000e+00, 9.5922145e-01, 4.5731140e-01 
6028, 2.1173872e-02, 0.0000000e+00, 4.3603215e-01 
6029, 8.3808569e-01, 1.0000000e+00, 1.8350814e-01 
6030, 8.3808569e-01, 0.0000000e+00, 1.8350814e-01 
6031, 5.6109615e-01, 1.0000000e+00, 1.2836568e-01 
6032, 5.6109615e-01, 0.0000000e+00, 1.2836568e-01 
6033, 0.0000000e+00, 8.4902075e-01, 8.1385256e-01 
6034, 1.0000000e+00, 8.4902075e-01, 8.1385256e-01 
6035, 2.5859389e-01, 8.5889301e-01, 1.0000000e+00 
6036, 2.5859389e-01, 8.5889301e-01, 0.0000000e+00 
6037, 6.4377469e-01, 5.6278011e-02, 0.0000000e+00 
6038, 6.2080447e-01, 1.0000000e+00, 8.7475977e-01 
6039, 0.0000000e+00, 6.9494361e-01, 5.6527790e-01 
6040, 1.0000000e+00, 6.9494361e-01, 5.6527790e-01 
6041, 7.6548705e-01, 4.2978148e-01, 1.0000000e+00 
6042, 7.6548705e-01, 4.2978148e-01, 0.0000000e+00 
6043, 0.0000000e+00, 2.7398075e-01, 8.0607139e-01 
6044, 1.0000000e+00, 2.7398075e-01, 8.0607139e-01 
6045, 0.0000000e+00, 3.5443035e-01, 7.7815365e-01 
6046, 1.0000000e+00, 3.5443035e-01, 7.7815365e-01 
6047, 0.0000000e+00, 3.8123595e-01, 8.9003083e-01 
6048, 1.0000000e+00, 3.8123595e-01, 8.9003083e-01 
6049, 7.7251968e-01, 2.6022332e-01, 1.0000000e+00 
6050, 7.7251968e-01, 2.6022332e-01, 0.0000000e+00 
6051, 3.5119082e-01, 1.0000000e+00, 6.0663437e-01 
6052, 3.5119082e-01, 0.0000000e+00, 6.0663437e-01 
6053, 0.0000000e+00, 6.8632870e-01, 1.6594142e-01 
6054, 1.0000000e+00, 6.8632870e-01, 1.6594142e-01 
6055, 2.3956972e-01, 1.0000000e+00, 9.0438045e-01 
6056, 2.3956972e-01, 0.0000000e+00, 9.0438045e-01 
6057, 1.0000000e+00, 6.7394482e-01, 7.8672332e-01 
6058, 0.0000000e+00, 6.7394482e-01, 7.8672332e-01 
6059, 7.2803887e-01, 8.2213178e-01, 0.0000000e+00 
6060, 7.2803887e-01, 8.2213178e-01, 1.0000000e+00 
6061, 8.4495812e-01, 2.2673880e-01, 0.0000000e+00 
6062, 8.4495812e-01, 2.2673880e-01, 1.0000000e+00 
6063, 7.0905910e-01, 3.8214393e-01, 0.0000000e+00 
6064, 7.0905910e-01, 3.8214393e-01, 1.0000000e+00 
6065, 8.3297180e-01, 0.0000000e+00, 1.8997772e-01 
6066, 8.3297180e-01, 1.0000000e+00, 1.8997772e-01 
6067, 2.9806104e-01, 2.0891083e-01, 1.0000000e+00 
6068, 2.9806104e-01, 2.0891083e-01, 0.0000000e+00 
6069, 9.5811541e-01, 1.0000000e+00, 3.5988858e-01 
6070, 9.5811541e-01, 0.0000000e+00, 3.5988858e-01 
6071, 1.0000000e+00, 7.8675684e-01, 2.7081410e-01 
6072, 0.0000000e+00, 7.8675684e-01, 2.7081410e-01 
6073, 1.0000000e+00, 7.8011516e-01, 2.3067898e-01 
6074, 0.0000000e+00, 7.8011516e-01, 2.3067898e-01 
6075, 7.2647633e-01, 5.8819431e-01, 0.0000000e+00 
6076, 7.2647633e-01, 5.8819431e-01, 1.0000000e+00 
6077, 2.2728922e-01, 8.0867694e-01, 1.0000000e+00 
6078, 2.2728922e-01, 8.0867694e-01, 0.0000000e+00 
6079, 3.1367622e-01, 7.9866984e-01, 1.0000000e+00 
6080, 3.1367622e-01, 7.9866984e-01, 0.0000000e+00 
6081, 1.0000000e+00, 1.7699536e-01, 8.3355041e-01 
6082, 0.0000000e+00, 1.7699536e-01, 8.3355041e-01 
6083, 8.2470050e-01, 0.0000000e+00, 5.7632072e-01 
6084, 8.2470050e-01, 1.0000000e+00, 5.7632072e-01 
6085, 2.5494368e-01, 4.5930212e-01, 0.0000000e+00 
6086, 2.5494368e-01, 4.5930212e-01, 1.0000000e+00 
6087, 8.5117069e-02, 4.4754057e-01, 1.0000000e+00 
6088, 8.5117069e-02, 4.4754057e-01, 0.0000000e+00 
6089, 1.8722043e-01, 3.0300793e-01, 1.0000000e+00 
6090, 1.8722043e-01, 3.0300793e-01, 0.0000000e+00 
6091, 7.7679183e-02, 3.3830315e-01, 1.0000000e+00 
6092, 7.7679183e-02, 3.3830315e-01, 0.0000000e+00 
6093, 0.0000000e+00, 5.1438112e-01, 9.0822890e-01 
6094, 1.0000000e+00, 5.1438112e-01, 9.0822890e-01 
6095, 1.0000000e+00, 3.0628169e-01, 1.0541659e-01 
6096, 0.0000000e+00, 3.0628169e-01, 1.0541659e-01 
6097, 8.4470888e-01, 4.3248553e-01, 0.0000000e+00 
6098, 8.4470888e-01, 4.3248553e-01, 1.0000000e+00 
6099, 8.6199830e-01, 2.7887046e-01, 0.0000000e+00 
6100, 8.6199830e-01, 2.7887046e-01, 1.0000000e+00 
6101, 1.0000000e+00, 5.5256875e-01, 3.8298938e-02 
6102, 0.0000000e+00, 5.5256875e-01, 3.8298938e-02 
6103, 0.0000000e+00, 9.4032791e-01, 4.2994288e-02 
6104, 1.0000000e+00, 9.4032791e-01, 4.2994288e-02 
6105, 1.4341413e-01, 1.0000000e+00, 5.9380525e-02 
6106, 1.4341413e-01, 0.0000000e+00, 5.9380525e-02 
6107, 1.0000000e+00, 7.9785440e-01, 3.0761507e-02 
6108, 8.5031865e-02, 6.6050450e-01, 1.0000000e+00 
6109, 1.0000000e+00, 8.0304939e-01, 2.8899076e-02 
6110, 1.8977405e-02, 8.3385565e-01, 1.0000000e+00 
6111, 8.9146449e-01, 7.2130070e-01, 1.0000000e+00 
6112, 8.9146449e-01, 7.2130070e-01, 0.0000000e+00 
6113, 6.4269584e-01, 3.3060293e-01, 0.0000000e+00 
6114, 6.4269584e-01, 3.3060293e-01, 1.0000000e+00 
6115, 2.6035701e-01, 0.0000000e+00, 3.7056171e-01 
6116, 2.6035701e-01, 1.0000000e+00, 3.7056171e-01 
6117, 5.7482853e-01, 3.6071447e-01, 1.0000000e+00 
6118, 5.7482853e-01, 3.6071447e-01, 0.0000000e+00 
6119, 2.6784789e-01, 1.0000000e+00, 9.5307057e-02 
6120, 2.6784789e-01, 0.0000000e+00, 9.5307057e-02 
6121, 3.8916874e-01, 0.0000000e+00, 4.2880252e-01 
6122, 3.8916874e-01, 1.0000000e+00, 4.2880252e-01 
6123, 6.4047028e-02, 2.8883711e-01, 0.0000000e+00 
6124, 1.0000000e+00, 3.1106060e-01, 9.4951648e-01 
6125, 1.4718116e-02, 1.0000000e+00, 4.0079136e-02 
6126, 1.0000000e+00, 0.0000000e+00, 1.0000000e+00 
6127, 7.7085654e-01, 5.5204116e-01, 0.0000000e+00 
6128, 7.7085654e-01, 5.5204116e-01, 1.0000000e+00 
6129, 8.7650558e-01, 5.9365962e-01, 0.0000000e+00 
6130, 0.0000000e+00, 5.6625055e-01, 9.2126484e-01 
6131, 9.2210483e-01, 6.9699444e-01, 3.4694470e-18 
6132, 9.2210483e-01, 6.9699444e-01, 1.0000000e+00 
6133, 2.4014635e-01, 2.5882805e-01, 0.0000000e+00 
6134, 2.4014635e-01, 2.5882805e-01, 1.0000000e+00 
6135, 2.4462283e-01, 2.5710470e-01, 0.0000000e+00 
6136, 2.4462283e-01, 2.5710470e-01, 1.0000000e+00 
6137, 6.4367532e-01, 1.8259230e-01, 0.0000000e+00 
6138, 6.4367532e-01, 1.8259230e-01, 1.0000000e+00 
6139, 7.4622982e-01, 1.0000000e+00, 1.2108218e-01 
6140, 7.4622982e-01, 0.0000000e+00, 1.2108218e-01 
6141, 9.2318063e-01, 0.0000000e+00, 9.2747063e-01 
6142, 9.2318063e-01, 1.0000000e+00, 9.2747063e-01 
6143, 1.0000000e+00, 2.2324683e-01, 7.6952557e-01 
6144, 0.0000000e+00, 2.2324683e-01, 7.6952557e-01 
6145, 0.0000000e+00, 9.6517870e-01, 3.0475466e-01 
6146, 9.7118858e-01, 0.0000000e+00, 2.9311456e-01 
6147, 8.6736174e-19, 9.4739274e-01, 3.0442834e-01 
6148, 1.0000000e+00, 9.4739274e-01, 3.0442834e-01 
6149, 0.0000000e+00, 2.9639583e-01, 2.8502704e-01 
6150, 1.0000000e+00, 2.9639583e-01, 2.8502704e-01 
6151, 5.1909676e-01, 0.0000000e+00, 4.5182774e-01 
6152, 5.1909676e-01, 1.0000000e+00, 4.5182774e-01 
6153, 3.0805379e-01, 0.0000000e+00, 3.0210401e-01 
6154, 3.0805379e-01, 1.0000000e+00, 3.0210401e-01 
6155, 1.8852584e-01, 0.0000000e+00, 9.0400432e-01 
6156, 1.8852584e-01, 1.0000000e+00, 9.0400432e-01 
6157, 0.0000000e+00, 2.6059002e-02, 9.7890054e-01 
6158, 1.0000000e+00, 2.6059002e-02, 9.7890054e-01 
6159, 0.0000000e+00, 4.4109498e-02, 9.7009729e-01 
6160, 1.0000000e+00, 4.4109498e-02, 9.7009729e-01 
6161, 6.4915665e-01, 0.0000000e+00, 8.7367350e-02 
6162, 6.4915665e-01, 1.0000000e+00, 8.7367350e-02 
6163, 3.6843714e-01, 0.0000000e+00, 5.6104237e-01 
6164, 3.6843714e-01, 1.0000000e+00, 5.6104237e-01 
6165, 1.7567442e-01, 0.0000000e+00, 5.6436437e-01 
6166, 1.7567442e-01, 1.0000000e+00, 5.6436437e-01 
6167, 0.0000000e+00, 6.4055925e-01, 5.4289799e-01 
6168, 1.0000000e+00, 6.4055925e-01, 5.4289799e-01 
6169, 0.0000000e+00, 6.8456652e-01, 7.1221496e-01 
6170, 1.0000000e+00, 6.8456652e-01, 7.1221496e-01 
6171, 4.4256086e-01, 7.2218236e-01, 0.0000000e+00 
6172, 4.4256086e-01, 7.2218236e-01, 1.0000000e+00 
6173, 7.2594784e-01, 7.8296046e-01, 1.0000000e+00 
6174, 7.2594784e-01, 7.8296046e-01, 0.0000000e+00 
6175, 8.0695630e-01, 0.0000000e+00, 3.5952907e-01 
6176, 8.0695630e-01, 1.0000000e+00, 3.5952907e-01 
6177, 4.1048862e-01, 1.0000000e+00, 4.9161561e-01 
6178, 4.1048862e-01, 0.0000000e+00, 4.9161561e-01 
6179, 3.9072628e-01, 2.7828220e-01, 1.0000000e+00 
6180, 3.9072628e-01, 2.7828220e-01, 0.0000000e+00 
6181, 1.0000000e+00, 2.0647504e-01, 7.8619261e-01 
6182, 0.0000000e+00, 2.0647504e-01, 7.8619261e-01 
6183, 1.0000000e+00, 3.2990407e-01, 8.3345868e-01 
6184, 0.0000000e+00, 3.2990407e-01, 8.3345868e-01 
6185, 7.5562629e-01, 8.1325567e-01, 0.0000000e+00 
6186, 7.5562629e-01, 8.1325567e-01, 1.0000000e+00 
6187, 8.4252256e-01, 8.3325136e-01, 0.0000000e+00 
6188, 8.4252256e-01, 8.3325136e-01, 1.0000000e+00 
6189, 7.7146839e-01, 7.6609129e-01, 0.0000000e+00 
6190, 7.7146839e-01, 7.6609129e-01, 1.0000000e+00 
6191, 0.0000000e+00, 4.5423432e-01, 6.7397415e-01 
6192, 1.0000000e+00, 4.5423432e-01, 6.7397415e-01 
6193, 0.0000000e+00, 5.9058169e-01, 5.6225684e-01 
6194, 1.0000000e+00, 5.9058169e-01, 5.6225684e-01 
6195, 1.0000000e+00, 5.2081308e-01, 4.8344609e-01 
6196, 0.0000000e+00, 5.2081308e-01, 4.8344609e-01 
6197, 0.0000000e+00, 6.6885775e-01, 7.0386413e-01 
6198, 1.0000000e+00, 6.6885775e-01, 7.0386413e-01 
6199, 0.0000000e+00, 4.5760406e-01, 7.7730115e-01 
6200, 1.0000000e+00, 4.5760406e-01, 7.7730115e-01 
6201, 4.0408635e-01, 1.0000000e+00, 9.0977944e-01 
6202, 4.0408635e-01, 0.0000000e+00, 9.0977944e-01 
6203, 1.0000000e+00, 9.3723028e-01, 1.9671411e-01 
6204, 0.0000000e+00, 9.3723028e-01, 1.9671411e-01 
6205, 1.0000000e+00, 2.5526136e-01, 8.0500476e-01 
6206, 0.0000000e+00, 2.5526136e-01, 8.0500476e-01 
6207, 8.6766597e-01, 0.0000000e+00, 5.8595670e-01 
6208, 8.6766597e-01, 1.0000000e+00, 5.8595670e-01 
6209, 1.0000000e+00, 9.1370877e-01, 8.3873323e-01 
6210, 0.0000000e+00, 9.1370877e-01, 8.3873323e-01 
6211, 3.2793309e-01, 0.0000000e+00, 3.9221020e-01 
6212, 3.2793309e-01, 1.0000000e+00, 3.9221020e-01 
6213, 3.7214038e-01, 0.0000000e+00, 4.5330806e-01 
6214, 3.7214038e-01, 1.0000000e+00, 4.5330806e-01 
6215, 8.5244800e-01, 0.0000000e+00, 7.0546309e-01 
6216, 8.5244800e-01, 1.0000000e+00, 7.0546309e-01 
6217, 1.0000000e+00, 1.5373522e-01, 4.8557864e-01 
6218, 0.0000000e+00, 1.5373522e-01, 4.8557864e-01 
6219, 9.3792860e-01, 1.0899417e-02, 1.0000000e+00 
6220, 9.4967018e-01, 1.0000000e+00, 4.7728332e-02 
6221, 8.9604369e-01, 0.0000000e+00, 9.1828065e-01 
6222, 8.9604369e-01, 1.0000000e+00, 9.1828065e-01 
6223, 1.0000000e+00, 4.6746273e-01, 4.1901310e-01 
6224, 0.0000000e+00, 4.6746273e-01, 4.1901310e-01 
6225, 1.9717645e-01, 0.0000000e+00, 3.8356954e-01 
6226, 1.9717645e-01, 1.0000000e+00, 3.8356954e-01 
6227, 8.4297789e-01, 1.5553298e-01, 0.0000000e+00 
6228, 8.4297789e-01, 1.5553298e-01, 1.0000000e+00 
6229, 1.0000000e+00, 2.0686640e-01, 1.1074438e-01 
6230, 0.0000000e+00, 2.0686640e-01, 1.1074438e-01 
6231, 9.3813533e-01, 6.8258836e-02, 0.0000000e+00 
6232, 0.0000000e+00, 3.6727900e-02, 9.9339578e-01 
6233, 0.0000000e+00, 3.6675254e-01, 4.3762198e-01 
6234, 1.0000000e+00, 3.6675254e-01, 4.3762198e-01 
6235, 0.0000000e+00, 2.0956492e-01, 4.5805683e-01 
6236, 1.0000000e+00, 2.0956492e-01, 4.5805683e-01 
6237, 9.1137812e-01, 1.0000000e+00, 5.5258516e-01 
6238, 9.1137812e-01, 0.0000000e+00, 5.5258516e-01 
6239, 1.0000000e+00, 8.6520337e-01, 6.3076949e-01 
6240, 0.0000000e+00, 8.6520337e-01, 6.3076949e-01 
6241, 6.6385496e-01, 5.7490297e-01, 1.0000000e+00 
6242, 6.6385496e-01, 5.7490297e-01, 0.0000000e+00 
6243, 2.7480076e-01, 1.0000000e+00, 3.3947225e-01 
6244, 2.7480076e-01, 0.0000000e+00, 3.3947225e-01 
6245, 2.4347526e-01, 1.0000000e+00, 3.2820651e-01 
6246, 2.4347526e-01, 0.0000000e+00, 3.2820651e-01 
6247, 1.8375570e-01, 4.6048746e-01, 0.0000000e+00 
6248, 1.8375570e-01, 4.6048746e-01, 1.0000000e+00 
6249, 3.5943655e-01, 0.0000000e+00, 9.3510789e-02 
6250, 3.5943655e-01, 1.0000000e+00, 9.3510789e-02 
6251, 2.1334877e-01, 0.0000000e+00, 8.6862293e-02 
6252, 2.1334877e-01, 1.0000000e+00, 8.6862293e-02 
6253, 3.1144211e-01, 9.7194594e-02, 0.0000000e+00 
6254, 3.1144211e-01, 9.7194594e-02, 1.0000000e+00 
6255, 1.0626443e-02, 0.0000000e+00, 8.4529820e-01 
6256, 1.0000000e+00, 9.8918338e-01, 8.4196143e-01 
6257, 4.2909411e-02, 3.4414187e-01, 0.0000000e+00 
6258, 4.2909411e-02, 3.4414187e-01, 1.0000000e+00 
6259, 0.0000000e+00, 5.1888883e-01, 3.6769911e-01 
6260, 1.0000000e+00, 5.1888883e-01, 3.6769911e-01 
6261, 0.0000000e+00, 8.3283295e-01, 8.2387780e-01 
6262, 1.0000000e+00, 8.3283295e-01, 8.2387780e-01 
6263, 6.1490787e-01, 5.8281260e-01, 1.0000000e+00 
6264, 6.1490787e-01, 5.8281260e-01, 0.0000000e+00 
6265, 5.8358486e-01, 6.5429885e-01, 1.0000000e+00 
6266, 5.8358486e-01, 6.5429885e-01, 0.0000000e+00 
6267, 6.1667648e-01, 5.5808582e-01, 1.0000000e+00 
6268, 6.1667648e-01, 5.5808582e-01, 0.0000000e+00 
6269, 4.1765668e-01, 5.5197992e-01, 1.0000000e+00 
6270, 4.1765668e-01, 5.5197992e-01, 0.0000000e+00 
6271, 1.0000000e+00, 3.4553300e-01, 7.6032423e-01 
6272, 0.0000000e+00, 3.4553300e-01, 7.6032423e-01 
6273, 0.0000000e+00, 9.6546769e-01, 9.1686568e-01 
6274, 9.6029130e-01, 0.0000000e+00, 8.9550249e-01 
6275, 3.6620169e-02, 1.0000000e+00, 9.6133537e-01 
6276, 1.7140992e-02, 1.4864705e-01, 0.0000000e+00 
6277, 5.9921402e-01, 1.0000000e+00, 8.1732489e-01 
6278, 5.9921402e-01, 0.0000000e+00, 8.1732489e-01 
6279, 5.6596065e-02, 5.8041199e-01, 1.0000000e+00 
6280, 1.0000000e+00, 4.9684073e-01, 7.7676417e-02 
6281, 0.0000000e+00, 6.5077265e-01, 9.1073060e-01 
6282, 1.0000000e+00, 6.5077265e-01, 9.1073060e-01 
6283, 0.0000000e+00, 2.8562084e-01, 2.1840590e-01 
6284, 1.0000000e+00, 2.8562084e-01, 2.1840590e-01 
6285, 6.1014212e-01, 1.2093394e-01, 1.0000000e+00 
6286, 6.1014212e-01, 1.2093394e-01, 0.0000000e+00 
6287, 5.7479227e-01, 9.5860622e-02, 1.0000000e+00 
6288, 5.7479227e-01, 9.5860622e-02, 0.0000000e+00 
6289, 7.0785554e-01, 5.2570776e-01, 0.0000000e+00 
6290, 7.0785554e-01, 5.2570776e-01, 1.0000000e+00 
6291, 6.6928212e-01, 6.2463337e-01, 0.0000000e+00 
6292, 6.6928212e-01, 6.2463337e-01, 1.0000000e+00 
6293, 1.0000000e+00, 5.2370847e-01, 1.3655772e-01 
6294, 0.0000000e+00, 5.2370847e-01, 1.3655772e-01 
6295, 0.0000000e+00, 7.2789638e-01, 6.3074817e-01 
6296, 1.0000000e+00, 7.2789638e-01, 6.3074817e-01 
6297, 1.0000000e+00, 8.5419539e-01, 4.0255233e-01 
6298, 0.0000000e+00, 8.5419539e-01, 4.0255233e-01 
6299, 8.5033552e-01, 1.0000000e+00, 4.6838880e-01 
6300, 8.5033552e-01, 0.0000000e+00, 4.6838880e-01 
6301, 1.4265621e-01, 0.0000000e+00, 3.4866124e-01 
6302, 1.4265621e-01, 1.0000000e+00, 3.4866124e-01 
6303, 9.5972581e-01, 4.7675901e-01, 0.0000000e+00 
6304, 0.0000000e+00, 5.1090286e-01, 9.4741480e-01 
6305, 5.7072891e-01, 6.6589938e-01, 0.0000000e+00 
6306, 5.7072891e-01, 6.6589938e-01, 1.0000000e+00 
6307, 8.2284102e-01, 5.5170128e-01, 1.0000000e+00 
6308, 8.2284102e-01, 5.5170128e-01, 0.0000000e+00 
6309, 1.8706895e-01, 8.1232797e-01, 1.0000000e+00 
6310, 1.8706895e-01, 8.1232797e-01, 0.0000000e+00 
6311, 7.0416153e-01, 1.0000000e+00, 1.4742435e-01 
6312, 7.0416153e-01, 0.0000000e+00, 1.4742435e-01 
6313, 4.3593095e-01, 1.0000000e+00, 2.0836452e-01 
6314, 4.3593095e-01, 0.0000000e+00, 2.0836452e-01 
6315, 1.4469810e-01, 7.5489307e-01, 0.0000000e+00 
6316, 1.4469810e-01, 7.5489307e-01, 1.0000000e+00 
6317, 1.0000000e+00, 8.3634724e-01, 2.6862276e-01 
6318, 0.0000000e+00, 8.3634724e-01, 2.6862276e-01 
6319, 1.0000000e+00, 3.1428594e-01, 3.9266381e-01 
6320, 0.0000000e+00, 3.1428594e-01, 3.9266381e-01 
6321, 1.0000000e+00, 3.2226207e-01, 3.9246186e-01 
6322, 0.0000000e+00, 3.2226207e-01, 3.9246186e-01 
6323, 1.0000000e+00, 2.8467974e-01, 3.7582658e-01 
6324, 3.2971411e-02, 1.0000000e+00, 2.4736180e-01 
6325, 3.2828316e-01, 5.2716182e-01, 1.0000000e+00 
6326, 3.2828316e-01, 5.2716182e-01, 0.0000000e+00 
6327, 3.5715464e-01, 1.0000000e+00, 6.8239000e-01 
6328, 3.5715464e-01, 0.0000000e+00, 6.8239000e-01 
6329, 8.3159966e-01, 6.5586468e-01, 0.0000000e+00 
6330, 8.3159966e-01, 6.5586468e-01, 1.0000000e+00 
6331, 1.0141413e-01, 1.0000000e+00, 6.7227051e-01 
6332, 1.0141413e-01, 0.0000000e+00, 6.7227051e-01 
6333, 0.0000000e+00, 4.7684657e-01, 6.9088186e-01 
6334, 1.0000000e+00, 4.7684657e-01, 6.9088186e-01 
6335, 0.0000000e+00, 7.8978659e-01, 3.9862139e-01 
6336, 1.0000000e+00, 7.8978659e-01, 3.9862139e-01 
6337, 4.1956857e-02, 0.0000000e+00, 6.1689989e-01 
6338, 4.1956857e-02, 1.0000000e+00, 6.1689989e-01 
6339, 0.0000000e+00, 9.4940519e-01, 6.3697328e-01 
6340, 9.1552794e-01, 0.0000000e+00, 6.1603596e-01 
6341, 5.8736428e-01, 2.9640990e-01, 0.0000000e+00 
6342, 5.8736428e-01, 2.9640990e-01, 1.0000000e+00 
6343, 5.7225774e-01, 3.5993270e-01, 0.0000000e+00 
6344, 5.7225774e-01, 3.5993270e-01, 1.0000000e+00 
6345, 1.0000000e+00, 8.2714264e-01, 1.2853645e-01 
6346, 2.5626598e-01, 7.5156208e-01, 1.0000000e+00 
6347, 1.0000000e+00, 8.4072967e-01, 1.3610470e-01 
6348, 0.0000000e+00, 8.4072967e-01, 1.3610470e-01 
6349, 1.3161606e-01, 2.7476936e-01, 1.0000000e+00 
6350, 1.3161606e-01, 2.7476936e-01, 0.0000000e+00 
6351, 0.0000000e+00, 3.1716764e-01, 9.0006090e-01 
6352, 1.0000000e+00, 3.1716764e-01, 9.0006090e-01 
6353, 1.0000000e+00, 3.6553849e-01, 2.0385582e-01 
6354, 0.0000000e+00, 3.6553849e-01, 2.0385582e-01 
6355, 1.0000000e+00, 1.5372192e-01, 4.8551011e-01 
6356, 0.0000000e+00, 1.5372192e-01, 4.8551011e-01 
6357, 0.0000000e+00, 1.1019002e-02, 8.3989872e-01 
6358, 9.8990675e-01, 1.0000000e+00, 8.3615051e-01 
6359, 5.8553536e-01, 9.8269341e-02, 1.0000000e+00 
6360, 5.8553536e-01, 9.8269341e-02, 0.0000000e+00 
6361, 6.8262986e-01, 0.0000000e+00, 8.7954237e-01 
6362, 6.8262986e-01, 1.0000000e+00, 8.7954237e-01 
6363, 0.0000000e+00, 8.5330742e-01, 2.3069986e-01 
6364, 1.0000000e+00, 8.5330742e-01, 2.3069986e-01 
6365, 1.1873455e-01, 1.0000000e+00, 1.1580711e-01 
6366, 1.1873455e-01, 0.0000000e+00, 1.1580711e-01 
6367, 9.9129144e-03, 1.0000000e+00, 3.2125422e-01 
6368, 1.0000000e+00, 3.1476955e-02, 3.4787543e-01 
6369, 4.7517456e-01, 8.6164739e-01, 1.3877788e-17 
6370, 4.7517456e-01, 8.6164739e-01, 1.0000000e+00 
6371, 1.0000000e+00, 3.2205291e-01, 2.2697242e-01 
6372, 0.0000000e+00, 3.2205291e-01, 2.2697242e-01 
6373, 1.4237605e-02, 7.3981159e-01, 0.0000000e+00 
6374, 1.4237605e-02, 7.3981159e-01, 1.0000000e+00 
6375, 1.1821388e-01, 0.0000000e+00, 2.2765743e-01 
6376, 1.1821388e-01, 1.0000000e+00, 2.2765743e-01 
6377, 1.9550961e-02, 0.0000000e+00, 2.2545071e-01 
6378, 1.9550961e-02, 1.0000000e+00, 2.2545071e-01 
6379, 8.4772125e-01, 1.0000000e+00, 5.1101141e-01 
6380, 8.4772125e-01, 0.0000000e+00, 5.1101141e-01 
6381, 1.0000000e+00, 4.6956827e-01, 1.3417170e-01 
6382, 0.0000000e+00, 4.6956827e-01, 1.3417170e-01 
6383, 0.0000000e+00, 6.8705649e-01, 9.2651164e-01 
6384, 1.0000000e+00, 6.8705649e-01, 9.2651164e-01 
6385, 3.1640546e-01, 0.0000000e+00, 9.0649576e-01 
6386, 3.1640546e-01, 1.0000000e+00, 9.0649576e-01 
6387, 3.6049606e-01, 1.3278734e-01, 1.0000000e+00 
6388, 5.6034447e-01, 1.0000000e+00, 1.1477375e-01 
6389, 0.0000000e+00, 6.0239438e-02, 9.2586879e-01 
6390, 1.0000000e+00, 6.0239438e-02, 9.2586879e-01 
6391, 5.6490133e-02, 2.9492133e-01, 0.0000000e+00 
6392, 5.6490133e-02, 2.9492133e-01, 1.0000000e+00 
6393, 0.0000000e+00, 2.3327327e-01, 3.6880889e-02 
6394, 7.5885139e-01, 2.9385772e-01, 1.0000000e+00 
6395, 0.0000000e+00, 1.9596091e-01, 6.4111354e-01 
6396, 1.0000000e+00, 1.9596091e-01, 6.4111354e-01 
6397, 1.0000000e+00, 4.5434747e-01, 6.5512815e-01 
6398, 0.0000000e+00, 4.5434747e-01, 6.5512815e-01 
6399, 8.8884793e-01, 0.0000000e+00, 6.5879687e-01 
6400, 8.8884793e-01, 1.0000000e+00, 6.5879687e-01 
6401, 1.0000000e+00, 1.8809017e-01, 5.9822672e-01 
6402, 0.0000000e+00, 1.8809017e-01, 5.9822672e-01 
6403, 0.0000000e+00, 2.0746351e-01, 3.8818281e-01 
6404, 1.0000000e+00, 2.0746351e-01, 3.8818281e-01 
6405, 5.9583707e-01, 1.1512508e-01, 0.0000000e+00 
6406, 6.7173116e-01, 1.0000000e+00, 9.4069841e-01 
6407, 6.1092977e-01, 1.3392073e-01, 0.0000000e+00 
6408, 6.1092977e-01, 1.3392073e-01, 1.0000000e+00 
6409, 0.0000000e+00, 1.8191257e-01, 5.8902008e-01 
6410, 1.0000000e+00, 1.8191257e-01, 5.8902008e-01 
6411, 3.7965093e-01, 3.3354441e-01, 1.0000000e+00 
6412, 3.7965093e-01, 3.3354441e-01, 0.0000000e+00 
6413, 2.7760964e-01, 3.1430367e-01, 1.0000000e+00 
6414, 2.7760964e-01, 3.1430367e-01, 0.0000000e+00 
6415, 2.5032254e-01, 1.0000000e+00, 5.4075199e-01 
6416, 2.5032254e-01, 0.0000000e+00, 5.4075199e-01 
6417, 1.0000000e+00, 2.0426780e-01, 2.2836963e-01 
6418, 0.0000000e+00, 2.0426780e-01, 2.2836963e-01 
6419, 6.6713681e-01, 2.1924881e-01, 0.0000000e+00 
6420, 6.6713681e-01, 2.1924881e-01, 1.0000000e+00 
6421, 0.0000000e+00, 5.1993700e-01, 8.5265999e-01 
6422, 1.0000000e+00, 5.1993700e-01, 8.5265999e-01 
6423, 3.6195244e-02, 5.2172716e-01, 1.0000000e+00 
6424, 3.6195244e-02, 5.2172716e-01, 0.0000000e+00 
6425, 0.0000000e+00, 6.6098140e-01, 8.1719098e-01 
6426, 1.0000000e+00, 6.6098140e-01, 8.1719098e-01 
6427, 6.3594996e-01, 4.6817838e-01, 1.0000000e+00 
6428, 6.3594996e-01, 4.6817838e-01, 0.0000000e+00 
6429, 6.4693846e-01, 4.8017183e-01, 1.0000000e+00 
6430, 6.4693846e-01, 4.8017183e-01, 0.0000000e+00 
6431, 6.4361723e-01, 4.7794797e-01, 1.0000000e+00 
6432, 6.4361723e-01, 4.7794797e-01, 0.0000000e+00 
6433, 2.7383562e-01, 0.0000000e+00, 5.2380287e-01 
6434, 2.7383562e-01, 1.0000000e+00, 5.2380287e-01 
6435, 2.7801550e-01, 0.0000000e+00, 4.3503260e-01 
6436, 2.7801550e-01, 1.0000000e+00, 4.3503260e-01 
6437, 1.0000000e+00, 2.4485369e-01, 2.6585440e-01 
6438, 0.0000000e+00, 2.4485369e-01, 2.6585440e-01 
6439, 0.0000000e+00, 3.2616781e-01, 2.1984965e-01 
6440, 1.0000000e+00, 3.2616781e-01, 2.1984965e-01 
6441, 2.5953306e-01, 0.0000000e+00, 4.0013694e-01 
6442, 2.5953306e-01, 1.0000000e+00, 4.0013694e-01 
6443, 4.3642123e-01, 0.0000000e+00, 2.3712892e-01 
6444, 4.3642123e-01, 1.0000000e+00, 2.3712892e-01 
6445, 4.5288125e-01, 0.0000000e+00, 4.1424805e-01 
6446, 4.5288125e-01, 1.0000000e+00, 4.1424805e-01 
6447, 1.8278231e-01, 8.4947487e-01, 1.0000000e+00 
6448, 1.8278231e-01, 8.4947487e-01, 0.0000000e+00 
6449, 1.1580226e-01, 9.8029729e-01, 1.0000000e+00 
6450, 1.1179686e-01, 0.0000000e+00, 3.5365576e-03 
6451, 8.0923267e-04, 8.8188996e-01, 0.0000000e+00 
6452, 1.0000000e+00, 8.7764903e-01, 9.9857198e-01 
6453, 0.0000000e+00, 9.3344808e-01, 4.0871616e-02 
6454, 1.0000000e+00, 9.3344808e-01, 4.0871616e-02 
6455, 0.0000000e+00, 2.6648860e-02, 3.5173941e-01 
6456, 9.8284536e-01, 1.0000000e+00, 3.6365898e-01 
6457, 1.3877788e-17, 1.8423972e-01, 2.4082910e-01 
6458, 1.0000000e+00, 1.8423972e-01, 2.4082910e-01 
6459, 7.7537869e-01, 1.0000000e+00, 9.7673575e-01 
6460, 7.8187439e-01, 1.9503527e-02, 0.0000000e+00 
6461, 3.4632260e-01, 5.9728316e-01, 0.0000000e+00 
6462, 3.4632260e-01, 5.9728316e-01, 1.0000000e+00 
6463, 5.6941700e-01, 1.0000000e+00, 9.4226906e-01 
6464, 5.6941700e-01, 0.0000000e+00, 9.4226906e-01 
6465, 6.4679479e-01, 0.0000000e+00, 1.7627701e-01 
6466, 6.4679479e-01, 1.0000000e+00, 1.7627701e-01 
6467, 8.9754330e-01, 8.2429856e-01, 1.0000000e+00 
6468, 8.9754330e-01, 8.2429856e-01, 0.0000000e+00 
6469, 6.0554352e-01, 1.0000000e+00, 1.7755887e-01 
6470, 6.0554352e-01, 0.0000000e+00, 1.7755887e-01 
6471, 4.0079643e-01, 1.0000000e+00, 5.4885567e-02 
6472, 4.0079643e-01, 0.0000000e+00, 5.4885567e-02 
6473, 1.9316410e-01, 4.9313272e-01, 1.0000000e+00 
6474, 1.9316410e-01, 4.9313272e-01, 0.0000000e+00 
6475, 6.0288281e-02, 6.1240240e-01, 1.0000000e+00 
6476, 6.0288281e-02, 6.1240240e-01, 0.0000000e+00 
6477, 2.5710092e-02, 0.0000000e+00, 4.6712263e-01 
6478, 1.0000000e+00, 9.5616897e-01, 4.6976739e-01 
6479, 5.4915416e-01, 1.0000000e+00, 8.0645017e-01 
6480, 5.4915416e-01, 0.0000000e+00, 8.0645017e-01 
6481, 8.7213629e-01, 1.0000000e+00, 5.9715811e-01 
6482, 8.7213629e-01, 0.0000000e+00, 5.9715811e-01 
6483, 1.2466353e-01, 1.0000000e+00, 2.0904207e-02 
6484, 1.2466353e-01, 0.0000000e+00, 2.0904207e-02 
6485, 1.0968978e-01, 9.7513371e-01, 8.6736174e-19 
6486, 9.2816681e-01, 0.0000000e+00, 9.3733204e-01 
6487, 3.7468029e-01, 3.4293299e-01, 1.0000000e+00 
6488, 3.7468029e-01, 3.4293299e-01, 0.0000000e+00 
6489, 1.5903343e-01, 3.0721409e-01, 0.0000000e+00 
6490, 1.5903343e-01, 3.0721409e-01, 1.0000000e+00 
6491, 1.8130542e-01, 3.8897208e-01, 0.0000000e+00 
6492, 1.8130542e-01, 3.8897208e-01, 1.0000000e+00 
6493, 0.0000000e+00, 1.6281802e-01, 1.9799765e-01 
6494, 1.0000000e+00, 1.6281802e-01, 1.9799765e-01 
6495, 8.2992798e-01, 1.0000000e+00, 3.9807557e-01 
6496, 8.2992798e-01, 0.0000000e+00, 3.9807557e-01 
6497, 9.5098681e-01, 8.7255127e-01, 0.0000000e+00 
6498, 9.5098681e-01, 8.7255127e-01, 1.0000000e+00 
6499, 8.5073278e-01, 9.4075923e-01, 0.0000000e+00 
6500, 8.5073278e-01, 9.4075923e-01, 1.0000000e+00 
6501, 8.2936161e-01, 8.1083249e-01, 0.0000000e+00 
6502, 8.2936161e-01, 8.1083249e-01, 1.0000000e+00 
6503, 1.0000000e+00, 2.6255392e-01, 9.5436899e-01 
6504, 0.0000000e+00, 2.6255392e-01, 9.5436899e-01 
6505, 1.3877788e-17, 6.8871397e-01, 1.9191414e-01 
6506, 1.0000000e+00, 6.8871397e-01, 1.9191414e-01 
6507, 0.0000000e+00, 7.2571660e-01, 1.1000045e-01 
6508, 1.0000000e+00, 7.2571660e-01, 1.1000045e-01 
6509, 0.0000000e+00, 5.4084155e-01, 9.5463066e-02 
6510, 1.0000000e+00, 5.4084155e-01, 9.5463066e-02 
6511, 8.6637625e-01, 5.7845348e-01, 0.0000000e+00 
6512, 8.6637625e-01, 5.7845348e-01, 1.0000000e+00 
6513, 0.0000000e+00, 7.9944763e-01, 7.3504068e-01 
6514, 1.0000000e+00, 7.9944763e-01, 7.3504068e-01 
6515, 7.5491872e-01, 0.0000000e+00, 8.2301659e-01 
6516, 7.5491872e-01, 1.0000000e+00, 8.2301659e-01 
6517, 3.5126757e-01, 5.1622662e-01, 1.0000000e+00 
6518, 3.5126757e-01, 5.1622662e-01, 0.0000000e+00 
6519, 5.8748650e-01, 0.0000000e+00, 5.1372089e-02 
6520, 5.8748650e-01, 1.0000000e+00, 5.1372089e-02 
6521, 4.5029635e-01, 0.0000000e+00, 2.2618494e-01 
6522, 4.5029635e-01, 1.0000000e+00, 2.2618494e-01 
6523, 1.0000000e+00, 4.7919619e-01, 1.7953474e-01 
6524, 0.0000000e+00, 4.7919619e-01, 1.7953474e-01 
6525, 9.3774651e-01, 2.7893413e-01, 0.0000000e+00 
6526, 9.3774651e-01, 2.7893413e-01, 1.0000000e+00 
6527, 7.7084631e-01, 7.3870190e-01, 1.0000000e+00 
6528, 7.7084631e-01, 7.3870190e-01, 0.0000000e+00 
6529, 5.4192980e-01, 6.6618122e-01, 1.0000000e+00 
6530, 5.4192980e-01, 6.6618122e-01, 0.0000000e+00 
6531, 8.4341073e-01, 6.1006838e-01, 1.0000000e+00 
6532, 8.4341073e-01, 6.1006838e-01, 0.0000000e+00 
6533, 5.8006042e-01, 5.8283978e-01, 1.0000000e+00 
6534, 5.8006042e-01, 5.8283978e-01, 0.0000000e+00 
6535, 0.0000000e+00, 7.3344481e-01, 7.7034999e-01 
6536, 1.0000000e+00, 7.3344481e-01, 7.7034999e-01 
6537, 0.0000000e+00, 7.3174961e-01, 7.7613553e-01 
6538, 1.0000000e+00, 7.3174961e-01, 7.7613553e-01 
6539, 1.0000000e+00, 2.8644850e-01, 5.6334735e-01 
6540, 0.0000000e+00, 2.8644850e-01, 5.6334735e-01 
6541, 9.6695751e-01, 5.5308353e-01, 0.0000000e+00 
6542, 9.6695751e-01, 5.5308353e-01, 1.0000000e+00 
6543, 9.5830674e-01, 5.2754565e-01, 0.0000000e+00 
6544, 9.5830674e-01, 5.2754565e-01, 1.0000000e+00 
6545, 1.0813098e-01, 4.2343090e-01, 0.0000000e+00 
6546, 1.0813098e-01, 4.2343090e-01, 1.0000000e+00 
6547, 1.9568372e-01, 5.0169266e-01, 0.0000000e+00 
6548, 1.9568372e-01, 5.0169266e-01, 1.0000000e+00 
6549, 0.0000000e+00, 2.7214668e-01, 6.1843589e-01 
6550, 1.0000000e+00, 2.7214668e-01, 6.1843589e-01 
6551, 0.0000000e+00, 1.1521061e-01, 6.7820677e-01 
6552, 1.0000000e+00, 1.1521061e-01, 6.7820677e-01 
6553, 0.0000000e+00, 8.1548210e-01, 4.0030268e-02 
6554, 1.0000000e+00, 8.1548210e-01, 4.0030268e-02 
6555, 0.0000000e+00, 7.8961473e-01, 5.3986566e-02 
6556, 1.0000000e+00, 7.8961473e-01, 5.3986566e-02 
6557, 9.2105094e-01, 7.3396827e-01, 0.0000000e+00 
6558, 9.2105094e-01, 7.3396827e-01, 1.0000000e+00 
6559, 0.0000000e+00, 5.5276419e-01, 6.0530781e-01 
6560, 1.0000000e+00, 5.5276419e-01, 6.0530781e-01 
6561, 1.0000000e+00, 5.4360282e-01, 2.7570718e-01 
6562, 0.0000000e+00, 5.4360282e-01, 2.7570718e-01 
6563, 1.0000000e+00, 5.3558462e-01, 2.9256667e-01 
6564, 0.0000000e+00, 5.3558462e-01, 2.9256667e-01 
6565, 1.0000000e+00, 5.2498800e-01, 2.9496520e-01 
6566, 0.0000000e+00, 5.2498800e-01, 2.9496520e-01 
6567, 2.1258255e-01, 6.5086930e-01, 0.0000000e+00 
6568, 2.1258255e-01, 6.5086930e-01, 1.0000000e+00 
6569, 1.0158536e-01, 0.0000000e+00, 8.0893671e-01 
6570, 1.0158536e-01, 1.0000000e+00, 8.0893671e-01 
6571, 8.6619283e-01, 8.6145387e-01, 0.0000000e+00 
6572, 0.0000000e+00, 7.7413370e-01, 9.7278526e-01 
6573, 8.1289948e-01, 1.0000000e+00, 9.5024492e-02 
6574, 8.1289948e-01, 0.0000000e+00, 9.5024492e-02 
6575, 8.6998643e-01, 1.0000000e+00, 1.0731070e-01 
6576, 8.6998643e-01, 0.0000000e+00, 1.0731070e-01 
6577, 4.9660116e-01, 7.6915093e-01, 0.0000000e+00 
6578, 4.9660116e-01, 7.6915093e-01, 1.0000000e+00 
6579, 6.5861615e-01, 1.0000000e+00, 5.7691051e-03 
6580, 6.5861615e-01, 0.0000000e+00, 5.7691051e-03 
6581, 9.1245319e-01, 0.0000000e+00, 7.7000815e-01 
6582, 9.1245319e-01, 1.0000000e+00, 7.7000815e-01 
6583, 6.9837109e-01, 0.0000000e+00, 6.8009806e-01 
6584, 6.9837109e-01, 1.0000000e+00, 6.8009806e-01 
6585, 4.0341057e-01, 5.2748221e-01, 0.0000000e+00 
6586, 4.0341057e-01, 5.2748221e-01, 1.0000000e+00 
6587, 3.7809198e-01, 5.5963615e-01, 0.0000000e+00 
6588, 3.7809198e-01, 5.5963615e-01, 1.0000000e+00 
6589, 1.2922960e-01, 1.0000000e+00, 4.6552456e-01 
6590, 1.2922960e-01, 0.0000000e+00, 4.6552456e-01 
6591, 0.0000000e+00, 9.4145594e-01, 3.1470294e-01 
6592, 1.0000000e+00, 9.4145594e-01, 3.1470294e-01 
6593, 0.0000000e+00, 8.7316534e-01, 5.7077385e-01 
6594, 1.0000000e+00, 8.7316534e-01, 5.7077385e-01 
6595, 3.3413281e-01, 2.1085963e-01, 1.0000000e+00 
6596, 3.3413281e-01, 2.1085963e-01, 0.0000000e+00 
6597, 0.0000000e+00, 9.5069042e-01, 7.4637166e-01 
6598, 1.0000000e+00, 9.5069042e-01, 7.4637166e-01 
6599, 3.2213664e-01, 2.6705499e-01, 1.0000000e+00 
6600, 3.2213664e-01, 2.6705499e-01, 0.0000000e+00 
6601, 2.8062051e-01, 0.0000000e+00, 8.9523207e-01 
6602, 2.8062051e-01, 1.0000000e+00, 8.9523207e-01 
6603, 1.0000000e+00, 6.5921913e-01, 6.6911011e-01 
6604, 0.0000000e+00, 6.5921913e-01, 6.6911011e-01 
6605, 1.0000000e+00, 6.9893832e-01, 7.4848025e-01 
6606, 0.0000000e+00, 6.9893832e-01, 7.4848025e-01 
6607, 4.5128378e-01, 5.2735428e-02, 0.0000000e+00 
6608, 4.5077306e-01, 1.0000000e+00, 8.4116891e-01 
6609, 5.9001695e-01, 8.8737565e-01, 0.0000000e+00 
6610, 5.9001695e-01, 8.8737565e-01, 1.0000000e+00 
6611, 1.4780371e-01, 2.9622843e-01, 3.4694470e-18 
6612, 1.4780371e-01, 2.9622843e-01, 1.0000000e+00 
6613, 0.0000000e+00, 3.4561866e-01, 1.7141992e-03 
6614, 9.9002161e-01, 3.5563489e-01, 1.0000000e+00 
6615, 1.2738404e-01, 1.7311730e-01, 3.4694470e-18 
6616, 1.2738404e-01, 1.7311730e-01, 1.0000000e+00 
6617, 1.0000000e+00, 6.4238441e-01, 6.0928202e-01 
6618, 0.0000000e+00, 6.4238441e-01, 6.0928202e-01 
6619, 1.0000000e+00, 6.2876437e-01, 6.3723669e-01 
6620, 0.0000000e+00, 6.2876437e-01, 6.3723669e-01 
6621, 3.8179280e-01, 4.4487900e-01, 1.0000000e+00 
6622, 3.8179280e-01, 4.4487900e-01, 0.0000000e+00 
6623, 5.6891975e-01, 1.0000000e+00, 5.8334373e-01 
6624, 5.6891975e-01, 0.0000000e+00, 5.8334373e-01 
6625, 5.3251808e-01, 1.0000000e+00, 5.3050433e-01 
6626, 5.3251808e-01, 0.0000000e+00, 5.3050433e-01 
6627, 9.4196215e-01, 1.0000000e+00, 1.9649129e-01 
6628, 0.0000000e+00, 3.4522628e-02, 2.3612054e-01 
6629, 1.0000000e+00, 2.4179522e-01, 9.5816175e-01 
6630, 0.0000000e+00, 2.4179522e-01, 9.5816175e-01 
6631, 1.0000000e+00, 7.3183110e-01, 4.6274612e-01 
6632, 0.0000000e+00, 7.3183110e-01, 4.6274612e-01 
6633, 1.4709927e-01, 1.0000000e+00, 4.6587503e-01 
6634, 1.4709927e-01, 0.0000000e+00, 4.6587503e-01 
6635, 2.0657689e-01, 1.0000000e+00, 5.8492082e-01 
6636, 2.0657689e-01, 0.0000000e+00, 5.8492082e-01 
6637, 0.0000000e+00, 7.8629202e-01, 6.0076120e-01 
6638, 1.0000000e+00, 7.8629202e-01, 6.0076120e-01 
6639, 7.3336437e-01, 6.2102666e-01, 0.0000000e+00 
6640, 7.3336437e-01, 6.2102666e-01, 1.0000000e+00 
6641, 1.0000000e+00, 6.5687790e-01, 6.6766343e-02 
6642, 0.0000000e+00, 6.5687790e-01, 6.6766343e-02 
6643, 1.0754024e-01, 1.7838376e-01, 0.0000000e+00 
6644, 1.0000000e+00, 1.3019526e-01, 9.6996474e-01 
6645, 0.0000000e+00, 1.1831789e-01, 1.6470644e-01 
6646, 1.0000000e+00, 1.1831789e-01, 1.6470644e-01 
6647, 5.1184113e-01, 1.0000000e+00, 4.2301992e-01 
6648, 5.1184113e-01, 0.0000000e+00, 4.2301992e-01 
6649, 5.0712202e-01, 1.0000000e+00, 4.1426675e-01 
6650, 5.0712202e-01, 0.0000000e+00, 4.1426675e-01 
6651, 6.5120619e-01, 1.0000000e+00, 9.6605164e-01 
6652, 6.5120619e-01, 0.0000000e+00, 9.6605164e-01 
6653, 7.1079019e-01, 1.0000000e+00, 9.7968347e-01 
6654, 7.4895995e-01, 3.4763486e-02, 0.0000000e+00 
6655, 6.8738657e-01, 1.0000000e+00, 9.8321786e-01 
6656, 6.9955876e-01, 2.4819284e-02, 0.0000000e+00 
6657, 6.0726261e-01, 5.7231904e-01, 1.0000000e+00 
6658, 6.0726261e-01, 5.7231904e-01, 0.0000000e+00 
6659, 2.8425919e-01, 7.6744240e-01, 1.0000000e+00 
6660, 2.8425919e-01, 7.6744240e-01, 0.0000000e+00 
6661, 1.0000000e+00, 6.4941424e-01, 3.1044043e-01 
6662, 0.0000000e+00, 6.4941424e-01, 3.1044043e-01 
6663, 0.0000000e+00, 8.3640373e-01, 2.6834230e-01 
6664, 1.0000000e+00, 8.3640373e-01, 2.6834230e-01 
6665, 1.0000000e+00, 8.1695257e-01, 3.2903153e-01 
6666, 0.0000000e+00, 8.1695257e-01, 3.2903153e-01 
6667, 1.0000000e+00, 8.8377462e-01, 2.7366753e-01 
6668, 0.0000000e+00, 8.8377462e-01, 2.7366753e-01 
6669, 8.6954914e-01, 5.1335580e-01, 0.0000000e+00 
6670, 8.6954914e-01, 5.1335580e-01, 1.0000000e+00 
6671, 5.6621795e-01, 0.0000000e+00, 9.8031133e-02 
6672, 5.6621795e-01, 1.0000000e+00, 9.8031133e-02 
6673, 3.8797862e-01, 1.3677038e-01, 0.0000000e+00 
6674, 3.8797862e-01, 1.3677038e-01, 1.0000000e+00 
6675, 5.0993953e-01, 5.5309538e-02, 0.0000000e+00 
6676, 4.7948487e-01, 1.0000000e+00, 9.3349748e-01 
6677, 4.0335829e-01, 2.3318782e-01, 1.0000000e+00 
6678, 4.0335829e-01, 2.3318782e-01, 0.0000000e+00 
6679, 4.0275975e-01, 2.0190153e-01, 1.0000000e+00 
6680, 4.0275975e-01, 2.0190153e-01, 0.0000000e+00 
6681, 0.0000000e+00, 7.6462842e-01, 7.1340416e-01 
6682, 1.0000000e+00, 7.6462842e-01, 7.1340416e-01 
6683, 0.0000000e+00, 8.7066630e-01, 9.3861628e-01 
6684, 8.1171181e-01, 9.4385014e-01, 0.0000000e+00 
6685, 1.9360015e-01, 2.5940553e-02, 1.0000000e+00 
6686, 1.9360015e-01, 2.5940553e-02, 0.0000000e+00 
6687, 5.5649175e-02, 0.0000000e+00, 9.5271381e-01 
6688, 5.5649175e-02, 1.0000000e+00, 9.5271381e-01 
6689, 1.3021349e-02, 0.0000000e+00, 8.7876752e-01 
6690, 1.0000000e+00, 9.9497431e-01, 8.5496793e-01 
6691, 0.0000000e+00, 3.6478469e-02, 7.7996324e-01 
6692, 1.0000000e+00, 3.6478469e-02, 7.7996324e-01 
6693, 1.0000000e+00, 3.5815157e-01, 4.4737396e-01 
6694, 0.0000000e+00, 3.5815157e-01, 4.4737396e-01 
6695, 0.0000000e+00, 3.6669680e-01, 9.6744990e-01 
6696, 1.0000000e+00, 3.6669680e-01, 9.6744990e-01 
6697, 1.3341549e-01, 4.3029267e-01, 1.0000000e+00 
6698, 1.0000000e+00, 4.0208370e-01, 1.2232608e-01 
6699, 1.0000000e+00, 5.7602975e-01, 2.1091013e-01 
6700, 0.0000000e+00, 5.7602975e-01, 2.1091013e-01 
6701, 9.2978618e-01, 4.2133265e-01, 0.0000000e+00 
6702, 9.2978618e-01, 4.2133265e-01, 1.0000000e+00 
6703, 1.1734833e-01, 1.0000000e+00, 8.0759670e-01 
6704, 1.1734833e-01, 0.0000000e+00, 8.0759670e-01 
6705, 2.4622988e-02, 1.0000000e+00, 7.8387402e-01 
6706, 1.0000000e+00, 2.1598285e-02, 7.3368827e-01 
6707, 6.0746681e-01, 1.0000000e+00, 5.4760827e-01 
6708, 6.0746681e-01, 0.0000000e+00, 5.4760827e-01 
6709, 1.0000000e+00, 2.0825639e-01, 6.1121997e-01 
6710, 0.0000000e+00, 2.0825639e-01, 6.1121997e-01 
6711, 0.0000000e+00, 6.7679442e-01, 7.2275050e-01 
6712, 1.0000000e+00, 6.7679442e-01, 7.2275050e-01 
6713, 5.2378716e-01, 1.0000000e+00, 1.7852061e-01 
6714, 5.2378716e-01, 0.0000000e+00, 1.7852061e-01 
6715, 5.3513660e-01, 1.0000000e+00, 1.7370643e-01 
6716, 5.3513660e-01, 0.0000000e+00, 1.7370643e-01 
6717, 7.5096092e-01, 9.0997550e-01, 0.0000000e+00 
6718, 7.5096092e-01, 9.0997550e-01, 1.0000000e+00 
6719, 3.6738904e-01, 4.7235521e-01, 0.0000000e+00 
6720, 3.6738904e-01, 4.7235521e-01, 1.0000000e+00 
6721, 5.2676337e-01, 1.0000000e+00, 6.4605866e-01 
6722, 5.2676337e-01, 0.0000000e+00, 6.4605866e-01 
6723, 0.0000000e+00, 5.8382889e-01, 1.1580111e-01 
6724, 1.0000000e+00, 5.8382889e-01, 1.1580111e-01 
6725, 5.7232084e-02, 8.8474855e-02, 1.0000000e+00 
6726, 1.0000000e+00, 4.8908655e-02, 1.9120047e-02 
6727, 1.8108482e-01, 0.0000000e+00, 9.1405104e-01 
6728, 1.8108482e-01, 1.0000000e+00, 9.1405104e-01 
6729, 2.6665825e-01, 1.0000000e+00, 1.0492940e-02 
6730, 2.6665825e-01, 0.0000000e+00, 1.0492940e-02 
6731, 2.6992707e-01, 9.9072561e-01, 0.0000000e+00 
6732, 2.6992707e-01, 9.9072561e-01, 1.0000000e+00 
6733, 2.6739794e-01, 1.0000000e+00, 1.2572980e-02 
6734, 2.6739794e-01, 0.0000000e+00, 1.2572980e-02 
6735, 8.3807866e-01, 0.0000000e+00, 2.1596992e-01 
6736, 8.3807866e-01, 1.0000000e+00, 2.1596992e-01 
6737, 1.0000000e+00, 3.1806989e-01, 9.4186487e-02 
6738, 6.4994438e-02, 4.0299528e-01, 1.0000000e+00 
6739, 1.0000000e+00, 2.9236243e-01, 1.2609156e-01 
6740, 0.0000000e+00, 2.9236243e-01, 1.2609156e-01 
6741, 0.0000000e+00, 2.3129888e-01, 3.2738495e-01 
6742, 1.0000000e+00, 2.3129888e-01, 3.2738495e-01 
6743, 0.0000000e+00, 2.2314018e-01, 3.1448428e-01 
6744, 1.0000000e+00, 2.2314018e-01, 3.1448428e-01 
6745, 0.0000000e+00, 2.3214729e-01, 3.1601174e-01 
6746, 1.0000000e+00, 2.3214729e-01, 3.1601174e-01 
6747, 0.0000000e+00, 2.5187139e-01, 5.8421636e-01 
6748, 1.0000000e+00, 2.5187139e-01, 5.8421636e-01 
6749, 0.0000000e+00, 2.4418065e-01, 5.4059368e-01 
6750, 1.0000000e+00, 2.4418065e-01, 5.4059368e-01 
6751, 0.0000000e+00, 2.2534997e-01, 7.3081305e-01 
6752, 1.0000000e+00, 2.2534997e-01, 7.3081305e-01 
6753, 1.0724135e-01, 0.0000000e+00, 8.7220488e-01 
6754, 1.0724135e-01, 1.0000000e+00, 8.7220488e-01 
6755, 3.2493933e-02, 0.0000000e+00, 9.2763641e-01 
6756, 3.2493933e-02, 1.0000000e+00, 9.2763641e-01 
6757, 1.0000000e+00, 5.0560096e-01, 5.6648353e-01 
6758, 0.0000000e+00, 5.0560096e-01, 5.6648353e-01 
6759, 7.2895563e-01, 6.4839703e-01, 1.0000000e+00 
6760, 7.2895563e-01, 6.4839703e-01, 0.0000000e+00 
6761, 4.4593164e-01, 8.4392223e-01, 1.0000000e+00 
6762, 4.4593164e-01, 8.4392223e-01, 0.0000000e+00 
6763, 6.7950013e-01, 9.8889975e-01, 0.0000000e+00 
6764, 6.7950013e-01, 9.8889975e-01, 1.0000000e+00 
6765, 6.7653872e-01, 1.0000000e+00, 2.4153646e-01 
6766, 6.7653872e-01, 0.0000000e+00, 2.4153646e-01 
6767, 9.4463006e-01, 5.5088650e-01, 0.0000000e+00 
6768, 0.0000000e+00, 4.0869591e-01, 9.8039720e-01 
6769, 1.0000000e+00, 6.9619554e-01, 3.6965294e-02 
6770, 0.0000000e+00, 6.9619554e-01, 3.6965294e-02 
6771, 9.0988634e-01, 6.4939413e-01, 0.0000000e+00 
6772, 0.0000000e+00, 5.5563968e-01, 7.8573927e-01 
6773, 5.3766925e-01, 2.3318019e-01, 1.0000000e+00 
6774, 5.3766925e-01, 2.3318019e-01, 0.0000000e+00 
6775, 5.7121645e-01, 2.1745978e-01, 1.0000000e+00 
6776, 5.7121645e-01, 2.1745978e-01, 0.0000000e+00 
6777, 6.1837308e-01, 3.5032158e-01, 1.0000000e+00 
6778, 6.1837308e-01, 3.5032158e-01, 0.0000000e+00 
6779, 1.0000000e+00, 2.6483899e-01, 8.5628993e-01 
6780, 0.0000000e+00, 2.6483899e-01, 8.5628993e-01 
6781, 8.9938242e-01, 4.6838082e-01, 1.0000000e+00 
6782, 8.9938242e-01, 4.6838082e-01, 0.0000000e+00 
6783, 8.5648132e-01, 9.7073567e-01, 1.0000000e+00 
6784, 8.6850889e-01, 0.0000000e+00, 5.7685147e-03 
6785, 8.3516948e-01, 9.1237224e-01, 1.0000000e+00 
6786, 8.3516948e-01, 9.1237224e-01, 0.0000000e+00 
6787, 3.1072618e-01, 0.0000000e+00, 6.6877947e-01 
6788, 3.1072618e-01, 1.0000000e+00, 6.6877947e-01 
6789, 1.0000000e+00, 1.0098713e-01, 8.5424088e-02 
6790, 0.0000000e+00, 1.0098713e-01, 8.5424088e-02 
6791, 9.7749679e-01, 2.9207233e-01, 0.0000000e+00 
6792, 0.0000000e+00, 3.0749606e-01, 9.9536774e-01 
6793, 8.3373153e-01, 1.6263705e-01, 0.0000000e+00 
6794, 9.4021484e-01, 1.0000000e+00, 7.5240709e-01 
6795, 4.6388947e-01, 1.0000000e+00, 6.9371685e-01 
6796, 4.6388947e-01, 0.0000000e+00, 6.9371685e-01 
6797, 1.9156286e-01, 1.0576100e-01, 1.0000000e+00 
6798, 1.9156286e-01, 1.0576100e-01, 0.0000000e+00 
6799, 3.2061808e-01, 0.0000000e+00, 5.5920580e-01 
6800, 3.2061808e-01, 1.0000000e+00, 5.5920580e-01 
6801, 5.2288671e-01, 0.0000000e+00, 5.0426617e-01 
6802, 5.2288671e-01, 1.0000000e+00, 5.0426617e-01 
6803, 4.7631005e-01, 0.0000000e+00, 2.5641874e-01 
6804, 4.7631005e-01, 1.0000000e+00, 2.5641874e-01 
6805, 3.0791221e-01, 0.0000000e+00, 3.2396404e-01 
6806, 3.0791221e-01, 1.0000000e+00, 3.2396404e-01 
6807, 2.9771456e-01, 0.0000000e+00, 2.7780802e-01 
6808, 2.9771456e-01, 1.0000000e+00, 2.7780802e-01 
6809, 1.0000000e+00, 4.1010481e-01, 6.6508270e-01 
6810, 0.0000000e+00, 4.1010481e-01, 6.6508270e-01 
6811, 2.5420271e-02, 1.0000000e+00, 7.4121543e-01 
6812, 2.5420271e-02, 0.0000000e+00, 7.4121543e-01 
6813, 0.0000000e+00, 8.8543422e-01, 9.6754967e-01 
6814, 9.9151905e-01, 8.7050614e-01, 0.0000000e+00 
6815, 6.5796582e-02, 1.0000000e+00, 8.2331817e-01 
6816, 6.5796582e-02, 0.0000000e+00, 8.2331817e-01 
6817, 0.0000000e+00, 4.7694359e-01, 2.2075182e-01 
6818, 1.0000000e+00, 4.7694359e-01, 2.2075182e-01 
6819, 2.1867219e-01, 3.3660330e-01, 0.0000000e+00 
6820, 2.1867219e-01, 3.3660330e-01, 1.0000000e+00 
6821, 3.8078645e-01, 8.0921919e-01, 0.0000000e+00 
6822, 3.8078645e-01, 8.0921919e-01, 1.0000000e+00 
6823, 1.7943611e-01, 0.0000000e+00, 1.2187214e-01 
6824, 1.7943611e-01, 1.0000000e+00, 1.2187214e-01 
6825, 3.7412666e-01, 0.0000000e+00, 8.0623574e-01 
6826, 3.7412666e-01, 1.0000000e+00, 8.0623574e-01 
6827, 0.0000000e+00, 8.1757157e-01, 9.3356538e-01 
6828, 1.0000000e+00, 8.1757157e-01, 9.3356538e-01 
6829, 0.0000000e+00, 8.1805311e-01, 8.1825663e-01 
6830, 1.0000000e+00, 8.1805311e-01, 8.1825663e-01 
6831, 1.1851112e-01, 9.2494111e-01, 1.0000000e+00 
6832, 1.1851112e-01, 9.2494111e-01, 0.0000000e+00 
6833, 3.9843668e-01, 4.0861680e-01, 1.0000000e+00 
6834, 3.9843668e-01, 4.0861680e-01, 0.0000000e+00 
6835, 9.3079642e-01, 0.0000000e+00, 8.0409164e-01 
6836, 9.3079642e-01, 1.0000000e+00, 8.0409164e-01 
6837, 2.9432411e-01, 5.3800083e-01, 1.0000000e+00 
6838, 2.9432411e-01, 5.3800083e-01, 0.0000000e+00 
6839, 2.1574142e-01, 7.4120571e-01, 0.0000000e+00 
6840, 2.1574142e-01, 7.4120571e-01, 1.0000000e+00 
6841, 1.5864394e-01, 7.7194721e-01, 0.0000000e+00 
6842, 1.5864394e-01, 7.7194721e-01, 1.0000000e+00 
6843, 1.0000000e+00, 4.6254268e-01, 8.2972968e-01 
6844, 0.0000000e+00, 4.6254268e-01, 8.2972968e-01 
6845, 3.6522734e-01, 6.4855270e-01, 1.0000000e+00 
6846, 3.6522734e-01, 6.4855270e-01, 0.0000000e+00 
6847, 8.7957831e-01, 1.0000000e+00, 2.0481734e-01 
6848, 8.7957831e-01, 0.0000000e+00, 2.0481734e-01 
6849, 7.6069083e-01, 9.5770734e-01, 0.0000000e+00 
6850, 7.6069083e-01, 9.5770734e-01, 1.0000000e+00 
6851, 7.8264612e-01, 1.0000000e+00, 1.4446312e-01 
6852, 7.8264612e-01, 0.0000000e+00, 1.4446312e-01 
6853, 4.2747995e-01, 8.1782929e-01, 1.0000000e+00 
6854, 4.2747995e-01, 8.1782929e-01, 0.0000000e+00 
6855, 3.5979209e-01, 8.0225684e-01, 1.0000000e+00 
6856, 3.5979209e-01, 8.0225684e-01, 0.0000000e+00 
6857, 9.7053111e-02, 0.0000000e+00, 1.4884524e-01 
6858, 9.7053111e-02, 1.0000000e+00, 1.4884524e-01 
6859, 0.0000000e+00, 5.6907889e-02, 2.1724544e-01 
6860, 1.0000000e+00, 5.6907889e-02, 2.1724544e-01 
6861, 1.7294081e-01, 0.0000000e+00, 4.7979705e-01 
6862, 1.7294081e-01, 1.0000000e+00, 4.7979705e-01 
6863, 3.7406124e-01, 1.0000000e+00, 8.0621992e-01 
6864, 3.7406124e-01, 0.0000000e+00, 8.0621992e-01 
6865, 0.0000000e+00, 9.4674394e-01, 5.3491069e-01 
6866, 9.7921930e-01, 0.0000000e+00, 5.5807273e-01 
6867, 1.8602486e-01, 1.0000000e+00, 4.7043602e-01 
6868, 1.8602486e-01, 0.0000000e+00, 4.7043602e-01 
6869, 1.3882697e-01, 1.0000000e+00, 4.9419244e-01 
6870, 1.3882697e-01, 0.0000000e+00, 4.9419244e-01 
6871, 8.6442786e-01, 4.5950437e-01, 0.0000000e+00 
6872, 8.6442786e-01, 4.5950437e-01, 1.0000000e+00 
6873, 0.0000000e+00, 2.2995667e-01, 9.9324540e-01 
6874, 9.6047755e-01, 2.5393617e-01, 0.0000000e+00 
6875, 0.0000000e+00, 1.8431027e-01, 9.0830199e-01 
6876, 1.0000000e+00, 1.8431027e-01, 9.0830199e-01 
6877, 8.6909823e-03, 1.0000000e+00, 8.3680348e-01 
6878, 1.0000000e+00, 1.5587410e-02, 8.4556524e-01 
6879, 0.0000000e+00, 9.0044551e-01, 8.7199530e-01 
6880, 9.1810658e-01, 8.4934563e-01, 0.0000000e+00 
6881, 1.0000000e+00, 3.3398867e-01, 1.6839427e-01 
6882, 0.0000000e+00, 3.3398867e-01, 1.6839427e-01 
6883, 8.5872222e-01, 2.7287434e-01, 0.0000000e+00 
6884, 8.5872222e-01, 2.7287434e-01, 1.0000000e+00 
6885, 2.3092613e-01, 5.6706461e-01, 1.0000000e+00 
6886, 2.3092613e-01, 5.6706461e-01, 0.0000000e+00 
6887, 4.5432452e-01, 6.9331347e-01, 1.0000000e+00 
6888, 4.5432452e-01, 6.9331347e-01, 0.0000000e+00 
6889, 2.3797197e-01, 3.8658236e-01, 1.0000000e+00 
6890, 2.3797197e-01, 3.8658236e-01, 0.0000000e+00 
6891, 0.0000000e+00, 6.4504853e-01, 9.7578302e-01 
6892, 9.5629237e-01, 6.6590738e-01, 0.0000000e+00 
6893, 1.0000000e+00, 3.5109038e-01, 4.3542098e-01 
6894, 0.0000000e+00, 3.5109038e-01, 4.3542098e-01 
6895, 1.0000000e+00, 3.2353461e-01, 5.6701696e-01 
6896, 0.0000000e+00, 3.2353461e-01, 5.6701696e-01 
6897, 9.1209840e-01, 1.1320333e-02, 1.0000000e+00 
6898, 0.0000000e+00, 3.4286262e-02, 1.9432187e-01 
6899, 9.1860571e-01, 0.0000000e+00, 9.8221525e-01 
6900, 0.0000000e+00, 9.1487093e-01, 8.9927710e-01 
6901, 5.8275345e-01, 9.5188500e-01, 1.0000000e+00 
6902, 5.8275345e-01, 9.5188500e-01, 0.0000000e+00 
6903, 1.0000000e+00, 6.6042030e-01, 8.8268347e-01 
6904, 0.0000000e+00, 6.6042030e-01, 8.8268347e-01 
6905, 1.0000000e+00, 3.9432460e-01, 9.8026809e-01 
6906, 0.0000000e+00, 3.9432460e-01, 9.8026809e-01 
6907, 8.1077156e-01, 7.8884519e-01, 1.0000000e+00 
6908, 8.1077156e-01, 7.8884519e-01, 0.0000000e+00 
6909, 8.2192243e-01, 7.6768324e-01, 1.0000000e+00 
6910, 8.2192243e-01, 7.6768324e-01, 0.0000000e+00 
6911, 1.0000000e+00, 5.6900646e-01, 6.3235105e-01 
6912, 0.0000000e+00, 5.6900646e-01, 6.3235105e-01 
6913, 9.1032198e-01, 7.9801925e-01, 1.0000000e+00 
6914, 9.1032198e-01, 7.9801925e-01, 0.0000000e+00 
6915, 1.0000000e+00, 6.2742281e-01, 9.3470038e-01 
6916, 0.0000000e+00, 6.2742281e-01, 9.3470038e-01 
6917, 1.0000000e+00, 7.5956671e-01, 9.9068113e-01 
6918, 2.3177603e-02, 7.5288986e-01, 0.0000000e+00 
6919, 1.3030049e-01, 1.0000000e+00, 9.1244837e-01 
6920, 1.3030049e-01, 0.0000000e+00, 9.1244837e-01 
6921, 0.0000000e+00, 9.5912715e-01, 9.3479936e-01 
6922, 9.4461751e-01, 9.2958186e-01, 0.0000000e+00 
6923, 0.0000000e+00, 9.4897937e-01, 9.3990723e-01 
6924, 9.7456268e-01, 8.7551831e-01, 0.0000000e+00 
6925, 4.1297035e-01, 9.1582086e-02, 1.3877788e-17 
6926, 4.1297035e-01, 9.1582086e-02, 1.0000000e+00 
6927, 3.5210022e-02, 0.0000000e+00, 1.2246508e-01 
6928, 1.0000000e+00, 9.8185671e-01, 1.2375429e-01 
6929, 1.0000000e+00, 7.5050568e-01, 7.9632109e-01 
6930, 0.0000000e+00, 7.5050568e-01, 7.9632109e-01 
6931, 1.0000000e+00, 6.8096179e-01, 9.5353146e-01 
6932, 0.0000000e+00, 6.8096179e-01, 9.5353146e-01 
6933, 9.2964070e-01, 5.7904566e-01, 1.0000000e+00 
6934, 0.0000000e+00, 4.5013922e-01, 5.8756992e-02 
6935, 8.7267010e-01, 6.4152420e-01, 1.0000000e+00 
6936, 8.7267010e-01, 6.4152420e-01, 0.0000000e+00 
6937, 1.0000000e+00, 6.0734058e-01, 3.0049381e-01 
6938, 0.0000000e+00, 6.0734058e-01, 3.0049381e-01 
6939, 3.2240293e-01, 4.4820659e-01, 1.0000000e+00 
6940, 3.2240293e-01, 4.4820659e-01, 0.0000000e+00 
6941, 8.1111082e-01, 0.0000000e+00, 6.7754534e-01 
6942, 8.1111082e-01, 1.0000000e+00, 6.7754534e-01 
6943, 1.0000000e+00, 2.1132424e-01, 2.3663010e-01 
6944, 0.0000000e+00, 2.1132424e-01, 2.3663010e-01 
6945, 1.4748232e-02, 7.7701033e-01, 1.0000000e+00 
6946, 1.0000000e+00, 7.7537136e-01, 2.1303714e-02 
6947, 1.1838243e-01, 3.1914195e-01, 1.0000000e+00 
6948, 1.1838243e-01, 3.1914195e-01, 0.0000000e+00 
6949, 1.0000000e+00, 6.0100465e-01, 5.0610508e-01 
6950, 0.0000000e+00, 6.0100465e-01, 5.0610508e-01 
6951, 1.0000000e+00, 4.4633379e-01, 3.8060908e-01 
6952, 0.0000000e+00, 4.4633379e-01, 3.8060908e-01 
6953, 7.1711284e-01, 1.0000000e+00, 3.8577915e-01 
6954, 7.1711284e-01, 0.0000000e+00, 3.8577915e-01 
6955, 3.2920979e-01, 2.0764880e-02, 1.0000000e+00 
6956, 3.2920979e-01, 2.0764880e-02, 0.0000000e+00 
6957, 3.8379883e-01, 0.0000000e+00, 8.4060554e-01 
6958, 3.8379883e-01, 1.0000000e+00, 8.4060554e-01 
6959, 3.8805307e-01, 3.4694470e-18, 9.6148903e-01 
6960, 4.3000276e-01, 9.8285949e-01, 0.0000000e+00 
6961, 0.0000000e+00, 7.0867758e-01, 4.8178297e-01 
6962, 1.0000000e+00, 7.0867758e-01, 4.8178297e-01 
6963, 9.9412012e-01, 5.7935970e-01, 1.0000000e+00 
6964, 0.0000000e+00, 5.7785198e-01, 6.8044231e-02 
6965, 1.0000000e+00, 5.9154189e-01, 7.2927519e-01 
6966, 0.0000000e+00, 5.9154189e-01, 7.2927519e-01 
6967, 1.0000000e+00, 5.6621528e-01, 7.3787236e-01 
6968, 0.0000000e+00, 5.6621528e-01, 7.3787236e-01 
6969, 0.0000000e+00, 5.9976156e-01, 7.2209507e-01 
6970, 1.0000000e+00, 5.9976156e-01, 7.2209507e-01 
6971, 1.9580248e-01, 9.4584699e-01, 0.0000000e+00 
6972, 1.9580248e-01, 9.4584699e-01, 1.0000000e+00 
6973, 1.0000000e+00, 3.4953225e-01, 1.2907406e-01 
6974, 0.0000000e+00, 3.4953225e-01, 1.2907406e-01 
6975, 1.0000000e+00, 2.5448739e-01, 1.5258918e-01 
6976, 0.0000000e+00, 2.5448739e-01, 1.5258918e-01 
6977, 2.4067083e-01, 1.0000000e+00, 7.3924218e-01 
6978, 2.4067083e-01, 0.0000000e+00, 7.3924218e-01 
6979, 2.5489362e-01, 1.0000000e+00, 7.6748613e-01 
6980, 2.5489362e-01, 0.0000000e+00, 7.6748613e-01 
6981, 8.3990668e-01, 0.0000000e+00, 1.7945597e-01 
6982, 8.3990668e-01, 1.0000000e+00, 1.7945597e-01 
6983, 8.4302317e-01, 0.0000000e+00, 1.7671877e-01 
6984, 8.4302317e-01, 1.0000000e+00, 1.7671877e-01 
6985, 8.9554582e-01, 0.0000000e+00, 1.7131841e-01 
6986, 0.0000000e+00, 9.6225904e-01, 1.4006524e-01 
6987, 8.3095756e-01, 0.0000000e+00, 1.9932646e-01 
6988, 8.3095756e-01, 1.0000000e+00, 1.9932646e-01 
6989, 6.8423879e-01, 0.0000000e+00, 8.1038084e-01 
6990, 6.8423879e-01, 1.0000000e+00, 8.1038084e-01 
6991, 7.8436590e-01, 1.6821993e-01, 1.0000000e+00 
6992, 7.8436590e-01, 1.6821993e-01, 0.0000000e+00 
6993, 6.4528839e-01, 0.0000000e+00, 7.5204966e-01 
6994, 6.4528839e-01, 1.0000000e+00, 7.5204966e-01 
6995, 6.1213705e-01, 0.0000000e+00, 5.2542161e-01 
6996, 6.1213705e-01, 1.0000000e+00, 5.2542161e-01 
6997, 4.9037078e-01, 0.0000000e+00, 1.4693505e-01 
6998, 4.9037078e-01, 1.0000000e+00, 1.4693505e-01 
6999, 6.0105797e-01, 5.0825638e-01, 1.0000000e+00 
7000, 6.0105797e-01, 5.0825638e-01, 0.0000000e+00 
7001, 9.5841774e-01, 1.0000000e+00, 6.1233752e-01 
7002, 0.0000000e+00, 5.2521129e-02, 5.9207448e-01 
7003, 9.6691870e-01, 3.7475293e-01, 1.0000000e+00 
7004, 9.6691870e-01, 3.7475293e-01, 0.0000000e+00 
7005, 2.8831851e-01, 5.3304504e-01, 0.0000000e+00 
7006, 2.8831851e-01, 5.3304504e-01, 1.0000000e+00 
7007, 0.0000000e+00, 5.6406835e-01, 2.4882645e-01 
7008, 1.0000000e+00, 5.6406835e-01, 2.4882645e-01 
7009, 0.0000000e+00, 6.4952546e-01, 2.1341644e-01 
7010, 1.0000000e+00, 6.4952546e-01, 2.1341644e-01 
7011, 0.0000000e+00, 5.7215247e-01, 1.5908524e-01 
7012, 1.0000000e+00, 5.7215247e-01, 1.5908524e-01 
7013, 0.0000000e+00, 8.2251149e-01, 9.8353091e-02 
7014, 1.0000000e+00, 8.2251149e-01, 9.8353091e-02 
7015, 1.5373805e-01, 8.6307153e-01, 0.0000000e+00 
7016, 1.5373805e-01, 8.6307153e-01, 1.0000000e+00 
7017, 8.1575909e-01, 0.0000000e+00, 4.4888072e-01 
7018, 8.1575909e-01, 1.0000000e+00, 4.4888072e-01 
7019, 3.8269543e-01, 1.0000000e+00, 7.4732650e-02 
7020, 2.6467226e-01, 1.7769524e-01, 1.0000000e+00 
7021, 3.6811623e-01, 1.0000000e+00, 7.0572191e-02 
7022, 3.6811623e-01, 0.0000000e+00, 7.0572191e-02 
7023, 4.0138357e-01, 1.0000000e+00, 9.1593209e-02 
7024, 4.0138357e-01, 0.0000000e+00, 9.1593209e-02 
7025, 3.8287967e-01, 1.0000000e+00, 7.4083213e-02 
7026, 2.7671975e-01, 1.6231878e-01, 1.0000000e+00 
7027, 4.4036656e-01, 7.5634174e-01, 0.0000000e+00 
7028, 4.4036656e-01, 7.5634174e-01, 1.0000000e+00 
7029, 6.7988706e-02, 3.6747583e-01, 1.3877788e-17 
7030, 6.7988706e-02, 3.6747583e-01, 1.0000000e+00 
7031, 1.0377889e-01, 1.6836420e-01, 1.3877788e-17 
7032, 1.0377889e-01, 1.6836420e-01, 1.0000000e+00 
7033, 3.5769402e-01, 2.0482273e-01, 0.0000000e+00 
7034, 3.5769402e-01, 2.0482273e-01, 1.0000000e+00 
7035, 1.0000000e+00, 7.8050648e-01, 9.1954006e-02 
7036, 0.0000000e+00, 7.8050648e-01, 9.1954006e-02 
7037, 1.0000000e+00, 9.6526623e-01, 5.8071111e-01 
7038, 3.2805227e-02, 0.0000000e+00, 6.2162740e-01 
7039, 1.0000000e+00, 8.6725726e-01, 4.8334128e-01 
7040, 0.0000000e+00, 8.6725726e-01, 4.8334128e-01 
7041, 1.0000000e+00, 8.3044976e-01, 5.1907840e-01 
7042, 0.0000000e+00, 8.3044976e-01, 5.1907840e-01 
7043, 2.0852811e-01, 0.0000000e+00, 7.5416472e-01 
7044, 2.0852811e-01, 1.0000000e+00, 7.5416472e-01 
7045, 1.0000000e+00, 1.8830893e-01, 6.4726808e-01 
7046, 0.0000000e+00, 1.8830893e-01, 6.4726808e-01 
7047, 1.0000000e+00, 4.4536189e-01, 5.4371249e-01 
7048, 0.0000000e+00, 4.4536189e-01, 5.4371249e-01 
7049, 1.0000000e+00, 2.3404265e-01, 6.5635115e-01 
7050, 0.0000000e+00, 2.3404265e-01, 6.5635115e-01 
7051, 0.0000000e+00, 2.8201585e-01, 8.7740328e-01 
7052, 1.0000000e+00, 2.8201585e-01, 8.7740328e-01 
7053, 4.6407312e-02, 0.0000000e+00, 9.2393079e-01 
7054, 4.6407312e-02, 1.0000000e+00, 9.2393079e-01 
7055, 4.3539819e-02, 6.8703943e-01, 1.0000000e+00 
7056, 4.3539819e-02, 6.8703943e-01, 0.0000000e+00 
7057, 0.0000000e+00, 4.3110232e-01, 9.8902788e-01 
7058, 9.8672586e-01, 4.0803204e-01, 0.0000000e+00 
7059, 5.1811658e-01, 4.5065110e-01, 0.0000000e+00 
7060, 5.1811658e-01, 4.5065110e-01, 1.0000000e+00 
7061, 1.0000000e+00, 9.1548321e-01, 2.5944017e-01 
7062, 0.0000000e+00, 9.1548321e-01, 2.5944017e-01 
7063, 5.2164526e-01, 1.0000000e+00, 1.2737328e-01 
7064, 5.2164526e-01, 0.0000000e+00, 1.2737328e-01 
7065, 0.0000000e+00, 4.9198497e-01, 5.2822875e-01 
7066, 1.0000000e+00, 4.9198497e-01, 5.2822875e-01 
7067, 0.0000000e+00, 2.3455395e-01, 2.8743320e-01 
7068, 1.0000000e+00, 2.3455395e-01, 2.8743320e-01 
7069, 0.0000000e+00, 2.3269091e-01, 2.8244967e-01 
7070, 1.0000000e+00, 2.3269091e-01, 2.8244967e-01 
7071, 2.3582493e-01, 0.0000000e+00, 9.3330698e-01 
7072, 2.3582493e-01, 1.0000000e+00, 9.3330698e-01 
7073, 0.0000000e+00, 2.6670489e-01, 2.9088808e-01 
7074, 1.0000000e+00, 2.6670489e-01, 2.9088808e-01 
7075, 2.0421887e-01, 1.4679905e-01, 0.0000000e+00 
7076, 2.0421887e-01, 1.4679905e-01, 1.0000000e+00 
7077, 1.0000000e+00, 8.1379130e-01, 7.6714101e-01 
7078, 1.0041270e-01, 0.0000000e+00, 7.7043617e-01 
7079, 7.1230188e-01, 1.0000000e+00, 7.1724233e-01 
7080, 7.1230188e-01, 0.0000000e+00, 7.1724233e-01 
7081, 7.4505654e-01, 1.0000000e+00, 7.6641753e-01 
7082, 7.4505654e-01, 0.0000000e+00, 7.6641753e-01 
7083, 7.6331807e-01, 9.6651323e-02, 0.0000000e+00 
7084, 7.6331807e-01, 9.6651323e-02, 1.0000000e+00 
7085, 6.6244618e-01, 0.0000000e+00, 5.0271604e-02 
7086, 5.4717049e-01, 9.3845738e-01, 1.0000000e+00 
7087, 1.0000000e+00, 4.5938201e-01, 8.0557854e-01 
7088, 0.0000000e+00, 4.5938201e-01, 8.0557854e-01 
7089, 1.0000000e+00, 6.3063445e-01, 8.2033135e-01 
7090, 0.0000000e+00, 6.3063445e-01, 8.2033135e-01 
7091, 1.0000000e+00, 6.4210034e-01, 8.4359166e-01 
7092, 0.0000000e+00, 6.4210034e-01, 8.4359166e-01 
7093, 1.7839237e-01, 1.0000000e+00, 1.8867887e-01 
7094, 1.7839237e-01, 0.0000000e+00, 1.8867887e-01 
7095, 1.5871157e-01, 3.6547291e-01, 1.0000000e+00 
7096, 1.5871157e-01, 3.6547291e-01, 0.0000000e+00 
7097, 1.0000000e+00, 2.5624812e-01, 3.2922214e-01 
7098, 0.0000000e+00, 2.5624812e-01, 3.2922214e-01 
7099, 1.7347235e-18, 6.9451716e-01, 5.9304644e-01 
7100, 1.0000000e+00, 6.9451716e-01, 5.9304644e-01 
7101, 8.2083226e-02, 5.7220477e-01, 1.0000000e+00 
7102, 8.2083226e-02, 5.7220477e-01, 0.0000000e+00 
7103, 0.0000000e+00, 3.1907396e-01, 7.8288303e-01 
7104, 1.0000000e+00, 3.1907396e-01, 7.8288303e-01 
7105, 0.0000000e+00, 9.7117236e-01, 7.4158018e-01 
7106, 1.0000000e+00, 9.7117236e-01, 7.4158018e-01 
7107, 0.0000000e+00, 7.7001822e-01, 7.7019485e-01 
7108, 1.0000000e+00, 7.7001822e-01, 7.7019485e-01 
7109, 8.2021102e-01, 9.5347874e-01, 1.0000000e+00 
7110, 8.2021102e-01, 9.5347874e-01, 0.0000000e+00 
7111, 8.4696552e-01, 9.6972526e-01, 1.0000000e+00 
7112, 8.4696552e-01, 9.6972526e-01, 0.0000000e+00 
7113, 4.3082021e-01, 7.2402203e-01, 0.0000000e+00 
7114, 4.3082021e-01, 7.2402203e-01, 1.0000000e+00 
7115, 4.6115962e-01, 6.1982938e-01, 0.0000000e+00 
7116, 4.6115962e-01, 6.1982938e-01, 1.0000000e+00 
7117, 1.0000000e+00, 9.7823221e-01, 7.0989671e-01 
7118, 1.4019799e-01, 0.0000000e+00, 6.8201346e-01 
7119, 1.0000000e+00, 9.3394945e-01, 6.1951942e-01 
7120, 0.0000000e+00, 9.3394945e-01, 6.1951942e-01 
7121, 8.7085776e-01, 1.0000000e+00, 6.5470784e-01 
7122, 8.7085776e-01, 0.0000000e+00, 6.5470784e-01 
7123, 5.5011150e-01, 1.0000000e+00, 3.3715011e-01 
7124, 5.5011150e-01, 0.0000000e+00, 3.3715011e-01 
7125, 8.2984262e-01, 9.6161847e-01, 1.0000000e+00 
7126, 8.2984262e-01, 9.6161847e-01, 0.0000000e+00 
7127, 1.0000000e+00, 1.7471602e-01, 8.8034907e-01 
7128, 0.0000000e+00, 1.7471602e-01, 8.8034907e-01 
7129, 1.0000000e+00, 1.8357195e-01, 8.8720515e-01 
7130, 9.4662852e-02, 2.2883949e-01, 0.0000000e+00 
7131, 0.0000000e+00, 7.0197895e-01, 2.1674113e-02 
7132, 9.9716588e-01, 7.0382407e-01, 1.0000000e+00 
7133, 1.5400909e-01, 8.9959902e-01, 1.0000000e+00 
7134, 1.5400909e-01, 8.9959902e-01, 0.0000000e+00 
7135, 1.6032849e-01, 1.0000000e+00, 9.5183649e-01 
7136, 1.6032849e-01, 0.0000000e+00, 9.5183649e-01 
7137, 8.8304292e-01, 4.0581735e-01, 1.0000000e+00 
7138, 8.8304292e-01, 4.0581735e-01, 0.0000000e+00 
7139, 6.9319545e-01, 9.2059726e-01, 1.0000000e+00 
7140, 6.9319545e-01, 9.2059726e-01, 0.0000000e+00 
7141, 0.0000000e+00, 2.9618484e-02, 5.8165664e-01 
7142, 1.0000000e+00, 2.9618484e-02, 5.8165664e-01 
7143, 0.0000000e+00, 2.8950375e-02, 5.8296871e-01 
7144, 9.7416192e-01, 1.0000000e+00, 5.7677869e-01 
7145, 1.7500840e-01, 1.0000000e+00, 8.4939405e-01 
7146, 1.7500840e-01, 0.0000000e+00, 8.4939405e-01 
7147, 7.4838947e-01, 1.0000000e+00, 4.3778349e-02 
7148, 7.4838947e-01, 0.0000000e+00, 4.3778349e-02 
7149, 6.0024266e-01, 1.0000000e+00, 1.2158706e-01 
7150, 6.0024266e-01, 0.0000000e+00, 1.2158706e-01 
7151, 6.9572567e-01, 9.5904636e-01, 0.0000000e+00 
7152, 6.9572567e-01, 9.5904636e-01, 1.0000000e+00 
7153, 5.9798729e-01, 1.0000000e+00, 6.9916353e-01 
7154, 5.9798729e-01, 0.0000000e+00, 6.9916353e-01 
7155, 6.9116396e-02, 1.0000000e+00, 4.4155606e-01 
7156, 6.9116396e-02, 0.0000000e+00, 4.4155606e-01 
7157, 5.8736528e-01, 1.0000000e+00, 9.2298389e-01 
7158, 5.8736528e-01, 0.0000000e+00, 9.2298389e-01 
7159, 8.2838572e-01, 9.2868828e-01, 1.0000000e+00 
7160, 8.2838572e-01, 9.2868828e-01, 0.0000000e+00 
7161, 7.3421624e-01, 8.8186550e-01, 1.0000000e+00 
7162, 7.3421624e-01, 8.8186550e-01, 0.0000000e+00 
7163, 3.4720612e-01, 9.9811493e-01, 0.0000000e+00 
7164, 3.4995832e-01, 0.0000000e+00, 9.9899342e-01 
7165, 3.2024654e-01, 9.7071695e-01, 0.0000000e+00 
7166, 3.2024654e-01, 9.7071695e-01, 1.0000000e+00 
7167, 3.2001046e-01, 1.0000000e+00, 8.6653657e-02 
7168, 3.2001046e-01, 0.0000000e+00, 8.6653657e-02 
7169, 0.0000000e+00, 7.4696965e-02, 5.7271545e-01 
7170, 1.0000000e+00, 7.4696965e-02, 5.7271545e-01 
7171, 1.0000000e+00, 3.9457369e-01, 9.6871489e-01 
7172, 2.2658578e-02, 4.0647366e-01, 0.0000000e+00 
7173, 8.2550778e-01, 1.5990940e-01, 1.0000000e+00 
7174, 8.2550778e-01, 1.5990940e-01, 0.0000000e+00 
7175, 8.4029276e-01, 3.4296928e-01, 1.0000000e+00 
7176, 8.4029276e-01, 3.4296928e-01, 0.0000000e+00 
7177, 9.4531665e-01, 5.6045580e-01, 1.0000000e+00 
7178, 0.0000000e+00, 5.5738374e-01, 2.5892264e-02 
7179, 9.1770327e-01, 6.0241195e-01, 1.0000000e+00 
7180, 9.1770327e-01, 6.0241195e-01, 0.0000000e+00 
7181, 6.2393640e-01, 0.0000000e+00, 8.8005835e-01 
7182, 6.2393640e-01, 1.0000000e+00, 8.8005835e-01 
7183, 8.5548778e-01, 1.0042672e-01, 1.0000000e+00 
7184, 8.5548778e-01, 1.0042672e-01, 0.0000000e+00 
7185, 0.0000000e+00, 2.0262297e-01, 4.7852684e-01 
7186, 1.0000000e+00, 2.0262297e-01, 4.7852684e-01 
7187, 8.5602400e-01, 4.7367572e-01, 0.0000000e+00 
7188, 8.5602400e-01, 4.7367572e-01, 1.0000000e+00 
7189, 1.0000000e+00, 6.2530436e-01, 1.4133792e-01 
7190, 0.0000000e+00, 6.2530436e-01, 1.4133792e-01 
7191, 8.6040644e-01, 5.4473558e-01, 0.0000000e+00 
7192, 8.6040644e-01, 5.4473558e-01, 1.0000000e+00 
7193, 1.0000000e+00, 3.2194561e-01, 8.7908832e-01 
7194, 0.0000000e+00, 3.2194561e-01, 8.7908832e-01 
7195, 1.0000000e+00, 3.0131070e-01, 8.9279204e-01 
7196, 0.0000000e+00, 3.0131070e-01, 8.9279204e-01 
7197, 5.0791185e-01, 9.3786538e-01, 1.0000000e+00 
7198, 5.0791185e-01, 9.3786538e-01, 0.0000000e+00 
7199, 5.2903551e-01, 9.0296066e-01, 1.0000000e+00 
7200, 5.2903551e-01, 9.0296066e-01, 0.0000000e+00 
7201, 0.0000000e+00, 8.9828600e-01, 5.4704062e-01 
7202, 1.0000000e+00, 8.9828600e-01, 5.4704062e-01 
7203, 1.6765626e-01, 1.0000000e+00, 5.6828011e-01 
7204, 1.6765626e-01, 0.0000000e+00, 5.6828011e-01 
7205, 3.9350625e-01, 0.0000000e+00, 6.6567817e-01 
7206, 3.9350625e-01, 1.0000000e+00, 6.6567817e-01 
7207, 3.8348858e-01, 0.0000000e+00, 6.7449658e-01 
7208, 3.8348858e-01, 1.0000000e+00, 6.7449658e-01 
7209, 4.1238656e-01, 0.0000000e+00, 6.8805272e-01 
7210, 4.1238656e-01, 1.0000000e+00, 6.8805272e-01 
7211, 8.4805192e-01, 1.0000000e+00, 3.8186660e-01 
7212, 8.4805192e-01, 0.0000000e+00, 3.8186660e-01 
7213, 8.7004748e-01, 1.0000000e+00, 3.7311521e-01 
7214, 8.7004748e-01, 0.0000000e+00, 3.7311521e-01 
7215, 1.0000000e+00, 7.7475908e-01, 4.5866933e-01 
7216, 0.0000000e+00, 7.7475908e-01, 4.5866933e-01 
7217, 1.0000000e+00, 8.2913269e-01, 5.9245771e-01 
7218, 0.0000000e+00, 8.2913269e-01, 5.9245771e-01 
7219, 5.5437336e-01, 0.0000000e+00, 4.7823488e-02 
7220, 5.5437336e-01, 1.0000000e+00, 4.7823488e-02 
7221, 4.7869841e-01, 7.0993650e-01, 1.0000000e+00 
7222, 4.7869841e-01, 7.0993650e-01, 0.0000000e+00 
7223, 1.0000000e+00, 8.2011524e-01, 1.0354010e-01 
7224, 1.2584007e-01, 9.4575831e-01, 1.0000000e+00 
7225, 9.0767788e-01, 6.8310711e-01, 0.0000000e+00 
7226, 9.0767788e-01, 6.8310711e-01, 1.0000000e+00 
7227, 3.3900752e-01, 4.2545263e-01, 0.0000000e+00 
7228, 3.3900752e-01, 4.2545263e-01, 1.0000000e+00 
7229, 1.0000000e+00, 3.4516057e-01, 4.8803076e-01 
7230, 0.0000000e+00, 3.4516057e-01, 4.8803076e-01 
7231, 1.0000000e+00, 5.7828457e-01, 7.3025230e-01 
7232, 0.0000000e+00, 5.7828457e-01, 7.3025230e-01 
7233, 0.0000000e+00, 8.7056937e-01, 7.5951342e-01 
7234, 1.0000000e+00, 8.7056937e-01, 7.5951342e-01 
7235, 0.0000000e+00, 9.3120448e-01, 8.8074032e-01 
7236, 1.0000000e+00, 9.3120448e-01, 8.8074032e-01 
7237, 2.9584963e-03, 8.1399932e-01, 1.0000000e+00 
7238, 1.0000000e+00, 8.1483939e-01, 5.8935004e-04 
7239, 0.0000000e+00, 7.4826925e-01, 9.5892450e-01 
7240, 1.0000000e+00, 7.4826925e-01, 9.5892450e-01 
7241, 1.9435332e-01, 6.9043733e-01, 1.0000000e+00 
7242, 1.9435332e-01, 6.9043733e-01, 0.0000000e+00 
7243, 1.3877788e-17, 1.6379947e-01, 3.9801647e-01 
7244, 1.0000000e+00, 1.6379947e-01, 3.9801647e-01 
7245, 0.0000000e+00, 8.9651636e-02, 3.9110950e-01 
7246, 1.0000000e+00, 8.9651636e-02, 3.9110950e-01 
7247, 1.0000000e+00, 3.7972835e-01, 3.8134665e-01 
7248, 0.0000000e+00, 3.7972835e-01, 3.8134665e-01 
7249, 1.0000000e+00, 3.5826363e-01, 4.1020652e-01 
7250, 0.0000000e+00, 3.5826363e-01, 4.1020652e-01 
7251, 8.6083692e-01, 1.0000000e+00, 7.6473029e-01 
7252, 8.6083692e-01, 0.0000000e+00, 7.6473029e-01 
7253, 2.3674954e-01, 7.6150041e-01, 1.0000000e+00 
7254, 2.3674954e-01, 7.6150041e-01, 0.0000000e+00 
7255, 0.0000000e+00, 7.3140717e-01, 8.1009516e-01 
7256, 1.0000000e+00, 7.3140717e-01, 8.1009516e-01 
7257, 8.4647634e-01, 2.7755576e-17, 2.0591249e-01 
7258, 8.4647634e-01, 1.0000000e+00, 2.0591249e-01 
7259, 7.6068827e-01, 0.0000000e+00, 1.7640222e-01 
7260, 7.6068827e-01, 1.0000000e+00, 1.7640222e-01 
7261, 1.0000000e+00, 6.6905852e-01, 1.6783027e-01 
7262, 0.0000000e+00, 6.6905852e-01, 1.6783027e-01 
7263, 1.3190107e-01, 1.9941946e-01, 1.0000000e+00 
7264, 1.3190107e-01, 1.9941946e-01, 0.0000000e+00 
7265, 0.0000000e+00, 2.7265156e-01, 8.0640747e-01 
7266, 1.0000000e+00, 2.7265156e-01, 8.0640747e-01 
7267, 5.3413677e-01, 0.0000000e+00, 6.3431433e-01 
7268, 5.3413677e-01, 1.0000000e+00, 6.3431433e-01 
7269, 5.4649046e-01, 0.0000000e+00, 6.4550269e-01 
7270, 5.4649046e-01, 1.0000000e+00, 6.4550269e-01 
7271, 5.3568367e-01, 0.0000000e+00, 6.3068217e-01 
7272, 5.3568367e-01, 1.0000000e+00, 6.3068217e-01 
7273, 1.0000000e+00, 5.4427997e-01, 8.6385004e-01 
7274, 0.0000000e+00, 5.4427997e-01, 8.6385004e-01 
7275, 8.4682818e-01, 2.5942295e-01, 1.0000000e+00 
7276, 8.4682818e-01, 2.5942295e-01, 0.0000000e+00 
7277, 8.5516969e-01, 2.7344986e-01, 1.0000000e+00 
7278, 8.5516969e-01, 2.7344986e-01, 0.0000000e+00 
7279, 0.0000000e+00, 2.5941049e-01, 4.3616360e-02 
7280, 1.0000000e+00, 2.5941049e-01, 4.3616360e-02 
7281, 0.0000000e+00, 2.5582244e-01, 4.9421137e-02 
7282, 1.0000000e+00, 2.5582244e-01, 4.9421137e-02 
7283, 2.5206004e-01, 5.8972329e-01, 0.0000000e+00 
7284, 2.5206004e-01, 5.8972329e-01, 1.0000000e+00 
7285, 4.7563073e-01, 3.0480811e-01, 1.0000000e+00 
7286, 4.7563073e-01, 3.0480811e-01, 0.0000000e+00 
7287, 2.6275630e-01, 6.6868221e-01, 1.0000000e+00 
7288, 2.6275630e-01, 6.6868221e-01, 0.0000000e+00 
7289, 2.8337366e-01, 8.0942740e-01, 1.0000000e+00 
7290, 2.8337366e-01, 8.0942740e-01, 0.0000000e+00 
7291, 4.3333608e-01, 1.2521048e-01, 1.0000000e+00 
7292, 4.3333608e-01, 1.2521048e-01, 0.0000000e+00 
7293, 4.1133984e-01, 1.8224818e-01, 1.0000000e+00 
7294, 4.1133984e-01, 1.8224818e-01, 0.0000000e+00 
7295, 4.9941797e-01, 0.0000000e+00, 3.4964998e-01 
7296, 4.9941797e-01, 1.0000000e+00, 3.4964998e-01 
7297, 4.9431007e-01, 0.0000000e+00, 2.7443126e-01 
7298, 4.9431007e-01, 1.0000000e+00, 2.7443126e-01 
7299, 0.0000000e+00, 4.3561932e-01, 8.3482893e-01 
7300, 1.0000000e+00, 4.3561932e-01, 8.3482893e-01 
7301, 0.0000000e+00, 4.5655618e-01, 8.3057558e-01 
7302, 1.0000000e+00, 4.5655618e-01, 8.3057558e-01 
7303, 5.3830993e-01, 1.0000000e+00, 1.3678128e-01 
7304, 5.3830993e-01, 0.0000000e+00, 1.3678128e-01 
7305, 1.0000000e+00, 1.3030056e-01, 9.1567540e-01 
7306, 0.0000000e+00, 1.3030056e-01, 9.1567540e-01 
7307, 7.7215391e-01, 2.2316337e-01, 1.0000000e+00 
7308, 7.7215391e-01, 2.2316337e-01, 0.0000000e+00 
7309, 8.8693039e-01, 4.7646038e-01, 1.0000000e+00 
7310, 8.8693039e-01, 4.7646038e-01, 0.0000000e+00 
7311, 1.0000000e+00, 6.5684410e-01, 2.2715134e-01 
7312, 0.0000000e+00, 6.5684410e-01, 2.2715134e-01 
7313, 9.4989709e-01, 6.5764959e-01, 0.0000000e+00 
7314, 9.4989709e-01, 6.5764959e-01, 1.0000000e+00 
7315, 8.0512667e-01, 0.0000000e+00, 4.6626347e-01 
7316, 8.0512667e-01, 1.0000000e+00, 4.6626347e-01 
7317, 1.8031034e-01, 5.4133639e-01, 0.0000000e+00 
7318, 1.8031034e-01, 5.4133639e-01, 1.0000000e+00 
7319, 0.0000000e+00, 3.9872169e-01, 1.9971540e-01 
7320, 1.0000000e+00, 3.9872169e-01, 1.9971540e-01 
7321, 0.0000000e+00, 6.5238731e-01, 1.5929415e-01 
7322, 1.0000000e+00, 6.5238731e-01, 1.5929415e-01 
7323, 2.4629167e-01, 7.4096151e-01, 1.0000000e+00 
7324, 2.4629167e-01, 7.4096151e-01, 0.0000000e+00 
7325, 0.0000000e+00, 4.5976325e-01, 8.2478455e-03 
7326, 1.0000000e+00, 4.5976325e-01, 8.2478455e-03 
7327, 6.9863068e-01, 1.2134324e-01, 3.4694470e-18 
7328, 6.9863068e-01, 1.2134324e-01, 1.0000000e+00 
7329, 6.7281996e-01, 0.0000000e+00, 7.3961514e-02 
7330, 6.7281996e-01, 1.0000000e+00, 7.3961514e-02 
7331, 7.1991435e-01, 1.3317660e-01, 0.0000000e+00 
7332, 7.1991435e-01, 1.3317660e-01, 1.0000000e+00 
7333, 6.8940459e-01, 5.7730467e-02, 0.0000000e+00 
7334, 6.2591034e-01, 1.0000000e+00, 9.3813844e-01 
7335, 1.0000000e+00, 4.2698878e-01, 8.6817648e-01 
7336, 0.0000000e+00, 4.2698878e-01, 8.6817648e-01 
7337, 4.8309955e-01, 1.0000000e+00, 5.1644878e-01 
7338, 4.8309955e-01, 0.0000000e+00, 5.1644878e-01 
7339, 1.0000000e+00, 5.2983998e-02, 2.9087027e-01 
7340, 0.0000000e+00, 5.2983998e-02, 2.9087027e-01 
7341, 8.7336019e-01, 1.3877788e-17, 5.4132026e-01 
7342, 8.7336019e-01, 1.0000000e+00, 5.4132026e-01 
7343, 1.0000000e+00, 3.2633225e-01, 8.2051215e-01 
7344, 0.0000000e+00, 3.2633225e-01, 8.2051215e-01 
7345, 1.7158470e-01, 5.1215625e-01, 1.0000000e+00 
7346, 1.7158470e-01, 5.1215625e-01, 0.0000000e+00 
7347, 8.0419421e-01, 0.0000000e+00, 2.5106677e-01 
7348, 8.0419421e-01, 1.0000000e+00, 2.5106677e-01 
7349, 3.0243126e-01, 0.0000000e+00, 4.3099872e-01 
7350, 3.0243126e-01, 1.0000000e+00, 4.3099872e-01 
7351, 2.7755576e-17, 2.9115889e-01, 3.2439915e-01 
7352, 1.0000000e+00, 2.9115889e-01, 3.2439915e-01 
7353, 9.3363222e-01, 0.0000000e+00, 3.6673883e-01 
7354, 0.0000000e+00, 8.9292374e-01, 2.3118772e-01 
7355, 1.0000000e+00, 1.8470072e-01, 6.4756181e-01 
7356, 0.0000000e+00, 1.8470072e-01, 6.4756181e-01 
7357, 5.9985321e-01, 5.1113545e-01, 1.0000000e+00 
7358, 5.9985321e-01, 5.1113545e-01, 0.0000000e+00 
7359, 6.6022071e-01, 7.1119057e-01, 1.0000000e+00 
7360, 6.6022071e-01, 7.1119057e-01, 0.0000000e+00 
7361, 0.0000000e+00, 7.8830427e-01, 3.4996797e-01 
7362, 1.0000000e+00, 7.8830427e-01, 3.4996797e-01 
7363, 0.0000000e+00, 8.7396852e-01, 3.4983069e-01 
7364, 8.9866323e-01, 0.0000000e+00, 3.5314321e-01 
7365, 0.0000000e+00, 8.6604059e-01, 2.7380904e-01 
7366, 1.0000000e+00, 8.6604059e-01, 2.7380904e-01 
7367, 4.6657766e-01, 0.0000000e+00, 4.4196490e-01 
7368, 4.6657766e-01, 1.0000000e+00, 4.4196490e-01 
7369, 9.2219872e-01, 3.6478519e-01, 1.7347235e-18 
7370, 9.2219872e-01, 3.6478519e-01, 1.0000000e+00 
7371, 9.3226507e-01, 3.5474767e-01, 0.0000000e+00 
7372, 0.0000000e+00, 3.2761729e-01, 9.4010509e-01 
7373, 1.0000000e+00, 4.4188722e-01, 1.1993068e-01 
7374, 0.0000000e+00, 4.4188722e-01, 1.1993068e-01 
7375, 9.1943319e-01, 3.3437435e-01, 0.0000000e+00 
7376, 9.1943319e-01, 3.3437435e-01, 1.0000000e+00 
7377, 9.3135733e-01, 7.4549989e-01, 0.0000000e+00 
7378, 9.3135733e-01, 7.4549989e-01, 1.0000000e+00 
7379, 1.0000000e+00, 7.5182848e-01, 3.5256336e-02 
7380, 1.7715154e-02, 6.5568339e-01, 1.0000000e+00 
7381, 9.9408784e-01, 7.9643004e-01, 0.0000000e+00 
7382, 9.9408784e-01, 7.9643004e-01, 1.0000000e+00 
7383, 1.0000000e+00, 6.6019331e-01, 6.3097498e-01 
7384, 0.0000000e+00, 6.6019331e-01, 6.3097498e-01 
7385, 1.0000000e+00, 7.2887271e-01, 6.1689050e-01 
7386, 0.0000000e+00, 7.2887271e-01, 6.1689050e-01 
7387, 0.0000000e+00, 5.2726065e-02, 6.4402186e-01 
7388, 1.0000000e+00, 5.2726065e-02, 6.4402186e-01 
7389, 2.6905505e-01, 0.0000000e+00, 5.1551132e-01 
7390, 2.6905505e-01, 1.0000000e+00, 5.1551132e-01 
7391, 3.0236629e-01, 0.0000000e+00, 4.7563667e-01 
7392, 3.0236629e-01, 1.0000000e+00, 4.7563667e-01 
7393, 8.4908029e-01, 3.4475449e-01, 0.0000000e+00 
7394, 8.4908029e-01, 3.4475449e-01, 1.0000000e+00 
7395, 6.9894417e-01, 2.6293624e-01, 0.0000000e+00 
7396, 6.9894417e-01, 2.6293624e-01, 1.0000000e+00 
7397, 0.0000000e+00, 3.8743189e-01, 7.1294375e-01 
7398, 1.0000000e+00, 3.8743189e-01, 7.1294375e-01 
7399, 0.0000000e+00, 2.1200433e-01, 6.0036387e-01 
7400, 1.0000000e+00, 2.1200433e-01, 6.0036387e-01 
7401, 1.0000000e+00, 8.9768508e-01, 2.1854679e-01 
7402, 0.0000000e+00, 8.9768508e-01, 2.1854679e-01 
7403, 7.3670204e-01, 1.0000000e+00, 1.9745225e-01 
7404, 7.3670204e-01, 0.0000000e+00, 1.9745225e-01 
7405, 4.0530999e-01, 1.4367026e-01, 1.0000000e+00 
7406, 4.0530999e-01, 1.4367026e-01, 0.0000000e+00 
7407, 2.2352220e-01, 6.7807776e-02, 1.0000000e+00 
7408, 2.2352220e-01, 6.7807776e-02, 0.0000000e+00 
7409, 5.7316203e-01, 1.2631707e-01, 1.0000000e+00 
7410, 5.7316203e-01, 1.2631707e-01, 0.0000000e+00 
7411, 0.0000000e+00, 6.9662032e-01, 4.5608451e-01 
7412, 1.0000000e+00, 6.9662032e-01, 4.5608451e-01 
7413, 1.0000000e+00, 9.9910960e-01, 6.4569274e-01 
7414, 2.7648947e-04, 0.0000000e+00, 6.4491797e-01 
7415, 1.0000000e+00, 7.5296128e-01, 8.0772222e-01 
7416, 0.0000000e+00, 7.5296128e-01, 8.0772222e-01 
7417, 7.8696452e-01, 1.0000000e+00, 7.4842008e-01 
7418, 7.8696452e-01, 0.0000000e+00, 7.4842008e-01 
7419, 7.3344394e-01, 1.0000000e+00, 8.8490304e-01 
7420, 6.9558031e-01, 7.8589393e-02, 0.0000000e+00 
7421, 1.0000000e+00, 8.6918709e-01, 9.2944714e-01 
7422, 0.0000000e+00, 8.6918709e-01, 9.2944714e-01 
7423, 1.0000000e+00, 2.4376314e-01, 4.9983970e-01 
7424, 0.0000000e+00, 2.4376314e-01, 4.9983970e-01 
7425, 4.5261440e-02, 1.1907884e-01, 0.0000000e+00 
7426, 4.5261440e-02, 1.1907884e-01, 1.0000000e+00 
7427, 0.0000000e+00, 1.4942879e-01, 7.7274614e-02 
7428, 1.0000000e+00, 1.4942879e-01, 7.7274614e-02 
7429, 0.0000000e+00, 1.5703612e-01, 5.9594635e-02 
7430, 9.7170992e-01, 2.6254340e-01, 1.0000000e+00 
7431, 9.6261617e-01, 8.7494401e-01, 1.0000000e+00 
7432, 9.6261617e-01, 8.7494401e-01, 0.0000000e+00 
7433, 3.2143568e-01, 3.2442240e-01, 1.0000000e+00 
7434, 3.2143568e-01, 3.2442240e-01, 0.0000000e+00 
7435, 4.4618430e-01, 1.0000000e+00, 7.7259565e-02 
7436, 4.4618430e-01, 0.0000000e+00, 7.7259565e-02 
7437, 0.0000000e+00, 6.7872851e-02, 1.0159412e-01 
7438, 9.2320597e-01, 1.0000000e+00, 4.8403637e-02 
7439, 1.1116854e-01, 1.3468949e-01, 0.0000000e+00 
7440, 1.1116854e-01, 1.3468949e-01, 1.0000000e+00 
7441, 1.9747352e-01, 0.0000000e+00, 3.0838207e-02 
7442, 1.8053579e-01, 9.2625743e-01, 1.0000000e+00 
7443, 2.2588753e-01, 1.5302996e-01, 0.0000000e+00 
7444, 2.2588753e-01, 1.5302996e-01, 1.0000000e+00 
7445, 0.0000000e+00, 3.8563107e-01, 6.1905600e-01 
7446, 1.0000000e+00, 3.8563107e-01, 6.1905600e-01 
7447, 9.7101888e-01, 1.0000000e+00, 4.5997009e-01 
7448, 9.7101888e-01, 0.0000000e+00, 4.5997009e-01 
7449, 1.0000000e+00, 9.8893686e-01, 4.6759987e-01 
7450, 1.0302294e-01, 0.0000000e+00, 4.3010738e-01 
7451, 9.6586271e-01, 1.0000000e+00, 5.0673532e-01 
7452, 9.6586271e-01, 0.0000000e+00, 5.0673532e-01 
7453, 0.0000000e+00, 5.4298784e-01, 3.8941744e-01 
7454, 1.0000000e+00, 5.4298784e-01, 3.8941744e-01 
7455, 0.0000000e+00, 4.9940262e-01, 1.3216851e-01 
7456, 1.0000000e+00, 4.9940262e-01, 1.3216851e-01 
7457, 8.0872200e-01, 4.4049004e-01, 0.0000000e+00 
7458, 8.0872200e-01, 4.4049004e-01, 1.0000000e+00 
7459, 0.0000000e+00, 5.0740086e-01, 7.0860909e-01 
7460, 1.0000000e+00, 5.0740086e-01, 7.0860909e-01 
7461, 0.0000000e+00, 5.0382862e-01, 5.8986179e-01 
7462, 1.0000000e+00, 5.0382862e-01, 5.8986179e-01 
7463, 2.8010814e-01, 1.0000000e+00, 3.8767157e-01 
7464, 2.8010814e-01, 0.0000000e+00, 3.8767157e-01 
7465, 3.3217695e-01, 1.0000000e+00, 3.7235190e-01 
7466, 3.3217695e-01, 0.0000000e+00, 3.7235190e-01 
7467, 2.8521102e-01, 1.0000000e+00, 3.7923207e-01 
7468, 2.8521102e-01, 0.0000000e+00, 3.7923207e-01 
7469, 0.0000000e+00, 8.6010259e-01, 6.9097468e-01 
7470, 1.0000000e+00, 8.6010259e-01, 6.9097468e-01 
7471, 7.0558815e-01, 1.0000000e+00, 4.5536879e-01 
7472, 7.0558815e-01, 0.0000000e+00, 4.5536879e-01 
7473, 4.1942026e-01, 6.1135559e-01, 0.0000000e+00 
7474, 4.1942026e-01, 6.1135559e-01, 1.0000000e+00 
7475, 3.8255672e-01, 5.0200367e-01, 0.0000000e+00 
7476, 3.8255672e-01, 5.0200367e-01, 1.0000000e+00 
7477, 1.3878085e-02, 6.4239293e-02, 1.0000000e+00 
7478, 1.3878085e-02, 6.4239293e-02, 0.0000000e+00 
7479, 0.0000000e+00, 1.7549078e-01, 7.0882503e-01 
7480, 1.0000000e+00, 1.7549078e-01, 7.0882503e-01 
7481, 3.7095033e-01, 1.0000000e+00, 4.3619733e-01 
7482, 3.7095033e-01, 0.0000000e+00, 4.3619733e-01 
7483, 5.2319366e-01, 1.0000000e+00, 3.8349483e-01 
7484, 5.2319366e-01, 0.0000000e+00, 3.8349483e-01 
7485, 1.0000000e+00, 5.3521605e-01, 5.8495132e-01 
7486, 0.0000000e+00, 5.3521605e-01, 5.8495132e-01 
7487, 1.0000000e+00, 5.2526162e-01, 5.2147223e-01 
7488, 0.0000000e+00, 5.2526162e-01, 5.2147223e-01 
7489, 5.5139016e-01, 7.6333046e-01, 0.0000000e+00 
7490, 5.5139016e-01, 7.6333046e-01, 1.0000000e+00 
7491, 1.9024014e-01, 2.6315589e-01, 6.9388939e-18 
7492, 1.9024014e-01, 2.6315589e-01, 1.0000000e+00 
7493, 0.0000000e+00, 4.2978262e-01, 7.3212415e-02 
7494, 1.0000000e+00, 4.2978262e-01, 7.3212415e-02 
7495, 6.3188392e-01, 0.0000000e+00, 3.8026423e-01 
7496, 6.3188392e-01, 1.0000000e+00, 3.8026423e-01 
7497, 5.9497308e-01, 0.0000000e+00, 4.0782909e-01 
7498, 5.9497308e-01, 1.0000000e+00, 4.0782909e-01 
7499, 3.0973250e-01, 3.5187511e-01, 1.0000000e+00 
7500, 3.0973250e-01, 3.5187511e-01, 0.0000000e+00 
7501, 2.1795112e-01, 5.4848299e-01, 1.0000000e+00 
7502, 2.1795112e-01, 5.4848299e-01, 0.0000000e+00 
7503, 4.7426692e-02, 0.0000000e+00, 6.7298241e-01 
7504, 1.0000000e+00, 9.8856208e-01, 6.1127784e-01 
7505, 0.0000000e+00, 3.6938004e-02, 7.0585119e-01 
7506, 1.0000000e+00, 3.6938004e-02, 7.0585119e-01 
7507, 9.1922457e-01, 2.1148628e-01, 0.0000000e+00 
7508, 9.1922457e-01, 2.1148628e-01, 1.0000000e+00 
7509, 6.4435790e-01, 5.7088868e-01, 1.0000000e+00 
7510, 6.4435790e-01, 5.7088868e-01, 0.0000000e+00 
7511, 0.0000000e+00, 8.0713890e-01, 3.2503168e-01 
7512, 1.0000000e+00, 8.0713890e-01, 3.2503168e-01 
7513, 0.0000000e+00, 9.3373566e-01, 1.1133553e-01 
7514, 1.0000000e+00, 9.3373566e-01, 1.1133553e-01 
7515, 4.2381017e-01, 0.0000000e+00, 3.1174752e-01 
7516, 4.2381017e-01, 1.0000000e+00, 3.1174752e-01 
7517, 5.8629661e-01, 0.0000000e+00, 3.7099526e-01 
7518, 5.8629661e-01, 1.0000000e+00, 3.7099526e-01 
7519, 1.0000000e+00, 9.0117629e-01, 4.4923907e-01 
7520, 0.0000000e+00, 9.0117629e-01, 4.4923907e-01 
7521, 1.0000000e+00, 9.1403012e-01, 4.5859002e-01 
7522, 6.4659504e-02, 0.0000000e+00, 4.8689658e-01 
7523, 1.0000000e+00, 8.8450936e-01, 4.8358253e-01 
7524, 0.0000000e+00, 8.8450936e-01, 4.8358253e-01 
7525, 3.9551956e-01, 1.0000000e+00, 1.0032159e-02 
7526, 4.0024710e-01, 1.8950253e-02, 1.0000000e+00 
7527, 1.0000000e+00, 1.2712315e-02, 1.3354607e-01 
7528, 0.0000000e+00, 1.2712315e-02, 1.3354607e-01 
7529, 4.4531846e-01, 1.1039654e-01, 1.0000000e+00 
7530, 4.4531846e-01, 1.1039654e-01, 0.0000000e+00 
7531, 7.8421924e-01, 4.0291535e-01, 0.0000000e+00 
7532, 7.8421924e-01, 4.0291535e-01, 1.0000000e+00 
7533, 0.0000000e+00, 8.1964635e-01, 7.4249531e-01 
7534, 1.0000000e+00, 8.1964635e-01, 7.4249531e-01 
7535, 7.6754447e-01, 0.0000000e+00, 4.9228107e-01 
7536, 7.6754447e-01, 1.0000000e+00, 4.9228107e-01 
7537, 7.6173585e-01, 0.0000000e+00, 4.0445092e-01 
7538, 7.6173585e-01, 1.0000000e+00, 4.0445092e-01 
7539, 1.0000000e+00, 8.8175276e-01, 3.5790169e-01 
7540, 0.0000000e+00, 8.8175276e-01, 3.5790169e-01 
7541, 8.7114004e-01, 1.0000000e+00, 3.6340076e-01 
7542, 8.7114004e-01, 0.0000000e+00, 3.6340076e-01 
7543, 0.0000000e+00, 2.9565667e-01, 4.9792725e-01 
7544, 1.0000000e+00, 2.9565667e-01, 4.9792725e-01 
7545, 0.0000000e+00, 2.1350660e-01, 4.0107203e-01 
7546, 1.0000000e+00, 2.1350660e-01, 4.0107203e-01 
7547, 0.0000000e+00, 3.9895795e-01, 2.5595171e-01 
7548, 1.0000000e+00, 3.9895795e-01, 2.5595171e-01 
7549, 4.3463402e-01, 1.0000000e+00, 7.2070906e-01 
7550, 4.3463402e-01, 0.0000000e+00, 7.2070906e-01 
7551, 1.3807915e-01, 6.1824571e-01, 0.0000000e+00 
7552, 1.3807915e-01, 6.1824571e-01, 1.0000000e+00 
7553, 1.6925378e-01, 1.0000000e+00, 9.3587202e-01 
7554, 1.6925378e-01, 0.0000000e+00, 9.3587202e-01 
7555, 1.0000000e+00, 3.2231972e-01, 4.2316136e-01 
7556, 0.0000000e+00, 3.2231972e-01, 4.2316136e-01 
7557, 1.0000000e+00, 4.9236592e-01, 5.0635566e-01 
7558, 0.0000000e+00, 4.9236592e-01, 5.0635566e-01 
7559, 9.2178072e-01, 3.0375157e-01, 0.0000000e+00 
7560, 9.2178072e-01, 3.0375157e-01, 1.0000000e+00 
7561, 0.0000000e+00, 8.1402569e-01, 8.2403875e-01 
7562, 1.0000000e+00, 8.1402569e-01, 8.2403875e-01 
7563, 0.0000000e+00, 7.9351257e-01, 8.3703075e-01 
7564, 1.0000000e+00, 7.9351257e-01, 8.3703075e-01 
7565, 4.0924894e-01, 1.0000000e+00, 4.5338374e-02 
7566, 4.0924894e-01, 0.0000000e+00, 4.5338374e-02 
7567, 5.0375580e-01, 9.0254194e-01, 0.0000000e+00 
7568, 5.0375580e-01, 9.0254194e-01, 1.0000000e+00 
7569, 6.4005166e-01, 1.0000000e+00, 2.0230649e-01 
7570, 6.4005166e-01, 0.0000000e+00, 2.0230649e-01 
7571, 1.0000000e+00, 3.1142948e-01, 7.1913314e-01 
7572, 0.0000000e+00, 3.1142948e-01, 7.1913314e-01 
7573, 1.0000000e+00, 3.1904481e-01, 6.1550174e-01 
7574, 0.0000000e+00, 3.1904481e-01, 6.1550174e-01 
7575, 3.5713444e-01, 6.8364943e-01, 0.0000000e+00 
7576, 3.5713444e-01, 6.8364943e-01, 1.0000000e+00 
7577, 1.0000000e+00, 6.6259277e-01, 1.4244696e-01 
7578, 0.0000000e+00, 6.6259277e-01, 1.4244696e-01 
7579, 1.0000000e+00, 2.1780471e-01, 6.8830365e-01 
7580, 0.0000000e+00, 2.1780471e-01, 6.8830365e-01 
7581, 7.9230937e-01, 3.3662322e-01, 1.0000000e+00 
7582, 7.9230937e-01, 3.3662322e-01, 0.0000000e+00 
7583, 5.8207910e-01, 0.0000000e+00, 7.5941361e-02 
7584, 5.8207910e-01, 1.0000000e+00, 7.5941361e-02 
7585, 7.1316110e-01, 0.0000000e+00, 1.2470446e-01 
7586, 7.1316110e-01, 1.0000000e+00, 1.2470446e-01 
7587, 2.0211196e-01, 0.0000000e+00, 5.7201221e-01 
7588, 2.0211196e-01, 1.0000000e+00, 5.7201221e-01 
7589, 2.6569043e-01, 0.0000000e+00, 5.8616558e-01 
7590, 2.6569043e-01, 1.0000000e+00, 5.8616558e-01 
7591, 4.6445001e-01, 4.3272421e-01, 1.0000000e+00 
7592, 4.6445001e-01, 4.3272421e-01, 0.0000000e+00 
7593, 3.9146540e-01, 0.0000000e+00, 5.6599018e-01 
7594, 3.9146540e-01, 1.0000000e+00, 5.6599018e-01 
7595, 4.3523890e-01, 0.0000000e+00, 6.7998729e-01 
7596, 4.3523890e-01, 1.0000000e+00, 6.7998729e-01 
7597, 1.0000000e+00, 9.6928568e-01, 6.7314037e-01 
7598, 0.0000000e+00, 9.6928568e-01, 6.7314037e-01 
7599, 9.8759751e-01, 1.0000000e+00, 7.6781006e-01 
7600, 0.0000000e+00, 5.9032629e-03, 7.8544426e-01 
7601, 1.0000000e+00, 9.7195552e-01, 6.0895995e-01 
7602, 0.0000000e+00, 9.7195552e-01, 6.0895995e-01 
7603, 1.0000000e+00, 5.3673115e-01, 8.0788885e-01 
7604, 0.0000000e+00, 5.3673115e-01, 8.0788885e-01 
7605, 1.0000000e+00, 3.2928205e-01, 5.3157831e-01 
7606, 0.0000000e+00, 3.2928205e-01, 5.3157831e-01 
7607, 8.1505413e-01, 3.5178377e-01, 0.0000000e+00 
7608, 8.1505413e-01, 3.5178377e-01, 1.0000000e+00 
7609, 1.0000000e+00, 5.5826176e-01, 1.9781818e-01 
7610, 0.0000000e+00, 5.5826176e-01, 1.9781818e-01 
7611, 1.0000000e+00, 3.4843632e-01, 2.7946741e-01 
7612, 0.0000000e+00, 3.4843632e-01, 2.7946741e-01 
7613, 1.0000000e+00, 3.5848346e-01, 2.8482430e-01 
7614, 0.0000000e+00, 3.5848346e-01, 2.8482430e-01 
7615, 2.8024666e-01, 0.0000000e+00, 2.7110038e-01 
7616, 2.8024666e-01, 1.0000000e+00, 2.7110038e-01 
7617, 3.7236517e-01, 6.6898867e-01, 0.0000000e+00 
7618, 3.7236517e-01, 6.6898867e-01, 1.0000000e+00 
7619, 5.0550844e-01, 5.4093049e-01, 0.0000000e+00 
7620, 5.0550844e-01, 5.4093049e-01, 1.0000000e+00 
7621, 1.9522229e-01, 1.0000000e+00, 9.5068372e-01 
7622, 1.9522229e-01, 0.0000000e+00, 9.5068372e-01 
7623, 8.2652043e-03, 1.0000000e+00, 1.7277148e-01 
7624, 1.0000000e+00, 1.6396871e-02, 1.7540313e-01 
7625, 1.4529103e-02, 1.0000000e+00, 1.5941597e-01 
7626, 1.0000000e+00, 3.2787763e-02, 1.6041768e-01 
7627, 0.0000000e+00, 6.2009145e-01, 4.6748429e-01 
7628, 1.0000000e+00, 6.2009145e-01, 4.6748429e-01 
7629, 1.0000000e+00, 6.7460382e-02, 6.8458782e-01 
7630, 0.0000000e+00, 6.7460382e-02, 6.8458782e-01 
7631, 8.3970513e-01, 0.0000000e+00, 6.3639556e-01 
7632, 8.3970513e-01, 1.0000000e+00, 6.3639556e-01 
7633, 7.4076203e-01, 0.0000000e+00, 5.7975500e-01 
7634, 7.4076203e-01, 1.0000000e+00, 5.7975500e-01 
7635, 4.4795869e-01, 0.0000000e+00, 5.9543780e-01 
7636, 4.4795869e-01, 1.0000000e+00, 5.9543780e-01 
7637, 5.2297057e-01, 2.1310388e-01, 1.0000000e+00 
7638, 5.2297057e-01, 2.1310388e-01, 0.0000000e+00 
7639, 4.9564179e-01, 0.0000000e+00, 8.5392193e-01 
7640, 4.9564179e-01, 1.0000000e+00, 8.5392193e-01 
7641, 1.0000000e+00, 6.3110700e-01, 8.4987785e-01 
7642, 0.0000000e+00, 6.3110700e-01, 8.4987785e-01 
7643, 9.3982907e-01, 8.2787561e-01, 1.0000000e+00 
7644, 9.3982907e-01, 8.2787561e-01, 0.0000000e+00 
7645, 1.0000000e+00, 2.6103767e-01, 2.6764482e-01 
7646, 0.0000000e+00, 2.6103767e-01, 2.6764482e-01 
7647, 4.4118552e-01, 3.7918118e-01, 1.0000000e+00 
7648, 4.4118552e-01, 3.7918118e-01, 0.0000000e+00 
7649, 0.0000000e+00, 4.6323952e-01, 7.1007846e-01 
7650, 1.0000000e+00, 4.6323952e-01, 7.1007846e-01 
7651, 4.4100456e-01, 0.0000000e+00, 6.3895292e-01 
7652, 4.4100456e-01, 1.0000000e+00, 6.3895292e-01 
7653, 1.0000000e+00, 2.9816744e-01, 2.4146097e-01 
7654, 0.0000000e+00, 2.9816744e-01, 2.4146097e-01 
7655, 1.0000000e+00, 9.9638874e-02, 3.1604087e-01 
7656, 0.0000000e+00, 9.9638874e-02, 3.1604087e-01 
7657, 1.0000000e+00, 4.2860173e-01, 9.1518180e-01 
7658, 0.0000000e+00, 4.2860173e-01, 9.1518180e-01 
7659, 9.6790777e-01, 4.3379530e-01, 1.0000000e+00 
7660, 9.6790777e-01, 4.3379530e-01, 0.0000000e+00 
7661, 1.0000000e+00, 4.3188768e-01, 9.1706103e-01 
7662, 0.0000000e+00, 4.3188768e-01, 9.1706103e-01 
7663, 1.0000000e+00, 7.8114603e-01, 2.2209933e-01 
7664, 0.0000000e+00, 7.8114603e-01, 2.2209933e-01 
7665, 8.8334655e-01, 6.9489648e-01, 0.0000000e+00 
7666, 8.8334655e-01, 6.9489648e-01, 1.0000000e+00 
7667, 0.0000000e+00, 4.6521731e-01, 4.2398447e-01 
7668, 1.0000000e+00, 4.6521731e-01, 4.2398447e-01 
7669, 0.0000000e+00, 4.3599243e-01, 3.4362306e-01 
7670, 1.0000000e+00, 4.3599243e-01, 3.4362306e-01 
7671, 6.7036712e-01, 0.0000000e+00, 3.7329530e-01 
7672, 6.7036712e-01, 1.0000000e+00, 3.7329530e-01 
7673, 8.5428424e-01, 0.0000000e+00, 5.3603518e-01 
7674, 8.5428424e-01, 1.0000000e+00, 5.3603518e-01 
7675, 2.1968077e-01, 0.0000000e+00, 1.9574165e-01 
7676, 2.1968077e-01, 1.0000000e+00, 1.9574165e-01 
7677, 2.2375380e-01, 0.0000000e+00, 1.9644706e-01 
7678, 2.2375380e-01, 1.0000000e+00, 1.9644706e-01 
7679, 6.7915056e-01, 5.3394022e-01, 0.0000000e+00 
7680, 6.7915056e-01, 5.3394022e-01, 1.0000000e+00 
7681, 6.6558044e-01, 0.0000000e+00, 9.1259520e-01 
7682, 6.6558044e-01, 1.0000000e+00, 9.1259520e-01 
7683, 5.3340520e-01, 1.1856905e-01, 0.0000000e+00 
7684, 5.3340520e-01, 1.1856905e-01, 1.0000000e+00 
7685, 8.6825889e-01, 0.0000000e+00, 2.8858435e-01 
7686, 8.6825889e-01, 1.0000000e+00, 2.8858435e-01 
7687, 9.0057850e-01, 2.8996281e-01, 1.0000000e+00 
7688, 9.0057850e-01, 2.8996281e-01, 0.0000000e+00 
7689, 9.7302931e-01, 3.0735189e-01, 1.0000000e+00 
7690, 0.0000000e+00, 2.8570094e-01, 2.7104290e-02 
7691, 1.0000000e+00, 2.5528054e-01, 4.2716207e-01 
7692, 0.0000000e+00, 2.5528054e-01, 4.2716207e-01 
7693, 4.0254704e-01, 1.0000000e+00, 8.6596931e-01 
7694, 4.0254704e-01, 0.0000000e+00, 8.6596931e-01 
7695, 5.6325940e-01, 6.8844995e-01, 1.0000000e+00 
7696, 5.6325940e-01, 6.8844995e-01, 0.0000000e+00 
7697, 3.1117779e-01, 5.1670370e-01, 0.0000000e+00 
7698, 3.1117779e-01, 5.1670370e-01, 1.0000000e+00 
7699, 3.2527977e-01, 4.4238904e-01, 0.0000000e+00 
7700, 3.2527977e-01, 4.4238904e-01, 1.0000000e+00 
7701, 9.8506060e-01, 7.1132284e-01, 0.0000000e+00 
7702, 9.8506060e-01, 7.1132284e-01, 1.0000000e+00 
7703, 4.3924573e-05, 0.0000000e+00, 5.6393019e-01 
7704, 1.0000000e+00, 9.9995100e-01, 5.6493360e-01 
7705, 1.4289326e-02, 0.0000000e+00, 2.6655821e-01 
7706, 1.4289326e-02, 1.0000000e+00, 2.6655821e-01 
7707, 0.0000000e+00, 1.4691918e-02, 2.9820866e-01 
7708, 1.0000000e+00, 1.4691918e-02, 2.9820866e-01 
7709, 5.0266804e-01, 1.0000000e+00, 5.5607872e-01 
7710, 5.0266804e-01, 0.0000000e+00, 5.5607872e-01 
7711, 1.0000000e+00, 3.6975457e-01, 8.8416858e-01 
7712, 0.0000000e+00, 3.6975457e-01, 8.8416858e-01 
7713, 8.5508306e-01, 4.4724351e-01, 1.0000000e+00 
7714, 8.5508306e-01, 4.4724351e-01, 0.0000000e+00 
7715, 7.3650252e-01, 1.0000000e+00, 2.7524530e-02 
7716, 7.3650252e-01, 0.0000000e+00, 2.7524530e-02 
7717, 8.2368541e-01, 8.7080771e-01, 0.0000000e+00 
7718, 8.2368541e-01, 8.7080771e-01, 1.0000000e+00 
7719, 1.0000000e+00, 9.5101702e-01, 1.5269453e-01 
7720, 0.0000000e+00, 9.5101702e-01, 1.5269453e-01 
7721, 9.6489551e-01, 1.0000000e+00, 1.1573822e-01 
7722, 9.6489551e-01, 0.0000000e+00, 1.1573822e-01 
7723, 1.0000000e+00, 8.6739853e-01, 2.2770384e-02 
7724, 7.3327367e-03, 8.5869857e-01, 1.0000000e+00 
7725, 8.8888804e-01, 0.0000000e+00, 2.7434547e-01 
7726, 8.8888804e-01, 1.0000000e+00, 2.7434547e-01 
7727, 1.0000000e+00, 1.7990129e-01, 2.0002591e-01 
7728, 0.0000000e+00, 1.7990129e-01, 2.0002591e-01 
7729, 1.0000000e+00, 9.0998118e-02, 6.2665132e-01 
7730, 0.0000000e+00, 9.0998118e-02, 6.2665132e-01 
7731, 3.8544444e-01, 1.0000000e+00, 3.5460554e-01 
7732, 3.8544444e-01, 0.0000000e+00, 3.5460554e-01 
7733, 3.7244590e-01, 1.0000000e+00, 3.2450653e-01 
7734, 3.7244590e-01, 0.0000000e+00, 3.2450653e-01 
7735, 3.9548254e-01, 1.0000000e+00, 3.1897025e-01 
7736, 3.9548254e-01, 0.0000000e+00, 3.1897025e-01 
7737, 5.2455467e-01, 5.1736356e-01, 0.0000000e+00 
7738, 5.2455467e-01, 5.1736356e-01, 1.0000000e+00 
7739, 5.2548706e-01, 5.3786790e-01, 0.0000000e+00 
7740, 5.2548706e-01, 5.3786790e-01, 1.0000000e+00 
7741, 6.1262952e-01, 1.0000000e+00, 4.2443898e-01 
7742, 6.1262952e-01, 0.0000000e+00, 4.2443898e-01 
7743, 1.9088000e-01, 5.2055625e-01, 1.0000000e+00 
7744, 1.9088000e-01, 5.2055625e-01, 0.0000000e+00 
7745, 1.0646733e-01, 5.1618723e-01, 1.0000000e+00 
7746, 1.0646733e-01, 5.1618723e-01, 0.0000000e+00 
7747, 1.0000000e+00, 6.4918630e-01, 3.5625875e-01 
7748, 0.0000000e+00, 6.4918630e-01, 3.5625875e-01 
7749, 9.8501014e-01, 4.9158168e-01, 0.0000000e+00 
7750, 0.0000000e+00, 4.7781012e-01, 9.8360863e-01 
7751, 7.9402294e-01, 6.0775259e-01, 0.0000000e+00 
7752, 7.9402294e-01, 6.0775259e-01, 1.0000000e+00 
7753, 1.0000000e+00, 5.4768598e-01, 4.1337975e-02 
7754, 7.9515360e-02, 5.2984204e-01, 1.0000000e+00 
7755, 1.0000000e+00, 2.2028434e-01, 4.2528507e-01 
7756, 0.0000000e+00, 2.2028434e-01, 4.2528507e-01 
7757, 1.0000000e+00, 2.2854291e-01, 4.0492602e-01 
7758, 0.0000000e+00, 2.2854291e-01, 4.0492602e-01 
7759, 1.0000000e+00, 2.5192664e-01, 5.0984517e-01 
7760, 0.0000000e+00, 2.5192664e-01, 5.0984517e-01 
7761, 9.1745867e-01, 1.0000000e+00, 2.9978134e-01 
7762, 9.1745867e-01, 0.0000000e+00, 2.9978134e-01 
7763, 1.0000000e+00, 8.4207263e-01, 4.1208435e-01 
7764, 0.0000000e+00, 8.4207263e-01, 4.1208435e-01 
7765, 1.0000000e+00, 9.6387140e-01, 2.6799558e-01 
7766, 0.0000000e+00, 9.6387140e-01, 2.6799558e-01 
7767, 1.0000000e+00, 9.5143373e-01, 3.1063786e-01 
7768, 0.0000000e+00, 9.5143373e-01, 3.1063786e-01 
7769, 3.7213462e-01, 1.0000000e+00, 9.4788317e-01 
7770, 3.7213462e-01, 0.0000000e+00, 9.4788317e-01 
7771, 8.0869092e-03, 2.6873292e-01, 0.0000000e+00 
7772, 8.0869092e-03, 2.6873292e-01, 1.0000000e+00 
7773, 0.0000000e+00, 2.0879618e-01, 1.2468498e-01 
7774, 8.9112222e-01, 1.0000000e+00, 1.1439481e-01 
7775, 0.0000000e+00, 2.1216012e-01, 1.3321089e-01 
7776, 1.0000000e+00, 2.1216012e-01, 1.3321089e-01 
7777, 1.8755543e-01, 4.0556681e-01, 1.0000000e+00 
7778, 1.8755543e-01, 4.0556681e-01, 0.0000000e+00 
7779, 2.0199154e-01, 5.6617766e-01, 1.0000000e+00 
7780, 2.0199154e-01, 5.6617766e-01, 0.0000000e+00 
7781, 8.1850681e-01, 4.5646067e-01, 1.0000000e+00 
7782, 8.1850681e-01, 4.5646067e-01, 0.0000000e+00 
7783, 6.5983221e-01, 1.7171845e-01, 1.0000000e+00 
7784, 6.5983221e-01, 1.7171845e-01, 0.0000000e+00 
7785, 6.8528172e-01, 1.0000000e+00, 5.1034438e-01 
7786, 6.8528172e-01, 0.0000000e+00, 5.1034438e-01 
7787, 6.8578041e-01, 1.0000000e+00, 5.1216615e-01 
7788, 6.8578041e-01, 0.0000000e+00, 5.1216615e-01 
7789, 4.0830338e-01, 7.1680697e-01, 0.0000000e+00 
7790, 4.0830338e-01, 7.1680697e-01, 1.0000000e+00 
7791, 1.8038498e-01, 0.0000000e+00, 3.4458629e-01 
7792, 1.8038498e-01, 1.0000000e+00, 3.4458629e-01 
7793, 8.8389528e-02, 1.0000000e+00, 3.7326713e-01 
7794, 8.8389528e-02, 0.0000000e+00, 3.7326713e-01 
7795, 0.0000000e+00, 7.6534631e-01, 5.0369757e-02 
7796, 1.0000000e+00, 7.6534631e-01, 5.0369757e-02 
7797, 0.0000000e+00, 1.2647083e-01, 7.5725307e-01 
7798, 1.0000000e+00, 1.2647083e-01, 7.5725307e-01 
7799, 0.0000000e+00, 2.1739657e-01, 6.3447999e-01 
7800, 1.0000000e+00, 2.1739657e-01, 6.3447999e-01 
7801, 0.0000000e+00, 1.2248610e-01, 7.2993555e-01 
7802, 1.0000000e+00, 1.2248610e-01, 7.2993555e-01 
7803, 2.2490772e-01, 9.5270555e-02, 1.0000000e+00 
7804, 2.2490772e-01, 9.5270555e-02, 0.0000000e+00 
7805, 4.2134360e-01, 5.1393539e-01, 0.0000000e+00 
7806, 4.2134360e-01, 5.1393539e-01, 1.0000000e+00 
7807, 1.0000000e+00, 7.2095402e-01, 5.2695085e-01 
7808, 0.0000000e+00, 7.2095402e-01, 5.2695085e-01 
7809, 1.0000000e+00, 6.7335331e-01, 4.6392778e-01 
7810, 0.0000000e+00, 6.7335331e-01, 4.6392778e-01 
7811, 7.5961555e-02, 2.9369789e-03, 0.0000000e+00 
7812, 7.5961555e-02, 2.9369789e-03, 1.0000000e+00 
7813, 2.9336822e-02, 0.0000000e+00, 9.6199835e-02 
7814, 1.2450678e-01, 9.2925591e-01, 1.0000000e+00 
7815, 3.2913071e-01, 0.0000000e+00, 2.8460522e-01 
7816, 3.2913071e-01, 1.0000000e+00, 2.8460522e-01 
7817, 5.8414446e-01, 4.3736692e-01, 1.0000000e+00 
7818, 5.8414446e-01, 4.3736692e-01, 0.0000000e+00 
7819, 5.9185753e-01, 5.4516935e-01, 1.0000000e+00 
7820, 5.9185753e-01, 5.4516935e-01, 0.0000000e+00 
7821, 7.3255480e-01, 4.2118900e-01, 1.0000000e+00 
7822, 7.3255480e-01, 4.2118900e-01, 0.0000000e+00 
7823, 6.4618780e-01, 5.1209418e-01, 1.0000000e+00 
7824, 6.4618780e-01, 5.1209418e-01, 0.0000000e+00 
7825, 7.2368838e-01, 3.7746513e-01, 1.0000000e+00 
7826, 7.2368838e-01, 3.7746513e-01, 0.0000000e+00 
7827, 1.0000000e+00, 5.4210119e-01, 4.1354897e-01 
7828, 0.0000000e+00, 5.4210119e-01, 4.1354897e-01 
7829, 2.7002800e-01, 1.0000000e+00, 4.6714301e-01 
7830, 2.7002800e-01, 0.0000000e+00, 4.6714301e-01 
7831, 7.4040470e-02, 2.9497549e-01, 1.0000000e+00 
7832, 7.4040470e-02, 2.9497549e-01, 0.0000000e+00 
7833, 0.0000000e+00, 3.4355317e-01, 8.9031988e-01 
7834, 1.0000000e+00, 3.4355317e-01, 8.9031988e-01 
7835, 1.0000000e+00, 4.2030854e-01, 4.6136554e-01 
7836, 0.0000000e+00, 4.2030854e-01, 4.6136554e-01 
7837, 7.4405765e-01, 3.9201493e-02, 0.0000000e+00 
7838, 6.9653933e-01, 1.0000000e+00, 9.5058148e-01 
7839, 8.1135864e-01, 1.3161280e-02, 0.0000000e+00 
7840, 8.0755895e-01, 1.0000000e+00, 9.8744403e-01 
7841, 7.5354397e-01, 0.0000000e+00, 2.2884943e-01 
7842, 7.5354397e-01, 1.0000000e+00, 2.2884943e-01 
7843, 1.0000000e+00, 2.4071365e-01, 9.8042630e-02 
7844, 0.0000000e+00, 2.4071365e-01, 9.8042630e-02 
7845, 4.3102690e-01, 0.0000000e+00, 3.0965020e-01 
7846, 4.3102690e-01, 1.0000000e+00, 3.0965020e-01 
7847, 3.5739896e-01, 0.0000000e+00, 1.4050074e-01 
7848, 3.5739896e-01, 1.0000000e+00, 1.4050074e-01 
7849, 6.5061195e-01, 7.1430925e-01, 1.0000000e+00 
7850, 6.5061195e-01, 7.1430925e-01, 0.0000000e+00 
7851, 6.4484985e-01, 7.0888926e-01, 1.0000000e+00 
7852, 6.4484985e-01, 7.0888926e-01, 0.0000000e+00 
7853, 7.5746871e-01, 1.0000000e+00, 5.9000019e-01 
7854, 7.5746871e-01, 0.0000000e+00, 5.9000019e-01 
7855, 1.0000000e+00, 7.5937971e-01, 5.0401076e-02 
7856, 4.6701301e-02, 7.3667845e-01, 1.0000000e+00 
7857, 8.3009306e-01, 1.0000000e+00, 2.5366846e-01 
7858, 8.3009306e-01, 0.0000000e+00, 2.5366846e-01 
7859, 6.3592763e-01, 0.0000000e+00, 8.0510474e-01 
7860, 6.3592763e-01, 1.0000000e+00, 8.0510474e-01 
7861, 4.5311442e-01, 0.0000000e+00, 6.4577329e-01 
7862, 4.5311442e-01, 1.0000000e+00, 6.4577329e-01 
7863, 0.0000000e+00, 1.7770026e-01, 4.5269231e-01 
7864, 1.0000000e+00, 1.7770026e-01, 4.5269231e-01 
7865, 1.2625787e-01, 0.0000000e+00, 6.2232681e-01 
7866, 1.2625787e-01, 1.0000000e+00, 6.2232681e-01 
7867, 0.0000000e+00, 6.6460007e-02, 1.8572686e-01 
7868, 1.0000000e+00, 6.6460007e-02, 1.8572686e-01 
7869, 2.4930117e-01, 0.0000000e+00, 2.5174607e-01 
7870, 2.4930117e-01, 1.0000000e+00, 2.5174607e-01 
7871, 1.5934209e-01, 0.0000000e+00, 2.9042919e-01 
7872, 1.5934209e-01, 1.0000000e+00, 2.9042919e-01 
7873, 3.0890964e-01, 2.2197411e-02, 1.0000000e+00 
7874, 3.0890964e-01, 2.2197411e-02, 0.0000000e+00 
7875, 2.6039571e-01, 1.0330907e-01, 1.0000000e+00 
7876, 2.6039571e-01, 1.0330907e-01, 0.0000000e+00 
7877, 1.8998890e-01, 3.6032639e-02, 1.0000000e+00 
7878, 1.8998890e-01, 3.6032639e-02, 0.0000000e+00 
7879, 9.6756870e-01, 5.2015949e-01, 0.0000000e+00 
7880, 0.0000000e+00, 5.1414191e-01, 9.9481702e-01 
7881, 5.8824874e-01, 5.7242148e-01, 0.0000000e+00 
7882, 5.8824874e-01, 5.7242148e-01, 1.0000000e+00 
7883, 7.4589796e-01, 1.0000000e+00, 9.4295259e-01 
7884, 7.4589796e-01, 0.0000000e+00, 9.4295259e-01 
7885, 6.2139463e-01, 1.3802537e-01, 1.0000000e+00 
7886, 6.2139463e-01, 1.3802537e-01, 0.0000000e+00 
7887, 1.0000000e+00, 7.8048002e-01, 7.3179796e-01 
7888, 0.0000000e+00, 7.8048002e-01, 7.3179796e-01 
7889, 1.0000000e+00, 8.0819716e-01, 6.2034289e-01 
7890, 0.0000000e+00, 8.0819716e-01, 6.2034289e-01 
7891, 3.0204706e-01, 3.0074628e-01, 0.0000000e+00 
7892, 3.0204706e-01, 3.0074628e-01, 1.0000000e+00 
7893, 1.0000000e+00, 7.5950888e-01, 6.7145964e-01 
7894, 0.0000000e+00, 7.5950888e-01, 6.7145964e-01 
7895, 2.4484149e-01, 5.0786143e-01, 1.0000000e+00 
7896, 2.4484149e-01, 5.0786143e-01, 0.0000000e+00 
7897, 3.3463161e-01, 5.3658658e-01, 1.0000000e+00 
7898, 3.3463161e-01, 5.3658658e-01, 0.0000000e+00 
7899, 8.6811458e-01, 1.0000000e+00, 4.6204336e-01 
7900, 8.6811458e-01, 0.0000000e+00, 4.6204336e-01 
7901, 1.0000000e+00, 9.6579096e-01, 2.2155501e-01 
7902, 0.0000000e+00, 9.6579096e-01, 2.2155501e-01 
7903, 1.0000000e+00, 8.6808366e-01, 4.1853048e-01 
7904, 0.0000000e+00, 8.6808366e-01, 4.1853048e-01 
7905, 0.0000000e+00, 2.1761881e-01, 9.6162241e-01 
7906, 1.0000000e+00, 2.1761881e-01, 9.6162241e-01 
7907, 0.0000000e+00, 9.4974625e-02, 9.3929485e-01 
7908, 1.0000000e+00, 9.4974625e-02, 9.3929485e-01 
7909, 0.0000000e+00, 1.1143426e-01, 8.3586026e-01 
7910, 1.0000000e+00, 1.1143426e-01, 8.3586026e-01 
7911, 1.1684672e-01, 1.4707952e-01, 1.0000000e+00 
7912, 1.1684672e-01, 1.4707952e-01, 0.0000000e+00 
7913, 1.0000000e+00, 2.8419939e-01, 3.3552896e-01 
7914, 0.0000000e+00, 2.8419939e-01, 3.3552896e-01 
7915, 1.0000000e+00, 5.7030216e-01, 4.7760024e-01 
7916, 0.0000000e+00, 5.7030216e-01, 4.7760024e-01 
7917, 1.0000000e+00, 7.1220409e-01, 6.2633108e-01 
7918, 0.0000000e+00, 7.1220409e-01, 6.2633108e-01 
7919, 1.0000000e+00, 5.3836477e-01, 4.9905346e-01 
7920, 0.0000000e+00, 5.3836477e-01, 4.9905346e-01 
7921, 0.0000000e+00, 8.4698081e-02, 9.0095109e-02 
7922, 9.2594270e-01, 1.0000000e+00, 7.9519513e-02 
7923, 0.0000000e+00, 1.6791107e-01, 1.3724387e-01 
7924, 1.0000000e+00, 1.6791107e-01, 1.3724387e-01 
7925, 7.4948428e-01, 8.0601083e-01, 1.0000000e+00 
7926, 7.4948428e-01, 8.0601083e-01, 0.0000000e+00 
7927, 7.1886341e-01, 1.0000000e+00, 1.7261376e-01 
7928, 7.1886341e-01, 0.0000000e+00, 1.7261376e-01 
7929, 1.0000000e+00, 1.5476961e-01, 4.9876852e-01 
7930, 0.0000000e+00, 1.5476961e-01, 4.9876852e-01 
7931, 1.0000000e+00, 1.5033418e-01, 5.1039338e-01 
7932, 0.0000000e+00, 1.5033418e-01, 5.1039338e-01 
7933, 3.7411965e-01, 1.0000000e+00, 8.0626979e-01 
7934, 3.7411965e-01, 0.0000000e+00, 8.0626979e-01 
7935, 0.0000000e+00, 5.8017773e-01, 2.6621195e-01 
7936, 1.0000000e+00, 5.8017773e-01, 2.6621195e-01 
7937, 3.6531351e-01, 1.0000000e+00, 8.8612592e-01 
7938, 3.6531351e-01, 0.0000000e+00, 8.8612592e-01 
7939, 0.0000000e+00, 5.0839396e-01, 2.6371684e-01 
7940, 1.0000000e+00, 5.0839396e-01, 2.6371684e-01 
7941, 3.1964944e-01, 6.5059850e-01, 1.0000000e+00 
7942, 3.1964944e-01, 6.5059850e-01, 0.0000000e+00 
7943, 5.4691794e-01, 1.0000000e+00, 1.4864808e-01 
7944, 5.4691794e-01, 0.0000000e+00, 1.4864808e-01 
7945, 5.5959648e-01, 1.0000000e+00, 1.4403973e-01 
7946, 5.5959648e-01, 0.0000000e+00, 1.4403973e-01 
7947, 6.8297317e-02, 9.6997395e-01, 1.0000000e+00 
7948, 1.0000000e+00, 9.5837278e-01, 8.0715363e-02 
7949, 1.0120156e-01, 1.0000000e+00, 9.6497058e-01 
7950, 8.4446621e-02, 9.3619968e-02, 0.0000000e+00 
7951, 9.2304942e-02, 1.0000000e+00, 9.4704523e-01 
7952, 1.0000000e+00, 1.6658515e-01, 8.8346443e-01 
7953, 1.0000000e+00, 7.4597526e-01, 1.6963612e-01 
7954, 0.0000000e+00, 7.4597526e-01, 1.6963612e-01 
7955, 9.5317901e-01, 6.4304532e-01, 0.0000000e+00 
7956, 0.0000000e+00, 6.3331374e-01, 9.7643967e-01 
7957, 9.2294362e-01, 7.2348210e-01, 0.0000000e+00 
7958, 9.2294362e-01, 7.2348210e-01, 1.0000000e+00 
7959, 6.7098928e-01, 0.0000000e+00, 7.3240317e-01 
7960, 6.7098928e-01, 1.0000000e+00, 7.3240317e-01 
7961, 5.0202005e-01, 1.0000000e+00, 6.7589246e-01 
7962, 5.0202005e-01, 0.0000000e+00, 6.7589246e-01 
7963, 8.4643986e-01, 1.0000000e+00, 2.5727327e-01 
7964, 8.4643986e-01, 0.0000000e+00, 2.5727327e-01 
7965, 9.9069544e-01, 9.6394752e-01, 0.0000000e+00 
7966, 0.0000000e+00, 9.6222457e-01, 9.5197248e-01 
7967, 1.0000000e+00, 8.7230960e-01, 7.4807432e-02 
7968, 2.8437050e-02, 8.1435709e-01, 1.0000000e+00 
7969, 1.0000000e+00, 2.6851168e-01, 8.3823775e-01 
7970, 9.3295562e-03, 3.0901643e-01, 0.0000000e+00 
7971, 9.6092244e-01, 0.0000000e+00, 4.4235713e-01 
7972, 9.6092244e-01, 1.0000000e+00, 4.4235713e-01 
7973, 8.5743397e-01, 1.0000000e+00, 7.4151186e-01 
7974, 8.5743397e-01, 0.0000000e+00, 7.4151186e-01 
7975, 9.5462336e-01, 1.0000000e+00, 5.7775088e-01 
7976, 9.5462336e-01, 0.0000000e+00, 5.7775088e-01 
7977, 9.5763950e-01, 1.0000000e+00, 5.8045811e-01 
7978, 9.5763950e-01, 0.0000000e+00, 5.8045811e-01 
7979, 1.0459092e-01, 0.0000000e+00, 6.9495719e-01 
7980, 1.0000000e+00, 9.1087184e-01, 7.5823218e-01 
7981, 1.8335022e-01, 0.0000000e+00, 6.1767980e-01 
7982, 1.8335022e-01, 1.0000000e+00, 6.1767980e-01 
7983, 0.0000000e+00, 2.3690027e-01, 7.8986752e-01 
7984, 1.0000000e+00, 2.3690027e-01, 7.8986752e-01 
7985, 2.0221873e-01, 0.0000000e+00, 6.2256750e-01 
7986, 2.0221873e-01, 1.0000000e+00, 6.2256750e-01 
7987, 0.0000000e+00, 9.1513929e-01, 2.2149317e-01 
7988, 1.0000000e+00, 9.1513929e-01, 2.2149317e-01 
7989, 1.2021349e-01, 1.0000000e+00, 1.5321416e-01 
7990, 1.2021349e-01, 0.0000000e+00, 1.5321416e-01 
7991, 5.8619044e-01, 8.4642682e-01, 1.0000000e+00 
7992, 5.8619044e-01, 8.4642682e-01, 0.0000000e+00 
7993, 8.9898248e-01, 1.0000000e+00, 1.3628914e-01 
7994, 8.9898248e-01, 0.0000000e+00, 1.3628914e-01 
7995, 6.3152360e-01, 6.5913346e-01, 0.0000000e+00 
7996, 6.3152360e-01, 6.5913346e-01, 1.0000000e+00 
7997, 1.0000000e+00, 7.8077115e-01, 2.4579982e-01 
7998, 0.0000000e+00, 7.8077115e-01, 2.4579982e-01 
7999, 7.4367841e-01, 1.0000000e+00, 1.3726457e-01 
8000, 7.4367841e-01, 0.0000000e+00, 1.3726457e-01 
8001, 0.0000000e+00, 2.7668557e-01, 3.9512919e-01 
8002, 1.0000000e+00, 2.7668557e-01, 3.9512919e-01 
8003, 0.0000000e+00, 1.9374450e-01, 3.5790464e-01 
8004, 1.0000000e+00, 1.9374450e-01, 3.5790464e-01 
8005, 0.0000000e+00, 2.2253494e-01, 3.5135173e-01 
8006, 1.0000000e+00, 2.2253494e-01, 3.5135173e-01 
8007, 0.0000000e+00, 4.3155652e-01, 2.2146966e-01 
8008, 1.0000000e+00, 4.3155652e-01, 2.2146966e-01 
8009, 1.3877788e-17, 3.4004981e-01, 2.5556247e-01 
8010, 1.0000000e+00, 3.4004981e-01, 2.5556247e-01 
8011, 7.4508963e-01, 0.0000000e+00, 1.1802192e-01 
8012, 7.4508963e-01, 1.0000000e+00, 1.1802192e-01 
8013, 5.6960084e-01, 2.1523760e-01, 0.0000000e+00 
8014, 5.6960084e-01, 2.1523760e-01, 1.0000000e+00 
8015, 6.1758214e-01, 0.0000000e+00, 5.6248087e-01 
8016, 6.1758214e-01, 1.0000000e+00, 5.6248087e-01 
8017, 5.9543186e-01, 0.0000000e+00, 5.6489606e-01 
8018, 5.9543186e-01, 1.0000000e+00, 5.6489606e-01 
8019, 6.5785402e-01, 0.0000000e+00, 6.7657089e-01 
8020, 6.5785402e-01, 1.0000000e+00, 6.7657089e-01 
8021, 5.2934472e-01, 1.0000000e+00, 2.3459420e-01 
8022, 5.2934472e-01, 0.0000000e+00, 2.3459420e-01 
8023, 8.4499893e-01, 6.5627250e-01, 1.0000000e+00 
8024, 8.4499893e-01, 6.5627250e-01, 0.0000000e+00 
8025, 1.0000000e+00, 8.9711172e-01, 7.0221421e-01 
8026, 0.0000000e+00, 8.9711172e-01, 7.0221421e-01 
8027, 9.6856898e-01, 1.0000000e+00, 7.8177964e-01 
8028, 9.6856898e-01, 0.0000000e+00, 7.8177964e-01 
8029, 9.1231020e-01, 1.0000000e+00, 9.8500291e-01 
8030, 9.1231020e-01, 0.0000000e+00, 9.8500291e-01 
8031, 9.8682760e-01, 1.0000000e+00, 2.4623795e-01 
8032, 9.8682760e-01, 0.0000000e+00, 2.4623795e-01 
8033, 1.0000000e+00, 8.9682987e-01, 1.1601514e-01 
8034, 8.6389687e-02, 9.2309764e-01, 1.0000000e+00 
8035, 7.3721529e-01, 2.4814774e-01, 1.0000000e+00 
8036, 7.3721529e-01, 2.4814774e-01, 0.0000000e+00 
8037, 1.0000000e+00, 5.0171798e-01, 8.0212571e-01 
8038, 0.0000000e+00, 5.0171798e-01, 8.0212571e-01 
8039, 7.2956241e-01, 2.8149471e-01, 1.0000000e+00 
8040, 7.2956241e-01, 2.8149471e-01, 0.0000000e+00 
8041, 2.0320099e-01, 1.0000000e+00, 4.3037145e-01 
8042, 2.0320099e-01, 0.0000000e+00, 4.3037145e-01 
8043, 5.3365214e-01, 1.0000000e+00, 1.8300089e-01 
8044, 5.3365214e-01, 0.0000000e+00, 1.8300089e-01 
8045, 4.5670568e-01, 1.0000000e+00, 4.7314639e-01 
8046, 4.5670568e-01, 0.0000000e+00, 4.7314639e-01 
8047, 5.0608838e-01, 1.3107199e-01, 0.0000000e+00 
8048, 5.0608838e-01, 1.3107199e-01, 1.0000000e+00 
8049, 3.1807678e-01, 2.1684043e-19, 3.0633585e-01 
8050, 3.1807678e-01, 1.0000000e+00, 3.0633585e-01 
8051, 0.0000000e+00, 4.5683397e-01, 7.3054966e-01 
8052, 1.0000000e+00, 4.5683397e-01, 7.3054966e-01 
8053, 9.4195756e-01, 0.0000000e+00, 2.5192887e-01 
8054, 9.4195756e-01, 1.0000000e+00, 2.5192887e-01 
8055, 1.0000000e+00, 2.1026699e-01, 2.7248697e-01 
8056, 5.8410728e-02, 1.0000000e+00, 9.9734541e-02 
8057, 1.0000000e+00, 2.2377172e-01, 2.8499310e-01 
8058, 0.0000000e+00, 2.2377172e-01, 2.8499310e-01 
8059, 1.0000000e+00, 2.2333855e-01, 2.8858205e-01 
8060, 0.0000000e+00, 2.2333855e-01, 2.8858205e-01 
8061, 1.8016352e-01, 8.8016361e-01, 0.0000000e+00 
8062, 1.8016352e-01, 8.8016361e-01, 1.0000000e+00 
8063, 1.8529013e-01, 8.1083723e-01, 0.0000000e+00 
8064, 1.8529013e-01, 8.1083723e-01, 1.0000000e+00 
8065, 5.0418493e-01, 1.0000000e+00, 8.1562219e-02 
8066, 5.0418493e-01, 0.0000000e+00, 8.1562219e-02 
8067, 2.7765082e-01, 2.0733956e-01, 1.0000000e+00 
8068, 2.7765082e-01, 2.0733956e-01, 0.0000000e+00 
8069, 0.0000000e+00, 7.3323939e-01, 5.2097488e-01 
8070, 1.0000000e+00, 7.3323939e-01, 5.2097488e-01 
8071, 0.0000000e+00, 7.8456398e-01, 3.1857400e-01 
8072, 1.0000000e+00, 7.8456398e-01, 3.1857400e-01 
8073, 6.1810623e-01, 0.0000000e+00, 8.8445379e-01 
8074, 6.1810623e-01, 1.0000000e+00, 8.8445379e-01 
8075, 6.3733102e-01, 1.0000000e+00, 2.1713900e-01 
8076, 6.3733102e-01, 0.0000000e+00, 2.1713900e-01 
8077, 4.7290935e-01, 9.9660292e-01, 2.7755576e-17 
8078, 4.5639183e-01, 0.0000000e+00, 9.6288495e-01 
8079, 2.4109887e-01, 0.0000000e+00, 1.9052277e-01 
8080, 2.4109887e-01, 1.0000000e+00, 1.9052277e-01 
8081, 1.2918403e-01, 1.3877788e-17, 2.3255144e-01 
8082, 1.2918403e-01, 1.0000000e+00, 2.3255144e-01 
8083, 1.7910701e-01, 3.1723850e-02, 0.0000000e+00 
8084, 1.7910701e-01, 3.1723850e-02, 1.0000000e+00 
8085, 9.1652654e-01, 0.0000000e+00, 4.9539513e-01 
8086, 9.1652654e-01, 1.0000000e+00, 4.9539513e-01 
8087, 1.0000000e+00, 4.4804521e-01, 3.8274638e-01 
8088, 0.0000000e+00, 4.4804521e-01, 3.8274638e-01 
8089, 1.0000000e+00, 1.2284346e-01, 5.3167501e-01 
8090, 5.2806009e-02, 1.0000000e+00, 5.5983405e-01 
8091, 7.0155730e-01, 0.0000000e+00, 9.3074994e-01 
8092, 7.0155730e-01, 1.0000000e+00, 9.3074994e-01 
8093, 3.6162043e-01, 3.9501768e-01, 1.0000000e+00 
8094, 3.6162043e-01, 3.9501768e-01, 0.0000000e+00 
8095, 3.1260490e-01, 4.4763660e-01, 1.0000000e+00 
8096, 3.1260490e-01, 4.4763660e-01, 0.0000000e+00 
8097, 3.2793248e-01, 7.4427466e-01, 0.0000000e+00 
8098, 3.2793248e-01, 7.4427466e-01, 1.0000000e+00 
8099, 5.3267103e-01, 7.6337126e-01, 0.0000000e+00 
8100, 5.3267103e-01, 7.6337126e-01, 1.0000000e+00 
8101, 1.0000000e+00, 7.3964789e-01, 1.8008779e-01 
8102, 0.0000000e+00, 7.3964789e-01, 1.8008779e-01 
8103, 7.4305605e-01, 7.4120900e-01, 0.0000000e+00 
8104, 7.4305605e-01, 7.4120900e-01, 1.0000000e+00 
8105, 1.0000000e+00, 7.2896751e-01, 1.9386680e-01 
8106, 0.0000000e+00, 7.2896751e-01, 1.9386680e-01 
8107, 3.9171027e-01, 0.0000000e+00, 7.0120108e-01 
8108, 3.9171027e-01, 1.0000000e+00, 7.0120108e-01 
8109, 8.0788237e-01, 4.3600332e-01, 1.0000000e+00 
8110, 8.0788237e-01, 4.3600332e-01, 0.0000000e+00 
8111, 0.0000000e+00, 4.4637753e-02, 7.8442325e-01 
8112, 1.0000000e+00, 4.4637753e-02, 7.8442325e-01 
8113, 0.0000000e+00, 3.7868435e-02, 6.6770767e-01 
8114, 1.0000000e+00, 3.7868435e-02, 6.6770767e-01 
8115, 1.0000000e+00, 1.9597199e-01, 8.4557487e-01 
8116, 0.0000000e+00, 1.9597199e-01, 8.4557487e-01 
8117, 1.0000000e+00, 8.4616744e-02, 7.6789766e-01 
8118, 1.2539241e-01, 9.7561895e-01, 0.0000000e+00 
8119, 8.2177563e-01, 0.0000000e+00, 1.2578183e-01 
8120, 0.0000000e+00, 8.9265082e-01, 2.3047781e-01 
8121, 7.2749802e-01, 0.0000000e+00, 1.0048567e-01 
8122, 7.2749802e-01, 1.0000000e+00, 1.0048567e-01 
8123, 1.0000000e+00, 6.4387986e-01, 7.8042704e-01 
8124, 0.0000000e+00, 6.4387986e-01, 7.8042704e-01 
8125, 8.0147151e-01, 1.0000000e+00, 6.2605798e-01 
8126, 8.0147151e-01, 0.0000000e+00, 6.2605798e-01 
8127, 1.0000000e+00, 8.4275185e-01, 6.3198469e-01 
8128, 0.0000000e+00, 8.4275185e-01, 6.3198469e-01 
8129, 2.3300188e-01, 6.0878671e-01, 1.0000000e+00 
8130, 2.3300188e-01, 6.0878671e-01, 0.0000000e+00 
8131, 1.0000000e+00, 4.1057158e-01, 8.8154312e-01 
8132, 0.0000000e+00, 4.1057158e-01, 8.8154312e-01 
8133, 8.2518983e-01, 5.0971651e-01, 1.0000000e+00 
8134, 8.2518983e-01, 5.0971651e-01, 0.0000000e+00 
8135, 1.0000000e+00, 3.1194800e-01, 7.4789607e-01 
8136, 0.0000000e+00, 3.1194800e-01, 7.4789607e-01 
8137, 8.2752575e-01, 6.3091050e-01, 0.0000000e+00 
8138, 8.2752575e-01, 6.3091050e-01, 1.0000000e+00 
8139, 8.0647998e-01, 5.8480654e-01, 0.0000000e+00 
8140, 8.0647998e-01, 5.8480654e-01, 1.0000000e+00 
8141, 0.0000000e+00, 4.4937023e-01, 9.7521109e-01 
8142, 9.8781405e-01, 4.3324141e-01, 0.0000000e+00 
8143, 0.0000000e+00, 4.5842441e-01, 9.1191629e-01 
8144, 1.0000000e+00, 4.5842441e-01, 9.1191629e-01 
8145, 2.9134284e-01, 8.4777351e-01, 0.0000000e+00 
8146, 2.9134284e-01, 8.4777351e-01, 1.0000000e+00 
8147, 5.1972874e-01, 4.5757276e-01, 1.0000000e+00 
8148, 5.1972874e-01, 4.5757276e-01, 0.0000000e+00 
8149, 6.2751002e-01, 6.0035863e-01, 1.0000000e+00 
8150, 6.2751002e-01, 6.0035863e-01, 0.0000000e+00 
8151, 1.0000000e+00, 5.0143279e-02, 7.2430529e-01 
8152, 8.2199208e-02, 1.0000000e+00, 7.7927383e-01 
8153, 1.0000000e+00, 8.8346976e-02, 6.9109498e-01 
8154, 0.0000000e+00, 8.8346976e-02, 6.9109498e-01 
8155, 6.8508229e-02, 9.7003317e-01, 0.0000000e+00 
8156, 1.8031672e-01, 0.0000000e+00, 7.9340333e-01 
8157, 4.3247084e-02, 1.0000000e+00, 1.9543753e-02 
8158, 1.0000000e+00, 1.6587863e-01, 9.6838063e-01 
8159, 5.1448151e-02, 1.0000000e+00, 5.1461207e-02 
8160, 5.1448151e-02, 0.0000000e+00, 5.1461207e-02 
8161, 0.0000000e+00, 9.2536080e-01, 1.1621853e-01 
8162, 1.0000000e+00, 9.2536080e-01, 1.1621853e-01 
8163, 1.0000000e+00, 6.5189215e-01, 8.6209667e-01 
8164, 0.0000000e+00, 6.5189215e-01, 8.6209667e-01 
8165, 1.0000000e+00, 7.8085873e-01, 9.4318117e-01 
8166, 0.0000000e+00, 7.8085873e-01, 9.4318117e-01 
8167, 8.9068208e-01, 4.8182238e-01, 1.0000000e+00 
8168, 8.9068208e-01, 4.8182238e-01, 0.0000000e+00 
8169, 8.8989042e-01, 4.8098034e-01, 1.0000000e+00 
8170, 8.8989042e-01, 4.8098034e-01, 0.0000000e+00 
8171, 5.6471546e-01, 5.9994185e-01, 1.0000000e+00 
8172, 5.6471546e-01, 5.9994185e-01, 0.0000000e+00 
8173, 3.1404973e-01, 5.5530547e-01, 1.0000000e+00 
8174, 3.1404973e-01, 5.5530547e-01, 0.0000000e+00 
8175, 8.6501361e-01, 5.5551593e-01, 0.0000000e+00 
8176, 0.0000000e+00, 5.3007402e-01, 8.8424453e-01 
8177, 8.1792921e-01, 5.7229403e-01, 0.0000000e+00 
8178, 8.1792921e-01, 5.7229403e-01, 1.0000000e+00 
8179, 9.6725953e-01, 5.1019990e-01, 1.0000000e+00 
8180, 0.0000000e+00, 5.2663024e-01, 3.0081370e-02 
8181, 9.2898942e-01, 4.8147892e-01, 1.0000000e+00 
8182, 9.2898942e-01, 4.8147892e-01, 0.0000000e+00 
8183, 9.4741402e-01, 4.9772953e-01, 1.0000000e+00 
8184, 9.4741402e-01, 4.9772953e-01, 0.0000000e+00 
8185, 8.4249323e-02, 1.0000000e+00, 6.3434622e-01 
8186, 8.4249323e-02, 0.0000000e+00, 6.3434622e-01 
8187, 0.0000000e+00, 9.0380185e-01, 5.6647224e-01 
8188, 1.0000000e+00, 9.0380185e-01, 5.6647224e-01 
8189, 1.0000000e+00, 5.8710251e-01, 4.4108630e-01 
8190, 0.0000000e+00, 5.8710251e-01, 4.4108630e-01 
8191, 0.0000000e+00, 2.5101659e-01, 8.3199753e-02 
8192, 1.0000000e+00, 2.5101659e-01, 8.3199753e-02 
8193, 7.0327151e-01, 6.2855290e-01, 1.0000000e+00 
8194, 7.0327151e-01, 6.2855290e-01, 0.0000000e+00 
8195, 7.5954771e-01, 0.0000000e+00, 8.3457259e-01 
8196, 7.5954771e-01, 1.0000000e+00, 8.3457259e-01 
8197, 8.8667668e-01, 0.0000000e+00, 8.4198866e-01 
8198, 8.8667668e-01, 1.0000000e+00, 8.4198866e-01 
8199, 1.0000000e+00, 5.6350581e-01, 2.8927331e-01 
8200, 0.0000000e+00, 5.6350581e-01, 2.8927331e-01 
8201, 1.0000000e+00, 5.4495061e-01, 4.0382389e-01 
8202, 0.0000000e+00, 5.4495061e-01, 4.0382389e-01 
8203, 1.0000000e+00, 6.3174089e-01, 4.9550383e-01 
8204, 0.0000000e+00, 6.3174089e-01, 4.9550383e-01 
8205, 1.0000000e+00, 5.6415685e-01, 4.8432269e-01 
8206, 0.0000000e+00, 5.6415685e-01, 4.8432269e-01 
8207, 1.0000000e+00, 6.5358386e-01, 6.8302139e-01 
8208, 0.0000000e+00, 6.5358386e-01, 6.8302139e-01 
8209, 0.0000000e+00, 9.8405834e-01, 2.9337242e-01 
8210, 9.9616760e-01, 0.0000000e+00, 2.9373911e-01 
8211, 0.0000000e+00, 8.9439089e-01, 1.9395318e-01 
8212, 1.0000000e+00, 8.9439089e-01, 1.9395318e-01 
8213, 0.0000000e+00, 9.3909773e-01, 2.8200998e-01 
8214, 9.7112588e-01, 0.0000000e+00, 2.6981029e-01 
8215, 1.7819642e-01, 0.0000000e+00, 6.5693214e-01 
8216, 1.7819642e-01, 1.0000000e+00, 6.5693214e-01 
8217, 2.3981764e-01, 0.0000000e+00, 7.6426535e-01 
8218, 2.3981764e-01, 1.0000000e+00, 7.6426535e-01 
8219, 0.0000000e+00, 5.5335125e-01, 4.4979353e-01 
8220, 1.0000000e+00, 5.5335125e-01, 4.4979353e-01 
8221, 0.0000000e+00, 9.3821328e-01, 5.7455747e-01 
8222, 9.6481626e-01, 0.0000000e+00, 5.7564804e-01 
8223, 1.0000000e+00, 1.6092740e-01, 8.8901910e-01 
8224, 0.0000000e+00, 1.6092740e-01, 8.8901910e-01 
8225, 9.0784710e-01, 0.0000000e+00, 9.2550475e-01 
8226, 9.0784710e-01, 1.0000000e+00, 9.2550475e-01 
8227, 7.1755713e-01, 8.2646590e-02, 0.0000000e+00 
8228, 7.1755713e-01, 8.2646590e-02, 1.0000000e+00 
8229, 1.0000000e+00, 2.8931236e-01, 1.9578273e-01 
8230, 0.0000000e+00, 2.8931236e-01, 1.9578273e-01 
8231, 8.0314558e-01, 0.0000000e+00, 2.9991624e-01 
8232, 8.0314558e-01, 1.0000000e+00, 2.9991624e-01 
8233, 0.0000000e+00, 8.9961520e-01, 8.2969665e-01 
8234, 1.0000000e+00, 8.9961520e-01, 8.2969665e-01 
8235, 8.1396213e-01, 4.4317738e-01, 0.0000000e+00 
8236, 8.1396213e-01, 4.4317738e-01, 1.0000000e+00 
8237, 9.2239866e-01, 4.0660150e-01, 0.0000000e+00 
8238, 0.0000000e+00, 3.6635278e-01, 9.7874224e-01 
8239, 7.9001376e-01, 4.4523215e-01, 0.0000000e+00 
8240, 7.9001376e-01, 4.4523215e-01, 1.0000000e+00 
8241, 6.0624335e-01, 1.0000000e+00, 9.6126037e-02 
8242, 5.9787613e-01, 1.1923826e-01, 1.0000000e+00 
8243, 0.0000000e+00, 8.3438534e-01, 9.8666202e-01 
8244, 9.8389807e-01, 8.3052851e-01, 0.0000000e+00 
8245, 0.0000000e+00, 7.9813261e-01, 9.8327281e-01 
8246, 9.7870693e-01, 7.8328951e-01, 0.0000000e+00 
8247, 7.3986986e-02, 8.6753134e-01, 1.0000000e+00 
8248, 7.3986986e-02, 8.6753134e-01, 0.0000000e+00 
8249, 5.6554573e-01, 2.7891870e-01, 1.0000000e+00 
8250, 5.6554573e-01, 2.7891870e-01, 0.0000000e+00 
8251, 5.8718611e-01, 2.8791500e-01, 1.0000000e+00 
8252, 5.8718611e-01, 2.8791500e-01, 0.0000000e+00 
8253, 1.6356348e-01, 7.3485685e-01, 1.0000000e+00 
8254, 1.0000000e+00, 7.9980846e-01, 3.1037422e-02 
8255, 2.5419645e-01, 6.8745180e-01, 1.0000000e+00 
8256, 2.5419645e-01, 6.8745180e-01, 0.0000000e+00 
8257, 0.0000000e+00, 1.8712164e-01, 9.8980698e-01 
8258, 9.4773210e-01, 2.3453293e-01, 0.0000000e+00 
8259, 3.8164303e-02, 1.4417434e-01, 1.0000000e+00 
8260, 1.0000000e+00, 1.4141503e-01, 8.6583475e-02 
8261, 1.3739864e-02, 1.1320339e-01, 1.0000000e+00 
8262, 8.9572286e-01, 1.0000000e+00, 6.9150045e-02 
8263, 0.0000000e+00, 3.4226329e-01, 9.4156310e-01 
8264, 1.0000000e+00, 3.4226329e-01, 9.4156310e-01 
8265, 1.0000000e+00, 3.4504530e-01, 2.6277850e-01 
8266, 0.0000000e+00, 3.4504530e-01, 2.6277850e-01 
8267, 1.0000000e+00, 5.1832687e-01, 2.6160478e-01 
8268, 0.0000000e+00, 5.1832687e-01, 2.6160478e-01 
8269, 0.0000000e+00, 1.1791055e-01, 5.6698314e-01 
8270, 1.0000000e+00, 1.1791055e-01, 5.6698314e-01 
8271, 6.9388939e-18, 1.0521625e-01, 6.7823425e-01 
8272, 1.0000000e+00, 1.0521625e-01, 6.7823425e-01 
8273, 5.6580543e-01, 6.2025101e-01, 1.0000000e+00 
8274, 5.6580543e-01, 6.2025101e-01, 0.0000000e+00 
8275, 9.1001272e-01, 1.0000000e+00, 5.1059450e-01 
8276, 9.1001272e-01, 0.0000000e+00, 5.1059450e-01 
8277, 1.0000000e+00, 7.1188151e-01, 5.9332164e-01 
8278, 0.0000000e+00, 7.1188151e-01, 5.9332164e-01 
8279, 0.0000000e+00, 6.6441492e-01, 5.5221054e-01 
8280, 1.0000000e+00, 6.6441492e-01, 5.5221054e-01 
8281, 0.0000000e+00, 9.8700230e-01, 9.3983712e-01 
8282, 9.9391217e-01, 0.0000000e+00, 9.4988818e-01 
8283, 8.3394223e-02, 1.0000000e+00, 7.3752825e-01 
8284, 8.3394223e-02, 0.0000000e+00, 7.3752825e-01 
8285, 3.2013207e-01, 5.8400992e-01, 1.0000000e+00 
8286, 3.2013207e-01, 5.8400992e-01, 0.0000000e+00 
8287, 1.8492433e-01, 7.5868887e-01, 1.0000000e+00 
8288, 1.8492433e-01, 7.5868887e-01, 0.0000000e+00 
8289, 3.3469191e-01, 6.8717207e-01, 1.0000000e+00 
8290, 3.3469191e-01, 6.8717207e-01, 0.0000000e+00 
8291, 2.6284763e-01, 0.0000000e+00, 8.9623337e-01 
8292, 2.6284763e-01, 1.0000000e+00, 8.9623337e-01 
8293, 2.5438402e-01, 0.0000000e+00, 8.6407934e-01 
8294, 2.5438402e-01, 1.0000000e+00, 8.6407934e-01 
8295, 2.5706743e-01, 0.0000000e+00, 8.9902471e-01 
8296, 2.5706743e-01, 1.0000000e+00, 8.9902471e-01 
8297, 1.0000000e+00, 2.0802202e-01, 5.8568776e-01 
8298, 0.0000000e+00, 2.0802202e-01, 5.8568776e-01 
8299, 1.0000000e+00, 2.7154214e-01, 6.1327710e-01 
8300, 0.0000000e+00, 2.7154214e-01, 6.1327710e-01 
8301, 4.3701642e-01, 8.4291904e-01, 1.0000000e+00 
8302, 4.3701642e-01, 8.4291904e-01, 0.0000000e+00 
8303, 1.0000000e+00, 7.2177029e-01, 6.7009532e-01 
8304, 0.0000000e+00, 7.2177029e-01, 6.7009532e-01 
8305, 4.0279438e-01, 5.6450955e-01, 0.0000000e+00 
8306, 4.0279438e-01, 5.6450955e-01, 1.0000000e+00 
8307, 4.4814829e-01, 0.0000000e+00, 7.5196626e-01 
8308, 4.4814829e-01, 1.0000000e+00, 7.5196626e-01 
8309, 4.1007289e-01, 5.1598626e-02, 1.0000000e+00 
8310, 4.1007289e-01, 5.1598626e-02, 0.0000000e+00 
8311, 7.1685277e-02, 2.5993170e-01, 0.0000000e+00 
8312, 7.1685277e-02, 2.5993170e-01, 1.0000000e+00 
8313, 2.8972543e-02, 3.2109514e-01, 0.0000000e+00 
8314, 2.8972543e-02, 3.2109514e-01, 1.0000000e+00 
8315, 4.0094003e-01, 0.0000000e+00, 8.7080526e-01 
8316, 4.0094003e-01, 1.0000000e+00, 8.7080526e-01 
8317, 5.4152830e-01, 0.0000000e+00, 5.1193312e-01 
8318, 5.4152830e-01, 1.0000000e+00, 5.1193312e-01 
8319, 7.5753561e-01, 0.0000000e+00, 7.5150525e-01 
8320, 7.5753561e-01, 1.0000000e+00, 7.5150525e-01 
8321, 0.0000000e+00, 8.9067664e-01, 8.0453686e-01 
8322, 1.0000000e+00, 8.9067664e-01, 8.0453686e-01 
8323, 1.6181658e-02, 9.2244418e-01, 1.0000000e+00 
8324, 1.6181658e-02, 9.2244418e-01, 0.0000000e+00 
8325, 7.4527781e-01, 1.0000000e+00, 7.0276121e-01 
8326, 7.4527781e-01, 0.0000000e+00, 7.0276121e-01 
8327, 6.8315743e-01, 1.0000000e+00, 6.6592788e-01 
8328, 6.8315743e-01, 0.0000000e+00, 6.6592788e-01 
8329, 5.3625728e-01, 6.3436201e-01, 0.0000000e+00 
8330, 5.3625728e-01, 6.3436201e-01, 1.0000000e+00 
8331, 9.2198125e-01, 1.0000000e+00, 7.9005817e-01 
8332, 9.2198125e-01, 0.0000000e+00, 7.9005817e-01 
8333, 9.3130354e-01, 1.0000000e+00, 8.2310684e-01 
8334, 9.8117695e-01, 4.9583272e-02, 0.0000000e+00 
8335, 9.2078889e-01, 1.0000000e+00, 7.8626395e-01 
8336, 9.2078889e-01, 0.0000000e+00, 7.8626395e-01 
8337, 1.0000000e+00, 4.4435655e-01, 9.6743750e-01 
8338, 1.6319278e-02, 4.7189748e-01, 0.0000000e+00 
8339, 9.7816262e-01, 2.8589326e-01, 1.0000000e+00 
8340, 9.7816262e-01, 2.8589326e-01, 0.0000000e+00 
8341, 3.9027819e-01, 0.0000000e+00, 8.3289345e-01 
8342, 3.9027819e-01, 1.0000000e+00, 8.3289345e-01 
8343, 5.8495899e-01, 1.2351081e-01, 1.0000000e+00 
8344, 5.8495899e-01, 1.2351081e-01, 0.0000000e+00 
8345, 5.5087159e-01, 1.0000000e+00, 8.0278539e-01 
8346, 5.5087159e-01, 0.0000000e+00, 8.0278539e-01 
8347, 7.0289119e-01, 9.3311985e-01, 1.0000000e+00 
8348, 7.0289119e-01, 9.3311985e-01, 0.0000000e+00 
8349, 1.0000000e+00, 8.8854479e-01, 9.5525366e-01 
8350, 0.0000000e+00, 8.8854479e-01, 9.5525366e-01 
8351, 8.9925118e-01, 1.0000000e+00, 9.3156715e-01 
8352, 8.9925118e-01, 0.0000000e+00, 9.3156715e-01 
8353, 0.0000000e+00, 9.1389601e-01, 7.4010690e-01 
8354, 1.0000000e+00, 9.1389601e-01, 7.4010690e-01 
8355, 1.2592882e-02, 8.1504637e-01, 1.0000000e+00 
8356, 1.2592882e-02, 8.1504637e-01, 0.0000000e+00 
8357, 0.0000000e+00, 8.7967502e-01, 8.4665805e-01 
8358, 1.0000000e+00, 8.7967502e-01, 8.4665805e-01 
8359, 0.0000000e+00, 9.2305877e-01, 6.5003696e-01 
8360, 1.0000000e+00, 9.2305877e-01, 6.5003696e-01 
8361, 6.8665800e-01, 0.0000000e+00, 5.1704514e-01 
8362, 6.8665800e-01, 1.0000000e+00, 5.1704514e-01 
8363, 3.4245134e-01, 0.0000000e+00, 6.8277998e-01 
8364, 3.4245134e-01, 1.0000000e+00, 6.8277998e-01 
8365, 1.0000000e+00, 1.4842346e-01, 3.7454015e-01 
8366, 0.0000000e+00, 1.4842346e-01, 3.7454015e-01 
8367, 1.0000000e+00, 2.0256290e-02, 5.1487047e-01 
8368, 1.6307216e-02, 1.0000000e+00, 5.2646239e-01 
8369, 1.0000000e+00, 5.2743529e-01, 9.6589113e-01 
8370, 0.0000000e+00, 5.2743529e-01, 9.6589113e-01 
8371, 1.0000000e+00, 5.9732443e-01, 9.6932798e-01 
8372, 4.1747926e-02, 5.7844924e-01, 0.0000000e+00 
8373, 0.0000000e+00, 1.3877403e-01, 2.0529823e-01 
8374, 1.0000000e+00, 1.3877403e-01, 2.0529823e-01 
8375, 1.2622740e-01, 0.0000000e+00, 4.4047538e-02 
8376, 1.3532347e-01, 9.0724730e-01, 1.0000000e+00 
8377, 1.0656263e-01, 2.6507780e-02, 0.0000000e+00 
8378, 1.0597324e-01, 1.0000000e+00, 9.7682818e-01 
8379, 0.0000000e+00, 4.3596938e-02, 5.4183807e-01 
8380, 9.5948184e-01, 1.0000000e+00, 5.6454608e-01 
8381, 1.4784074e-01, 0.0000000e+00, 3.1436798e-01 
8382, 1.4784074e-01, 1.0000000e+00, 3.1436798e-01 
8383, 6.5366494e-01, 1.0000000e+00, 5.3644850e-01 
8384, 6.5366494e-01, 0.0000000e+00, 5.3644850e-01 
8385, 2.0276459e-01, 8.7757573e-01, 0.0000000e+00 
8386, 2.0276459e-01, 8.7757573e-01, 1.0000000e+00 
8387, 2.7827718e-01, 3.2158693e-01, 0.0000000e+00 
8388, 2.7827718e-01, 3.2158693e-01, 1.0000000e+00 
8389, 3.9330352e-01, 2.9840874e-01, 0.0000000e+00 
8390, 3.9330352e-01, 2.9840874e-01, 1.0000000e+00 
8391, 4.5196645e-01, 0.0000000e+00, 3.2929842e-01 
8392, 4.5196645e-01, 1.0000000e+00, 3.2929842e-01 
8393, 2.0874307e-01, 0.0000000e+00, 3.8007038e-01 
8394, 2.0874307e-01, 1.0000000e+00, 3.8007038e-01 
8395, 5.2716214e-01, 3.0572155e-01, 0.0000000e+00 
8396, 5.2716214e-01, 3.0572155e-01, 1.0000000e+00 
8397, 4.8985320e-01, 2.4643025e-02, 0.0000000e+00 
8398, 4.9847020e-01, 1.0000000e+00, 9.7620193e-01 
8399, 6.2118693e-01, 4.9435932e-01, 1.0000000e+00 
8400, 6.2118693e-01, 4.9435932e-01, 0.0000000e+00 
8401, 1.7360364e-01, 0.0000000e+00, 4.3453095e-02 
8402, 1.7360364e-01, 1.0000000e+00, 4.3453095e-02 
8403, 1.7578739e-01, 5.6311538e-02, 0.0000000e+00 
8404, 1.7578739e-01, 5.6311538e-02, 1.0000000e+00 
8405, 6.5462421e-02, 0.0000000e+00, 6.4315637e-01 
8406, 6.5462421e-02, 1.0000000e+00, 6.4315637e-01 
8407, 0.0000000e+00, 7.2586028e-02, 5.2561484e-01 
8408, 1.0000000e+00, 7.2586028e-02, 5.2561484e-01 
8409, 5.5662643e-01, 0.0000000e+00, 6.9112573e-01 
8410, 5.5662643e-01, 1.0000000e+00, 6.9112573e-01 
8411, 6.3507076e-02, 1.0000000e+00, 6.9024433e-01 
8412, 6.3507076e-02, 0.0000000e+00, 6.9024433e-01 
8413, 6.4824903e-02, 1.0000000e+00, 6.7492185e-01 
8414, 6.4824903e-02, 0.0000000e+00, 6.7492185e-01 
8415, 0.0000000e+00, 9.7175855e-01, 7.2750363e-01 
8416, 1.0000000e+00, 9.7175855e-01, 7.2750363e-01 
8417, 0.0000000e+00, 8.7267206e-01, 8.3778746e-01 
8418, 1.0000000e+00, 8.7267206e-01, 8.3778746e-01 
8419, 4.5443175e-01, 1.0000000e+00, 6.4213022e-01 
8420, 4.5443175e-01, 0.0000000e+00, 6.4213022e-01 
8421, 4.5805636e-01, 1.0000000e+00, 2.7152295e-02 
8422, 4.5805636e-01, 0.0000000e+00, 2.7152295e-02 
8423, 5.2952492e-01, 1.7361606e-01, 0.0000000e+00 
8424, 5.2952492e-01, 1.7361606e-01, 1.0000000e+00 
8425, 3.4530515e-01, 6.7045173e-01, 1.0000000e+00 
8426, 3.4530515e-01, 6.7045173e-01, 0.0000000e+00 
8427, 3.4694470e-18, 2.4471421e-01, 9.9552409e-02 
8428, 9.6621908e-01, 2.8868361e-01, 1.0000000e+00 
8429, 4.0618520e-01, 1.0000000e+00, 3.5249110e-01 
8430, 4.0618520e-01, 0.0000000e+00, 3.5249110e-01 
8431, 7.2258820e-01, 5.5184061e-01, 0.0000000e+00 
8432, 7.2258820e-01, 5.5184061e-01, 1.0000000e+00 
8433, 7.6664445e-02, 3.2537867e-01, 1.0000000e+00 
8434, 7.6664445e-02, 3.2537867e-01, 0.0000000e+00 
8435, 1.5147198e-01, 3.8049398e-01, 1.0000000e+00 
8436, 1.5147198e-01, 3.8049398e-01, 0.0000000e+00 
8437, 1.9137109e-01, 3.2652086e-01, 1.0000000e+00 
8438, 1.9137109e-01, 3.2652086e-01, 0.0000000e+00 
8439, 2.2430710e-01, 0.0000000e+00, 2.7781714e-01 
8440, 2.2430710e-01, 1.0000000e+00, 2.7781714e-01 
8441, 1.8648034e-01, 3.2569600e-01, 1.0000000e+00 
8442, 1.8648034e-01, 3.2569600e-01, 0.0000000e+00 
8443, 2.7113084e-01, 2.2452500e-01, 1.0000000e+00 
8444, 2.7113084e-01, 2.2452500e-01, 0.0000000e+00 
8445, 1.4580500e-01, 3.4853744e-01, 1.0000000e+00 
8446, 1.4580500e-01, 3.4853744e-01, 0.0000000e+00 
8447, 1.0000000e+00, 6.6260573e-01, 6.7396383e-01 
8448, 0.0000000e+00, 6.6260573e-01, 6.7396383e-01 
8449, 1.0000000e+00, 5.8662735e-01, 6.3267185e-01 
8450, 0.0000000e+00, 5.8662735e-01, 6.3267185e-01 
8451, 6.9975018e-01, 7.6972009e-01, 0.0000000e+00 
8452, 6.9975018e-01, 7.6972009e-01, 1.0000000e+00 
8453, 6.2278221e-01, 0.0000000e+00, 2.6122467e-01 
8454, 6.2278221e-01, 1.0000000e+00, 2.6122467e-01 
8455, 1.0000000e+00, 2.9986007e-01, 1.8335474e-01 
8456, 0.0000000e+00, 2.9986007e-01, 1.8335474e-01 
8457, 3.0609652e-01, 0.0000000e+00, 4.7245471e-01 
8458, 3.0609652e-01, 1.0000000e+00, 4.7245471e-01 
8459, 0.0000000e+00, 1.6169638e-01, 6.2751473e-01 
8460, 1.0000000e+00, 1.6169638e-01, 6.2751473e-01 
8461, 1.3783714e-01, 0.0000000e+00, 7.2650306e-01 
8462, 1.3783714e-01, 1.0000000e+00, 7.2650306e-01 
8463, 4.8953409e-01, 1.0000000e+00, 5.9646871e-01 
8464, 4.8953409e-01, 0.0000000e+00, 5.9646871e-01 
8465, 7.7628867e-01, 0.0000000e+00, 6.8213744e-01 
8466, 7.7628867e-01, 1.0000000e+00, 6.8213744e-01 
8467, 9.0333444e-02, 1.0000000e+00, 8.3815943e-01 
8468, 1.0000000e+00, 3.5483886e-02, 8.0806019e-01 
8469, 2.3092086e-01, 1.0000000e+00, 7.9666184e-01 
8470, 2.3092086e-01, 0.0000000e+00, 7.9666184e-01 
8471, 1.0530872e-01, 0.0000000e+00, 6.3993957e-01 
8472, 1.0530872e-01, 1.0000000e+00, 6.3993957e-01 
8473, 0.0000000e+00, 2.2323457e-01, 7.6950850e-01 
8474, 1.0000000e+00, 2.2323457e-01, 7.6950850e-01 
8475, 0.0000000e+00, 4.7599781e-01, 5.9168766e-01 
8476, 1.0000000e+00, 4.7599781e-01, 5.9168766e-01 
8477, 0.0000000e+00, 3.8195862e-01, 6.0970958e-01 
8478, 1.0000000e+00, 3.8195862e-01, 6.0970958e-01 
8479, 0.0000000e+00, 3.7565795e-01, 6.7674517e-01 
8480, 1.0000000e+00, 3.7565795e-01, 6.7674517e-01 
8481, 7.2644528e-01, 9.0033946e-01, 0.0000000e+00 
8482, 7.9432201e-01, 0.0000000e+00, 9.3994984e-01 
8483, 7.0566998e-01, 8.6113479e-01, 0.0000000e+00 
8484, 7.0566998e-01, 8.6113479e-01, 1.0000000e+00 
8485, 0.0000000e+00, 8.1607909e-01, 3.4522332e-01 
8486, 1.0000000e+00, 8.1607909e-01, 3.4522332e-01 
8487, 6.8228488e-01, 1.0000000e+00, 5.0550612e-01 
8488, 6.8228488e-01, 0.0000000e+00, 5.0550612e-01 
8489, 2.8105740e-01, 1.0000000e+00, 2.0793818e-01 
8490, 2.8105740e-01, 0.0000000e+00, 2.0793818e-01 
8491, 1.8322796e-01, 1.0000000e+00, 4.0013206e-02 
8492, 1.6475019e-01, 1.8039552e-02, 1.0000000e+00 
8493, 1.2113531e-01, 2.7496333e-01, 1.0000000e+00 
8494, 1.2113531e-01, 2.7496333e-01, 0.0000000e+00 
8495, 3.8329132e-03, 4.5464284e-02, 1.0000000e+00 
8496, 1.0000000e+00, 4.4441526e-02, 6.0433681e-03 
8497, 4.0977243e-01, 8.8919327e-01, 0.0000000e+00 
8498, 4.0977243e-01, 8.8919327e-01, 1.0000000e+00 
8499, 4.7076517e-01, 1.0000000e+00, 1.1825356e-01 
8500, 4.7076517e-01, 0.0000000e+00, 1.1825356e-01 
8501, 6.6415732e-01, 8.5312579e-01, 0.0000000e+00 
8502, 6.6415732e-01, 8.5312579e-01, 1.0000000e+00 
8503, 5.2569759e-01, 8.3195210e-01, 0.0000000e+00 
8504, 5.2569759e-01, 8.3195210e-01, 1.0000000e+00 
8505, 3.5731109e-02, 6.7600666e-01, 1.0000000e+00 
8506, 3.5731109e-02, 6.7600666e-01, 0.0000000e+00 
8507, 1.4044162e-01, 7.7592584e-01, 1.0000000e+00 
8508, 1.4044162e-01, 7.7592584e-01, 0.0000000e+00 
8509, 0.0000000e+00, 7.1612512e-01, 8.5753683e-01 
8510, 1.0000000e+00, 7.1612512e-01, 8.5753683e-01 
8511, 4.2088465e-01, 6.4560901e-01, 0.0000000e+00 
8512, 4.2088465e-01, 6.4560901e-01, 1.0000000e+00 
8513, 0.0000000e+00, 1.1350513e-01, 9.0172726e-01 
8514, 9.8714965e-01, 1.0000000e+00, 9.4162904e-01 
8515, 0.0000000e+00, 2.5717049e-01, 8.6173217e-01 
8516, 1.0000000e+00, 2.5717049e-01, 8.6173217e-01 
8517, 9.2502225e-03, 1.7201628e-01, 1.0000000e+00 
8518, 9.2502225e-03, 1.7201628e-01, 0.0000000e+00 
8519, 7.1201506e-01, 4.9789305e-01, 1.0000000e+00 
8520, 7.1201506e-01, 4.9789305e-01, 0.0000000e+00 
8521, 6.6965751e-01, 6.7964138e-01, 1.0000000e+00 
8522, 6.6965751e-01, 6.7964138e-01, 0.0000000e+00 
8523, 0.0000000e+00, 3.1443086e-01, 9.0807652e-01 
8524, 1.0000000e+00, 3.1443086e-01, 9.0807652e-01 
8525, 7.9137439e-01, 4.9730117e-01, 1.0000000e+00 
8526, 7.9137439e-01, 4.9730117e-01, 0.0000000e+00 
8527, 8.2149301e-01, 4.2783559e-01, 1.0000000e+00 
8528, 8.2149301e-01, 4.2783559e-01, 0.0000000e+00 
8529, 7.2555457e-01, 2.8273469e-01, 0.0000000e+00 
8530, 7.2555457e-01, 2.8273469e-01, 1.0000000e+00 
8531, 4.2018611e-01, 2.2565475e-01, 0.0000000e+00 
8532, 4.2018611e-01, 2.2565475e-01, 1.0000000e+00 
8533, 5.7885114e-01, 2.3410100e-01, 0.0000000e+00 
8534, 5.7885114e-01, 2.3410100e-01, 1.0000000e+00 
8535, 6.7759958e-01, 0.0000000e+00, 7.6709942e-01 
8536, 6.7759958e-01, 1.0000000e+00, 7.6709942e-01 
8537, 1.0000000e+00, 1.9806505e-01, 8.8176874e-01 
8538, 0.0000000e+00, 1.9806505e-01, 8.8176874e-01 
8539, 1.0000000e+00, 1.7138674e-01, 9.9738512e-01 
8540, 2.2037611e-03, 1.7086560e-01, 0.0000000e+00 
8541, 8.8629466e-01, 3.6620734e-01, 1.0000000e+00 
8542, 8.8629466e-01, 3.6620734e-01, 0.0000000e+00 
8543, 8.1432725e-01, 7.7145985e-01, 0.0000000e+00 
8544, 8.1432725e-01, 7.7145985e-01, 1.0000000e+00 
8545, 8.0503915e-01, 3.1503811e-01, 1.0000000e+00 
8546, 8.0503915e-01, 3.1503811e-01, 0.0000000e+00 
8547, 9.2286704e-01, 1.4593443e-01, 1.0000000e+00 
8548, 0.0000000e+00, 9.6273919e-02, 9.2238928e-02 
8549, 0.0000000e+00, 7.7471501e-01, 1.2072840e-01 
8550, 1.0000000e+00, 7.7471501e-01, 1.2072840e-01 
8551, 1.0000000e+00, 7.1443687e-01, 7.4825118e-01 
8552, 0.0000000e+00, 7.1443687e-01, 7.4825118e-01 
8553, 1.0000000e+00, 6.5781573e-01, 8.0470348e-01 
8554, 3.7475900e-02, 6.5377955e-01, 0.0000000e+00 
8555, 1.0000000e+00, 6.3798753e-01, 6.6135536e-01 
8556, 0.0000000e+00, 6.3798753e-01, 6.6135536e-01 
8557, 7.0347726e-01, 0.0000000e+00, 6.7535398e-01 
8558, 7.0347726e-01, 1.0000000e+00, 6.7535398e-01 
8559, 4.9950336e-01, 0.0000000e+00, 8.3365705e-01 
8560, 4.9950336e-01, 1.0000000e+00, 8.3365705e-01 
8561, 6.5056886e-01, 0.0000000e+00, 8.2072786e-01 
8562, 6.5056886e-01, 1.0000000e+00, 8.2072786e-01 
8563, 1.0000000e+00, 5.8574156e-01, 4.5269647e-01 
8564, 0.0000000e+00, 5.8574156e-01, 4.5269647e-01 
8565, 1.0000000e+00, 6.3604432e-01, 5.1260036e-01 
8566, 0.0000000e+00, 6.3604432e-01, 5.1260036e-01 
8567, 5.2520776e-01, 6.4251974e-01, 1.0000000e+00 
8568, 5.2520776e-01, 6.4251974e-01, 0.0000000e+00 
8569, 5.1150549e-01, 6.8210011e-01, 1.0000000e+00 
8570, 5.1150549e-01, 6.8210011e-01, 0.0000000e+00 
8571, 1.3356429e-01, 1.0000000e+00, 9.4125596e-01 
8572, 1.3356429e-01, 0.0000000e+00, 9.4125596e-01 
8573, 5.1429085e-01, 5.9689655e-01, 1.0000000e+00 
8574, 5.1429085e-01, 5.9689655e-01, 0.0000000e+00 
8575, 3.8292480e-01, 6.9382432e-01, 1.0000000e+00 
8576, 3.8292480e-01, 6.9382432e-01, 0.0000000e+00 
8577, 5.4629471e-02, 1.0000000e+00, 4.8112610e-02 
8578, 5.4629471e-02, 0.0000000e+00, 4.8112610e-02 
8579, 1.8515785e-01, 1.0000000e+00, 2.1000976e-01 
8580, 1.8515785e-01, 0.0000000e+00, 2.1000976e-01 
8581, 2.5477182e-01, 8.6004314e-01, 0.0000000e+00 
8582, 2.5477182e-01, 8.6004314e-01, 1.0000000e+00 
8583, 0.0000000e+00, 1.9633623e-01, 5.8632293e-01 
8584, 8.6840441e-01, 1.0000000e+00, 6.1031518e-01 
8585, 0.0000000e+00, 2.5099319e-01, 5.8729369e-01 
8586, 1.0000000e+00, 2.5099319e-01, 5.8729369e-01 
8587, 0.0000000e+00, 4.5691261e-01, 3.6855186e-01 
8588, 1.0000000e+00, 4.5691261e-01, 3.6855186e-01 
8589, 9.7394325e-01, 2.3123697e-01, 1.0000000e+00 
8590, 9.7394325e-01, 2.3123697e-01, 0.0000000e+00 
8591, 1.0000000e+00, 2.3057419e-01, 9.7462883e-01 
8592, 1.1524264e-01, 1.0000000e+00, 3.2492123e-03 
8593, 9.8199437e-01, 2.3974779e-01, 1.0000000e+00 
8594, 9.8199437e-01, 2.3974779e-01, 0.0000000e+00 
8595, 4.0711644e-01, 0.0000000e+00, 4.5328971e-01 
8596, 4.0711644e-01, 1.0000000e+00, 4.5328971e-01 
8597, 5.6476923e-01, 1.0000000e+00, 2.4769100e-01 
8598, 5.6476923e-01, 0.0000000e+00, 2.4769100e-01 
8599, 0.0000000e+00, 3.8893411e-01, 7.2396442e-02 
8600, 1.0000000e+00, 3.8893411e-01, 7.2396442e-02 
8601, 5.2047387e-02, 4.3306782e-01, 0.0000000e+00 
8602, 5.2047387e-02, 4.3306782e-01, 1.0000000e+00 
8603, 1.0000000e+00, 9.5319276e-01, 2.5435807e-03 
8604, 1.4622678e-03, 9.5281130e-01, 1.0000000e+00 
8605, 1.0000000e+00, 7.2709139e-01, 1.1434349e-01 
8606, 0.0000000e+00, 7.2709139e-01, 1.1434349e-01 
8607, 8.9696015e-01, 1.0000000e+00, 1.7551149e-01 
8608, 8.9696015e-01, 0.0000000e+00, 1.7551149e-01 
8609, 0.0000000e+00, 1.6982001e-01, 9.4014334e-02 
8610, 1.0000000e+00, 1.6982001e-01, 9.4014334e-02 
8611, 1.7599087e-01, 4.0112060e-01, 0.0000000e+00 
8612, 1.7599087e-01, 4.0112060e-01, 1.0000000e+00 
8613, 6.0124695e-02, 0.0000000e+00, 1.1939850e-01 
8614, 6.0124695e-02, 1.0000000e+00, 1.1939850e-01 
8615, 3.4656636e-01, 1.0000000e+00, 7.1349594e-01 
8616, 3.4656636e-01, 0.0000000e+00, 7.1349594e-01 
8617, 3.2472277e-01, 1.0000000e+00, 7.2345278e-01 
8618, 3.2472277e-01, 0.0000000e+00, 7.2345278e-01 
8619, 3.3533184e-01, 1.0000000e+00, 7.1172532e-01 
8620, 3.3533184e-01, 0.0000000e+00, 7.1172532e-01 
8621, 0.0000000e+00, 2.5339665e-01, 4.2838934e-01 
8622, 1.0000000e+00, 2.5339665e-01, 4.2838934e-01 
8623, 0.0000000e+00, 2.4539317e-01, 3.9367663e-01 
8624, 1.0000000e+00, 2.4539317e-01, 3.9367663e-01 
8625, 1.0000000e+00, 7.9822616e-01, 2.5300110e-01 
8626, 2.2478291e-02, 0.0000000e+00, 2.5399672e-01 
8627, 1.0000000e+00, 7.6719053e-01, 2.6195647e-01 
8628, 0.0000000e+00, 7.6719053e-01, 2.6195647e-01 
8629, 1.0000000e+00, 7.7452141e-01, 2.5069373e-01 
8630, 0.0000000e+00, 7.7452141e-01, 2.5069373e-01 
8631, 1.7776820e-01, 1.0000000e+00, 8.3675497e-01 
8632, 1.7776820e-01, 0.0000000e+00, 8.3675497e-01 
8633, 3.0667993e-01, 1.0000000e+00, 8.7156708e-01 
8634, 3.0667993e-01, 0.0000000e+00, 8.7156708e-01 
8635, 6.3024893e-01, 6.6459738e-01, 0.0000000e+00 
8636, 6.3024893e-01, 6.6459738e-01, 1.0000000e+00 
8637, 3.3408199e-01, 2.1069484e-01, 1.0000000e+00 
8638, 3.3408199e-01, 2.1069484e-01, 0.0000000e+00 
8639, 0.0000000e+00, 1.2927654e-01, 8.3234047e-01 
8640, 1.0000000e+00, 1.2927654e-01, 8.3234047e-01 
8641, 1.9788479e-01, 0.0000000e+00, 9.8683130e-01 
8642, 1.9862945e-01, 9.8296869e-01, 0.0000000e+00 
8643, 0.0000000e+00, 1.5914291e-01, 8.8963724e-01 
8644, 1.0000000e+00, 1.5914291e-01, 8.8963724e-01 
8645, 3.5174148e-01, 0.0000000e+00, 2.2176204e-01 
8646, 3.5174148e-01, 1.0000000e+00, 2.2176204e-01 
8647, 4.1364773e-02, 5.3225429e-01, 0.0000000e+00 
8648, 4.1364773e-02, 5.3225429e-01, 1.0000000e+00 
8649, 0.0000000e+00, 6.9624603e-01, 2.0943126e-01 
8650, 1.0000000e+00, 6.9624603e-01, 2.0943126e-01 
8651, 3.5327539e-01, 6.8361161e-01, 0.0000000e+00 
8652, 3.5327539e-01, 6.8361161e-01, 1.0000000e+00 
8653, 1.0000000e+00, 4.3285189e-01, 2.9511988e-01 
8654, 0.0000000e+00, 4.3285189e-01, 2.9511988e-01 
8655, 1.0000000e+00, 6.2571325e-01, 2.8567082e-01 
8656, 0.0000000e+00, 6.2571325e-01, 2.8567082e-01 
8657, 0.0000000e+00, 9.7149918e-01, 5.8764719e-01 
8658, 9.8794005e-01, 0.0000000e+00, 5.6689709e-01 
8659, 8.9738422e-02, 1.0000000e+00, 5.6559438e-01 
8660, 8.9738422e-02, 0.0000000e+00, 5.6559438e-01 
8661, 0.0000000e+00, 8.2612456e-01, 6.5143731e-01 
8662, 1.0000000e+00, 8.2612456e-01, 6.5143731e-01 
8663, 6.3294977e-01, 1.0000000e+00, 8.3773092e-01 
8664, 6.3294977e-01, 0.0000000e+00, 8.3773092e-01 
8665, 0.0000000e+00, 4.3028406e-02, 2.3283695e-02 
8666, 1.0000000e+00, 4.3028406e-02, 2.3283695e-02 
8667, 2.4213302e-01, 1.0437607e-01, 0.0000000e+00 
8668, 2.4213302e-01, 1.0437607e-01, 1.0000000e+00 
8669, 2.8116780e-01, 1.0671690e-01, 0.0000000e+00 
8670, 2.8116780e-01, 1.0671690e-01, 1.0000000e+00 
8671, 2.0945079e-01, 1.1957833e-01, 0.0000000e+00 
8672, 2.0945079e-01, 1.1957833e-01, 1.0000000e+00 
8673, 4.9317221e-01, 0.0000000e+00, 5.0743112e-01 
8674, 4.9317221e-01, 1.0000000e+00, 5.0743112e-01 
8675, 6.3165558e-01, 0.0000000e+00, 5.5460413e-01 
8676, 6.3165558e-01, 1.0000000e+00, 5.5460413e-01 
8677, 2.8900071e-01, 1.0000000e+00, 5.9896732e-01 
8678, 2.8900071e-01, 0.0000000e+00, 5.9896732e-01 
8679, 1.0000000e+00, 1.1653167e-01, 8.9593458e-01 
8680, 1.6853485e-01, 1.0000000e+00, 7.8232158e-01 
8681, 1.0000000e+00, 1.2280856e-01, 9.0698931e-01 
8682, 6.1621896e-02, 1.5659904e-01, 0.0000000e+00 
8683, 1.0000000e+00, 2.7888553e-02, 9.1261197e-01 
8684, 1.5323410e-03, 1.0000000e+00, 9.1662663e-01 
8685, 5.0018861e-01, 6.5189008e-01, 1.0000000e+00 
8686, 5.0018861e-01, 6.5189008e-01, 0.0000000e+00 
8687, 8.5310635e-01, 6.3119699e-01, 1.0000000e+00 
8688, 8.5310635e-01, 6.3119699e-01, 0.0000000e+00 
8689, 1.0000000e+00, 7.6453781e-01, 9.9362070e-01 
8690, 1.1309877e-03, 7.7100737e-01, 0.0000000e+00 
8691, 1.0000000e+00, 2.8603318e-01, 1.4083417e-01 
8692, 0.0000000e+00, 2.8603318e-01, 1.4083417e-01 
8693, 1.0000000e+00, 1.2898301e-01, 4.4378465e-02 
8694, 0.0000000e+00, 1.2898301e-01, 4.4378465e-02 
8695, 5.9208880e-01, 0.0000000e+00, 8.8865437e-01 
8696, 5.9208880e-01, 1.0000000e+00, 8.8865437e-01 
8697, 7.5779334e-01, 4.9713692e-01, 0.0000000e+00 
8698, 7.5779334e-01, 4.9713692e-01, 1.0000000e+00 
8699, 5.6874489e-01, 5.8251392e-01, 0.0000000e+00 
8700, 5.6874489e-01, 5.8251392e-01, 1.0000000e+00 
8701, 1.0000000e+00, 4.4665358e-01, 9.0972087e-01 
8702, 0.0000000e+00, 4.4665358e-01, 9.0972087e-01 
8703, 3.7985625e-01, 1.0000000e+00, 6.0239311e-01 
8704, 3.7985625e-01, 0.0000000e+00, 6.0239311e-01 
8705, 7.1504782e-01, 0.0000000e+00, 1.4016294e-01 
8706, 7.1504782e-01, 1.0000000e+00, 1.4016294e-01 
8707, 3.4157585e-01, 1.8239428e-01, 0.0000000e+00 
8708, 3.4157585e-01, 1.8239428e-01, 1.0000000e+00 
8709, 5.8801697e-01, 1.2560686e-01, 0.0000000e+00 
8710, 5.8801697e-01, 1.2560686e-01, 1.0000000e+00 
8711, 4.4997939e-01, 3.9964833e-01, 0.0000000e+00 
8712, 4.4997939e-01, 3.9964833e-01, 1.0000000e+00 
8713, 6.4266874e-01, 1.0000000e+00, 3.7541018e-01 
8714, 6.4266874e-01, 0.0000000e+00, 3.7541018e-01 
8715, 6.0433005e-01, 1.0000000e+00, 3.0897793e-01 
8716, 6.0433005e-01, 0.0000000e+00, 3.0897793e-01 
8717, 7.1237202e-01, 2.6752135e-01, 0.0000000e+00 
8718, 7.1237202e-01, 2.6752135e-01, 1.0000000e+00 
8719, 0.0000000e+00, 9.1763044e-01, 1.5909689e-01 
8720, 1.0000000e+00, 9.1763044e-01, 1.5909689e-01 
8721, 3.1546376e-01, 9.9968546e-01, 1.0000000e+00 
8722, 3.1577969e-01, 0.0000000e+00, 1.6690413e-04 
8723, 2.1312330e-01, 8.5748491e-01, 1.0000000e+00 
8724, 2.1312330e-01, 8.5748491e-01, 0.0000000e+00 
8725, 1.7461969e-01, 9.0241282e-01, 1.0000000e+00 
8726, 1.7461969e-01, 9.0241282e-01, 0.0000000e+00 
8727, 1.4684527e-01, 1.0000000e+00, 1.2933854e-01 
8728, 1.4684527e-01, 0.0000000e+00, 1.2933854e-01 
8729, 0.0000000e+00, 6.9851683e-01, 2.3062598e-01 
8730, 1.0000000e+00, 6.9851683e-01, 2.3062598e-01 
8731, 1.0000000e+00, 3.0052870e-01, 8.7890071e-01 
8732, 0.0000000e+00, 3.0052870e-01, 8.7890071e-01 
8733, 1.0000000e+00, 3.0010403e-01, 8.8603380e-01 
8734, 1.1900188e-01, 3.6548047e-01, 0.0000000e+00 
8735, 1.0000000e+00, 3.2025916e-01, 8.5577655e-01 
8736, 0.0000000e+00, 3.2025916e-01, 8.5577655e-01 
8737, 3.2426816e-01, 5.2253298e-01, 1.0000000e+00 
8738, 3.2426816e-01, 5.2253298e-01, 0.0000000e+00 
8739, 2.9898157e-01, 5.6244340e-01, 1.0000000e+00 
8740, 2.9898157e-01, 5.6244340e-01, 0.0000000e+00 
8741, 0.0000000e+00, 3.2904878e-01, 7.5602886e-01 
8742, 1.0000000e+00, 3.2904878e-01, 7.5602886e-01 
8743, 8.0954001e-01, 4.3694182e-01, 1.0000000e+00 
8744, 8.0954001e-01, 4.3694182e-01, 0.0000000e+00 
8745, 9.8582399e-01, 7.0996684e-01, 1.0000000e+00 
8746, 9.8582399e-01, 7.0996684e-01, 0.0000000e+00 
8747, 6.1556450e-01, 9.1447783e-01, 0.0000000e+00 
8748, 6.1556450e-01, 9.1447783e-01, 1.0000000e+00 
8749, 6.9610733e-01, 1.0000000e+00, 1.5524662e-02 
8750, 7.0477801e-01, 1.2984504e-02, 1.0000000e+00 
8751, 6.7897775e-01, 1.0000000e+00, 2.8427979e-02 
8752, 6.8758537e-01, 3.1682980e-02, 1.0000000e+00 
8753, 1.0000000e+00, 7.0131496e-01, 5.4857106e-01 
8754, 0.0000000e+00, 7.0131496e-01, 5.4857106e-01 
8755, 1.0000000e+00, 7.0716227e-01, 4.1433885e-01 
8756, 0.0000000e+00, 7.0716227e-01, 4.1433885e-01 
8757, 1.5579083e-01, 1.0000000e+00, 2.5136322e-01 
8758, 1.5579083e-01, 0.0000000e+00, 2.5136322e-01 
8759, 1.1375718e-01, 1.0000000e+00, 2.1350554e-01 
8760, 1.1375718e-01, 0.0000000e+00, 2.1350554e-01 
8761, 2.9645987e-01, 1.0000000e+00, 7.5728979e-01 
8762, 2.9645987e-01, 0.0000000e+00, 7.5728979e-01 
8763, 2.2772397e-01, 9.2979359e-01, 1.0000000e+00 
8764, 2.2772397e-01, 9.2979359e-01, 0.0000000e+00 
8765, 0.0000000e+00, 2.1864746e-01, 5.0514660e-01 
8766, 1.0000000e+00, 2.1864746e-01, 5.0514660e-01 
8767, 0.0000000e+00, 1.0472358e-01, 3.6576230e-01 
8768, 1.0000000e+00, 1.0472358e-01, 3.6576230e-01 
8769, 0.0000000e+00, 3.1733729e-01, 3.9024721e-01 
8770, 1.0000000e+00, 3.1733729e-01, 3.9024721e-01 
8771, 0.0000000e+00, 2.4004026e-01, 3.4626087e-01 
8772, 1.0000000e+00, 2.4004026e-01, 3.4626087e-01 
8773, 7.4778531e-01, 8.1268520e-01, 1.0000000e+00 
8774, 7.4778531e-01, 8.1268520e-01, 0.0000000e+00 
8775, 9.2584568e-01, 8.2592109e-01, 1.0000000e+00 
8776, 0.0000000e+00, 8.0583185e-01, 5.1518588e-02 
8777, 7.5575516e-01, 1.0000000e+00, 9.1003807e-01 
8778, 7.5575516e-01, 0.0000000e+00, 9.1003807e-01 
8779, 1.0000000e+00, 8.9235321e-01, 8.7005699e-01 
8780, 0.0000000e+00, 8.9235321e-01, 8.7005699e-01 
8781, 2.3064451e-01, 1.0000000e+00, 7.8820566e-01 
8782, 2.3064451e-01, 0.0000000e+00, 7.8820566e-01 
8783, 2.2306136e-01, 1.0000000e+00, 7.9458983e-01 
8784, 2.2306136e-01, 0.0000000e+00, 7.9458983e-01 
8785, 0.0000000e+00, 7.8987884e-01, 4.8736748e-01 
8786, 1.0000000e+00, 7.8987884e-01, 4.8736748e-01 
8787, 2.1845959e-01, 1.0000000e+00, 6.9736579e-01 
8788, 2.1845959e-01, 0.0000000e+00, 6.9736579e-01 
8789, 5.5098186e-01, 8.8003427e-01, 0.0000000e+00 
8790, 4.1825618e-01, 0.0000000e+00, 8.8553550e-01 
8791, 4.3248576e-01, 1.0000000e+00, 4.3201743e-02 
8792, 4.3248576e-01, 0.0000000e+00, 4.3201743e-02 
8793, 5.5537172e-01, 1.0000000e+00, 5.3243288e-02 
8794, 5.5537172e-01, 0.0000000e+00, 5.3243288e-02 
8795, 5.5103272e-01, 1.0000000e+00, 4.9376959e-02 
8796, 5.5103272e-01, 0.0000000e+00, 4.9376959e-02 
8797, 6.0538572e-01, 9.8734520e-01, 0.0000000e+00 
8798, 6.0538572e-01, 9.8734520e-01, 1.0000000e+00 
8799, 3.1189350e-01, 0.0000000e+00, 2.2412664e-01 
8800, 3.1189350e-01, 1.0000000e+00, 2.2412664e-01 
8801, 0.0000000e+00, 1.0214099e-01, 2.6139755e-01 
8802, 1.0000000e+00, 1.0214099e-01, 2.6139755e-01 
8803, 2.0394080e-01, 0.0000000e+00, 1.9194941e-01 
8804, 2.0394080e-01, 1.0000000e+00, 1.9194941e-01 
8805, 1.0000000e+00, 2.0716636e-01, 9.4053248e-03 
8806, 0.0000000e+00, 2.0716636e-01, 9.4053248e-03 
8807, 1.0000000e+00, 7.5033604e-01, 4.8409015e-01 
8808, 0.0000000e+00, 7.5033604e-01, 4.8409015e-01 
8809, 7.1187988e-01, 1.0000000e+00, 5.6661822e-01 
8810, 7.1187988e-01, 0.0000000e+00, 5.6661822e-01 
8811, 7.9148922e-01, 1.0000000e+00, 6.0096945e-01 
8812, 7.9148922e-01, 0.0000000e+00, 6.0096945e-01 
8813, 5.0916057e-01, 1.0000000e+00, 3.9946393e-01 
8814, 5.0916057e-01, 0.0000000e+00, 3.9946393e-01 
8815, 7.7610336e-01, 1.2056012e-01, 0.0000000e+00 
8816, 7.7610336e-01, 1.2056012e-01, 1.0000000e+00 
8817, 9.1627118e-01, 0.0000000e+00, 1.0971676e-01 
8818, 9.1627118e-01, 1.0000000e+00, 1.0971676e-01 
8819, 8.8065391e-01, 1.0000000e+00, 5.3214288e-02 
8820, 8.8065391e-01, 0.0000000e+00, 5.3214288e-02 
8821, 1.0000000e+00, 6.9531469e-01, 1.0468016e-01 
8822, 0.0000000e+00, 6.9531469e-01, 1.0468016e-01 
8823, 8.4899508e-01, 1.0000000e+00, 1.5256489e-01 
8824, 8.4899508e-01, 0.0000000e+00, 1.5256489e-01 
8825, 0.0000000e+00, 7.9704367e-01, 4.1469832e-01 
8826, 1.0000000e+00, 7.9704367e-01, 4.1469832e-01 
8827, 1.0000000e+00, 4.5513389e-01, 6.5430042e-01 
8828, 0.0000000e+00, 4.5513389e-01, 6.5430042e-01 
8829, 0.0000000e+00, 4.3166136e-01, 2.6638672e-01 
8830, 1.0000000e+00, 4.3166136e-01, 2.6638672e-01 
8831, 1.0000000e+00, 7.2749021e-01, 8.5935710e-01 
8832, 0.0000000e+00, 7.2749021e-01, 8.5935710e-01 
8833, 1.0000000e+00, 8.0319688e-01, 3.2876936e-01 
8834, 9.4247094e-02, 0.0000000e+00, 3.8971554e-01 
8835, 6.3571386e-01, 4.5639102e-01, 0.0000000e+00 
8836, 6.3571386e-01, 4.5639102e-01, 1.0000000e+00 
8837, 2.4291926e-01, 1.0000000e+00, 9.4351164e-01 
8838, 2.4291926e-01, 0.0000000e+00, 9.4351164e-01 
8839, 6.5354579e-01, 6.0483058e-01, 1.0000000e+00 
8840, 6.5354579e-01, 6.0483058e-01, 0.0000000e+00 
8841, 6.7136859e-01, 7.0708734e-01, 1.0000000e+00 
8842, 6.7136859e-01, 7.0708734e-01, 0.0000000e+00 
8843, 7.5453423e-01, 7.5070307e-01, 0.0000000e+00 
8844, 7.5453423e-01, 7.5070307e-01, 1.0000000e+00 
8845, 7.9620205e-02, 1.0000000e+00, 4.5883875e-01 
8846, 7.9620205e-02, 0.0000000e+00, 4.5883875e-01 
8847, 9.3940130e-01, 4.5372390e-01, 0.0000000e+00 
8848, 9.3940130e-01, 4.5372390e-01, 1.0000000e+00 
8849, 8.9444330e-01, 6.7132926e-01, 0.0000000e+00 
8850, 8.9444330e-01, 6.7132926e-01, 1.0000000e+00 
8851, 9.2665052e-01, 6.4226281e-01, 0.0000000e+00 
8852, 0.0000000e+00, 7.5930798e-01, 9.2903780e-01 
8853, 7.8448837e-01, 3.4560453e-01, 0.0000000e+00 
8854, 7.8448837e-01, 3.4560453e-01, 1.0000000e+00 
8855, 8.2205705e-01, 2.3511174e-01, 0.0000000e+00 
8856, 8.2205705e-01, 2.3511174e-01, 1.0000000e+00 
8857, 3.9070851e-01, 6.3615962e-01, 0.0000000e+00 
8858, 3.9070851e-01, 6.3615962e-01, 1.0000000e+00 
8859, 6.6430572e-01, 0.0000000e+00, 6.4578231e-01 
8860, 6.6430572e-01, 1.0000000e+00, 6.4578231e-01 
8861, 1.0000000e+00, 3.4834662e-01, 8.9351080e-01 
8862, 0.0000000e+00, 3.4834662e-01, 8.9351080e-01 
8863, 4.2398003e-01, 8.5850939e-01, 1.0000000e+00 
8864, 4.2398003e-01, 8.5850939e-01, 0.0000000e+00 
8865, 1.1528442e-01, 8.5942483e-01, 1.0000000e+00 
8866, 1.1528442e-01, 8.5942483e-01, 0.0000000e+00 
8867, 1.2405926e-01, 1.0000000e+00, 8.7457308e-01 
8868, 1.2405926e-01, 0.0000000e+00, 8.7457308e-01 
8869, 0.0000000e+00, 3.4174388e-01, 8.0828547e-01 
8870, 1.0000000e+00, 3.4174388e-01, 8.0828547e-01 
8871, 0.0000000e+00, 2.9223742e-01, 7.7943095e-01 
8872, 1.0000000e+00, 2.9223742e-01, 7.7943095e-01 
8873, 0.0000000e+00, 4.8770581e-01, 6.3673195e-01 
8874, 1.0000000e+00, 4.8770581e-01, 6.3673195e-01 
8875, 5.5607602e-01, 0.0000000e+00, 8.8071712e-01 
8876, 5.1710631e-01, 9.3373652e-01, 0.0000000e+00 
8877, 1.3319716e-01, 0.0000000e+00, 6.7996894e-01 
8878, 1.3319716e-01, 1.0000000e+00, 6.7996894e-01 
8879, 1.2304780e-01, 0.0000000e+00, 8.2487697e-01 
8880, 1.2304780e-01, 1.0000000e+00, 8.2487697e-01 
8881, 0.0000000e+00, 4.6617466e-02, 8.1677846e-01 
8882, 1.0000000e+00, 4.6617466e-02, 8.1677846e-01 
8883, 8.0621714e-01, 1.0000000e+00, 5.3049260e-01 
8884, 8.0621714e-01, 0.0000000e+00, 5.3049260e-01 
8885, 7.2938217e-01, 1.0000000e+00, 4.9983195e-01 
8886, 7.2938217e-01, 0.0000000e+00, 4.9983195e-01 
8887, 1.0000000e+00, 6.3300666e-01, 1.0567872e-01 
8888, 0.0000000e+00, 6.3300666e-01, 1.0567872e-01 
8889, 5.7924305e-01, 7.9410462e-01, 1.0000000e+00 
8890, 5.7924305e-01, 7.9410462e-01, 0.0000000e+00 
8891, 3.4528137e-01, 1.0000000e+00, 6.8370469e-01 
8892, 3.4528137e-01, 0.0000000e+00, 6.8370469e-01 
8893, 8.9295878e-01, 1.0000000e+00, 3.1166883e-01 
8894, 8.9295878e-01, 0.0000000e+00, 3.1166883e-01 
8895, 1.0000000e+00, 8.3040923e-01, 2.9065847e-01 
8896, 0.0000000e+00, 8.3040923e-01, 2.9065847e-01 
8897, 4.2870294e-01, 7.6198323e-01, 0.0000000e+00 
8898, 4.2870294e-01, 7.6198323e-01, 1.0000000e+00 
8899, 3.5935746e-01, 1.0000000e+00, 5.8013750e-01 
8900, 3.5935746e-01, 0.0000000e+00, 5.8013750e-01 
8901, 3.6150946e-01, 1.0000000e+00, 3.3196632e-01 
8902, 3.6150946e-01, 0.0000000e+00, 3.3196632e-01 
8903, 2.6802853e-01, 1.0000000e+00, 4.2528962e-01 
8904, 2.6802853e-01, 0.0000000e+00, 4.2528962e-01 
8905, 1.0000000e+00, 8.1014307e-01, 7.8092352e-01 
8906, 0.0000000e+00, 8.1014307e-01, 7.8092352e-01 
8907, 1.0000000e+00, 8.3452180e-01, 9.2737029e-01 
8908, 2.3175362e-02, 8.4401281e-01, 0.0000000e+00 
8909, 3.0608365e-01, 7.0265580e-01, 0.0000000e+00 
8910, 3.0608365e-01, 7.0265580e-01, 1.0000000e+00 
8911, 2.8670127e-01, 4.7297039e-01, 0.0000000e+00 
8912, 2.8670127e-01, 4.7297039e-01, 1.0000000e+00 
8913, 4.4837095e-01, 4.3171921e-01, 0.0000000e+00 
8914, 4.4837095e-01, 4.3171921e-01, 1.0000000e+00 
8915, 5.5435051e-01, 2.8456498e-01, 2.7755576e-17 
8916, 5.5435051e-01, 2.8456498e-01, 1.0000000e+00 
8917, 5.8400457e-01, 4.8804132e-01, 0.0000000e+00 
8918, 5.8400457e-01, 4.8804132e-01, 1.0000000e+00 
8919, 4.5189185e-01, 0.0000000e+00, 4.8114420e-01 
8920, 4.5189185e-01, 1.0000000e+00, 4.8114420e-01 
8921, 2.6376832e-01, 0.0000000e+00, 2.4459442e-01 
8922, 2.6376832e-01, 1.0000000e+00, 2.4459442e-01 
8923, 8.4358956e-01, 6.5649810e-01, 1.0000000e+00 
8924, 8.4358956e-01, 6.5649810e-01, 0.0000000e+00 
8925, 1.0000000e+00, 7.7682741e-01, 8.0251167e-01 
8926, 0.0000000e+00, 7.7682741e-01, 8.0251167e-01 
8927, 7.6108013e-01, 1.0000000e+00, 7.1401905e-01 
8928, 7.6108013e-01, 0.0000000e+00, 7.1401905e-01 
8929, 8.1722753e-01, 1.2052648e-01, 1.0000000e+00 
8930, 8.1722753e-01, 1.2052648e-01, 0.0000000e+00 
8931, 8.6387513e-01, 9.0775122e-02, 1.0000000e+00 
8932, 8.6387513e-01, 9.0775122e-02, 0.0000000e+00 
8933, 6.8385229e-01, 5.3977344e-01, 0.0000000e+00 
8934, 6.8385229e-01, 5.3977344e-01, 1.0000000e+00 
8935, 6.7727471e-01, 1.0000000e+00, 9.7124510e-01 
8936, 6.7727471e-01, 0.0000000e+00, 9.7124510e-01 
8937, 9.0579146e-01, 7.8881107e-01, 1.0000000e+00 
8938, 9.0579146e-01, 7.8881107e-01, 0.0000000e+00 
8939, 7.0935105e-01, 8.1606587e-01, 1.0000000e+00 
8940, 7.0935105e-01, 8.1606587e-01, 0.0000000e+00 
8941, 1.0000000e+00, 5.1237129e-01, 6.8930410e-01 
8942, 0.0000000e+00, 5.1237129e-01, 6.8930410e-01 
8943, 6.6316063e-01, 8.0653785e-01, 1.0000000e+00 
8944, 6.6316063e-01, 8.0653785e-01, 0.0000000e+00 
8945, 6.9696536e-01, 7.9861721e-01, 1.0000000e+00 
8946, 6.9696536e-01, 7.9861721e-01, 0.0000000e+00 
8947, 6.6282112e-01, 8.3737284e-01, 1.0000000e+00 
8948, 7.4770101e-01, 0.0000000e+00, 7.3352965e-02 
8949, 7.0781039e-01, 1.1025421e-01, 0.0000000e+00 
8950, 7.0781039e-01, 1.1025421e-01, 1.0000000e+00 
8951, 6.7279648e-01, 1.7717548e-01, 0.0000000e+00 
8952, 6.7279648e-01, 1.7717548e-01, 1.0000000e+00 
8953, 8.2399256e-01, 1.0000000e+00, 8.8711640e-02 
8954, 8.2399256e-01, 0.0000000e+00, 8.8711640e-02 
8955, 9.0523807e-01, 9.2751052e-01, 0.0000000e+00 
8956, 9.0523807e-01, 9.2751052e-01, 1.0000000e+00 
8957, 1.0000000e+00, 9.2025134e-01, 2.1746772e-01 
8958, 0.0000000e+00, 9.2025134e-01, 2.1746772e-01 
8959, 1.9713763e-01, 5.6025088e-01, 1.0000000e+00 
8960, 1.9713763e-01, 5.6025088e-01, 0.0000000e+00 
8961, 1.5924356e-01, 5.5193754e-01, 1.0000000e+00 
8962, 1.0000000e+00, 5.7663654e-01, 5.5267077e-02 
8963, 1.6903829e-01, 5.6375352e-01, 1.0000000e+00 
8964, 1.0000000e+00, 7.2311135e-01, 9.2606001e-02 
8965, 6.0884548e-01, 0.0000000e+00, 2.6648968e-01 
8966, 6.0884548e-01, 1.0000000e+00, 2.6648968e-01 
8967, 9.2727342e-01, 1.0000000e+00, 8.4797889e-01 
8968, 9.2727342e-01, 0.0000000e+00, 8.4797889e-01 
8969, 2.2973909e-01, 3.7689048e-01, 1.0000000e+00 
8970, 2.2973909e-01, 3.7689048e-01, 0.0000000e+00 
8971, 1.0000000e+00, 7.9682825e-01, 9.3808195e-01 
8972, 4.9025701e-02, 8.6258860e-01, 0.0000000e+00 
8973, 1.0000000e+00, 7.2601306e-01, 6.9664046e-01 
8974, 0.0000000e+00, 7.2601306e-01, 6.9664046e-01 
8975, 1.5809707e-01, 0.0000000e+00, 7.1908245e-01 
8976, 1.5809707e-01, 1.0000000e+00, 7.1908245e-01 
8977, 1.6095709e-01, 3.0876501e-02, 1.0000000e+00 
8978, 1.6095709e-01, 3.0876501e-02, 0.0000000e+00 
8979, 1.3666669e-01, 0.0000000e+00, 8.5008562e-01 
8980, 1.3666669e-01, 1.0000000e+00, 8.5008562e-01 
8981, 1.2444835e-01, 0.0000000e+00, 8.7127028e-01 
8982, 1.2444835e-01, 1.0000000e+00, 8.7127028e-01 
8983, 7.4363849e-01, 1.0000000e+00, 8.7602475e-01 
8984, 7.4363849e-01, 0.0000000e+00, 8.7602475e-01 
8985, 7.4669059e-01, 1.0000000e+00, 8.5913332e-01 
8986, 7.4669059e-01, 0.0000000e+00, 8.5913332e-01 
8987, 1.0000000e+00, 4.6798861e-01, 1.4232448e-01 
8988, 0.0000000e+00, 4.6798861e-01, 1.4232448e-01 
8989, 1.0000000e+00, 4.7852601e-01, 3.2026903e-01 
8990, 0.0000000e+00, 4.7852601e-01, 3.2026903e-01 
8991, 1.0000000e+00, 7.1112679e-01, 2.7707794e-01 
8992, 0.0000000e+00, 7.1112679e-01, 2.7707794e-01 
8993, 1.0000000e+00, 6.2036596e-01, 3.9060375e-01 
8994, 0.0000000e+00, 6.2036596e-01, 3.9060375e-01 
8995, 1.7856232e-01, 1.0000000e+00, 5.2695443e-01 
8996, 1.7856232e-01, 0.0000000e+00, 5.2695443e-01 
8997, 1.6945865e-01, 1.0000000e+00, 5.3888914e-01 
8998, 1.6945865e-01, 0.0000000e+00, 5.3888914e-01 
8999, 2.9213718e-01, 5.6667268e-01, 0.0000000e+00 
9000, 2.9213718e-01, 5.6667268e-01, 1.0000000e+00 
9001, 0.0000000e+00, 4.8318971e-02, 2.5319106e-01 
9002, 9.3833530e-01, 1.0000000e+00, 2.8081573e-01 
9003, 3.4694470e-18, 7.7939924e-02, 1.9934017e-01 
9004, 8.5600132e-01, 1.1023750e-01, 1.0000000e+00 
9005, 1.9442620e-01, 5.5828739e-01, 0.0000000e+00 
9006, 1.9442620e-01, 5.5828739e-01, 1.0000000e+00 
9007, 1.0000000e+00, 6.6354267e-01, 9.3064593e-01 
9008, 0.0000000e+00, 6.6354267e-01, 9.3064593e-01 
9009, 8.5677437e-01, 6.0345117e-01, 1.0000000e+00 
9010, 8.5677437e-01, 6.0345117e-01, 0.0000000e+00 
9011, 1.5757940e-01, 0.0000000e+00, 9.2006044e-01 
9012, 1.4121030e-01, 9.4049315e-01, 0.0000000e+00 
9013, 1.2413172e-01, 0.0000000e+00, 8.4181705e-01 
9014, 1.2413172e-01, 1.0000000e+00, 8.4181705e-01 
9015, 5.0970856e-01, 6.9104714e-01, 0.0000000e+00 
9016, 5.0970856e-01, 6.9104714e-01, 1.0000000e+00 
9017, 5.6270694e-01, 5.9565560e-01, 0.0000000e+00 
9018, 5.6270694e-01, 5.9565560e-01, 1.0000000e+00 
9019, 5.5721392e-01, 1.3877788e-17, 3.6476959e-01 
9020, 5.5721392e-01, 1.0000000e+00, 3.6476959e-01 
9021, 5.3556651e-01, 3.9564011e-01, 0.0000000e+00 
9022, 5.3556651e-01, 3.9564011e-01, 1.0000000e+00 
9023, 7.6254917e-01, 3.9087049e-01, 1.3877788e-17 
9024, 7.6254917e-01, 3.9087049e-01, 1.0000000e+00 
9025, 6.6758058e-01, 2.4976245e-01, 0.0000000e+00 
9026, 6.6758058e-01, 2.4976245e-01, 1.0000000e+00 
9027, 5.9858465e-01, 0.0000000e+00, 1.1391718e-01 
9028, 5.9858465e-01, 1.0000000e+00, 1.1391718e-01 
9029, 7.1123047e-01, 0.0000000e+00, 1.0555563e-01 
9030, 7.1123047e-01, 1.0000000e+00, 1.0555563e-01 
9031, 6.2526869e-01, 0.0000000e+00, 7.1883734e-02 
9032, 6.0781922e-01, 9.8389625e-01, 1.0000000e+00 
9033, 2.0591715e-01, 0.0000000e+00, 9.5021626e-01 
9034, 2.0591715e-01, 1.0000000e+00, 9.5021626e-01 
9035, 5.4187688e-01, 0.0000000e+00, 8.8605950e-01 
9036, 5.4187688e-01, 1.0000000e+00, 8.8605950e-01 
9037, 0.0000000e+00, 6.8743229e-01, 3.5635130e-01 
9038, 1.0000000e+00, 6.8743229e-01, 3.5635130e-01 
9039, 0.0000000e+00, 6.9290197e-01, 4.8832108e-02 
9040, 1.0000000e+00, 6.9290197e-01, 4.8832108e-02 
9041, 3.5260075e-01, 6.5725308e-01, 0.0000000e+00 
9042, 3.5260075e-01, 6.5725308e-01, 1.0000000e+00 
9043, 2.9463175e-01, 6.4369551e-01, 0.0000000e+00 
9044, 2.9463175e-01, 6.4369551e-01, 1.0000000e+00 
9045, 0.0000000e+00, 2.7396763e-02, 8.0545366e-01 
9046, 9.7418520e-01, 1.0000000e+00, 7.9737031e-01 
9047, 3.7833125e-02, 0.0000000e+00, 9.5880927e-01 
9048, 2.0151275e-02, 9.5892956e-01, 0.0000000e+00 
9049, 7.3640429e-02, 0.0000000e+00, 8.6359729e-01 
9050, 7.3640429e-02, 1.0000000e+00, 8.6359729e-01 
9051, 1.0000000e+00, 6.4231494e-01, 4.0146777e-01 
9052, 0.0000000e+00, 6.4231494e-01, 4.0146777e-01 
9053, 5.1424657e-01, 1.1243358e-01, 1.0000000e+00 
9054, 5.6694990e-01, 1.0000000e+00, 9.5486322e-02 
9055, 4.6236787e-01, 1.1805906e-01, 1.0000000e+00 
9056, 4.6236787e-01, 1.1805906e-01, 0.0000000e+00 
9057, 1.0000000e+00, 8.0728897e-01, 6.3575864e-01 
9058, 0.0000000e+00, 8.0728897e-01, 6.3575864e-01 
9059, 1.0000000e+00, 8.6718574e-01, 7.6464079e-01 
9060, 0.0000000e+00, 8.6718574e-01, 7.6464079e-01 
9061, 9.2264660e-01, 2.0968460e-01, 0.0000000e+00 
9062, 9.2264660e-01, 2.0968460e-01, 1.0000000e+00 
9063, 8.5720618e-01, 0.0000000e+00, 2.6418978e-01 
9064, 8.5720618e-01, 1.0000000e+00, 2.6418978e-01 
9065, 5.8862186e-01, 0.0000000e+00, 8.7739067e-01 
9066, 5.8862186e-01, 1.0000000e+00, 8.7739067e-01 
9067, 4.3703619e-01, 1.3946708e-01, 1.0000000e+00 
9068, 4.3703619e-01, 1.3946708e-01, 0.0000000e+00 
9069, 4.9860643e-01, 1.6724166e-01, 1.0000000e+00 
9070, 4.9860643e-01, 1.6724166e-01, 0.0000000e+00 
9071, 4.3187088e-01, 1.2432646e-01, 1.0000000e+00 
9072, 4.3187088e-01, 1.2432646e-01, 0.0000000e+00 
9073, 0.0000000e+00, 2.3192290e-01, 6.0945866e-01 
9074, 1.0000000e+00, 2.3192290e-01, 6.0945866e-01 
9075, 5.4743364e-02, 0.0000000e+00, 6.1061817e-01 
9076, 5.4743364e-02, 1.0000000e+00, 6.1061817e-01 
9077, 0.0000000e+00, 8.6231846e-02, 6.1334907e-01 
9078, 9.6747558e-01, 1.0000000e+00, 5.8448271e-01 
9079, 6.0046283e-01, 1.0000000e+00, 9.6031511e-01 
9080, 5.8154650e-01, 3.7919369e-02, 0.0000000e+00 
9081, 3.3678222e-01, 3.6513122e-01, 1.0000000e+00 
9082, 3.3678222e-01, 3.6513122e-01, 0.0000000e+00 
9083, 3.5883545e-01, 3.8468807e-01, 1.0000000e+00 
9084, 3.5883545e-01, 3.8468807e-01, 0.0000000e+00 
9085, 8.6273722e-01, 0.0000000e+00, 5.0466444e-02 
9086, 7.5691108e-01, 8.5290938e-01, 1.0000000e+00 
9087, 7.8372435e-01, 0.0000000e+00, 1.1545967e-01 
9088, 7.8372435e-01, 1.0000000e+00, 1.1545967e-01 
9089, 9.0765388e-01, 9.4192436e-01, 0.0000000e+00 
9090, 9.0765388e-01, 9.4192436e-01, 1.0000000e+00 
9091, 6.0539697e-01, 3.3824731e-01, 1.0000000e+00 
9092, 6.0539697e-01, 3.3824731e-01, 0.0000000e+00 
9093, 3.3797453e-01, 1.0000000e+00, 3.5022929e-01 
9094, 3.3797453e-01, 0.0000000e+00, 3.5022929e-01 
9095, 4.4079197e-01, 1.0000000e+00, 5.0231189e-01 
9096, 4.4079197e-01, 0.0000000e+00, 5.0231189e-01 
9097, 1.0000000e+00, 5.4956504e-01, 1.4425673e-01 
9098, 0.0000000e+00, 5.4956504e-01, 1.4425673e-01 
9099, 1.0000000e+00, 5.7356967e-01, 2.5981392e-01 
9100, 0.0000000e+00, 5.7356967e-01, 2.5981392e-01 
9101, 5.6711890e-01, 0.0000000e+00, 5.4852031e-01 
9102, 5.6711890e-01, 1.0000000e+00, 5.4852031e-01 
9103, 0.0000000e+00, 1.2378634e-01, 7.9354878e-01 
9104, 1.0000000e+00, 1.2378634e-01, 7.9354878e-01 
9105, 2.3628368e-01, 2.8583072e-02, 1.0000000e+00 
9106, 2.3628368e-01, 2.8583072e-02, 0.0000000e+00 
9107, 2.0897614e-01, 0.0000000e+00, 9.9451374e-01 
9108, 2.0897614e-01, 1.0000000e+00, 9.9451374e-01 
9109, 1.0000000e+00, 8.4779090e-01, 3.5219189e-01 
9110, 0.0000000e+00, 8.4779090e-01, 3.5219189e-01 
9111, 7.6949838e-01, 6.7106379e-01, 1.0000000e+00 
9112, 7.6949838e-01, 6.7106379e-01, 0.0000000e+00 
9113, 2.9755899e-01, 1.0000000e+00, 8.4948602e-02 
9114, 2.9755899e-01, 0.0000000e+00, 8.4948602e-02 
9115, 0.0000000e+00, 7.9747604e-01, 2.6920023e-01 
9116, 1.0000000e+00, 7.9747604e-01, 2.6920023e-01 
9117, 4.4001390e-01, 4.6477639e-01, 0.0000000e+00 
9118, 4.4001390e-01, 4.6477639e-01, 1.0000000e+00 
9119, 1.0000000e+00, 3.2759645e-01, 8.2012986e-01 
9120, 0.0000000e+00, 3.2759645e-01, 8.2012986e-01 
9121, 0.0000000e+00, 6.0146647e-01, 7.5404787e-01 
9122, 1.0000000e+00, 6.0146647e-01, 7.5404787e-01 
9123, 2.1761145e-01, 7.3252665e-01, 1.0000000e+00 
9124, 2.1761145e-01, 7.3252665e-01, 0.0000000e+00 
9125, 0.0000000e+00, 8.9953512e-01, 8.6520325e-01 
9126, 1.0000000e+00, 8.9953512e-01, 8.6520325e-01 
9127, 0.0000000e+00, 8.1932934e-01, 8.5167872e-01 
9128, 1.0000000e+00, 8.1932934e-01, 8.5167872e-01 
9129, 4.8186180e-01, 1.0000000e+00, 7.2551956e-01 
9130, 4.8186180e-01, 0.0000000e+00, 7.2551956e-01 
9131, 4.6685307e-01, 1.0000000e+00, 7.9657288e-01 
9132, 4.6685307e-01, 0.0000000e+00, 7.9657288e-01 
9133, 0.0000000e+00, 7.5186266e-01, 5.0159336e-01 
9134, 1.0000000e+00, 7.5186266e-01, 5.0159336e-01 
9135, 0.0000000e+00, 9.7467484e-01, 4.1385836e-01 
9136, 9.8780117e-01, 0.0000000e+00, 4.2268798e-01 
9137, 0.0000000e+00, 7.6321589e-01, 3.4037189e-01 
9138, 1.0000000e+00, 7.6321589e-01, 3.4037189e-01 
9139, 7.7255103e-01, 2.3618196e-01, 0.0000000e+00 
9140, 7.7255103e-01, 2.3618196e-01, 1.0000000e+00 
9141, 7.3105281e-01, 1.2620215e-01, 1.3877788e-17 
9142, 7.3105281e-01, 1.2620215e-01, 1.0000000e+00 
9143, 5.8732717e-01, 4.3694075e-01, 1.0000000e+00 
9144, 5.8732717e-01, 4.3694075e-01, 0.0000000e+00 
9145, 1.5337250e-01, 7.3535169e-02, 1.0000000e+00 
9146, 1.5337250e-01, 7.3535169e-02, 0.0000000e+00 
9147, 0.0000000e+00, 8.9365957e-01, 5.1552172e-01 
9148, 1.0000000e+00, 8.9365957e-01, 5.1552172e-01 
9149, 1.1307695e-01, 1.0000000e+00, 6.4286296e-01 
9150, 1.1307695e-01, 0.0000000e+00, 6.4286296e-01 
9151, 0.0000000e+00, 8.9993970e-01, 5.1617671e-01 
9152, 9.1051100e-01, 0.0000000e+00, 5.4689289e-01 
9153, 1.4824542e-03, 1.0000000e+00, 5.6807270e-01 
9154, 1.4824542e-03, 0.0000000e+00, 5.6807270e-01 
9155, 0.0000000e+00, 3.1087410e-01, 3.4867987e-01 
9156, 1.0000000e+00, 3.1087410e-01, 3.4867987e-01 
9157, 6.8036654e-01, 2.3491021e-01, 0.0000000e+00 
9158, 6.8036654e-01, 2.3491021e-01, 1.0000000e+00 
9159, 7.4864593e-01, 2.3277925e-01, 0.0000000e+00 
9160, 7.4864593e-01, 2.3277925e-01, 1.0000000e+00 
9161, 5.1348310e-01, 8.2670193e-01, 1.0000000e+00 
9162, 5.1348310e-01, 8.2670193e-01, 0.0000000e+00 
9163, 5.2104863e-01, 6.7143872e-01, 1.0000000e+00 
9164, 5.2104863e-01, 6.7143872e-01, 0.0000000e+00 
9165, 6.1007611e-01, 6.4461135e-01, 1.0000000e+00 
9166, 6.1007611e-01, 6.4461135e-01, 0.0000000e+00 
9167, 1.0000000e+00, 8.0727778e-01, 3.6693762e-01 
9168, 0.0000000e+00, 8.0727778e-01, 3.6693762e-01 
9169, 1.0000000e+00, 7.7617247e-01, 4.7963987e-01 
9170, 0.0000000e+00, 7.7617247e-01, 4.7963987e-01 
9171, 1.0000000e+00, 9.2053062e-02, 9.8577296e-01 
9172, 6.1145887e-02, 1.0026548e-01, 0.0000000e+00 
9173, 8.8788849e-01, 1.5078842e-01, 1.0000000e+00 
9174, 8.8788849e-01, 1.5078842e-01, 0.0000000e+00 
9175, 6.5715675e-01, 0.0000000e+00, 4.0618234e-01 
9176, 6.5715675e-01, 1.0000000e+00, 4.0618234e-01 
9177, 4.5539579e-01, 0.0000000e+00, 3.0935028e-01 
9178, 4.5539579e-01, 1.0000000e+00, 3.0935028e-01 
9179, 1.0000000e+00, 4.5786031e-01, 6.5607063e-01 
9180, 0.0000000e+00, 4.5786031e-01, 6.5607063e-01 
9181, 1.0000000e+00, 7.0076902e-01, 5.9214351e-01 
9182, 0.0000000e+00, 7.0076902e-01, 5.9214351e-01 
9183, 3.7961692e-01, 1.0000000e+00, 1.6248166e-01 
9184, 3.7961692e-01, 0.0000000e+00, 1.6248166e-01 
9185, 0.0000000e+00, 7.5913341e-01, 7.1349972e-01 
9186, 1.0000000e+00, 7.5913341e-01, 7.1349972e-01 
9187, 4.6255431e-02, 1.0000000e+00, 8.8467950e-01 
9188, 3.2859830e-02, 1.3936010e-01, 0.0000000e+00 
9189, 4.6648926e-02, 1.0000000e+00, 8.7887868e-01 
9190, 4.6648926e-02, 0.0000000e+00, 8.7887868e-01 
9191, 7.5803683e-01, 1.0000000e+00, 5.8494962e-01 
9192, 0.0000000e+00, 6.0114257e-02, 6.6790061e-01 
9193, 7.6513010e-01, 0.0000000e+00, 3.4462595e-01 
9194, 7.6513010e-01, 1.0000000e+00, 3.4462595e-01 
9195, 0.0000000e+00, 3.7428228e-01, 7.4118347e-01 
9196, 1.0000000e+00, 3.7428228e-01, 7.4118347e-01 
9197, 1.7347235e-18, 3.4695754e-01, 7.5139007e-01 
9198, 1.0000000e+00, 3.4695754e-01, 7.5139007e-01 
9199, 7.4461518e-02, 6.0544380e-01, 1.0000000e+00 
9200, 7.4461518e-02, 6.0544380e-01, 0.0000000e+00 
9201, 0.0000000e+00, 2.9653744e-01, 6.7183446e-01 
9202, 1.0000000e+00, 2.9653744e-01, 6.7183446e-01 
9203, 6.2762269e-01, 2.4176381e-01, 0.0000000e+00 
9204, 6.2762269e-01, 2.4176381e-01, 1.0000000e+00 
9205, 6.8147481e-01, 7.7593968e-02, 0.0000000e+00 
9206, 6.5874497e-01, 1.0000000e+00, 9.5976646e-01 
9207, 1.0000000e+00, 3.7817340e-01, 1.6178321e-01 
9208, 0.0000000e+00, 3.7817340e-01, 1.6178321e-01 
9209, 0.0000000e+00, 3.5073056e-01, 1.5930181e-01 
9210, 1.0000000e+00, 3.5073056e-01, 1.5930181e-01 
9211, 0.0000000e+00, 3.1822928e-01, 2.2335248e-01 
9212, 1.0000000e+00, 3.1822928e-01, 2.2335248e-01 
9213, 0.0000000e+00, 1.2073265e-01, 8.5647387e-03 
9214, 9.9193473e-01, 1.1123349e-01, 1.0000000e+00 
9215, 4.1383992e-01, 1.0000000e+00, 2.1870981e-01 
9216, 4.1383992e-01, 0.0000000e+00, 2.1870981e-01 
9217, 6.1232880e-01, 6.9521684e-01, 3.4694470e-18 
9218, 6.1232880e-01, 6.9521684e-01, 1.0000000e+00 
9219, 6.7875562e-01, 6.3293453e-01, 0.0000000e+00 
9220, 6.7875562e-01, 6.3293453e-01, 1.0000000e+00 
9221, 1.0000000e+00, 7.3135009e-01, 4.3788348e-01 
9222, 0.0000000e+00, 7.3135009e-01, 4.3788348e-01 
9223, 1.0000000e+00, 4.6892461e-01, 3.1220136e-01 
9224, 0.0000000e+00, 4.6892461e-01, 3.1220136e-01 
9225, 1.0000000e+00, 4.3282961e-01, 7.2028654e-01 
9226, 0.0000000e+00, 4.3282961e-01, 7.2028654e-01 
9227, 9.1146075e-01, 5.6236040e-01, 0.0000000e+00 
9228, 9.1146075e-01, 5.6236040e-01, 1.0000000e+00 
9229, 8.1278639e-01, 5.4582283e-01, 0.0000000e+00 
9230, 8.1278639e-01, 5.4582283e-01, 1.0000000e+00 
9231, 7.2996432e-01, 5.9076561e-01, 6.9388939e-18 
9232, 7.2996432e-01, 5.9076561e-01, 1.0000000e+00 
9233, 6.0795042e-01, 7.9072072e-01, 1.0000000e+00 
9234, 6.0795042e-01, 7.9072072e-01, 0.0000000e+00 
9235, 6.1262824e-01, 7.8931952e-01, 1.0000000e+00 
9236, 6.1262824e-01, 7.8931952e-01, 0.0000000e+00 
9237, 5.5603582e-01, 2.4500969e-01, 0.0000000e+00 
9238, 5.5603582e-01, 2.4500969e-01, 1.0000000e+00 
9239, 1.9504789e-01, 7.2470469e-01, 1.0000000e+00 
9240, 1.9504789e-01, 7.2470469e-01, 0.0000000e+00 
9241, 1.8655981e-01, 7.5425538e-01, 1.0000000e+00 
9242, 1.8655981e-01, 7.5425538e-01, 0.0000000e+00 
9243, 0.0000000e+00, 7.3496736e-01, 2.5661379e-01 
9244, 1.0000000e+00, 7.3496736e-01, 2.5661379e-01 
9245, 6.9388939e-18, 8.2308934e-01, 1.3615773e-01 
9246, 1.0000000e+00, 8.2308934e-01, 1.3615773e-01 
9247, 0.0000000e+00, 8.1626784e-01, 1.7778205e-01 
9248, 8.7752727e-01, 8.6243391e-01, 1.0000000e+00 
9249, 1.0000000e+00, 1.8550517e-01, 1.4304156e-01 
9250, 0.0000000e+00, 1.8550517e-01, 1.4304156e-01 
9251, 9.0244851e-01, 2.2483166e-01, 0.0000000e+00 
9252, 9.0244851e-01, 2.2483166e-01, 1.0000000e+00 
9253, 1.0000000e+00, 9.7143835e-02, 9.1257203e-01 
9254, 0.0000000e+00, 9.7143835e-02, 9.1257203e-01 
9255, 8.1798069e-01, 1.8192634e-01, 1.0000000e+00 
9256, 8.1798069e-01, 1.8192634e-01, 0.0000000e+00 
9257, 7.9773315e-01, 0.0000000e+00, 9.9228292e-01 
9258, 7.7601806e-01, 9.8875004e-01, 0.0000000e+00 
9259, 1.0000000e+00, 3.8006400e-01, 9.6997095e-01 
9260, 2.1218963e-02, 3.5556758e-01, 0.0000000e+00 
9261, 1.0000000e+00, 3.7760728e-01, 9.6581790e-01 
9262, 4.4156224e-02, 3.0988546e-01, 0.0000000e+00 
9263, 9.9452063e-01, 3.8930460e-01, 1.0000000e+00 
9264, 9.9452063e-01, 3.8930460e-01, 0.0000000e+00 
9265, 5.2601473e-01, 4.0534187e-01, 1.0000000e+00 
9266, 5.2601473e-01, 4.0534187e-01, 0.0000000e+00 
9267, 5.7616068e-01, 3.0395218e-01, 1.0000000e+00 
9268, 5.7616068e-01, 3.0395218e-01, 0.0000000e+00 
9269, 0.0000000e+00, 1.4515174e-01, 2.2642872e-01 
9270, 1.0000000e+00, 1.4515174e-01, 2.2642872e-01 
9271, 0.0000000e+00, 1.2200582e-01, 3.6979671e-01 
9272, 1.0000000e+00, 1.2200582e-01, 3.6979671e-01 
9273, 2.5936580e-01, 1.8061292e-01, 4.3368087e-19 
9274, 2.5936580e-01, 1.8061292e-01, 1.0000000e+00 
9275, 2.7602253e-01, 0.0000000e+00, 3.9663899e-03 
9276, 2.7602253e-01, 1.0000000e+00, 3.9663899e-03 
9277, 2.6393822e-01, 1.7913915e-01, 0.0000000e+00 
9278, 2.6393822e-01, 1.7913915e-01, 1.0000000e+00 
9279, 4.4007514e-01, 1.0000000e+00, 8.8563614e-01 
9280, 4.4007514e-01, 0.0000000e+00, 8.8563614e-01 
9281, 1.0000000e+00, 4.7819813e-01, 2.9642460e-01 
9282, 0.0000000e+00, 4.7819813e-01, 2.9642460e-01 
9283, 6.8952144e-01, 0.0000000e+00, 6.9106079e-01 
9284, 6.8952144e-01, 1.0000000e+00, 6.9106079e-01 
9285, 8.8442411e-01, 1.2636334e-01, 0.0000000e+00 
9286, 8.8442411e-01, 1.2636334e-01, 1.0000000e+00 
9287, 8.7597217e-01, 0.0000000e+00, 1.7621842e-01 
9288, 8.7597217e-01, 1.0000000e+00, 1.7621842e-01 
9289, 9.2886146e-01, 0.0000000e+00, 4.1655003e-03 
9290, 0.0000000e+00, 8.8189078e-01, 9.4329195e-01 
9291, 1.0000000e+00, 3.2121155e-01, 6.2395940e-01 
9292, 0.0000000e+00, 3.2121155e-01, 6.2395940e-01 
9293, 3.2381166e-01, 2.4364629e-01, 1.0000000e+00 
9294, 3.2381166e-01, 2.4364629e-01, 0.0000000e+00 
9295, 4.4306049e-01, 8.5249819e-01, 1.0000000e+00 
9296, 4.4306049e-01, 8.5249819e-01, 0.0000000e+00 
9297, 8.6866268e-01, 4.2613955e-01, 1.0000000e+00 
9298, 8.6866268e-01, 4.2613955e-01, 0.0000000e+00 
9299, 0.0000000e+00, 6.5312263e-01, 8.6610817e-01 
9300, 1.0000000e+00, 6.5312263e-01, 8.6610817e-01 
9301, 0.0000000e+00, 6.4817185e-01, 8.4114600e-01 
9302, 1.0000000e+00, 6.4817185e-01, 8.4114600e-01 
9303, 2.9404491e-01, 0.0000000e+00, 3.1162103e-01 
9304, 2.9404491e-01, 1.0000000e+00, 3.1162103e-01 
9305, 1.1189157e-01, 1.0000000e+00, 4.4940084e-01 
9306, 1.1189157e-01, 0.0000000e+00, 4.4940084e-01 
9307, 3.5293974e-01, 1.0000000e+00, 4.7390416e-01 
9308, 3.5293974e-01, 0.0000000e+00, 4.7390416e-01 
9309, 7.9714493e-01, 8.8213889e-01, 0.0000000e+00 
9310, 7.9714493e-01, 8.8213889e-01, 1.0000000e+00 
9311, 1.0000000e+00, 9.6230487e-01, 1.0986935e-01 
9312, 2.2818768e-02, 0.0000000e+00, 1.0148682e-01 
9313, 0.0000000e+00, 2.9907526e-01, 4.7138909e-01 
9314, 1.0000000e+00, 2.9907526e-01, 4.7138909e-01 
9315, 6.1894167e-02, 0.0000000e+00, 8.0666162e-01 
9316, 1.0000000e+00, 9.4257770e-01, 7.8203295e-01 
9317, 6.8355797e-02, 8.6736174e-19, 8.0974772e-01 
9318, 6.8355797e-02, 1.0000000e+00, 8.0974772e-01 
9319, 8.7122198e-02, 0.0000000e+00, 8.3455457e-01 
9320, 2.0076061e-01, 9.4782205e-01, 0.0000000e+00 
9321, 0.0000000e+00, 2.8809622e-02, 8.1455591e-01 
9322, 1.0000000e+00, 2.8809622e-02, 8.1455591e-01 
9323, 9.9836563e-01, 0.0000000e+00, 1.3619341e-01 
9324, 0.0000000e+00, 9.9803218e-01, 1.3581110e-01 
9325, 4.1856597e-01, 1.0000000e+00, 9.1056630e-01 
9326, 4.1856597e-01, 0.0000000e+00, 9.1056630e-01 
9327, 0.0000000e+00, 8.6752178e-01, 6.5509187e-01 
9328, 1.0000000e+00, 8.6752178e-01, 6.5509187e-01 
9329, 7.7828068e-01, 6.3754345e-01, 1.0000000e+00 
9330, 7.7828068e-01, 6.3754345e-01, 0.0000000e+00 
9331, 6.7762033e-01, 6.3783649e-01, 1.0000000e+00 
9332, 6.7762033e-01, 6.3783649e-01, 0.0000000e+00 
9333, 6.7863566e-01, 6.5677405e-01, 1.0000000e+00 
9334, 6.7863566e-01, 6.5677405e-01, 0.0000000e+00 
9335, 4.7733674e-01, 9.1717568e-02, 0.0000000e+00 
9336, 4.7733674e-01, 9.1717568e-02, 1.0000000e+00 
9337, 3.5927515e-01, 0.0000000e+00, 5.3507252e-02 
9338, 3.7095130e-01, 9.2647943e-01, 1.0000000e+00 
9339, 5.1522464e-01, 0.0000000e+00, 1.9835410e-01 
9340, 5.1522464e-01, 1.0000000e+00, 1.9835410e-01 
9341, 3.4653806e-01, 0.0000000e+00, 6.5943445e-01 
9342, 3.4653806e-01, 1.0000000e+00, 6.5943445e-01 
9343, 3.3170727e-01, 0.0000000e+00, 7.1940950e-01 
9344, 3.3170727e-01, 1.0000000e+00, 7.1940950e-01 
9345, 0.0000000e+00, 5.0056311e-01, 3.0099644e-01 
9346, 1.0000000e+00, 5.0056311e-01, 3.0099644e-01 
9347, 1.0000000e+00, 6.3609679e-01, 2.9974221e-01 
9348, 0.0000000e+00, 6.3609679e-01, 2.9974221e-01 
9349, 5.6898498e-01, 3.5343183e-01, 1.0000000e+00 
9350, 5.6898498e-01, 3.5343183e-01, 0.0000000e+00 
9351, 6.3508000e-01, 4.0284968e-01, 1.0000000e+00 
9352, 6.3508000e-01, 4.0284968e-01, 0.0000000e+00 
9353, 7.1858578e-01, 2.9645262e-01, 1.0000000e+00 
9354, 7.1858578e-01, 2.9645262e-01, 0.0000000e+00 
9355, 3.4694470e-18, 5.3003085e-01, 3.4071593e-01 
9356, 1.0000000e+00, 5.3003085e-01, 3.4071593e-01 
9357, 0.0000000e+00, 5.5794895e-01, 2.7952091e-01 
9358, 1.0000000e+00, 5.5794895e-01, 2.7952091e-01 
9359, 0.0000000e+00, 5.9404228e-01, 2.8966186e-01 
9360, 1.0000000e+00, 5.9404228e-01, 2.8966186e-01 
9361, 1.0000000e+00, 1.3742039e-01, 2.7849210e-01 
9362, 0.0000000e+00, 1.3742039e-01, 2.7849210e-01 
9363, 1.1349808e-01, 5.4184535e-01, 0.0000000e+00 
9364, 1.1349808e-01, 5.4184535e-01, 1.0000000e+00 
9365, 0.0000000e+00, 5.3286302e-01, 1.3018440e-01 
9366, 1.0000000e+00, 5.3286302e-01, 1.3018440e-01 
9367, 4.8145237e-01, 1.0000000e+00, 8.6422258e-01 
9368, 4.8145237e-01, 0.0000000e+00, 8.6422258e-01 
9369, 7.5558445e-01, 1.0000000e+00, 8.8635295e-01 
9370, 7.5558445e-01, 0.0000000e+00, 8.8635295e-01 
9371, 4.8867069e-01, 1.0000000e+00, 3.4690489e-01 
9372, 4.8867069e-01, 0.0000000e+00, 3.4690489e-01 
9373, 6.0906700e-01, 1.0000000e+00, 2.7048769e-01 
9374, 6.0906700e-01, 0.0000000e+00, 2.7048769e-01 
9375, 0.0000000e+00, 2.8058314e-01, 8.9881030e-01 
9376, 9.5881100e-01, 4.7032338e-01, 0.0000000e+00 
9377, 0.0000000e+00, 2.6915378e-01, 8.9758777e-01 
9378, 9.4584326e-01, 2.3222221e-01, 0.0000000e+00 
9379, 4.2011895e-01, 5.7570198e-01, 0.0000000e+00 
9380, 4.2011895e-01, 5.7570198e-01, 1.0000000e+00 
9381, 7.8131746e-01, 1.0000000e+00, 2.7311220e-02 
9382, 7.8131746e-01, 0.0000000e+00, 2.7311220e-02 
9383, 2.1116240e-01, 0.0000000e+00, 7.3876455e-01 
9384, 2.1116240e-01, 1.0000000e+00, 7.3876455e-01 
9385, 0.0000000e+00, 2.3286993e-01, 5.2792078e-01 
9386, 1.0000000e+00, 2.3286993e-01, 5.2792078e-01 
9387, 0.0000000e+00, 3.8481734e-01, 5.8929970e-01 
9388, 1.0000000e+00, 3.8481734e-01, 5.8929970e-01 
9389, 8.2774526e-01, 5.9401253e-02, 0.0000000e+00 
9390, 7.4840105e-01, 1.0000000e+00, 9.2473565e-01 
9391, 1.0000000e+00, 5.8676264e-02, 8.2092052e-02 
9392, 8.6918261e-02, 1.0000000e+00, 8.6957251e-02 
9393, 9.3188242e-01, 2.1733043e-01, 0.0000000e+00 
9394, 9.3188242e-01, 2.1733043e-01, 1.0000000e+00 
9395, 9.4962604e-02, 5.9249084e-01, 0.0000000e+00 
9396, 9.4962604e-02, 5.9249084e-01, 1.0000000e+00 
9397, 3.3106310e-01, 0.0000000e+00, 1.6053122e-01 
9398, 3.3106310e-01, 1.0000000e+00, 1.6053122e-01 
9399, 0.0000000e+00, 1.6206543e-01, 1.6866254e-01 
9400, 1.0000000e+00, 1.6206543e-01, 1.6866254e-01 
9401, 9.2451857e-01, 6.8649943e-01, 1.0000000e+00 
9402, 9.2451857e-01, 6.8649943e-01, 0.0000000e+00 
9403, 1.0000000e+00, 7.2697601e-01, 8.3190110e-01 
9404, 0.0000000e+00, 7.2697601e-01, 8.3190110e-01 
9405, 7.8741224e-01, 4.4857952e-01, 1.0000000e+00 
9406, 7.8741224e-01, 4.4857952e-01, 0.0000000e+00 
9407, 8.4397490e-01, 1.0000000e+00, 6.6580739e-01 
9408, 8.4397490e-01, 0.0000000e+00, 6.6580739e-01 
9409, 8.9014579e-01, 1.0000000e+00, 9.3463744e-01 
9410, 8.8591393e-01, 4.5735839e-02, 0.0000000e+00 
9411, 1.0000000e+00, 8.6278260e-01, 8.0222740e-01 
9412, 0.0000000e+00, 8.6278260e-01, 8.0222740e-01 
9413, 6.3655633e-01, 1.0000000e+00, 1.4609179e-01 
9414, 6.3655633e-01, 0.0000000e+00, 1.4609179e-01 
9415, 4.2501350e-01, 8.5450936e-01, 0.0000000e+00 
9416, 4.2501350e-01, 8.5450936e-01, 1.0000000e+00 
9417, 6.4067067e-02, 6.3842305e-01, 1.0000000e+00 
9418, 6.4067067e-02, 6.3842305e-01, 0.0000000e+00 
9419, 2.5266492e-01, 5.5622655e-01, 0.0000000e+00 
9420, 2.5266492e-01, 5.5622655e-01, 1.0000000e+00 
9421, 1.3942607e-01, 1.0000000e+00, 6.2670759e-01 
9422, 1.3942607e-01, 0.0000000e+00, 6.2670759e-01 
9423, 0.0000000e+00, 8.1558360e-01, 7.4118824e-01 
9424, 1.0000000e+00, 8.1558360e-01, 7.4118824e-01 
9425, 8.0283808e-02, 1.0000000e+00, 7.0805489e-01 
9426, 8.0283808e-02, 0.0000000e+00, 7.0805489e-01 
9427, 7.8746741e-02, 1.0000000e+00, 7.3116949e-01 
9428, 7.8746741e-02, 0.0000000e+00, 7.3116949e-01 
9429, 1.0000000e+00, 5.3887273e-01, 6.1404710e-01 
9430, 0.0000000e+00, 5.3887273e-01, 6.1404710e-01 
9431, 1.0000000e+00, 6.8573305e-01, 6.8386519e-01 
9432, 0.0000000e+00, 6.8573305e-01, 6.8386519e-01 
9433, 1.0000000e+00, 4.0330533e-01, 7.3667220e-01 
9434, 0.0000000e+00, 4.0330533e-01, 7.3667220e-01 
9435, 1.0000000e+00, 9.8680603e-01, 4.0333849e-01 
9436, 4.1623231e-02, 0.0000000e+00, 4.2409753e-01 
9437, 8.7607484e-01, 1.0000000e+00, 3.8523276e-01 
9438, 8.7607484e-01, 0.0000000e+00, 3.8523276e-01 
9439, 9.2799762e-01, 1.0000000e+00, 2.8221671e-01 
9440, 0.0000000e+00, 5.0666959e-02, 2.5225477e-01 
9441, 2.2529682e-01, 0.0000000e+00, 5.2249438e-01 
9442, 2.2529682e-01, 1.0000000e+00, 5.2249438e-01 
9443, 3.2050998e-01, 1.0000000e+00, 8.3018502e-02 
9444, 3.2050998e-01, 0.0000000e+00, 8.3018502e-02 
9445, 3.4652845e-01, 1.0000000e+00, 2.7755444e-01 
9446, 3.4652845e-01, 0.0000000e+00, 2.7755444e-01 
9447, 1.9298310e-01, 1.0000000e+00, 2.9572473e-01 
9448, 1.9298310e-01, 0.0000000e+00, 2.9572473e-01 
9449, 2.5435394e-01, 0.0000000e+00, 7.8525526e-01 
9450, 2.5435394e-01, 1.0000000e+00, 7.8525526e-01 
9451, 2.8793478e-01, 0.0000000e+00, 7.4824906e-01 
9452, 2.8793478e-01, 1.0000000e+00, 7.4824906e-01 
9453, 1.7027691e-01, 0.0000000e+00, 5.1895986e-01 
9454, 1.7027691e-01, 1.0000000e+00, 5.1895986e-01 
9455, 5.9618549e-01, 0.0000000e+00, 3.8950760e-01 
9456, 5.9618549e-01, 1.0000000e+00, 3.8950760e-01 
9457, 5.9608365e-01, 0.0000000e+00, 3.9935024e-01 
9458, 5.9608365e-01, 1.0000000e+00, 3.9935024e-01 
9459, 2.3977399e-01, 1.0000000e+00, 8.9303548e-01 
9460, 1.8902262e-01, 3.5929239e-02, 0.0000000e+00 
9461, 3.1243896e-01, 1.0000000e+00, 7.4915852e-01 
9462, 3.1243896e-01, 0.0000000e+00, 7.4915852e-01 
9463, 0.0000000e+00, 5.8002766e-01, 4.9506495e-01 
9464, 1.0000000e+00, 5.8002766e-01, 4.9506495e-01 
9465, 0.0000000e+00, 6.2322576e-01, 4.2657393e-01 
9466, 1.0000000e+00, 6.2322576e-01, 4.2657393e-01 
9467, 0.0000000e+00, 3.5227591e-01, 4.2643528e-01 
9468, 1.0000000e+00, 3.5227591e-01, 4.2643528e-01 
9469, 0.0000000e+00, 1.3870461e-01, 3.8286347e-01 
9470, 1.0000000e+00, 1.3870461e-01, 3.8286347e-01 
9471, 0.0000000e+00, 2.5079288e-01, 3.6851954e-01 
9472, 1.0000000e+00, 2.5079288e-01, 3.6851954e-01 
9473, 0.0000000e+00, 5.0866869e-01, 6.2335871e-01 
9474, 1.0000000e+00, 5.0866869e-01, 6.2335871e-01 
9475, 8.7354088e-01, 0.0000000e+00, 9.2690198e-02 
9476, 8.7354088e-01, 1.0000000e+00, 9.2690198e-02 
9477, 9.4130119e-01, 1.7834865e-01, 1.0000000e+00 
9478, 9.4130119e-01, 1.7834865e-01, 0.0000000e+00 
9479, 1.0000000e+00, 1.3942518e-01, 7.7054186e-01 
9480, 0.0000000e+00, 1.3942518e-01, 7.7054186e-01 
9481, 1.0000000e+00, 1.1901237e-01, 9.7776208e-01 
9482, 1.3625382e-02, 1.0583061e-01, 0.0000000e+00 
9483, 4.7890556e-01, 5.5401686e-01, 0.0000000e+00 
9484, 4.7890556e-01, 5.5401686e-01, 1.0000000e+00 
9485, 1.5989849e-01, 0.0000000e+00, 9.3572089e-01 
9486, 1.5989849e-01, 1.0000000e+00, 9.3572089e-01 
9487, 3.6916428e-01, 2.3649667e-01, 1.0000000e+00 
9488, 3.6916428e-01, 2.3649667e-01, 0.0000000e+00 
9489, 4.1500546e-01, 4.8113181e-01, 1.0000000e+00 
9490, 4.1500546e-01, 4.8113181e-01, 0.0000000e+00 
9491, 0.0000000e+00, 6.9380862e-01, 8.6050921e-01 
9492, 1.0000000e+00, 6.9380862e-01, 8.6050921e-01 
9493, 1.0506217e-01, 5.5864347e-01, 1.0000000e+00 
9494, 1.0506217e-01, 5.5864347e-01, 0.0000000e+00 
9495, 0.0000000e+00, 6.4620142e-01, 8.5522055e-01 
9496, 1.0000000e+00, 6.4620142e-01, 8.5522055e-01 
9497, 1.0000000e+00, 2.6317059e-01, 4.5710545e-01 
9498, 0.0000000e+00, 2.6317059e-01, 4.5710545e-01 
9499, 1.0000000e+00, 2.5505066e-01, 4.3024120e-01 
9500, 0.0000000e+00, 2.5505066e-01, 4.3024120e-01 
9501, 1.0000000e+00, 4.1184822e-01, 3.7336996e-01 
9502, 0.0000000e+00, 4.1184822e-01, 3.7336996e-01 
9503, 4.0590566e-01, 8.6117757e-01, 1.0000000e+00 
9504, 4.0590566e-01, 8.6117757e-01, 0.0000000e+00 
9505, 4.0335356e-01, 8.5291574e-01, 1.0000000e+00 
9506, 4.0335356e-01, 8.5291574e-01, 0.0000000e+00 
9507, 4.3049848e-01, 8.7012297e-01, 1.0000000e+00 
9508, 4.3049848e-01, 8.7012297e-01, 0.0000000e+00 
9509, 3.0753173e-01, 5.0040046e-01, 1.0000000e+00 
9510, 3.0753173e-01, 5.0040046e-01, 0.0000000e+00 
9511, 8.8000511e-01, 6.1993354e-01, 0.0000000e+00 
9512, 8.8000511e-01, 6.1993354e-01, 1.0000000e+00 
9513, 7.3164717e-01, 6.7820440e-01, 0.0000000e+00 
9514, 7.3164717e-01, 6.7820440e-01, 1.0000000e+00 
9515, 7.3140364e-01, 7.0152046e-01, 0.0000000e+00 
9516, 7.3140364e-01, 7.0152046e-01, 1.0000000e+00 
9517, 7.2423371e-01, 7.0020839e-01, 0.0000000e+00 
9518, 7.2423371e-01, 7.0020839e-01, 1.0000000e+00 
9519, 3.8021365e-01, 5.0760630e-01, 1.0000000e+00 
9520, 3.8021365e-01, 5.0760630e-01, 0.0000000e+00 
9521, 2.2566789e-01, 2.6598892e-01, 0.0000000e+00 
9522, 2.2566789e-01, 2.6598892e-01, 1.0000000e+00 
9523, 6.2695895e-01, 2.2030972e-01, 0.0000000e+00 
9524, 6.2695895e-01, 2.2030972e-01, 1.0000000e+00 
9525, 6.6874995e-01, 1.7015674e-01, 0.0000000e+00 
9526, 6.6874995e-01, 1.7015674e-01, 1.0000000e+00 
9527, 6.6149324e-01, 1.5518091e-01, 0.0000000e+00 
9528, 6.6149324e-01, 1.5518091e-01, 1.0000000e+00 
9529, 2.0958964e-01, 1.6752003e-01, 1.0000000e+00 
9530, 2.0958964e-01, 1.6752003e-01, 0.0000000e+00 
9531, 1.8547702e-01, 6.7745641e-01, 0.0000000e+00 
9532, 1.8547702e-01, 6.7745641e-01, 1.0000000e+00 
9533, 2.8710941e-01, 5.6147420e-01, 0.0000000e+00 
9534, 2.8710941e-01, 5.6147420e-01, 1.0000000e+00 
9535, 1.0000000e+00, 5.3003985e-01, 2.4199362e-01 
9536, 0.0000000e+00, 5.3003985e-01, 2.4199362e-01 
9537, 5.0195416e-01, 5.6544718e-01, 0.0000000e+00 
9538, 5.0195416e-01, 5.6544718e-01, 1.0000000e+00 
9539, 5.1083257e-01, 5.6356760e-01, 0.0000000e+00 
9540, 5.1083257e-01, 5.6356760e-01, 1.0000000e+00 
9541, 5.3235229e-01, 5.8600059e-01, 0.0000000e+00 
9542, 5.3235229e-01, 5.8600059e-01, 1.0000000e+00 
9543, 4.5970649e-01, 6.8776446e-01, 0.0000000e+00 
9544, 4.5970649e-01, 6.8776446e-01, 1.0000000e+00 
9545, 1.7293986e-01, 1.0000000e+00, 6.8963666e-01 
9546, 1.7293986e-01, 0.0000000e+00, 6.8963666e-01 
9547, 2.6885540e-01, 9.9273603e-01, 1.0000000e+00 
9548, 2.6885540e-01, 9.9273603e-01, 0.0000000e+00 
9549, 9.3859099e-01, 6.8095139e-01, 1.0000000e+00 
9550, 9.3859099e-01, 6.8095139e-01, 0.0000000e+00 
9551, 1.0000000e+00, 7.5081995e-01, 8.2917925e-01 
9552, 0.0000000e+00, 7.5081995e-01, 8.2917925e-01 
9553, 1.0000000e+00, 8.3176509e-01, 8.5643422e-01 
9554, 0.0000000e+00, 8.3176509e-01, 8.5643422e-01 
9555, 1.0000000e+00, 4.4928378e-01, 4.8319704e-01 
9556, 0.0000000e+00, 4.4928378e-01, 4.8319704e-01 
9557, 1.0000000e+00, 4.2232401e-01, 5.5906618e-01 
9558, 0.0000000e+00, 4.2232401e-01, 5.5906618e-01 
9559, 1.0000000e+00, 5.0501236e-01, 5.5779792e-01 
9560, 0.0000000e+00, 5.0501236e-01, 5.5779792e-01 
9561, 7.7975452e-01, 2.2401445e-01, 1.0000000e+00 
9562, 7.7975452e-01, 2.2401445e-01, 0.0000000e+00 
9563, 1.0000000e+00, 3.9700495e-01, 7.4583028e-01 
9564, 0.0000000e+00, 3.9700495e-01, 7.4583028e-01 
9565, 1.0000000e+00, 8.3021837e-01, 2.6605776e-01 
9566, 0.0000000e+00, 8.3021837e-01, 2.6605776e-01 
9567, 8.3141693e-01, 9.0858946e-01, 0.0000000e+00 
9568, 8.3141693e-01, 9.0858946e-01, 1.0000000e+00 
9569, 9.7617404e-01, 2.0080118e-01, 1.0000000e+00 
9570, 9.7617404e-01, 2.0080118e-01, 0.0000000e+00 
9571, 1.0000000e+00, 2.8775613e-01, 8.8656421e-01 
9572, 0.0000000e+00, 2.8775613e-01, 8.8656421e-01 
9573, 1.0000000e+00, 2.5773398e-01, 8.4279342e-01 
9574, 0.0000000e+00, 2.5773398e-01, 8.4279342e-01 
9575, 1.0000000e+00, 2.4490072e-01, 8.6837404e-01 
9576, 0.0000000e+00, 2.4490072e-01, 8.6837404e-01 
9577, 1.3879289e-01, 7.2443091e-01, 0.0000000e+00 
9578, 1.3879289e-01, 7.2443091e-01, 1.0000000e+00 
9579, 0.0000000e+00, 8.3339456e-01, 8.7963322e-02 
9580, 1.0000000e+00, 8.3339456e-01, 8.7963322e-02 
9581, 2.0547855e-01, 7.6585660e-01, 0.0000000e+00 
9582, 2.0547855e-01, 7.6585660e-01, 1.0000000e+00 
9583, 5.4686538e-01, 2.6518700e-01, 1.0000000e+00 
9584, 5.4686538e-01, 2.6518700e-01, 0.0000000e+00 
9585, 0.0000000e+00, 2.6853816e-01, 7.5227841e-01 
9586, 1.0000000e+00, 2.6853816e-01, 7.5227841e-01 
9587, 8.0236491e-02, 0.0000000e+00, 7.1105230e-01 
9588, 8.0236491e-02, 1.0000000e+00, 7.1105230e-01 
9589, 4.9192955e-01, 1.0000000e+00, 1.3757412e-01 
9590, 4.9192955e-01, 0.0000000e+00, 1.3757412e-01 
9591, 8.2503247e-01, 2.2574939e-01, 1.0000000e+00 
9592, 8.2503247e-01, 2.2574939e-01, 0.0000000e+00 
9593, 6.8203002e-01, 3.9562177e-01, 1.0000000e+00 
9594, 6.8203002e-01, 3.9562177e-01, 0.0000000e+00 
9595, 1.0000000e+00, 3.5358828e-01, 6.4305176e-01 
9596, 0.0000000e+00, 3.5358828e-01, 6.4305176e-01 
9597, 1.0000000e+00, 3.1075884e-01, 7.2752188e-01 
9598, 0.0000000e+00, 3.1075884e-01, 7.2752188e-01 
9599, 1.0000000e+00, 8.4493001e-02, 7.8077092e-01 
9600, 2.1532322e-02, 1.0000000e+00, 8.1322610e-01 
9601, 7.7585658e-01, 0.0000000e+00, 5.8968079e-01 
9602, 7.7585658e-01, 1.0000000e+00, 5.8968079e-01 
9603, 8.8992411e-01, 8.5169370e-01, 1.0000000e+00 
9604, 8.8992411e-01, 8.5169370e-01, 0.0000000e+00 
9605, 9.0746865e-01, 1.0000000e+00, 9.9130087e-01 
9606, 9.0746865e-01, 0.0000000e+00, 9.9130087e-01 
9607, 7.4460930e-01, 1.0000000e+00, 7.9707689e-01 
9608, 7.4460930e-01, 0.0000000e+00, 7.9707689e-01 
9609, 7.2257649e-01, 1.0000000e+00, 7.9251731e-01 
9610, 7.2257649e-01, 0.0000000e+00, 7.9251731e-01 
9611, 3.8601022e-01, 1.0000000e+00, 8.1988799e-01 
9612, 3.8601022e-01, 0.0000000e+00, 8.1988799e-01 
9613, 3.2475569e-01, 1.0000000e+00, 8.4960966e-01 
9614, 3.2475569e-01, 0.0000000e+00, 8.4960966e-01 
9615, 4.3217785e-01, 1.0000000e+00, 8.2547869e-01 
9616, 4.3217785e-01, 0.0000000e+00, 8.2547869e-01 
9617, 4.0946386e-01, 1.0000000e+00, 8.4379338e-01 
9618, 4.0946386e-01, 0.0000000e+00, 8.4379338e-01 
9619, 1.0000000e+00, 5.0080534e-01, 4.5003224e-01 
9620, 0.0000000e+00, 5.0080534e-01, 4.5003224e-01 
9621, 3.5010679e-01, 4.1816791e-01, 0.0000000e+00 
9622, 3.5010679e-01, 4.1816791e-01, 1.0000000e+00 
9623, 1.0000000e+00, 8.2107265e-01, 1.5760475e-01 
9624, 0.0000000e+00, 8.2107265e-01, 1.5760475e-01 
9625, 3.8710675e-01, 0.0000000e+00, 7.2439717e-01 
9626, 3.8710675e-01, 1.0000000e+00, 7.2439717e-01 
9627, 4.6570383e-01, 0.0000000e+00, 8.9965031e-01 
9628, 4.6570383e-01, 1.0000000e+00, 8.9965031e-01 
9629, 5.4954147e-01, 0.0000000e+00, 9.8026622e-01 
9630, 5.4906378e-01, 9.8631406e-01, 0.0000000e+00 
9631, 3.9025958e-01, 1.0000000e+00, 6.1085260e-01 
9632, 3.9025958e-01, 0.0000000e+00, 6.1085260e-01 
9633, 5.8901641e-01, 4.6183044e-01, 1.0000000e+00 
9634, 5.8901641e-01, 4.6183044e-01, 0.0000000e+00 
9635, 0.0000000e+00, 7.3250728e-01, 2.2047929e-01 
9636, 1.0000000e+00, 7.3250728e-01, 2.2047929e-01 
9637, 0.0000000e+00, 6.5453267e-01, 1.7035115e-01 
9638, 1.0000000e+00, 6.5453267e-01, 1.7035115e-01 
9639, 3.6879659e-01, 6.3403859e-01, 1.0000000e+00 
9640, 3.6879659e-01, 6.3403859e-01, 0.0000000e+00 
9641, 3.5563186e-01, 6.0016398e-01, 1.0000000e+00 
9642, 3.5563186e-01, 6.0016398e-01, 0.0000000e+00 
9643, 3.4374798e-01, 6.3598805e-01, 1.0000000e+00 
9644, 3.4374798e-01, 6.3598805e-01, 0.0000000e+00 
9645, 9.5136502e-01, 8.1553116e-01, 1.0000000e+00 
9646, 9.8719398e-01, 0.0000000e+00, 1.3222614e-01 
9647, 5.0852789e-01, 2.6084065e-01, 1.0000000e+00 
9648, 5.0852789e-01, 2.6084065e-01, 0.0000000e+00 
9649, 6.8214177e-01, 0.0000000e+00, 2.8792586e-01 
9650, 6.8214177e-01, 1.0000000e+00, 2.8792586e-01 
9651, 1.0000000e+00, 1.7157541e-02, 8.0452122e-01 
9652, 1.3897662e-01, 1.0000000e+00, 9.2005410e-01 
9653, 9.4783389e-01, 0.0000000e+00, 6.7030078e-01 
9654, 0.0000000e+00, 9.7597671e-01, 6.4597028e-01 
9655, 9.8520659e-01, 0.0000000e+00, 8.0732620e-01 
9656, 9.8520659e-01, 1.0000000e+00, 8.0732620e-01 
9657, 1.0000000e+00, 3.6895591e-02, 9.0647825e-01 
9658, 8.3593445e-03, 5.8212419e-02, 0.0000000e+00 
9659, 9.8889920e-01, 6.6658762e-03, 1.0000000e+00 
9660, 9.8889920e-01, 6.6658762e-03, 0.0000000e+00 
9661, 1.0000000e+00, 2.1623028e-01, 6.8497609e-01 
9662, 0.0000000e+00, 2.1623028e-01, 6.8497609e-01 
9663, 2.4479858e-01, 8.7695083e-01, 1.0000000e+00 
9664, 2.4479858e-01, 8.7695083e-01, 0.0000000e+00 
9665, 2.7939914e-01, 7.9555056e-01, 1.0000000e+00 
9666, 2.7939914e-01, 7.9555056e-01, 0.0000000e+00 
9667, 8.2367140e-01, 0.0000000e+00, 5.6741032e-01 
9668, 8.2367140e-01, 1.0000000e+00, 5.6741032e-01 
9669, 8.4554881e-01, 0.0000000e+00, 5.4833349e-01 
9670, 8.4554881e-01, 1.0000000e+00, 5.4833349e-01 
9671, 4.5166396e-01, 0.0000000e+00, 4.2316492e-01 
9672, 4.5166396e-01, 1.0000000e+00, 4.2316492e-01 
9673, 2.0011038e-01, 0.0000000e+00, 4.7201821e-01 
9674, 2.0011038e-01, 1.0000000e+00, 4.7201821e-01 
9675, 7.3379609e-01, 0.0000000e+00, 4.6726544e-01 
9676, 7.3379609e-01, 1.0000000e+00, 4.6726544e-01 
9677, 6.7644884e-01, 0.0000000e+00, 5.5640714e-01 
9678, 6.7644884e-01, 1.0000000e+00, 5.5640714e-01 
9679, 1.0000000e+00, 7.4003380e-02, 1.0596960e-01 
9680, 1.1789821e-01, 1.0000000e+00, 5.1533338e-02 
9681, 8.0382197e-01, 0.0000000e+00, 1.7848620e-01 
9682, 8.0382197e-01, 1.0000000e+00, 1.7848620e-01 
9683, 1.0000000e+00, 1.4025154e-01, 1.5703384e-01 
9684, 0.0000000e+00, 1.4025154e-01, 1.5703384e-01 
9685, 2.3595183e-01, 3.9565921e-01, 1.0000000e+00 
9686, 2.3595183e-01, 3.9565921e-01, 0.0000000e+00 
9687, 5.8785982e-01, 1.0450994e-01, 1.0000000e+00 
9688, 5.8785982e-01, 1.0450994e-01, 0.0000000e+00 
9689, 6.0584428e-01, 9.5316176e-01, 1.0000000e+00 
9690, 6.0584428e-01, 9.5316176e-01, 0.0000000e+00 
9691, 1.0000000e+00, 1.7941465e-01, 7.9983327e-01 
9692, 0.0000000e+00, 1.7941465e-01, 7.9983327e-01 
9693, 5.8391285e-01, 7.0995168e-01, 1.0000000e+00 
9694, 5.8391285e-01, 7.0995168e-01, 0.0000000e+00 
9695, 8.1072536e-01, 6.2039196e-01, 1.0000000e+00 
9696, 8.1072536e-01, 6.2039196e-01, 0.0000000e+00 
9697, 7.6636684e-01, 1.0000000e+00, 5.3856759e-01 
9698, 7.6636684e-01, 0.0000000e+00, 5.3856759e-01 
9699, 0.0000000e+00, 4.7619606e-01, 5.6482794e-01 
9700, 1.0000000e+00, 4.7619606e-01, 5.6482794e-01 
9701, 0.0000000e+00, 4.6328788e-01, 6.9100160e-01 
9702, 1.0000000e+00, 4.6328788e-01, 6.9100160e-01 
9703, 0.0000000e+00, 3.8821134e-01, 7.5541142e-01 
9704, 1.0000000e+00, 3.8821134e-01, 7.5541142e-01 
9705, 4.0583726e-01, 9.0857692e-01, 0.0000000e+00 
9706, 4.0583726e-01, 9.0857692e-01, 1.0000000e+00 
9707, 3.8205141e-01, 8.4131995e-01, 0.0000000e+00 
9708, 3.8205141e-01, 8.4131995e-01, 1.0000000e+00 
9709, 9.7372548e-01, 1.0000000e+00, 9.8656646e-01 
9710, 0.0000000e+00, 4.6294533e-02, 2.9262338e-02 
9711, 1.0000000e+00, 2.9315241e-01, 1.9454143e-01 
9712, 0.0000000e+00, 2.9315241e-01, 1.9454143e-01 
9713, 3.0866793e-01, 1.0000000e+00, 8.4824698e-02 
9714, 3.0866793e-01, 0.0000000e+00, 8.4824698e-02 
9715, 7.6731465e-01, 1.0000000e+00, 7.1345982e-02 
9716, 7.6731465e-01, 0.0000000e+00, 7.1345982e-02 
9717, 6.7445585e-01, 1.0000000e+00, 4.4482244e-02 
9718, 6.7445585e-01, 0.0000000e+00, 4.4482244e-02 
9719, 3.2105230e-01, 3.8485050e-01, 0.0000000e+00 
9720, 3.2105230e-01, 3.8485050e-01, 1.0000000e+00 
$bonds
1, 1046, 1 
2, 1090, 1 
3, 250, 2 
4, 1377, 2 
5, 2810, 2 
6, 3977, 2 
7, 1733, 3 
8, 1814, 3 
9, 1358, 4 
10, 1850, 4 
11, 565, 5 
12, 937, 5 
13, 3079, 5 
14, 3599, 5 
15, 382, 6 
16, 1831, 7 
17, 3307, 7 
18, 793, 8 
19, 2503, 8 
20, 1480, 9 
21, 1582, 9 
22, 3812, 9 
23, 1395, 10 
24, 363, 12 
25, 1541, 12 
26, 2772, 12 
27, 3674, 13 
28, 1087, 14 
29, 1046, 15 
30, 1288, 15 
31, 2989, 15 
32, 3451, 15 
33, 232, 16 
34, 1286, 16 
35, 1324, 16 
36, 1867, 16 
37, 621, 17 
38, 1623, 17 
39, 2821, 17 
40, 3124, 17 
41, 229, 18 
42, 3358, 18 
43, 3672, 18 
44, 449, 19 
45, 660, 19 
46, 1589, 19 
47, 2480, 20 
48, 3167, 20 
49, 3927, 21 
50, 891, 22 
51, 2640, 23 
52, 2730, 23 
53, 3141, 23 
54, 3713, 23 
55, 152, 24 
56, 1061, 24 
57, 1166, 24 
58, 1376, 24 
59, 2936, 25 
60, 3447, 25 
61, 3805, 25 
62, 3952, 25 
63, 1440, 26 
64, 2138, 26 
65, 2761, 26 
66, 314, 27 
67, 621, 27 
68, 924, 27 
69, 204, 28 
70, 787, 28 
71, 1192, 28 
72, 2205, 28 
73, 2392, 29 
74, 3143, 29 
75, 648, 30 
76, 1149, 30 
77, 1568, 30 
78, 3381, 30 
79, 586, 31 
80, 866, 31 
81, 1646, 31 
82, 3091, 31 
83, 1449, 32 
84, 2699, 32 
85, 3340, 32 
86, 1428, 33 
87, 3291, 33 
88, 2095, 34 
89, 2280, 34 
90, 3828, 34 
91, 1087, 35 
92, 1690, 35 
93, 999, 36 
94, 2667, 36 
95, 998, 37 
96, 1392, 37 
97, 1488, 37 
98, 3240, 37 
99, 1372, 38 
100, 1833, 38 
101, 3547, 38 
102, 3620, 38 
103, 277, 39 
104, 1280, 39 
105, 3456, 39 
106, 1905, 40 
107, 2060, 40 
108, 3527, 40 
109, 1171, 42 
110, 1473, 42 
111, 1911, 42 
112, 3351, 42 
113, 143, 43 
114, 2263, 43 
115, 745, 44 
116, 2817, 44 
117, 2941, 45 
118, 1058, 47 
119, 2893, 47 
120, 3187, 47 
121, 807, 48 
122, 1034, 49 
123, 2998, 49 
124, 327, 50 
125, 1017, 50 
126, 2166, 50 
127, 2902, 50 
128, 1588, 51 
129, 1809, 51 
130, 2409, 51 
131, 1394, 52 
132, 1331, 53 
133, 2801, 53 
134, 3516, 54 
135, 553, 55 
136, 3022, 55 
137, 3376, 55 
138, 1743, 57 
139, 2805, 57 
140, 3312, 57 
141, 1116, 58 
142, 2028, 58 
143, 2775, 58 
144, 2880, 58 
145, 1078, 59 
146, 3317, 59 
147, 1917, 60 
148, 2120, 60 
149, 1302, 61 
150, 2290, 61 
151, 757, 62 
152, 1347, 62 
153, 1399, 62 
154, 793, 63 
155, 2173, 63 
156, 2873, 63 
157, 225, 64 
158, 2083, 64 
159, 2857, 64 
160, 142, 65 
161, 1374, 65 
162, 2589, 65 
163, 2049, 66 
164, 3705, 66 
165, 180, 67 
166, 2460, 67 
167, 3378, 67 
168, 2476, 68 
169, 2877, 68 
170, 1447, 69 
171, 3477, 69 
172, 565, 70 
173, 749, 70 
174, 1270, 70 
175, 3787, 70 
176, 1677, 71 
177, 1777, 71 
178, 2162, 71 
179, 3129, 71 
180, 204, 72 
181, 1462, 72 
182, 2164, 72 
183, 2575, 72 
184, 314, 73 
185, 420, 73 
186, 2782, 73 
187, 3599, 73 
188, 2252, 74 
189, 2595, 74 
190, 2749, 74 
191, 860, 75 
192, 1114, 75 
193, 2326, 75 
194, 1237, 76 
195, 1489, 76 
196, 2638, 76 
197, 894, 77 
198, 1873, 77 
199, 3198, 77 
200, 3379, 77 
201, 1149, 78 
202, 1161, 78 
203, 1445, 78 
204, 3100, 78 
205, 383, 79 
206, 189, 80 
207, 1216, 80 
208, 3001, 80 
209, 3176, 80 
210, 2020, 81 
211, 2023, 81 
212, 2354, 81 
213, 2425, 81 
214, 3697, 82 
215, 363, 84 
216, 1199, 84 
217, 1427, 84 
218, 861, 85 
219, 1644, 85 
220, 1422, 87 
221, 1786, 87 
222, 3136, 87 
223, 2518, 88 
224, 1949, 89 
225, 3412, 89 
226, 3971, 89 
227, 1764, 90 
228, 1101, 91 
229, 2887, 91 
230, 439, 92 
231, 2864, 92 
232, 3047, 92 
233, 3682, 92 
234, 909, 93 
235, 1494, 93 
236, 697, 94 
237, 2641, 94 
238, 3270, 94 
239, 861, 95 
240, 1447, 95 
241, 1472, 95 
242, 1855, 95 
243, 1247, 96 
244, 2696, 96 
245, 2738, 96 
246, 1506, 97 
247, 1863, 97 
248, 2165, 98 
249, 2241, 98 
250, 3254, 98 
251, 545, 99 
252, 3217, 99 
253, 3370, 99 
254, 1584, 100 
255, 1899, 100 
256, 2292, 100 
257, 3556, 101 
258, 3949, 101 
259, 1312, 102 
260, 2194, 103 
261, 1509, 104 
262, 1674, 104 
263, 3184, 104 
264, 188, 105 
265, 1256, 105 
266, 2910, 105 
267, 3960, 105 
268, 273, 106 
269, 1274, 106 
270, 2848, 106 
271, 3907, 106 
272, 1606, 107 
273, 1666, 107 
274, 2650, 107 
275, 1538, 108 
276, 2660, 108 
277, 2448, 109 
278, 1102, 110 
279, 694, 111 
280, 2900, 111 
281, 2795, 112 
282, 2864, 112 
283, 2987, 112 
284, 3728, 112 
285, 291, 113 
286, 427, 113 
287, 534, 113 
288, 2191, 113 
289, 522, 114 
290, 1897, 114 
291, 1964, 114 
292, 3174, 114 
293, 263, 115 
294, 578, 115 
295, 1807, 115 
296, 2566, 115 
297, 3767, 116 
298, 302, 117 
299, 1611, 117 
300, 2255, 117 
301, 3237, 117 
302, 363, 118 
303, 1837, 118 
304, 795, 119 
305, 2145, 119 
306, 2679, 119 
307, 3921, 119 
308, 411, 120 
309, 636, 120 
310, 1357, 120 
311, 3923, 120 
312, 1132, 121 
313, 1725, 122 
314, 3997, 122 
315, 1310, 123 
316, 1993, 123 
317, 2467, 123 
318, 988, 124 
319, 1394, 124 
320, 2092, 124 
321, 2417, 124 
322, 654, 125 
323, 959, 125 
324, 1649, 126 
325, 2058, 126 
326, 1975, 127 
327, 2641, 127 
328, 3044, 127 
329, 1905, 128 
330, 3764, 128 
331, 3959, 128 
332, 1433, 129 
333, 1582, 129 
334, 2611, 129 
335, 2967, 130 
336, 1039, 131 
337, 1678, 131 
338, 2225, 132 
339, 3299, 132 
340, 3514, 132 
341, 1959, 133 
342, 1867, 134 
343, 2196, 134 
344, 3985, 134 
345, 1495, 135 
346, 962, 136 
347, 1909, 136 
348, 3647, 137 
349, 1978, 138 
350, 2010, 139 
351, 2418, 139 
352, 547, 140 
353, 2540, 140 
354, 2752, 140 
355, 343, 141 
356, 1413, 141 
357, 1631, 141 
358, 1888, 141 
359, 911, 142 
360, 1541, 142 
361, 379, 143 
362, 1482, 143 
363, 3477, 143 
364, 370, 144 
365, 2612, 144 
366, 2723, 144 
367, 1199, 145 
368, 2045, 145 
369, 3036, 145 
370, 1375, 146 
371, 2575, 146 
372, 3524, 146 
373, 2258, 147 
374, 3584, 147 
375, 339, 148 
376, 805, 148 
377, 1696, 150 
378, 3301, 150 
379, 3578, 150 
380, 198, 151 
381, 504, 151 
382, 2627, 151 
383, 3892, 151 
384, 986, 152 
385, 2455, 152 
386, 982, 153 
387, 1325, 153 
388, 3415, 153 
389, 1978, 154 
390, 2106, 154 
391, 2214, 154 
392, 3472, 154 
393, 1123, 155 
394, 3250, 155 
395, 3327, 155 
396, 928, 157 
397, 2354, 157 
398, 3628, 157 
399, 3398, 158 
400, 3655, 158 
401, 524, 159 
402, 1560, 159 
403, 2247, 159 
404, 3131, 161 
405, 3781, 162 
406, 433, 163 
407, 476, 163 
408, 3519, 163 
409, 3159, 164 
410, 3932, 164 
411, 1800, 165 
412, 2445, 165 
413, 3079, 165 
414, 1695, 166 
415, 3928, 166 
416, 3985, 166 
417, 169, 167 
418, 762, 167 
419, 1022, 167 
420, 1316, 167 
421, 310, 168 
422, 1303, 168 
423, 3076, 168 
424, 3660, 168 
425, 1474, 169 
426, 2117, 169 
427, 239, 170 
428, 3718, 170 
429, 1441, 171 
430, 1873, 171 
431, 3102, 171 
432, 3655, 171 
433, 1168, 172 
434, 2289, 173 
435, 2501, 173 
436, 2811, 173 
437, 3838, 173 
438, 864, 174 
439, 1622, 174 
440, 3528, 174 
441, 515, 175 
442, 2465, 175 
443, 1921, 176 
444, 2061, 176 
445, 3058, 176 
446, 819, 177 
447, 3209, 177 
448, 1313, 178 
449, 2700, 178 
450, 3534, 178 
451, 3945, 178 
452, 977, 179 
453, 1273, 179 
454, 198, 180 
455, 1565, 180 
456, 1705, 181 
457, 866, 182 
458, 1017, 182 
459, 1785, 182 
460, 3823, 182 
461, 2223, 183 
462, 3545, 183 
463, 3801, 184 
464, 2448, 185 
465, 2624, 186 
466, 3642, 186 
467, 3664, 186 
468, 463, 187 
469, 1000, 188 
470, 2888, 188 
471, 3025, 188 
472, 1569, 189 
473, 3867, 189 
474, 2024, 190 
475, 3076, 190 
476, 2267, 191 
477, 3669, 191 
478, 1265, 192 
479, 3112, 192 
480, 3651, 192 
481, 1722, 193 
482, 3905, 193 
483, 2941, 194 
484, 1419, 195 
485, 2433, 195 
486, 1227, 196 
487, 1305, 196 
488, 2685, 196 
489, 362, 197 
490, 589, 197 
491, 3483, 197 
492, 3811, 197 
493, 1057, 198 
494, 3495, 198 
495, 570, 199 
496, 1333, 199 
497, 3127, 199 
498, 3846, 200 
499, 341, 201 
500, 2043, 201 
501, 2440, 201 
502, 3940, 201 
503, 3361, 202 
504, 1787, 203 
505, 2228, 203 
506, 697, 204 
507, 503, 205 
508, 1169, 205 
509, 1571, 205 
510, 2015, 205 
511, 385, 206 
512, 849, 206 
513, 324, 207 
514, 390, 207 
515, 2133, 207 
516, 2834, 207 
517, 2498, 208 
518, 2769, 208 
519, 302, 209 
520, 1257, 209 
521, 431, 210 
522, 1364, 210 
523, 1982, 210 
524, 3707, 210 
525, 468, 211 
526, 3722, 211 
527, 2020, 212 
528, 2623, 212 
529, 2970, 212 
530, 3595, 212 
531, 920, 213 
532, 1201, 214 
533, 1338, 214 
534, 1610, 214 
535, 864, 215 
536, 1401, 215 
537, 1864, 215 
538, 2568, 215 
539, 795, 216 
540, 1203, 216 
541, 1993, 216 
542, 3916, 216 
543, 830, 217 
544, 2424, 218 
545, 2191, 219 
546, 2596, 219 
547, 2887, 219 
548, 3552, 219 
549, 3595, 220 
550, 1679, 221 
551, 2433, 221 
552, 2904, 221 
553, 351, 222 
554, 1701, 222 
555, 2517, 222 
556, 2779, 222 
557, 771, 223 
558, 2245, 224 
559, 2286, 224 
560, 2502, 224 
561, 3050, 224 
562, 3614, 225 
563, 1455, 226 
564, 2865, 226 
565, 3294, 226 
566, 567, 227 
567, 2392, 227 
568, 3160, 227 
569, 3686, 227 
570, 316, 228 
571, 1184, 228 
572, 1943, 228 
573, 2943, 228 
574, 2275, 229 
575, 378, 230 
576, 1703, 231 
577, 2497, 231 
578, 2834, 231 
579, 1140, 232 
580, 1732, 232 
581, 418, 233 
582, 2785, 233 
583, 3929, 233 
584, 1856, 234 
585, 2554, 234 
586, 2937, 234 
587, 2377, 235 
588, 2474, 235 
589, 3635, 235 
590, 3777, 236 
591, 886, 237 
592, 3681, 237 
593, 789, 238 
594, 1900, 238 
595, 3235, 238 
596, 2088, 239 
597, 2447, 239 
598, 3639, 239 
599, 2109, 240 
600, 2178, 240 
601, 3258, 240 
602, 1600, 241 
603, 2842, 241 
604, 3655, 241 
605, 3752, 241 
606, 1094, 242 
607, 2108, 245 
608, 1577, 246 
609, 2297, 246 
610, 1789, 247 
611, 2473, 247 
612, 2983, 247 
613, 3875, 248 
614, 3512, 249 
615, 495, 250 
616, 3235, 250 
617, 3696, 250 
618, 2598, 251 
619, 645, 252 
620, 815, 252 
621, 2247, 252 
622, 2993, 253 
623, 2658, 254 
624, 465, 255 
625, 1301, 255 
626, 639, 256 
627, 2435, 256 
628, 3274, 256 
629, 3523, 256 
630, 2453, 257 
631, 1317, 258 
632, 2542, 258 
633, 377, 259 
634, 3011, 259 
635, 3493, 259 
636, 390, 260 
637, 1342, 260 
638, 1368, 260 
639, 1750, 261 
640, 3834, 261 
641, 3936, 261 
642, 428, 262 
643, 884, 262 
644, 2633, 262 
645, 3689, 262 
646, 2179, 263 
647, 1420, 265 
648, 2736, 265 
649, 3348, 265 
650, 3906, 265 
651, 603, 266 
652, 2446, 266 
653, 2636, 267 
654, 736, 268 
655, 3237, 268 
656, 421, 269 
657, 473, 269 
658, 1747, 269 
659, 3468, 269 
660, 1354, 271 
661, 907, 272 
662, 3037, 272 
663, 3789, 272 
664, 3838, 272 
665, 887, 273 
666, 1473, 273 
667, 2145, 273 
668, 1406, 274 
669, 2909, 274 
670, 3452, 274 
671, 3806, 274 
672, 2758, 275 
673, 1033, 276 
674, 2094, 276 
675, 2248, 276 
676, 2585, 276 
677, 1215, 277 
678, 2009, 277 
679, 3603, 277 
680, 3799, 278 
681, 917, 279 
682, 1730, 279 
683, 3544, 279 
684, 456, 280 
685, 1640, 280 
686, 534, 281 
687, 852, 281 
688, 1718, 281 
689, 2523, 281 
690, 766, 282 
691, 2471, 282 
692, 2750, 282 
693, 1350, 283 
694, 761, 284 
695, 2140, 284 
696, 2829, 284 
697, 3358, 284 
698, 2161, 285 
699, 2726, 285 
700, 3152, 285 
701, 1320, 286 
702, 1576, 286 
703, 2189, 286 
704, 3210, 286 
705, 1270, 287 
706, 1489, 287 
707, 2423, 287 
708, 3120, 287 
709, 1728, 288 
710, 2985, 288 
711, 3002, 288 
712, 334, 289 
713, 1974, 289 
714, 2503, 289 
715, 3186, 289 
716, 355, 290 
717, 676, 290 
718, 3810, 290 
719, 501, 291 
720, 2822, 291 
721, 3170, 292 
722, 3212, 292 
723, 3658, 292 
724, 3745, 292 
725, 630, 293 
726, 2764, 293 
727, 1373, 294 
728, 2395, 296 
729, 3296, 296 
730, 3899, 296 
731, 389, 297 
732, 1802, 297 
733, 1105, 298 
734, 800, 299 
735, 1651, 299 
736, 1790, 299 
737, 3449, 299 
738, 2804, 300 
739, 3613, 300 
740, 1632, 301 
741, 3098, 301 
742, 3591, 301 
743, 3416, 302 
744, 581, 303 
745, 945, 303 
746, 2952, 303 
747, 3365, 303 
748, 1568, 304 
749, 705, 307 
750, 1521, 307 
751, 3530, 307 
752, 885, 308 
753, 1472, 308 
754, 2507, 308 
755, 1085, 309 
756, 2750, 309 
757, 3108, 309 
758, 1751, 310 
759, 3589, 310 
760, 1740, 311 
761, 504, 312 
762, 2535, 312 
763, 3352, 312 
764, 1257, 313 
765, 1915, 313 
766, 3442, 313 
767, 1984, 315 
768, 2151, 315 
769, 3024, 315 
770, 800, 316 
771, 2037, 316 
772, 653, 317 
773, 2099, 317 
774, 2432, 317 
775, 890, 318 
776, 2351, 318 
777, 2955, 318 
778, 3653, 318 
779, 1306, 319 
780, 1642, 319 
781, 2778, 319 
782, 1590, 320 
783, 1518, 321 
784, 2662, 321 
785, 3695, 321 
786, 1168, 322 
787, 1248, 322 
788, 2820, 322 
789, 3457, 322 
790, 1043, 323 
791, 3037, 323 
792, 3107, 323 
793, 3352, 323 
794, 1703, 324 
795, 2441, 324 
796, 3863, 324 
797, 942, 325 
798, 2303, 325 
799, 3814, 325 
800, 1106, 326 
801, 1282, 326 
802, 1343, 327 
803, 1588, 327 
804, 1761, 327 
805, 1136, 328 
806, 2460, 328 
807, 1491, 329 
808, 3610, 329 
809, 393, 330 
810, 780, 331 
811, 815, 331 
812, 1315, 331 
813, 2977, 331 
814, 629, 332 
815, 2087, 332 
816, 2582, 333 
817, 2902, 333 
818, 655, 334 
819, 781, 334 
820, 2490, 334 
821, 661, 335 
822, 1732, 335 
823, 2245, 335 
824, 2851, 335 
825, 1543, 336 
826, 3607, 336 
827, 3046, 337 
828, 1961, 338 
829, 2654, 338 
830, 3803, 338 
831, 1846, 339 
832, 2692, 339 
833, 3753, 339 
834, 2163, 340 
835, 3786, 340 
836, 3629, 341 
837, 1181, 342 
838, 2397, 342 
839, 3891, 343 
840, 1169, 344 
841, 2025, 344 
842, 2462, 344 
843, 1196, 345 
844, 2732, 345 
845, 3676, 345 
846, 3891, 345 
847, 1857, 346 
848, 2920, 346 
849, 3828, 347 
850, 1125, 348 
851, 1175, 348 
852, 1937, 349 
853, 3030, 350 
854, 1162, 351 
855, 2235, 352 
856, 2567, 352 
857, 3156, 352 
858, 3153, 353 
859, 1028, 354 
860, 1863, 354 
861, 1951, 354 
862, 3125, 354 
863, 767, 355 
864, 955, 355 
865, 3698, 355 
866, 1284, 356 
867, 3886, 356 
868, 780, 357 
869, 1719, 357 
870, 2690, 357 
871, 3843, 357 
872, 3075, 358 
873, 456, 359 
874, 1385, 359 
875, 1551, 359 
876, 813, 360 
877, 2065, 360 
878, 2960, 360 
879, 2026, 361 
880, 3518, 361 
881, 2240, 362 
882, 2921, 362 
883, 3979, 362 
884, 1674, 363 
885, 1515, 364 
886, 1818, 364 
887, 462, 365 
888, 511, 365 
889, 1280, 365 
890, 965, 366 
891, 1137, 366 
892, 1161, 366 
893, 3308, 366 
894, 585, 367 
895, 760, 367 
896, 779, 367 
897, 3067, 367 
898, 583, 368 
899, 2083, 368 
900, 2721, 368 
901, 3235, 368 
902, 1894, 369 
903, 2962, 369 
904, 2036, 370 
905, 852, 371 
906, 2010, 371 
907, 404, 372 
908, 1205, 372 
909, 3549, 372 
910, 505, 373 
911, 713, 373 
912, 2898, 373 
913, 3942, 373 
914, 859, 374 
915, 2435, 374 
916, 2896, 374 
917, 3358, 374 
918, 716, 375 
919, 2795, 375 
920, 3404, 375 
921, 390, 376 
922, 972, 376 
923, 3218, 376 
924, 3686, 376 
925, 2748, 377 
926, 521, 378 
927, 1356, 379 
928, 1445, 379 
929, 1675, 379 
930, 1298, 380 
931, 1371, 380 
932, 1423, 380 
933, 2833, 380 
934, 1309, 381 
935, 1554, 381 
936, 3474, 381 
937, 3183, 382 
938, 473, 383 
939, 2523, 383 
940, 1787, 384 
941, 2588, 384 
942, 609, 386 
943, 1215, 387 
944, 3212, 387 
945, 3548, 387 
946, 3833, 387 
947, 2221, 388 
948, 2430, 388 
949, 3237, 388 
950, 586, 389 
951, 3428, 389 
952, 3457, 389 
953, 3890, 390 
954, 1083, 391 
955, 2930, 391 
956, 1541, 392 
957, 1852, 392 
958, 3385, 392 
959, 733, 393 
960, 608, 394 
961, 2257, 394 
962, 3587, 394 
963, 1780, 395 
964, 841, 396 
965, 1536, 396 
966, 2002, 396 
967, 2291, 396 
968, 591, 397 
969, 1225, 397 
970, 3042, 397 
971, 3346, 397 
972, 1607, 398 
973, 562, 399 
974, 838, 399 
975, 2944, 399 
976, 496, 400 
977, 2146, 400 
978, 2338, 400 
979, 593, 401 
980, 1645, 401 
981, 2552, 401 
982, 3198, 401 
983, 1269, 402 
984, 908, 403 
985, 1201, 403 
986, 2077, 403 
987, 2250, 403 
988, 809, 404 
989, 1440, 404 
990, 498, 405 
991, 2547, 405 
992, 3593, 405 
993, 992, 406 
994, 3439, 406 
995, 2315, 407 
996, 2776, 407 
997, 3805, 407 
998, 1190, 408 
999, 1441, 408 
1000, 3574, 408 
1001, 3692, 408 
1002, 3615, 409 
1003, 1127, 410 
1004, 1753, 410 
1005, 2644, 410 
1006, 1922, 411 
1007, 2157, 411 
1008, 3995, 411 
1009, 3118, 412 
1010, 3836, 412 
1011, 848, 413 
1012, 2125, 413 
1013, 3476, 413 
1014, 1962, 414 
1015, 1032, 415 
1016, 1394, 416 
1017, 1664, 416 
1018, 1634, 417 
1019, 2046, 417 
1020, 2548, 417 
1021, 3375, 417 
1022, 2671, 419 
1023, 1151, 420 
1024, 1629, 420 
1025, 3749, 420 
1026, 796, 421 
1027, 1629, 421 
1028, 3870, 421 
1029, 2095, 422 
1030, 3442, 422 
1031, 2707, 423 
1032, 3809, 423 
1033, 1429, 426 
1034, 2124, 426 
1035, 2753, 426 
1036, 3049, 426 
1037, 520, 427 
1038, 1160, 427 
1039, 3536, 427 
1040, 1285, 428 
1041, 1824, 428 
1042, 506, 429 
1043, 1724, 429 
1044, 2817, 429 
1045, 3856, 429 
1046, 1262, 430 
1047, 2249, 430 
1048, 2587, 430 
1049, 561, 431 
1050, 1608, 431 
1051, 3649, 432 
1052, 1254, 433 
1053, 1552, 433 
1054, 3804, 433 
1055, 3233, 434 
1056, 3355, 434 
1057, 462, 435 
1058, 1823, 435 
1059, 2287, 435 
1060, 2739, 435 
1061, 2220, 436 
1062, 1205, 437 
1063, 1871, 437 
1064, 2524, 437 
1065, 3983, 437 
1066, 1062, 438 
1067, 2099, 438 
1068, 1308, 439 
1069, 2633, 439 
1070, 3640, 439 
1071, 2399, 440 
1072, 2442, 441 
1073, 1281, 442 
1074, 2341, 442 
1075, 983, 443 
1076, 3890, 443 
1077, 2556, 444 
1078, 3679, 444 
1079, 936, 445 
1080, 3994, 445 
1081, 915, 446 
1082, 1900, 446 
1083, 2523, 446 
1084, 3277, 446 
1085, 1698, 447 
1086, 3444, 447 
1087, 2101, 448 
1088, 3354, 448 
1089, 3803, 448 
1090, 2305, 449 
1091, 2777, 449 
1092, 3367, 449 
1093, 1904, 450 
1094, 3148, 450 
1095, 3517, 450 
1096, 576, 451 
1097, 1967, 451 
1098, 2592, 451 
1099, 3794, 451 
1100, 843, 452 
1101, 2693, 452 
1102, 2649, 454 
1103, 2421, 455 
1104, 1353, 456 
1105, 1654, 458 
1106, 1792, 458 
1107, 3132, 459 
1108, 496, 460 
1109, 3454, 460 
1110, 1394, 461 
1111, 3078, 461 
1112, 3492, 461 
1113, 643, 462 
1114, 2561, 462 
1115, 1885, 463 
1116, 2502, 463 
1117, 2735, 465 
1118, 478, 466 
1119, 511, 466 
1120, 1719, 466 
1121, 3117, 466 
1122, 2948, 467 
1123, 2969, 467 
1124, 1364, 468 
1125, 1578, 468 
1126, 2749, 468 
1127, 1403, 469 
1128, 1669, 469 
1129, 699, 470 
1130, 3294, 470 
1131, 3396, 470 
1132, 2046, 471 
1133, 2653, 471 
1134, 3950, 471 
1135, 1015, 472 
1136, 1154, 472 
1137, 1779, 473 
1138, 2172, 474 
1139, 2543, 474 
1140, 739, 475 
1141, 1555, 475 
1142, 881, 476 
1143, 3511, 476 
1144, 540, 477 
1145, 3102, 477 
1146, 875, 478 
1147, 2293, 479 
1148, 1296, 480 
1149, 1302, 480 
1150, 2407, 480 
1151, 499, 481 
1152, 3862, 481 
1153, 593, 482 
1154, 1121, 482 
1155, 2398, 482 
1156, 606, 483 
1157, 922, 483 
1158, 1479, 483 
1159, 1899, 483 
1160, 555, 484 
1161, 737, 485 
1162, 3017, 485 
1163, 3075, 485 
1164, 3763, 485 
1165, 958, 486 
1166, 1321, 486 
1167, 2487, 486 
1168, 3543, 486 
1169, 1771, 487 
1170, 1504, 488 
1171, 1853, 488 
1172, 3303, 488 
1173, 1732, 489 
1174, 2338, 489 
1175, 2504, 489 
1176, 3910, 489 
1177, 884, 490 
1178, 1317, 490 
1179, 2708, 490 
1180, 3571, 490 
1181, 1877, 492 
1182, 3495, 492 
1183, 662, 494 
1184, 2456, 494 
1185, 2969, 494 
1186, 3576, 494 
1187, 975, 495 
1188, 3420, 497 
1189, 3554, 497 
1190, 1282, 499 
1191, 2015, 499 
1192, 1938, 500 
1193, 2604, 500 
1194, 2878, 500 
1195, 3502, 500 
1196, 530, 501 
1197, 3287, 501 
1198, 3705, 501 
1199, 2508, 502 
1200, 2903, 503 
1201, 3868, 503 
1202, 2907, 504 
1203, 3112, 504 
1204, 1396, 505 
1205, 2054, 505 
1206, 3355, 505 
1207, 1233, 506 
1208, 1614, 506 
1209, 3294, 506 
1210, 1887, 507 
1211, 2279, 507 
1212, 2388, 507 
1213, 1767, 508 
1214, 2301, 508 
1215, 3077, 508 
1216, 3870, 508 
1217, 1393, 509 
1218, 2461, 509 
1219, 3263, 509 
1220, 1696, 510 
1221, 3124, 510 
1222, 1678, 511 
1223, 2143, 511 
1224, 648, 512 
1225, 1409, 512 
1226, 2845, 512 
1227, 679, 513 
1228, 2957, 513 
1229, 3577, 513 
1230, 1513, 514 
1231, 3410, 514 
1232, 3175, 515 
1233, 3861, 515 
1234, 3038, 516 
1235, 1872, 518 
1236, 2485, 518 
1237, 3963, 518 
1238, 1629, 519 
1239, 2167, 519 
1240, 1316, 520 
1241, 3618, 520 
1242, 2685, 522 
1243, 804, 523 
1244, 817, 523 
1245, 3795, 523 
1246, 721, 524 
1247, 935, 524 
1248, 2701, 524 
1249, 1276, 525 
1250, 1864, 525 
1251, 3763, 525 
1252, 1786, 526 
1253, 2007, 526 
1254, 3773, 526 
1255, 1450, 527 
1256, 1982, 527 
1257, 2511, 527 
1258, 2829, 527 
1259, 1223, 528 
1260, 1263, 528 
1261, 3398, 528 
1262, 562, 531 
1263, 1663, 531 
1264, 2737, 531 
1265, 3939, 531 
1266, 2009, 532 
1267, 3469, 532 
1268, 3593, 532 
1269, 1636, 533 
1270, 2479, 533 
1271, 3052, 533 
1272, 2587, 534 
1273, 3121, 535 
1274, 1545, 536 
1275, 1706, 536 
1276, 747, 537 
1277, 3757, 537 
1278, 3929, 537 
1279, 982, 538 
1280, 2608, 538 
1281, 759, 539 
1282, 1713, 539 
1283, 2807, 539 
1284, 3899, 539 
1285, 2714, 540 
1286, 2745, 540 
1287, 642, 542 
1288, 1431, 542 
1289, 1766, 542 
1290, 1955, 542 
1291, 2079, 543 
1292, 754, 546 
1293, 1350, 547 
1294, 1181, 548 
1295, 2340, 548 
1296, 3627, 548 
1297, 3378, 549 
1298, 1672, 550 
1299, 2013, 550 
1300, 2304, 550 
1301, 2367, 550 
1302, 1080, 551 
1303, 3440, 551 
1304, 641, 552 
1305, 1437, 552 
1306, 3455, 552 
1307, 2335, 554 
1308, 2453, 554 
1309, 3978, 554 
1310, 2666, 555 
1311, 3853, 555 
1312, 972, 556 
1313, 1610, 556 
1314, 890, 557 
1315, 1734, 557 
1316, 2301, 557 
1317, 3117, 557 
1318, 843, 558 
1319, 2291, 558 
1320, 3779, 558 
1321, 3859, 559 
1322, 952, 560 
1323, 999, 560 
1324, 1354, 560 
1325, 3248, 560 
1326, 615, 561 
1327, 1296, 561 
1328, 2393, 561 
1329, 1712, 563 
1330, 3544, 563 
1331, 2665, 564 
1332, 2858, 564 
1333, 3855, 564 
1334, 1991, 565 
1335, 2835, 565 
1336, 2965, 566 
1337, 3187, 566 
1338, 3935, 566 
1339, 1785, 567 
1340, 2189, 567 
1341, 2289, 567 
1342, 1035, 568 
1343, 2165, 568 
1344, 2179, 568 
1345, 3057, 568 
1346, 3243, 569 
1347, 3830, 569 
1348, 2235, 570 
1349, 2889, 570 
1350, 3390, 570 
1351, 1485, 571 
1352, 1772, 571 
1353, 2061, 571 
1354, 3675, 571 
1355, 601, 572 
1356, 1333, 572 
1357, 1668, 572 
1358, 2994, 572 
1359, 1384, 573 
1360, 2890, 573 
1361, 1678, 574 
1362, 3274, 574 
1363, 3458, 574 
1364, 624, 575 
1365, 1089, 575 
1366, 1209, 577 
1367, 3688, 577 
1368, 1790, 578 
1369, 3594, 578 
1370, 750, 579 
1371, 1227, 579 
1372, 3305, 579 
1373, 2107, 580 
1374, 3325, 580 
1375, 3443, 580 
1376, 1292, 581 
1377, 2143, 581 
1378, 2409, 581 
1379, 1190, 582 
1380, 2108, 582 
1381, 1783, 583 
1382, 2406, 583 
1383, 2407, 583 
1384, 1040, 584 
1385, 652, 585 
1386, 1542, 585 
1387, 3050, 585 
1388, 3604, 586 
1389, 3864, 586 
1390, 1831, 587 
1391, 3069, 587 
1392, 1225, 588 
1393, 853, 589 
1394, 2304, 589 
1395, 2517, 589 
1396, 1256, 590 
1397, 1894, 590 
1398, 3295, 590 
1399, 3536, 590 
1400, 1719, 591 
1401, 2512, 591 
1402, 2579, 591 
1403, 872, 592 
1404, 1439, 592 
1405, 3911, 592 
1406, 961, 593 
1407, 1530, 593 
1408, 2314, 594 
1409, 1217, 595 
1410, 2212, 595 
1411, 2870, 595 
1412, 2987, 595 
1413, 660, 596 
1414, 1009, 596 
1415, 1789, 596 
1416, 3310, 596 
1417, 2792, 597 
1418, 3539, 597 
1419, 2717, 599 
1420, 3779, 599 
1421, 3906, 599 
1422, 1265, 600 
1423, 1336, 600 
1424, 1822, 600 
1425, 3502, 600 
1426, 1656, 601 
1427, 1667, 602 
1428, 2081, 602 
1429, 3452, 602 
1430, 1983, 604 
1431, 3769, 605 
1432, 2268, 606 
1433, 3164, 606 
1434, 3419, 606 
1435, 2496, 607 
1436, 814, 608 
1437, 822, 610 
1438, 940, 610 
1439, 3983, 610 
1440, 2971, 612 
1441, 1104, 613 
1442, 2186, 613 
1443, 2552, 613 
1444, 3745, 613 
1445, 1384, 614 
1446, 1720, 614 
1447, 3579, 614 
1448, 3279, 615 
1449, 3618, 615 
1450, 1576, 616 
1451, 1030, 617 
1452, 1035, 619 
1453, 1436, 619 
1454, 2121, 619 
1455, 691, 620 
1456, 957, 620 
1457, 1107, 620 
1458, 1774, 620 
1459, 1376, 621 
1460, 3016, 621 
1461, 1781, 622 
1462, 1964, 622 
1463, 2795, 622 
1464, 3645, 622 
1465, 871, 623 
1466, 1320, 624 
1467, 2690, 624 
1468, 1024, 625 
1469, 2772, 625 
1470, 2986, 625 
1471, 1377, 626 
1472, 1481, 626 
1473, 3384, 626 
1474, 3773, 626 
1475, 1011, 627 
1476, 1500, 627 
1477, 2695, 628 
1478, 3303, 628 
1479, 3999, 628 
1480, 3319, 629 
1481, 721, 630 
1482, 1693, 630 
1483, 1214, 632 
1484, 1575, 632 
1485, 1947, 632 
1486, 2061, 632 
1487, 2912, 633 
1488, 2135, 634 
1489, 1369, 635 
1490, 1393, 635 
1491, 1829, 635 
1492, 3915, 635 
1493, 1029, 636 
1494, 1265, 636 
1495, 1811, 636 
1496, 690, 637 
1497, 745, 637 
1498, 847, 637 
1499, 1393, 638 
1500, 1416, 638 
1501, 2194, 638 
1502, 3558, 638 
1503, 1355, 639 
1504, 1828, 639 
1505, 2405, 639 
1506, 3304, 640 
1507, 1062, 641 
1508, 1769, 641 
1509, 2198, 641 
1510, 1251, 642 
1511, 1390, 643 
1512, 3458, 643 
1513, 1407, 644 
1514, 1460, 644 
1515, 3843, 644 
1516, 2124, 645 
1517, 2345, 645 
1518, 812, 646 
1519, 2572, 646 
1520, 710, 647 
1521, 3544, 647 
1522, 1825, 648 
1523, 3387, 648 
1524, 806, 649 
1525, 836, 649 
1526, 1182, 649 
1527, 2430, 649 
1528, 3321, 650 
1529, 714, 651 
1530, 2186, 651 
1531, 2859, 651 
1532, 3758, 651 
1533, 913, 652 
1534, 3744, 652 
1535, 3114, 653 
1536, 2588, 654 
1537, 3850, 654 
1538, 669, 655 
1539, 2281, 655 
1540, 812, 656 
1541, 2838, 656 
1542, 2799, 657 
1543, 3181, 657 
1544, 3616, 657 
1545, 3731, 657 
1546, 3139, 658 
1547, 3184, 658 
1548, 974, 659 
1549, 1268, 659 
1550, 1294, 659 
1551, 2679, 660 
1552, 1383, 661 
1553, 1999, 661 
1554, 735, 662 
1555, 1755, 663 
1556, 2803, 663 
1557, 669, 664 
1558, 1886, 665 
1559, 2336, 665 
1560, 3994, 666 
1561, 897, 667 
1562, 3667, 667 
1563, 775, 668 
1564, 895, 668 
1565, 1628, 668 
1566, 2082, 669 
1567, 881, 670 
1568, 1434, 670 
1569, 2888, 670 
1570, 3611, 670 
1571, 1045, 671 
1572, 1326, 671 
1573, 1246, 672 
1574, 3066, 672 
1575, 2090, 673 
1576, 2146, 673 
1577, 3870, 673 
1578, 859, 674 
1579, 1080, 674 
1580, 1740, 674 
1581, 1955, 674 
1582, 1764, 675 
1583, 1947, 675 
1584, 3689, 675 
1585, 1803, 676 
1586, 2634, 676 
1587, 3990, 676 
1588, 1676, 677 
1589, 2154, 677 
1590, 2317, 677 
1591, 3876, 677 
1592, 963, 678 
1593, 1007, 678 
1594, 2405, 678 
1595, 2535, 678 
1596, 2445, 679 
1597, 1359, 680 
1598, 2297, 680 
1599, 2483, 680 
1600, 3782, 680 
1601, 2367, 681 
1602, 2461, 682 
1603, 2698, 682 
1604, 2903, 682 
1605, 3383, 682 
1606, 2315, 683 
1607, 1099, 684 
1608, 1172, 684 
1609, 2727, 684 
1610, 3123, 684 
1611, 2752, 685 
1612, 2912, 686 
1613, 3770, 686 
1614, 3885, 686 
1615, 1809, 688 
1616, 2334, 688 
1617, 3467, 688 
1618, 2482, 690 
1619, 2731, 690 
1620, 1470, 691 
1621, 3476, 691 
1622, 2056, 692 
1623, 2504, 692 
1624, 1311, 693 
1625, 1568, 693 
1626, 2886, 694 
1627, 2278, 695 
1628, 2382, 695 
1629, 2422, 695 
1630, 1558, 696 
1631, 1914, 696 
1632, 3829, 696 
1633, 2894, 697 
1634, 3374, 697 
1635, 2633, 699 
1636, 3882, 699 
1637, 2491, 700 
1638, 1245, 701 
1639, 3408, 701 
1640, 3915, 701 
1641, 1651, 702 
1642, 2472, 702 
1643, 3787, 702 
1644, 1341, 703 
1645, 1482, 703 
1646, 1926, 704 
1647, 2430, 705 
1648, 3126, 705 
1649, 2395, 706 
1650, 3229, 706 
1651, 2178, 707 
1652, 2444, 707 
1653, 2646, 707 
1654, 3855, 708 
1655, 2923, 709 
1656, 2115, 710 
1657, 3665, 710 
1658, 2097, 711 
1659, 923, 712 
1660, 2091, 712 
1661, 2906, 712 
1662, 1903, 713 
1663, 3128, 713 
1664, 3136, 714 
1665, 3405, 714 
1666, 871, 715 
1667, 3169, 715 
1668, 3481, 715 
1669, 1022, 716 
1670, 2448, 716 
1671, 1844, 717 
1672, 2577, 717 
1673, 3852, 717 
1674, 873, 718 
1675, 3853, 718 
1676, 755, 720 
1677, 1175, 720 
1678, 3323, 720 
1679, 1370, 721 
1680, 853, 722 
1681, 1288, 722 
1682, 2003, 723 
1683, 903, 724 
1684, 2628, 724 
1685, 2324, 725 
1686, 3309, 725 
1687, 3594, 725 
1688, 3705, 725 
1689, 1401, 726 
1690, 1801, 726 
1691, 3380, 726 
1692, 2365, 727 
1693, 2091, 728 
1694, 3251, 728 
1695, 3560, 728 
1696, 2320, 729 
1697, 2216, 730 
1698, 3250, 730 
1699, 3087, 731 
1700, 2150, 732 
1701, 2494, 732 
1702, 3879, 732 
1703, 1800, 733 
1704, 2134, 733 
1705, 3249, 733 
1706, 3806, 734 
1707, 833, 735 
1708, 2365, 735 
1709, 3188, 735 
1710, 2469, 737 
1711, 3239, 737 
1712, 3634, 737 
1713, 849, 738 
1714, 1151, 738 
1715, 3246, 738 
1716, 3602, 738 
1717, 1374, 739 
1718, 2218, 739 
1719, 2961, 739 
1720, 865, 740 
1721, 1406, 740 
1722, 2426, 740 
1723, 1249, 741 
1724, 3407, 741 
1725, 834, 743 
1726, 2384, 743 
1727, 1744, 744 
1728, 2284, 744 
1729, 2814, 744 
1730, 1331, 746 
1731, 2290, 746 
1732, 748, 747 
1733, 1007, 747 
1734, 1943, 747 
1735, 2078, 748 
1736, 1822, 749 
1737, 3029, 749 
1738, 3813, 749 
1739, 1614, 750 
1740, 1828, 750 
1741, 1982, 750 
1742, 2239, 751 
1743, 2361, 751 
1744, 2543, 751 
1745, 1779, 754 
1746, 2175, 754 
1747, 3835, 754 
1748, 3146, 755 
1749, 1140, 756 
1750, 1730, 756 
1751, 3460, 756 
1752, 903, 758 
1753, 1469, 759 
1754, 2163, 759 
1755, 3783, 759 
1756, 2087, 760 
1757, 2573, 760 
1758, 2770, 760 
1759, 1550, 761 
1760, 2511, 762 
1761, 3851, 762 
1762, 3797, 763 
1763, 3855, 763 
1764, 2478, 764 
1765, 1000, 765 
1766, 3433, 766 
1767, 3650, 766 
1768, 3783, 766 
1769, 3768, 767 
1770, 1552, 768 
1771, 2050, 768 
1772, 1021, 769 
1773, 1788, 769 
1774, 3311, 769 
1775, 854, 770 
1776, 1179, 770 
1777, 3609, 770 
1778, 2648, 771 
1779, 1067, 772 
1780, 1353, 772 
1781, 2304, 773 
1782, 3140, 773 
1783, 3351, 773 
1784, 3882, 773 
1785, 1662, 774 
1786, 1959, 775 
1787, 2175, 775 
1788, 2653, 775 
1789, 3927, 776 
1790, 1345, 777 
1791, 1430, 777 
1792, 1839, 777 
1793, 2593, 777 
1794, 1503, 778 
1795, 1733, 778 
1796, 3310, 778 
1797, 1064, 779 
1798, 1628, 779 
1799, 3774, 779 
1800, 2836, 780 
1801, 1670, 781 
1802, 2987, 781 
1803, 3459, 781 
1804, 2396, 782 
1805, 3234, 782 
1806, 1050, 783 
1807, 821, 784 
1808, 1133, 784 
1809, 2209, 784 
1810, 3694, 785 
1811, 1455, 787 
1812, 2724, 787 
1813, 1225, 788 
1814, 1539, 788 
1815, 3898, 788 
1816, 1852, 789 
1817, 2815, 789 
1818, 3441, 790 
1819, 3639, 790 
1820, 2428, 792 
1821, 2661, 792 
1822, 2792, 792 
1823, 3820, 792 
1824, 1065, 793 
1825, 2119, 793 
1826, 3030, 794 
1827, 3372, 794 
1828, 2234, 795 
1829, 2682, 795 
1830, 2979, 796 
1831, 1433, 797 
1832, 1670, 797 
1833, 1857, 797 
1834, 3986, 797 
1835, 3494, 798 
1836, 1068, 799 
1837, 2057, 799 
1838, 2093, 799 
1839, 2453, 799 
1840, 1029, 800 
1841, 1352, 800 
1842, 3100, 801 
1843, 3809, 801 
1844, 3815, 801 
1845, 3275, 803 
1846, 807, 804 
1847, 1042, 804 
1848, 1086, 804 
1849, 1364, 805 
1850, 1884, 805 
1851, 1104, 806 
1852, 3760, 806 
1853, 1148, 807 
1854, 3101, 807 
1855, 1232, 808 
1856, 1589, 808 
1857, 2482, 808 
1858, 3856, 808 
1859, 1233, 809 
1860, 1371, 809 
1861, 2493, 809 
1862, 2322, 811 
1863, 2492, 811 
1864, 3691, 811 
1865, 2349, 812 
1866, 3857, 813 
1867, 1575, 814 
1868, 818, 815 
1869, 1761, 815 
1870, 3460, 816 
1871, 1918, 817 
1872, 3418, 817 
1873, 1567, 818 
1874, 2176, 818 
1875, 3658, 818 
1876, 2508, 819 
1877, 3896, 819 
1878, 1361, 820 
1879, 2121, 820 
1880, 1156, 821 
1881, 2614, 821 
1882, 2788, 821 
1883, 1373, 822 
1884, 2587, 822 
1885, 3613, 822 
1886, 2978, 823 
1887, 2041, 824 
1888, 3562, 825 
1889, 834, 826 
1890, 2042, 826 
1891, 3873, 826 
1892, 3989, 826 
1893, 1918, 827 
1894, 3028, 827 
1895, 2578, 828 
1896, 3596, 828 
1897, 2421, 830 
1898, 2451, 830 
1899, 1053, 831 
1900, 2238, 831 
1901, 1339, 832 
1902, 3119, 832 
1903, 3130, 832 
1904, 3925, 832 
1905, 1850, 833 
1906, 1874, 833 
1907, 2441, 833 
1908, 2381, 834 
1909, 3225, 834 
1910, 2625, 835 
1911, 2852, 835 
1912, 1380, 836 
1913, 2048, 836 
1914, 3988, 836 
1915, 2505, 837 
1916, 3348, 837 
1917, 1009, 838 
1918, 2610, 838 
1919, 3431, 838 
1920, 3092, 839 
1921, 1917, 840 
1922, 3969, 840 
1923, 1720, 841 
1924, 1837, 842 
1925, 2335, 842 
1926, 3185, 842 
1927, 3592, 842 
1928, 1707, 843 
1929, 3334, 843 
1930, 2500, 844 
1931, 3008, 844 
1932, 3820, 844 
1933, 1631, 846 
1934, 2906, 846 
1935, 3048, 846 
1936, 3574, 846 
1937, 3961, 847 
1938, 3146, 848 
1939, 3025, 850 
1940, 1023, 851 
1941, 1471, 851 
1942, 3505, 851 
1943, 941, 852 
1944, 1407, 852 
1945, 2324, 853 
1946, 934, 855 
1947, 1786, 855 
1948, 3722, 855 
1949, 3888, 855 
1950, 1358, 856 
1951, 2603, 856 
1952, 3278, 856 
1953, 1776, 857 
1954, 2177, 857 
1955, 3539, 857 
1956, 1533, 858 
1957, 1855, 859 
1958, 3492, 859 
1959, 1908, 861 
1960, 2456, 861 
1961, 2410, 862 
1962, 2429, 862 
1963, 3444, 862 
1964, 1148, 863 
1965, 1182, 863 
1966, 1579, 863 
1967, 1672, 863 
1968, 3569, 864 
1969, 3735, 864 
1970, 2754, 865 
1971, 3290, 865 
1972, 3454, 865 
1973, 2203, 866 
1974, 911, 867 
1975, 2268, 867 
1976, 2552, 867 
1977, 3869, 867 
1978, 873, 868 
1979, 2245, 868 
1980, 1841, 869 
1981, 2544, 869 
1982, 2729, 869 
1983, 942, 871 
1984, 3725, 871 
1985, 1138, 876 
1986, 1250, 876 
1987, 2006, 876 
1988, 3309, 877 
1989, 2662, 878 
1990, 3409, 878 
1991, 2360, 879 
1992, 1355, 880 
1993, 1645, 881 
1994, 2339, 881 
1995, 2008, 882 
1996, 2942, 882 
1997, 3455, 882 
1998, 3796, 882 
1999, 3135, 883 
2000, 2973, 884 
2001, 3418, 884 
2002, 2494, 885 
2003, 1770, 886 
2004, 3187, 886 
2005, 3329, 886 
2006, 1145, 887 
2007, 1403, 887 
2008, 3691, 887 
2009, 1347, 888 
2010, 1442, 888 
2011, 3679, 889 
2012, 3457, 890 
2013, 2314, 891 
2014, 3484, 891 
2015, 2706, 892 
2016, 3032, 892 
2017, 3371, 892 
2018, 1002, 893 
2019, 1529, 893 
2020, 3629, 893 
2021, 1004, 894 
2022, 3981, 894 
2023, 2279, 896 
2024, 2289, 896 
2025, 1192, 897 
2026, 2194, 897 
2027, 2474, 897 
2028, 901, 898 
2029, 2931, 898 
2030, 1288, 899 
2031, 1643, 899 
2032, 1912, 899 
2033, 2641, 899 
2034, 1418, 900 
2035, 3562, 900 
2036, 1860, 901 
2037, 3780, 901 
2038, 1797, 902 
2039, 3070, 902 
2040, 1967, 903 
2041, 2611, 903 
2042, 1858, 905 
2043, 2382, 905 
2044, 2692, 905 
2045, 3404, 906 
2046, 2837, 907 
2047, 2923, 907 
2048, 1231, 908 
2049, 2647, 908 
2050, 3030, 908 
2051, 1753, 910 
2052, 2188, 910 
2053, 1465, 912 
2054, 1762, 912 
2055, 1896, 912 
2056, 2682, 912 
2057, 1847, 913 
2058, 1907, 913 
2059, 2470, 913 
2060, 1372, 914 
2061, 1422, 914 
2062, 2354, 914 
2063, 2604, 914 
2064, 1304, 915 
2065, 2082, 915 
2066, 3686, 915 
2067, 1134, 916 
2068, 1412, 916 
2069, 2093, 916 
2070, 2706, 916 
2071, 1203, 917 
2072, 3186, 917 
2073, 3592, 917 
2074, 2413, 918 
2075, 2797, 918 
2076, 2942, 918 
2077, 3525, 918 
2078, 1658, 919 
2079, 1145, 920 
2080, 2821, 920 
2081, 3720, 920 
2082, 1536, 922 
2083, 2762, 922 
2084, 3974, 922 
2085, 1228, 923 
2086, 2118, 924 
2087, 3447, 924 
2088, 1019, 925 
2089, 1354, 926 
2090, 1838, 926 
2091, 3469, 927 
2092, 2313, 928 
2093, 3822, 928 
2094, 3860, 928 
2095, 2231, 929 
2096, 2507, 929 
2097, 3878, 930 
2098, 3975, 930 
2099, 2588, 932 
2100, 2728, 932 
2101, 1446, 933 
2102, 1725, 933 
2103, 3164, 934 
2104, 3982, 934 
2105, 1119, 935 
2106, 1178, 935 
2107, 2397, 936 
2108, 2403, 936 
2109, 1238, 937 
2110, 1239, 937 
2111, 3548, 937 
2112, 1219, 938 
2113, 3660, 938 
2114, 1619, 939 
2115, 1795, 939 
2116, 1827, 939 
2117, 2169, 939 
2118, 2059, 941 
2119, 3158, 941 
2120, 1849, 942 
2121, 2230, 942 
2122, 1625, 943 
2123, 3449, 943 
2124, 1334, 944 
2125, 1804, 944 
2126, 2777, 944 
2127, 1274, 945 
2128, 1849, 945 
2129, 3375, 945 
2130, 2840, 946 
2131, 2184, 947 
2132, 2798, 947 
2133, 1359, 948 
2134, 2706, 948 
2135, 3348, 948 
2136, 1434, 949 
2137, 2128, 949 
2138, 3599, 949 
2139, 1517, 950 
2140, 3084, 950 
2141, 3675, 951 
2142, 3998, 951 
2143, 2460, 952 
2144, 2464, 952 
2145, 1252, 953 
2146, 2823, 953 
2147, 1223, 954 
2148, 1902, 954 
2149, 1289, 955 
2150, 3727, 955 
2151, 1185, 956 
2152, 3163, 956 
2153, 2664, 957 
2154, 3903, 957 
2155, 1855, 958 
2156, 2833, 958 
2157, 3265, 958 
2158, 1892, 959 
2159, 2183, 959 
2160, 2158, 960 
2161, 2602, 961 
2162, 2943, 961 
2163, 3652, 961 
2164, 1774, 962 
2165, 3008, 962 
2166, 1169, 963 
2167, 1398, 963 
2168, 1711, 963 
2169, 1421, 964 
2170, 1814, 965 
2171, 3687, 965 
2172, 1036, 966 
2173, 2831, 966 
2174, 3253, 966 
2175, 2397, 967 
2176, 1612, 968 
2177, 2060, 968 
2178, 2256, 968 
2179, 3235, 968 
2180, 1943, 969 
2181, 2319, 969 
2182, 3944, 969 
2183, 1277, 970 
2184, 1506, 970 
2185, 1428, 971 
2186, 2499, 971 
2187, 3816, 971 
2188, 1277, 973 
2189, 1900, 973 
2190, 2684, 973 
2191, 3091, 973 
2192, 1194, 974 
2193, 2488, 974 
2194, 2891, 974 
2195, 3139, 976 
2196, 3730, 976 
2197, 1091, 977 
2198, 3135, 977 
2199, 2086, 978 
2200, 3288, 978 
2201, 1929, 979 
2202, 2469, 979 
2203, 2618, 979 
2204, 3193, 979 
2205, 1490, 980 
2206, 2997, 980 
2207, 1876, 981 
2208, 1998, 981 
2209, 2212, 981 
2210, 2426, 981 
2211, 1600, 982 
2212, 2855, 982 
2213, 2944, 983 
2214, 3716, 983 
2215, 3344, 984 
2216, 3508, 984 
2217, 3574, 984 
2218, 1166, 985 
2219, 3142, 985 
2220, 3790, 985 
2221, 2200, 986 
2222, 1710, 987 
2223, 2299, 988 
2224, 3210, 988 
2225, 3976, 988 
2226, 3071, 989 
2227, 1075, 990 
2228, 1870, 990 
2229, 1308, 991 
2230, 2293, 991 
2231, 1387, 992 
2232, 1587, 994 
2233, 1826, 994 
2234, 1713, 995 
2235, 1645, 997 
2236, 2278, 997 
2237, 3912, 997 
2238, 2898, 998 
2239, 3049, 998 
2240, 3369, 998 
2241, 3453, 999 
2242, 1201, 1001 
2243, 1651, 1001 
2244, 2380, 1002 
2245, 3783, 1002 
2246, 1796, 1003 
2247, 2756, 1003 
2248, 3266, 1003 
2249, 1480, 1004 
2250, 3858, 1004 
2251, 2537, 1005 
2252, 3048, 1005 
2253, 2478, 1006 
2254, 3252, 1006 
2255, 2956, 1007 
2256, 3777, 1007 
2257, 3446, 1009 
2258, 2183, 1010 
2259, 3541, 1010 
2260, 2578, 1012 
2261, 3937, 1012 
2262, 1392, 1015 
2263, 1758, 1015 
2264, 3911, 1015 
2265, 2646, 1016 
2266, 3133, 1016 
2267, 2025, 1017 
2268, 2227, 1017 
2269, 1523, 1018 
2270, 1322, 1020 
2271, 3590, 1020 
2272, 1258, 1021 
2273, 2218, 1021 
2274, 2546, 1021 
2275, 3587, 1022 
2276, 3643, 1022 
2277, 2430, 1024 
2278, 3333, 1024 
2279, 2040, 1025 
2280, 1627, 1026 
2281, 2200, 1026 
2282, 1253, 1027 
2283, 2920, 1027 
2284, 3813, 1027 
2285, 1068, 1028 
2286, 1591, 1028 
2287, 3417, 1028 
2288, 3296, 1029 
2289, 3418, 1029 
2290, 1534, 1030 
2291, 1782, 1030 
2292, 1903, 1030 
2293, 3969, 1031 
2294, 1824, 1033 
2295, 2766, 1033 
2296, 3780, 1033 
2297, 1306, 1034 
2298, 2026, 1034 
2299, 1934, 1035 
2300, 1379, 1036 
2301, 3564, 1036 
2302, 3577, 1036 
2303, 2347, 1037 
2304, 1399, 1038 
2305, 2602, 1038 
2306, 2170, 1039 
2307, 2522, 1039 
2308, 1452, 1040 
2309, 2474, 1040 
2310, 2853, 1040 
2311, 1760, 1041 
2312, 2590, 1041 
2313, 1344, 1042 
2314, 1176, 1043 
2315, 1543, 1043 
2316, 3113, 1043 
2317, 1457, 1044 
2318, 3052, 1044 
2319, 1760, 1045 
2320, 1973, 1045 
2321, 1293, 1047 
2322, 1369, 1047 
2323, 2622, 1047 
2324, 3488, 1047 
2325, 1363, 1048 
2326, 2840, 1048 
2327, 3323, 1051 
2328, 1592, 1052 
2329, 1935, 1052 
2330, 2064, 1053 
2331, 1557, 1054 
2332, 1135, 1055 
2333, 1405, 1055 
2334, 3665, 1055 
2335, 1383, 1056 
2336, 1669, 1056 
2337, 3274, 1056 
2338, 3612, 1056 
2339, 1240, 1057 
2340, 1311, 1057 
2341, 1498, 1058 
2342, 2438, 1059 
2343, 3223, 1059 
2344, 3492, 1059 
2345, 3731, 1059 
2346, 1988, 1060 
2347, 2221, 1061 
2348, 3628, 1061 
2349, 3188, 1062 
2350, 3833, 1062 
2351, 1205, 1063 
2352, 2547, 1063 
2353, 2797, 1064 
2354, 2187, 1065 
2355, 2454, 1065 
2356, 2804, 1065 
2357, 1554, 1066 
2358, 1691, 1066 
2359, 2603, 1066 
2360, 1135, 1067 
2361, 1935, 1067 
2362, 3723, 1069 
2363, 3996, 1069 
2364, 2272, 1070 
2365, 1421, 1071 
2366, 2066, 1071 
2367, 2169, 1071 
2368, 3835, 1071 
2369, 2822, 1072 
2370, 3044, 1072 
2371, 3808, 1072 
2372, 1370, 1073 
2373, 1515, 1073 
2374, 2582, 1073 
2375, 1318, 1074 
2376, 3817, 1074 
2377, 1547, 1075 
2378, 1683, 1076 
2379, 3787, 1076 
2380, 3122, 1077 
2381, 1516, 1078 
2382, 3555, 1078 
2383, 1319, 1079 
2384, 2628, 1079 
2385, 2990, 1079 
2386, 3168, 1079 
2387, 1435, 1080 
2388, 2429, 1080 
2389, 1157, 1081 
2390, 2698, 1082 
2391, 2903, 1082 
2392, 3462, 1082 
2393, 3061, 1083 
2394, 3329, 1083 
2395, 3738, 1083 
2396, 2671, 1084 
2397, 3051, 1084 
2398, 3482, 1084 
2399, 3857, 1084 
2400, 1381, 1085 
2401, 1578, 1086 
2402, 2599, 1086 
2403, 3412, 1086 
2404, 1342, 1087 
2405, 3214, 1088 
2406, 3833, 1088 
2407, 2951, 1089 
2408, 2190, 1090 
2409, 2847, 1090 
2410, 2013, 1091 
2411, 2426, 1093 
2412, 2462, 1093 
2413, 2621, 1093 
2414, 3532, 1093 
2415, 1111, 1094 
2416, 3170, 1094 
2417, 1180, 1095 
2418, 1300, 1095 
2419, 3282, 1095 
2420, 2073, 1096 
2421, 2464, 1096 
2422, 3440, 1096 
2423, 1340, 1097 
2424, 2500, 1097 
2425, 3456, 1097 
2426, 3665, 1097 
2427, 1236, 1098 
2428, 3953, 1098 
2429, 1849, 1099 
2430, 1763, 1100 
2431, 1914, 1101 
2432, 2353, 1101 
2433, 3604, 1101 
2434, 1667, 1102 
2435, 2227, 1102 
2436, 2282, 1103 
2437, 2762, 1103 
2438, 3446, 1103 
2439, 3849, 1103 
2440, 1245, 1104 
2441, 3677, 1104 
2442, 1682, 1106 
2443, 2493, 1107 
2444, 2218, 1110 
2445, 2926, 1110 
2446, 3067, 1110 
2447, 3386, 1110 
2448, 1587, 1111 
2449, 1623, 1111 
2450, 3115, 1112 
2451, 3225, 1112 
2452, 3308, 1112 
2453, 1560, 1113 
2454, 3757, 1114 
2455, 2208, 1115 
2456, 2546, 1115 
2457, 1921, 1116 
2458, 3218, 1116 
2459, 3543, 1116 
2460, 1919, 1117 
2461, 1241, 1118 
2462, 1492, 1118 
2463, 2542, 1118 
2464, 2851, 1118 
2465, 1968, 1119 
2466, 3024, 1119 
2467, 3954, 1119 
2468, 3077, 1120 
2469, 3387, 1120 
2470, 2120, 1121 
2471, 3603, 1122 
2472, 3806, 1122 
2473, 1187, 1123 
2474, 1783, 1124 
2475, 2188, 1124 
2476, 2546, 1124 
2477, 3181, 1124 
2478, 3841, 1125 
2479, 2031, 1126 
2480, 2420, 1126 
2481, 2371, 1127 
2482, 1487, 1128 
2483, 3427, 1128 
2484, 3810, 1128 
2485, 2538, 1129 
2486, 2697, 1129 
2487, 3512, 1129 
2488, 3913, 1129 
2489, 1939, 1130 
2490, 1983, 1130 
2491, 2431, 1130 
2492, 3330, 1134 
2493, 2498, 1135 
2494, 3151, 1136 
2495, 2212, 1137 
2496, 3264, 1137 
2497, 3454, 1137 
2498, 1909, 1138 
2499, 2043, 1138 
2500, 2069, 1138 
2501, 1507, 1139 
2502, 2653, 1139 
2503, 2899, 1140 
2504, 3537, 1140 
2505, 1549, 1143 
2506, 1469, 1144 
2507, 3505, 1144 
2508, 3590, 1144 
2509, 1392, 1148 
2510, 2443, 1148 
2511, 1461, 1149 
2512, 2020, 1149 
2513, 1754, 1150 
2514, 3483, 1150 
2515, 2749, 1151 
2516, 3116, 1151 
2517, 3545, 1152 
2518, 1243, 1153 
2519, 2658, 1153 
2520, 3671, 1153 
2521, 1219, 1154 
2522, 1433, 1154 
2523, 3794, 1154 
2524, 2076, 1155 
2525, 2295, 1155 
2526, 2699, 1155 
2527, 1268, 1156 
2528, 1451, 1156 
2529, 3727, 1157 
2530, 1421, 1159 
2531, 1765, 1159 
2532, 2380, 1159 
2533, 2560, 1159 
2534, 1320, 1160 
2535, 2383, 1160 
2536, 3440, 1160 
2537, 1230, 1161 
2538, 2065, 1161 
2539, 1551, 1162 
2540, 1699, 1162 
2541, 2427, 1163 
2542, 2621, 1164 
2543, 3268, 1164 
2544, 3817, 1165 
2545, 1737, 1166 
2546, 3648, 1166 
2547, 2954, 1167 
2548, 3565, 1167 
2549, 3788, 1167 
2550, 3185, 1169 
2551, 2057, 1170 
2552, 2944, 1170 
2553, 3446, 1170 
2554, 3804, 1171 
2555, 3916, 1171 
2556, 2662, 1172 
2557, 3824, 1174 
2558, 2156, 1175 
2559, 2284, 1175 
2560, 2774, 1176 
2561, 3161, 1177 
2562, 3877, 1177 
2563, 3957, 1177 
2564, 1697, 1178 
2565, 1984, 1178 
2566, 2091, 1180 
2567, 3666, 1180 
2568, 1296, 1181 
2569, 3898, 1181 
2570, 3388, 1182 
2571, 2210, 1183 
2572, 2365, 1183 
2573, 2618, 1183 
2574, 3626, 1183 
2575, 1693, 1184 
2576, 1817, 1184 
2577, 3158, 1185 
2578, 1803, 1186 
2579, 2908, 1186 
2580, 3430, 1187 
2581, 1515, 1188 
2582, 1641, 1188 
2583, 3706, 1188 
2584, 1256, 1189 
2585, 2284, 1189 
2586, 3415, 1189 
2587, 3730, 1189 
2588, 2730, 1190 
2589, 3163, 1191 
2590, 1395, 1192 
2591, 2934, 1192 
2592, 1644, 1193 
2593, 2539, 1193 
2594, 3305, 1193 
2595, 1462, 1194 
2596, 3217, 1194 
2597, 3953, 1194 
2598, 2241, 1196 
2599, 2042, 1197 
2600, 3953, 1197 
2601, 1821, 1198 
2602, 2499, 1198 
2603, 3669, 1199 
2604, 3778, 1199 
2605, 1723, 1200 
2606, 2730, 1200 
2607, 2906, 1200 
2608, 3628, 1200 
2609, 1741, 1201 
2610, 3283, 1202 
2611, 3350, 1202 
2612, 2198, 1203 
2613, 3047, 1203 
2614, 3878, 1204 
2615, 1467, 1206 
2616, 1291, 1207 
2617, 2015, 1208 
2618, 3392, 1208 
2619, 3255, 1209 
2620, 1845, 1210 
2621, 2165, 1210 
2622, 3622, 1210 
2623, 2565, 1211 
2624, 1316, 1212 
2625, 2626, 1212 
2626, 2251, 1213 
2627, 2911, 1213 
2628, 2939, 1213 
2629, 2369, 1215 
2630, 2708, 1215 
2631, 1529, 1217 
2632, 1997, 1217 
2633, 2135, 1217 
2634, 1689, 1218 
2635, 2838, 1218 
2636, 2873, 1218 
2637, 3182, 1218 
2638, 3986, 1219 
2639, 2695, 1220 
2640, 3598, 1220 
2641, 3272, 1221 
2642, 3198, 1223 
2643, 1821, 1224 
2644, 2118, 1224 
2645, 2197, 1224 
2646, 2593, 1224 
2647, 1352, 1226 
2648, 3570, 1226 
2649, 3657, 1226 
2650, 3670, 1226 
2651, 2923, 1227 
2652, 2525, 1228 
2653, 2537, 1228 
2654, 1927, 1230 
2655, 3678, 1230 
2656, 3716, 1230 
2657, 3302, 1231 
2658, 2912, 1232 
2659, 2056, 1233 
2660, 3244, 1233 
2661, 3372, 1234 
2662, 1303, 1235 
2663, 3373, 1235 
2664, 1979, 1236 
2665, 2839, 1237 
2666, 2877, 1237 
2667, 3063, 1237 
2668, 1290, 1238 
2669, 2092, 1238 
2670, 3591, 1238 
2671, 2817, 1239 
2672, 3493, 1239 
2673, 1250, 1240 
2674, 3905, 1240 
2675, 1294, 1241 
2676, 1427, 1241 
2677, 1663, 1243 
2678, 1963, 1243 
2679, 3001, 1244 
2680, 3020, 1244 
2681, 2962, 1245 
2682, 3171, 1246 
2683, 3605, 1246 
2684, 1404, 1247 
2685, 2184, 1247 
2686, 3557, 1247 
2687, 2523, 1248 
2688, 2692, 1248 
2689, 3120, 1248 
2690, 3356, 1249 
2691, 3165, 1252 
2692, 1586, 1253 
2693, 3195, 1253 
2694, 3944, 1253 
2695, 1510, 1254 
2696, 2210, 1255 
2697, 3427, 1255 
2698, 3545, 1256 
2699, 1730, 1257 
2700, 2017, 1258 
2701, 2369, 1258 
2702, 2847, 1258 
2703, 3904, 1259 
2704, 1584, 1261 
2705, 1851, 1261 
2706, 2005, 1261 
2707, 3499, 1261 
2708, 1873, 1263 
2709, 1922, 1263 
2710, 1624, 1264 
2711, 3641, 1265 
2712, 1466, 1266 
2713, 3859, 1266 
2714, 3869, 1266 
2715, 2336, 1268 
2716, 3155, 1268 
2717, 3923, 1269 
2718, 3364, 1270 
2719, 2701, 1271 
2720, 3429, 1272 
2721, 2351, 1273 
2722, 3549, 1273 
2723, 1336, 1274 
2724, 1669, 1274 
2725, 2557, 1275 
2726, 3291, 1276 
2727, 1972, 1277 
2728, 2395, 1277 
2729, 2891, 1278 
2730, 3201, 1278 
2731, 3004, 1279 
2732, 3098, 1280 
2733, 3606, 1283 
2734, 3306, 1284 
2735, 3377, 1284 
2736, 3586, 1284 
2737, 1319, 1285 
2738, 1578, 1285 
2739, 1468, 1286 
2740, 2857, 1286 
2741, 1555, 1287 
2742, 1951, 1289 
2743, 2083, 1289 
2744, 3459, 1289 
2745, 1351, 1290 
2746, 2405, 1290 
2747, 2615, 1290 
2748, 2457, 1291 
2749, 1727, 1292 
2750, 3994, 1292 
2751, 1877, 1293 
2752, 2294, 1294 
2753, 2673, 1294 
2754, 2580, 1295 
2755, 3702, 1295 
2756, 2199, 1298 
2757, 2302, 1298 
2758, 2634, 1299 
2759, 3679, 1301 
2760, 3898, 1302 
2761, 3943, 1302 
2762, 3511, 1303 
2763, 3619, 1303 
2764, 1553, 1304 
2765, 3287, 1304 
2766, 3841, 1304 
2767, 1498, 1305 
2768, 1886, 1305 
2769, 3237, 1305 
2770, 1382, 1306 
2771, 1880, 1307 
2772, 2212, 1307 
2773, 3216, 1307 
2774, 3871, 1307 
2775, 1608, 1308 
2776, 1942, 1308 
2777, 1405, 1309 
2778, 1494, 1309 
2779, 2524, 1310 
2780, 2797, 1310 
2781, 3491, 1310 
2782, 2629, 1311 
2783, 3831, 1312 
2784, 1372, 1313 
2785, 1596, 1313 
2786, 2926, 1313 
2787, 1763, 1314 
2788, 2975, 1314 
2789, 3021, 1315 
2790, 3769, 1315 
2791, 2665, 1316 
2792, 1811, 1318 
2793, 3607, 1318 
2794, 2737, 1319 
2795, 2782, 1319 
2796, 1571, 1320 
2797, 1910, 1321 
2798, 2476, 1321 
2799, 3357, 1321 
2800, 2229, 1322 
2801, 2697, 1323 
2802, 3961, 1323 
2803, 1478, 1324 
2804, 3408, 1326 
2805, 1459, 1328 
2806, 1754, 1330 
2807, 2838, 1330 
2808, 2868, 1330 
2809, 1385, 1332 
2810, 1790, 1332 
2811, 2324, 1332 
2812, 1742, 1333 
2813, 1470, 1334 
2814, 1655, 1334 
2815, 3504, 1334 
2816, 2676, 1335 
2817, 3295, 1335 
2818, 3461, 1335 
2819, 3265, 1336 
2820, 3637, 1336 
2821, 1829, 1337 
2822, 3638, 1337 
2823, 2075, 1338 
2824, 2227, 1340 
2825, 2409, 1340 
2826, 3546, 1340 
2827, 2548, 1341 
2828, 2957, 1341 
2829, 2978, 1341 
2830, 3114, 1342 
2831, 3395, 1342 
2832, 1408, 1343 
2833, 1627, 1343 
2834, 2100, 1344 
2835, 3851, 1344 
2836, 1898, 1345 
2837, 2913, 1345 
2838, 3764, 1345 
2839, 1544, 1346 
2840, 2087, 1346 
2841, 3775, 1347 
2842, 1741, 1348 
2843, 2137, 1349 
2844, 2464, 1349 
2845, 1901, 1350 
2846, 2737, 1351 
2847, 3856, 1351 
2848, 2295, 1352 
2849, 3852, 1352 
2850, 1546, 1353 
2851, 3677, 1353 
2852, 3970, 1354 
2853, 2589, 1355 
2854, 2666, 1355 
2855, 1814, 1356 
2856, 1383, 1357 
2857, 1791, 1357 
2858, 3827, 1357 
2859, 1922, 1359 
2860, 1954, 1360 
2861, 3129, 1360 
2862, 3908, 1360 
2863, 1995, 1361 
2864, 2003, 1361 
2865, 3343, 1361 
2866, 2260, 1362 
2867, 2388, 1362 
2868, 1923, 1365 
2869, 2074, 1365 
2870, 3889, 1365 
2871, 1717, 1368 
2872, 3117, 1368 
2873, 2968, 1369 
2874, 3691, 1369 
2875, 2409, 1370 
2876, 2084, 1371 
2877, 2828, 1372 
2878, 1941, 1373 
2879, 2572, 1373 
2880, 3967, 1374 
2881, 2047, 1375 
2882, 3637, 1376 
2883, 3548, 1377 
2884, 3673, 1377 
2885, 2147, 1378 
2886, 3131, 1378 
2887, 1958, 1379 
2888, 2545, 1380 
2889, 2953, 1380 
2890, 2203, 1381 
2891, 2483, 1382 
2892, 3204, 1382 
2893, 3491, 1383 
2894, 2794, 1384 
2895, 3162, 1384 
2896, 1975, 1385 
2897, 2236, 1386 
2898, 2314, 1386 
2899, 2646, 1386 
2900, 2470, 1387 
2901, 2947, 1387 
2902, 2509, 1388 
2903, 3395, 1388 
2904, 3646, 1388 
2905, 3823, 1388 
2906, 1437, 1389 
2907, 2502, 1389 
2908, 1706, 1390 
2909, 1906, 1391 
2910, 3110, 1391 
2911, 3670, 1391 
2912, 1513, 1392 
2913, 2643, 1393 
2914, 1953, 1395 
2915, 2263, 1397 
2916, 2623, 1397 
2917, 3071, 1398 
2918, 3720, 1399 
2919, 1555, 1400 
2920, 1932, 1400 
2921, 2450, 1401 
2922, 3280, 1401 
2923, 2045, 1402 
2924, 2220, 1402 
2925, 1771, 1403 
2926, 1481, 1404 
2927, 2352, 1404 
2928, 1971, 1406 
2929, 3077, 1407 
2930, 3670, 1407 
2931, 2951, 1408 
2932, 3406, 1409 
2933, 3762, 1409 
2934, 2487, 1410 
2935, 3040, 1410 
2936, 2819, 1411 
2937, 2402, 1413 
2938, 3043, 1413 
2939, 3891, 1413 
2940, 2583, 1414 
2941, 2039, 1415 
2942, 2113, 1415 
2943, 2254, 1416 
2944, 2870, 1416 
2945, 3273, 1416 
2946, 2143, 1419 
2947, 3448, 1420 
2948, 1579, 1421 
2949, 2123, 1422 
2950, 1466, 1423 
2951, 3019, 1423 
2952, 3785, 1423 
2953, 1822, 1425 
2954, 3936, 1425 
2955, 1432, 1426 
2956, 1585, 1426 
2957, 2308, 1426 
2958, 3064, 1427 
2959, 3948, 1428 
2960, 3028, 1429 
2961, 2134, 1430 
2962, 3285, 1430 
2963, 1689, 1431 
2964, 2262, 1431 
2965, 2831, 1431 
2966, 2313, 1432 
2967, 2830, 1432 
2968, 2894, 1432 
2969, 1688, 1433 
2970, 2789, 1434 
2971, 3277, 1434 
2972, 2148, 1435 
2973, 2434, 1437 
2974, 3207, 1438 
2975, 3606, 1438 
2976, 1565, 1439 
2977, 2244, 1440 
2978, 3346, 1440 
2979, 1918, 1441 
2980, 3535, 1441 
2981, 3390, 1442 
2982, 3711, 1442 
2983, 2657, 1443 
2984, 2684, 1444 
2985, 3852, 1444 
2986, 2056, 1445 
2987, 2723, 1445 
2988, 2308, 1446 
2989, 2202, 1448 
2990, 2707, 1448 
2991, 2868, 1448 
2992, 3399, 1449 
2993, 2039, 1450 
2994, 2369, 1450 
2995, 1471, 1451 
2996, 3763, 1451 
2997, 3944, 1451 
2998, 3968, 1452 
2999, 1486, 1453 
3000, 2945, 1453 
3001, 3405, 1453 
3002, 3749, 1453 
3003, 2604, 1454 
3004, 2622, 1454 
3005, 3349, 1454 
3006, 3749, 1454 
3007, 2207, 1455 
3008, 3322, 1455 
3009, 3368, 1456 
3010, 1594, 1457 
3011, 2955, 1457 
3012, 1655, 1458 
3013, 1744, 1458 
3014, 3223, 1458 
3015, 3415, 1458 
3016, 2369, 1459 
3017, 2588, 1460 
3018, 3257, 1461 
3019, 3487, 1461 
3020, 3616, 1462 
3021, 3654, 1462 
3022, 3633, 1463 
3023, 1571, 1465 
3024, 3114, 1465 
3025, 3683, 1465 
3026, 3299, 1467 
3027, 1546, 1468 
3028, 3215, 1468 
3029, 2076, 1469 
3030, 2886, 1469 
3031, 3021, 1470 
3032, 3089, 1472 
3033, 3384, 1472 
3034, 2210, 1473 
3035, 2378, 1473 
3036, 1901, 1474 
3037, 2275, 1474 
3038, 3515, 1474 
3039, 2093, 1475 
3040, 2170, 1475 
3041, 2560, 1475 
3042, 2695, 1475 
3043, 2370, 1476 
3044, 3375, 1476 
3045, 3758, 1476 
3046, 2515, 1477 
3047, 1882, 1478 
3048, 2564, 1478 
3049, 2581, 1478 
3050, 1573, 1479 
3051, 1731, 1479 
3052, 1526, 1480 
3053, 2061, 1481 
3054, 3365, 1481 
3055, 1623, 1482 
3056, 2317, 1483 
3057, 1665, 1484 
3058, 3156, 1484 
3059, 3311, 1484 
3060, 2133, 1485 
3061, 3252, 1486 
3062, 3668, 1486 
3063, 3862, 1486 
3064, 3038, 1487 
3065, 1992, 1488 
3066, 2331, 1488 
3067, 3502, 1488 
3068, 1566, 1489 
3069, 1947, 1489 
3070, 2519, 1490 
3071, 3403, 1490 
3072, 3776, 1490 
3073, 2356, 1491 
3074, 3079, 1491 
3075, 3270, 1491 
3076, 2605, 1492 
3077, 3788, 1492 
3078, 3089, 1493 
3079, 2034, 1494 
3080, 2344, 1495 
3081, 3892, 1496 
3082, 2448, 1498 
3083, 1566, 1501 
3084, 1588, 1501 
3085, 1652, 1501 
3086, 1968, 1501 
3087, 1814, 1502 
3088, 1991, 1502 
3089, 2243, 1502 
3090, 2168, 1504 
3091, 2793, 1504 
3092, 2909, 1504 
3093, 2298, 1505 
3094, 2624, 1505 
3095, 2895, 1505 
3096, 3801, 1506 
3097, 2907, 1507 
3098, 3048, 1507 
3099, 3515, 1508 
3100, 3993, 1508 
3101, 1830, 1509 
3102, 2812, 1509 
3103, 3262, 1509 
3104, 2269, 1510 
3105, 2458, 1510 
3106, 3245, 1510 
3107, 3206, 1511 
3108, 3458, 1511 
3109, 3049, 1513 
3110, 3153, 1513 
3111, 1843, 1514 
3112, 2771, 1514 
3113, 2993, 1514 
3114, 3829, 1514 
3115, 2049, 1516 
3116, 2347, 1516 
3117, 2742, 1516 
3118, 2988, 1517 
3119, 3329, 1517 
3120, 1820, 1518 
3121, 1875, 1518 
3122, 2095, 1518 
3123, 2932, 1519 
3124, 3689, 1519 
3125, 3897, 1520 
3126, 3943, 1520 
3127, 1554, 1521 
3128, 3252, 1521 
3129, 3356, 1521 
3130, 1561, 1525 
3131, 1951, 1525 
3132, 2645, 1527 
3133, 3155, 1527 
3134, 2126, 1528 
3135, 3872, 1528 
3136, 1878, 1530 
3137, 2416, 1530 
3138, 2652, 1530 
3139, 2828, 1531 
3140, 2783, 1532 
3141, 3248, 1536 
3142, 2886, 1537 
3143, 1963, 1540 
3144, 2610, 1540 
3145, 2966, 1540 
3146, 2464, 1542 
3147, 3043, 1542 
3148, 2894, 1543 
3149, 2764, 1545 
3150, 3350, 1545 
3151, 2729, 1546 
3152, 3741, 1546 
3153, 2030, 1547 
3154, 3228, 1547 
3155, 2032, 1548 
3156, 2748, 1548 
3157, 3907, 1548 
3158, 1846, 1549 
3159, 2637, 1549 
3160, 2940, 1550 
3161, 2958, 1550 
3162, 3941, 1550 
3163, 2651, 1551 
3164, 2956, 1551 
3165, 2806, 1552 
3166, 2981, 1553 
3167, 2632, 1554 
3168, 3816, 1555 
3169, 2387, 1556 
3170, 3991, 1556 
3171, 2269, 1557 
3172, 2675, 1557 
3173, 3992, 1557 
3174, 3443, 1558 
3175, 3704, 1559 
3176, 1684, 1561 
3177, 2385, 1561 
3178, 3664, 1561 
3179, 2724, 1562 
3180, 2900, 1562 
3181, 3076, 1562 
3182, 1820, 1563 
3183, 2571, 1563 
3184, 3267, 1565 
3185, 2105, 1566 
3186, 3379, 1566 
3187, 1927, 1567 
3188, 3505, 1567 
3189, 1831, 1568 
3190, 1753, 1570 
3191, 3644, 1570 
3192, 3123, 1571 
3193, 1683, 1572 
3194, 2221, 1572 
3195, 2824, 1572 
3196, 3068, 1572 
3197, 3078, 1573 
3198, 1606, 1574 
3199, 2419, 1574 
3200, 1647, 1576 
3201, 1996, 1576 
3202, 3845, 1577 
3203, 3966, 1577 
3204, 1967, 1578 
3205, 2181, 1579 
3206, 3012, 1579 
3207, 1704, 1580 
3208, 1794, 1580 
3209, 3453, 1583 
3210, 2789, 1584 
3211, 3142, 1584 
3212, 1612, 1585 
3213, 1869, 1586 
3214, 2808, 1586 
3215, 3455, 1586 
3216, 3350, 1587 
3217, 3419, 1587 
3218, 3356, 1588 
3219, 3264, 1589 
3220, 3641, 1589 
3221, 1893, 1590 
3222, 1739, 1591 
3223, 2366, 1593 
3224, 3019, 1593 
3225, 3172, 1593 
3226, 2013, 1594 
3227, 3668, 1594 
3228, 1605, 1595 
3229, 2479, 1595 
3230, 2423, 1596 
3231, 3136, 1596 
3232, 2191, 1597 
3233, 3873, 1597 
3234, 2396, 1598 
3235, 2666, 1598 
3236, 3037, 1598 
3237, 1861, 1599 
3238, 3063, 1599 
3239, 3787, 1599 
3240, 3172, 1600 
3241, 3920, 1601 
3242, 2182, 1602 
3243, 2309, 1604 
3244, 2989, 1604 
3245, 3614, 1604 
3246, 1654, 1605 
3247, 2974, 1605 
3248, 2817, 1606 
3249, 2514, 1607 
3250, 3651, 1607 
3251, 3950, 1607 
3252, 2418, 1608 
3253, 2129, 1609 
3254, 3062, 1609 
3255, 2372, 1610 
3256, 2747, 1610 
3257, 2107, 1612 
3258, 1722, 1613 
3259, 2718, 1614 
3260, 2807, 1614 
3261, 2921, 1615 
3262, 2180, 1616 
3263, 3210, 1616 
3264, 3888, 1616 
3265, 1802, 1617 
3266, 2747, 1618 
3267, 2527, 1619 
3268, 3452, 1619 
3269, 3535, 1620 
3270, 2310, 1621 
3271, 2712, 1622 
3272, 3605, 1622 
3273, 2202, 1623 
3274, 3424, 1625 
3275, 3741, 1625 
3276, 2412, 1626 
3277, 3733, 1626 
3278, 2300, 1627 
3279, 2660, 1628 
3280, 3214, 1629 
3281, 2940, 1630 
3282, 2560, 1631 
3283, 3441, 1631 
3284, 2066, 1632 
3285, 2331, 1632 
3286, 2968, 1632 
3287, 1702, 1633 
3288, 2720, 1633 
3289, 2909, 1633 
3290, 3341, 1633 
3291, 3513, 1636 
3292, 1845, 1637 
3293, 2034, 1637 
3294, 2489, 1637 
3295, 2753, 1637 
3296, 2022, 1639 
3297, 3656, 1640 
3298, 2717, 1641 
3299, 2394, 1642 
3300, 3143, 1642 
3301, 3150, 1642 
3302, 2887, 1643 
3303, 2613, 1644 
3304, 3568, 1644 
3305, 3424, 1645 
3306, 2855, 1646 
3307, 3485, 1646 
3308, 3956, 1646 
3309, 1893, 1647 
3310, 1996, 1647 
3311, 3947, 1647 
3312, 1842, 1648 
3313, 1987, 1648 
3314, 2285, 1648 
3315, 1767, 1651 
3316, 3136, 1652 
3317, 3387, 1652 
3318, 3989, 1652 
3319, 2207, 1653 
3320, 2288, 1653 
3321, 3065, 1653 
3322, 2485, 1654 
3323, 3674, 1654 
3324, 1823, 1655 
3325, 3151, 1655 
3326, 2924, 1656 
3327, 3247, 1656 
3328, 2816, 1658 
3329, 3908, 1658 
3330, 2413, 1659 
3331, 3940, 1659 
3332, 1838, 1660 
3333, 3140, 1660 
3334, 3583, 1660 
3335, 2252, 1661 
3336, 2969, 1662 
3337, 3722, 1662 
3338, 2954, 1663 
3339, 3635, 1663 
3340, 1945, 1664 
3341, 2407, 1665 
3342, 2773, 1665 
3343, 1973, 1667 
3344, 3991, 1667 
3345, 3525, 1668 
3346, 2073, 1669 
3347, 2055, 1670 
3348, 2864, 1670 
3349, 1792, 1671 
3350, 3080, 1671 
3351, 3596, 1671 
3352, 2107, 1672 
3353, 2959, 1673 
3354, 2293, 1674 
3355, 3904, 1675 
3356, 2622, 1676 
3357, 2738, 1676 
3358, 3698, 1676 
3359, 1822, 1677 
3360, 2422, 1677 
3361, 3196, 1677 
3362, 3880, 1678 
3363, 3608, 1679 
3364, 2671, 1681 
3365, 3635, 1681 
3366, 3775, 1681 
3367, 3808, 1681 
3368, 2637, 1682 
3369, 3581, 1682 
3370, 2561, 1683 
3371, 3142, 1683 
3372, 1795, 1684 
3373, 3497, 1685 
3374, 3725, 1685 
3375, 2835, 1688 
3376, 3543, 1689 
3377, 3933, 1689 
3378, 2977, 1690 
3379, 3924, 1690 
3380, 2362, 1691 
3381, 2821, 1691 
3382, 3782, 1691 
3383, 3473, 1692 
3384, 3563, 1693 
3385, 3689, 1693 
3386, 2809, 1694 
3387, 3219, 1694 
3388, 2405, 1695 
3389, 3008, 1695 
3390, 2691, 1696 
3391, 2775, 1696 
3392, 1876, 1697 
3393, 3354, 1698 
3394, 3430, 1698 
3395, 1975, 1699 
3396, 2713, 1699 
3397, 2865, 1699 
3398, 3227, 1700 
3399, 2502, 1702 
3400, 3430, 1702 
3401, 3963, 1702 
3402, 2048, 1703 
3403, 2538, 1703 
3404, 3842, 1704 
3405, 2114, 1705 
3406, 3031, 1705 
3407, 1808, 1707 
3408, 2598, 1708 
3409, 2353, 1709 
3410, 2850, 1709 
3411, 3275, 1709 
3412, 2414, 1710 
3413, 2637, 1710 
3414, 2657, 1710 
3415, 2146, 1711 
3416, 2505, 1711 
3417, 1750, 1712 
3418, 1930, 1714 
3419, 3908, 1715 
3420, 3415, 1716 
3421, 3663, 1716 
3422, 1921, 1717 
3423, 3910, 1717 
3424, 3916, 1717 
3425, 1856, 1718 
3426, 1865, 1718 
3427, 2551, 1719 
3428, 2830, 1721 
3429, 3259, 1721 
3430, 2231, 1723 
3431, 3976, 1723 
3432, 2639, 1724 
3433, 3124, 1724 
3434, 3892, 1724 
3435, 2268, 1725 
3436, 1775, 1726 
3437, 2585, 1726 
3438, 3964, 1726 
3439, 1746, 1727 
3440, 2019, 1727 
3441, 2647, 1727 
3442, 2806, 1728 
3443, 2371, 1729 
3444, 2813, 1729 
3445, 2818, 1731 
3446, 3832, 1732 
3447, 2210, 1733 
3448, 3713, 1733 
3449, 2700, 1734 
3450, 3061, 1734 
3451, 3512, 1735 
3452, 1987, 1736 
3453, 3348, 1737 
3454, 3683, 1737 
3455, 3330, 1739 
3456, 3988, 1740 
3457, 1861, 1742 
3458, 3070, 1742 
3459, 2305, 1743 
3460, 3756, 1743 
3461, 1920, 1744 
3462, 2609, 1744 
3463, 2467, 1745 
3464, 3091, 1747 
3465, 3613, 1747 
3466, 3825, 1747 
3467, 2755, 1748 
3468, 3721, 1748 
3469, 1759, 1749 
3470, 2743, 1749 
3471, 2814, 1750 
3472, 3185, 1750 
3473, 2794, 1751 
3474, 2881, 1751 
3475, 2935, 1752 
3476, 3016, 1752 
3477, 3247, 1752 
3478, 2856, 1753 
3479, 3897, 1754 
3480, 3084, 1755 
3481, 3813, 1755 
3482, 3933, 1755 
3483, 1865, 1756 
3484, 2495, 1756 
3485, 3825, 1756 
3486, 3952, 1756 
3487, 3800, 1757 
3488, 1775, 1758 
3489, 2895, 1759 
3490, 1989, 1760 
3491, 3486, 1761 
3492, 1896, 1762 
3493, 3684, 1762 
3494, 3791, 1762 
3495, 3826, 1764 
3496, 1957, 1765 
3497, 2884, 1765 
3498, 3733, 1765 
3499, 3266, 1766 
3500, 3756, 1767 
3501, 1854, 1768 
3502, 2516, 1768 
3503, 3988, 1768 
3504, 2359, 1770 
3505, 2332, 1771 
3506, 3755, 1772 
3507, 3038, 1773 
3508, 3081, 1773 
3509, 2547, 1774 
3510, 2619, 1774 
3511, 3684, 1775 
3512, 1789, 1776 
3513, 2891, 1778 
3514, 3245, 1779 
3515, 3958, 1779 
3516, 3267, 1780 
3517, 1933, 1781 
3518, 2978, 1781 
3519, 3987, 1781 
3520, 2455, 1782 
3521, 3021, 1782 
3522, 2854, 1784 
3523, 2706, 1785 
3524, 3980, 1785 
3525, 3164, 1786 
3526, 2548, 1787 
3527, 2702, 1787 
3528, 2883, 1788 
3529, 3894, 1788 
3530, 3578, 1789 
3531, 1848, 1790 
3532, 1940, 1791 
3533, 3985, 1791 
3534, 2338, 1792 
3535, 2384, 1792 
3536, 2040, 1793 
3537, 2179, 1793 
3538, 3910, 1795 
3539, 3993, 1796 
3540, 2896, 1797 
3541, 3434, 1797 
3542, 2134, 1798 
3543, 2428, 1800 
3544, 3954, 1800 
3545, 3496, 1803 
3546, 3766, 1804 
3547, 3924, 1805 
3548, 3125, 1806 
3549, 1864, 1807 
3550, 1991, 1807 
3551, 3713, 1807 
3552, 2450, 1808 
3553, 3754, 1809 
3554, 2141, 1810 
3555, 2332, 1810 
3556, 2012, 1811 
3557, 3713, 1811 
3558, 3139, 1812 
3559, 3085, 1813 
3560, 3058, 1815 
3561, 2401, 1816 
3562, 2467, 1816 
3563, 2729, 1816 
3564, 3284, 1816 
3565, 3915, 1817 
3566, 2605, 1819 
3567, 2808, 1819 
3568, 3338, 1819 
3569, 2004, 1820 
3570, 3224, 1820 
3571, 1865, 1821 
3572, 3731, 1821 
3573, 2902, 1823 
3574, 1877, 1824 
3575, 2640, 1824 
3576, 3435, 1825 
3577, 3837, 1826 
3578, 2570, 1827 
3579, 2641, 1827 
3580, 2679, 1827 
3581, 3792, 1829 
3582, 1962, 1830 
3583, 2103, 1831 
3584, 1928, 1832 
3585, 3378, 1832 
3586, 1889, 1833 
3587, 3627, 1833 
3588, 1916, 1834 
3589, 2868, 1834 
3590, 2542, 1835 
3591, 2803, 1835 
3592, 3450, 1836 
3593, 3972, 1838 
3594, 3867, 1839 
3595, 2330, 1840 
3596, 1940, 1841 
3597, 2589, 1841 
3598, 3739, 1841 
3599, 2743, 1842 
3600, 3798, 1843 
3601, 1899, 1844 
3602, 2176, 1844 
3603, 2776, 1845 
3604, 3153, 1845 
3605, 2572, 1846 
3606, 2615, 1846 
3607, 1922, 1847 
3608, 2624, 1847 
3609, 3200, 1847 
3610, 2285, 1848 
3611, 3279, 1848 
3612, 3676, 1848 
3613, 2689, 1850 
3614, 3462, 1850 
3615, 2720, 1852 
3616, 2837, 1852 
3617, 2329, 1853 
3618, 3231, 1853 
3619, 3289, 1854 
3620, 3781, 1855 
3621, 2918, 1856 
3622, 3987, 1856 
3623, 1983, 1857 
3624, 2655, 1859 
3625, 3699, 1859 
3626, 2268, 1860 
3627, 2160, 1861 
3628, 2167, 1862 
3629, 3291, 1862 
3630, 2105, 1864 
3631, 3294, 1865 
3632, 2937, 1866 
3633, 3177, 1866 
3634, 2160, 1867 
3635, 1969, 1868 
3636, 1971, 1868 
3637, 3588, 1868 
3638, 2043, 1869 
3639, 3344, 1869 
3640, 3586, 1869 
3641, 2368, 1870 
3642, 3147, 1870 
3643, 3832, 1870 
3644, 2715, 1872 
3645, 3373, 1872 
3646, 3616, 1872 
3647, 2395, 1874 
3648, 1955, 1875 
3649, 3260, 1875 
3650, 3781, 1877 
3651, 1912, 1879 
3652, 3091, 1880 
3653, 3595, 1880 
3654, 3655, 1880 
3655, 3320, 1881 
3656, 2683, 1882 
3657, 3242, 1882 
3658, 2068, 1884 
3659, 3475, 1884 
3660, 2632, 1885 
3661, 3098, 1885 
3662, 3977, 1885 
3663, 2803, 1886 
3664, 2069, 1887 
3665, 2340, 1887 
3666, 2528, 1887 
3667, 1993, 1889 
3668, 3385, 1889 
3669, 3425, 1889 
3670, 2485, 1890 
3671, 3016, 1890 
3672, 3601, 1890 
3673, 3706, 1890 
3674, 2367, 1892 
3675, 2318, 1894 
3676, 2638, 1894 
3677, 2124, 1895 
3678, 3035, 1895 
3679, 3299, 1895 
3680, 3359, 1895 
3681, 2945, 1896 
3682, 3455, 1896 
3683, 3153, 1898 
3684, 2708, 1901 
3685, 3672, 1901 
3686, 3728, 1902 
3687, 3732, 1904 
3688, 2839, 1905 
3689, 2376, 1907 
3690, 3369, 1907 
3691, 2445, 1908 
3692, 2821, 1908 
3693, 3822, 1909 
3694, 2469, 1910 
3695, 3216, 1910 
3696, 3829, 1910 
3697, 3186, 1911 
3698, 3244, 1914 
3699, 3994, 1914 
3700, 2145, 1915 
3701, 2631, 1915 
3702, 2910, 1915 
3703, 3506, 1916 
3704, 2613, 1920 
3705, 3288, 1920 
3706, 3959, 1920 
3707, 2411, 1921 
3708, 2398, 1923 
3709, 2958, 1923 
3710, 3453, 1924 
3711, 2992, 1925 
3712, 3965, 1925 
3713, 3065, 1928 
3714, 2052, 1929 
3715, 2805, 1929 
3716, 1988, 1930 
3717, 2676, 1930 
3718, 2151, 1931 
3719, 2703, 1931 
3720, 2112, 1933 
3721, 3503, 1933 
3722, 3642, 1933 
3723, 3064, 1937 
3724, 3640, 1937 
3725, 3849, 1938 
3726, 2551, 1940 
3727, 2638, 1940 
3728, 2811, 1941 
3729, 3428, 1941 
3730, 2275, 1942 
3731, 2888, 1942 
3732, 3775, 1942 
3733, 3751, 1943 
3734, 3909, 1944 
3735, 3166, 1945 
3736, 3917, 1945 
3737, 2470, 1946 
3738, 3308, 1946 
3739, 2471, 1947 
3740, 3659, 1949 
3741, 3963, 1950 
3742, 3664, 1951 
3743, 3101, 1952 
3744, 3719, 1952 
3745, 3322, 1953 
3746, 2867, 1954 
3747, 3318, 1954 
3748, 3321, 1954 
3749, 2251, 1955 
3750, 2135, 1957 
3751, 3100, 1957 
3752, 3304, 1957 
3753, 1985, 1958 
3754, 2531, 1962 
3755, 2647, 1962 
3756, 2475, 1963 
3757, 2687, 1963 
3758, 2881, 1964 
3759, 3955, 1964 
3760, 2947, 1965 
3761, 3631, 1966 
3762, 3942, 1966 
3763, 3343, 1967 
3764, 3143, 1968 
3765, 3880, 1968 
3766, 3088, 1969 
3767, 2521, 1970 
3768, 2667, 1970 
3769, 2987, 1970 
3770, 3111, 1970 
3771, 3706, 1972 
3772, 2387, 1974 
3773, 3280, 1974 
3774, 3392, 1974 
3775, 2972, 1975 
3776, 3535, 1976 
3777, 3774, 1976 
3778, 3248, 1977 
3779, 3722, 1977 
3780, 2726, 1978 
3781, 2520, 1979 
3782, 3873, 1979 
3783, 2780, 1980 
3784, 3492, 1980 
3785, 3610, 1980 
3786, 2559, 1981 
3787, 3513, 1981 
3788, 3213, 1982 
3789, 3063, 1983 
3790, 2816, 1984 
3791, 3785, 1985 
3792, 2643, 1986 
3793, 3449, 1987 
3794, 2716, 1988 
3795, 3437, 1988 
3796, 2141, 1989 
3797, 2289, 1989 
3798, 3190, 1989 
3799, 2242, 1990 
3800, 3900, 1990 
3801, 3019, 1991 
3802, 3896, 1992 
3803, 3976, 1992 
3804, 2008, 1993 
3805, 2051, 1994 
3806, 3403, 1994 
3807, 3650, 1994 
3808, 3646, 1996 
3809, 2922, 1997 
3810, 3338, 1997 
3811, 2163, 1998 
3812, 2244, 1999 
3813, 2453, 1999 
3814, 3520, 2000 
3815, 2161, 2001 
3816, 2995, 2001 
3817, 2228, 2002 
3818, 3857, 2003 
3819, 2427, 2004 
3820, 3673, 2004 
3821, 3885, 2004 
3822, 2649, 2005 
3823, 3282, 2005 
3824, 3871, 2005 
3825, 2517, 2006 
3826, 3474, 2007 
3827, 3921, 2008 
3828, 2387, 2009 
3829, 3526, 2010 
3830, 2304, 2012 
3831, 2835, 2012 
3832, 3209, 2012 
3833, 2021, 2014 
3834, 2727, 2016 
3835, 3499, 2016 
3836, 3743, 2016 
3837, 2196, 2017 
3838, 3359, 2017 
3839, 3371, 2018 
3840, 3417, 2018 
3841, 2977, 2020 
3842, 2411, 2021 
3843, 2930, 2021 
3844, 3389, 2021 
3845, 2361, 2023 
3846, 3303, 2023 
3847, 3888, 2023 
3848, 2223, 2025 
3849, 3499, 2025 
3850, 3556, 2026 
3851, 2192, 2027 
3852, 2601, 2027 
3853, 2411, 2028 
3854, 2775, 2028 
3855, 3389, 2029 
3856, 2295, 2031 
3857, 2559, 2031 
3858, 2904, 2032 
3859, 2961, 2033 
3860, 3325, 2033 
3861, 2303, 2034 
3862, 2281, 2035 
3863, 2834, 2035 
3864, 2040, 2036 
3865, 2873, 2036 
3866, 3052, 2036 
3867, 3615, 2037 
3868, 3864, 2037 
3869, 3169, 2038 
3870, 3720, 2038 
3871, 3707, 2039 
3872, 2967, 2041 
3873, 3463, 2042 
3874, 3374, 2043 
3875, 2168, 2044 
3876, 2542, 2045 
3877, 2451, 2046 
3878, 3352, 2046 
3879, 3129, 2048 
3880, 3604, 2048 
3881, 2441, 2049 
3882, 2540, 2050 
3883, 2520, 2051 
3884, 3516, 2051 
3885, 2535, 2052 
3886, 2737, 2052 
3887, 3762, 2052 
3888, 2472, 2053 
3889, 2569, 2053 
3890, 2913, 2054 
3891, 3928, 2054 
3892, 2269, 2055 
3893, 2303, 2055 
3894, 2989, 2056 
3895, 2222, 2057 
3896, 3822, 2057 
3897, 2423, 2058 
3898, 3597, 2058 
3899, 3646, 2058 
3900, 3618, 2059 
3901, 2868, 2060 
3902, 3041, 2060 
3903, 2155, 2066 
3904, 2853, 2068 
3905, 3144, 2069 
3906, 3618, 2069 
3907, 2398, 2071 
3908, 3368, 2071 
3909, 3515, 2071 
3910, 2357, 2072 
3911, 2781, 2072 
3912, 3589, 2072 
3913, 2712, 2073 
3914, 2164, 2077 
3915, 3653, 2077 
3916, 3353, 2078 
3917, 2350, 2079 
3918, 2767, 2079 
3919, 2845, 2079 
3920, 2132, 2081 
3921, 2794, 2081 
3922, 2486, 2083 
3923, 2721, 2084 
3924, 3839, 2084 
3925, 3928, 2084 
3926, 2763, 2085 
3927, 2332, 2086 
3928, 2675, 2086 
3929, 2752, 2086 
3930, 3715, 2087 
3931, 3182, 2088 
3932, 2208, 2090 
3933, 2833, 2090 
3934, 3628, 2090 
3935, 3168, 2091 
3936, 2491, 2092 
3937, 3176, 2093 
3938, 2934, 2094 
3939, 3138, 2094 
3940, 3447, 2094 
3941, 3316, 2095 
3942, 2601, 2096 
3943, 2309, 2097 
3944, 3344, 2097 
3945, 2205, 2098 
3946, 3201, 2099 
3947, 3039, 2100 
3948, 3194, 2100 
3949, 2832, 2101 
3950, 2346, 2102 
3951, 2735, 2102 
3952, 2986, 2102 
3953, 3773, 2102 
3954, 2623, 2103 
3955, 2629, 2103 
3956, 2796, 2103 
3957, 2672, 2104 
3958, 2796, 2104 
3959, 3150, 2104 
3960, 3648, 2104 
3961, 3368, 2105 
3962, 3375, 2105 
3963, 2390, 2106 
3964, 2889, 2106 
3965, 3902, 2106 
3966, 3526, 2107 
3967, 3704, 2108 
3968, 2255, 2109 
3969, 3068, 2109 
3970, 2800, 2111 
3971, 3937, 2111 
3972, 3317, 2113 
3973, 3199, 2114 
3974, 3349, 2114 
3975, 3401, 2116 
3976, 3948, 2116 
3977, 3988, 2116 
3978, 2524, 2118 
3979, 2830, 2118 
3980, 2692, 2119 
3981, 3613, 2119 
3982, 3644, 2119 
3983, 2781, 2120 
3984, 3973, 2123 
3985, 2936, 2125 
3986, 3273, 2126 
3987, 2461, 2127 
3988, 2657, 2128 
3989, 3697, 2128 
3990, 3190, 2129 
3991, 3260, 2129 
3992, 3384, 2129 
3993, 2654, 2131 
3994, 2882, 2131 
3995, 3625, 2131 
3996, 2823, 2134 
3997, 2427, 2136 
3998, 3704, 2136 
3999, 3281, 2137 
4000, 2608, 2138 
4001, 3249, 2138 
4002, 3928, 2138 
4003, 3261, 2139 
4004, 3363, 2139 
4005, 3674, 2140 
4006, 3609, 2142 
4007, 2248, 2143 
4008, 2972, 2144 
4009, 3120, 2144 
4010, 3418, 2144 
4011, 3987, 2144 
4012, 2512, 2145 
4013, 2952, 2146 
4014, 2795, 2147 
4015, 2301, 2148 
4016, 2670, 2148 
4017, 2262, 2150 
4018, 3199, 2152 
4019, 3308, 2152 
4020, 2705, 2153 
4021, 2768, 2153 
4022, 2224, 2154 
4023, 3668, 2154 
4024, 3866, 2154 
4025, 3074, 2155 
4026, 3086, 2155 
4027, 3831, 2155 
4028, 2323, 2157 
4029, 3604, 2157 
4030, 2991, 2158 
4031, 2905, 2159 
4032, 2982, 2159 
4033, 3111, 2159 
4034, 2402, 2160 
4035, 2655, 2161 
4036, 3438, 2163 
4037, 2415, 2166 
4038, 3694, 2166 
4039, 2945, 2167 
4040, 3895, 2167 
4041, 2331, 2170 
4042, 2475, 2170 
4043, 3747, 2171 
4044, 3777, 2172 
4045, 3315, 2173 
4046, 3837, 2173 
4047, 2807, 2174 
4048, 2808, 2174 
4049, 2884, 2174 
4050, 3922, 2174 
4051, 3571, 2175 
4052, 3620, 2175 
4053, 3477, 2177 
4054, 2786, 2178 
4055, 3639, 2179 
4056, 2782, 2180 
4057, 3868, 2180 
4058, 3563, 2181 
4059, 2377, 2184 
4060, 2511, 2185 
4061, 2590, 2186 
4062, 3401, 2186 
4063, 2240, 2187 
4064, 2424, 2187 
4065, 3312, 2187 
4066, 2863, 2188 
4067, 2471, 2189 
4068, 3451, 2190 
4069, 2461, 2193 
4070, 2509, 2193 
4071, 2938, 2194 
4072, 2642, 2195 
4073, 2904, 2195 
4074, 3332, 2195 
4075, 2803, 2197 
4076, 3024, 2198 
4077, 3328, 2201 
4078, 2922, 2202 
4079, 2782, 2203 
4080, 3350, 2203 
4081, 2465, 2204 
4082, 3278, 2204 
4083, 3538, 2204 
4084, 2573, 2205 
4085, 3676, 2205 
4086, 3585, 2206 
4087, 3693, 2206 
4088, 2758, 2207 
4089, 2492, 2208 
4090, 3558, 2208 
4091, 2594, 2209 
4092, 3265, 2215 
4093, 3379, 2215 
4094, 3888, 2215 
4095, 3950, 2215 
4096, 3095, 2216 
4097, 2251, 2217 
4098, 2291, 2217 
4099, 2615, 2218 
4100, 2446, 2221 
4101, 2482, 2222 
4102, 2796, 2222 
4103, 2927, 2222 
4104, 2305, 2224 
4105, 3559, 2224 
4106, 3695, 2225 
4107, 2494, 2226 
4108, 3122, 2226 
4109, 2449, 2228 
4110, 3981, 2228 
4111, 2456, 2229 
4112, 3129, 2229 
4113, 3312, 2229 
4114, 3106, 2231 
4115, 3537, 2232 
4116, 3571, 2232 
4117, 3616, 2232 
4118, 2534, 2233 
4119, 2656, 2233 
4120, 2626, 2234 
4121, 2994, 2234 
4122, 3552, 2234 
4123, 3193, 2235 
4124, 3040, 2236 
4125, 3447, 2236 
4126, 2278, 2238 
4127, 2996, 2238 
4128, 2723, 2239 
4129, 3135, 2239 
4130, 3753, 2239 
4131, 3017, 2240 
4132, 3284, 2240 
4133, 3295, 2241 
4134, 2760, 2242 
4135, 3221, 2243 
4136, 2346, 2244 
4137, 2551, 2245 
4138, 2664, 2248 
4139, 3066, 2248 
4140, 2922, 2249 
4141, 3501, 2249 
4142, 3506, 2253 
4143, 2538, 2254 
4144, 3197, 2254 
4145, 3044, 2256 
4146, 3354, 2256 
4147, 3882, 2256 
4148, 2991, 2258 
4149, 3625, 2258 
4150, 2435, 2259 
4151, 2789, 2259 
4152, 2940, 2259 
4153, 3213, 2260 
4154, 3854, 2260 
4155, 2330, 2261 
4156, 3737, 2261 
4157, 3977, 2261 
4158, 2407, 2262 
4159, 2651, 2262 
4160, 3143, 2264 
4161, 3229, 2264 
4162, 3269, 2264 
4163, 3750, 2264 
4164, 3975, 2266 
4165, 2441, 2267 
4166, 2490, 2269 
4167, 3020, 2272 
4168, 3270, 2274 
4169, 2556, 2275 
4170, 2329, 2276 
4171, 2548, 2276 
4172, 2934, 2276 
4173, 3151, 2276 
4174, 3073, 2277 
4175, 3663, 2279 
4176, 2968, 2280 
4177, 3610, 2280 
4178, 2655, 2281 
4179, 3479, 2281 
4180, 2769, 2282 
4181, 3212, 2283 
4182, 3298, 2283 
4183, 2997, 2285 
4184, 2579, 2286 
4185, 3420, 2286 
4186, 3884, 2287 
4187, 3645, 2290 
4188, 2986, 2291 
4189, 2845, 2292 
4190, 3976, 2292 
4191, 2423, 2294 
4192, 3321, 2294 
4193, 2951, 2295 
4194, 3034, 2296 
4195, 3990, 2298 
4196, 2878, 2299 
4197, 2960, 2299 
4198, 3562, 2299 
4199, 2344, 2300 
4200, 2728, 2300 
4201, 3906, 2301 
4202, 2529, 2303 
4203, 2916, 2305 
4204, 3949, 2306 
4205, 3971, 2309 
4206, 2509, 2310 
4207, 2753, 2312 
4208, 2851, 2312 
4209, 2402, 2313 
4210, 3318, 2313 
4211, 3219, 2314 
4212, 3210, 2315 
4213, 2846, 2316 
4214, 2925, 2316 
4215, 3192, 2316 
4216, 2530, 2318 
4217, 2576, 2318 
4218, 2973, 2319 
4219, 3316, 2320 
4220, 3814, 2321 
4221, 2338, 2322 
4222, 2594, 2322 
4223, 3072, 2322 
4224, 3144, 2323 
4225, 3491, 2324 
4226, 3054, 2326 
4227, 3654, 2326 
4228, 2931, 2328 
4229, 3004, 2330 
4230, 3048, 2333 
4231, 2917, 2335 
4232, 2597, 2336 
4233, 2443, 2339 
4234, 3325, 2339 
4235, 3407, 2339 
4236, 2568, 2340 
4237, 2986, 2340 
4238, 3626, 2341 
4239, 3913, 2341 
4240, 2929, 2342 
4241, 3052, 2342 
4242, 3998, 2343 
4243, 2356, 2345 
4244, 3388, 2345 
4245, 3867, 2345 
4246, 3554, 2346 
4247, 3542, 2348 
4248, 3834, 2348 
4249, 3818, 2349 
4250, 3857, 2349 
4251, 3584, 2351 
4252, 3581, 2353 
4253, 3874, 2353 
4254, 2378, 2354 
4255, 2973, 2356 
4256, 3189, 2356 
4257, 3020, 2357 
4258, 3081, 2358 
4259, 3489, 2358 
4260, 2533, 2359 
4261, 3215, 2359 
4262, 3601, 2360 
4263, 3727, 2360 
4264, 3766, 2361 
4265, 3745, 2362 
4266, 2713, 2363 
4267, 3396, 2363 
4268, 3422, 2365 
4269, 3005, 2366 
4270, 3800, 2368 
4271, 3790, 2370 
4272, 2428, 2372 
4273, 3325, 2372 
4274, 3687, 2372 
4275, 3233, 2375 
4276, 3522, 2375 
4277, 3748, 2375 
4278, 2745, 2376 
4279, 3277, 2378 
4280, 3391, 2378 
4281, 2382, 2379 
4282, 3450, 2379 
4283, 2920, 2380 
4284, 3652, 2382 
4285, 3443, 2383 
4286, 3876, 2383 
4287, 3889, 2383 
4288, 3413, 2384 
4289, 3847, 2385 
4290, 3115, 2386 
4291, 3132, 2386 
4292, 3732, 2386 
4293, 2703, 2387 
4294, 3799, 2388 
4295, 3865, 2388 
4296, 3433, 2389 
4297, 2534, 2390 
4298, 3242, 2390 
4299, 3556, 2390 
4300, 2740, 2391 
4301, 2444, 2392 
4302, 2643, 2392 
4303, 3092, 2393 
4304, 3248, 2394 
4305, 3335, 2394 
4306, 3010, 2396 
4307, 3070, 2399 
4308, 2865, 2400 
4309, 3516, 2401 
4310, 3649, 2401 
4311, 3645, 2402 
4312, 3473, 2403 
4313, 3772, 2406 
4314, 3411, 2408 
4315, 3594, 2410 
4316, 3096, 2412 
4317, 3553, 2412 
4318, 3760, 2413 
4319, 3394, 2414 
4320, 2745, 2416 
4321, 3127, 2416 
4322, 3170, 2417 
4323, 3703, 2417 
4324, 3870, 2417 
4325, 3074, 2418 
4326, 3114, 2418 
4327, 2718, 2419 
4328, 2885, 2419 
4329, 2424, 2420 
4330, 3860, 2421 
4331, 2449, 2425 
4332, 3637, 2425 
4333, 3739, 2425 
4334, 3769, 2426 
4335, 3692, 2427 
4336, 2536, 2429 
4337, 2757, 2429 
4338, 2773, 2433 
4339, 2536, 2434 
4340, 3912, 2434 
4341, 2744, 2435 
4342, 3504, 2436 
4343, 3786, 2436 
4344, 3884, 2436 
4345, 3005, 2438 
4346, 3045, 2438 
4347, 3962, 2438 
4348, 2963, 2443 
4349, 3510, 2446 
4350, 2510, 2447 
4351, 2606, 2449 
4352, 2910, 2450 
4353, 3484, 2452 
4354, 3701, 2457 
4355, 3328, 2459 
4356, 2779, 2467 
4357, 3402, 2468 
4358, 3222, 2469 
4359, 2619, 2470 
4360, 2832, 2471 
4361, 2927, 2472 
4362, 3431, 2472 
4363, 3253, 2473 
4364, 3465, 2473 
4365, 3850, 2473 
4366, 3864, 2474 
4367, 3541, 2475 
4368, 2870, 2476 
4369, 2715, 2477 
4370, 2850, 2477 
4371, 3550, 2477 
4372, 2673, 2478 
4373, 2807, 2479 
4374, 2765, 2482 
4375, 3015, 2483 
4376, 2943, 2485 
4377, 3307, 2487 
4378, 3709, 2487 
4379, 3435, 2488 
4380, 3482, 2488 
4381, 3174, 2489 
4382, 3397, 2489 
4383, 3414, 2490 
4384, 3416, 2490 
4385, 2578, 2491 
4386, 2924, 2491 
4387, 2828, 2492 
4388, 3926, 2492 
4389, 2697, 2494 
4390, 3150, 2495 
4391, 3175, 2495 
4392, 3733, 2495 
4393, 3555, 2496 
4394, 3768, 2496 
4395, 3001, 2501 
4396, 3589, 2501 
4397, 3214, 2503 
4398, 3950, 2504 
4399, 2574, 2505 
4400, 3974, 2506 
4401, 2891, 2507 
4402, 2767, 2508 
4403, 3765, 2510 
4404, 2798, 2511 
4405, 2829, 2512 
4406, 2940, 2512 
4407, 2638, 2514 
4408, 2952, 2515 
4409, 3320, 2515 
4410, 2741, 2518 
4411, 3161, 2518 
4412, 2560, 2520 
4413, 3530, 2520 
4414, 2652, 2521 
4415, 2726, 2521 
4416, 3160, 2522 
4417, 2623, 2524 
4418, 2949, 2526 
4419, 3503, 2528 
4420, 3774, 2528 
4421, 3306, 2530 
4422, 3692, 2530 
4423, 3145, 2532 
4424, 2899, 2533 
4425, 3745, 2533 
4426, 3862, 2533 
4427, 3622, 2534 
4428, 3427, 2535 
4429, 2840, 2537 
4430, 2683, 2538 
4431, 3300, 2539 
4432, 3381, 2539 
4433, 3792, 2539 
4434, 3837, 2541 
4435, 2662, 2544 
4436, 2669, 2544 
4437, 3039, 2544 
4438, 3222, 2545 
4439, 3236, 2546 
4440, 3590, 2549 
4441, 2702, 2550 
4442, 3421, 2550 
4443, 3709, 2551 
4444, 2555, 2553 
4445, 2589, 2553 
4446, 3042, 2553 
4447, 3376, 2553 
4448, 2605, 2554 
4449, 2862, 2554 
4450, 3388, 2554 
4451, 3227, 2555 
4452, 3827, 2555 
4453, 3851, 2555 
4454, 2563, 2556 
4455, 3179, 2557 
4456, 3501, 2558 
4457, 3821, 2558 
4458, 3351, 2561 
4459, 3583, 2561 
4460, 3171, 2563 
4461, 3869, 2563 
4462, 2938, 2564 
4463, 3797, 2564 
4464, 3150, 2565 
4465, 3877, 2565 
4466, 2907, 2567 
4467, 3462, 2568 
4468, 3694, 2568 
4469, 3753, 2569 
4470, 2887, 2570 
4471, 3344, 2570 
4472, 3470, 2572 
4473, 2753, 2576 
4474, 3765, 2578 
4475, 2704, 2580 
4476, 3037, 2581 
4477, 3149, 2581 
4478, 3644, 2581 
4479, 3750, 2582 
4480, 2645, 2583 
4481, 2825, 2583 
4482, 3230, 2584 
4483, 3519, 2584 
4484, 2598, 2585 
4485, 3317, 2585 
4486, 3845, 2586 
4487, 2786, 2590 
4488, 2723, 2591 
4489, 2840, 2591 
4490, 3334, 2592 
4491, 3692, 2593 
4492, 3752, 2593 
4493, 2684, 2594 
4494, 2811, 2594 
4495, 2724, 2596 
4496, 3427, 2596 
4497, 2911, 2597 
4498, 3762, 2600 
4499, 3710, 2601 
4500, 3191, 2602 
4501, 3804, 2604 
4502, 3264, 2606 
4503, 3310, 2606 
4504, 2617, 2609 
4505, 3265, 2611 
4506, 3551, 2611 
4507, 3145, 2612 
4508, 2916, 2613 
4509, 3211, 2613 
4510, 2980, 2615 
4511, 3204, 2618 
4512, 3878, 2618 
4513, 3636, 2620 
4514, 2953, 2621 
4515, 3422, 2621 
4516, 3919, 2622 
4517, 3003, 2624 
4518, 2757, 2626 
4519, 3671, 2626 
4520, 3343, 2627 
4521, 2913, 2629 
4522, 3145, 2630 
4523, 3197, 2631 
4524, 3676, 2631 
4525, 3839, 2631 
4526, 3391, 2632 
4527, 3912, 2632 
4528, 3482, 2633 
4529, 3253, 2634 
4530, 3342, 2634 
4531, 3509, 2636 
4532, 2757, 2640 
4533, 2941, 2640 
4534, 3274, 2642 
4535, 3338, 2643 
4536, 3700, 2645 
4537, 2897, 2648 
4538, 3783, 2648 
4539, 3200, 2649 
4540, 3659, 2649 
4541, 3009, 2652 
4542, 3162, 2652 
4543, 3376, 2654 
4544, 2700, 2656 
4545, 3289, 2656 
4546, 3506, 2658 
4547, 3349, 2660 
4548, 3577, 2663 
4549, 3817, 2663 
4550, 2731, 2666 
4551, 3230, 2667 
4552, 3761, 2669 
4553, 3464, 2671 
4554, 3016, 2673 
4555, 3399, 2673 
4556, 2864, 2675 
4557, 3386, 2676 
4558, 3597, 2677 
4559, 3818, 2677 
4560, 3600, 2678 
4561, 3899, 2678 
4562, 3789, 2679 
4563, 3521, 2680 
4564, 3885, 2680 
4565, 3633, 2681 
4566, 3436, 2682 
4567, 3650, 2682 
4568, 3841, 2685 
4569, 3661, 2686 
4570, 3431, 2687 
4571, 3678, 2687 
4572, 3755, 2687 
4573, 3292, 2688 
4574, 3554, 2688 
4575, 3196, 2689 
4576, 3178, 2691 
4577, 2746, 2696 
4578, 2780, 2696 
4579, 3282, 2696 
4580, 3736, 2698 
4581, 3232, 2702 
4582, 3356, 2703 
4583, 3505, 2703 
4584, 3233, 2704 
4585, 2826, 2708 
4586, 3991, 2709 
4587, 3258, 2710 
4588, 3490, 2710 
4589, 3961, 2711 
4590, 3959, 2712 
4591, 3292, 2713 
4592, 3311, 2716 
4593, 3349, 2716 
4594, 3971, 2716 
4595, 2943, 2718 
4596, 3320, 2719 
4597, 3488, 2721 
4598, 3134, 2722 
4599, 3933, 2722 
4600, 2889, 2724 
4601, 2939, 2725 
4602, 3163, 2725 
4603, 3518, 2729 
4604, 3810, 2730 
4605, 3216, 2732 
4606, 3979, 2732 
4607, 3036, 2733 
4608, 3354, 2733 
4609, 3992, 2733 
4610, 3507, 2734 
4611, 3000, 2735 
4612, 3962, 2735 
4613, 2841, 2736 
4614, 3687, 2736 
4615, 3482, 2738 
4616, 3965, 2738 
4617, 2894, 2740 
4618, 2812, 2742 
4619, 3376, 2742 
4620, 2909, 2744 
4621, 2926, 2744 
4622, 3646, 2744 
4623, 2945, 2746 
4624, 3715, 2746 
4625, 3990, 2746 
4626, 2885, 2747 
4627, 3183, 2748 
4628, 2925, 2749 
4629, 3158, 2751 
4630, 3725, 2752 
4631, 2901, 2755 
4632, 3189, 2756 
4633, 3493, 2756 
4634, 3746, 2756 
4635, 3831, 2757 
4636, 3107, 2758 
4637, 3217, 2761 
4638, 3345, 2761 
4639, 2859, 2762 
4640, 3170, 2762 
4641, 3167, 2766 
4642, 2845, 2767 
4643, 3868, 2767 
4644, 3636, 2769 
4645, 3193, 2771 
4646, 3902, 2771 
4647, 3661, 2772 
4648, 2966, 2775 
4649, 2835, 2776 
4650, 3435, 2776 
4651, 3056, 2777 
4652, 4000, 2777 
4653, 3389, 2778 
4654, 3786, 2778 
4655, 3931, 2779 
4656, 3438, 2780 
4657, 3573, 2783 
4658, 3579, 2783 
4659, 2816, 2785 
4660, 3847, 2787 
4661, 2942, 2788 
4662, 3118, 2788 
4663, 3330, 2788 
4664, 3770, 2789 
4665, 3107, 2790 
4666, 3810, 2790 
4667, 3120, 2792 
4668, 3464, 2792 
4669, 3373, 2793 
4670, 3754, 2793 
4671, 3092, 2797 
4672, 3756, 2798 
4673, 3873, 2798 
4674, 2844, 2799 
4675, 3086, 2799 
4676, 3755, 2800 
4677, 3171, 2802 
4678, 3544, 2802 
4679, 2875, 2804 
4680, 3405, 2804 
4681, 3718, 2805 
4682, 3747, 2806 
4683, 3997, 2808 
4684, 2928, 2809 
4685, 3486, 2809 
4686, 3671, 2809 
4687, 3887, 2812 
4688, 2847, 2814 
4689, 3055, 2815 
4690, 3208, 2815 
4691, 3460, 2815 
4692, 2956, 2819 
4693, 3152, 2819 
4694, 3012, 2820 
4695, 3385, 2820 
4696, 2856, 2822 
4697, 2996, 2824 
4698, 2897, 2826 
4699, 3362, 2826 
4700, 3223, 2828 
4701, 4000, 2830 
4702, 3968, 2832 
4703, 3728, 2834 
4704, 3947, 2837 
4705, 3494, 2839 
4706, 3981, 2841 
4707, 3835, 2843 
4708, 3799, 2844 
4709, 3986, 2844 
4710, 3695, 2850 
4711, 2993, 2856 
4712, 3979, 2858 
4713, 3947, 2859 
4714, 2970, 2861 
4715, 3414, 2863 
4716, 2889, 2866 
4717, 3764, 2866 
4718, 3620, 2867 
4719, 3360, 2870 
4720, 3394, 2872 
4721, 3803, 2872 
4722, 3372, 2874 
4723, 3468, 2874 
4724, 3840, 2875 
4725, 3993, 2875 
4726, 3651, 2877 
4727, 3688, 2878 
4728, 3889, 2878 
4729, 3436, 2879 
4730, 3785, 2880 
4731, 3537, 2881 
4732, 3284, 2882 
4733, 3394, 2882 
4734, 3846, 2884 
4735, 3033, 2885 
4736, 3682, 2890 
4737, 3249, 2892 
4738, 3281, 2892 
4739, 3593, 2892 
4740, 3188, 2893 
4741, 3861, 2898 
4742, 3916, 2898 
4743, 3111, 2899 
4744, 3239, 2899 
4745, 3260, 2902 
4746, 3685, 2903 
4747, 4000, 2906 
4748, 3459, 2910 
4749, 3804, 2913 
4750, 3023, 2914 
4751, 3822, 2914 
4752, 3087, 2916 
4753, 3812, 2916 
4754, 2941, 2919 
4755, 3284, 2919 
4756, 3831, 2919 
4757, 3457, 2921 
4758, 3933, 2921 
4759, 3141, 2922 
4760, 3484, 2924 
4761, 3941, 2925 
4762, 3955, 2925 
4763, 3874, 2926 
4764, 3041, 2927 
4765, 3218, 2930 
4766, 3598, 2930 
4767, 3409, 2931 
4768, 3672, 2931 
4769, 3600, 2936 
4770, 3462, 2937 
4771, 3567, 2938 
4772, 3684, 2938 
4773, 3965, 2942 
4774, 3434, 2944 
4775, 3096, 2946 
4776, 3184, 2947 
4777, 3425, 2950 
4778, 3557, 2950 
4779, 3337, 2953 
4780, 3573, 2954 
4781, 3736, 2954 
4782, 3528, 2958 
4783, 3972, 2959 
4784, 3789, 2961 
4785, 3072, 2962 
4786, 3946, 2962 
4787, 3970, 2964 
4788, 3441, 2967 
4789, 3726, 2968 
4790, 3067, 2971 
4791, 3814, 2973 
4792, 3677, 2974 
4793, 3923, 2974 
4794, 3958, 2974 
4795, 2988, 2975 
4796, 3568, 2977 
4797, 3776, 2978 
4798, 3403, 2980 
4799, 3883, 2983 
4800, 3224, 2985 
4801, 3516, 2988 
4802, 3025, 2989 
4803, 3322, 2994 
4804, 3162, 2996 
4805, 3605, 2996 
4806, 3842, 2997 
4807, 3072, 2999 
4808, 3316, 2999 
4809, 3561, 2999 
4810, 3027, 3000 
4811, 3603, 3001 
4812, 3065, 3003 
4813, 3199, 3003 
4814, 3778, 3003 
4815, 3717, 3006 
4816, 3094, 3008 
4817, 3650, 3012 
4818, 3751, 3012 
4819, 3128, 3013 
4820, 3633, 3018 
4821, 3288, 3020 
4822, 3095, 3023 
4823, 3798, 3023 
4824, 3223, 3025 
4825, 3378, 3028 
4826, 3748, 3028 
4827, 3472, 3031 
4828, 3286, 3033 
4829, 3723, 3033 
4830, 3160, 3041 
4831, 3669, 3042 
4832, 3336, 3046 
4833, 3574, 3049 
4834, 3817, 3051 
4835, 3837, 3054 
4836, 3104, 3055 
4837, 3278, 3055 
4838, 3754, 3060 
4839, 3850, 3061 
4840, 3607, 3063 
4841, 3691, 3064 
4842, 3406, 3066 
4843, 3548, 3066 
4844, 3739, 3068 
4845, 3983, 3069 
4846, 3819, 3070 
4847, 3133, 3071 
4848, 3637, 3072 
4849, 3205, 3073 
4850, 3227, 3074 
4851, 3852, 3074 
4852, 3671, 3076 
4853, 3303, 3077 
4854, 3188, 3078 
4855, 3247, 3079 
4856, 3178, 3081 
4857, 3189, 3086 
4858, 3935, 3086 
4859, 3435, 3088 
4860, 3530, 3089 
4861, 3169, 3090 
4862, 3979, 3092 
4863, 3957, 3093 
4864, 3968, 3097 
4865, 3445, 3101 
4866, 3414, 3102 
4867, 3179, 3103 
4868, 3621, 3103 
4869, 3626, 3103 
4870, 3682, 3104 
4871, 3954, 3104 
4872, 3252, 3109 
4873, 3775, 3116 
4874, 3290, 3119 
4875, 3703, 3126 
4876, 3606, 3130 
4877, 3346, 3138 
4878, 3554, 3139 
4879, 3547, 3141 
4880, 3778, 3141 
4881, 3309, 3144 
4882, 3711, 3144 
4883, 3276, 3147 
4884, 3318, 3149 
4885, 3649, 3149 
4886, 3159, 3154 
4887, 3401, 3154 
4888, 3602, 3158 
4889, 3445, 3161 
4890, 3782, 3162 
4891, 3793, 3165 
4892, 3799, 3165 
4893, 3440, 3167 
4894, 3844, 3169 
4895, 3712, 3175 
4896, 3499, 3176 
4897, 3917, 3177 
4898, 3487, 3178 
4899, 3526, 3179 
4900, 3808, 3179 
4901, 3596, 3180 
4902, 3430, 3181 
4903, 3983, 3183 
4904, 3708, 3184 
4905, 3612, 3185 
4906, 3643, 3187 
4907, 3935, 3189 
4908, 3861, 3190 
4909, 3631, 3192 
4910, 3982, 3192 
4911, 3978, 3196 
4912, 3227, 3197 
4913, 3515, 3197 
4914, 3773, 3200 
4915, 3647, 3203 
4916, 3901, 3205 
4917, 3438, 3206 
4918, 3496, 3207 
4919, 3843, 3207 
4920, 3449, 3209 
4921, 3835, 3209 
4922, 3539, 3211 
4923, 3659, 3211 
4924, 3464, 3216 
4925, 3743, 3217 
4926, 3465, 3218 
4927, 3366, 3220 
4928, 3524, 3220 
4929, 3379, 3225 
4930, 3996, 3226 
4931, 3496, 3232 
4932, 3395, 3234 
4933, 3987, 3234 
4934, 3838, 3239 
4935, 3989, 3239 
4936, 3820, 3251 
4937, 3905, 3255 
4938, 3644, 3256 
4939, 3921, 3256 
4940, 3345, 3259 
4941, 3724, 3259 
4942, 3868, 3259 
4943, 3296, 3260 
4944, 3380, 3261 
4945, 3620, 3263 
4946, 3481, 3264 
4947, 3856, 3266 
4948, 3391, 3268 
4949, 3403, 3268 
4950, 3913, 3268 
4951, 3553, 3269 
4952, 3743, 3269 
4953, 3940, 3270 
4954, 3970, 3272 
4955, 3980, 3277 
4956, 3801, 3278 
4957, 3651, 3279 
4958, 3512, 3282 
4959, 3298, 3286 
4960, 3840, 3287 
4961, 3480, 3290 
4962, 3598, 3293 
4963, 3385, 3295 
4964, 3796, 3296 
4965, 3740, 3298 
4966, 3956, 3301 
4967, 3872, 3302 
4968, 3432, 3306 
4969, 3766, 3307 
4970, 3899, 3312 
4971, 3465, 3313 
4972, 3598, 3313 
4973, 3767, 3317 
4974, 3734, 3320 
4975, 3588, 3330 
4976, 3834, 3333 
4977, 3576, 3335 
4978, 3619, 3337 
4979, 3957, 3337 
4980, 3998, 3337 
4981, 3844, 3345 
4982, 3952, 3351 
4983, 3595, 3352 
4984, 3710, 3355 
4985, 3907, 3357 
4986, 3720, 3358 
4987, 3536, 3364 
4988, 3770, 3367 
4989, 3879, 3367 
4990, 3754, 3370 
4991, 3997, 3372 
4992, 3863, 3374 
4993, 3971, 3374 
4994, 3800, 3377 
4995, 3698, 3381 
4996, 3952, 3381 
4997, 3400, 3382 
4998, 3483, 3384 
4999, 3782, 3387 
5000, 3920, 3388 
5001, 3780, 3390 
5002, 3532, 3395 
5003, 3488, 3396 
5004, 3747, 3401 
5005, 3743, 3404 
5006, 3758, 3404 
5007, 3521, 3406 
5008, 3768, 3413 
5009, 3614, 3414 
5010, 3881, 3417 
5011, 3877, 3422 
5012, 3580, 3423 
5013, 3680, 3431 
5014, 3568, 3434 
5015, 3566, 3438 
5016, 3454, 3443 
5017, 3662, 3444 
5018, 3490, 3446 
5019, 3807, 3448 
5020, 3913, 3448 
5021, 3839, 3452 
5022, 3706, 3456 
5023, 3568, 3458 
5024, 3829, 3459 
5025, 3617, 3464 
5026, 3677, 3466 
5027, 3542, 3467 
5028, 3592, 3468 
5029, 3761, 3468 
5030, 3543, 3470 
5031, 3977, 3470 
5032, 3980, 3474 
5033, 3709, 3475 
5034, 3714, 3475 
5035, 3751, 3475 
5036, 3962, 3476 
5037, 3863, 3477 
5038, 3597, 3478 
5039, 3719, 3479 
5040, 3883, 3485 
5041, 3600, 3489 
5042, 3632, 3490 
5043, 3727, 3490 
5044, 3679, 3491 
5045, 3500, 3493 
5046, 3876, 3496 
5047, 3682, 3497 
5048, 3958, 3497 
5049, 3918, 3500 
5050, 3990, 3500 
5051, 3527, 3501 
5052, 3684, 3503 
5053, 3509, 3504 
5054, 3929, 3507 
5055, 3762, 3509 
5056, 3645, 3518 
5057, 3546, 3519 
5058, 3586, 3520 
5059, 3785, 3521 
5060, 3901, 3521 
5061, 3533, 3522 
5062, 3825, 3525 
5063, 3643, 3530 
5064, 3738, 3534 
5065, 3825, 3539 
5066, 3629, 3541 
5067, 3984, 3545 
5068, 3571, 3546 
5069, 3724, 3546 
5070, 3678, 3547 
5071, 3813, 3547 
5072, 3788, 3552 
5073, 3864, 3552 
5074, 3954, 3558 
5075, 3969, 3558 
5076, 3943, 3563 
5077, 3924, 3564 
5078, 3860, 3569 
5079, 3797, 3572 
5080, 3788, 3573 
5081, 3889, 3576 
5082, 3746, 3581 
5083, 3627, 3584 
5084, 3769, 3591 
5085, 3610, 3593 
5086, 3621, 3596 
5087, 3763, 3599 
5088, 3955, 3603 
5089, 3896, 3605 
5090, 3880, 3631 
5091, 3958, 3631 
5092, 3921, 3640 
5093, 3963, 3642 
5094, 3964, 3642 
5095, 3755, 3654 
5096, 3843, 3654 
5097, 3732, 3656 
5098, 3737, 3660 
5099, 3681, 3667 
5100, 3920, 3668 
5101, 3724, 3669 
5102, 3749, 3672 
5103, 3944, 3673 
5104, 3726, 3685 
5105, 3820, 3688 
5106, 3840, 3690 
5107, 3812, 3695 
5108, 3832, 3697 
5109, 3844, 3698 
5110, 3740, 3700 
5111, 3934, 3709 
5112, 3721, 3710 
5113, 3861, 3712 
5114, 3796, 3716 
5115, 3962, 3725 
5116, 3855, 3731 
5117, 3965, 3736 
5118, 3906, 3739 
5119, 3935, 3741 
5120, 3964, 3741 
5121, 3772, 3746 
5122, 3803, 3747 
5123, 3926, 3752 
5124, 3885, 3759 
5125, 3850, 3760 
5126, 3945, 3761 
5127, 3875, 3764 
5128, 3869, 3767 
5129, 3931, 3771 
5130, 3878, 3774 
5131, 3926, 3778 
5132, 3812, 3789 
5133, 3863, 3811 
5134, 3914, 3819 
5135, 3883, 3847 
5136, 3953, 3882 
5137, 3956, 3905 
5138, 3941, 3919 
5139, 3966, 3940 
5140, 3974, 3960 
5141, 4001, 29 
5142, 4002, 3 
5143, 4003, 47 
5144, 4004, 20 
5145, 4005, 53 
5146, 4006, 49 
5147, 4007, 83 
5148, 4008, 32 
5149, 4009, 135 
5150, 4010, 97 
5151, 4011, 139 
5152, 4012, 129 
5153, 4013, 185 
5154, 4014, 96 
5155, 4015, 200 
5156, 4016, 100 
5157, 4017, 206 
5158, 4018, 1 
5159, 4019, 226 
5160, 4020, 174 
5161, 4021, 232 
5162, 4022, 217 
5163, 4023, 236 
5164, 4024, 196 
5165, 4025, 263 
5166, 4026, 220 
5167, 4027, 264 
5168, 4028, 125 
5169, 4029, 266 
5170, 4030, 233 
5171, 4031, 278 
5172, 4032, 231 
5173, 4033, 291 
5174, 4034, 35 
5175, 4035, 294 
5176, 4036, 148 
5177, 4037, 302 
5178, 4038, 270 
5179, 4039, 305 
5180, 4040, 45 
5181, 4041, 328 
5182, 4042, 306 
5183, 4043, 329 
5184, 4044, 211 
5185, 4045, 329 
5186, 4046, 317 
5187, 4047, 336 
5188, 4048, 110 
5189, 4049, 346 
5190, 4050, 111 
5191, 4051, 351 
5192, 4052, 349 
5193, 4053, 381 
5194, 4054, 245 
5195, 4055, 385 
5196, 4056, 304 
5197, 4057, 394 
5198, 4058, 306 
5199, 4059, 395 
5200, 4060, 21 
5201, 4061, 395 
5202, 4062, 103 
5203, 4063, 400 
5204, 4064, 254 
5205, 4065, 404 
5206, 4066, 375 
5207, 4067, 410 
5208, 4068, 176 
5209, 4069, 423 
5210, 4070, 353 
5211, 4071, 424 
5212, 4072, 305 
5213, 4073, 443 
5214, 4074, 34 
5215, 4075, 453 
5216, 4076, 399 
5217, 4077, 455 
5218, 4078, 254 
5219, 4079, 455 
5220, 4080, 438 
5221, 4081, 457 
5222, 4082, 234 
5223, 4083, 467 
5224, 4084, 204 
5225, 4085, 474 
5226, 4086, 181 
5227, 4087, 480 
5228, 4088, 282 
5229, 4089, 481 
5230, 4090, 6 
5231, 4091, 484 
5232, 4092, 340 
5233, 4093, 487 
5234, 4094, 259 
5235, 4095, 496 
5236, 4096, 414 
5237, 4097, 497 
5238, 4098, 298 
5239, 4099, 519 
5240, 4100, 85 
5241, 4101, 521 
5242, 4102, 175 
5243, 4103, 521 
5244, 4104, 517 
5245, 4105, 522 
5246, 4106, 270 
5247, 4107, 528 
5248, 4108, 109 
5249, 4109, 536 
5250, 4110, 88 
5251, 4111, 536 
5252, 4112, 138 
5253, 4113, 538 
5254, 4114, 283 
5255, 4115, 543 
5256, 4116, 156 
5257, 4117, 544 
5258, 4118, 464 
5259, 4119, 545 
5260, 4120, 425 
5261, 4121, 546 
5262, 4122, 160 
5263, 4123, 546 
5264, 4124, 254 
5265, 4125, 546 
5266, 4126, 424 
5267, 4127, 553 
5268, 4128, 130 
5269, 4129, 555 
5270, 4130, 341 
5271, 4131, 577 
5272, 4132, 459 
5273, 4133, 584 
5274, 4134, 424 
5275, 4135, 598 
5276, 4136, 194 
5277, 4137, 605 
5278, 4138, 104 
5279, 4139, 607 
5280, 4140, 409 
5281, 4141, 609 
5282, 4142, 257 
5283, 4143, 611 
5284, 4144, 179 
5285, 4145, 616 
5286, 4146, 158 
5287, 4147, 617 
5288, 4148, 603 
5289, 4149, 619 
5290, 4150, 516 
5291, 4151, 623 
5292, 4152, 41 
5293, 4153, 628 
5294, 4154, 473 
5295, 4155, 642 
5296, 4156, 137 
5297, 4157, 646 
5298, 4158, 110 
5299, 4159, 647 
5300, 4160, 423 
5301, 4161, 650 
5302, 4162, 103 
5303, 4163, 662 
5304, 4164, 419 
5305, 4165, 663 
5306, 4166, 547 
5307, 4167, 664 
5308, 4168, 83 
5309, 4169, 665 
5310, 4170, 442 
5311, 4171, 668 
5312, 4172, 436 
5313, 4173, 669 
5314, 4174, 64 
5315, 4175, 672 
5316, 4176, 138 
5317, 4177, 681 
5318, 4178, 333 
5319, 4179, 685 
5320, 4180, 425 
5321, 4181, 688 
5322, 4182, 521 
5323, 4183, 689 
5324, 4184, 138 
5325, 4185, 689 
5326, 4186, 147 
5327, 4187, 692 
5328, 4188, 666 
5329, 4189, 693 
5330, 4190, 251 
5331, 4191, 696 
5332, 4192, 349 
5333, 4193, 699 
5334, 4194, 364 
5335, 4195, 702 
5336, 4196, 65 
5337, 4197, 709 
5338, 4198, 213 
5339, 4199, 712 
5340, 4200, 690 
5341, 4201, 719 
5342, 4202, 448 
5343, 4203, 722 
5344, 4204, 297 
5345, 4205, 728 
5346, 4206, 149 
5347, 4207, 730 
5348, 4208, 665 
5349, 4209, 736 
5350, 4210, 83 
5351, 4211, 736 
5352, 4212, 569 
5353, 4213, 741 
5354, 4214, 551 
5355, 4215, 746 
5356, 4216, 492 
5357, 4217, 752 
5358, 4218, 611 
5359, 4219, 752 
5360, 4220, 647 
5361, 4221, 753 
5362, 4222, 305 
5363, 4223, 753 
5364, 4224, 492 
5365, 4225, 755 
5366, 4226, 91 
5367, 4227, 761 
5368, 4228, 121 
5369, 4229, 764 
5370, 4230, 270 
5371, 4231, 772 
5372, 4232, 656 
5373, 4233, 774 
5374, 4234, 163 
5375, 4235, 774 
5376, 4236, 347 
5377, 4237, 776 
5378, 4238, 757 
5379, 4239, 783 
5380, 4240, 497 
5381, 4241, 791 
5382, 4242, 370 
5383, 4243, 798 
5384, 4244, 164 
5385, 4245, 802 
5386, 4246, 97 
5387, 4247, 803 
5388, 4248, 719 
5389, 4249, 810 
5390, 4250, 385 
5391, 4251, 813 
5392, 4252, 253 
5393, 4253, 816 
5394, 4254, 218 
5395, 4255, 823 
5396, 4256, 300 
5397, 4257, 823 
5398, 4258, 667 
5399, 4259, 825 
5400, 4260, 52 
5401, 4261, 825 
5402, 4262, 601 
5403, 4263, 835 
5404, 4264, 765 
5405, 4265, 840 
5406, 4266, 203 
5407, 4267, 848 
5408, 4268, 148 
5409, 4269, 849 
5410, 4270, 160 
5411, 4271, 854 
5412, 4272, 495 
5413, 4273, 860 
5414, 4274, 170 
5415, 4275, 868 
5416, 4276, 533 
5417, 4277, 869 
5418, 4278, 271 
5419, 4279, 870 
5420, 4280, 59 
5421, 4281, 874 
5422, 4282, 866 
5423, 4283, 875 
5424, 4284, 161 
5425, 4285, 879 
5426, 4286, 320 
5427, 4287, 883 
5428, 4288, 604 
5429, 4289, 889 
5430, 4290, 55 
5431, 4291, 892 
5432, 4292, 332 
5433, 4293, 900 
5434, 4294, 123 
5435, 4295, 900 
5436, 4296, 666 
5437, 4297, 901 
5438, 4298, 192 
5439, 4299, 904 
5440, 4300, 305 
5441, 4301, 904 
5442, 4302, 453 
5443, 4303, 905 
5444, 4304, 588 
5445, 4305, 911 
5446, 4306, 156 
5447, 4307, 919 
5448, 4308, 723 
5449, 4309, 925 
5450, 4310, 753 
5451, 4311, 931 
5452, 4312, 382 
5453, 4313, 933 
5454, 4314, 54 
5455, 4315, 933 
5456, 4316, 126 
5457, 4317, 935 
5458, 4318, 710 
5459, 4319, 938 
5460, 4320, 308 
5461, 4321, 938 
5462, 4322, 503 
5463, 4323, 943 
5464, 4324, 57 
5465, 4325, 950 
5466, 4326, 377 
5467, 4327, 951 
5468, 4328, 144 
5469, 4329, 957 
5470, 4330, 614 
5471, 4331, 962 
5472, 4332, 786 
5473, 4333, 972 
5474, 4334, 582 
5475, 4335, 983 
5476, 4336, 904 
5477, 4337, 989 
5478, 4338, 719 
5479, 4339, 990 
5480, 4340, 558 
5481, 4341, 992 
5482, 4342, 453 
5483, 4343, 993 
5484, 4344, 582 
5485, 4345, 994 
5486, 4346, 377 
5487, 4347, 999 
5488, 4348, 147 
5489, 4349, 1004 
5490, 4350, 10 
5491, 4351, 1006 
5492, 4352, 762 
5493, 4353, 1008 
5494, 4354, 608 
5495, 4355, 1010 
5496, 4356, 605 
5497, 4357, 1010 
5498, 4358, 618 
5499, 4359, 1011 
5500, 4360, 237 
5501, 4361, 1013 
5502, 4362, 772 
5503, 4363, 1013 
5504, 4364, 794 
5505, 4365, 1018 
5506, 4366, 975 
5507, 4367, 1019 
5508, 4368, 698 
5509, 4369, 1020 
5510, 4370, 584 
5511, 4371, 1025 
5512, 4372, 895 
5513, 4373, 1032 
5514, 4374, 271 
5515, 4375, 1032 
5516, 4376, 530 
5517, 4377, 1041 
5518, 4378, 465 
5519, 4379, 1045 
5520, 4380, 549 
5521, 4381, 1046 
5522, 4382, 275 
5523, 4383, 1046 
5524, 4384, 631 
5525, 4385, 1049 
5526, 4386, 703 
5527, 4387, 1049 
5528, 4388, 875 
5529, 4389, 1049 
5530, 4390, 909 
5531, 4391, 1050 
5532, 4392, 458 
5533, 4393, 1053 
5534, 4394, 776 
5535, 4395, 1053 
5536, 4396, 877 
5537, 4397, 1060 
5538, 4398, 1009 
5539, 4399, 1063 
5540, 4400, 479 
5541, 4401, 1067 
5542, 4402, 798 
5543, 4403, 1069 
5544, 4404, 225 
5545, 4405, 1070 
5546, 4406, 244 
5547, 4407, 1070 
5548, 4408, 498 
5549, 4409, 1075 
5550, 4410, 99 
5551, 4411, 1077 
5552, 4412, 554 
5553, 4413, 1078 
5554, 4414, 618 
5555, 4415, 1081 
5556, 4416, 562 
5557, 4417, 1085 
5558, 4418, 919 
5559, 4419, 1087 
5560, 4420, 911 
5561, 4421, 1091 
5562, 4422, 873 
5563, 4423, 1092 
5564, 4424, 218 
5565, 4425, 1092 
5566, 4426, 1012 
5567, 4427, 1098 
5568, 4428, 194 
5569, 4429, 1099 
5570, 4430, 597 
5571, 4431, 1100 
5572, 4432, 547 
5573, 4433, 1106 
5574, 4434, 220 
5575, 4435, 1107 
5576, 4436, 1057 
5577, 4437, 1108 
5578, 4438, 369 
5579, 4439, 1108 
5580, 4440, 574 
5581, 4441, 1109 
5582, 4442, 640 
5583, 4443, 1115 
5584, 4444, 165 
5585, 4445, 1115 
5586, 4446, 820 
5587, 4447, 1117 
5588, 4448, 854 
5589, 4449, 1120 
5590, 4450, 1025 
5591, 4451, 1121 
5592, 4452, 131 
5593, 4453, 1121 
5594, 4454, 610 
5595, 4455, 1123 
5596, 4456, 1066 
5597, 4457, 1130 
5598, 4458, 358 
5599, 4459, 1131 
5600, 4460, 694 
5601, 4461, 1133 
5602, 4462, 244 
5603, 4463, 1133 
5604, 4464, 664 
5605, 4465, 1135 
5606, 4466, 398 
5607, 4467, 1136 
5608, 4468, 930 
5609, 4469, 1142 
5610, 4470, 645 
5611, 4471, 1142 
5612, 4472, 940 
5613, 4473, 1144 
5614, 4474, 597 
5615, 4475, 1146 
5616, 4476, 1 
5617, 4477, 1147 
5618, 4478, 827 
5619, 4479, 1150 
5620, 4480, 69 
5621, 4481, 1152 
5622, 4482, 656 
5623, 4483, 1152 
5624, 4484, 681 
5625, 4485, 1153 
5626, 4486, 68 
5627, 4487, 1158 
5628, 4488, 445 
5629, 4489, 1158 
5630, 4490, 975 
5631, 4491, 1164 
5632, 4492, 954 
5633, 4493, 1165 
5634, 4494, 1145 
5635, 4495, 1168 
5636, 4496, 102 
5637, 4497, 1168 
5638, 4498, 535 
5639, 4499, 1176 
5640, 4500, 454 
5641, 4501, 1176 
5642, 4502, 487 
5643, 4503, 1177 
5644, 4504, 1074 
5645, 4505, 1179 
5646, 4506, 13 
5647, 4507, 1180 
5648, 4508, 46 
5649, 4509, 1186 
5650, 4510, 1092 
5651, 4511, 1187 
5652, 4512, 949 
5653, 4513, 1190 
5654, 4514, 1044 
5655, 4515, 1191 
5656, 4516, 358 
5657, 4517, 1193 
5658, 4518, 450 
5659, 4519, 1196 
5660, 4520, 1186 
5661, 4521, 1204 
5662, 4522, 90 
5663, 4523, 1205 
5664, 4524, 1204 
5665, 4525, 1206 
5666, 4526, 783 
5667, 4527, 1207 
5668, 4528, 184 
5669, 4529, 1208 
5670, 4530, 6 
5671, 4531, 1209 
5672, 4532, 447 
5673, 4533, 1209 
5674, 4534, 463 
5675, 4535, 1211 
5676, 4536, 611 
5677, 4537, 1211 
5678, 4538, 637 
5679, 4539, 1213 
5680, 4540, 347 
5681, 4541, 1214 
5682, 4542, 457 
5683, 4543, 1216 
5684, 4544, 258 
5685, 4545, 1221 
5686, 4546, 609 
5687, 4547, 1222 
5688, 4548, 60 
5689, 4549, 1223 
5690, 4550, 993 
5691, 4551, 1225 
5692, 4552, 238 
5693, 4553, 1228 
5694, 4554, 980 
5695, 4555, 1229 
5696, 4556, 573 
5697, 4557, 1229 
5698, 4558, 771 
5699, 4559, 1232 
5700, 4560, 191 
5701, 4561, 1234 
5702, 4562, 343 
5703, 4563, 1236 
5704, 4564, 52 
5705, 4565, 1236 
5706, 4566, 767 
5707, 4567, 1241 
5708, 4568, 1018 
5709, 4569, 1242 
5710, 4570, 475 
5711, 4571, 1242 
5712, 4572, 627 
5713, 4573, 1246 
5714, 4574, 1072 
5715, 4575, 1249 
5716, 4576, 786 
5717, 4577, 1249 
5718, 4578, 1231 
5719, 4579, 1251 
5720, 4580, 386 
5721, 4581, 1252 
5722, 4582, 640 
5723, 4583, 1254 
5724, 4584, 139 
5725, 4585, 1254 
5726, 4586, 752 
5727, 4587, 1257 
5728, 4588, 1077 
5729, 4589, 1260 
5730, 4590, 142 
5731, 4591, 1260 
5732, 4592, 145 
5733, 4593, 1260 
5734, 4594, 1016 
5735, 4595, 1262 
5736, 4596, 454 
5737, 4597, 1262 
5738, 4598, 1158 
5739, 4599, 1264 
5740, 4600, 692 
5741, 4601, 1267 
5742, 4602, 337 
5743, 4603, 1267 
5744, 4604, 478 
5745, 4605, 1267 
5746, 4606, 1127 
5747, 4607, 1270 
5748, 4608, 340 
5749, 4609, 1272 
5750, 4610, 391 
5751, 4611, 1276 
5752, 4612, 1096 
5753, 4613, 1278 
5754, 4614, 1050 
5755, 4615, 1279 
5756, 4616, 351 
5757, 4617, 1279 
5758, 4618, 436 
5759, 4619, 1283 
5760, 4620, 1182 
5761, 4621, 1288 
5762, 4622, 1058 
5763, 4623, 1293 
5764, 4624, 711 
5765, 4625, 1293 
5766, 4626, 946 
5767, 4627, 1297 
5768, 4628, 128 
5769, 4629, 1297 
5770, 4630, 996 
5771, 4631, 1297 
5772, 4632, 1031 
5773, 4633, 1298 
5774, 4634, 280 
5775, 4635, 1299 
5776, 4636, 1060 
5777, 4637, 1300 
5778, 4638, 348 
5779, 4639, 1300 
5780, 4640, 1019 
5781, 4641, 1301 
5782, 4642, 179 
5783, 4643, 1309 
5784, 4644, 252 
5785, 4645, 1312 
5786, 4646, 1221 
5787, 4647, 1314 
5788, 4648, 1134 
5789, 4649, 1315 
5790, 4650, 927 
5791, 4651, 1317 
5792, 4652, 848 
5793, 4653, 1318 
5794, 4654, 314 
5795, 4655, 1323 
5796, 4656, 598 
5797, 4657, 1324 
5798, 4658, 177 
5799, 4659, 1325 
5800, 4660, 121 
5801, 4661, 1326 
5802, 4662, 1214 
5803, 4663, 1327 
5804, 4664, 102 
5805, 4665, 1328 
5806, 4666, 752 
5807, 4667, 1328 
5808, 4668, 1173 
5809, 4669, 1329 
5810, 4670, 416 
5811, 4671, 1339 
5812, 4672, 687 
5813, 4673, 1346 
5814, 4674, 153 
5815, 4675, 1348 
5816, 4676, 940 
5817, 4677, 1348 
5818, 4678, 970 
5819, 4679, 1349 
5820, 4680, 1052 
5821, 4681, 1356 
5822, 4682, 784 
5823, 4683, 1358 
5824, 4684, 715 
5825, 4685, 1363 
5826, 4686, 1211 
5827, 4687, 1365 
5828, 4688, 460 
5829, 4689, 1366 
5830, 4690, 133 
5831, 4691, 1366 
5832, 4692, 765 
5833, 4693, 1371 
5834, 4694, 217 
5835, 4695, 1374 
5836, 4696, 695 
5837, 4697, 1379 
5838, 4698, 412 
5839, 4699, 1385 
5840, 4700, 907 
5841, 4701, 1389 
5842, 4702, 1331 
5843, 4703, 1395 
5844, 4704, 1081 
5845, 4705, 1396 
5846, 4706, 10 
5847, 4707, 1397 
5848, 4708, 21 
5849, 4709, 1399 
5850, 4710, 986 
5851, 4711, 1400 
5852, 4712, 358 
5853, 4713, 1400 
5854, 4714, 1327 
5855, 4715, 1405 
5856, 4716, 230 
5857, 4717, 1406 
5858, 4718, 1014 
5859, 4719, 1410 
5860, 4720, 817 
5861, 4721, 1411 
5862, 4722, 744 
5863, 4723, 1411 
5864, 4724, 1327 
5865, 4725, 1412 
5866, 4726, 1031 
5867, 4727, 1414 
5868, 4728, 419 
5869, 4729, 1414 
5870, 4730, 880 
5871, 4731, 1414 
5872, 4732, 1332 
5873, 4733, 1415 
5874, 4734, 573 
5875, 4735, 1415 
5876, 4736, 709 
5877, 4737, 1417 
5878, 4738, 13 
5879, 4739, 1417 
5880, 4740, 424 
5881, 4741, 1417 
5882, 4742, 491 
5883, 4743, 1419 
5884, 4744, 934 
5885, 4745, 1419 
5886, 4746, 1403 
5887, 4747, 1420 
5888, 4748, 520 
5889, 4749, 1420 
5890, 4750, 1031 
5891, 4751, 1422 
5892, 4752, 947 
5893, 4753, 1424 
5894, 4754, 206 
5895, 4755, 1424 
5896, 4756, 1375 
5897, 4757, 1425 
5898, 4758, 267 
5899, 4759, 1428 
5900, 4760, 517 
5901, 4761, 1429 
5902, 4762, 118 
5903, 4763, 1429 
5904, 4764, 1172 
5905, 4765, 1436 
5906, 4766, 802 
5907, 4767, 1436 
5908, 4768, 825 
5909, 4769, 1437 
5910, 4770, 53 
5911, 4771, 1438 
5912, 4772, 802 
5913, 4773, 1443 
5914, 4774, 1363 
5915, 4775, 1444 
5916, 4776, 1109 
5917, 4777, 1447 
5918, 4778, 906 
5919, 4779, 1448 
5920, 4780, 724 
5921, 4781, 1449 
5922, 4782, 1349 
5923, 4783, 1450 
5924, 4784, 1141 
5925, 4785, 1459 
5926, 4786, 594 
5927, 4787, 1460 
5928, 4788, 1000 
5929, 4789, 1464 
5930, 4790, 436 
5931, 4791, 1464 
5932, 4792, 1259 
5933, 4793, 1466 
5934, 4794, 1231 
5935, 4795, 1467 
5936, 4796, 847 
5937, 4797, 1470 
5938, 4798, 1125 
5939, 4799, 1477 
5940, 4800, 872 
5941, 4801, 1477 
5942, 4802, 1424 
5943, 4803, 1479 
5944, 4804, 263 
5945, 4805, 1483 
5946, 4806, 48 
5947, 4807, 1485 
5948, 4808, 631 
5949, 4809, 1493 
5950, 4810, 382 
5951, 4811, 1493 
5952, 4812, 888 
5953, 4813, 1495 
5954, 4814, 1418 
5955, 4815, 1497 
5956, 4816, 479 
5957, 4817, 1499 
5958, 4818, 802 
5959, 4819, 1499 
5960, 4820, 932 
5961, 4821, 1500 
5962, 4822, 384 
5963, 4823, 1502 
5964, 4824, 967 
5965, 4825, 1503 
5966, 4826, 476 
5967, 4827, 1507 
5968, 4828, 706 
5969, 4829, 1511 
5970, 4830, 275 
5971, 4831, 1512 
5972, 4832, 755 
5973, 4833, 1517 
5974, 4834, 137 
5975, 4835, 1520 
5976, 4836, 954 
5977, 4837, 1523 
5978, 4838, 82 
5979, 4839, 1523 
5980, 4840, 977 
5981, 4841, 1524 
5982, 4842, 49 
5983, 4843, 1525 
5984, 4844, 447 
5985, 4845, 1526 
5986, 4846, 634 
5987, 4847, 1526 
5988, 4848, 813 
5989, 4849, 1527 
5990, 4850, 258 
5991, 4851, 1527 
5992, 4852, 1495 
5993, 4853, 1529 
5994, 4854, 90 
5995, 4855, 1531 
5996, 4856, 264 
5997, 4857, 1531 
5998, 4858, 491 
5999, 4859, 1531 
6000, 4860, 763 
6001, 4861, 1533 
6002, 4862, 94 
6003, 4863, 1533 
6004, 4864, 160 
6005, 4865, 1534 
6006, 4866, 927 
6007, 4867, 1535 
6008, 4868, 653 
6009, 4869, 1535 
6010, 4870, 1280 
6011, 4871, 1535 
6012, 4872, 1508 
6013, 4873, 1537 
6014, 4874, 895 
6015, 4875, 1538 
6016, 4876, 109 
6017, 4877, 1539 
6018, 4878, 559 
6019, 4879, 1543 
6020, 4880, 133 
6021, 4881, 1544 
6022, 4882, 608 
6023, 4883, 1544 
6024, 4884, 1042 
6025, 4885, 1545 
6026, 4886, 1397 
6027, 4887, 1547 
6028, 4888, 1206 
6029, 4889, 1552 
6030, 4890, 41 
6031, 4891, 1553 
6032, 4892, 1446 
6033, 4893, 1553 
6034, 4894, 1529 
6035, 4895, 1556 
6036, 4896, 200 
6037, 4897, 1558 
6038, 4898, 360 
6039, 4899, 1558 
6040, 4900, 691 
6041, 4901, 1559 
6042, 4902, 137 
6043, 4903, 1559 
6044, 4904, 1185 
6045, 4905, 1562 
6046, 4906, 731 
6047, 4907, 1563 
6048, 4908, 530 
6049, 4909, 1563 
6050, 4910, 803 
6051, 4911, 1564 
6052, 4912, 160 
6053, 4913, 1565 
6054, 4914, 786 
6055, 4915, 1567 
6056, 4916, 1250 
6057, 4917, 1569 
6058, 4918, 931 
6059, 4919, 1573 
6060, 4920, 952 
6061, 4921, 1574 
6062, 4922, 1264 
6063, 4923, 1577 
6064, 4924, 624 
6065, 4925, 1581 
6066, 4926, 872 
6067, 4927, 1581 
6068, 4928, 1266 
6069, 4929, 1582 
6070, 4930, 432 
6071, 4931, 1583 
6072, 4932, 1068 
6073, 4933, 1583 
6074, 4934, 1222 
6075, 4935, 1585 
6076, 4936, 225 
6077, 4937, 1585 
6078, 4938, 1312 
6079, 4939, 1590 
6080, 4940, 347 
6081, 4941, 1596 
6082, 4942, 371 
6083, 4943, 1597 
6084, 4944, 768 
6085, 4945, 1598 
6086, 4946, 9 
6087, 4947, 1600 
6088, 4948, 1064 
6089, 4949, 1602 
6090, 4950, 189 
6091, 4951, 1602 
6092, 4952, 924 
6093, 4953, 1602 
6094, 4954, 1122 
6095, 4955, 1603 
6096, 4956, 612 
6097, 4957, 1609 
6098, 4958, 11 
6099, 4959, 1611 
6100, 4960, 378 
6101, 4961, 1615 
6102, 4962, 502 
6103, 4963, 1615 
6104, 4964, 689 
6105, 4965, 1617 
6106, 4966, 361 
6107, 4967, 1617 
6108, 4968, 823 
6109, 4969, 1618 
6110, 4970, 267 
6111, 4971, 1619 
6112, 4972, 109 
6113, 4973, 1621 
6114, 4974, 1273 
6115, 4975, 1624 
6116, 4976, 618 
6117, 4977, 1625 
6118, 4978, 587 
6119, 4979, 1627 
6120, 4980, 442 
6121, 4981, 1628 
6122, 4982, 701 
6123, 4983, 1630 
6124, 4984, 929 
6125, 4985, 1630 
6126, 4986, 1549 
6127, 4987, 1635 
6128, 4988, 457 
6129, 4989, 1635 
6130, 4990, 1523 
6131, 4991, 1638 
6132, 4992, 1381 
6133, 4993, 1638 
6134, 4994, 1461 
6135, 4995, 1639 
6136, 4996, 1538 
6137, 4997, 1641 
6138, 4998, 434 
6139, 4999, 1649 
6140, 5000, 932 
6141, 5001, 1650 
6142, 5002, 441 
6143, 5003, 1657 
6144, 5004, 209 
6145, 5005, 1657 
6146, 5006, 1025 
6147, 5007, 1657 
6148, 5008, 1539 
6149, 5009, 1658 
6150, 5010, 1126 
6151, 5011, 1660 
6152, 5012, 350 
6153, 5013, 1661 
6154, 5014, 1207 
6155, 5015, 1664 
6156, 5016, 310 
6157, 5017, 1664 
6158, 5018, 898 
6159, 5019, 1666 
6160, 5020, 704 
6161, 5021, 1666 
6162, 5022, 944 
6163, 5023, 1668 
6164, 5024, 785 
6165, 5025, 1671 
6166, 5026, 1052 
6167, 5027, 1674 
6168, 5028, 54 
6169, 5029, 1675 
6170, 5030, 52 
6171, 5031, 1675 
6172, 5032, 1522 
6173, 5033, 1680 
6174, 5034, 172 
6175, 5035, 1680 
6176, 5036, 774 
6177, 5037, 1686 
6178, 5038, 544 
6179, 5039, 1687 
6180, 5040, 931 
6181, 5041, 1688 
6182, 5042, 1003 
6183, 5043, 1694 
6184, 5044, 90 
6185, 5045, 1697 
6186, 5046, 200 
6187, 5047, 1697 
6188, 5048, 1457 
6189, 5049, 1698 
6190, 5050, 1366 
6191, 5051, 1700 
6192, 5052, 851 
6193, 5053, 1701 
6194, 5054, 477 
6195, 5055, 1701 
6196, 5056, 1378 
6197, 5057, 1701 
6198, 5058, 1444 
6199, 5059, 1704 
6200, 5060, 1483 
6201, 5061, 1707 
6202, 5062, 541 
6203, 5063, 1708 
6204, 5064, 874 
6205, 5065, 1709 
6206, 5066, 1141 
6207, 5067, 1712 
6208, 5068, 33 
6209, 5069, 1713 
6210, 5070, 199 
6211, 5071, 1713 
6212, 5072, 1107 
6213, 5073, 1714 
6214, 5074, 459 
6215, 5075, 1714 
6216, 5076, 919 
6217, 5077, 1715 
6218, 5078, 244 
6219, 5079, 1715 
6220, 5080, 1197 
6221, 5081, 1716 
6222, 5082, 1070 
6223, 5083, 1718 
6224, 5084, 1684 
6225, 5085, 1720 
6226, 5086, 995 
6227, 5087, 1721 
6228, 5088, 76 
6229, 5089, 1723 
6230, 5090, 1286 
6231, 5091, 1725 
6232, 5092, 1281 
6233, 5093, 1728 
6234, 5094, 538 
6235, 5095, 1729 
6236, 5096, 1673 
6237, 5097, 1731 
6238, 5098, 889 
6239, 5099, 1734 
6240, 5100, 1051 
6241, 5101, 1735 
6242, 5102, 1220 
6243, 5103, 1736 
6244, 5104, 936 
6245, 5105, 1736 
6246, 5106, 1534 
6247, 5107, 1737 
6248, 5108, 1686 
6249, 5109, 1738 
6250, 5110, 33 
6251, 5111, 1739 
6252, 5112, 158 
6253, 5113, 1740 
6254, 5114, 730 
6255, 5115, 1741 
6256, 5116, 475 
6257, 5117, 1742 
6258, 5118, 1251 
6259, 5119, 1743 
6260, 5120, 1498 
6261, 5121, 1745 
6262, 5122, 731 
6263, 5123, 1746 
6264, 5124, 251 
6265, 5125, 1748 
6266, 5126, 683 
6267, 5127, 1749 
6268, 5128, 1716 
6269, 5129, 1754 
6270, 5130, 953 
6271, 5131, 1757 
6272, 5132, 177 
6273, 5133, 1760 
6274, 5134, 1439 
6275, 5135, 1761 
6276, 5136, 633 
6277, 5137, 1763 
6278, 5138, 731 
6279, 5139, 1763 
6280, 5140, 1611 
6281, 5141, 1766 
6282, 5142, 245 
6283, 5143, 1768 
6284, 5144, 788 
6285, 5145, 1769 
6286, 5146, 1171 
6287, 5147, 1769 
6288, 5148, 1398 
6289, 5149, 1769 
6290, 5150, 1522 
6291, 5151, 1772 
6292, 5152, 1314 
6293, 5153, 1773 
6294, 5154, 415 
6295, 5155, 1773 
6296, 5156, 896 
6297, 5157, 1775 
6298, 5158, 510 
6299, 5159, 1777 
6300, 5160, 529 
6301, 5161, 1778 
6302, 5162, 1592 
6303, 5163, 1778 
6304, 5164, 1735 
6305, 5165, 1783 
6306, 5166, 1460 
6307, 5167, 1784 
6308, 5168, 850 
6309, 5169, 1784 
6310, 5170, 1680 
6311, 5171, 1793 
6312, 5172, 1113 
6313, 5173, 1795 
6314, 5174, 1088 
6315, 5175, 1796 
6316, 5176, 618 
6317, 5177, 1798 
6318, 5178, 245 
6319, 5179, 1799 
6320, 5180, 243 
6321, 5181, 1799 
6322, 5182, 893 
6323, 5183, 1799 
6324, 5184, 1390 
6325, 5185, 1801 
6326, 5186, 1456 
6327, 5187, 1803 
6328, 5188, 1505 
6329, 5189, 1806 
6330, 5190, 82 
6331, 5191, 1806 
6332, 5192, 810 
6333, 5193, 1806 
6334, 5194, 1564 
6335, 5195, 1809 
6336, 5196, 1005 
6337, 5197, 1810 
6338, 5198, 858 
6339, 5199, 1812 
6340, 5200, 470 
6341, 5201, 1812 
6342, 5202, 870 
6343, 5203, 1813 
6344, 5204, 708 
6345, 5205, 1813 
6346, 5206, 1635 
6347, 5207, 1815 
6348, 5208, 402 
6349, 5209, 1818 
6350, 5210, 1100 
6351, 5211, 1823 
6352, 5212, 1720 
6353, 5213, 1825 
6354, 5214, 66 
6355, 5215, 1826 
6356, 5216, 705 
6357, 5217, 1828 
6358, 5218, 398 
6359, 5219, 1829 
6360, 5220, 1283 
6361, 5221, 1832 
6362, 5222, 876 
6363, 5223, 1835 
6364, 5224, 155 
6365, 5225, 1836 
6366, 5226, 18 
6367, 5227, 1836 
6368, 5228, 553 
6369, 5229, 1836 
6370, 5230, 845 
6371, 5231, 1839 
6372, 5232, 761 
6373, 5233, 1842 
6374, 5234, 314 
6375, 5235, 1849 
6376, 5236, 22 
6377, 5237, 1851 
6378, 5238, 875 
6379, 5239, 1854 
6380, 5240, 278 
6381, 5241, 1857 
6382, 5242, 1260 
6383, 5243, 1858 
6384, 5244, 185 
6385, 5245, 1858 
6386, 5246, 1098 
6387, 5247, 1866 
6388, 5248, 992 
6389, 5249, 1867 
6390, 5250, 1222 
6391, 5251, 1871 
6392, 5252, 1861 
6393, 5253, 1874 
6394, 5254, 995 
6395, 5255, 1874 
6396, 5256, 1333 
6397, 5257, 1878 
6398, 5258, 880 
6399, 5259, 1878 
6400, 5260, 1147 
6401, 5261, 1879 
6402, 5262, 1446 
6403, 5263, 1881 
6404, 5264, 987 
6405, 5265, 1882 
6406, 5266, 1688 
6407, 5267, 1883 
6408, 5268, 1665 
6409, 5269, 1883 
6410, 5270, 1833 
6411, 5271, 1884 
6412, 5272, 1494 
6413, 5273, 1888 
6414, 5274, 164 
6415, 5275, 1891 
6416, 5276, 1085 
6417, 5277, 1892 
6418, 5278, 1783 
6419, 5279, 1893 
6420, 5280, 991 
6421, 5281, 1897 
6422, 5282, 441 
6423, 5283, 1900 
6424, 5284, 1487 
6425, 5285, 1902 
6426, 5286, 1048 
6427, 5287, 1904 
6428, 5288, 1339 
6429, 5289, 1905 
6430, 5290, 667 
6431, 5291, 1906 
6432, 5292, 21 
6433, 5293, 1906 
6434, 5294, 1195 
6435, 5295, 1906 
6436, 5296, 1378 
6437, 5297, 1908 
6438, 5298, 1799 
6439, 5299, 1909 
6440, 5300, 44 
6441, 5301, 1911 
6442, 5302, 722 
6443, 5303, 1913 
6444, 5304, 1569 
6445, 5305, 1913 
6446, 5306, 1692 
6447, 5307, 1916 
6448, 5308, 361 
6449, 5309, 1917 
6450, 5310, 1706 
6451, 5311, 1919 
6452, 5312, 409 
6453, 5313, 1919 
6454, 5314, 996 
6455, 5315, 1923 
6456, 5316, 1794 
6457, 5317, 1924 
6458, 5318, 1382 
6459, 5319, 1924 
6460, 5320, 1804 
6461, 5321, 1925 
6462, 5322, 1891 
6463, 5323, 1926 
6464, 5324, 964 
6465, 5325, 1926 
6466, 5326, 1526 
6467, 5327, 1927 
6468, 5328, 765 
6469, 5329, 1930 
6470, 5330, 1363 
6471, 5331, 1931 
6472, 5332, 1801 
6473, 5333, 1932 
6474, 5334, 413 
6475, 5335, 1932 
6476, 5336, 1317 
6477, 5337, 1934 
6478, 5338, 517 
6479, 5339, 1934 
6480, 5340, 1618 
6481, 5341, 1935 
6482, 5342, 1904 
6483, 5343, 1936 
6484, 5344, 1323 
6485, 5345, 1938 
6486, 5346, 169 
6487, 5347, 1939 
6488, 5348, 1764 
6489, 5349, 1941 
6490, 5350, 1862 
6491, 5351, 1946 
6492, 5352, 579 
6493, 5353, 1948 
6494, 5354, 213 
6495, 5355, 1948 
6496, 5356, 658 
6497, 5357, 1949 
6498, 5358, 1741 
6499, 5359, 1950 
6500, 5360, 970 
6501, 5361, 1950 
6502, 5362, 1418 
6503, 5363, 1953 
6504, 5364, 811 
6505, 5365, 1953 
6506, 5366, 1396 
6507, 5367, 1956 
6508, 5368, 127 
6509, 5369, 1960 
6510, 5370, 964 
6511, 5371, 1960 
6512, 5372, 1830 
6513, 5373, 1961 
6514, 5374, 39 
6515, 5375, 1961 
6516, 5376, 720 
6517, 5377, 1965 
6518, 5378, 372 
6519, 5379, 1965 
6520, 5380, 544 
6521, 5381, 1973 
6522, 5382, 1624 
6523, 5383, 1976 
6524, 5384, 1113 
6525, 5385, 1980 
6526, 5386, 325 
6527, 5387, 1981 
6528, 5388, 1609 
6529, 5389, 1981 
6530, 5390, 1738 
6531, 5391, 1985 
6532, 5392, 990 
6533, 5393, 1985 
6534, 5394, 1158 
6535, 5395, 1986 
6536, 5396, 1188 
6537, 5397, 1995 
6538, 5398, 14 
6539, 5399, 1997 
6540, 5400, 1131 
6541, 5401, 1998 
6542, 5402, 102 
6543, 5403, 1998 
6544, 5404, 116 
6545, 5405, 1999 
6546, 5406, 1843 
6547, 5407, 2000 
6548, 5408, 1902 
6549, 5409, 2000 
6550, 5410, 1913 
6551, 5411, 2001 
6552, 5412, 249 
6553, 5413, 2002 
6554, 5414, 742 
6555, 5415, 2007 
6556, 5416, 432 
6557, 5417, 2009 
6558, 5418, 1640 
6559, 5419, 2011 
6560, 5420, 1580 
6561, 5421, 2013 
6562, 5422, 943 
6563, 5423, 2014 
6564, 5424, 130 
6565, 5425, 2014 
6566, 5426, 185 
6567, 5427, 2014 
6568, 5428, 1146 
6569, 5429, 2015 
6570, 5430, 312 
6571, 5431, 2016 
6572, 5432, 698 
6573, 5433, 2017 
6574, 5434, 251 
6575, 5435, 2019 
6576, 5436, 1023 
6577, 5437, 2022 
6578, 5438, 338 
6579, 5439, 2024 
6580, 5440, 791 
6581, 5441, 2024 
6582, 5442, 1777 
6583, 5443, 2026 
6584, 5444, 1626 
6585, 5445, 2029 
6586, 5446, 1886 
6587, 5447, 2029 
6588, 5448, 1959 
6589, 5449, 2030 
6590, 5450, 406 
6591, 5451, 2030 
6592, 5452, 1832 
6593, 5453, 2030 
6594, 5454, 1837 
6595, 5455, 2031 
6596, 5456, 1868 
6597, 5457, 2032 
6598, 5458, 951 
6599, 5459, 2032 
6600, 5460, 1220 
6601, 5461, 2035 
6602, 5462, 1493 
6603, 5463, 2040 
6604, 5464, 1617 
6605, 5465, 2045 
6606, 5466, 336 
6607, 5467, 2047 
6608, 5468, 816 
6609, 5469, 2047 
6610, 5470, 1560 
6611, 5471, 2050 
6612, 5472, 2035 
6613, 5473, 2051 
6614, 5474, 1272 
6615, 5475, 2053 
6616, 5476, 1337 
6617, 5477, 2053 
6618, 5478, 1862 
6619, 5479, 2059 
6620, 5480, 278 
6621, 5481, 2062 
6622, 5482, 1520 
6623, 5483, 2062 
6624, 5484, 1668 
6625, 5485, 2063 
6626, 5486, 703 
6627, 5487, 2063 
6628, 5488, 1650 
6629, 5489, 2064 
6630, 5490, 135 
6631, 5491, 2064 
6632, 5492, 758 
6633, 5493, 2065 
6634, 5494, 1275 
6635, 5495, 2065 
6636, 5496, 1595 
6637, 5497, 2067 
6638, 5498, 311 
6639, 5499, 2067 
6640, 5500, 1679 
6641, 5501, 2070 
6642, 5502, 243 
6643, 5503, 2070 
6644, 5504, 1405 
6645, 5505, 2070 
6646, 5506, 1506 
6647, 5507, 2071 
6648, 5508, 646 
6649, 5509, 2073 
6650, 5510, 1467 
6651, 5511, 2074 
6652, 5512, 605 
6653, 5513, 2075 
6654, 5514, 660 
6655, 5515, 2076 
6656, 5516, 240 
6657, 5517, 2076 
6658, 5518, 1638 
6659, 5519, 2078 
6660, 5520, 1242 
6661, 5521, 2080 
6662, 5522, 488 
6663, 5523, 2080 
6664, 5524, 1239 
6665, 5525, 2082 
6666, 5526, 763 
6667, 5527, 2085 
6668, 5528, 101 
6669, 5529, 2088 
6670, 5530, 1335 
6671, 5531, 2089 
6672, 5532, 687 
6673, 5533, 2089 
6674, 5534, 1871 
6675, 5535, 2092 
6676, 5536, 1959 
6677, 5537, 2096 
6678, 5538, 1858 
6679, 5539, 2098 
6680, 5540, 108 
6681, 5541, 2098 
6682, 5542, 1878 
6683, 5543, 2099 
6684, 5544, 398 
6685, 5545, 2101 
6686, 5546, 719 
6687, 5547, 2101 
6688, 5548, 1685 
6689, 5549, 2109 
6690, 5550, 1077 
6691, 5551, 2110 
6692, 5552, 149 
6693, 5553, 2110 
6694, 5554, 1748 
6695, 5555, 2112 
6696, 5556, 1604 
6697, 5557, 2112 
6698, 5558, 1818 
6699, 5559, 2113 
6700, 5560, 1834 
6701, 5561, 2115 
6702, 5562, 1412 
6703, 5563, 2115 
6704, 5564, 1618 
6705, 5565, 2116 
6706, 5566, 850 
6707, 5567, 2117 
6708, 5568, 14 
6709, 5569, 2117 
6710, 5570, 159 
6711, 5571, 2122 
6712, 5572, 1767 
6713, 5573, 2123 
6714, 5574, 845 
6715, 5575, 2124 
6716, 5576, 1165 
6717, 5577, 2125 
6718, 5578, 1686 
6719, 5579, 2126 
6720, 5580, 1020 
6721, 5581, 2126 
6722, 5582, 1593 
6723, 5583, 2127 
6724, 5584, 1891 
6725, 5585, 2127 
6726, 5586, 2125 
6727, 5587, 2130 
6728, 5588, 146 
6729, 5589, 2130 
6730, 5590, 359 
6731, 5591, 2130 
6732, 5592, 1324 
6733, 5593, 2131 
6734, 5594, 686 
6735, 5595, 2132 
6736, 5596, 41 
6737, 5597, 2132 
6738, 5598, 88 
6739, 5599, 2132 
6740, 5600, 510 
6741, 5601, 2133 
6742, 5602, 161 
6743, 5603, 2135 
6744, 5604, 599 
6745, 5605, 2136 
6746, 5606, 35 
6747, 5607, 2136 
6748, 5608, 271 
6749, 5609, 2137 
6750, 5610, 453 
6751, 5611, 2139 
6752, 5612, 824 
6753, 5613, 2139 
6754, 5614, 1522 
6755, 5615, 2140 
6756, 5616, 616 
6757, 5617, 2141 
6758, 5618, 1105 
6759, 5619, 2141 
6760, 5620, 1295 
6761, 5621, 2142 
6762, 5622, 172 
6763, 5623, 2142 
6764, 5624, 1155 
6765, 5625, 2147 
6766, 5626, 522 
6767, 5627, 2148 
6768, 5628, 8 
6769, 5629, 2149 
6770, 5630, 352 
6771, 5631, 2149 
6772, 5632, 1210 
6773, 5633, 2150 
6774, 5634, 729 
6775, 5635, 2150 
6776, 5636, 2033 
6777, 5637, 2151 
6778, 5638, 927 
6779, 5639, 2152 
6780, 5640, 1591 
6781, 5641, 2152 
6782, 5642, 1804 
6783, 5643, 2153 
6784, 5644, 904 
6785, 5645, 2156 
6786, 5646, 782 
6787, 5647, 2156 
6788, 5648, 1325 
6789, 5649, 2157 
6790, 5650, 2074 
6791, 5651, 2158 
6792, 5652, 655 
6793, 5653, 2159 
6794, 5654, 452 
6795, 5655, 2162 
6796, 5656, 1540 
6797, 5657, 2162 
6798, 5658, 1801 
6799, 5659, 2162 
6800, 5660, 1987 
6801, 5661, 2164 
6802, 5662, 1480 
6803, 5663, 2166 
6804, 5664, 1174 
6805, 5665, 2168 
6806, 5666, 1174 
6807, 5667, 2171 
6808, 5668, 529 
6809, 5669, 2172 
6810, 5670, 452 
6811, 5671, 2172 
6812, 5672, 2147 
6813, 5673, 2176 
6814, 5674, 741 
6815, 5675, 2177 
6816, 5676, 2075 
6817, 5677, 2181 
6818, 5678, 1860 
6819, 5679, 2182 
6820, 5680, 253 
6821, 5681, 2182 
6822, 5682, 1076 
6823, 5683, 2183 
6824, 5684, 285 
6825, 5685, 2185 
6826, 5686, 469 
6827, 5687, 2185 
6828, 5688, 1262 
6829, 5689, 2188 
6830, 5690, 953 
6831, 5691, 2189 
6832, 5692, 1227 
6833, 5693, 2191 
6834, 5694, 294 
6835, 5695, 2192 
6836, 5696, 946 
6837, 5697, 2192 
6838, 5698, 2022 
6839, 5699, 2193 
6840, 5700, 1661 
6841, 5701, 2196 
6842, 5702, 181 
6843, 5703, 2196 
6844, 5704, 1893 
6845, 5705, 2197 
6846, 5706, 255 
6847, 5707, 2197 
6848, 5708, 1439 
6849, 5709, 2200 
6850, 5710, 261 
6851, 5711, 2200 
6852, 5712, 687 
6853, 5713, 2201 
6854, 5714, 300 
6855, 5715, 2201 
6856, 5716, 1891 
6857, 5717, 2201 
6858, 5718, 2173 
6859, 5719, 2206 
6860, 5720, 1936 
6861, 5721, 2207 
6862, 5722, 1728 
6863, 5723, 2209 
6864, 5724, 2010 
6865, 5725, 2211 
6866, 5726, 1605 
6867, 5727, 2211 
6868, 5728, 1634 
6869, 5729, 2213 
6870, 5730, 248 
6871, 5731, 2213 
6872, 5732, 820 
6873, 5733, 2214 
6874, 5734, 1299 
6875, 5735, 2216 
6876, 5736, 1099 
6877, 5737, 2219 
6878, 5738, 469 
6879, 5739, 2220 
6880, 5740, 987 
6881, 5741, 2220 
6882, 5742, 2198 
6883, 5743, 2223 
6884, 5744, 1185 
6885, 5745, 2224 
6886, 5746, 4 
6887, 5747, 2225 
6888, 5748, 414 
6889, 5749, 2226 
6890, 5750, 393 
6891, 5751, 2230 
6892, 5752, 330 
6893, 5753, 2230 
6894, 5754, 2180 
6895, 5755, 2230 
6896, 5756, 2217 
6897, 5757, 2232 
6898, 5758, 862 
6899, 5759, 2235 
6900, 5760, 1881 
6901, 5761, 2236 
6902, 5762, 2097 
6903, 5763, 2237 
6904, 5764, 824 
6905, 5765, 2237 
6906, 5766, 902 
6907, 5767, 2242 
6908, 5768, 343 
6909, 5769, 2242 
6910, 5770, 803 
6911, 5771, 2243 
6912, 5772, 742 
6913, 5773, 2246 
6914, 5774, 364 
6915, 5775, 2246 
6916, 5776, 543 
6917, 5777, 2246 
6918, 5778, 683 
6919, 5779, 2250 
6920, 5780, 1519 
6921, 5781, 2250 
6922, 5782, 1784 
6923, 5783, 2250 
6924, 5784, 2122 
6925, 5785, 2252 
6926, 5786, 11 
6927, 5787, 2257 
6928, 5788, 740 
6929, 5789, 2257 
6930, 5790, 1300 
6931, 5791, 2259 
6932, 5792, 2217 
6933, 5793, 2260 
6934, 5794, 1449 
6935, 5795, 2263 
6936, 5796, 418 
6937, 5797, 2265 
6938, 5798, 525 
6939, 5799, 2265 
6940, 5800, 1150 
6941, 5801, 2266 
6942, 5802, 745 
6943, 5803, 2266 
6944, 5804, 2002 
6945, 5805, 2267 
6946, 5806, 529 
6947, 5807, 2267 
6948, 5808, 835 
6949, 5809, 2270 
6950, 5810, 477 
6951, 5811, 2270 
6952, 5812, 879 
6953, 5813, 2271 
6954, 5814, 1244 
6955, 5815, 2271 
6956, 5816, 2158 
6957, 5817, 2272 
6958, 5818, 1990 
6959, 5819, 2273 
6960, 5820, 342 
6961, 5821, 2273 
6962, 5822, 607 
6963, 5823, 2274 
6964, 5824, 59 
6965, 5825, 2274 
6966, 5826, 623 
6967, 5827, 2277 
6968, 5828, 180 
6969, 5829, 2277 
6970, 5830, 2233 
6971, 5831, 2278 
6972, 5832, 1751 
6973, 5833, 2279 
6974, 5834, 587 
6975, 5835, 2282 
6976, 5836, 753 
6977, 5837, 2282 
6978, 5838, 1379 
6979, 5839, 2283 
6980, 5840, 1173 
6981, 5841, 2285 
6982, 5842, 2033 
6983, 5843, 2287 
6984, 5844, 1643 
6985, 5845, 2288 
6986, 5846, 1271 
6987, 5847, 2294 
6988, 5848, 2233 
6989, 5849, 2296 
6990, 5850, 1245 
6991, 5851, 2296 
6992, 5852, 1350 
6993, 5853, 2298 
6994, 5854, 1330 
6995, 5855, 2302 
6996, 5856, 242 
6997, 5857, 2306 
6998, 5858, 706 
6999, 5859, 2306 
7000, 5860, 2007 
7001, 5861, 2307 
7002, 5862, 61 
7003, 5863, 2307 
7004, 5864, 491 
7005, 5865, 2308 
7006, 5866, 1972 
7007, 5867, 2309 
7008, 5868, 1023 
7009, 5869, 2311 
7010, 5870, 74 
7011, 5871, 2311 
7012, 5872, 243 
7013, 5873, 2311 
7014, 5874, 1613 
7015, 5875, 2311 
7016, 5876, 1797 
7017, 5877, 2312 
7018, 5878, 1815 
7019, 5879, 2315 
7020, 5880, 947 
7021, 5881, 2316 
7022, 5882, 829 
7023, 5883, 2317 
7024, 5884, 79 
7025, 5885, 2317 
7026, 5886, 2140 
7027, 5887, 2319 
7028, 5888, 1216 
7029, 5889, 2319 
7030, 5890, 1639 
7031, 5891, 2320 
7032, 5892, 255 
7033, 5893, 2321 
7034, 5894, 223 
7035, 5895, 2321 
7036, 5896, 1524 
7037, 5897, 2323 
7038, 5898, 1532 
7039, 5899, 2323 
7040, 5900, 2003 
7041, 5901, 2325 
7042, 5902, 140 
7043, 5903, 2325 
7044, 5904, 1427 
7045, 5905, 2325 
7046, 5906, 1837 
7047, 5907, 2327 
7048, 5908, 495 
7049, 5909, 2327 
7050, 5910, 609 
7051, 5911, 2327 
7052, 5912, 1244 
7053, 5913, 2328 
7054, 5914, 588 
7055, 5915, 2328 
7056, 5916, 698 
7057, 5917, 2329 
7058, 5918, 2231 
7059, 5919, 2330 
7060, 5920, 63 
7061, 5921, 2331 
7062, 5922, 93 
7063, 5923, 2333 
7064, 5924, 950 
7065, 5925, 2333 
7066, 5926, 2006 
7067, 5927, 2334 
7068, 5928, 445 
7069, 5929, 2334 
7070, 5930, 584 
7071, 5931, 2334 
7072, 5932, 716 
7073, 5933, 2335 
7074, 5934, 1064 
7075, 5935, 2336 
7076, 5936, 236 
7077, 5937, 2337 
7078, 5938, 787 
7079, 5939, 2337 
7080, 5940, 1659 
7081, 5941, 2343 
7082, 5942, 1240 
7083, 5943, 2343 
7084, 5944, 1511 
7085, 5945, 2343 
7086, 5946, 2265 
7087, 5947, 2347 
7088, 5948, 1331 
7089, 5949, 2348 
7090, 5950, 2112 
7091, 5951, 2349 
7092, 5952, 134 
7093, 5953, 2350 
7094, 5954, 877 
7095, 5955, 2351 
7096, 5956, 388 
7097, 5957, 2352 
7098, 5958, 309 
7099, 5959, 2355 
7100, 5960, 1805 
7101, 5961, 2355 
7102, 5962, 2265 
7103, 5963, 2355 
7104, 5964, 2297 
7105, 5965, 2357 
7106, 5966, 2108 
7107, 5967, 2358 
7108, 5968, 1195 
7109, 5969, 2361 
7110, 5970, 1899 
7111, 5971, 2362 
7112, 5972, 56 
7113, 5973, 2363 
7114, 5974, 304 
7115, 5975, 2363 
7116, 5976, 2199 
7117, 5977, 2364 
7118, 5978, 1163 
7119, 5979, 2364 
7120, 5980, 1463 
7121, 5981, 2366 
7122, 5982, 230 
7123, 5983, 2366 
7124, 5984, 1924 
7125, 5985, 2367 
7126, 5986, 101 
7127, 5987, 2368 
7128, 5988, 36 
7129, 5989, 2368 
7130, 5990, 1556 
7131, 5991, 2370 
7132, 5992, 1207 
7133, 5993, 2371 
7134, 5994, 2011 
7135, 5995, 2373 
7136, 5996, 54 
7137, 5997, 2374 
7138, 5998, 149 
7139, 5999, 2374 
7140, 6000, 405 
7141, 6001, 2374 
7142, 6002, 783 
7143, 6003, 2375 
7144, 6004, 1011 
7145, 6005, 2376 
7146, 6006, 253 
7147, 6007, 2376 
7148, 6008, 929 
7149, 6009, 2377 
7150, 6010, 116 
7151, 6011, 2377 
7152, 6012, 1883 
7153, 6013, 2379 
7154, 6014, 576 
7155, 6015, 2381 
7156, 6016, 1163 
7157, 6017, 2381 
7158, 6018, 1715 
7159, 6019, 2381 
7160, 6020, 2055 
7161, 6021, 2384 
7162, 6022, 814 
7163, 6023, 2385 
7164, 6024, 1054 
7165, 6025, 2389 
7166, 6026, 86 
7167, 6027, 2389 
7168, 6028, 1903 
7169, 6029, 2391 
7170, 6030, 416 
7171, 6031, 2391 
7172, 6032, 1202 
7173, 6033, 2393 
7174, 6034, 356 
7175, 6035, 2393 
7176, 6036, 959 
7177, 6037, 2394 
7178, 6038, 346 
7179, 6039, 2397 
7180, 6040, 481 
7181, 6041, 2398 
7182, 6042, 659 
7183, 6043, 2399 
7184, 6044, 671 
7185, 6045, 2399 
7186, 6046, 2328 
7187, 6047, 2400 
7188, 6048, 2115 
7189, 6049, 2404 
7190, 6050, 121 
7191, 6051, 2406 
7192, 6052, 1396 
7193, 6053, 2408 
7194, 6054, 1564 
7195, 6055, 2410 
7196, 6056, 479 
7197, 6057, 2412 
7198, 6058, 306 
7199, 6059, 2413 
7200, 6060, 1700 
7201, 6061, 2415 
7202, 6062, 11 
7203, 6063, 2415 
7204, 6064, 392 
7205, 6065, 2415 
7206, 6066, 1089 
7207, 6067, 2416 
7208, 6068, 1311 
7209, 6069, 2419 
7210, 6070, 1687 
7211, 6071, 2420 
7212, 6072, 966 
7213, 6073, 2420 
7214, 6074, 1916 
7215, 6075, 2424 
7216, 6076, 1038 
7217, 6077, 2431 
7218, 6078, 249 
7219, 6079, 2431 
7220, 6080, 745 
7221, 6081, 2432 
7222, 6082, 181 
7223, 6083, 2432 
7224, 6084, 2059 
7225, 6085, 2436 
7226, 6086, 1726 
7227, 6087, 2437 
7228, 6088, 700 
7229, 6089, 2437 
7230, 6090, 1157 
7231, 6091, 2437 
7232, 6092, 1329 
7233, 6093, 2437 
7234, 6094, 1777 
7235, 6095, 2439 
7236, 6096, 923 
7237, 6097, 2439 
7238, 6098, 1276 
7239, 6099, 2439 
7240, 6100, 1362 
7241, 6101, 2439 
7242, 6102, 1496 
7243, 6103, 2440 
7244, 6104, 1485 
7245, 6105, 2440 
7246, 6106, 1641 
7247, 6107, 2442 
7248, 6108, 444 
7249, 6109, 2442 
7250, 6110, 1011 
7251, 6111, 2443 
7252, 6112, 860 
7253, 6113, 2444 
7254, 6114, 997 
7255, 6115, 2445 
7256, 6116, 2169 
7257, 6117, 2446 
7258, 6118, 993 
7259, 6119, 2447 
7260, 6120, 502 
7261, 6121, 2450 
7262, 6122, 1950 
7263, 6123, 2451 
7264, 6124, 2019 
7265, 6125, 2452 
7266, 6126, 348 
7267, 6127, 2454 
7268, 6128, 472 
7269, 6129, 2454 
7270, 6130, 718 
7271, 6131, 2454 
7272, 6132, 1443 
7273, 6133, 2455 
7274, 6134, 98 
7275, 6135, 2455 
7276, 6136, 757 
7277, 6137, 2456 
7278, 6138, 1219 
7279, 6139, 2457 
7280, 6140, 1073 
7281, 6141, 2458 
7282, 6142, 1173 
7283, 6143, 2458 
7284, 6144, 1907 
7285, 6145, 2459 
7286, 6146, 736 
7287, 6147, 2459 
7288, 6148, 1524 
7289, 6149, 2460 
7290, 6150, 1996 
7291, 6151, 2462 
7292, 6152, 2325 
7293, 6153, 2462 
7294, 6154, 2342 
7295, 6155, 2463 
7296, 6156, 530 
7297, 6157, 2463 
7298, 6158, 816 
7299, 6159, 2463 
7300, 6160, 1328 
7301, 6161, 2465 
7302, 6162, 1243 
7303, 6163, 2466 
7304, 6164, 1108 
7305, 6165, 2466 
7306, 6166, 1548 
7307, 6167, 2468 
7308, 6168, 849 
7309, 6169, 2468 
7310, 6170, 1802 
7311, 6171, 2475 
7312, 6172, 1500 
7313, 6173, 2477 
7314, 6174, 1594 
7315, 6175, 2478 
7316, 6176, 326 
7317, 6177, 2479 
7318, 6178, 2122 
7319, 6179, 2480 
7320, 6180, 1815 
7321, 6181, 2481 
7322, 6182, 588 
7323, 6183, 2481 
7324, 6184, 1813 
7325, 6185, 2484 
7326, 6186, 971 
7327, 6187, 2484 
7328, 6188, 1117 
7329, 6189, 2484 
7330, 6190, 2254 
7331, 6191, 2486 
7332, 6192, 211 
7333, 6193, 2486 
7334, 6194, 1492 
7335, 6195, 2488 
7336, 6196, 1123 
7337, 6197, 2493 
7338, 6198, 566 
7339, 6199, 2493 
7340, 6200, 2481 
7341, 6201, 2496 
7342, 6202, 1917 
7343, 6203, 2497 
7344, 6204, 541 
7345, 6205, 2498 
7346, 6206, 1946 
7347, 6207, 2498 
7348, 6208, 2070 
7349, 6209, 2499 
7350, 6210, 1749 
7351, 6211, 2500 
7352, 6212, 748 
7353, 6213, 2500 
7354, 6214, 2008 
7355, 6215, 2501 
7356, 6216, 1624 
7357, 6217, 2503 
7358, 6218, 2190 
7359, 6219, 2506 
7360, 6220, 1126 
7361, 6221, 2506 
7362, 6222, 1700 
7363, 6223, 2507 
7364, 6224, 1503 
7365, 6225, 2508 
7366, 6226, 2169 
7367, 6227, 2513 
7368, 6228, 1464 
7369, 6229, 2513 
7370, 6230, 2288 
7371, 6231, 2513 
7372, 6232, 2463 
7373, 6233, 2514 
7374, 6234, 878 
7375, 6235, 2514 
7376, 6236, 1611 
7377, 6237, 2516 
7378, 6238, 768 
7379, 6239, 2516 
7380, 6240, 2352 
7381, 6241, 2518 
7382, 6242, 1825 
7383, 6243, 2519 
7384, 6244, 1061 
7385, 6245, 2519 
7386, 6246, 1903 
7387, 6247, 2522 
7388, 6248, 984 
7389, 6249, 2525 
7390, 6250, 644 
7391, 6251, 2525 
7392, 6252, 1879 
7393, 6253, 2525 
7394, 6254, 2480 
7395, 6255, 2526 
7396, 6256, 1729 
7397, 6257, 2527 
7398, 6258, 440 
7399, 6259, 2527 
7400, 6260, 1471 
7401, 6261, 2528 
7402, 6262, 1570 
7403, 6263, 2529 
7404, 6264, 214 
7405, 6265, 2529 
7406, 6266, 1044 
7407, 6267, 2529 
7408, 6268, 1322 
7409, 6269, 2530 
7410, 6270, 1659 
7411, 6271, 2531 
7412, 6272, 2054 
7413, 6273, 2532 
7414, 6274, 194 
7415, 6275, 2532 
7416, 6276, 1995 
7417, 6277, 2534 
7418, 6278, 1630 
7419, 6279, 2536 
7420, 6280, 438 
7421, 6281, 2536 
7422, 6282, 1860 
7423, 6283, 2537 
7424, 6284, 721 
7425, 6285, 2540 
7426, 6286, 841 
7427, 6287, 2540 
7428, 6288, 2337 
7429, 6289, 2541 
7430, 6290, 472 
7431, 6291, 2541 
7432, 6292, 1452 
7433, 6293, 2541 
7434, 6294, 2029 
7435, 6295, 2543 
7436, 6296, 782 
7437, 6297, 2545 
7438, 6298, 40 
7439, 6299, 2545 
7440, 6300, 2255 
7441, 6301, 2547 
7442, 6302, 61 
7443, 6303, 2549 
7444, 6304, 1162 
7445, 6305, 2550 
7446, 6306, 523 
7447, 6307, 2552 
7448, 6308, 509 
7449, 6309, 2556 
7450, 6310, 1195 
7451, 6311, 2557 
7452, 6312, 301 
7453, 6313, 2557 
7454, 6314, 1863 
7455, 6315, 2558 
7456, 6316, 1888 
7457, 6317, 2559 
7458, 6318, 2386 
7459, 6319, 2562 
7460, 6320, 378 
7461, 6321, 2562 
7462, 6322, 1170 
7463, 6323, 2562 
7464, 6324, 1499 
7465, 6325, 2563 
7466, 6326, 2522 
7467, 6327, 2564 
7468, 6328, 507 
7469, 6329, 2565 
7470, 6330, 2359 
7471, 6331, 2566 
7472, 6332, 244 
7473, 6333, 2567 
7474, 6334, 279 
7475, 6335, 2569 
7476, 6336, 664 
7477, 6337, 2571 
7478, 6338, 458 
7479, 6339, 2573 
7480, 6340, 1673 
7481, 6341, 2574 
7482, 6342, 602 
7483, 6343, 2574 
7484, 6344, 2261 
7485, 6345, 2575 
7486, 6346, 704 
7487, 6347, 2575 
7488, 6348, 1483 
7489, 6349, 2576 
7490, 6350, 202 
7491, 6351, 2576 
7492, 6352, 2531 
7493, 6353, 2577 
7494, 6354, 1776 
7495, 6355, 2577 
7496, 6356, 2190 
7497, 6357, 2580 
7498, 6358, 1919 
7499, 6359, 2584 
7500, 6360, 1094 
7501, 6361, 2584 
7502, 6362, 2219 
7503, 6363, 2586 
7504, 6364, 519 
7505, 6365, 2586 
7506, 6366, 1650 
7507, 6367, 2586 
7508, 6368, 1687 
7509, 6369, 2587 
7510, 6370, 2185 
7511, 6371, 2590 
7512, 6372, 56 
7513, 6373, 2591 
7514, 6374, 810 
7515, 6375, 2592 
7516, 6376, 541 
7517, 6377, 2592 
7518, 6378, 2080 
7519, 6379, 2595 
7520, 6380, 1206 
7521, 6381, 2597 
7522, 6382, 202 
7523, 6383, 2598 
7524, 6384, 48 
7525, 6385, 2599 
7526, 6386, 711 
7527, 6387, 2599 
7528, 6388, 1853 
7529, 6389, 2599 
7530, 6390, 2506 
7531, 6391, 2600 
7532, 6392, 266 
7533, 6393, 2600 
7534, 6394, 1174 
7535, 6395, 2601 
7536, 6396, 2432 
7537, 6397, 2602 
7538, 6398, 960 
7539, 6399, 2603 
7540, 6400, 122 
7541, 6401, 2603 
7542, 6402, 713 
7543, 6403, 2606 
7544, 6404, 1616 
7545, 6405, 2607 
7546, 6406, 295 
7547, 6407, 2607 
7548, 6408, 2034 
7549, 6409, 2608 
7550, 6410, 208 
7551, 6411, 2609 
7552, 6412, 43 
7553, 6413, 2609 
7554, 6414, 319 
7555, 6415, 2612 
7556, 6416, 89 
7557, 6417, 2614 
7558, 6418, 246 
7559, 6419, 2614 
7560, 6420, 2379 
7561, 6421, 2616 
7562, 6422, 1508 
7563, 6423, 2616 
7564, 6424, 1776 
7565, 6425, 2616 
7566, 6426, 1802 
7567, 6427, 2617 
7568, 6428, 1068 
7569, 6429, 2617 
7570, 6430, 1601 
7571, 6431, 2617 
7572, 6432, 2193 
7573, 6433, 2619 
7574, 6434, 548 
7575, 6435, 2619 
7576, 6436, 967 
7577, 6437, 2620 
7578, 6438, 1329 
7579, 6439, 2627 
7580, 6440, 2075 
7581, 6441, 2627 
7582, 6442, 2352 
7583, 6443, 2628 
7584, 6444, 1275 
7585, 6445, 2628 
7586, 6446, 1986 
7587, 6447, 2630 
7588, 6448, 1069 
7589, 6449, 2630 
7590, 6450, 2297 
7591, 6451, 2635 
7592, 6452, 48 
7593, 6453, 2635 
7594, 6454, 2344 
7595, 6455, 2636 
7596, 6456, 270 
7597, 6457, 2636 
7598, 6458, 1271 
7599, 6459, 2637 
7600, 6460, 1969 
7601, 6461, 2639 
7602, 6462, 1452 
7603, 6463, 2644 
7604, 6464, 545 
7605, 6465, 2645 
7606, 6466, 1925 
7607, 6467, 2647 
7608, 6468, 2625 
7609, 6469, 2650 
7610, 6470, 1016 
7611, 6471, 2650 
7612, 6472, 1634 
7613, 6473, 2651 
7614, 6474, 776 
7615, 6475, 2651 
7616, 6476, 2591 
7617, 6477, 2653 
7618, 6478, 2389 
7619, 6479, 2654 
7620, 6480, 2211 
7621, 6481, 2656 
7622, 6482, 2067 
7623, 6483, 2659 
7624, 6484, 723 
7625, 6485, 2659 
7626, 6486, 1252 
7627, 6487, 2660 
7628, 6488, 296 
7629, 6489, 2661 
7630, 6490, 603 
7631, 6491, 2661 
7632, 6492, 2120 
7633, 6493, 2664 
7634, 6494, 1662 
7635, 6495, 2665 
7636, 6496, 1778 
7637, 6497, 2668 
7638, 6498, 553 
7639, 6499, 2668 
7640, 6500, 1109 
7641, 6501, 2668 
7642, 6502, 2321 
7643, 6503, 2669 
7644, 6504, 60 
7645, 6505, 2670 
7646, 6506, 1088 
7647, 6507, 2670 
7648, 6508, 1601 
7649, 6509, 2670 
7650, 6510, 2237 
7651, 6511, 2672 
7652, 6512, 1944 
7653, 6513, 2674 
7654, 6514, 1746 
7655, 6515, 2675 
7656, 6516, 1859 
7657, 6517, 2676 
7658, 6518, 1892 
7659, 6519, 2677 
7660, 6520, 2078 
7661, 6521, 2678 
7662, 6522, 1275 
7663, 6523, 2681 
7664, 6524, 202 
7665, 6525, 2681 
7666, 6526, 2669 
7667, 6527, 2683 
7668, 6528, 75 
7669, 6529, 2683 
7670, 6530, 1039 
7671, 6531, 2686 
7672, 6532, 517 
7673, 6533, 2686 
7674, 6534, 556 
7675, 6535, 2688 
7676, 6536, 1835 
7677, 6537, 2688 
7678, 6538, 2037 
7679, 6539, 2689 
7680, 6540, 2608 
7681, 6541, 2690 
7682, 6542, 2128 
7683, 6543, 2690 
7684, 6544, 2481 
7685, 6545, 2691 
7686, 6546, 166 
7687, 6547, 2691 
7688, 6548, 484 
7689, 6549, 2693 
7690, 6550, 209 
7691, 6551, 2693 
7692, 6552, 2277 
7693, 6553, 2694 
7694, 6554, 629 
7695, 6555, 2694 
7696, 6556, 1002 
7697, 6557, 2695 
7698, 6558, 1443 
7699, 6559, 2697 
7700, 6560, 1156 
7701, 6561, 2698 
7702, 6562, 1599 
7703, 6563, 2699 
7704, 6564, 778 
7705, 6565, 2699 
7706, 6566, 1351 
7707, 6567, 2702 
7708, 6568, 2041 
7709, 6569, 2704 
7710, 6570, 1049 
7711, 6571, 2705 
7712, 6572, 604 
7713, 6573, 2705 
7714, 6574, 1560 
7715, 6575, 2705 
7716, 6576, 1844 
7717, 6577, 2707 
7718, 6578, 1500 
7719, 6579, 2707 
7720, 6580, 2646 
7721, 6581, 2709 
7722, 6582, 1757 
7723, 6583, 2709 
7724, 6584, 2306 
7725, 6585, 2710 
7726, 6586, 1212 
7727, 6587, 2710 
7728, 6588, 1269 
7729, 6589, 2711 
7730, 6590, 1005 
7731, 6591, 2711 
7732, 6592, 1291 
7733, 6593, 2711 
7734, 6594, 1956 
7735, 6595, 2712 
7736, 6596, 242 
7737, 6597, 2713 
7738, 6598, 1327 
7739, 6599, 2714 
7740, 6600, 43 
7741, 6601, 2714 
7742, 6602, 2403 
7743, 6603, 2715 
7744, 6604, 190 
7745, 6605, 2715 
7746, 6606, 1759 
7747, 6607, 2717 
7748, 6608, 1581 
7749, 6609, 2718 
7750, 6610, 161 
7751, 6611, 2719 
7752, 6612, 1842 
7753, 6613, 2719 
7754, 6614, 1944 
7755, 6615, 2719 
7756, 6616, 2192 
7757, 6617, 2720 
7758, 6618, 1035 
7759, 6619, 2720 
7760, 6620, 2468 
7761, 6621, 2721 
7762, 6622, 203 
7763, 6623, 2722 
7764, 6624, 307 
7765, 6625, 2722 
7766, 6626, 2292 
7767, 6627, 2725 
7768, 6628, 931 
7769, 6629, 2727 
7770, 6630, 2064 
7771, 6631, 2728 
7772, 6632, 1684 
7773, 6633, 2731 
7774, 6634, 498 
7775, 6635, 2731 
7776, 6636, 1620 
7777, 6637, 2732 
7778, 6638, 297 
7779, 6639, 2734 
7780, 6640, 1000 
7781, 6641, 2734 
7782, 6642, 2663 
7783, 6643, 2736 
7784, 6644, 611 
7785, 6645, 2739 
7786, 6646, 1817 
7787, 6647, 2740 
7788, 6648, 369 
7789, 6649, 2740 
7790, 6650, 940 
7791, 6651, 2741 
7792, 6652, 633 
7793, 6653, 2741 
7794, 6654, 707 
7795, 6655, 2741 
7796, 6656, 2582 
7797, 6657, 2742 
7798, 6658, 1574 
7799, 6659, 2743 
7800, 6660, 2249 
7801, 6661, 2747 
7802, 6662, 69 
7803, 6663, 2748 
7804, 6664, 2559 
7805, 6665, 2750 
7806, 6666, 493 
7807, 6667, 2750 
7808, 6668, 2510 
7809, 6669, 2751 
7810, 6670, 1830 
7811, 6671, 2754 
7812, 6672, 223 
7813, 6673, 2754 
7814, 6674, 248 
7815, 6675, 2754 
7816, 6676, 2258 
7817, 6677, 2755 
7818, 6678, 131 
7819, 6679, 2755 
7820, 6680, 333 
7821, 6681, 2758 
7822, 6682, 1854 
7823, 6683, 2759 
7824, 6684, 218 
7825, 6685, 2760 
7826, 6686, 1706 
7827, 6687, 2763 
7828, 6688, 1204 
7829, 6689, 2763 
7830, 6690, 1757 
7831, 6691, 2763 
7832, 6692, 2156 
7833, 6693, 2764 
7834, 6694, 2195 
7835, 6695, 2766 
7836, 6696, 191 
7837, 6697, 2766 
7838, 6698, 1731 
7839, 6699, 2768 
7840, 6700, 493 
7841, 6701, 2768 
7842, 6702, 1944 
7843, 6703, 2770 
7844, 6704, 1620 
7845, 6705, 2770 
7846, 6706, 2123 
7847, 6707, 2771 
7848, 6708, 1051 
7849, 6709, 2772 
7850, 6710, 67 
7851, 6711, 2773 
7852, 6712, 1682 
7853, 6713, 2774 
7854, 6714, 294 
7855, 6715, 2774 
7856, 6716, 407 
7857, 6717, 2774 
7858, 6718, 1229 
7859, 6719, 2778 
7860, 6720, 2434 
7861, 6721, 2779 
7862, 6722, 344 
7863, 6723, 2780 
7864, 6724, 2734 
7865, 6725, 2781 
7866, 6726, 1132 
7867, 6727, 2781 
7868, 6728, 1692 
7869, 6729, 2784 
7870, 6730, 1497 
7871, 6731, 2784 
7872, 6732, 2160 
7873, 6733, 2784 
7874, 6734, 2360 
7875, 6735, 2785 
7876, 6736, 1089 
7877, 6737, 2786 
7878, 6738, 1008 
7879, 6739, 2786 
7880, 6740, 2287 
7881, 6741, 2787 
7882, 6742, 313 
7883, 6743, 2787 
7884, 6744, 1463 
7885, 6745, 2787 
7886, 6746, 1931 
7887, 6747, 2790 
7888, 6748, 84 
7889, 6749, 2790 
7890, 6750, 1425 
7891, 6751, 2791 
7892, 6752, 208 
7893, 6753, 2791 
7894, 6754, 1411 
7895, 6755, 2791 
7896, 6756, 2364 
7897, 6757, 2793 
7898, 6758, 751 
7899, 6759, 2794 
7900, 6760, 1013 
7901, 6761, 2799 
7902, 6762, 921 
7903, 6763, 2800 
7904, 6764, 295 
7905, 6765, 2800 
7906, 6766, 2614 
7907, 6767, 2801 
7908, 6768, 162 
7909, 6769, 2801 
7910, 6770, 2142 
7911, 6771, 2801 
7912, 6772, 2286 
7913, 6773, 2802 
7914, 6774, 1410 
7915, 6775, 2802 
7916, 6776, 2280 
7917, 6777, 2806 
7918, 6778, 993 
7919, 6779, 2810 
7920, 6780, 1018 
7921, 6781, 2810 
7922, 6782, 2681 
7923, 6783, 2813 
7924, 6784, 1412 
7925, 6785, 2813 
7926, 6786, 1592 
7927, 6787, 2814 
7928, 6788, 615 
7929, 6789, 2816 
7930, 6790, 1936 
7931, 6791, 2818 
7932, 6792, 440 
7933, 6793, 2818 
7934, 6794, 2252 
7935, 6795, 2822 
7936, 6796, 1267 
7937, 6797, 2823 
7938, 6798, 1707 
7939, 6799, 2824 
7940, 6800, 280 
7941, 6801, 2824 
7942, 6802, 1597 
7943, 6803, 2825 
7944, 6804, 1165 
7945, 6805, 2825 
7946, 6806, 2519 
7947, 6807, 2825 
7948, 6808, 2610 
7949, 6809, 2826 
7950, 6810, 236 
7951, 6811, 2827 
7952, 6812, 791 
7953, 6813, 2827 
7954, 6814, 1537 
7955, 6815, 2827 
7956, 6816, 2114 
7957, 6817, 2836 
7958, 6818, 8 
7959, 6819, 2836 
7960, 6820, 2580 
7961, 6821, 2838 
7962, 6822, 386 
7963, 6823, 2841 
7964, 6824, 1299 
7965, 6825, 2842 
7966, 6826, 1402 
7967, 6827, 2843 
7968, 6828, 598 
7969, 6829, 2843 
7970, 6830, 2414 
7971, 6831, 2843 
7972, 6832, 2440 
7973, 6833, 2844 
7974, 6834, 1482 
7975, 6835, 2846 
7976, 6836, 2499 
7977, 6837, 2848 
7978, 6838, 1656 
7979, 6839, 2849 
7980, 6840, 1704 
7981, 6841, 2849 
7982, 6842, 2266 
7983, 6843, 2850 
7984, 6844, 902 
7985, 6845, 2851 
7986, 6846, 217 
7987, 6847, 2852 
7988, 6848, 184 
7989, 6849, 2852 
7990, 6850, 1840 
7991, 6851, 2852 
7992, 6852, 1977 
7993, 6853, 2853 
7994, 6854, 2088 
7995, 6855, 2853 
7996, 6856, 2849 
7997, 6857, 2854 
7998, 6858, 562 
7999, 6859, 2854 
8000, 6860, 734 
8001, 6861, 2855 
8002, 6862, 2831 
8003, 6863, 2856 
8004, 6864, 2842 
8005, 6865, 2857 
8006, 6866, 1133 
8007, 6867, 2858 
8008, 6868, 540 
8009, 6869, 2858 
8010, 6870, 791 
8011, 6871, 2859 
8012, 6872, 1054 
8013, 6873, 2860 
8014, 6874, 156 
8015, 6875, 2860 
8016, 6876, 1456 
8017, 6877, 2861 
8018, 6878, 11 
8019, 6879, 2861 
8020, 6880, 956 
8021, 6881, 2862 
8022, 6882, 56 
8023, 6883, 2862 
8024, 6884, 1897 
8025, 6885, 2863 
8026, 6886, 7 
8027, 6887, 2863 
8028, 6888, 1606 
8029, 6889, 2866 
8030, 6890, 460 
8031, 6891, 2866 
8032, 6892, 785 
8033, 6893, 2867 
8034, 6894, 995 
8035, 6895, 2867 
8036, 6896, 2244 
8037, 6897, 2869 
8038, 6898, 1512 
8039, 6899, 2869 
8040, 6900, 1539 
8041, 6901, 2871 
8042, 6902, 681 
8043, 6903, 2872 
8044, 6904, 306 
8045, 6905, 2872 
8046, 6906, 440 
8047, 6907, 2874 
8048, 6908, 771 
8049, 6909, 2874 
8050, 6910, 2648 
8051, 6911, 2875 
8052, 6912, 1918 
8053, 6913, 2876 
8054, 6914, 1282 
8055, 6915, 2876 
8056, 6916, 2616 
8057, 6917, 2876 
8058, 6918, 2849 
8059, 6919, 2877 
8060, 6920, 1686 
8061, 6921, 2879 
8062, 6922, 801 
8063, 6923, 2879 
8064, 6924, 1621 
8065, 6925, 2880 
8066, 6926, 353 
8067, 6927, 2880 
8068, 6928, 2111 
8069, 6929, 2882 
8070, 6930, 2089 
8071, 6931, 2883 
8072, 6932, 186 
8073, 6933, 2883 
8074, 6934, 1805 
8075, 6935, 2883 
8076, 6936, 2133 
8077, 6937, 2886 
8078, 6938, 2216 
8079, 6939, 2888 
8080, 6940, 365 
8081, 6941, 2890 
8082, 6942, 829 
8083, 6943, 2893 
8084, 6944, 246 
8085, 6945, 2895 
8086, 6946, 1524 
8087, 6947, 2896 
8088, 6948, 2661 
8089, 6949, 2897 
8090, 6950, 767 
8091, 6951, 2897 
8092, 6952, 2449 
8093, 6953, 2900 
8094, 6954, 467 
8095, 6955, 2901 
8096, 6956, 1534 
8097, 6957, 2901 
8098, 6958, 1581 
8099, 6959, 2901 
8100, 6960, 2650 
8101, 6961, 2904 
8102, 6962, 806 
8103, 6963, 2905 
8104, 6964, 687 
8105, 6965, 2905 
8106, 6966, 1112 
8107, 6967, 2905 
8108, 6968, 2165 
8109, 6969, 2907 
8110, 6970, 1234 
8111, 6971, 2908 
8112, 6972, 474 
8113, 6973, 2911 
8114, 6974, 496 
8115, 6975, 2911 
8116, 6976, 1063 
8117, 6977, 2914 
8118, 6978, 872 
8119, 6979, 2914 
8120, 6980, 1583 
8121, 6981, 2915 
8122, 6982, 785 
8123, 6983, 2915 
8124, 6984, 860 
8125, 6985, 2915 
8126, 6986, 1436 
8127, 6987, 2915 
8128, 6988, 1979 
8129, 6989, 2917 
8130, 6990, 796 
8131, 6991, 2917 
8132, 6992, 2818 
8133, 6993, 2917 
8134, 6994, 2820 
8135, 6995, 2918 
8136, 6996, 1595 
8137, 6997, 2918 
8138, 6998, 1834 
8139, 6999, 2919 
8140, 7000, 1368 
8141, 7001, 2920 
8142, 7002, 559 
8143, 7003, 2923 
8144, 7004, 1866 
8145, 7005, 2927 
8146, 7006, 2848 
8147, 7007, 2928 
8148, 7008, 515 
8149, 7009, 2928 
8150, 7010, 1026 
8151, 7011, 2928 
8152, 7012, 2783 
8153, 7013, 2929 
8154, 7014, 1564 
8155, 7015, 2929 
8156, 7016, 2214 
8157, 7017, 2932 
8158, 7018, 518 
8159, 7019, 2933 
8160, 7020, 1928 
8161, 7021, 2933 
8162, 7022, 2273 
8163, 7023, 2933 
8164, 7024, 2811 
8165, 7025, 2933 
8166, 7026, 2912 
8167, 7027, 2934 
8168, 7028, 1978 
8169, 7029, 2935 
8170, 7030, 136 
8171, 7031, 2935 
8172, 7032, 406 
8173, 7033, 2936 
8174, 7034, 1736 
8175, 7035, 2939 
8176, 7036, 86 
8177, 7037, 2946 
8178, 7038, 230 
8179, 7039, 2946 
8180, 7040, 850 
8181, 7041, 2946 
8182, 7042, 2566 
8183, 7043, 2947 
8184, 7044, 464 
8185, 7045, 2948 
8186, 7046, 1259 
8187, 7047, 2948 
8188, 7048, 1263 
8189, 7049, 2948 
8190, 7050, 2791 
8191, 7051, 2949 
8192, 7052, 1326 
8193, 7053, 2949 
8194, 7054, 2532 
8195, 7055, 2950 
8196, 7056, 1881 
8197, 7057, 2950 
8198, 7058, 2176 
8199, 7059, 2952 
8200, 7060, 1367 
8201, 7061, 2953 
8202, 7062, 2080 
8203, 7063, 2955 
8204, 7064, 1876 
8205, 7065, 2956 
8206, 7066, 2689 
8207, 7067, 2957 
8208, 7068, 1235 
8209, 7069, 2957 
8210, 7070, 2204 
8211, 7071, 2958 
8212, 7072, 1484 
8213, 7073, 2960 
8214, 7074, 630 
8215, 7075, 2960 
8216, 7076, 689 
8217, 7077, 2961 
8218, 7078, 2704 
8219, 7079, 2963 
8220, 7080, 623 
8221, 7081, 2963 
8222, 7082, 2081 
8223, 7083, 2964 
8224, 7084, 1730 
8225, 7085, 2964 
8226, 7086, 2644 
8227, 7087, 2965 
8228, 7088, 698 
8229, 7089, 2965 
8230, 7090, 1287 
8231, 7091, 2965 
8232, 7092, 1780 
8233, 7093, 2966 
8234, 7094, 2739 
8235, 7095, 2967 
8236, 7096, 193 
8237, 7097, 2969 
8238, 7098, 1390 
8239, 7099, 2970 
8240, 7100, 1875 
8241, 7101, 2971 
8242, 7102, 700 
8243, 7103, 2971 
8244, 7104, 1172 
8245, 7105, 2972 
8246, 7106, 237 
8247, 7107, 2972 
8248, 7108, 2657 
8249, 7109, 2975 
8250, 7110, 1001 
8251, 7111, 2975 
8252, 7112, 1014 
8253, 7113, 2976 
8254, 7114, 383 
8255, 7115, 2976 
8256, 7116, 1389 
8257, 7117, 2979 
8258, 7118, 1272 
8259, 7119, 2979 
8260, 7120, 2006 
8261, 7121, 2979 
8262, 7122, 2255 
8263, 7123, 2980 
8264, 7124, 1992 
8265, 7125, 2981 
8266, 7126, 111 
8267, 7127, 2982 
8268, 7128, 415 
8269, 7129, 2982 
8270, 7130, 2451 
8271, 7131, 2983 
8272, 7132, 349 
8273, 7133, 2984 
8274, 7134, 125 
8275, 7135, 2984 
8276, 7136, 895 
8277, 7137, 2985 
8278, 7138, 1603 
8279, 7139, 2988 
8280, 7140, 2951 
8281, 7141, 2990 
8282, 7142, 2307 
8283, 7143, 2990 
8284, 7144, 2700 
8285, 7145, 2991 
8286, 7146, 2302 
8287, 7147, 2992 
8288, 7148, 1463 
8289, 7149, 2992 
8290, 7150, 1771 
8291, 7151, 2992 
8292, 7152, 2113 
8293, 7153, 2993 
8294, 7154, 116 
8295, 7155, 2994 
8296, 7156, 516 
8297, 7157, 2995 
8298, 7158, 353 
8299, 7159, 2995 
8300, 7160, 441 
8301, 7161, 2995 
8302, 7162, 2044 
8303, 7163, 2998 
8304, 7164, 1812 
8305, 7165, 2998 
8306, 7166, 2214 
8307, 7167, 2998 
8308, 7168, 2855 
8309, 7169, 3000 
8310, 7170, 46 
8311, 7171, 3002 
8312, 7172, 693 
8313, 7173, 3002 
8314, 7174, 2513 
8315, 7175, 3002 
8316, 7176, 2862 
8317, 7177, 3004 
8318, 7178, 1048 
8319, 7179, 3004 
8320, 7180, 1191 
8321, 7181, 3005 
8322, 7182, 2042 
8323, 7183, 3005 
8324, 7184, 2327 
8325, 7185, 3006 
8326, 7186, 2684 
8327, 7187, 3007 
8328, 7188, 66 
8329, 7189, 3007 
8330, 7190, 170 
8331, 7191, 3007 
8332, 7192, 2161 
8333, 7193, 3009 
8334, 7194, 1758 
8335, 7195, 3009 
8336, 7196, 1928 
8337, 7197, 3010 
8338, 7198, 341 
8339, 7199, 3010 
8340, 7200, 2873 
8341, 7201, 3011 
8342, 7202, 371 
8343, 7203, 3011 
8344, 7204, 1898 
8345, 7205, 3013 
8346, 7206, 1292 
8347, 7207, 3013 
8348, 7208, 2098 
8349, 7209, 3013 
8350, 7210, 2871 
8351, 7211, 3014 
8352, 7212, 293 
8353, 7213, 3014 
8354, 7214, 734 
8355, 7215, 3014 
8356, 7216, 790 
8357, 7217, 3014 
8358, 7218, 2765 
8359, 7219, 3015 
8360, 7220, 2373 
8361, 7221, 3017 
8362, 7222, 2976 
8363, 7223, 3018 
8364, 7224, 666 
8365, 7225, 3018 
8366, 7226, 1264 
8367, 7227, 3021 
8368, 7228, 873 
8369, 7229, 3022 
8370, 7230, 1095 
8371, 7231, 3022 
8372, 7232, 1648 
8373, 7233, 3023 
8374, 7234, 1117 
8375, 7235, 3026 
8376, 7236, 845 
8377, 7237, 3026 
8378, 7238, 956 
8379, 7239, 3026 
8380, 7240, 1092 
8381, 7241, 3026 
8382, 7242, 2639 
8383, 7243, 3027 
8384, 7244, 926 
8385, 7245, 3027 
8386, 7246, 1687 
8387, 7247, 3029 
8388, 7248, 22 
8389, 7249, 3029 
8390, 7250, 493 
8391, 7251, 3030 
8392, 7252, 2890 
8393, 7253, 3031 
8394, 7254, 304 
8395, 7255, 3031 
8396, 7256, 1746 
8397, 7257, 3032 
8398, 7258, 634 
8399, 7259, 3032 
8400, 7260, 1826 
8401, 7261, 3033 
8402, 7262, 1074 
8403, 7263, 3034 
8404, 7264, 1497 
8405, 7265, 3034 
8406, 7266, 2531 
8407, 7267, 3035 
8408, 7268, 391 
8409, 7269, 3035 
8410, 7270, 769 
8411, 7271, 3035 
8412, 7272, 1468 
8413, 7273, 3036 
8414, 7274, 2486 
8415, 7275, 3039 
8416, 7276, 175 
8417, 7277, 3039 
8418, 7278, 1945 
8419, 7279, 3040 
8420, 7280, 29 
8421, 7281, 3040 
8422, 7282, 412 
8423, 7283, 3041 
8424, 7284, 930 
8425, 7285, 3042 
8426, 7286, 1739 
8427, 7287, 3043 
8428, 7288, 247 
8429, 7289, 3043 
8430, 7290, 459 
8431, 7291, 3045 
8432, 7292, 1386 
8433, 7293, 3045 
8434, 7294, 1851 
8435, 7295, 3046 
8436, 7296, 770 
8437, 7297, 3046 
8438, 7298, 1666 
8439, 7299, 3050 
8440, 7300, 789 
8441, 7301, 3050 
8442, 7302, 2881 
8443, 7303, 3051 
8444, 7304, 1152 
8445, 7305, 3053 
8446, 7306, 1325 
8447, 7307, 3053 
8448, 7308, 2465 
8449, 7309, 3053 
8450, 7310, 2751 
8451, 7311, 3054 
8452, 7312, 493 
8453, 7313, 3054 
8454, 7314, 1952 
8455, 7315, 3055 
8456, 7316, 858 
8457, 7317, 3056 
8458, 7318, 444 
8459, 7319, 3056 
8460, 7320, 2270 
8461, 7321, 3056 
8462, 7322, 2884 
8463, 7323, 3057 
8464, 7324, 1496 
8465, 7325, 3058 
8466, 7326, 2549 
8467, 7327, 3059 
8468, 7328, 756 
8469, 7329, 3059 
8470, 7330, 2308 
8471, 7331, 3059 
8472, 7332, 2829 
8473, 7333, 3059 
8474, 7334, 2871 
8475, 7335, 3060 
8476, 7336, 551 
8477, 7337, 3061 
8478, 7338, 428 
8479, 7339, 3062 
8480, 7340, 1512 
8481, 7341, 3062 
8482, 7342, 2595 
8483, 7343, 3064 
8484, 7344, 2027 
8485, 7345, 3067 
8486, 7346, 1782 
8487, 7347, 3068 
8488, 7348, 1291 
8489, 7349, 3069 
8490, 7350, 2517 
8491, 7351, 3069 
8492, 7352, 2620 
8493, 7353, 3073 
8494, 7354, 1131 
8495, 7355, 3073 
8496, 7356, 1259 
8497, 7357, 3075 
8498, 7358, 616 
8499, 7359, 3075 
8500, 7360, 1012 
8501, 7361, 3080 
8502, 7362, 890 
8503, 7363, 3080 
8504, 7364, 1649 
8505, 7365, 3080 
8506, 7366, 2497 
8507, 7367, 3081 
8508, 7368, 1142 
8509, 7369, 3082 
8510, 7370, 82 
8511, 7371, 3082 
8512, 7372, 1139 
8513, 7373, 3082 
8514, 7374, 1306 
8515, 7375, 3082 
8516, 7376, 1897 
8517, 7377, 3083 
8518, 7378, 1528 
8519, 7379, 3083 
8520, 7380, 1965 
8521, 7381, 3083 
8522, 7382, 2271 
8523, 7383, 3084 
8524, 7384, 195 
8525, 7385, 3084 
8526, 7386, 2997 
8527, 7387, 3085 
8528, 7388, 2067 
8529, 7389, 3087 
8530, 7390, 221 
8531, 7391, 3087 
8532, 7392, 1404 
8533, 7393, 3088 
8534, 7394, 2171 
8535, 7395, 3088 
8536, 7396, 2404 
8537, 7397, 3090 
8538, 7398, 1937 
8539, 7399, 3090 
8540, 7400, 2959 
8541, 7401, 3093 
8542, 7402, 541 
8543, 7403, 3093 
8544, 7404, 841 
8545, 7405, 3094 
8546, 7406, 1808 
8547, 7407, 3094 
8548, 7408, 1958 
8549, 7409, 3094 
8550, 7410, 2607 
8551, 7411, 3095 
8552, 7412, 1575 
8553, 7413, 3096 
8554, 7414, 243 
8555, 7415, 3096 
8556, 7416, 1780 
8557, 7417, 3097 
8558, 7418, 2685 
8559, 7419, 3097 
8560, 7420, 2701 
8561, 7421, 3097 
8562, 7422, 2759 
8563, 7423, 3098 
8564, 7424, 3006 
8565, 7425, 3099 
8566, 7426, 1301 
8567, 7427, 3099 
8568, 7428, 2247 
8569, 7429, 3099 
8570, 7430, 3060 
8571, 7431, 3101 
8572, 7432, 2153 
8573, 7433, 3102 
8574, 7434, 2066 
8575, 7435, 3103 
8576, 7436, 2717 
8577, 7437, 3105 
8578, 7438, 1014 
8579, 7439, 3105 
8580, 7440, 2860 
8581, 7441, 3106 
8582, 7442, 13 
8583, 7443, 3106 
8584, 7444, 603 
8585, 7445, 3107 
8586, 7446, 316 
8587, 7447, 3108 
8588, 7448, 315 
8589, 7449, 3108 
8590, 7450, 1418 
8591, 7451, 3108 
8592, 7452, 2022 
8593, 7453, 3109 
8594, 7454, 1533 
8595, 7455, 3109 
8596, 7456, 2597 
8597, 7457, 3110 
8598, 7458, 2812 
8599, 7459, 3112 
8600, 7460, 1234 
8601, 7461, 3112 
8602, 7462, 1935 
8603, 7463, 3113 
8604, 7464, 1359 
8605, 7465, 3113 
8606, 7466, 1476 
8607, 7467, 3113 
8608, 7468, 2629 
8609, 7469, 3115 
8610, 7470, 796 
8611, 7471, 3116 
8612, 7472, 1911 
8613, 7473, 3119 
8614, 7474, 888 
8615, 7475, 3119 
8616, 7476, 1705 
8617, 7477, 3121 
8618, 7478, 1417 
8619, 7479, 3121 
8620, 7480, 2272 
8621, 7481, 3122 
8622, 7482, 1145 
8623, 7483, 3122 
8624, 7484, 2583 
8625, 7485, 3123 
8626, 7486, 652 
8627, 7487, 3123 
8628, 7488, 1128 
8629, 7489, 3124 
8630, 7490, 1127 
8631, 7491, 3125 
8632, 7492, 248 
8633, 7493, 3125 
8634, 7494, 2181 
8635, 7495, 3126 
8636, 7496, 430 
8637, 7497, 3126 
8638, 7498, 1986 
8639, 7499, 3127 
8640, 7500, 425 
8641, 7501, 3127 
8642, 7502, 1871 
8643, 7503, 3128 
8644, 7504, 1105 
8645, 7505, 3128 
8646, 7506, 1358 
8647, 7507, 3130 
8648, 7508, 563 
8649, 7509, 3131 
8650, 7510, 580 
8651, 7511, 3132 
8652, 7512, 969 
8653, 7513, 3132 
8654, 7514, 1014 
8655, 7515, 3133 
8656, 7516, 2274 
8657, 7517, 3133 
8658, 7518, 2900 
8659, 7519, 3134 
8660, 7520, 370 
8661, 7521, 3134 
8662, 7522, 2466 
8663, 7523, 3134 
8664, 7524, 2765 
8665, 7525, 3135 
8666, 7526, 1242 
8667, 7527, 3137 
8668, 7528, 543 
8669, 7529, 3140 
8670, 7530, 870 
8671, 7531, 3142 
8672, 7532, 3047 
8673, 7533, 3145 
8674, 7534, 829 
8675, 7535, 3146 
8676, 7536, 552 
8677, 7537, 3146 
8678, 7538, 2044 
8679, 7539, 3147 
8680, 7540, 642 
8681, 7541, 3147 
8682, 7542, 1649 
8683, 7543, 3148 
8684, 7544, 283 
8685, 7545, 3148 
8686, 7546, 717 
8687, 7547, 3148 
8688, 7548, 2225 
8689, 7549, 3149 
8690, 7550, 1966 
8691, 7551, 3151 
8692, 7552, 1888 
8693, 7553, 3152 
8694, 7554, 2860 
8695, 7555, 3154 
8696, 7556, 1535 
8697, 7557, 3154 
8698, 7558, 2038 
8699, 7559, 3155 
8700, 7560, 1019 
8701, 7561, 3156 
8702, 7562, 350 
8703, 7563, 3156 
8704, 7564, 1541 
8705, 7565, 3157 
8706, 7566, 617 
8707, 7567, 3157 
8708, 7568, 1037 
8709, 7569, 3157 
8710, 7570, 1519 
8711, 7571, 3159 
8712, 7572, 1387 
8713, 7573, 3159 
8714, 7574, 1653 
8715, 7575, 3160 
8716, 7576, 1143 
8717, 7577, 3163 
8718, 7578, 2408 
8719, 7579, 3164 
8720, 7580, 3121 
8721, 7581, 3165 
8722, 7582, 2237 
8723, 7583, 3166 
8724, 7584, 1636 
8725, 7585, 3166 
8726, 7586, 2391 
8727, 7587, 3168 
8728, 7588, 1346 
8729, 7589, 3168 
8730, 7590, 2476 
8731, 7591, 3171 
8732, 7592, 1721 
8733, 7593, 3172 
8734, 7594, 1108 
8735, 7595, 3172 
8736, 7596, 1745 
8737, 7597, 3173 
8738, 7598, 464 
8739, 7599, 3173 
8740, 7600, 1990 
8741, 7601, 3173 
8742, 7602, 3011 
8743, 7603, 3174 
8744, 7604, 718 
8745, 7605, 3174 
8746, 7606, 3006 
8747, 7607, 3175 
8748, 7608, 422 
8749, 7609, 3176 
8750, 7610, 1934 
8751, 7611, 3177 
8752, 7612, 758 
8753, 7613, 3177 
8754, 7614, 2892 
8755, 7615, 3178 
8756, 7616, 2342 
8757, 7617, 3180 
8758, 7618, 1143 
8759, 7619, 3180 
8760, 7620, 1367 
8761, 7621, 3181 
8762, 7622, 2760 
8763, 7623, 3182 
8764, 7624, 1271 
8765, 7625, 3182 
8766, 7626, 1817 
8767, 7627, 3183 
8768, 7628, 1471 
8769, 7629, 3186 
8770, 7630, 2571 
8771, 7631, 3191 
8772, 7632, 1956 
8773, 7633, 3191 
8774, 7634, 2665 
8775, 7635, 3192 
8776, 7636, 880 
8777, 7637, 3194 
8778, 7638, 337 
8779, 7639, 3194 
8780, 7640, 1037 
8781, 7641, 3195 
8782, 7642, 1141 
8783, 7643, 3195 
8784, 7644, 3093 
8785, 7645, 3196 
8786, 7646, 2263 
8787, 7647, 3198 
8788, 7648, 576 
8789, 7649, 3199 
8790, 7650, 675 
8791, 7651, 3200 
8792, 7652, 1100 
8793, 7653, 3201 
8794, 7654, 830 
8795, 7655, 3201 
8796, 7656, 2137 
8797, 7657, 3202 
8798, 7658, 661 
8799, 7659, 3202 
8800, 7660, 1339 
8801, 7661, 3202 
8802, 7662, 1758 
8803, 7663, 3203 
8804, 7664, 86 
8805, 7665, 3203 
8806, 7666, 2001 
8807, 7667, 3204 
8808, 7668, 1235 
8809, 7669, 3204 
8810, 7670, 2764 
8811, 7671, 3205 
8812, 7672, 332 
8813, 7673, 3205 
8814, 7674, 1956 
8815, 7675, 3206 
8816, 7676, 2121 
8817, 7677, 3206 
8818, 7678, 3051 
8819, 7679, 3207 
8820, 7680, 3036 
8821, 7681, 3208 
8822, 7682, 2219 
8823, 7683, 3211 
8824, 7684, 2293 
8825, 7685, 3212 
8826, 7686, 1592 
8827, 7687, 3213 
8828, 7688, 14 
8829, 7689, 3213 
8830, 7690, 923 
8831, 7691, 3214 
8832, 7692, 2096 
8833, 7693, 3215 
8834, 7694, 831 
8835, 7695, 3215 
8836, 7696, 2550 
8837, 7697, 3219 
8838, 7698, 133 
8839, 7699, 3219 
8840, 7700, 190 
8841, 7701, 3220 
8842, 7702, 2082 
8843, 7703, 3221 
8844, 7704, 1050 
8845, 7705, 3221 
8846, 7706, 2510 
8847, 7707, 3221 
8848, 7708, 2932 
8849, 7709, 3222 
8850, 7710, 2122 
8851, 7711, 3224 
8852, 7712, 2400 
8853, 7713, 3224 
8854, 7714, 3007 
8855, 7715, 3226 
8856, 7716, 183 
8857, 7717, 3226 
8858, 7718, 598 
8859, 7719, 3228 
8860, 7720, 742 
8861, 7721, 3228 
8862, 7722, 1569 
8863, 7723, 3228 
8864, 7724, 1926 
8865, 7725, 3229 
8866, 7726, 326 
8867, 7727, 3229 
8868, 7728, 1329 
8869, 7729, 3230 
8870, 7730, 1873 
8871, 7731, 3231 
8872, 7732, 535 
8873, 7733, 3231 
8874, 7734, 955 
8875, 7735, 3231 
8876, 7736, 2428 
8877, 7737, 3232 
8878, 7738, 1038 
8879, 7739, 3232 
8880, 7740, 3131 
8881, 7741, 3234 
8882, 7742, 1376 
8883, 7743, 3236 
8884, 7744, 2149 
8885, 7745, 3236 
8886, 7746, 2805 
8887, 7747, 3238 
8888, 7748, 6 
8889, 7749, 3238 
8890, 7750, 136 
8891, 7751, 3238 
8892, 7752, 1198 
8893, 7753, 3238 
8894, 7754, 3236 
8895, 7755, 3240 
8896, 7756, 487 
8897, 7757, 3240 
8898, 7758, 2243 
8899, 7759, 3240 
8900, 7760, 2346 
8901, 7761, 3241 
8902, 7762, 184 
8903, 7763, 3241 
8904, 7764, 980 
8905, 7765, 3241 
8906, 7766, 1499 
8907, 7767, 3241 
8908, 7768, 2459 
8909, 7769, 3242 
8910, 7770, 1466 
8911, 7771, 3243 
8912, 7772, 612 
8913, 7773, 3243 
8914, 7774, 629 
8915, 7775, 3243 
8916, 7776, 3062 
8917, 7777, 3244 
8918, 7778, 857 
8919, 7779, 3244 
8920, 7780, 1690 
8921, 7781, 3245 
8922, 7782, 1023 
8923, 7783, 3245 
8924, 7784, 2677 
8925, 7785, 3246 
8926, 7786, 85 
8927, 7787, 3246 
8928, 7788, 1977 
8929, 7789, 3247 
8930, 7790, 79 
8931, 7791, 3249 
8932, 7792, 601 
8933, 7793, 3250 
8934, 7794, 549 
8935, 7795, 3250 
8936, 7796, 3083 
8937, 7797, 3251 
8938, 7798, 2846 
8939, 7799, 3254 
8940, 7800, 714 
8941, 7801, 3254 
8942, 7802, 925 
8943, 7803, 3254 
8944, 7804, 2273 
8945, 7805, 3255 
8946, 7806, 910 
8947, 7807, 3256 
8948, 7808, 2819 
8949, 7809, 3256 
8950, 7810, 3044 
8951, 7811, 3257 
8952, 7812, 257 
8953, 7813, 3257 
8954, 7814, 2062 
8955, 7815, 3258 
8956, 7816, 654 
8957, 7817, 3261 
8958, 7818, 1409 
8959, 7819, 3261 
8960, 7820, 2168 
8961, 7821, 3262 
8962, 7822, 985 
8963, 7823, 3262 
8964, 7824, 1612 
8965, 7825, 3262 
8966, 7826, 1839 
8967, 7827, 3263 
8968, 7828, 1447 
8969, 7829, 3266 
8970, 7830, 87 
8971, 7831, 3267 
8972, 7832, 2935 
8973, 7833, 3267 
8974, 7834, 3053 
8975, 7835, 3269 
8976, 7836, 1503 
8977, 7837, 3271 
8978, 7838, 295 
8979, 7839, 3271 
8980, 7840, 1109 
8981, 7841, 3271 
8982, 7842, 1375 
8983, 7843, 3271 
8984, 7844, 1948 
8985, 7845, 3272 
8986, 7846, 235 
8987, 7847, 3272 
8988, 7848, 3253 
8989, 7849, 3273 
8990, 7850, 1001 
8991, 7851, 3273 
8992, 7852, 1819 
8993, 7853, 3275 
8994, 7854, 1184 
8995, 7855, 3276 
8996, 7856, 604 
8997, 7857, 3276 
8998, 7858, 1178 
8999, 7859, 3280 
9000, 7860, 229 
9001, 7861, 3280 
9002, 7862, 432 
9003, 7863, 3281 
9004, 7864, 1370 
9005, 7865, 3281 
9006, 7866, 1679 
9007, 7867, 3283 
9008, 7868, 418 
9009, 7869, 3283 
9010, 7870, 2610 
9011, 7871, 3283 
9012, 7872, 3095 
9013, 7873, 3285 
9014, 7874, 1634 
9015, 7875, 3285 
9016, 7876, 2350 
9017, 7877, 3285 
9018, 7878, 3106 
9019, 7879, 3286 
9020, 7880, 798 
9021, 7881, 3286 
9022, 7882, 2049 
9023, 7883, 3287 
9024, 7884, 1738 
9025, 7885, 3288 
9026, 7886, 3166 
9027, 7887, 3289 
9028, 7888, 1287 
9029, 7889, 3289 
9030, 7890, 1766 
9031, 7891, 3290 
9032, 7892, 2199 
9033, 7893, 3291 
9034, 7894, 1287 
9035, 7895, 3292 
9036, 7896, 2177 
9037, 7897, 3292 
9038, 7898, 3180 
9039, 7899, 3293 
9040, 7900, 46 
9041, 7901, 3293 
9042, 7902, 631 
9043, 7903, 3293 
9044, 7904, 2569 
9045, 7905, 3297 
9046, 7906, 1125 
9047, 7907, 3297 
9048, 7908, 1738 
9049, 7909, 3297 
9050, 7910, 2348 
9051, 7911, 3297 
9052, 7912, 2664 
9053, 7913, 3299 
9054, 7914, 1487 
9055, 7915, 3300 
9056, 7916, 1250 
9057, 7917, 3300 
9058, 7918, 2024 
9059, 7919, 3300 
9060, 7920, 2839 
9061, 7921, 3301 
9062, 7922, 2047 
9063, 7923, 3301 
9064, 7924, 2213 
9065, 7925, 3302 
9066, 7926, 854 
9067, 7927, 3304 
9068, 7928, 2209 
9069, 7929, 3305 
9070, 7930, 2642 
9071, 7931, 3305 
9072, 7932, 2693 
9073, 7933, 3306 
9074, 7934, 2842 
9075, 7935, 3307 
9076, 7936, 1120 
9077, 7937, 3309 
9078, 7938, 2074 
9079, 7939, 3310 
9080, 7940, 3263 
9081, 7941, 3311 
9082, 7942, 1091 
9083, 7943, 3313 
9084, 7944, 1808 
9085, 7945, 3313 
9086, 7946, 2678 
9087, 7947, 3314 
9088, 7948, 2497 
9089, 7949, 3314 
9090, 7950, 2600 
9091, 7951, 3314 
9092, 7952, 2982 
9093, 7953, 3315 
9094, 7954, 86 
9095, 7955, 3315 
9096, 7956, 839 
9097, 7957, 3315 
9098, 7958, 1661 
9099, 7959, 3316 
9100, 7960, 1442 
9101, 7961, 3318 
9102, 7962, 2357 
9103, 7963, 3319 
9104, 7964, 1283 
9105, 7965, 3319 
9106, 7966, 2879 
9107, 7967, 3319 
9108, 7968, 2895 
9109, 7969, 3321 
9110, 7970, 1613 
9111, 7971, 3323 
9112, 7972, 2380 
9113, 7973, 3324 
9114, 7974, 149 
9115, 7975, 3324 
9116, 7976, 321 
9117, 7977, 3324 
9118, 7978, 729 
9119, 7979, 3326 
9120, 7980, 356 
9121, 7981, 3326 
9122, 7982, 578 
9123, 7983, 3326 
9124, 7984, 671 
9125, 7985, 3326 
9126, 7986, 853 
9127, 7987, 3327 
9128, 7988, 1380 
9129, 7989, 3328 
9130, 7990, 1650 
9131, 7991, 3329 
9132, 7992, 3157 
9133, 7993, 3331 
9134, 7994, 418 
9135, 7995, 3331 
9136, 7996, 868 
9137, 7997, 3331 
9138, 7998, 2253 
9139, 7999, 3331 
9140, 8000, 2370 
9141, 8001, 3332 
9142, 8002, 814 
9143, 8003, 3332 
9144, 8004, 926 
9145, 8005, 3332 
9146, 8006, 2785 
9147, 8007, 3334 
9148, 8008, 2509 
9149, 8009, 3334 
9150, 8010, 2769 
9151, 8011, 3335 
9152, 8012, 2457 
9153, 8013, 3335 
9154, 8014, 3140 
9155, 8015, 3336 
9156, 8016, 1075 
9157, 8017, 3336 
9158, 8018, 1994 
9159, 8019, 3336 
9160, 8020, 2371 
9161, 8021, 3338 
9162, 8022, 662 
9163, 8023, 3339 
9164, 8024, 575 
9165, 8025, 3339 
9166, 8026, 2573 
9167, 8027, 3339 
9168, 8028, 2846 
9169, 8029, 3339 
9170, 8030, 2869 
9171, 8031, 3340 
9172, 8032, 2018 
9173, 8033, 3340 
9174, 8034, 2410 
9175, 8035, 3341 
9176, 8036, 837 
9177, 8037, 3341 
9178, 8038, 1141 
9179, 8039, 3341 
9180, 8040, 3118 
9181, 8041, 3342 
9182, 8042, 549 
9183, 8043, 3342 
9184, 8044, 2337 
9185, 8045, 3342 
9186, 8046, 3104 
9187, 8047, 3343 
9188, 8048, 976 
9189, 8049, 3345 
9190, 8050, 2596 
9191, 8051, 3346 
9192, 8052, 2985 
9193, 8053, 3347 
9194, 8054, 634 
9195, 8055, 3347 
9196, 8056, 2452 
9197, 8057, 3347 
9198, 8058, 2761 
9199, 8059, 3347 
9200, 8060, 3027 
9201, 8061, 3353 
9202, 8062, 996 
9203, 8063, 3353 
9204, 8064, 2089 
9205, 8065, 3353 
9206, 8066, 2505 
9207, 8067, 3355 
9208, 8068, 1157 
9209, 8069, 3357 
9210, 8070, 298 
9211, 8071, 3357 
9212, 8072, 2310 
9213, 8073, 3359 
9214, 8074, 1794 
9215, 8075, 3360 
9216, 8076, 1522 
9217, 8077, 3360 
9218, 8078, 2072 
9219, 8079, 3361 
9220, 8080, 828 
9221, 8081, 3361 
9222, 8082, 1640 
9223, 8083, 3361 
9224, 8084, 2760 
9225, 8085, 3362 
9226, 8086, 1105 
9227, 8087, 3362 
9228, 8088, 2527 
9229, 8089, 3362 
9230, 8090, 2674 
9231, 8091, 3363 
9232, 8092, 295 
9233, 8093, 3364 
9234, 8094, 152 
9235, 8095, 3364 
9236, 8096, 2836 
9237, 8097, 3365 
9238, 8098, 2431 
9239, 8099, 3365 
9240, 8100, 2655 
9241, 8101, 3366 
9242, 8102, 1735 
9243, 8103, 3366 
9244, 8104, 2068 
9245, 8105, 3366 
9246, 8106, 3328 
9247, 8107, 3367 
9248, 8108, 1745 
9249, 8109, 3368 
9250, 8110, 3110 
9251, 8111, 3369 
9252, 8112, 909 
9253, 8113, 3369 
9254, 8114, 3230 
9255, 8115, 3370 
9256, 8116, 612 
9257, 8117, 3370 
9258, 8118, 2659 
9259, 8119, 3371 
9260, 8120, 1131 
9261, 8121, 3371 
9262, 8122, 2183 
9263, 8123, 3373 
9264, 8124, 1196 
9265, 8125, 3377 
9266, 8126, 1024 
9267, 8127, 3377 
9268, 8128, 1281 
9269, 8129, 3380 
9270, 8130, 2663 
9271, 8131, 3382 
9272, 8132, 1008 
9273, 8133, 3382 
9274, 8134, 1214 
9275, 8135, 3382 
9276, 8136, 3251 
9277, 8137, 3383 
9278, 8138, 898 
9279, 8139, 3383 
9280, 8140, 2810 
9281, 8141, 3386 
9282, 8142, 2247 
9283, 8143, 3386 
9284, 8144, 3060 
9285, 8145, 3389 
9286, 8146, 708 
9287, 8147, 3390 
9288, 8148, 512 
9289, 8149, 3391 
9290, 8150, 1391 
9291, 8151, 3392 
9292, 8152, 607 
9293, 8153, 3392 
9294, 8154, 2085 
9295, 8155, 3393 
9296, 8156, 257 
9297, 8157, 3393 
9298, 8158, 1464 
9299, 8159, 3393 
9300, 8160, 2483 
9301, 8161, 3393 
9302, 8162, 2625 
9303, 8163, 3394 
9304, 8164, 839 
9305, 8165, 3397 
9306, 8166, 810 
9307, 8167, 3397 
9308, 8168, 1337 
9309, 8169, 3397 
9310, 8170, 1438 
9311, 8171, 3398 
9312, 8172, 1134 
9313, 8173, 3398 
9314, 8174, 2639 
9315, 8175, 3399 
9316, 8176, 1708 
9317, 8177, 3399 
9318, 8178, 3396 
9319, 8179, 3400 
9320, 8180, 700 
9321, 8181, 3400 
9322, 8182, 1536 
9323, 8183, 3400 
9324, 8184, 3024 
9325, 8185, 3402 
9326, 8186, 130 
9327, 8187, 3402 
9328, 8188, 1796 
9329, 8189, 3405 
9330, 8190, 290 
9331, 8191, 3406 
9332, 8192, 1971 
9333, 8193, 3407 
9334, 8194, 994 
9335, 8195, 3408 
9336, 8196, 794 
9337, 8197, 3408 
9338, 8198, 1570 
9339, 8199, 3409 
9340, 8200, 1912 
9341, 8201, 3409 
9342, 8202, 2341 
9343, 8203, 3410 
9344, 8204, 743 
9345, 8205, 3410 
9346, 8206, 1929 
9347, 8207, 3410 
9348, 8208, 2773 
9349, 8209, 3411 
9350, 8210, 2018 
9351, 8211, 3411 
9352, 8212, 2300 
9353, 8213, 3411 
9354, 8214, 2577 
9355, 8215, 3412 
9356, 8216, 2674 
9357, 8217, 3412 
9358, 8218, 2991 
9359, 8219, 3413 
9360, 8220, 1058 
9361, 8221, 3413 
9362, 8222, 1810 
9363, 8223, 3416 
9364, 8224, 658 
9365, 8225, 3416 
9366, 8226, 2981 
9367, 8227, 3417 
9368, 8228, 93 
9369, 8229, 3419 
9370, 8230, 1722 
9371, 8231, 3419 
9372, 8232, 2885 
9373, 8233, 3420 
9374, 8234, 2271 
9375, 8235, 3421 
9376, 8236, 118 
9377, 8237, 3421 
9378, 8238, 162 
9379, 8239, 3421 
9380, 8240, 422 
9381, 8241, 3422 
9382, 8242, 685 
9383, 8243, 3423 
9384, 8244, 640 
9385, 8245, 3423 
9386, 8246, 1601 
9387, 8247, 3423 
9388, 8248, 3327 
9389, 8249, 3424 
9390, 8250, 3015 
9391, 8251, 3424 
9392, 8252, 3032 
9393, 8253, 3425 
9394, 8254, 2442 
9395, 8255, 3425 
9396, 8256, 2504 
9397, 8257, 3426 
9398, 8258, 156 
9399, 8259, 3426 
9400, 8260, 1573 
9401, 8261, 3426 
9402, 8262, 2725 
9403, 8263, 3426 
9404, 8264, 3202 
9405, 8265, 3428 
9406, 8266, 267 
9407, 8267, 3428 
9408, 8268, 2385 
9409, 8269, 3429 
9410, 8270, 906 
9411, 8271, 3429 
9412, 8272, 1973 
9413, 8273, 3432 
9414, 8274, 537 
9415, 8275, 3433 
9416, 8276, 4 
9417, 8277, 3433 
9418, 8278, 2970 
9419, 8279, 3434 
9420, 8280, 1626 
9421, 8281, 3436 
9422, 8282, 1459 
9423, 8283, 3436 
9424, 8284, 3085 
9425, 8285, 3437 
9426, 8286, 384 
9427, 8287, 3437 
9428, 8288, 2558 
9429, 8289, 3437 
9430, 8290, 2976 
9431, 8291, 3439 
9432, 8292, 2063 
9433, 8293, 3439 
9434, 8294, 2433 
9435, 8295, 3439 
9436, 8296, 2743 
9437, 8297, 3442 
9438, 8298, 844 
9439, 8299, 3442 
9440, 8300, 1542 
9441, 8301, 3444 
9442, 8302, 921 
9443, 8303, 3445 
9444, 8304, 3193 
9445, 8305, 3448 
9446, 8306, 1212 
9447, 8307, 3450 
9448, 8308, 456 
9449, 8309, 3450 
9450, 8310, 870 
9451, 8311, 3451 
9452, 8312, 213 
9453, 8313, 3451 
9454, 8314, 2400 
9455, 8315, 3453 
9456, 8316, 1794 
9457, 8317, 3456 
9458, 8318, 727 
9459, 8319, 3460 
9460, 8320, 2963 
9461, 8321, 3461 
9462, 8322, 1146 
9463, 8323, 3461 
9464, 8324, 2635 
9465, 8325, 3463 
9466, 8326, 650 
9467, 8327, 3463 
9468, 8328, 2709 
9469, 8329, 3465 
9470, 8330, 3432 
9471, 8331, 3466 
9472, 8332, 409 
9473, 8333, 3466 
9474, 8334, 786 
9475, 8335, 3466 
9476, 8336, 1163 
9477, 8337, 3467 
9478, 8338, 328 
9479, 8339, 3467 
9480, 8340, 1971 
9481, 8341, 3469 
9482, 8342, 2403 
9483, 8343, 3469 
9484, 8344, 2607 
9485, 8345, 3470 
9486, 8346, 2211 
9487, 8347, 3471 
9488, 8348, 2373 
9489, 8349, 3471 
9490, 8350, 2984 
9491, 8351, 3471 
9492, 8352, 3363 
9493, 8353, 3472 
9494, 8354, 1146 
9495, 8355, 3472 
9496, 8356, 2694 
9497, 8357, 3473 
9498, 8358, 1961 
9499, 8359, 3473 
9500, 8360, 3173 
9501, 8361, 3474 
9502, 8362, 3246 
9503, 8363, 3476 
9504, 8364, 627 
9505, 8365, 3478 
9506, 8366, 3 
9507, 8367, 3478 
9508, 8368, 2674 
9509, 8369, 3479 
9510, 8370, 162 
9511, 8371, 3479 
9512, 8372, 2515 
9513, 8373, 3480 
9514, 8374, 734 
9515, 8375, 3480 
9516, 8376, 2630 
9517, 8377, 3480 
9518, 8378, 3314 
9519, 8379, 3481 
9520, 8380, 2595 
9521, 8381, 3481 
9522, 8382, 2658 
9523, 8383, 3483 
9524, 8384, 532 
9525, 8385, 3484 
9526, 8386, 996 
9527, 8387, 3485 
9528, 8388, 827 
9529, 8389, 3485 
9530, 8390, 2422 
9531, 8391, 3486 
9532, 8392, 534 
9533, 8393, 3486 
9534, 8394, 2226 
9535, 8395, 3487 
9536, 8396, 840 
9537, 8397, 3487 
9538, 8398, 3010 
9539, 8399, 3488 
9540, 8400, 2251 
9541, 8401, 3489 
9542, 8402, 107 
9543, 8403, 3489 
9544, 8404, 2480 
9545, 8405, 3495 
9546, 8406, 395 
9547, 8407, 3495 
9548, 8408, 2932 
9549, 8409, 3497 
9550, 8410, 2396 
9551, 8411, 3498 
9552, 8412, 819 
9553, 8413, 3498 
9554, 8414, 1798 
9555, 8415, 3498 
9556, 8416, 2130 
9557, 8417, 3498 
9558, 8418, 3195 
9559, 8419, 3500 
9560, 8420, 2284 
9561, 8421, 3501 
9562, 8422, 683 
9563, 8423, 3502 
9564, 8424, 2182 
9565, 8425, 3503 
9566, 8426, 964 
9567, 8427, 3504 
9568, 8428, 2019 
9569, 8429, 3506 
9570, 8430, 461 
9571, 8431, 3507 
9572, 8432, 187 
9573, 8433, 3508 
9574, 8434, 1613 
9575, 8435, 3508 
9576, 8436, 1805 
9577, 8437, 3508 
9578, 8438, 2288 
9579, 8439, 3509 
9580, 8440, 3322 
9581, 8441, 3510 
9582, 8442, 193 
9583, 8443, 3510 
9584, 8444, 643 
9585, 8445, 3510 
9586, 8446, 874 
9587, 8447, 3511 
9588, 8448, 3420 
9589, 8449, 3511 
9590, 8450, 3494 
9591, 8451, 3513 
9592, 8452, 3302 
9593, 8453, 3514 
9594, 8454, 419 
9595, 8455, 3514 
9596, 8456, 1722 
9597, 8457, 3517 
9598, 8458, 10 
9599, 8459, 3517 
9600, 8460, 729 
9601, 8461, 3517 
9602, 8462, 2374 
9603, 8463, 3518 
9604, 8464, 1398 
9605, 8465, 3519 
9606, 8466, 829 
9607, 8467, 3520 
9608, 8468, 909 
9609, 8469, 3520 
9610, 8470, 1620 
9611, 8471, 3522 
9612, 8472, 2110 
9613, 8473, 3522 
9614, 8474, 2458 
9615, 8475, 3523 
9616, 8476, 1575 
9617, 8477, 3523 
9618, 8478, 1712 
9619, 8479, 3523 
9620, 8480, 2355 
9621, 8481, 3524 
9622, 8482, 925 
9623, 8483, 3524 
9624, 8484, 1042 
9625, 8485, 3525 
9626, 8486, 2077 
9627, 8487, 3526 
9628, 8488, 1051 
9629, 8489, 3527 
9630, 8490, 454 
9631, 8491, 3527 
9632, 8492, 1680 
9633, 8493, 3528 
9634, 8494, 513 
9635, 8495, 3528 
9636, 8496, 1132 
9637, 8497, 3529 
9638, 8498, 708 
9639, 8499, 3529 
9640, 8500, 724 
9641, 8501, 3529 
9642, 8502, 1344 
9643, 8503, 3529 
9644, 8504, 2184 
9645, 8505, 3531 
9646, 8506, 883 
9647, 8507, 3531 
9648, 8508, 1136 
9649, 8509, 3531 
9650, 8510, 2733 
9651, 8511, 3532 
9652, 8512, 1269 
9653, 8513, 3533 
9654, 8514, 975 
9655, 8515, 3533 
9656, 8516, 2117 
9657, 8517, 3533 
9658, 8518, 3099 
9659, 8519, 3534 
9660, 8520, 1114 
9661, 8521, 3534 
9662, 8522, 3100 
9663, 8523, 3535 
9664, 8524, 45 
9665, 8525, 3536 
9666, 8526, 1338 
9667, 8527, 3537 
9668, 8528, 1338 
9669, 8529, 3538 
9670, 8530, 12 
9671, 8531, 3538 
9672, 8532, 2714 
9673, 8533, 3538 
9674, 8534, 3045 
9675, 8535, 3540 
9676, 8536, 41 
9677, 8537, 3540 
9678, 8538, 108 
9679, 8539, 3540 
9680, 8540, 946 
9681, 8541, 3540 
9682, 8542, 1603 
9683, 8543, 3541 
9684, 8544, 1528 
9685, 8545, 3542 
9686, 8546, 1082 
9687, 8547, 3542 
9688, 8548, 3105 
9689, 8549, 3549 
9690, 8550, 3018 
9691, 8551, 3550 
9692, 8552, 264 
9693, 8553, 3550 
9694, 8554, 529 
9695, 8555, 3550 
9696, 8556, 2038 
9697, 8557, 3551 
9698, 8558, 103 
9699, 8559, 3551 
9700, 8560, 1037 
9701, 8561, 3551 
9702, 8562, 1840 
9703, 8563, 3553 
9704, 8564, 732 
9705, 8565, 3553 
9706, 8566, 1187 
9707, 8567, 3555 
9708, 8568, 260 
9709, 8569, 3555 
9710, 8570, 3532 
9711, 8571, 3556 
9712, 8572, 434 
9713, 8573, 3557 
9714, 8574, 1114 
9715, 8575, 3557 
9716, 8576, 1426 
9717, 8577, 3559 
9718, 8578, 569 
9719, 8579, 3559 
9720, 8580, 879 
9721, 8581, 3559 
9722, 8582, 2063 
9723, 8583, 3560 
9724, 8584, 350 
9725, 8585, 3560 
9726, 8586, 1216 
9727, 8587, 3560 
9728, 8588, 1360 
9729, 8589, 3561 
9730, 8590, 1122 
9731, 8591, 3561 
9732, 8592, 2659 
9733, 8593, 3561 
9734, 8594, 3514 
9735, 8595, 3562 
9736, 8596, 3116 
9737, 8597, 3563 
9738, 8598, 3071 
9739, 8599, 3564 
9740, 8600, 1603 
9741, 8601, 3564 
9742, 8602, 2865 
9743, 8603, 3565 
9744, 8604, 2364 
9745, 8605, 3565 
9746, 8606, 2983 
9747, 8607, 3565 
9748, 8608, 3190 
9749, 8609, 3566 
9750, 8610, 320 
9751, 8611, 3566 
9752, 8612, 484 
9753, 8613, 3566 
9754, 8614, 631 
9755, 8615, 3567 
9756, 8616, 757 
9757, 8617, 3567 
9758, 8618, 2526 
9759, 8619, 3567 
9760, 8620, 3233 
9761, 8621, 3569 
9762, 8622, 1278 
9763, 8623, 3569 
9764, 8624, 3478 
9765, 8625, 3570 
9766, 8626, 1512 
9767, 8627, 3570 
9768, 8628, 2566 
9769, 8629, 3570 
9770, 8630, 3327 
9771, 8631, 3572 
9772, 8632, 592 
9773, 8633, 3572 
9774, 8634, 831 
9775, 8635, 3573 
9776, 8636, 431 
9777, 8637, 3575 
9778, 8638, 242 
9779, 8639, 3575 
9780, 8640, 2320 
9781, 8641, 3575 
9782, 8642, 2908 
9783, 8643, 3575 
9784, 8644, 3363 
9785, 8645, 3576 
9786, 8646, 2246 
9787, 8647, 3577 
9788, 8648, 2241 
9789, 8649, 3578 
9790, 8650, 385 
9791, 8651, 3578 
9792, 8652, 1143 
9793, 8653, 3579 
9794, 8654, 2028 
9795, 8655, 3579 
9796, 8656, 2253 
9797, 8657, 3580 
9798, 8658, 764 
9799, 8659, 3580 
9800, 8660, 2466 
9801, 8661, 3580 
9802, 8662, 3445 
9803, 8663, 3581 
9804, 8664, 2011 
9805, 8665, 3582 
9806, 8666, 1132 
9807, 8667, 3582 
9808, 8668, 1139 
9809, 8669, 3582 
9810, 8670, 2847 
9811, 8671, 3582 
9812, 8672, 2949 
9813, 8673, 3583 
9814, 8674, 1142 
9815, 8675, 3583 
9816, 8676, 3161 
9817, 8677, 3584 
9818, 8678, 894 
9819, 8679, 3585 
9820, 8680, 1296 
9821, 8681, 3585 
9822, 8682, 1497 
9823, 8683, 3585 
9824, 8684, 2759 
9825, 8685, 3586 
9826, 8686, 556 
9827, 8687, 3587 
9828, 8688, 972 
9829, 8689, 3587 
9830, 8690, 2694 
9831, 8691, 3588 
9832, 8692, 56 
9833, 8693, 3588 
9834, 8694, 1958 
9835, 8695, 3589 
9836, 8696, 88 
9837, 8697, 3590 
9838, 8698, 1770 
9839, 8699, 3591 
9840, 8700, 3432 
9841, 8701, 3592 
9842, 8702, 889 
9843, 8703, 3594 
9844, 8704, 1582 
9845, 8705, 3597 
9846, 8706, 1772 
9847, 8707, 3600 
9848, 8708, 2680 
9849, 8709, 3601 
9850, 8710, 633 
9851, 8711, 3601 
9852, 8712, 2726 
9853, 8713, 3602 
9854, 8714, 1006 
9855, 8715, 3602 
9856, 8716, 2918 
9857, 8717, 3606 
9858, 8718, 2404 
9859, 8719, 3607 
9860, 8720, 2111 
9861, 8721, 3608 
9862, 8722, 617 
9863, 8723, 3608 
9864, 8724, 748 
9865, 8725, 3608 
9866, 8726, 2924 
9867, 8727, 3609 
9868, 8728, 679 
9869, 8729, 3609 
9870, 8730, 694 
9871, 8731, 3611 
9872, 8732, 824 
9873, 8733, 3611 
9874, 8734, 874 
9875, 8735, 3611 
9876, 8736, 1295 
9877, 8737, 3612 
9878, 8738, 157 
9879, 8739, 3612 
9880, 8740, 1164 
9881, 8741, 3614 
9882, 8742, 514 
9883, 8743, 3615 
9884, 8744, 3110 
9885, 8745, 3615 
9886, 8746, 3220 
9887, 8747, 3617 
9888, 8748, 1402 
9889, 8749, 3617 
9890, 8750, 2727 
9891, 8751, 3617 
9892, 8752, 3208 
9893, 8753, 3619 
9894, 8754, 195 
9895, 8755, 3619 
9896, 8756, 743 
9897, 8757, 3621 
9898, 8758, 1081 
9899, 8759, 3621 
9900, 8760, 3038 
9901, 8761, 3622 
9902, 8762, 2823 
9903, 8763, 3622 
9904, 8764, 2908 
9905, 8765, 3623 
9906, 8766, 1041 
9907, 8767, 3623 
9908, 8768, 2307 
9909, 8769, 3623 
9910, 8770, 2562 
9911, 8771, 3623 
9912, 8772, 2620 
9913, 8773, 3624 
9914, 8774, 1013 
9915, 8775, 3624 
9916, 8776, 2121 
9917, 8777, 3624 
9918, 8778, 3208 
9919, 8779, 3624 
9920, 8780, 3572 
9921, 8781, 3625 
9922, 8782, 3089 
9923, 8783, 3625 
9924, 8784, 3090 
9925, 8785, 3626 
9926, 8786, 858 
9927, 8787, 3627 
9928, 8788, 1818 
9929, 8789, 3629 
9930, 8790, 1685 
9931, 8791, 3630 
9932, 8792, 330 
9933, 8793, 3630 
9934, 8794, 425 
9935, 8795, 3630 
9936, 8796, 577 
9937, 8797, 3630 
9938, 8798, 1859 
9939, 8799, 3632 
9940, 8800, 1643 
9941, 8801, 3632 
9942, 8802, 2283 
9943, 8803, 3632 
9944, 8804, 2966 
9945, 8805, 3633 
9946, 8806, 1995 
9947, 8807, 3634 
9948, 8808, 790 
9949, 8809, 3634 
9950, 8810, 856 
9951, 8811, 3634 
9952, 8812, 1673 
9953, 8813, 3635 
9954, 8814, 2332 
9955, 8815, 3636 
9956, 8816, 978 
9957, 8817, 3636 
9958, 8818, 3340 
9959, 8819, 3638 
9960, 8820, 183 
9961, 8821, 3638 
9962, 8822, 883 
9963, 8823, 3638 
9964, 8824, 1590 
9965, 8825, 3639 
9966, 8826, 941 
9967, 8827, 3640 
9968, 8828, 960 
9969, 8829, 3641 
9970, 8830, 3155 
9971, 8831, 3643 
9972, 8832, 3531 
9973, 8833, 3647 
9974, 8834, 220 
9975, 8835, 3648 
9976, 8836, 1367 
9977, 8837, 3649 
9978, 8838, 415 
9979, 8839, 3652 
9980, 8840, 1927 
9981, 8841, 3652 
9982, 8842, 3513 
9983, 8843, 3653 
9984, 8844, 1559 
9985, 8845, 3656 
9986, 8846, 2333 
9987, 8847, 3657 
9988, 8848, 45 
9989, 8849, 3657 
9990, 8850, 2876 
9991, 8851, 3657 
9992, 8852, 3461 
9993, 8853, 3658 
9994, 8854, 187 
9995, 8855, 3658 
9996, 8856, 2206 
9997, 8857, 3659 
9998, 8858, 79 
9999, 8859, 3660 
10000, 8860, 1197 
10001, 8861, 3661 
10002, 8862, 2579 
10003, 8863, 3662 
10004, 8864, 921 
10005, 8865, 3662 
10006, 8866, 1913 
10007, 8867, 3662 
10008, 8868, 2526 
10009, 8869, 3663 
10010, 8870, 1456 
10011, 8871, 3663 
10012, 8872, 2999 
10013, 8873, 3664 
10014, 8874, 2837 
10015, 8875, 3665 
10016, 8876, 478 
10017, 8877, 3666 
10018, 8878, 1281 
10019, 8879, 3666 
10020, 8880, 1714 
10021, 8881, 3666 
10022, 8882, 3333 
10023, 8883, 3667 
10024, 8884, 906 
10025, 8885, 3667 
10026, 8886, 1285 
10027, 8887, 3670 
10028, 8888, 7 
10029, 8889, 3673 
10030, 8890, 3117 
10031, 8891, 3674 
10032, 8892, 535 
10033, 8893, 3675 
10034, 8894, 293 
10035, 8895, 3675 
10036, 8896, 2253 
10037, 8897, 3678 
10038, 8898, 910 
10039, 8899, 3680 
10040, 8900, 526 
10041, 8901, 3680 
10042, 8902, 1876 
10043, 8903, 3680 
10044, 8904, 2642 
10045, 8905, 3681 
10046, 8906, 172 
10047, 8907, 3681 
10048, 8908, 2929 
10049, 8909, 3683 
10050, 8910, 704 
10051, 8911, 3683 
10052, 8912, 1232 
10053, 8913, 3685 
10054, 8914, 402 
10055, 8915, 3685 
10056, 8916, 3194 
10057, 8917, 3686 
10058, 8918, 2100 
10059, 8919, 3687 
10060, 8920, 727 
10061, 8921, 3688 
10062, 8922, 967 
10063, 8923, 3690 
10064, 8924, 575 
10065, 8925, 3690 
10066, 8926, 1939 
10067, 8927, 3690 
10068, 8928, 3191 
10069, 8929, 3693 
10070, 8930, 2178 
10071, 8931, 3693 
10072, 8932, 3137 
10073, 8933, 3694 
10074, 8934, 3407 
10075, 8935, 3696 
10076, 8936, 2404 
10077, 8937, 3696 
10078, 8938, 2939 
10079, 8939, 3696 
10080, 8940, 3383 
10081, 8941, 3697 
10082, 8942, 2567 
10083, 8943, 3699 
10084, 8944, 1026 
10085, 8945, 3699 
10086, 8946, 1532 
10087, 8947, 3699 
10088, 8948, 2964 
10089, 8949, 3700 
10090, 8950, 2011 
10091, 8951, 3700 
10092, 8952, 2422 
10093, 8953, 3701 
10094, 8954, 989 
10095, 8955, 3701 
10096, 8956, 1173 
10097, 8957, 3701 
10098, 8958, 3656 
10099, 8959, 3702 
10100, 8960, 812 
10101, 8961, 3702 
10102, 8962, 2751 
10103, 8963, 3702 
10104, 8964, 3276 
10105, 8965, 3703 
10106, 8966, 1636 
10107, 8967, 3704 
10108, 8968, 3333 
10109, 8969, 3705 
10110, 8970, 1222 
10111, 8971, 3707 
10112, 8972, 249 
10113, 8973, 3707 
10114, 8974, 2543 
10115, 8975, 3708 
10116, 8976, 275 
10117, 8977, 3708 
10118, 8978, 2841 
10119, 8979, 3708 
10120, 8980, 3279 
10121, 8981, 3710 
10122, 8982, 2984 
10123, 8983, 3711 
10124, 8984, 685 
10125, 8985, 3711 
10126, 8986, 991 
10127, 8987, 3712 
10128, 8988, 150 
10129, 8989, 3714 
10130, 8990, 22 
10131, 8991, 3714 
10132, 8992, 885 
10133, 8993, 3714 
10134, 8994, 1435 
10135, 8995, 3715 
10136, 8996, 2238 
10137, 8997, 3715 
10138, 8998, 3000 
10139, 8999, 3716 
10140, 9000, 1060 
10141, 9001, 3717 
10142, 9002, 1408 
10143, 9003, 3717 
10144, 9004, 3693 
10145, 9005, 3718 
10146, 9006, 20 
10147, 9007, 3719 
10148, 9008, 1960 
10149, 9009, 3719 
10150, 9010, 2672 
10151, 9011, 3721 
10152, 9012, 1195 
10153, 9013, 3721 
10154, 9014, 2000 
10155, 9015, 3723 
10156, 9016, 68 
10157, 9017, 3723 
10158, 9018, 1791 
10159, 9019, 3724 
10160, 9020, 1348 
10161, 9021, 3726 
10162, 9022, 402 
10163, 9023, 3726 
10164, 9024, 3047 
10165, 9025, 3729 
10166, 9026, 482 
10167, 9027, 3729 
10168, 9028, 1179 
10169, 9029, 3729 
10170, 9030, 2127 
10171, 9031, 3729 
10172, 9032, 2871 
10173, 9033, 3730 
10174, 9034, 264 
10175, 9035, 3730 
10176, 9036, 2401 
10177, 9037, 3732 
10178, 9038, 2605 
10179, 9039, 3734 
10180, 9040, 1532 
10181, 9041, 3734 
10182, 9042, 2298 
10183, 9043, 3734 
10184, 9044, 2318 
10185, 9045, 3735 
10186, 9046, 311 
10187, 9047, 3735 
10188, 9048, 2635 
10189, 9049, 3735 
10190, 9050, 2770 
10191, 9051, 3736 
10192, 9052, 1034 
10193, 9053, 3737 
10194, 9054, 223 
10195, 9055, 3737 
10196, 9056, 337 
10197, 9057, 3738 
10198, 9058, 2612 
10199, 9059, 3738 
10200, 9060, 2861 
10201, 9061, 3740 
10202, 9062, 563 
10203, 9063, 3740 
10204, 9064, 2344 
10205, 9065, 3742 
10206, 9066, 229 
10207, 9067, 3742 
10208, 9068, 672 
10209, 9069, 3742 
10210, 9070, 986 
10211, 9071, 3742 
10212, 9072, 3015 
10213, 9073, 3744 
10214, 9074, 878 
10215, 9075, 3744 
10216, 9076, 1932 
10217, 9077, 3744 
10218, 9078, 3324 
10219, 9079, 3746 
10220, 9080, 1972 
10221, 9081, 3748 
10222, 9082, 502 
10223, 9083, 3748 
10224, 9084, 2796 
10225, 9085, 3750 
10226, 9086, 2068 
10227, 9087, 3750 
10228, 9088, 3304 
10229, 9089, 3751 
10230, 9090, 2981 
10231, 9091, 3752 
10232, 9092, 2444 
10233, 9093, 3753 
10234, 9094, 1949 
10235, 9095, 3756 
10236, 9096, 965 
10237, 9097, 3757 
10238, 9098, 891 
10239, 9099, 3757 
10240, 9100, 1793 
10241, 9101, 3758 
10242, 9102, 727 
10243, 9103, 3759 
10244, 9104, 544 
10245, 9105, 3759 
10246, 9106, 1851 
10247, 9107, 3759 
10248, 9108, 2644 
10249, 9109, 3760 
10250, 9110, 847 
10251, 9111, 3761 
10252, 9112, 2484 
10253, 9113, 3765 
10254, 9114, 594 
10255, 9115, 3765 
10256, 9116, 2310 
10257, 9117, 3766 
10258, 9118, 1608 
10259, 9119, 3767 
10260, 9120, 2027 
10261, 9121, 3768 
10262, 9122, 1828 
10263, 9123, 3771 
10264, 9124, 44 
10265, 9125, 3771 
10266, 9126, 1297 
10267, 9127, 3771 
10268, 9128, 2414 
10269, 9129, 3772 
10270, 9130, 625 
10271, 9131, 3772 
10272, 9132, 1032 
10273, 9133, 3776 
10274, 9134, 298 
10275, 9135, 3776 
10276, 9136, 3323 
10277, 9137, 3777 
10278, 9138, 3647 
10279, 9139, 3779 
10280, 9140, 288 
10281, 9141, 3779 
10282, 9142, 978 
10283, 9143, 3780 
10284, 9144, 780 
10285, 9145, 3781 
10286, 9146, 679 
10287, 9147, 3784 
10288, 9148, 805 
10289, 9149, 3784 
10290, 9150, 2085 
10291, 9151, 3784 
10292, 9152, 2227 
10293, 9153, 3784 
10294, 9154, 2990 
10295, 9155, 3786 
10296, 9156, 1113 
10297, 9157, 3790 
10298, 9158, 976 
10299, 9159, 3790 
10300, 9160, 2257 
10301, 9161, 3791 
10302, 9162, 1179 
10303, 9163, 3791 
10304, 9164, 1525 
10305, 9165, 3791 
10306, 9166, 3507 
10307, 9167, 3792 
10308, 9168, 83 
10309, 9169, 3792 
10310, 9170, 91 
10311, 9171, 3793 
10312, 9172, 2350 
10313, 9173, 3793 
10314, 9174, 3130 
10315, 9175, 3794 
10316, 9176, 1408 
10317, 9177, 3794 
10318, 9178, 2329 
10319, 9179, 3795 
10320, 9180, 960 
10321, 9181, 3795 
10322, 9182, 1544 
10323, 9183, 3796 
10324, 9184, 948 
10325, 9185, 3797 
10326, 9186, 2832 
10327, 9187, 3798 
10328, 9188, 1948 
10329, 9189, 3798 
10330, 9190, 3429 
10331, 9191, 3800 
10332, 9192, 2571 
10333, 9193, 3801 
10334, 9194, 2625 
10335, 9195, 3802 
10336, 9196, 187 
10337, 9197, 3802 
10338, 9198, 1362 
10339, 9199, 3802 
10340, 9200, 1496 
10341, 9201, 3802 
10342, 9202, 2959 
10343, 9203, 3805 
10344, 9204, 896 
10345, 9205, 3805 
10346, 9206, 2219 
10347, 9207, 3806 
10348, 9208, 2421 
10349, 9209, 3807 
10350, 9210, 268 
10351, 9211, 3807 
10352, 9212, 2362 
10353, 9213, 3807 
10354, 9214, 3793 
10355, 9215, 3808 
10356, 9216, 1863 
10357, 9217, 3809 
10358, 9218, 1347 
10359, 9219, 3809 
10360, 9220, 1770 
10361, 9221, 3811 
10362, 9222, 2857 
10363, 9223, 3811 
10364, 9224, 3641 
10365, 9225, 3814 
10366, 9226, 1255 
10367, 9227, 3815 
10368, 9228, 414 
10369, 9229, 3815 
10370, 9230, 1054 
10371, 9231, 3815 
10372, 9232, 2686 
10373, 9233, 3816 
10374, 9234, 2326 
10375, 9235, 3816 
10376, 9236, 3203 
10377, 9237, 3818 
10378, 9238, 36 
10379, 9239, 3819 
10380, 9240, 2202 
10381, 9241, 3819 
10382, 9242, 2290 
10383, 9243, 3821 
10384, 9244, 27 
10385, 9245, 3821 
10386, 9246, 1537 
10387, 9247, 3821 
10388, 9248, 3471 
10389, 9249, 3823 
10390, 9250, 1356 
10391, 9251, 3823 
10392, 9252, 2489 
10393, 9253, 3824 
10394, 9254, 2302 
10395, 9255, 3824 
10396, 9256, 3118 
10397, 9257, 3824 
10398, 9258, 3226 
10399, 9259, 3826 
10400, 9260, 455 
10401, 9261, 3826 
10402, 9262, 1477 
10403, 9263, 3826 
10404, 9264, 2270 
10405, 9265, 3827 
10406, 9266, 1111 
10407, 9267, 3827 
10408, 9268, 2574 
10409, 9269, 3828 
10410, 9270, 1984 
10411, 9271, 3828 
10412, 9272, 2223 
10413, 9273, 3830 
10414, 9274, 726 
10415, 9275, 3830 
10416, 9276, 746 
10417, 9277, 3830 
10418, 9278, 2199 
10419, 9279, 3832 
10420, 9280, 3770 
10421, 9281, 3833 
10422, 9282, 3109 
10423, 9283, 3834 
10424, 9284, 663 
10425, 9285, 3836 
10426, 9286, 1055 
10427, 9287, 3836 
10428, 9288, 1167 
10429, 9289, 3836 
10430, 9290, 2759 
10431, 9291, 3838 
10432, 9292, 2296 
10433, 9293, 3839 
10434, 9294, 1711 
10435, 9295, 3840 
10436, 9296, 921 
10437, 9297, 3841 
10438, 9298, 268 
10439, 9299, 3842 
10440, 9300, 2039 
10441, 9301, 3842 
10442, 9302, 3795 
10443, 9303, 3844 
10444, 9304, 443 
10445, 9305, 3845 
10446, 9306, 498 
10447, 9307, 3845 
10448, 9308, 1883 
10449, 9309, 3846 
10450, 9310, 1229 
10451, 9311, 3846 
10452, 9312, 3257 
10453, 9313, 3847 
10454, 9314, 283 
10455, 9315, 3848 
10456, 9316, 1364 
10457, 9317, 3848 
10458, 9318, 1939 
10459, 9319, 3848 
10460, 9320, 2447 
10461, 9321, 3848 
10462, 9322, 3359 
10463, 9323, 3849 
10464, 9324, 1638 
10465, 9325, 3851 
10466, 9326, 2680 
10467, 9327, 3853 
10468, 9328, 122 
10469, 9329, 3854 
10470, 9330, 1191 
10471, 9331, 3854 
10472, 9332, 2151 
10473, 9333, 3854 
10474, 9334, 3653 
10475, 9335, 3858 
10476, 9336, 545 
10477, 9337, 3858 
10478, 9338, 3242 
10479, 9339, 3858 
10480, 9340, 3360 
10481, 9341, 3859 
10482, 9342, 564 
10483, 9343, 3859 
10484, 9344, 2406 
10485, 9345, 3860 
10486, 9346, 1343 
10487, 9347, 3862 
10488, 9348, 885 
10489, 9349, 3865 
10490, 9350, 576 
10491, 9351, 3865 
10492, 9352, 1322 
10493, 9353, 3865 
10494, 9354, 3298 
10495, 9355, 3866 
10496, 9356, 1208 
10497, 9357, 3866 
10498, 9358, 2937 
10499, 9359, 3866 
10500, 9360, 3733 
10501, 9361, 3867 
10502, 9362, 758 
10503, 9363, 3871 
10504, 9364, 1708 
10505, 9365, 3871 
10506, 9366, 3712 
10507, 9367, 3872 
10508, 9368, 110 
10509, 9369, 3872 
10510, 9370, 2050 
10511, 9371, 3874 
10512, 9372, 1515 
10513, 9373, 3874 
10514, 9374, 3703 
10515, 9375, 3875 
10516, 9376, 2549 
10517, 9377, 3875 
10518, 9378, 3849 
10519, 9379, 3876 
10520, 9380, 3380 
10521, 9381, 3877 
10522, 9382, 1969 
10523, 9383, 3879 
10524, 9384, 464 
10525, 9385, 3879 
10526, 9386, 1639 
10527, 9387, 3880 
10528, 9388, 51 
10529, 9389, 3881 
10530, 9390, 1840 
10531, 9391, 3881 
10532, 9392, 1879 
10533, 9393, 3881 
10534, 9394, 3661 
10535, 9395, 3883 
10536, 9396, 1960 
10537, 9397, 3884 
10538, 9398, 1615 
10539, 9399, 3884 
10540, 9400, 2213 
10541, 9401, 3886 
10542, 9402, 1621 
10543, 9403, 3886 
10544, 9404, 1843 
10545, 9405, 3886 
10546, 9406, 1938 
10547, 9407, 3887 
10548, 9408, 709 
10549, 9409, 3887 
10550, 9410, 1424 
10551, 9411, 3887 
10552, 9412, 1692 
10553, 9413, 3890 
10554, 9414, 126 
10555, 9415, 3890 
10556, 9416, 711 
10557, 9417, 3891 
10558, 9418, 2408 
10559, 9419, 3892 
10560, 9420, 62 
10561, 9421, 3893 
10562, 9422, 465 
10563, 9423, 3893 
10564, 9424, 1788 
10565, 9425, 3893 
10566, 9426, 3085 
10567, 9427, 3893 
10568, 9428, 3167 
10569, 9429, 3894 
10570, 9430, 26 
10571, 9431, 3894 
10572, 9432, 2765 
10573, 9433, 3894 
10574, 9434, 3034 
10575, 9435, 3895 
10576, 9436, 516 
10577, 9437, 3895 
10578, 9438, 764 
10579, 9439, 3895 
10580, 9440, 3717 
10581, 9441, 3896 
10582, 9442, 3402 
10583, 9443, 3897 
10584, 9444, 330 
10585, 9445, 3897 
10586, 9446, 393 
10587, 9447, 3898 
10588, 9448, 2358 
10589, 9449, 3900 
10590, 9450, 2062 
10591, 9451, 3900 
10592, 9452, 2347 
10593, 9453, 3900 
10594, 9454, 2831 
10595, 9455, 3901 
10596, 9456, 499 
10597, 9457, 3901 
10598, 9458, 3222 
10599, 9459, 3902 
10600, 9460, 1221 
10601, 9461, 3902 
10602, 9462, 1966 
10603, 9463, 3903 
10604, 9464, 1027 
10605, 9465, 3903 
10606, 9466, 1672 
10607, 9467, 3903 
10608, 9468, 3029 
10609, 9469, 3904 
10610, 9470, 46 
10611, 9471, 3904 
10612, 9472, 2893 
10613, 9473, 3907 
10614, 9474, 3022 
10615, 9475, 3908 
10616, 9476, 135 
10617, 9477, 3909 
10618, 9478, 132 
10619, 9479, 3909 
10620, 9480, 1538 
10621, 9481, 3909 
10622, 9482, 2854 
10623, 9483, 3910 
10624, 9484, 1367 
10625, 9485, 3911 
10626, 9486, 1147 
10627, 9487, 3911 
10628, 9488, 3258 
10629, 9489, 3912 
10630, 9490, 3255 
10631, 9491, 3914 
10632, 9492, 845 
10633, 9493, 3914 
10634, 9494, 1694 
10635, 9495, 3914 
10636, 9496, 3728 
10637, 9497, 3915 
10638, 9498, 1798 
10639, 9499, 3917 
10640, 9500, 2096 
10641, 9501, 3917 
10642, 9502, 3138 
10643, 9503, 3918 
10644, 9504, 828 
10645, 9505, 3918 
10646, 9506, 1251 
10647, 9507, 3918 
10648, 9508, 2980 
10649, 9509, 3919 
10650, 9510, 3718 
10651, 9511, 3920 
10652, 9512, 1952 
10653, 9513, 3922 
10654, 9514, 457 
10655, 9515, 3922 
10656, 9516, 987 
10657, 9517, 3922 
10658, 9518, 1198 
10659, 9519, 3923 
10660, 9520, 2149 
10661, 9521, 3924 
10662, 9522, 2896 
10663, 9523, 3925 
10664, 9524, 2521 
10665, 9525, 3925 
10666, 9526, 2667 
10667, 9527, 3925 
10668, 9528, 3111 
10669, 9529, 3926 
10670, 9530, 1591 
10671, 9531, 3927 
10672, 9532, 839 
10673, 9533, 3927 
10674, 9534, 2848 
10675, 9535, 3929 
10676, 9536, 471 
10677, 9537, 3930 
10678, 9538, 1695 
10679, 9539, 3930 
10680, 9540, 2312 
10681, 9541, 3930 
10682, 9542, 3017 
10683, 9543, 3930 
10684, 9544, 3057 
10685, 9545, 3931 
10686, 9546, 559 
10687, 9547, 3931 
10688, 9548, 2784 
10689, 9549, 3932 
10690, 9550, 1381 
10691, 9551, 3932 
10692, 9552, 1759 
10693, 9553, 3932 
10694, 9554, 3853 
10695, 9555, 3934 
10696, 9556, 3138 
10697, 9557, 3934 
10698, 9558, 3225 
10699, 9559, 3934 
10700, 9560, 3441 
10701, 9561, 3936 
10702, 9562, 837 
10703, 9563, 3936 
10704, 9564, 1255 
10705, 9565, 3937 
10706, 9566, 342 
10707, 9567, 3937 
10708, 9568, 2813 
10709, 9569, 3938 
10710, 9570, 320 
10711, 9571, 3938 
10712, 9572, 1008 
10713, 9573, 3938 
10714, 9574, 1622 
10715, 9575, 3938 
10716, 9576, 1898 
10717, 9577, 3939 
10718, 9578, 2041 
10719, 9579, 3939 
10720, 9580, 2668 
10721, 9581, 3939 
10722, 9582, 3152 
10723, 9583, 3941 
10724, 9584, 673 
10725, 9585, 3942 
10726, 9586, 514 
10727, 9587, 3942 
10728, 9588, 3115 
10729, 9589, 3943 
10730, 9590, 1202 
10731, 9591, 3945 
10732, 9592, 1635 
10733, 9593, 3945 
10734, 9594, 3648 
10735, 9595, 3946 
10736, 9596, 1976 
10737, 9597, 3946 
10738, 9598, 2579 
10739, 9599, 3946 
10740, 9600, 2827 
10741, 9601, 3947 
10742, 9602, 3275 
10743, 9603, 3948 
10744, 9604, 2728 
10745, 9605, 3948 
10746, 9606, 2869 
10747, 9607, 3949 
10748, 9608, 650 
10749, 9609, 3949 
10750, 9610, 1102 
10751, 9611, 3951 
10752, 9612, 1430 
10753, 9613, 3951 
10754, 9614, 1657 
10755, 9615, 3951 
10756, 9616, 2833 
10757, 9617, 3951 
10758, 9618, 3019 
10759, 9619, 3955 
10760, 9620, 1435 
10761, 9621, 3956 
10762, 9622, 3494 
10763, 9623, 3957 
10764, 9624, 491 
10765, 9625, 3959 
10766, 9626, 1580 
10767, 9627, 3960 
10768, 9628, 877 
10769, 9629, 3960 
10770, 9630, 2955 
10771, 9631, 3961 
10772, 9632, 2745 
10773, 9633, 3964 
10774, 9634, 1076 
10775, 9635, 3966 
10776, 9636, 1282 
10777, 9637, 3966 
10778, 9638, 2672 
10779, 9639, 3967 
10780, 9640, 19 
10781, 9641, 3967 
10782, 9642, 1752 
10783, 9643, 3967 
10784, 9644, 1912 
10785, 9645, 3968 
10786, 9646, 3137 
10787, 9647, 3969 
10788, 9648, 3818 
10789, 9649, 3970 
10790, 9650, 2164 
10791, 9651, 3972 
10792, 9652, 1147 
10793, 9653, 3972 
10794, 9654, 2110 
10795, 9655, 3973 
10796, 9656, 1279 
10797, 9657, 3973 
10798, 9658, 3105 
10799, 9659, 3973 
10800, 9660, 3137 
10801, 9661, 3974 
10802, 9662, 3065 
10803, 9663, 3975 
10804, 9664, 2452 
10805, 9665, 3975 
10806, 9666, 3549 
10807, 9667, 3978 
10808, 9668, 311 
10809, 9669, 3978 
10810, 9670, 2516 
10811, 9671, 3980 
10812, 9672, 2411 
10813, 9673, 3981 
10814, 9674, 2570 
10815, 9675, 3982 
10816, 9676, 1106 
10817, 9677, 3982 
10818, 9678, 3463 
10819, 9679, 3984 
10820, 9680, 742 
10821, 9681, 3984 
10822, 9682, 2044 
10823, 9683, 3984 
10824, 9684, 2739 
10825, 9685, 3985 
10826, 9686, 3058 
10827, 9687, 3986 
10828, 9688, 3078 
10829, 9689, 3989 
10830, 9690, 2373 
10831, 9691, 3991 
10832, 9692, 1090 
10833, 9693, 3992 
10834, 9694, 1366 
10835, 9695, 3992 
10836, 9696, 2768 
10837, 9697, 3993 
10838, 9698, 1838 
10839, 9699, 3995 
10840, 9700, 653 
10841, 9701, 3995 
10842, 9702, 2171 
10843, 9703, 3995 
10844, 9704, 3009 
10845, 9705, 3996 
10846, 9706, 386 
10847, 9707, 3996 
10848, 9708, 3057 
10849, 9709, 3997 
10850, 9710, 1936 
10851, 9711, 3998 
10852, 9712, 723 
10853, 9713, 3999 
10854, 9714, 594 
10855, 9715, 3999 
10856, 9716, 989 
10857, 9717, 3999 
10858, 9718, 2701 
10859, 9719, 4000 
10860, 9720, 3919 
$boundary
4001 4002 4003 4004 4005 4006 4007 4008 4009 4010 4011 4012 4013 4014 4015 4016 4017 4018 4019 4020 4021 4022 4023 4024 4025 4026 4027 4028 4029 4030 4031 4032 4033 4034 4035 4036 4037 4038 4039 4040 4041 4042 4043 4044 4045 4046 4047 4048 4049 4050 4051 4052 4053 4054 4055 4056 4057 4058 4059 4060 4061 4062 4063 4064 4065 4066 4067 4068 4069 4070 4071 4072 4073 4074 4075 4076 4077 4078 4079 4080 4081 4082 4083 4084 4085 4086 4087 4088 4089 4090 4091 4092 4093 4094 4095 4096 4097 4098 4099 4100 4101 4102 4103 4104 4105 4106 4107 4108 4109 4110 4111 4112 4113 4114 4115 4116 4117 4118 4119 4120 4121 4122 4123 4124 4125 4126 4127 4128 4129 4130 4131 4132 4133 4134 4135 4136 4137 4138 4139 4140 4141 4142 4143 4144 4145 4146 4147 4148 4149 4150 4151 4152 4153 4154 4155 4156 4157 4158 4159 4160 4161 4162 4163 4164 4165 4166 4167 4168 4169 4170 4171 4172 4173 4174 4175 4176 4177 4178 4179 4180 4181 4182 4183 4184 4185 4186 4187 4188 4189 4190 4191 4192 4193 4194 4195 4196 4197 4198 4199 4200 4201 4202 4203 4204 4205 4206 4207 4208 4209 4210 4211 4212 4213 4214 4215 4216 4217 4218 4219 4220 4221 4222 4223 4224 4225 4226 4227 4228 4229 4230 4231 4232 4233 4234 4235 4236 4237 4238 4239 4240 4241 4242 4243 4244 4245 4246 4247 4248 4249 4250 4251 4252 4253 4254 4255 4256 4257 4258 4259 4260 4261 4262 4263 4264 4265 4266 4267 4268 4269 4270 4271 4272 4273 4274 4275 4276 4277 4278 4279 4280 4281 4282 4283 4284 4285 4286 4287 4288 4289 4290 4291 4292 4293 4294 4295 4296 4297 4298 4299 4300 4301 4302 4303 4304 4305 4306 4307 4308 4309 4310 4311 4312 4313 4314 4315 4316 4317 4318 4319 4320 4321 4322 4323 4324 4325 4326 4327 4328 4329 4330 4331 4332 4333 4334 4335 4336 4337 4338 4339 4340 4341 4342 4343 4344 4345 4346 4347 4348 4349 4350 4351 4352 4353 4354 4355 4356 4357 4358 4359 4360 4361 4362 4363 4364 4365 4366 4367 4368 4369 4370 4371 4372 4373 4374 4375 4376 4377 4378 4379 4380 4381 4382 4383 4384 4385 4386 4387 4388 4389 4390 4391 4392 4393 4394 4395 4396 4397 4398 4399 4400 4401 4402 4403 4404 4405 4406 4407 4408 4409 4410 4411 4412 4413 4414 4415 4416 4417 4418 4419 4420 4421 4422 4423 4424 4425 4426 4427 4428 4429 4430 4431 4432 4433 4434 4435 4436 4437 4438 4439 4440 4441 4442 4443 4444 4445 4446 4447 4448 4449 4450 4451 4452 4453 4454 4455 4456 4457 4458 4459 4460 4461 4462 4463 4464 4465 4466 4467 4468 4469 4470 4471 4472 4473 4474 4475 4476 4477 4478 4479 4480 4481 4482 4483 4484 4485 4486 4487 4488 4489 4490 4491 4492 4493 4494 4495 4496 4497 4498 4499 4500 4501 4502 4503 4504 4505 4506 4507 4508 4509 4510 4511 4512 4513 4514 4515 4516 4517 4518 4519 4520 4521 4522 4523 4524 4525 4526 4527 4528 4529 4530 4531 4532 4533 4534 4535 4536 4537 4538 4539 4540 4541 4542 4543 4544 4545 4546 4547 4548 4549 4550 4551 4552 4553 4554 4555 4556 4557 4558 4559 4560 4561 4562 4563 4564 4565 4566 4567 4568 4569 4570 4571 4572 4573 4574 4575 4576 4577 4578 4579 4580 4581 4582 4583 4584 4585 4586 4587 4588 4589 4590 4591 4592 4593 4594 4595 4596 4597 4598 4599 4600 4601 4602 4603 4604 4605 4606 4607 4608 4609 4610 4611 4612 4613 4614 4615 4616 4617 4618 4619 4620 4621 4622 4623 4624 4625 4626 4627 4628 4629 4630 4631 4632 4633 4634 4635 4636 4637 4638 4639 4640 4641 4642 4643 4644 4645 4646 4647 4648 4649 4650 4651 4652 4653 4654 4655 4656 4657 4658 4659 4660 4661 4662 4663 4664 4665 4666 4667 4668 4669 4670 4671 4672 4673 4674 4675 4676 4677 4678 4679 4680 4681 4682 4683 4684 4685 4686 4687 4688 4689 4690 4691 4692 4693 4694 4695 4696 4697 4698 4699 4700 4701 4702 4703 4704 4705 4706 4707 4708 4709 4710 4711 4712 4713 4714 4715 4716 4717 4718 4719 4720 4721 4722 4723 4724 4725 4726 4727 4728 4729 4730 4731 4732 4733 4734 4735 4736 4737 4738 4739 4740 4741 4742 4743 4744 4745 4746 4747 4748 4749 4750 4751 4752 4753 4754 4755 4756 4757 4758 4759 4760 4761 4762 4763 4764 4765 4766 4767 4768 4769 4770 4771 4772 4773 4774 4775 4776 4777 4778 4779 4780 4781 4782 4783 4784 4785 4786 4787 4788 4789 4790 4791 4792 4793 4794 4795 4796 4797 4798 4799 4800 4801 4802 4803 4804 4805 4806 4807 4808 4809 4810 4811 4812 4813 4814 4815 4816 4817 4818 4819 4820 4821 4822 4823 4824 4825 4826 4827 4828 4829 4830 4831 4832 4833 4834 4835 4836 4837 4838 4839 4840 4841 4842 4843 4844 4845 4846 4847 4848 4849 4850 4851 4852 4853 4854 4855 4856 4857 4858 4859 4860 4861 4862 4863 4864 4865 4866 4867 4868 4869 4870 4871 4872 4873 4874 4875 4876 4877 4878 4879 4880 4881 4882 4883 4884 4885 4886 4887 4888 4889 4890 4891 4892 4893 4894 4895 4896 4897 4898 4899 4900 4901 4902 4903 4904 4905 4906 4907 4908 4909 4910 4911 4912 4913 4914 4915 4916 4917 4918 4919 4920 4921 4922 4923 4924 4925 4926 4927 4928 4929 4930 4931 4932 4933 4934 4935 4936 4937 4938 4939 4940 4941 4942 4943 4944 4945 4946 4947 4948 4949 4950 4951 4952 4953 4954 4955 4956 4957 4958 4959 4960 4961 4962 4963 4964 4965 4966 4967 4968 4969 4970 4971 4972 4973 4974 4975 4976 4977 4978 4979 4980 4981 4982 4983 4984 4985 4986 4987 4988 4989 4990 4991 4992 4993 4994 4995 4996 4997 4998 4999 5000 5001 5002 5003 5004 5005 5006 5007 5008 5009 5010 5011 5012 5013 5014 5015 5016 5017 5018 5019 5020 5021 5022 5023 5024 5025 5026 5027 5028 5029 5030 5031 5032 5033 5034 5035 5036 5037 5038 5039 5040 5041 5042 5043 5044 5045 5046 5047 5048 5049 5050 5051 5052 5053 5054 5055 5056 5057 5058 5059 5060 5061 5062 5063 5064 5065 5066 5067 5068 5069 5070 5071 5072 5073 5074 5075 5076 5077 5078 5079 5080 5081 5082 5083 5084 5085 5086 5087 5088 5089 5090 5091 5092 5093 5094 5095 5096 5097 5098 5099 5100 5101 5102 5103 5104 5105 5106 5107 5108 5109 5110 5111 5112 5113 5114 5115 5116 5117 5118 5119 5120 5121 5122 5123 5124 5125 5126 5127 5128 5129 5130 5131 5132 5133 5134 5135 5136 5137 5138 5139 5140 5141 5142 5143 5144 5145 5146 5147 5148 5149 5150 5151 5152 5153 5154 5155 5156 5157 5158 5159 5160 5161 5162 5163 5164 5165 5166 5167 5168 5169 5170 5171 5172 5173 5174 5175 5176 5177 5178 5179 5180 5181 5182 5183 5184 5185 5186 5187 5188 5189 5190 5191 5192 5193 5194 5195 5196 5197 5198 5199 5200 5201 5202 5203 5204 5205 5206 5207 5208 5209 5210 5211 5212 5213 5214 5215 5216 5217 5218 5219 5220 5221 5222 5223 5224 5225 5226 5227 5228 5229 5230 5231 5232 5233 5234 5235 5236 5237 5238 5239 5240 5241 5242 5243 5244 5245 5246 5247 5248 5249 5250 5251 5252 5253 5254 5255 5256 5257 5258 5259 5260 5261 5262 5263 5264 5265 5266 5267 5268 5269 5270 5271 5272 5273 5274 5275 5276 5277 5278 5279 5280 5281 5282 5283 5284 5285 5286 5287 5288 5289 5290 5291 5292 5293 5294 5295 5296 5297 5298 5299 5300 5301 5302 5303 5304 5305 5306 5307 5308 5309 5310 5311 5312 5313 5314 5315 5316 5317 5318 5319 5320 5321 5322 5323 5324 5325 5326 5327 5328 5329 5330 5331 5332 5333 5334 5335 5336 5337 5338 5339 5340 5341 5342 5343 5344 5345 5346 5347 5348 5349 5350 5351 5352 5353 5354 5355 5356 5357 5358 5359 5360 5361 5362 5363 5364 5365 5366 5367 5368 5369 5370 5371 5372 5373 5374 5375 5376 5377 5378 5379 5380 5381 5382 5383 5384 5385 5386 5387 5388 5389 5390 5391 5392 5393 5394 5395 5396 5397 5398 5399 5400 5401 5402 5403 5404 5405 5406 5407 5408 5409 5410 5411 5412 5413 5414 5415 5416 5417 5418 5419 5420 5421 5422 5423 5424 5425 5426 5427 5428 5429 5430 5431 5432 5433 5434 5435 5436 5437 5438 5439 5440 5441 5442 5443 5444 5445 5446 5447 5448 5449 5450 5451 5452 5453 5454 5455 5456 5457 5458 5459 5460 5461 5462 5463 5464 5465 5466 5467 5468 5469 5470 5471 5472 5473 5474 5475 5476 5477 5478 5479 5480 5481 5482 5483 5484 5485 5486 5487 5488 5489 5490 5491 5492 5493 5494 5495 5496 5497 5498 5499 5500 5501 5502 5503 5504 5505 5506 5507 5508 5509 5510 5511 5512 5513 5514 5515 5516 5517 5518 5519 5520 5521 5522 5523 5524 5525 5526 5527 5528 5529 5530 5531 5532 5533 5534 5535 5536 5537 5538 5539 5540 5541 5542 5543 5544 5545 5546 5547 5548 5549 5550 5551 5552 5553 5554 5555 5556 5557 5558 5559 5560 5561 5562 5563 5564 5565 5566 5567 5568 5569 5570 5571 5572 5573 5574 5575 5576 5577 5578 5579 5580 5581 5582 5583 5584 5585 5586 5587 5588 5589 5590 5591 5592 5593 5594 5595 5596 5597 5598 5599 5600 5601 5602 5603 5604 5605 5606 5607 5608 5609 5610 5611 5612 5613 5614 5615 5616 5617 5618 5619 5620 5621 5622 5623 5624 5625 5626 5627 5628 5629 5630 5631 5632 5633 5634 5635 5636 5637 5638 5639 5640 5641 5642 5643 5644 5645 5646 5647 5648 5649 5650 5651 5652 5653 5654 5655 5656 5657 5658 5659 5660 5661 5662 5663 5664 5665 5666 5667 5668 5669 5670 5671 5672 5673 5674 5675 5676 5677 5678 5679 5680 5681 5682 5683 5684 5685 5686 5687 5688 5689 5690 5691 5692 5693 5694 5695 5696 5697 5698 5699 5700 5701 5702 5703 5704 5705 5706 5707 5708 5709 5710 5711 5712 5713 5714 5715 5716 5717 5718 5719 5720 5721 5722 5723 5724 5725 5726 5727 5728 5729 5730 5731 5732 5733 5734 5735 5736 5737 5738 5739 5740 5741 5742 5743 5744 5745 5746 5747 5748 5749 5750 5751 5752 5753 5754 5755 5756 5757 5758 5759 5760 5761 5762 5763 5764 5765 5766 5767 5768 5769 5770 5771 5772 5773 5774 5775 5776 5777 5778 5779 5780 5781 5782 5783 5784 5785 5786 5787 5788 5789 5790 5791 5792 5793 5794 5795 5796 5797 5798 5799 5800 5801 5802 5803 5804 5805 5806 5807 5808 5809 5810 5811 5812 5813 5814 5815 5816 5817 5818 5819 5820 5821 5822 5823 5824 5825 5826 5827 5828 5829 5830 5831 5832 5833 5834 5835 5836 5837 5838 5839 5840 5841 5842 5843 5844 5845 5846 5847 5848 5849 5850 5851 5852 5853 5854 5855 5856 5857 5858 5859 5860 5861 5862 5863 5864 5865 5866 5867 5868 5869 5870 5871 5872 5873 5874 5875 5876 5877 5878 5879 5880 5881 5882 5883 5884 5885 5886 5887 5888 5889 5890 5891 5892 5893 5894 5895 5896 5897 5898 5899 5900 5901 5902 5903 5904 5905 5906 5907 5908 5909 5910 5911 5912 5913 5914 5915 5916 5917 5918 5919 5920 5921 5922 5923 5924 5925 5926 5927 5928 5929 5930 5931 5932 5933 5934 5935 5936 5937 5938 5939 5940 5941 5942 5943 5944 5945 5946 5947 5948 5949 5950 5951 5952 5953 5954 5955 5956 5957 5958 5959 5960 5961 5962 5963 5964 5965 5966 5967 5968 5969 5970 5971 5972 5973 5974 5975 5976 5977 5978 5979 5980 5981 5982 5983 5984 5985 5986 5987 5988 5989 5990 5991 5992 5993 5994 5995 5996 5997 5998 5999 6000 6001 6002 6003 6004 6005 6006 6007 6008 6009 6010 6011 6012 6013 6014 6015 6016 6017 6018 6019 6020 6021 6022 6023 6024 6025 6026 6027 6028 6029 6030 6031 6032 6033 6034 6035 6036 6037 6038 6039 6040 6041 6042 6043 6044 6045 6046 6047 6048 6049 6050 6051 6052 6053 6054 6055 6056 6057 6058 6059 6060 6061 6062 6063 6064 6065 6066 6067 6068 6069 6070 6071 6072 6073 6074 6075 6076 6077 6078 6079 6080 6081 6082 6083 6084 6085 6086 6087 6088 6089 6090 6091 6092 6093 6094 6095 6096 6097 6098 6099 6100 6101 6102 6103 6104 6105 6106 6107 6108 6109 6110 6111 6112 6113 6114 6115 6116 6117 6118 6119 6120 6121 6122 6123 6124 6125 6126 6127 6128 6129 6130 6131 6132 6133 6134 6135 6136 6137 6138 6139 6140 6141 6142 6143 6144 6145 6146 6147 6148 6149 6150 6151 6152 6153 6154 6155 6156 6157 6158 6159 6160 6161 6162 6163 6164 6165 6166 6167 6168 6169 6170 6171 6172 6173 6174 6175 6176 6177 6178 6179 6180 6181 6182 6183 6184 6185 6186 6187 6188 6189 6190 6191 6192 6193 6194 6195 6196 6197 6198 6199 6200 6201 6202 6203 6204 6205 6206 6207 6208 6209 6210 6211 6212 6213 6214 6215 6216 6217 6218 6219 6220 6221 6222 6223 6224 6225 6226 6227 6228 6229 6230 6231 6232 6233 6234 6235 6236 6237 6238 6239 6240 6241 6242 6243 6244 6245 6246 6247 6248 6249 6250 6251 6252 6253 6254 6255 6256 6257 6258 6259 6260 6261 6262 6263 6264 6265 6266 6267 6268 6269 6270 6271 6272 6273 6274 6275 6276 6277 6278 6279 6280 6281 6282 6283 6284 6285 6286 6287 6288 6289 6290 6291 6292 6293 6294 6295 6296 6297 6298 6299 6300 6301 6302 6303 6304 6305 6306 6307 6308 6309 6310 6311 6312 6313 6314 6315 6316 6317 6318 6319 6320 6321 6322 6323 6324 6325 6326 6327 6328 6329 6330 6331 6332 6333 6334 6335 6336 6337 6338 6339 6340 6341 6342 6343 6344 6345 6346 6347 6348 6349 6350 6351 6352 6353 6354 6355 6356 6357 6358 6359 6360 6361 6362 6363 6364 6365 6366 6367 6368 6369 6370 6371 6372 6373 6374 6375 6376 6377 6378 6379 6380 6381 6382 6383 6384 6385 6386 6387 6388 6389 6390 6391 6392 6393 6394 6395 6396 6397 6398 6399 6400 6401 6402 6403 6404 6405 6406 6407 6408 6409 6410 6411 6412 6413 6414 6415 6416 6417 6418 6419 6420 6421 6422 6423 6424 6425 6426 6427 6428 6429 6430 6431 6432 6433 6434 6435 6436 6437 6438 6439 6440 6441 6442 6443 6444 6445 6446 6447 6448 6449 6450 6451 6452 6453 6454 6455 6456 6457 6458 6459 6460 6461 6462 6463 6464 6465 6466 6467 6468 6469 6470 6471 6472 6473 6474 6475 6476 6477 6478 6479 6480 6481 6482 6483 6484 6485 6486 6487 6488 6489 6490 6491 6492 6493 6494 6495 6496 6497 6498 6499 6500 6501 6502 6503 6504 6505 6506 6507 6508 6509 6510 6511 6512 6513 6514 6515 6516 6517 6518 6519 6520 6521 6522 6523 6524 6525 6526 6527 6528 6529 6530 6531 6532 6533 6534 6535 6536 6537 6538 6539 6540 6541 6542 6543 6544 6545 6546 6547 6548 6549 6550 6551 6552 6553 6554 6555 6556 6557 6558 6559 6560 6561 6562 6563 6564 6565 6566 6567 6568 6569 6570 6571 6572 6573 6574 6575 6576 6577 6578 6579 6580 6581 6582 6583 6584 6585 6586 6587 6588 6589 6590 6591 6592 6593 6594 6595 6596 6597 6598 6599 6600 6601 6602 6603 6604 6605 6606 6607 6608 6609 6610 6611 6612 6613 6614 6615 6616 6617 6618 6619 6620 6621 6622 6623 6624 6625 6626 6627 6628 6629 6630 6631 6632 6633 6634 6635 6636 6637 6638 6639 6640 6641 6642 6643 6644 6645 6646 6647 6648 6649 6650 6651 6652 6653 6654 6655 6656 6657 6658 6659 6660 6661 6662 6663 6664 6665 6666 6667 6668 6669 6670 6671 6672 6673 6674 6675 6676 6677 6678 6679 6680 6681 6682 6683 6684 6685 6686 6687 6688 6689 6690 6691 6692 6693 6694 6695 6696 6697 6698 6699 6700 6701 6702 6703 6704 6705 6706 6707 6708 6709 6710 6711 6712 6713 6714 6715 6716 6717 6718 6719 6720 6721 6722 6723 6724 6725 6726 6727 6728 6729 6730 6731 6732 6733 6734 6735 6736 6737 6738 6739 6740 6741 6742 6743 6744 6745 6746 6747 6748 6749 6750 6751 6752 6753 6754 6755 6756 6757 6758 6759 6760 6761 6762 6763 6764 6765 6766 6767 6768 6769 6770 6771 6772 6773 6774 6775 6776 6777 6778 6779 6780 6781 6782 6783 6784 6785 6786 6787 6788 6789 6790 6791 6792 6793 6794 6795 6796 6797 6798 6799 6800 6801 6802 6803 6804 6805 6806 6807 6808 6809 6810 6811 6812 6813 6814 6815 6816 6817 6818 6819 6820 6821 6822 6823 6824 6825 6826 6827 6828 6829 6830 6831 6832 6833 6834 6835 6836 6837 6838 6839 6840 6841 6842 6843 6844 6845 6846 6847 6848 6849 6850 6851 6852 6853 6854 6855 6856 6857 6858 6859 6860 6861 6862 6863 6864 6865 6866 6867 6868 6869 6870 6871 6872 6873 6874 6875 6876 6877 6878 6879 6880 6881 6882 6883 6884 6885 6886 6887 6888 6889 6890 6891 6892 6893 6894 6895 6896 6897 6898 6899 6900 6901 6902 6903 6904 6905 6906 6907 6908 6909 6910 6911 6912 6913 6914 6915 6916 6917 6918 6919 6920 6921 6922 6923 6924 6925 6926 6927 6928 6929 6930 6931 6932 6933 6934 6935 6936 6937 6938 6939 6940 6941 6942 6943 6944 6945 6946 6947 6948 6949 6950 6951 6952 6953 6954 6955 6956 6957 6958 6959 6960 6961 6962 6963 6964 6965 6966 6967 6968 6969 6970 6971 6972 6973 6974 6975 6976 6977 6978 6979 6980 6981 6982 6983 6984 6985 6986 6987 6988 6989 6990 6991 6992 6993 6994 6995 6996 6997 6998 6999 7000 7001 7002 7003 7004 7005 7006 7007 7008 7009 7010 7011 7012 7013 7014 7015 7016 7017 7018 7019 7020 7021 7022 7023 7024 7025 7026 7027 7028 7029 7030 7031 7032 7033 7034 7035 7036 7037 7038 7039 7040 7041 7042 7043 7044 7045 7046 7047 7048 7049 7050 7051 7052 7053 7054 7055 7056 7057 7058 7059 7060 7061 7062 7063 7064 7065 7066 7067 7068 7069 7070 7071 7072 7073 7074 7075 7076 7077 7078 7079 7080 7081 7082 7083 7084 7085 7086 7087 7088 7089 7090 7091 7092 7093 7094 7095 7096 7097 7098 7099 7100 7101 7102 7103 7104 7105 7106 7107 7108 7109 7110 7111 7112 7113 7114 7115 7116 7117 7118 7119 7120 7121 7122 7123 7124 7125 7126 7127 7128 7129 7130 7131 7132 7133 7134 7135 7136 7137 7138 7139 7140 7141 7142 7143 7144 7145 7146 7147 7148 7149 7150 7151 7152 7153 7154 7155 7156 7157 7158 7159 7160 7161 7162 7163 7164 7165 7166 7167 7168 7169 7170 7171 7172 7173 7174 7175 7176 7177 7178 7179 7180 7181 7182 7183 7184 7185 7186 7187 7188 7189 7190 7191 7192 7193 7194 7195 7196 7197 7198 7199 7200 7201 7202 7203 7204 7205 7206 7207 7208 7209 7210 7211 7212 7213 7214 7215 7216 7217 7218 7219 7220 7221 7222 7223 7224 7225 7226 7227 7228 7229 7230 7231 7232 7233 7234 7235 7236 7237 7238 7239 7240 7241 7242 7243 7244 7245 7246 7247 7248 7249 7250 7251 7252 7253 7254 7255 7256 7257 7258 7259 7260 7261 7262 7263 7264 7265 7266 7267 7268 7269 7270 7271 7272 7273 7274 7275 7276 7277 7278 7279 7280 7281 7282 7283 7284 7285 7286 7287 7288 7289 7290 7291 7292 7293 7294 7295 7296 7297 7298 7299 7300 7301 7302 7303 7304 7305 7306 7307 7308 7309 7310 7311 7312 7313 7314 7315 7316 7317 7318 7319 7320 7321 7322 7323 7324 7325 7326 7327 7328 7329 7330 7331 7332 7333 7334 7335 7336 7337 7338 7339 7340 7341 7342 7343 7344 7345 7346 7347 7348 7349 7350 7351 7352 7353 7354 7355 7356 7357 7358 7359 7360 7361 7362 7363 7364 7365 7366 7367 7368 7369 7370 7371 7372 7373 7374 7375 7376 7377 7378 7379 7380 7381 7382 7383 7384 7385 7386 7387 7388 7389 7390 7391 7392 7393 7394 7395 7396 7397 7398 7399 7400 7401 7402 7403 7404 7405 7406 7407 7408 7409 7410 7411 7412 7413 7414 7415 7416 7417 7418 7419 7420 7421 7422 7423 7424 7425 7426 7427 7428 7429 7430 7431 7432 7433 7434 7435 7436 7437 7438 7439 7440 7441 7442 7443 7444 7445 7446 7447 7448 7449 7450 7451 7452 7453 7454 7455 7456 7457 7458 7459 7460 7461 7462 7463 7464 7465 7466 7467 7468 7469 7470 7471 7472 7473 7474 7475 7476 7477 7478 7479 7480 7481 7482 7483 7484 7485 7486 7487 7488 7489 7490 7491 7492 7493 7494 7495 7496 7497 7498 7499 7500 7501 7502 7503 7504 7505 7506 7507 7508 7509 7510 7511 7512 7513 7514 7515 7516 7517 7518 7519 7520 7521 7522 7523 7524 7525 7526 7527 7528 7529 7530 7531 7532 7533 7534 7535 7536 7537 7538 7539 7540 7541 7542 7543 7544 7545 7546 7547 7548 7549 7550 7551 7552 7553 7554 7555 7556 7557 7558 7559 7560 7561 7562 7563 7564 7565 7566 7567 7568 7569 7570 7571 7572 7573 7574 7575 7576 7577 7578 7579 7580 7581 7582 7583 7584 7585 7586 7587 7588 7589 7590 7591 7592 7593 7594 7595 7596 7597 7598 7599 7600 7601 7602 7603 7604 7605 7606 7607 7608 7609 7610 7611 7612 7613 7614 7615 7616 7617 7618 7619 7620 7621 7622 7623 7624 7625 7626 7627 7628 7629 7630 7631 7632 7633 7634 7635 7636 7637 7638 7639 7640 7641 7642 7643 7644 7645 7646 7647 7648 7649 7650 7651 7652 7653 7654 7655 7656 7657 7658 7659 7660 7661 7662 7663 7664 7665 7666 7667 7668 7669 7670 7671 7672 7673 7674 7675 7676 7677 7678 7679 7680 7681 7682 7683 7684 7685 7686 7687 7688 7689 7690 7691 7692 7693 7694 7695 7696 7697 7698 7699 7700 7701 7702 7703 7704 7705 7706 7707 7708 7709 7710 7711 7712 7713 7714 7715 7716 7717 7718 7719 7720 7721 7722 7723 7724 7725 7726 7727 7728 7729 7730 7731 7732 7733 7734 7735 7736 7737 7738 7739 7740 7741 7742 7743 7744 7745 7746 7747 7748 7749 7750 7751 7752 7753 7754 7755 7756 7757 7758 7759 7760 7761 7762 7763 7764 7765 7766 7767 7768 7769 7770 7771 7772 7773 7774 7775 7776 7777 7778 7779 7780 7781 7782 7783 7784 7785 7786 7787 7788 7789 7790 7791 7792 7793 7794 7795 7796 7797 7798 7799 7800 7801 7802 7803 7804 7805 7806 7807 7808 7809 7810 7811 7812 7813 7814 7815 7816 7817 7818 7819 7820 7821 7822 7823 7824 7825 7826 7827 7828 7829 7830 7831 7832 7833 7834 7835 7836 7837 7838 7839 7840 7841 7842 7843 7844 7845 7846 7847 7848 7849 7850 7851 7852 7853 7854 7855 7856 7857 7858 7859 7860 7861 7862 7863 7864 7865 7866 7867 7868 7869 7870 7871 7872 7873 7874 7875 7876 7877 7878 7879 7880 7881 7882 7883 7884 7885 7886 7887 7888 7889 7890 7891 7892 7893 7894 7895 7896 7897 7898 7899 7900 7901 7902 7903 7904 7905 7906 7907 7908 7909 7910 7911 7912 7913 7914 7915 7916 7917 7918 7919 7920 7921 7922 7923 7924 7925 7926 7927 7928 7929 7930 7931 7932 7933 7934 7935 7936 7937 7938 7939 7940 7941 7942 7943 7944 7945 7946 7947 7948 7949 7950 7951 7952 7953 7954 7955 7956 7957 7958 7959 7960 7961 7962 7963 7964 7965 7966 7967 7968 7969 7970 7971 7972 7973 7974 7975 7976 7977 7978 7979 7980 7981 7982 7983 7984 7985 7986 7987 7988 7989 7990 7991 7992 7993 7994 7995 7996 7997 7998 7999 8000 8001 8002 8003 8004 8005 8006 8007 8008 8009 8010 8011 8012 8013 8014 8015 8016 8017 8018 8019 8020 8021 8022 8023 8024 8025 8026 8027 8028 8029 8030 8031 8032 8033 8034 8035 8036 8037 8038 8039 8040 8041 8042 8043 8044 8045 8046 8047 8048 8049 8050 8051 8052 8053 8054 8055 8056 8057 8058 8059 8060 8061 8062 8063 8064 8065 8066 8067 8068 8069 8070 8071 8072 8073 8074 8075 8076 8077 8078 8079 8080 8081 8082 8083 8084 8085 8086 8087 8088 8089 8090 8091 8092 8093 8094 8095 8096 8097 8098 8099 8100 8101 8102 8103 8104 8105 8106 8107 8108 8109 8110 8111 8112 8113 8114 8115 8116 8117 8118 8119 8120 8121 8122 8123 8124 8125 8126 8127 8128 8129 8130 8131 8132 8133 8134 8135 8136 8137 8138 8139 8140 8141 8142 8143 8144 8145 8146 8147 8148 8149 8150 8151 8152 8153 8154 8155 8156 8157 8158 8159 8160 8161 8162 8163 8164 8165 8166 8167 8168 8169 8170 8171 8172 8173 8174 8175 8176 8177 8178 8179 8180 8181 8182 8183 8184 8185 8186 8187 8188 8189 8190 8191 8192 8193 8194 8195 8196 8197 8198 8199 8200 8201 8202 8203 8204 8205 8206 8207 8208 8209 8210 8211 8212 8213 8214 8215 8216 8217 8218 8219 8220 8221 8222 8223 8224 8225 8226 8227 8228 8229 8230 8231 8232 8233 8234 8235 8236 8237 8238 8239 8240 8241 8242 8243 8244 8245 8246 8247 8248 8249 8250 8251 8252 8253 8254 8255 8256 8257 8258 8259 8260 8261 8262 8263 8264 8265 8266 8267 8268 8269 8270 8271 8272 8273 8274 8275 8276 8277 8278 8279 8280 8281 8282 8283 8284 8285 8286 8287 8288 8289 8290 8291 8292 8293 8294 8295 8296 8297 8298 8299 8300 8301 8302 8303 8304 8305 8306 8307 8308 8309 8310 8311 8312 8313 8314 8315 8316 8317 8318 8319 8320 8321 8322 8323 8324 8325 8326 8327 8328 8329 8330 8331 8332 8333 8334 8335 8336 8337 8338 8339 8340 8341 8342 8343 8344 8345 8346 8347 8348 8349 8350 8351 8352 8353 8354 8355 8356 8357 8358 8359 8360 8361 8362 8363 8364 8365 8366 8367 8368 8369 8370 8371 8372 8373 8374 8375 8376 8377 8378 8379 8380 8381 8382 8383 8384 8385 8386 8387 8388 8389 8390 8391 8392 8393 8394 8395 8396 8397 8398 8399 8400 8401 8402 8403 8404 8405 8406 8407 8408 8409 8410 8411 8412 8413 8414 8415 8416 8417 8418 8419 8420 8421 8422 8423 8424 8425 8426 8427 8428 8429 8430 8431 8432 8433 8434 8435 8436 8437 8438 8439 8440 8441 8442 8443 8444 8445 8446 8447 8448 8449 8450 8451 8452 8453 8454 8455 8456 8457 8458 8459 8460 8461 8462 8463 8464 8465 8466 8467 8468 8469 8470 8471 8472 8473 8474 8475 8476 8477 8478 8479 8480 8481 8482 8483 8484 8485 8486 8487 8488 8489 8490 8491 8492 8493 8494 8495 8496 8497 8498 8499 8500 8501 8502 8503 8504 8505 8506 8507 8508 8509 8510 8511 8512 8513 8514 8515 8516 8517 8518 8519 8520 8521 8522 8523 8524 8525 8526 8527 8528 8529 8530 8531 8532 8533 8534 8535 8536 8537 8538 8539 8540 8541 8542 8543 8544 8545 8546 8547 8548 8549 8550 8551 8552 8553 8554 8555 8556 8557 8558 8559 8560 8561 8562 8563 8564 8565 8566 8567 8568 8569 8570 8571 8572 8573 8574 8575 8576 8577 8578 8579 8580 8581 8582 8583 8584 8585 8586 8587 8588 8589 8590 8591 8592 8593 8594 8595 8596 8597 8598 8599 8600 8601 8602 8603 8604 8605 8606 8607 8608 8609 8610 8611 8612 8613 8614 8615 8616 8617 8618 8619 8620 8621 8622 8623 8624 8625 8626 8627 8628 8629 8630 8631 8632 8633 8634 8635 8636 8637 8638 8639 8640 8641 8642 8643 8644 8645 8646 8647 8648 8649 8650 8651 8652 8653 8654 8655 8656 8657 8658 8659 8660 8661 8662 8663 8664 8665 8666 8667 8668 8669 8670 8671 8672 8673 8674 8675 8676 8677 8678 8679 8680 8681 8682 8683 8684 8685 8686 8687 8688 8689 8690 8691 8692 8693 8694 8695 8696 8697 8698 8699 8700 8701 8702 8703 8704 8705 8706 8707 8708 8709 8710 8711 8712 8713 8714 8715 8716 8717 8718 8719 8720 8721 8722 8723 8724 8725 8726 8727 8728 8729 8730 8731 8732 8733 8734 8735 8736 8737 8738 8739 8740 8741 8742 8743 8744 8745 8746 8747 8748 8749 8750 8751 8752 8753 8754 8755 8756 8757 8758 8759 8760 8761 8762 8763 8764 8765 8766 8767 8768 8769 8770 8771 8772 8773 8774 8775 8776 8777 8778 8779 8780 8781 8782 8783 8784 8785 8786 8787 8788 8789 8790 8791 8792 8793 8794 8795 8796 8797 8798 8799 8800 8801 8802 8803 8804 8805 8806 8807 8808 8809 8810 8811 8812 8813 8814 8815 8816 8817 8818 8819 8820 8821 8822 8823 8824 8825 8826 8827 8828 8829 8830 8831 8832 8833 8834 8835 8836 8837 8838 8839 8840 8841 8842 8843 8844 8845 8846 8847 8848 8849 8850 8851 8852 8853 8854 8855 8856 8857 8858 8859 8860 8861 8862 8863 8864 8865 8866 8867 8868 8869 8870 8871 8872 8873 8874 8875 8876 8877 8878 8879 8880 8881 8882 8883 8884 8885 8886 8887 8888 8889 8890 8891 8892 8893 8894 8895 8896 8897 8898 8899 8900 8901 8902 8903 8904 8905 8906 8907 8908 8909 8910 8911 8912 8913 8914 8915 8916 8917 8918 8919 8920 8921 8922 8923 8924 8925 8926 8927 8928 8929 8930 8931 8932 8933 8934 8935 8936 8937 8938 8939 8940 8941 8942 8943 8944 8945 8946 8947 8948 8949 8950 8951 8952 8953 8954 8955 8956 8957 8958 8959 8960 8961 8962 8963 8964 8965 8966 8967 8968 8969 8970 8971 8972 8973 8974 8975 8976 8977 8978 8979 8980 8981 8982 8983 8984 8985 8986 8987 8988 8989 8990 8991 8992 8993 8994 8995 8996 8997 8998 8999 9000 9001 9002 9003 9004 9005 9006 9007 9008 9009 9010 9011 9012 9013 9014 9015 9016 9017 9018 9019 9020 9021 9022 9023 9024 9025 9026 9027 9028 9029 9030 9031 9032 9033 9034 9035 9036 9037 9038 9039 9040 9041 9042 9043 9044 9045 9046 9047 9048 9049 9050 9051 9052 9053 9054 9055 9056 9057 9058 9059 9060 9061 9062 9063 9064 9065 9066 9067 9068 9069 9070 9071 9072 9073 9074 9075 9076 9077 9078 9079 9080 9081 9082 9083 9084 9085 9086 9087 9088 9089 9090 9091 9092 9093 9094 9095 9096 9097 9098 9099 9100 9101 9102 9103 9104 9105 9106 9107 9108 9109 9110 9111 9112 9113 9114 9115 9116 9117 9118 9119 9120 9121 9122 9123 9124 9125 9126 9127 9128 9129 9130 9131 9132 9133 9134 9135 9136 9137 9138 9139 9140 9141 9142 9143 9144 9145 9146 9147 9148 9149 9150 9151 9152 9153 9154 9155 9156 9157 9158 9159 9160 9161 9162 9163 9164 9165 9166 9167 9168 9169 9170 9171 9172 9173 9174 9175 9176 9177 9178 9179 9180 9181 9182 9183 9184 9185 9186 9187 9188 9189 9190 9191 9192 9193 9194 9195 9196 9197 9198 9199 9200 9201 9202 9203 9204 9205 9206 9207 9208 9209 9210 9211 9212 9213 9214 9215 9216 9217 9218 9219 9220 9221 9222 9223 9224 9225 9226 9227 9228 9229 9230 9231 9232 9233 9234 9235 9236 9237 9238 9239 9240 9241 9242 9243 9244 9245 9246 9247 9248 9249 9250 9251 9252 9253 9254 9255 9256 9257 9258 9259 9260 9261 9262 9263 9264 9265 9266 9267 9268 9269 9270 9271 9272 9273 9274 9275 9276 9277 9278 9279 9280 9281 9282 9283 9284 9285 9286 9287 9288 9289 9290 9291 9292 9293 9294 9295 9296 9297 9298 9299 9300 9301 9302 9303 9304 9305 9306 9307 9308 9309 9310 9311 9312 9313 9314 9315 9316 9317 9318 9319 9320 9321 9322 9323 9324 9325 9326 9327 9328 9329 9330 9331 9332 9333 9334 9335 9336 9337 9338 9339 9340 9341 9342 9343 9344 9345 9346 9347 9348 9349 9350 9351 9352 9353 9354 9355 9356 9357 9358 9359 9360 9361 9362 9363 9364 9365 9366 9367 9368 9369 9370 9371 9372 9373 9374 9375 9376 9377 9378 9379 9380 9381 9382 9383 9384 9385 9386 9387 9388 9389 9390 9391 9392 9393 9394 9395 9396 9397 9398 9399 9400 9401 9402 9403 9404 9405 9406 9407 9408 9409 9410 9411 9412 9413 9414 9415 9416 9417 9418 9419 9420 9421 9422 9423 9424 9425 9426 9427 9428 9429 9430 9431 9432 9433 9434 9435 9436 9437 9438 9439 9440 9441 9442 9443 9444 9445 9446 9447 9448 9449 9450 9451 9452 9453 9454 9455 9456 9457 9458 9459 9460 9461 9462 9463 9464 9465 9466 9467 9468 9469 9470 9471 9472 9473 9474 9475 9476 9477 9478 9479 9480 9481 9482 9483 9484 9485 9486 9487 9488 9489 9490 9491 9492 9493 9494 9495 9496 9497 9498 9499 9500 9501 9502 9503 9504 9505 9506 9507 9508 9509 9510 9511 9512 9513 9514 9515 9516 9517 9518 9519 9520 9521 9522 9523 9524 9525 9526 9527 9528 9529 9530 9531 9532 9533 9534 9535 9536 9537 9538 9539 9540 9541 9542 9543 9544 9545 9546 9547 9548 9549 9550 9551 9552 9553 9554 9555 9556 9557 9558 9559 9560 9561 9562 9563 9564 9565 9566 9567 9568 9569 9570 9571 9572 9573 9574 9575 9576 9577 9578 9579 9580 9581 9582 9583 9584 9585 9586 9587 9588 9589 9590 9591 9592 9593 9594 9595 9596 9597 9598 9599 9600 9601 9602 9603 9604 9605 9606 9607 9608 9609 9610 9611 9612 9613 9614 9615 9616 9617 9618 9619 9620 9621 9622 9623 9624 9625 9626 9627 9628 9629 9630 9631 9632 9633 9634 9635 9636 9637 9638 9639 9640 9641 9642 9643 9644 9645 9646 9647 9648 9649 9650 9651 9652 9653 9654 9655 9656 9657 9658 9659 9660 9661 9662 9663 9664 9665 9666 9667 9668 9669 9670 9671 9672 9673 9674 9675 9676 9677 9678 9679 9680 9681 9682 9683 9684 9685 9686 9687 9688 9689 9690 9691 9692 9693 9694 9695 9696 9697 9698 9699 9700 9701 9702 9703 9704 9705 9706 9707 9708 9709 9710 9711 9712 9713 9714 9715 9716 9717 9718 9719 9720 
$BondTypes
1, 400 
2, 400 
3, 400 
4, 400 
5, 400 
6, 400 
7, 400 
8, 400 
9, 400 
10, 400 
11, 400 
12, 400 
13, 400 
14, 400 
15, 400 
16, 400 
17, 400 
18, 400 
19, 400 
20, 400 
21, 400 
22, 400 
23, 400 
24, 400 
25, 400 
26, 400 
27, 400 
28, 400 
29, 400 
30, 400 
31, 400 
32, 400 
33, 400 
34, 400 
35, 400 
36, 400 
37, 400 
38, 400 
39, 400 
40, 400 
41, 400 
42, 400 
43, 400 
44, 400 
45, 400 
46, 400 
47, 400 
48, 400 
49, 400 
50, 400 
51, 400 
52, 400 
53, 400 
54, 400 
55, 400 
56, 400 
57, 400 
58, 400 
59, 400 
60, 400 
61, 400 
62, 400 
63, 400 
64, 400 
65, 400 
66, 400 
67, 400 
68, 400 
69, 400 
70, 400 
71, 400 
72, 400 
73, 400 
74, 400 
75, 400 
76, 400 
77, 400 
78, 400 
79, 400 
80, 400 
81, 400 
82, 400 
83, 400 
84, 400 
85, 400 
86, 400 
87, 400 
88, 400 
89, 400 
90, 400 
91, 400 
92, 400 
93, 400 
94, 400 
95, 400 
96, 400 
97, 400 
98, 400 
99, 400 
100, 400 
101, 400 
102, 400 
103, 400 
104, 400 
105, 400 
106, 400 
107, 400 
108, 400 
109, 400 
110, 400 
111, 400 
112, 400 
113, 400 
114, 400 
115, 400 
116, 400 
117, 400 
118, 400 
119, 400 
120, 400 
121, 400 
122, 400 
123, 400 
124, 400 
125, 400 
126, 400 
127, 400 
128, 400 
129, 400 
130, 400 
131, 400 
132, 400 
133, 400 
134, 400 
135, 400 
136, 400 
137, 400 
138, 400 
139, 400 
140, 400 
141, 400 
142, 400 
143, 400 
144, 400 
145, 400 
146, 400 
147, 400 
148, 400 
149, 400 
150, 400 
151, 400 
152, 400 
153, 400 
154, 400 
155, 400 
156, 400 
157, 400 
158, 400 
159, 400 
160, 400 
161, 400 
162, 400 
163, 400 
164, 400 
165, 400 
166, 400 
167, 400 
168, 400 
169, 400 
170, 400 
171, 400 
172, 400 
173, 400 
174, 400 
175, 400 
176, 400 
177, 400 
178, 400 
179, 400 
180, 400 
181, 400 
182, 400 
183, 400 
184, 400 
185, 400 
186, 400 
187, 400 
188, 400 
189, 400 
190, 400 
191, 400 
192, 400 
193, 400 
194, 400 
195, 400 
196, 400 
197, 400 
198, 400 
199, 400 
200, 400 
201, 400 
202, 400 
203, 400 
204, 400 
205, 400 
206, 400 
207, 400 
208, 400 
209, 400 
210, 400 
211, 400 
212, 400 
213, 400 
214, 400 
215, 400 
216, 400 
217, 400 
218, 400 
219, 400 
220, 400 
221, 400 
222, 400 
223, 400 
224, 400 
225, 400 
226, 400 
227, 400 
228, 400 
229, 400 
230, 400 
231, 400 
232, 400 
233, 400 
234, 400 
235, 400 
236, 400 
237, 400 
238, 400 
239, 400 
240, 400 
241, 400 
242, 400 
243, 400 
244, 400 
245, 400 
246, 400 
247, 400 
248, 400 
249, 400 
250, 400 
251, 400 
252, 400 
253, 400 
254, 400 
255, 400 
256, 400 
257, 400 
258, 400 
259, 400 
260, 400 
261, 400 
262, 400 
263, 400 
264, 400 
265, 400 
266, 400 
267, 400 
268, 400 
269, 400 
270, 400 
271, 400 
272, 400 
273, 400 
274, 400 
275, 400 
276, 400 
277, 400 
278, 400 
279, 400 
280, 400 
281, 400 
282, 400 
283, 400 
284, 400 
285, 400 
286, 400 
287, 400 
288, 400 
289, 400 
290, 400 
291, 400 
292, 400 
293, 400 
294, 400 
295, 400 
296, 400 
297, 400 
298, 400 
299, 400 
300, 400 
301, 400 
302, 400 
303, 400 
304, 400 
305, 400 
306, 400 
307, 400 
308, 400 
309, 400 
310, 400 
311, 400 
312, 400 
313, 400 
314, 400 
315, 400 
316, 400 
317, 400 
318, 400 
319, 400 
320, 400 
321, 400 
322, 400 
323, 400 
324, 400 
325, 400 
326, 400 
327, 400 
328, 400 
329, 400 
330, 400 
331, 400 
332, 400 
333, 400 
334, 400 
335, 400 
336, 400 
337, 400 
338, 400 
339, 400 
340, 400 
341, 400 
342, 400 
343, 400 
344, 400 
345, 400 
346, 400 
347, 400 
348, 400 
349, 400 
350, 400 
351, 400 
352, 400 
353, 400 
354, 400 
355, 400 
356, 400 
357, 400 
358, 400 
359, 400 
360, 400 
361, 400 
362, 400 
363, 400 
364, 400 
365, 400 
366, 400 
367, 400 
368, 400 
369, 400 
370, 400 
371, 400 
372, 400 
373, 400 
374, 400 
375, 400 
376, 400 
377, 400 
378, 400 
379, 400 
380, 400 
381, 400 
382, 400 
383, 400 
384, 400 
385, 400 
386, 400 
387, 400 
388, 400 
389, 400 
390, 400 
391, 400 
392, 400 
393, 400 
394, 400 
395, 400 
396, 400 
397, 400 
398, 400 
399, 400 
400, 400 
401, 400 
402, 400 
403, 400 
404, 400 
405, 400 
406, 400 
407, 400 
408, 400 
409, 400 
410, 400 
411, 400 
412, 400 
413, 400 
414, 400 
415, 400 
416, 400 
417, 400 
418, 400 
419, 400 
420, 400 
421, 400 
422, 400 
423, 400 
424, 400 
425, 400 
426, 400 
427, 400 
428, 400 
429, 400 
430, 400 
431, 400 
432, 400 
433, 400 
434, 400 
435, 400 
436, 400 
437, 400 
438, 400 
439, 400 
440, 400 
441, 400 
442, 400 
443, 400 
444, 400 
445, 400 
446, 400 
447, 400 
448, 400 
449, 400 
450, 400 
451, 400 
452, 400 
453, 400 
454, 400 
455, 400 
456, 400 
457, 400 
458, 400 
459, 400 
460, 400 
461, 400 
462, 400 
463, 400 
464, 400 
465, 400 
466, 400 
467, 400 
468, 400 
469, 400 
470, 400 
471, 400 
472, 400 
473, 400 
474, 400 
475, 400 
476, 400 
477, 400 
478, 400 
479, 400 
480, 400 
481, 400 
482, 400 
483, 400 
484, 400 
485, 400 
486, 400 
487, 400 
488, 400 
489, 400 
490, 400 
491, 400 
492, 400 
493, 400 
494, 400 
495, 400 
496, 400 
497, 400 
498, 400 
499, 400 
500, 400 
501, 400 
502, 400 
503, 400 
504, 400 
505, 400 
506, 400 
507, 400 
508, 400 
509, 400 
510, 400 
511, 400 
512, 400 
513, 400 
514, 400 
515, 400 
516, 400 
517, 400 
518, 400 
519, 400 
520, 400 
521, 400 
522, 400 
523, 400 
524, 400 
525, 400 
526, 400 
527, 400 
528, 400 
529, 400 
530, 400 
531, 400 
532, 400 
533, 400 
534, 400 
535, 400 
536, 400 
537, 400 
538, 400 
539, 400 
540, 400 
541, 400 
542, 400 
543, 400 
544, 400 
545, 400 
546, 400 
547, 400 
548, 400 
549, 400 
550, 400 
551, 400 
552, 400 
553, 400 
554, 400 
555, 400 
556, 400 
557, 400 
558, 400 
559, 400 
560, 400 
561, 400 
562, 400 
563, 400 
564, 400 
565, 400 
566, 400 
567, 400 
568, 400 
569, 400 
570, 400 
571, 400 
572, 400 
573, 400 
574, 400 
575, 400 
576, 400 
577, 400 
578, 400 
579, 400 
580, 400 
581, 400 
582, 400 
583, 400 
584, 400 
585, 400 
586, 400 
587, 400 
588, 400 
589, 400 
590, 400 
591, 400 
592, 400 
593, 400 
594, 400 
595, 400 
596, 400 
597, 400 
598, 400 
599, 400 
600, 400 
601, 400 
602, 400 
603, 400 
604, 400 
605, 400 
606, 400 
607, 400 
608, 400 
609, 400 
610, 400 
611, 400 
612, 400 
613, 400 
614, 400 
615, 400 
616, 400 
617, 400 
618, 400 
619, 400 
620, 400 
621, 400 
622, 400 
623, 400 
624, 400 
625, 400 
626, 400 
627, 400 
628, 400 
629, 400 
630, 400 
631, 400 
632, 400 
633, 400 
634, 400 
635, 400 
636, 400 
637, 400 
638, 400 
639, 400 
640, 400 
641, 400 
642, 400 
643, 400 
644, 400 
645, 400 
646, 400 
647, 400 
648, 400 
649, 400 
650, 400 
651, 400 
652, 400 
653, 400 
654, 400 
655, 400 
656, 400 
657, 400 
658, 400 
659, 400 
660, 400 
661, 400 
662, 400 
663, 400 
664, 400 
665, 400 
666, 400 
667, 400 
668, 400 
669, 400 
670, 400 
671, 400 
672, 400 
673, 400 
674, 400 
675, 400 
676, 400 
677, 400 
678, 400 
679, 400 
680, 400 
681, 400 
682, 400 
683, 400 
684, 400 
685, 400 
686, 400 
687, 400 
688, 400 
689, 400 
690, 400 
691, 400 
692, 400 
693, 400 
694, 400 
695, 400 
696, 400 
697, 400 
698, 400 
699, 400 
700, 400 
701, 400 
702, 400 
703, 400 
704, 400 
705, 400 
706, 400 
707, 400 
708, 400 
709, 400 
710, 400 
711, 400 
712, 400 
713, 400 
714, 400 
715, 400 
716, 400 
717, 400 
718, 400 
719, 400 
720, 400 
721, 400 
722, 400 
723, 400 
724, 400 
725, 400 
726, 400 
727, 400 
728, 400 
729, 400 
730, 400 
731, 400 
732, 400 
733, 400 
734, 400 
735, 400 
736, 400 
737, 400 
738, 400 
739, 400 
740, 400 
741, 400 
742, 400 
743, 400 
744, 400 
745, 400 
746, 400 
747, 400 
748, 400 
749, 400 
750, 400 
751, 400 
752, 400 
753, 400 
754, 400 
755, 400 
756, 400 
757, 400 
758, 400 
759, 400 
760, 400 
761, 400 
762, 400 
763, 400 
764, 400 
765, 400 
766, 400 
767, 400 
768, 400 
769, 400 
770, 400 
771, 400 
772, 400 
773, 400 
774, 400 
775, 400 
776, 400 
777, 400 
778, 400 
779, 400 
780, 400 
781, 400 
782, 400 
783, 400 
784, 400 
785, 400 
786, 400 
787, 400 
788, 400 
789, 400 
790, 400 
791, 400 
792, 400 
793, 400 
794, 400 
795, 400 
796, 400 
797, 400 
798, 400 
799, 400 
800, 400 
801, 400 
802, 400 
803, 400 
804, 400 
805, 400 
806, 400 
807, 400 
808, 400 
809, 400 
810, 400 
811, 400 
812, 400 
813, 400 
814, 400 
815, 400 
816, 400 
817, 400 
818, 400 
819, 400 
820, 400 
821, 400 
822, 400 
823, 400 
824, 400 
825, 400 
826, 400 
827, 400 
828, 400 
829, 400 
830, 400 
831, 400 
832, 400 
833, 400 
834, 400 
835, 400 
836, 400 
837, 400 
838, 400 
839, 400 
840, 400 
841, 400 
842, 400 
843, 400 
844, 400 
845, 400 
846, 400 
847, 400 
848, 400 
849, 400 
850, 400 
851, 400 
852, 400 
853, 400 
854, 400 
855, 400 
856, 400 
857, 400 
858, 400 
859, 400 
860, 400 
861, 400 
862, 400 
863, 400 
864, 400 
865, 400 
866, 400 
867, 400 
868, 400 
869, 400 
870, 400 
871, 400 
872, 400 
873, 400 
874, 400 
875, 400 
876, 400 
877, 400 
878, 400 
879, 400 
880, 400 
881, 400 
882, 400 
883, 400 
884, 400 
885, 400 
886, 400 
887, 400 
888, 400 
889, 400 
890, 400 
891, 400 
892, 400 
893, 400 
894, 400 
895, 400 
896, 400 
897, 400 
898, 400 
899, 400 
900, 400 
901, 400 
902, 400 
903, 400 
904, 400 
905, 400 
906, 400 
907, 400 
908, 400 
909, 400 
910, 400 
911, 400 
912, 400 
913, 400 
914, 400 
915, 400 
916, 400 
917, 400 
918, 400 
919, 400 
920, 400 
921, 400 
922, 400 
923, 400 
924, 400 
925, 400 
926, 400 
927, 400 
928, 400 
929, 400 
930, 400 
931, 400 
932, 400 
933, 400 
934, 400 
935, 400 
936, 400 
937, 400 
938, 400 
939, 400 
940, 400 
941, 400 
942, 400 
943, 400 
944, 400 
945, 400 
946, 400 
947, 400 
948, 400 
949, 400 
950, 400 
951, 400 
952, 400 
953, 400 
954, 400 
955, 400 
956, 400 
957, 400 
958, 400 
959, 400 
960, 400 
961, 400 
962, 400 
963, 400 
964, 400 
965, 400 
966, 400 
967, 400 
968, 400 
969, 400 
970, 400 
971, 400 
972, 400 
973, 400 
974, 400 
975, 400 
976, 400 
977, 400 
978, 400 
979, 400 
980, 400 
981, 400 
982, 400 
983, 400 
984, 400 
985, 400 
986, 400 
987, 400 
988, 400 
989, 400 
990, 400 
991, 400 
992, 400 
993, 400 
994, 400 
995, 400 
996, 400 
997, 400 
998, 400 
999, 400 
1000, 400 
1001, 400 
1002, 400 
1003, 400 
1004, 400 
1005, 400 
1006, 400 
1007, 400 
1008, 400 
1009, 400 
1010, 400 
1011, 400 
1012, 400 
1013, 400 
1014, 400 
1015, 400 
1016, 400 
1017, 400 
1018, 400 
1019, 400 
1020, 400 
1021, 400 
1022, 400 
1023, 400 
1024, 400 
1025, 400 
1026, 400 
1027, 400 
1028, 400 
1029, 400 
1030, 400 
1031, 400 
1032, 400 
1033, 400 
1034, 400 
1035, 400 
1036, 400 
1037, 400 
1038, 400 
1039, 400 
1040, 400 
1041, 400 
1042, 400 
1043, 400 
1044, 400 
1045, 400 
1046, 400 
1047, 400 
1048, 400 
1049, 400 
1050, 400 
1051, 400 
1052, 400 
1053, 400 
1054, 400 
1055, 400 
1056, 400 
1057, 400 
1058, 400 
1059, 400 
1060, 400 
1061, 400 
1062, 400 
1063, 400 
1064, 400 
1065, 400 
1066, 400 
1067, 400 
1068, 400 
1069, 400 
1070, 400 
1071, 400 
1072, 400 
1073, 400 
1074, 400 
1075, 400 
1076, 400 
1077, 400 
1078, 400 
1079, 400 
1080, 400 
1081, 400 
1082, 400 
1083, 400 
1084, 400 
1085, 400 
1086, 400 
1087, 400 
1088, 400 
1089, 400 
1090, 400 
1091, 400 
1092, 400 
1093, 400 
1094, 400 
1095, 400 
1096, 400 
1097, 400 
1098, 400 
1099, 400 
1100, 400 
1101, 400 
1102, 400 
1103, 400 
1104, 400 
1105, 400 
1106, 400 
1107, 400 
1108, 400 
1109, 400 
1110, 400 
1111, 400 
1112, 400 
1113, 400 
1114, 400 
1115, 400 
1116, 400 
1117, 400 
1118, 400 
1119, 400 
1120, 400 
1121, 400 
1122, 400 
1123, 400 
1124, 400 
1125, 400 
1126, 400 
1127, 400 
1128, 400 
1129, 400 
1130, 400 
1131, 400 
1132, 400 
1133, 400 
1134, 400 
1135, 400 
1136, 400 
1137, 400 
1138, 400 
1139, 400 
1140, 400 
1141, 400 
1142, 400 
1143, 400 
1144, 400 
1145, 400 
1146, 400 
1147, 400 
1148, 400 
1149, 400 
1150, 400 
1151, 400 
1152, 400 
1153, 400 
1154, 400 
1155, 400 
1156, 400 
1157, 400 
1158, 400 
1159, 400 
1160, 400 
1161, 400 
1162, 400 
1163, 400 
1164, 400 
1165, 400 
1166, 400 
1167, 400 
1168, 400 
1169, 400 
1170, 400 
1171, 400 
1172, 400 
1173, 400 
1174, 400 
1175, 400 
1176, 400 
1177, 400 
1178, 400 
1179, 400 
1180, 400 
1181, 400 
1182, 400 
1183, 400 
1184, 400 
1185, 400 
1186, 400 
1187, 400 
1188, 400 
1189, 400 
1190, 400 
1191, 400 
1192, 400 
1193, 400 
1194, 400 
1195, 400 
1196, 400 
1197, 400 
1198, 400 
1199, 400 
1200, 400 
1201, 400 
1202, 400 
1203, 400 
1204, 400 
1205, 400 
1206, 400 
1207, 400 
1208, 400 
1209, 400 
1210, 400 
1211, 400 
1212, 400 
1213, 400 
1214, 400 
1215, 400 
1216, 400 
1217, 400 
1218, 400 
1219, 400 
1220, 400 
1221, 400 
1222, 400 
1223, 400 
1224, 400 
1225, 400 
1226, 400 
1227, 400 
1228, 400 
1229, 400 
1230, 400 
1231, 400 
1232, 400 
1233, 400 
1234, 400 
1235, 400 
1236, 400 
1237, 400 
1238, 400 
1239, 400 
1240, 400 
1241, 400 
1242, 400 
1243, 400 
1244, 400 
1245, 400 
1246, 400 
1247, 400 
1248, 400 
1249, 400 
1250, 400 
1251, 400 
1252, 400 
1253, 400 
1254, 400 
1255, 400 
1256, 400 
1257, 400 
1258, 400 
1259, 400 
1260, 400 
1261, 400 
1262, 400 
1263, 400 
1264, 400 
1265, 400 
1266, 400 
1267, 400 
1268, 400 
1269, 400 
1270, 400 
1271, 400 
1272, 400 
1273, 400 
1274, 400 
1275, 400 
1276, 400 
1277, 400 
1278, 400 
1279, 400 
1280, 400 
1281, 400 
1282, 400 
1283, 400 
1284, 400 
1285, 400 
1286, 400 
1287, 400 
1288, 400 
1289, 400 
1290, 400 
1291, 400 
1292, 400 
1293, 400 
1294, 400 
1295, 400 
1296, 400 
1297, 400 
1298, 400 
1299, 400 
1300, 400 
1301, 400 
1302, 400 
1303, 400 
1304, 400 
1305, 400 
1306, 400 
1307, 400 
1308, 400 
1309, 400 
1310, 400 
1311, 400 
1312, 400 
1313, 400 
1314, 400 
1315, 400 
1316, 400 
1317, 400 
1318, 400 
1319, 400 
1320, 400 
1321, 400 
1322, 400 
1323, 400 
1324, 400 
1325, 400 
1326, 400 
1327, 400 
1328, 400 
1329, 400 
1330, 400 
1331, 400 
1332, 400 
1333, 400 
1334, 400 
1335, 400 
1336, 400 
1337, 400 
1338, 400 
1339, 400 
1340, 400 
1341, 400 
1342, 400 
1343, 400 
1344, 400 
1345, 400 
1346, 400 
1347, 400 
1348, 400 
1349, 400 
1350, 400 
1351, 400 
1352, 400 
1353, 400 
1354, 400 
1355, 400 
1356, 400 
1357, 400 
1358, 400 
1359, 400 
1360, 400 
1361, 400 
1362, 400 
1363, 400 
1364, 400 
1365, 400 
1366, 400 
1367, 400 
1368, 400 
1369, 400 
1370, 400 
1371, 400 
1372, 400 
1373, 400 
1374, 400 
1375, 400 
1376, 400 
1377, 400 
1378, 400 
1379, 400 
1380, 400 
1381, 400 
1382, 400 
1383, 400 
1384, 400 
1385, 400 
1386, 400 
1387, 400 
1388, 400 
1389, 400 
1390, 400 
1391, 400 
1392, 400 
1393, 400 
1394, 400 
1395, 400 
1396, 400 
1397, 400 
1398, 400 
1399, 400 
1400, 400 
1401, 400 
1402, 400 
1403, 400 
1404, 400 
1405, 400 
1406, 400 
1407, 400 
1408, 400 
1409, 400 
1410, 400 
1411, 400 
1412, 400 
1413, 400 
1414, 400 
1415, 400 
1416, 400 
1417, 400 
1418, 400 
1419, 400 
1420, 400 
1421, 400 
1422, 400 
1423, 400 
1424, 400 
1425, 400 
1426, 400 
1427, 400 
1428, 400 
1429, 400 
1430, 400 
1431, 400 
1432, 400 
1433, 400 
1434, 400 
1435, 400 
1436, 400 
1437, 400 
1438, 400 
1439, 400 
1440, 400 
1441, 400 
1442, 400 
1443, 400 
1444, 400 
1445, 400 
1446, 400 
1447, 400 
1448, 400 
1449, 400 
1450, 400 
1451, 400 
1452, 400 
1453, 400 
1454, 400 
1455, 400 
1456, 400 
1457, 400 
1458, 400 
1459, 400 
1460, 400 
1461, 400 
1462, 400 
1463, 400 
1464, 400 
1465, 400 
1466, 400 
1467, 400 
1468, 400 
1469, 400 
1470, 400 
1471, 400 
1472, 400 
1473, 400 
1474, 400 
1475, 400 
1476, 400 
1477, 400 
1478, 400 
1479, 400 
1480, 400 
1481, 400 
1482, 400 
1483, 400 
1484, 400 
1485, 400 
1486, 400 
1487, 400 
1488, 400 
1489, 400 
1490, 400 
1491, 400 
1492, 400 
1493, 400 
1494, 400 
1495, 400 
1496, 400 
1497, 400 
1498, 400 
1499, 400 
1500, 400 
1501, 400 
1502, 400 
1503, 400 
1504, 400 
1505, 400 
1506, 400 
1507, 400 
1508, 400 
1509, 400 
1510, 400 
1511, 400 
1512, 400 
1513, 400 
1514, 400 
1515, 400 
1516, 400 
1517, 400 
1518, 400 
1519, 400 
1520, 400 
1521, 400 
1522, 400 
1523, 400 
1524, 400 
1525, 400 
1526, 400 
1527, 400 
1528, 400 
1529, 400 
1530, 400 
1531, 400 
1532, 400 
1533, 400 
1534, 400 
1535, 400 
1536, 400 
1537, 400 
1538, 400 
1539, 400 
1540, 400 
1541, 400 
1542, 400 
1543, 400 
1544, 400 
1545, 400 
1546, 400 
1547, 400 
1548, 400 
1549, 400 
1550, 400 
1551, 400 
1552, 400 
1553, 400 
1554, 400 
1555, 400 
1556, 400 
1557, 400 
1558, 400 
1559, 400 
1560, 400 
1561, 400 
1562, 400 
1563, 400 
1564, 400 
1565, 400 
1566, 400 
1567, 400 
1568, 400 
1569, 400 
1570, 400 
1571, 400 
1572, 400 
1573, 400 
1574, 400 
1575, 400 
1576, 400 
1577, 400 
1578, 400 
1579, 400 
1580, 400 
1581, 400 
1582, 400 
1583, 400 
1584, 400 
1585, 400 
1586, 400 
1587, 400 
1588, 400 
1589, 400 
1590, 400 
1591, 400 
1592, 400 
1593, 400 
1594, 400 
1595, 400 
1596, 400 
1597, 400 
1598, 400 
1599, 400 
1600, 400 
1601, 400 
1602, 400 
1603, 400 
1604, 400 
1605, 400 
1606, 400 
1607, 400 
1608, 400 
1609, 400 
1610, 400 
1611, 400 
1612, 400 
1613, 400 
1614, 400 
1615, 400 
1616, 400 
1617, 400 
1618, 400 
1619, 400 
1620, 400 
1621, 400 
1622, 400 
1623, 400 
1624, 400 
1625, 400 
1626, 400 
1627, 400 
1628, 400 
1629, 400 
1630, 400 
1631, 400 
1632, 400 
1633, 400 
1634, 400 
1635, 400 
1636, 400 
1637, 400 
1638, 400 
1639, 400 
1640, 400 
1641, 400 
1642, 400 
1643, 400 
1644, 400 
1645, 400 
1646, 400 
1647, 400 
1648, 400 
1649, 400 
1650, 400 
1651, 400 
1652, 400 
1653, 400 
1654, 400 
1655, 400 
1656, 400 
1657, 400 
1658, 400 
1659, 400 
1660, 400 
1661, 400 
1662, 400 
1663, 400 
1664, 400 
1665, 400 
1666, 400 
1667, 400 
1668, 400 
1669, 400 
1670, 400 
1671, 400 
1672, 400 
1673, 400 
1674, 400 
1675, 400 
1676, 400 
1677, 400 
1678, 400 
1679, 400 
1680, 400 
1681, 400 
1682, 400 
1683, 400 
1684, 400 
1685, 400 
1686, 400 
1687, 400 
1688, 400 
1689, 400 
1690, 400 
1691, 400 
1692, 400 
1693, 400 
1694, 400 
1695, 400 
1696, 400 
1697, 400 
1698, 400 
1699, 400 
1700, 400 
1701, 400 
1702, 400 
1703, 400 
1704, 400 
1705, 400 
1706, 400 
1707, 400 
1708, 400 
1709, 400 
1710, 400 
1711, 400 
1712, 400 
1713, 400 
1714, 400 
1715, 400 
1716, 400 
1717, 400 
1718, 400 
1719, 400 
1720, 400 
1721, 400 
1722, 400 
1723, 400 
1724, 400 
1725, 400 
1726, 400 
1727, 400 
1728, 400 
1729, 400 
1730, 400 
1731, 400 
1732, 400 
1733, 400 
1734, 400 
1735, 400 
1736, 400 
1737, 400 
1738, 400 
1739, 400 
1740, 400 
1741, 400 
1742, 400 
1743, 400 
1744, 400 
1745, 400 
1746, 400 
1747, 400 
1748, 400 
1749, 400 
1750, 400 
1751, 400 
1752, 400 
1753, 400 
1754, 400 
1755, 400 
1756, 400 
1757, 400 
1758, 400 
1759, 400 
1760, 400 
1761, 400 
1762, 400 
1763, 400 
1764, 400 
1765, 400 
1766, 400 
1767, 400 
1768, 400 
1769, 400 
1770, 400 
1771, 400 
1772, 400 
1773, 400 
1774, 400 
1775, 400 
1776, 400 
1777, 400 
1778, 400 
1779, 400 
1780, 400 
1781, 400 
1782, 400 
1783, 400 
1784, 400 
1785, 400 
1786, 400 
1787, 400 
1788, 400 
1789, 400 
1790, 400 
1791, 400 
1792, 400 
1793, 400 
1794, 400 
1795, 400 
1796, 400 
1797, 400 
1798, 400 
1799, 400 
1800, 400 
1801, 400 
1802, 400 
1803, 400 
1804, 400 
1805, 400 
1806, 400 
1807, 400 
1808, 400 
1809, 400 
1810, 400 
1811, 400 
1812, 400 
1813, 400 
1814, 400 
1815, 400 
1816, 400 
1817, 400 
1818, 400 
1819, 400 
1820, 400 
1821, 400 
1822, 400 
1823, 400 
1824, 400 
1825, 400 
1826, 400 
1827, 400 
1828, 400 
1829, 400 
1830, 400 
1831, 400 
1832, 400 
1833, 400 
1834, 400 
1835, 400 
1836, 400 
1837, 400 
1838, 400 
1839, 400 
1840, 400 
1841, 400 
1842, 400 
1843, 400 
1844, 400 
1845, 400 
1846, 400 
1847, 400 
1848, 400 
1849, 400 
1850, 400 
1851, 400 
1852, 400 
1853, 400 
1854, 400 
1855, 400 
1856, 400 
1857, 400 
1858, 400 
1859, 400 
1860, 400 
1861, 400 
1862, 400 
1863, 400 
1864, 400 
1865, 400 
1866, 400 
1867, 400 
1868, 400 
1869, 400 
1870, 400 
1871, 400 
1872, 400 
1873, 400 
1874, 400 
1875, 400 
1876, 400 
1877, 400 
1878, 400 
1879, 400 
1880, 400 
1881, 400 
1882, 400 
1883, 400 
1884, 400 
1885, 400 
1886, 400 
1887, 400 
1888, 400 
1889, 400 
1890, 400 
1891, 400 
1892, 400 
1893, 400 
1894, 400 
1895, 400 
1896, 400 
1897, 400 
1898, 400 
1899, 400 
1900, 400 
1901, 400 
1902, 400 
1903, 400 
1904, 400 
1905, 400 
1906, 400 
1907, 400 
1908, 400 
1909, 400 
1910, 400 
1911, 400 
1912, 400 
1913, 400 
1914, 400 
1915, 400 
1916, 400 
1917, 400 
1918, 400 
1919, 400 
1920, 400 
1921, 400 
1922, 400 
1923, 400 
1924, 400 
1925, 400 
1926, 400 
1927, 400 
1928, 400 
1929, 400 
1930, 400 
1931, 400 
1932, 400 
1933, 400 
1934, 400 
1935, 400 
1936, 400 
1937, 400 
1938, 400 
1939, 400 
1940, 400 
1941, 400 
1942, 400 
1943, 400 
1944, 400 
1945, 400 
1946, 400 
1947, 400 
1948, 400 
1949, 400 
1950, 400 
1951, 400 
1952, 400 
1953, 400 
1954, 400 
1955, 400 
1956, 400 
1957, 400 
1958, 400 
1959, 400 
1960, 400 
1961, 400 
1962, 400 
1963, 400 
1964, 400 
1965, 400 
1966, 400 
1967, 400 
1968, 400 
1969, 400 
1970, 400 
1971, 400 
1972, 400 
1973, 400 
1974, 400 
1975, 400 
1976, 400 
1977, 400 
1978, 400 
1979, 400 
1980, 400 
1981, 400 
1982, 400 
1983, 400 
1984, 400 
1985, 400 
1986, 400 
1987, 400 
1988, 400 
1989, 400 
1990, 400 
1991, 400 
1992, 400 
1993, 400 
1994, 400 
1995, 400 
1996, 400 
1997, 400 
1998, 400 
1999, 400 
2000, 400 
2001, 400 
2002, 400 
2003, 400 
2004, 400 
2005, 400 
2006, 400 
2007, 400 
2008, 400 
2009, 400 
2010, 400 
2011, 400 
2012, 400 
2013, 400 
2014, 400 
2015, 400 
2016, 400 
2017, 400 
2018, 400 
2019, 400 
2020, 400 
2021, 400 
2022, 400 
2023, 400 
2024, 400 
2025, 400 
2026, 400 
2027, 400 
2028, 400 
2029, 400 
2030, 400 
2031, 400 
2032, 400 
2033, 400 
2034, 400 
2035, 400 
2036, 400 
2037, 400 
2038, 400 
2039, 400 
2040, 400 
2041, 400 
2042, 400 
2043, 400 
2044, 400 
2045, 400 
2046, 400 
2047, 400 
2048, 400 
2049, 400 
2050, 400 
2051, 400 
2052, 400 
2053, 400 
2054, 400 
2055, 400 
2056, 400 
2057, 400 
2058, 400 
2059, 400 
2060, 400 
2061, 400 
2062, 400 
2063, 400 
2064, 400 
2065, 400 
2066, 400 
2067, 400 
2068, 400 
2069, 400 
2070, 400 
2071, 400 
2072, 400 
2073, 400 
2074, 400 
2075, 400 
2076, 400 
2077, 400 
2078, 400 
2079, 400 
2080, 400 
2081, 400 
2082, 400 
2083, 400 
2084, 400 
2085, 400 
2086, 400 
2087, 400 
2088, 400 
2089, 400 
2090, 400 
2091, 400 
2092, 400 
2093, 400 
2094, 400 
2095, 400 
2096, 400 
2097, 400 
2098, 400 
2099, 400 
2100, 400 
2101, 400 
2102, 400 
2103, 400 
2104, 400 
2105, 400 
2106, 400 
2107, 400 
2108, 400 
2109, 400 
2110, 400 
2111, 400 
2112, 400 
2113, 400 
2114, 400 
2115, 400 
2116, 400 
2117, 400 
2118, 400 
2119, 400 
2120, 400 
2121, 400 
2122, 400 
2123, 400 
2124, 400 
2125, 400 
2126, 400 
2127, 400 
2128, 400 
2129, 400 
2130, 400 
2131, 400 
2132, 400 
2133, 400 
2134, 400 
2135, 400 
2136, 400 
2137, 400 
2138, 400 
2139, 400 
2140, 400 
2141, 400 
2142, 400 
2143, 400 
2144, 400 
2145, 400 
2146, 400 
2147, 400 
2148, 400 
2149, 400 
2150, 400 
2151, 400 
2152, 400 
2153, 400 
2154, 400 
2155, 400 
2156, 400 
2157, 400 
2158, 400 
2159, 400 
2160, 400 
2161, 400 
2162, 400 
2163, 400 
2164, 400 
2165, 400 
2166, 400 
2167, 400 
2168, 400 
2169, 400 
2170, 400 
2171, 400 
2172, 400 
2173, 400 
2174, 400 
2175, 400 
2176, 400 
2177, 400 
2178, 400 
2179, 400 
2180, 400 
2181, 400 
2182, 400 
2183, 400 
2184, 400 
2185, 400 
2186, 400 
2187, 400 
2188, 400 
2189, 400 
2190, 400 
2191, 400 
2192, 400 
2193, 400 
2194, 400 
2195, 400 
2196, 400 
2197, 400 
2198, 400 
2199, 400 
2200, 400 
2201, 400 
2202, 400 
2203, 400 
2204, 400 
2205, 400 
2206, 400 
2207, 400 
2208, 400 
2209, 400 
2210, 400 
2211, 400 
2212, 400 
2213, 400 
2214, 400 
2215, 400 
2216, 400 
2217, 400 
2218, 400 
2219, 400 
2220, 400 
2221, 400 
2222, 400 
2223, 400 
2224, 400 
2225, 400 
2226, 400 
2227, 400 
2228, 400 
2229, 400 
2230, 400 
2231, 400 
2232, 400 
2233, 400 
2234, 400 
2235, 400 
2236, 400 
2237, 400 
2238, 400 
2239, 400 
2240, 400 
2241, 400 
2242, 400 
2243, 400 
2244, 400 
2245, 400 
2246, 400 
2247, 400 
2248, 400 
2249, 400 
2250, 400 
2251, 400 
2252, 400 
2253, 400 
2254, 400 
2255, 400 
2256, 400 
2257, 400 
2258, 400 
2259, 400 
2260, 400 
2261, 400 
2262, 400 
2263, 400 
2264, 400 
2265, 400 
2266, 400 
2267, 400 
2268, 400 
2269, 400 
2270, 400 
2271, 400 
2272, 400 
2273, 400 
2274, 400 
2275, 400 
2276, 400 
2277, 400 
2278, 400 
2279, 400 
2280, 400 
2281, 400 
2282, 400 
2283, 400 
2284, 400 
2285, 400 
2286, 400 
2287, 400 
2288, 400 
2289, 400 
2290, 400 
2291, 400 
2292, 400 
2293, 400 
2294, 400 
2295, 400 
2296, 400 
2297, 400 
2298, 400 
2299, 400 
2300, 400 
2301, 400 
2302, 400 
2303, 400 
2304, 400 
2305, 400 
2306, 400 
2307, 400 
2308, 400 
2309, 400 
2310, 400 
2311, 400 
2312, 400 
2313, 400 
2314, 400 
2315, 400 
2316, 400 
2317, 400 
2318, 400 
2319, 400 
2320, 400 
2321, 400 
2322, 400 
2323, 400 
2324, 400 
2325, 400 
2326, 400 
2327, 400 
2328, 400 
2329, 400 
2330, 400 
2331, 400 
2332, 400 
2333, 400 
2334, 400 
2335, 400 
2336, 400 
2337, 400 
2338, 400 
2339, 400 
2340, 400 
2341, 400 
2342, 400 
2343, 400 
2344, 400 
2345, 400 
2346, 400 
2347, 400 
2348, 400 
2349, 400 
2350, 400 
2351, 400 
2352, 400 
2353, 400 
2354, 400 
2355, 400 
2356, 400 
2357, 400 
2358, 400 
2359, 400 
2360, 400 
2361, 400 
2362, 400 
2363, 400 
2364, 400 
2365, 400 
2366, 400 
2367, 400 
2368, 400 
2369, 400 
2370, 400 
2371, 400 
2372, 400 
2373, 400 
2374, 400 
2375, 400 
2376, 400 
2377, 400 
2378, 400 
2379, 400 
2380, 400 
2381, 400 
2382, 400 
2383, 400 
2384, 400 
2385, 400 
2386, 400 
2387, 400 
2388, 400 
2389, 400 
2390, 400 
2391, 400 
2392, 400 
2393, 400 
2394, 400 
2395, 400 
2396, 400 
2397, 400 
2398, 400 
2399, 400 
2400, 400 
2401, 400 
2402, 400 
2403, 400 
2404, 400 
2405, 400 
2406, 400 
2407, 400 
2408, 400 
2409, 400 
2410, 400 
2411, 400 
2412, 400 
2413, 400 
2414, 400 
2415, 400 
2416, 400 
2417, 400 
2418, 400 
2419, 400 
2420, 400 
2421, 400 
2422, 400 
2423, 400 
2424, 400 
2425, 400 
2426, 400 
2427, 400 
2428, 400 
2429, 400 
2430, 400 
2431, 400 
2432, 400 
2433, 400 
2434, 400 
2435, 400 
2436, 400 
2437, 400 
2438, 400 
2439, 400 
2440, 400 
2441, 400 
2442, 400 
2443, 400 
2444, 400 
2445, 400 
2446, 400 
2447, 400 
2448, 400 
2449, 400 
2450, 400 
2451, 400 
2452, 400 
2453, 400 
2454, 400 
2455, 400 
2456, 400 
2457, 400 
2458, 400 
2459, 400 
2460, 400 
2461, 400 
2462, 400 
2463, 400 
2464, 400 
2465, 400 
2466, 400 
2467, 400 
2468, 400 
2469, 400 
2470, 400 
2471, 400 
2472, 400 
2473, 400 
2474, 400 
2475, 400 
2476, 400 
2477, 400 
2478, 400 
2479, 400 
2480, 400 
2481, 400 
2482, 400 
2483, 400 
2484, 400 
2485, 400 
2486, 400 
2487, 400 
2488, 400 
2489, 400 
2490, 400 
2491, 400 
2492, 400 
2493, 400 
2494, 400 
2495, 400 
2496, 400 
2497, 400 
2498, 400 
2499, 400 
2500, 400 
2501, 400 
2502, 400 
2503, 400 
2504, 400 
2505, 400 
2506, 400 
2507, 400 
2508, 400 
2509, 400 
2510, 400 
2511, 400 
2512, 400 
2513, 400 
2514, 400 
2515, 400 
2516, 400 
2517, 400 
2518, 400 
2519, 400 
2520, 400 
2521, 400 
2522, 400 
2523, 400 
2524, 400 
2525, 400 
2526, 400 
2527, 400 
2528, 400 
2529, 400 
2530, 400 
2531, 400 
2532, 400 
2533, 400 
2534, 400 
2535, 400 
2536, 400 
2537, 400 
2538, 400 
2539, 400 
2540, 400 
2541, 400 
2542, 400 
2543, 400 
2544, 400 
2545, 400 
2546, 400 
2547, 400 
2548, 400 
2549, 400 
2550, 400 
2551, 400 
2552, 400 
2553, 400 
2554, 400 
2555, 400 
2556, 400 
2557, 400 
2558, 400 
2559, 400 
2560, 400 
2561, 400 
2562, 400 
2563, 400 
2564, 400 
2565, 400 
2566, 400 
2567, 400 
2568, 400 
2569, 400 
2570, 400 
2571, 400 
2572, 400 
2573, 400 
2574, 400 
2575, 400 
2576, 400 
2577, 400 
2578, 400 
2579, 400 
2580, 400 
2581, 400 
2582, 400 
2583, 400 
2584, 400 
2585, 400 
2586, 400 
2587, 400 
2588, 400 
2589, 400 
2590, 400 
2591, 400 
2592, 400 
2593, 400 
2594, 400 
2595, 400 
2596, 400 
2597, 400 
2598, 400 
2599, 400 
2600, 400 
2601, 400 
2602, 400 
2603, 400 
2604, 400 
2605, 400 
2606, 400 
2607, 400 
2608, 400 
2609, 400 
2610, 400 
2611, 400 
2612, 400 
2613, 400 
2614, 400 
2615, 400 
2616, 400 
2617, 400 
2618, 400 
2619, 400 
2620, 400 
2621, 400 
2622, 400 
2623, 400 
2624, 400 
2625, 400 
2626, 400 
2627, 400 
2628, 400 
2629, 400 
2630, 400 
2631, 400 
2632, 400 
2633, 400 
2634, 400 
2635, 400 
2636, 400 
2637, 400 
2638, 400 
2639, 400 
2640, 400 
2641, 400 
2642, 400 
2643, 400 
2644, 400 
2645, 400 
2646, 400 
2647, 400 
2648, 400 
2649, 400 
2650, 400 
2651, 400 
2652, 400 
2653, 400 
2654, 400 
2655, 400 
2656, 400 
2657, 400 
2658, 400 
2659, 400 
2660, 400 
2661, 400 
2662, 400 
2663, 400 
2664, 400 
2665, 400 
2666, 400 
2667, 400 
2668, 400 
2669, 400 
2670, 400 
2671, 400 
2672, 400 
2673, 400 
2674, 400 
2675, 400 
2676, 400 
2677, 400 
2678, 400 
2679, 400 
2680, 400 
2681, 400 
2682, 400 
2683, 400 
2684, 400 
2685, 400 
2686, 400 
2687, 400 
2688, 400 
2689, 400 
2690, 400 
2691, 400 
2692, 400 
2693, 400 
2694, 400 
2695, 400 
2696, 400 
2697, 400 
2698, 400 
2699, 400 
2700, 400 
2701, 400 
2702, 400 
2703, 400 
2704, 400 
2705, 400 
2706, 400 
2707, 400 
2708, 400 
2709, 400 
2710, 400 
2711, 400 
2712, 400 
2713, 400 
2714, 400 
2715, 400 
2716, 400 
2717, 400 
2718, 400 
2719, 400 
2720, 400 
2721, 400 
2722, 400 
2723, 400 
2724, 400 
2725, 400 
2726, 400 
2727, 400 
2728, 400 
2729, 400 
2730, 400 
2731, 400 
2732, 400 
2733, 400 
2734, 400 
2735, 400 
2736, 400 
2737, 400 
2738, 400 
2739, 400 
2740, 400 
2741, 400 
2742, 400 
2743, 400 
2744, 400 
2745, 400 
2746, 400 
2747, 400 
2748, 400 
2749, 400 
2750, 400 
2751, 400 
2752, 400 
2753, 400 
2754, 400 
2755, 400 
2756, 400 
2757, 400 
2758, 400 
2759, 400 
2760, 400 
2761, 400 
2762, 400 
2763, 400 
2764, 400 
2765, 400 
2766, 400 
2767, 400 
2768, 400 
2769, 400 
2770, 400 
2771, 400 
2772, 400 
2773, 400 
2774, 400 
2775, 400 
2776, 400 
2777, 400 
2778, 400 
2779, 400 
2780, 400 
2781, 400 
2782, 400 
2783, 400 
2784, 400 
2785, 400 
2786, 400 
2787, 400 
2788, 400 
2789, 400 
2790, 400 
2791, 400 
2792, 400 
2793, 400 
2794, 400 
2795, 400 
2796, 400 
2797, 400 
2798, 400 
2799, 400 
2800, 400 
2801, 400 
2802, 400 
2803, 400 
2804, 400 
2805, 400 
2806, 400 
2807, 400 
2808, 400 
2809, 400 
2810, 400 
2811, 400 
2812, 400 
2813, 400 
2814, 400 
2815, 400 
2816, 400 
2817, 400 
2818, 400 
2819, 400 
2820, 400 
2821, 400 
2822, 400 
2823, 400 
2824, 400 
2825, 400 
2826, 400 
2827, 400 
2828, 400 
2829, 400 
2830, 400 
2831, 400 
2832, 400 
2833, 400 
2834, 400 
2835, 400 
2836, 400 
2837, 400 
2838, 400 
2839, 400 
2840, 400 
2841, 400 
2842, 400 
2843, 400 
2844, 400 
2845, 400 
2846, 400 
2847, 400 
2848, 400 
2849, 400 
2850, 400 
2851, 400 
2852, 400 
2853, 400 
2854, 400 
2855, 400 
2856, 400 
2857, 400 
2858, 400 
2859, 400 
2860, 400 
2861, 400 
2862, 400 
2863, 400 
2864, 400 
2865, 400 
2866, 400 
2867, 400 
2868, 400 
2869, 400 
2870, 400 
2871, 400 
2872, 400 
2873, 400 
2874, 400 
2875, 400 
2876, 400 
2877, 400 
2878, 400 
2879, 400 
2880, 400 
2881, 400 
2882, 400 
2883, 400 
2884, 400 
2885, 400 
2886, 400 
2887, 400 
2888, 400 
2889, 400 
2890, 400 
2891, 400 
2892, 400 
2893, 400 
2894, 400 
2895, 400 
2896, 400 
2897, 400 
2898, 400 
2899, 400 
2900, 400 
2901, 400 
2902, 400 
2903, 400 
2904, 400 
2905, 400 
2906, 400 
2907, 400 
2908, 400 
2909, 400 
2910, 400 
2911, 400 
2912, 400 
2913, 400 
2914, 400 
2915, 400 
2916, 400 
2917, 400 
2918, 400 
2919, 400 
2920, 400 
2921, 400 
2922, 400 
2923, 400 
2924, 400 
2925, 400 
2926, 400 
2927, 400 
2928, 400 
2929, 400 
2930, 400 
2931, 400 
2932, 400 
2933, 400 
2934, 400 
2935, 400 
2936, 400 
2937, 400 
2938, 400 
2939, 400 
2940, 400 
2941, 400 
2942, 400 
2943, 400 
2944, 400 
2945, 400 
2946, 400 
2947, 400 
2948, 400 
2949, 400 
2950, 400 
2951, 400 
2952, 400 
2953, 400 
2954, 400 
2955, 400 
2956, 400 
2957, 400 
2958, 400 
2959, 400 
2960, 400 
2961, 400 
2962, 400 
2963, 400 
2964, 400 
2965, 400 
2966, 400 
2967, 400 
2968, 400 
2969, 400 
2970, 400 
2971, 400 
2972, 400 
2973, 400 
2974, 400 
2975, 400 
2976, 400 
2977, 400 
2978, 400 
2979, 400 
2980, 400 
2981, 400 
2982, 400 
2983, 400 
2984, 400 
2985, 400 
2986, 400 
2987, 400 
2988, 400 
2989, 400 
2990, 400 
2991, 400 
2992, 400 
2993, 400 
2994, 400 
2995, 400 
2996, 400 
2997, 400 
2998, 400 
2999, 400 
3000, 400 
3001, 400 
3002, 400 
3003, 400 
3004, 400 
3005, 400 
3006, 400 
3007, 400 
3008, 400 
3009, 400 
3010, 400 
3011, 400 
3012, 400 
3013, 400 
3014, 400 
3015, 400 
3016, 400 
3017, 400 
3018, 400 
3019, 400 
3020, 400 
3021, 400 
3022, 400 
3023, 400 
3024, 400 
3025, 400 
3026, 400 
3027, 400 
3028, 400 
3029, 400 
3030, 400 
3031, 400 
3032, 400 
3033, 400 
3034, 400 
3035, 400 
3036, 400 
3037, 400 
3038, 400 
3039, 400 
3040, 400 
3041, 400 
3042, 400 
3043, 400 
3044, 400 
3045, 400 
3046, 400 
3047, 400 
3048, 400 
3049, 400 
3050, 400 
3051, 400 
3052, 400 
3053, 400 
3054, 400 
3055, 400 
3056, 400 
3057, 400 
3058, 400 
3059, 400 
3060, 400 
3061, 400 
3062, 400 
3063, 400 
3064, 400 
3065, 400 
3066, 400 
3067, 400 
3068, 400 
3069, 400 
3070, 400 
3071, 400 
3072, 400 
3073, 400 
3074, 400 
3075, 400 
3076, 400 
3077, 400 
3078, 400 
3079, 400 
3080, 400 
3081, 400 
3082, 400 
3083, 400 
3084, 400 
3085, 400 
3086, 400 
3087, 400 
3088, 400 
3089, 400 
3090, 400 
3091, 400 
3092, 400 
3093, 400 
3094, 400 
3095, 400 
3096, 400 
3097, 400 
3098, 400 
3099, 400 
3100, 400 
3101, 400 
3102, 400 
3103, 400 
3104, 400 
3105, 400 
3106, 400 
3107, 400 
3108, 400 
3109, 400 
3110, 400 
3111, 400 
3112, 400 
3113, 400 
3114, 400 
3115, 400 
3116, 400 
3117, 400 
3118, 400 
3119, 400 
3120, 400 
3121, 400 
3122, 400 
3123, 400 
3124, 400 
3125, 400 
3126, 400 
3127, 400 
3128, 400 
3129, 400 
3130, 400 
3131, 400 
3132, 400 
3133, 400 
3134, 400 
3135, 400 
3136, 400 
3137, 400 
3138, 400 
3139, 400 
3140, 400 
3141, 400 
3142, 400 
3143, 400 
3144, 400 
3145, 400 
3146, 400 
3147, 400 
3148, 400 
3149, 400 
3150, 400 
3151, 400 
3152, 400 
3153, 400 
3154, 400 
3155, 400 
3156, 400 
3157, 400 
3158, 400 
3159, 400 
3160, 400 
3161, 400 
3162, 400 
3163, 400 
3164, 400 
3165, 400 
3166, 400 
3167, 400 
3168, 400 
3169, 400 
3170, 400 
3171, 400 
3172, 400 
3173, 400 
3174, 400 
3175, 400 
3176, 400 
3177, 400 
3178, 400 
3179, 400 
3180, 400 
3181, 400 
3182, 400 
3183, 400 
3184, 400 
3185, 400 
3186, 400 
3187, 400 
3188, 400 
3189, 400 
3190, 400 
3191, 400 
3192, 400 
3193, 400 
3194, 400 
3195, 400 
3196, 400 
3197, 400 
3198, 400 
3199, 400 
3200, 400 
3201, 400 
3202, 400 
3203, 400 
3204, 400 
3205, 400 
3206, 400 
3207, 400 
3208, 400 
3209, 400 
3210, 400 
3211, 400 
3212, 400 
3213, 400 
3214, 400 
3215, 400 
3216, 400 
3217, 400 
3218, 400 
3219, 400 
3220, 400 
3221, 400 
3222, 400 
3223, 400 
3224, 400 
3225, 400 
3226, 400 
3227, 400 
3228, 400 
3229, 400 
3230, 400 
3231, 400 
3232, 400 
3233, 400 
3234, 400 
3235, 400 
3236, 400 
3237, 400 
3238, 400 
3239, 400 
3240, 400 
3241, 400 
3242, 400 
3243, 400 
3244, 400 
3245, 400 
3246, 400 
3247, 400 
3248, 400 
3249, 400 
3250, 400 
3251, 400 
3252, 400 
3253, 400 
3254, 400 
3255, 400 
3256, 400 
3257, 400 
3258, 400 
3259, 400 
3260, 400 
3261, 400 
3262, 400 
3263, 400 
3264, 400 
3265, 400 
3266, 400 
3267, 400 
3268, 400 
3269, 400 
3270, 400 
3271, 400 
3272, 400 
3273, 400 
3274, 400 
3275, 400 
3276, 400 
3277, 400 
3278, 400 
3279, 400 
3280, 400 
3281, 400 
3282, 400 
3283, 400 
3284, 400 
3285, 400 
3286, 400 
3287, 400 
3288, 400 
3289, 400 
3290, 400 
3291, 400 
3292, 400 
3293, 400 
3294, 400 
3295, 400 
3296, 400 
3297, 400 
3298, 400 
3299, 400 
3300, 400 
3301, 400 
3302, 400 
3303, 400 
3304, 400 
3305, 400 
3306, 400 
3307, 400 
3308, 400 
3309, 400 
3310, 400 
3311, 400 
3312, 400 
3313, 400 
3314, 400 
3315, 400 
3316, 400 
3317, 400 
3318, 400 
3319, 400 
3320, 400 
3321, 400 
3322, 400 
3323, 400 
3324, 400 
3325, 400 
3326, 400 
3327, 400 
3328, 400 
3329, 400 
3330, 400 
3331, 400 
3332, 400 
3333, 400 
3334, 400 
3335, 400 
3336, 400 
3337, 400 
3338, 400 
3339, 400 
3340, 400 
3341, 400 
3342, 400 
3343, 400 
3344, 400 
3345, 400 
3346, 400 
3347, 400 
3348, 400 
3349, 400 
3350, 400 
3351, 400 
3352, 400 
3353, 400 
3354, 400 
3355, 400 
3356, 400 
3357, 400 
3358, 400 
3359, 400 
3360, 400 
3361, 400 
3362, 400 
3363, 400 
3364, 400 
3365, 400 
3366, 400 
3367, 400 
3368, 400 
3369, 400 
3370, 400 
3371, 400 
3372, 400 
3373, 400 
3374, 400 
3375, 400 
3376, 400 
3377, 400 
3378, 400 
3379, 400 
3380, 400 
3381, 400 
3382, 400 
3383, 400 
3384, 400 
3385, 400 
3386, 400 
3387, 400 
3388, 400 
3389, 400 
3390, 400 
3391, 400 
3392, 400 
3393, 400 
3394, 400 
3395, 400 
3396, 400 
3397, 400 
3398, 400 
3399, 400 
3400, 400 
3401, 400 
3402, 400 
3403, 400 
3404, 400 
3405, 400 
3406, 400 
3407, 400 
3408, 400 
3409, 400 
3410, 400 
3411, 400 
3412, 400 
3413, 400 
3414, 400 
3415, 400 
3416, 400 
3417, 400 
3418, 400 
3419, 400 
3420, 400 
3421, 400 
3422, 400 
3423, 400 
3424, 400 
3425, 400 
3426, 400 
3427, 400 
3428, 400 
3429, 400 
3430, 400 
3431, 400 
3432, 400 
3433, 400 
3434, 400 
3435, 400 
3436, 400 
3437, 400 
3438, 400 
3439, 400 
3440, 400 
3441, 400 
3442, 400 
3443, 400 
3444, 400 
3445, 400 
3446, 400 
3447, 400 
3448, 400 
3449, 400 
3450, 400 
3451, 400 
3452, 400 
3453, 400 
3454, 400 
3455, 400 
3456, 400 
3457, 400 
3458, 400 
3459, 400 
3460, 400 
3461, 400 
3462, 400 
3463, 400 
3464, 400 
3465, 400 
3466, 400 
3467, 400 
3468, 400 
3469, 400 
3470, 400 
3471, 400 
3472, 400 
3473, 400 
3474, 400 
3475, 400 
3476, 400 
3477, 400 
3478, 400 
3479, 400 
3480, 400 
3481, 400 
3482, 400 
3483, 400 
3484, 400 
3485, 400 
3486, 400 
3487, 400 
3488, 400 
3489, 400 
3490, 400 
3491, 400 
3492, 400 
3493, 400 
3494, 400 
3495, 400 
3496, 400 
3497, 400 
3498, 400 
3499, 400 
3500, 400 
3501, 400 
3502, 400 
3503, 400 
3504, 400 
3505, 400 
3506, 400 
3507, 400 
3508, 400 
3509, 400 
3510, 400 
3511, 400 
3512, 400 
3513, 400 
3514, 400 
3515, 400 
3516, 400 
3517, 400 
3518, 400 
3519, 400 
3520, 400 
3521, 400 
3522, 400 
3523, 400 
3524, 400 
3525, 400 
3526, 400 
3527, 400 
3528, 400 
3529, 400 
3530, 400 
3531, 400 
3532, 400 
3533, 400 
3534, 400 
3535, 400 
3536, 400 
3537, 400 
3538, 400 
3539, 400 
3540, 400 
3541, 400 
3542, 400 
3543, 400 
3544, 400 
3545, 400 
3546, 400 
3547, 400 
3548, 400 
3549, 400 
3550, 400 
3551, 400 
3552, 400 
3553, 400 
3554, 400 
3555, 400 
3556, 400 
3557, 400 
3558, 400 
3559, 400 
3560, 400 
3561, 400 
3562, 400 
3563, 400 
3564, 400 
3565, 400 
3566, 400 
3567, 400 
3568, 400 
3569, 400 
3570, 400 
3571, 400 
3572, 400 
3573, 400 
3574, 400 
3575, 400 
3576, 400 
3577, 400 
3578, 400 
3579, 400 
3580, 400 
3581, 400 
3582, 400 
3583, 400 
3584, 400 
3585, 400 
3586, 400 
3587, 400 
3588, 400 
3589, 400 
3590, 400 
3591, 400 
3592, 400 
3593, 400 
3594, 400 
3595, 400 
3596, 400 
3597, 400 
3598, 400 
3599, 400 
3600, 400 
3601, 400 
3602, 400 
3603, 400 
3604, 400 
3605, 400 
3606, 400 
3607, 400 
3608, 400 
3609, 400 
3610, 400 
3611, 400 
3612, 400 
3613, 400 
3614, 400 
3615, 400 
3616, 400 
3617, 400 
3618, 400 
3619, 400 
3620, 400 
3621, 400 
3622, 400 
3623, 400 
3624, 400 
3625, 400 
3626, 400 
3627, 400 
3628, 400 
3629, 400 
3630, 400 
3631, 400 
3632, 400 
3633, 400 
3634, 400 
3635, 400 
3636, 400 
3637, 400 
3638, 400 
3639, 400 
3640, 400 
3641, 400 
3642, 400 
3643, 400 
3644, 400 
3645, 400 
3646, 400 
3647, 400 
3648, 400 
3649, 400 
3650, 400 
3651, 400 
3652, 400 
3653, 400 
3654, 400 
3655, 400 
3656, 400 
3657, 400 
3658, 400 
3659, 400 
3660, 400 
3661, 400 
3662, 400 
3663, 400 
3664, 400 
3665, 400 
3666, 400 
3667, 400 
3668, 400 
3669, 400 
3670, 400 
3671, 400 
3672, 400 
3673, 400 
3674, 400 
3675, 400 
3676, 400 
3677, 400 
3678, 400 
3679, 400 
3680, 400 
3681, 400 
3682, 400 
3683, 400 
3684, 400 
3685, 400 
3686, 400 
3687, 400 
3688, 400 
3689, 400 
3690, 400 
3691, 400 
3692, 400 
3693, 400 
3694, 400 
3695, 400 
3696, 400 
3697, 400 
3698, 400 
3699, 400 
3700, 400 
3701, 400 
3702, 400 
3703, 400 
3704, 400 
3705, 400 
3706, 400 
3707, 400 
3708, 400 
3709, 400 
3710, 400 
3711, 400 
3712, 400 
3713, 400 
3714, 400 
3715, 400 
3716, 400 
3717, 400 
3718, 400 
3719, 400 
3720, 400 
3721, 400 
3722, 400 
3723, 400 
3724, 400 
3725, 400 
3726, 400 
3727, 400 
3728, 400 
3729, 400 
3730, 400 
3731, 400 
3732, 400 
3733, 400 
3734, 400 
3735, 400 
3736, 400 
3737, 400 
3738, 400 
3739, 400 
3740, 400 
3741, 400 
3742, 400 
3743, 400 
3744, 400 
3745, 400 
3746, 400 
3747, 400 
3748, 400 
3749, 400 
3750, 400 
3751, 400 
3752, 400 
3753, 400 
3754, 400 
3755, 400 
3756, 400 
3757, 400 
3758, 400 
3759, 400 
3760, 400 
3761, 400 
3762, 400 
3763, 400 
3764, 400 
3765, 400 
3766, 400 
3767, 400 
3768, 400 
3769, 400 
3770, 400 
3771, 400 
3772, 400 
3773, 400 
3774, 400 
3775, 400 
3776, 400 
3777, 400 
3778, 400 
3779, 400 
3780, 400 
3781, 400 
3782, 400 
3783, 400 
3784, 400 
3785, 400 
3786, 400 
3787, 400 
3788, 400 
3789, 400 
3790, 400 
3791, 400 
3792, 400 
3793, 400 
3794, 400 
3795, 400 
3796, 400 
3797, 400 
3798, 400 
3799, 400 
3800, 400 
3801, 400 
3802, 400 
3803, 400 
3804, 400 
3805, 400 
3806, 400 
3807, 400 
3808, 400 
3809, 400 
3810, 400 
3811, 400 
3812, 400 
3813, 400 
3814, 400 
3815, 400 
3816, 400 
3817, 400 
3818, 400 
3819, 400 
3820, 400 
3821, 400 
3822, 400 
3823, 400 
3824, 400 
3825, 400 
3826, 400 
3827, 400 
3828, 400 
3829, 400 
3830, 400 
3831, 400 
3832, 400 
3833, 400 
3834, 400 
3835, 400 
3836, 400 
3837, 400 
3838, 400 
3839, 400 
3840, 400 
3841, 400 
3842, 400 
3843, 400 
3844, 400 
3845, 400 
3846, 400 
3847, 400 
3848, 400 
3849, 400 
3850, 400 
3851, 400 
3852, 400 
3853, 400 
3854, 400 
3855, 400 
3856, 400 
3857, 400 
3858, 400 
3859, 400 
3860, 400 
3861, 400 
3862, 400 
3863, 400 
3864, 400 
3865, 400 
3866, 400 
3867, 400 
3868, 400 
3869, 400 
3870, 400 
3871, 400 
3872, 400 
3873, 400 
3874, 400 
3875, 400 
3876, 400 
3877, 400 
3878, 400 
3879, 400 
3880, 400 
3881, 400 
3882, 400 
3883, 400 
3884, 400 
3885, 400 
3886, 400 
3887, 400 
3888, 400 
3889, 400 
3890, 400 
3891, 400 
3892, 400 
3893, 400 
3894, 400 
3895, 400 
3896, 400 
3897, 400 
3898, 400 
3899, 400 
3900, 400 
3901, 400 
3902, 400 
3903, 400 
3904, 400 
3905, 400 
3906, 400 
3907, 400 
3908, 400 
3909, 400 
3910, 400 
3911, 400 
3912, 400 
3913, 400 
3914, 400 
3915, 400 
3916, 400 
3917, 400 
3918, 400 
3919, 400 
3920, 400 
3921, 400 
3922, 400 
3923, 400 
3924, 400 
3925, 400 
3926, 400 
3927, 400 
3928, 400 
3929, 400 
3930, 400 
3931, 400 
3932, 400 
3933, 400 
3934, 400 
3935, 400 
3936, 400 
3937, 400 
3938, 400 
3939, 400 
3940, 400 
3941, 400 
3942, 400 
3943, 400 
3944, 400 
3945, 400 
3946, 400 
3947, 400 
3948, 400 
3949, 400 
3950, 400 
3951, 400 
3952, 400 
3953, 400 
3954, 400 
3955, 400 
3956, 400 
3957, 400 
3958, 400 
3959, 400 
3960, 400 
3961, 400 
3962, 400 
3963, 400 
3964, 400 
3965, 400 
3966, 400 
3967, 400 
3968, 400 
3969, 400 
3970, 400 
3971, 400 
3972, 400 
3973, 400 
3974, 400 
3975, 400 
3976, 400 
3977, 400 
3978, 400 
3979, 400 
3980, 400 
3981, 400 
3982, 400 
3983, 400 
3984, 400 
3985, 400 
3986, 400 
3987, 400 
3988, 400 
3989, 400 
3990, 400 
3991, 400 
3992, 400 
3993, 400 
3994, 400 
3995, 400 
3996, 400 
3997, 400 
3998, 400 
3999, 400 
4000, 400 
4001, 400 
4002, 400 
4003, 400 
4004, 400 
4005, 400 
4006, 400 
4007, 400 
4008, 400 
4009, 400 
4010, 400 
4011, 400 
4012, 400 
4013, 400 
4014, 400 
4015, 400 
4016, 400 
4017, 400 
4018, 400 
4019, 400 
4020, 400 
4021, 400 
4022, 400 
4023, 400 
4024, 400 
4025, 400 
4026, 400 
4027, 400 
4028, 400 
4029, 400 
4030, 400 
4031, 400 
4032, 400 
4033, 400 
4034, 400 
4035, 400 
4036, 400 
4037, 400 
4038, 400 
4039, 400 
4040, 400 
4041, 400 
4042, 400 
4043, 400 
4044, 400 
4045, 400 
4046, 400 
4047, 400 
4048, 400 
4049, 400 
4050, 400 
4051, 400 
4052, 400 
4053, 400 
4054, 400 
4055, 400 
4056, 400 
4057, 400 
4058, 400 
4059, 400 
4060, 400 
4061, 400 
4062, 400 
4063, 400 
4064, 400 
4065, 400 
4066, 400 
4067, 400 
4068, 400 
4069, 400 
4070, 400 
4071, 400 
4072, 400 
4073, 400 
4074, 400 
4075, 400 
4076, 400 
4077, 400 
4078, 400 
4079, 400 
4080, 400 
4081, 400 
4082, 400 
4083, 400 
4084, 400 
4085, 400 
4086, 400 
4087, 400 
4088, 400 
4089, 400 
4090, 400 
4091, 400 
4092, 400 
4093, 400 
4094, 400 
4095, 400 
4096, 400 
4097, 400 
4098, 400 
4099, 400 
4100, 400 
4101, 400 
4102, 400 
4103, 400 
4104, 400 
4105, 400 
4106, 400 
4107, 400 
4108, 400 
4109, 400 
4110, 400 
4111, 400 
4112, 400 
4113, 400 
4114, 400 
4115, 400 
4116, 400 
4117, 400 
4118, 400 
4119, 400 
4120, 400 
4121, 400 
4122, 400 
4123, 400 
4124, 400 
4125, 400 
4126, 400 
4127, 400 
4128, 400 
4129, 400 
4130, 400 
4131, 400 
4132, 400 
4133, 400 
4134, 400 
4135, 400 
4136, 400 
4137, 400 
4138, 400 
4139, 400 
4140, 400 
4141, 400 
4142, 400 
4143, 400 
4144, 400 
4145, 400 
4146, 400 
4147, 400 
4148, 400 
4149, 400 
4150, 400 
4151, 400 
4152, 400 
4153, 400 
4154, 400 
4155, 400 
4156, 400 
4157, 400 
4158, 400 
4159, 400 
4160, 400 
4161, 400 
4162, 400 
4163, 400 
4164, 400 
4165, 400 
4166, 400 
4167, 400 
4168, 400 
4169, 400 
4170, 400 
4171, 400 
4172, 400 
4173, 400 
4174, 400 
4175, 400 
4176, 400 
4177, 400 
4178, 400 
4179, 400 
4180, 400 
4181, 400 
4182, 400 
4183, 400 
4184, 400 
4185, 400 
4186, 400 
4187, 400 
4188, 400 
4189, 400 
4190, 400 
4191, 400 
4192, 400 
4193, 400 
4194, 400 
4195, 400 
4196, 400 
4197, 400 
4198, 400 
4199, 400 
4200, 400 
4201, 400 
4202, 400 
4203, 400 
4204, 400 
4205, 400 
4206, 400 
4207, 400 
4208, 400 
4209, 400 
4210, 400 
4211, 400 
4212, 400 
4213, 400 
4214, 400 
4215, 400 
4216, 400 
4217, 400 
4218, 400 
4219, 400 
4220, 400 
4221, 400 
4222, 400 
4223, 400 
4224, 400 
4225, 400 
4226, 400 
4227, 400 
4228, 400 
4229, 400 
4230, 400 
4231, 400 
4232, 400 
4233, 400 
4234, 400 
4235, 400 
4236, 400 
4237, 400 
4238, 400 
4239, 400 
4240, 400 
4241, 400 
4242, 400 
4243, 400 
4244, 400 
4245, 400 
4246, 400 
4247, 400 
4248, 400 
4249, 400 
4250, 400 
4251, 400 
4252, 400 
4253, 400 
4254, 400 
4255, 400 
4256, 400 
4257, 400 
4258, 400 
4259, 400 
4260, 400 
4261, 400 
4262, 400 
4263, 400 
4264, 400 
4265, 400 
4266, 400 
4267, 400 
4268, 400 
4269, 400 
4270, 400 
4271, 400 
4272, 400 
4273, 400 
4274, 400 
4275, 400 
4276, 400 
4277, 400 
4278, 400 
4279, 400 
4280, 400 
4281, 400 
4282, 400 
4283, 400 
4284, 400 
4285, 400 
4286, 400 
4287, 400 
4288, 400 
4289, 400 
4290, 400 
4291, 400 
4292, 400 
4293, 400 
4294, 400 
4295, 400 
4296, 400 
4297, 400 
4298, 400 
4299, 400 
4300, 400 
4301, 400 
4302, 400 
4303, 400 
4304, 400 
4305, 400 
4306, 400 
4307, 400 
4308, 400 
4309, 400 
4310, 400 
4311, 400 
4312, 400 
4313, 400 
4314, 400 
4315, 400 
4316, 400 
4317, 400 
4318, 400 
4319, 400 
4320, 400 
4321, 400 
4322, 400 
4323, 400 
4324, 400 
4325, 400 
4326, 400 
4327, 400 
4328, 400 
4329, 400 
4330, 400 
4331, 400 
4332, 400 
4333, 400 
4334, 400 
4335, 400 
4336, 400 
4337, 400 
4338, 400 
4339, 400 
4340, 400 
4341, 400 
4342, 400 
4343, 400 
4344, 400 
4345, 400 
4346, 400 
4347, 400 
4348, 400 
4349, 400 
4350, 400 
4351, 400 
4352, 400 
4353, 400 
4354, 400 
4355, 400 
4356, 400 
4357, 400 
4358, 400 
4359, 400 
4360, 400 
4361, 400 
4362, 400 
4363, 400 
4364, 400 
4365, 400 
4366, 400 
4367, 400 
4368, 400 
4369, 400 
4370, 400 
4371, 400 
4372, 400 
4373, 400 
4374, 400 
4375, 400 
4376, 400 
4377, 400 
4378, 400 
4379, 400 
4380, 400 
4381, 400 
4382, 400 
4383, 400 
4384, 400 
4385, 400 
4386, 400 
4387, 400 
4388, 400 
4389, 400 
4390, 400 
4391, 400 
4392, 400 
4393, 400 
4394, 400 
4395, 400 
4396, 400 
4397, 400 
4398, 400 
4399, 400 
4400, 400 
4401, 400 
4402, 400 
4403, 400 
4404, 400 
4405, 400 
4406, 400 
4407, 400 
4408, 400 
4409, 400 
4410, 400 
4411, 400 
4412, 400 
4413, 400 
4414, 400 
4415, 400 
4416, 400 
4417, 400 
4418, 400 
4419, 400 
4420, 400 
4421, 400 
4422, 400 
4423, 400 
4424, 400 
4425, 400 
4426, 400 
4427, 400 
4428, 400 
4429, 400 
4430, 400 
4431, 400 
4432, 400 
4433, 400 
4434, 400 
4435, 400 
4436, 400 
4437, 400 
4438, 400 
4439, 400 
4440, 400 
4441, 400 
4442, 400 
4443, 400 
4444, 400 
4445, 400 
4446, 400 
4447, 400 
4448, 400 
4449, 400 
4450, 400 
4451, 400 
4452, 400 
4453, 400 
4454, 400 
4455, 400 
4456, 400 
4457, 400 
4458, 400 
4459, 400 
4460, 400 
4461, 400 
4462, 400 
4463, 400 
4464, 400 
4465, 400 
4466, 400 
4467, 400 
4468, 400 
4469, 400 
4470, 400 
4471, 400 
4472, 400 
4473, 400 
4474, 400 
4475, 400 
4476, 400 
4477, 400 
4478, 400 
4479, 400 
4480, 400 
4481, 400 
4482, 400 
4483, 400 
4484, 400 
4485, 400 
4486, 400 
4487, 400 
4488, 400 
4489, 400 
4490, 400 
4491, 400 
4492, 400 
4493, 400 
4494, 400 
4495, 400 
4496, 400 
4497, 400 
4498, 400 
4499, 400 
4500, 400 
4501, 400 
4502, 400 
4503, 400 
4504, 400 
4505, 400 
4506, 400 
4507, 400 
4508, 400 
4509, 400 
4510, 400 
4511, 400 
4512, 400 
4513, 400 
4514, 400 
4515, 400 
4516, 400 
4517, 400 
4518, 400 
4519, 400 
4520, 400 
4521, 400 
4522, 400 
4523, 400 
4524, 400 
4525, 400 
4526, 400 
4527, 400 
4528, 400 
4529, 400 
4530, 400 
4531, 400 
4532, 400 
4533, 400 
4534, 400 
4535, 400 
4536, 400 
4537, 400 
4538, 400 
4539, 400 
4540, 400 
4541, 400 
4542, 400 
4543, 400 
4544, 400 
4545, 400 
4546, 400 
4547, 400 
4548, 400 
4549, 400 
4550, 400 
4551, 400 
4552, 400 
4553, 400 
4554, 400 
4555, 400 
4556, 400 
4557, 400 
4558, 400 
4559, 400 
4560, 400 
4561, 400 
4562, 400 
4563, 400 
4564, 400 
4565, 400 
4566, 400 
4567, 400 
4568, 400 
4569, 400 
4570, 400 
4571, 400 
4572, 400 
4573, 400 
4574, 400 
4575, 400 
4576, 400 
4577, 400 
4578, 400 
4579, 400 
4580, 400 
4581, 400 
4582, 400 
4583, 400 
4584, 400 
4585, 400 
4586, 400 
4587, 400 
4588, 400 
4589, 400 
4590, 400 
4591, 400 
4592, 400 
4593, 400 
4594, 400 
4595, 400 
4596, 400 
4597, 400 
4598, 400 
4599, 400 
4600, 400 
4601, 400 
4602, 400 
4603, 400 
4604, 400 
4605, 400 
4606, 400 
4607, 400 
4608, 400 
4609, 400 
4610, 400 
4611, 400 
4612, 400 
4613, 400 
4614, 400 
4615, 400 
4616, 400 
4617, 400 
4618, 400 
4619, 400 
4620, 400 
4621, 400 
4622, 400 
4623, 400 
4624, 400 
4625, 400 
4626, 400 
4627, 400 
4628, 400 
4629, 400 
4630, 400 
4631, 400 
4632, 400 
4633, 400 
4634, 400 
4635, 400 
4636, 400 
4637, 400 
4638, 400 
4639, 400 
4640, 400 
4641, 400 
4642, 400 
4643, 400 
4644, 400 
4645, 400 
4646, 400 
4647, 400 
4648, 400 
4649, 400 
4650, 400 
4651, 400 
4652, 400 
4653, 400 
4654, 400 
4655, 400 
4656, 400 
4657, 400 
4658, 400 
4659, 400 
4660, 400 
4661, 400 
4662, 400 
4663, 400 
4664, 400 
4665, 400 
4666, 400 
4667, 400 
4668, 400 
4669, 400 
4670, 400 
4671, 400 
4672, 400 
4673, 400 
4674, 400 
4675, 400 
4676, 400 
4677, 400 
4678, 400 
4679, 400 
4680, 400 
4681, 400 
4682, 400 
4683, 400 
4684, 400 
4685, 400 
4686, 400 
4687, 400 
4688, 400 
4689, 400 
4690, 400 
4691, 400 
4692, 400 
4693, 400 
4694, 400 
4695, 400 
4696, 400 
4697, 400 
4698, 400 
4699, 400 
4700, 400 
4701, 400 
4702, 400 
4703, 400 
4704, 400 
4705, 400 
4706, 400 
4707, 400 
4708, 400 
4709, 400 
4710, 400 
4711, 400 
4712, 400 
4713, 400 
4714, 400 
4715, 400 
4716, 400 
4717, 400 
4718, 400 
4719, 400 
4720, 400 
4721, 400 
4722, 400 
4723, 400 
4724, 400 
4725, 400 
4726, 400 
4727, 400 
4728, 400 
4729, 400 
4730, 400 
4731, 400 
4732, 400 
4733, 400 
4734, 400 
4735, 400 
4736, 400 
4737, 400 
4738, 400 
4739, 400 
4740, 400 
4741, 400 
4742, 400 
4743, 400 
4744, 400 
4745, 400 
4746, 400 
4747, 400 
4748, 400 
4749, 400 
4750, 400 
4751, 400 
4752, 400 
4753, 400 
4754, 400 
4755, 400 
4756, 400 
4757, 400 
4758, 400 
4759, 400 
4760, 400 
4761, 400 
4762, 400 
4763, 400 
4764, 400 
4765, 400 
4766, 400 
4767, 400 
4768, 400 
4769, 400 
4770, 400 
4771, 400 
4772, 400 
4773, 400 
4774, 400 
4775, 400 
4776, 400 
4777, 400 
4778, 400 
4779, 400 
4780, 400 
4781, 400 
4782, 400 
4783, 400 
4784, 400 
4785, 400 
4786, 400 
4787, 400 
4788, 400 
4789, 400 
4790, 400 
4791, 400 
4792, 400 
4793, 400 
4794, 400 
4795, 400 
4796, 400 
4797, 400 
4798, 400 
4799, 400 
4800, 400 
4801, 400 
4802, 400 
4803, 400 
4804, 400 
4805, 400 
4806, 400 
4807, 400 
4808, 400 
4809, 400 
4810, 400 
4811, 400 
4812, 400 
4813, 400 
4814, 400 
4815, 400 
4816, 400 
4817, 400 
4818, 400 
4819, 400 
4820, 400 
4821, 400 
4822, 400 
4823, 400 
4824, 400 
4825, 400 
4826, 400 
4827, 400 
4828, 400 
4829, 400 
4830, 400 
4831, 400 
4832, 400 
4833, 400 
4834, 400 
4835, 400 
4836, 400 
4837, 400 
4838, 400 
4839, 400 
4840, 400 
4841, 400 
4842, 400 
4843, 400 
4844, 400 
4845, 400 
4846, 400 
4847, 400 
4848, 400 
4849, 400 
4850, 400 
4851, 400 
4852, 400 
4853, 400 
4854, 400 
4855, 400 
4856, 400 
4857, 400 
4858, 400 
4859, 400 
4860, 400 
4861, 400 
4862, 400 
4863, 400 
4864, 400 
4865, 400 
4866, 400 
4867, 400 
4868, 400 
4869, 400 
4870, 400 
4871, 400 
4872, 400 
4873, 400 
4874, 400 
4875, 400 
4876, 400 
4877, 400 
4878, 400 
4879, 400 
4880, 400 
4881, 400 
4882, 400 
4883, 400 
4884, 400 
4885, 400 
4886, 400 
4887, 400 
4888, 400 
4889, 400 
4890, 400 
4891, 400 
4892, 400 
4893, 400 
4894, 400 
4895, 400 
4896, 400 
4897, 400 
4898, 400 
4899, 400 
4900, 400 
4901, 400 
4902, 400 
4903, 400 
4904, 400 
4905, 400 
4906, 400 
4907, 400 
4908, 400 
4909, 400 
4910, 400 
4911, 400 
4912, 400 
4913, 400 
4914, 400 
4915, 400 
4916, 400 
4917, 400 
4918, 400 
4919, 400 
4920, 400 
4921, 400 
4922, 400 
4923, 400 
4924, 400 
4925, 400 
4926, 400 
4927, 400 
4928, 400 
4929, 400 
4930, 400 
4931, 400 
4932, 400 
4933, 400 
4934, 400 
4935, 400 
4936, 400 
4937, 400 
4938, 400 
4939, 400 
4940, 400 
4941, 400 
4942, 400 
4943, 400 
4944, 400 
4945, 400 
4946, 400 
4947, 400 
4948, 400 
4949, 400 
4950, 400 
4951, 400 
4952, 400 
4953, 400 
4954, 400 
4955, 400 
4956, 400 
4957, 400 
4958, 400 
4959, 400 
4960, 400 
4961, 400 
4962, 400 
4963, 400 
4964, 400 
4965, 400 
4966, 400 
4967, 400 
4968, 400 
4969, 400 
4970, 400 
4971, 400 
4972, 400 
4973, 400 
4974, 400 
4975, 400 
4976, 400 
4977, 400 
4978, 400 
4979, 400 
4980, 400 
4981, 400 
4982, 400 
4983, 400 
4984, 400 
4985, 400 
4986, 400 
4987, 400 
4988, 400 
4989, 400 
4990, 400 
4991, 400 
4992, 400 
4993, 400 
4994, 400 
4995, 400 
4996, 400 
4997, 400 
4998, 400 
4999, 400 
5000, 400 
5001, 400 
5002, 400 
5003, 400 
5004, 400 
5005, 400 
5006, 400 
5007, 400 
5008, 400 
5009, 400 
5010, 400 
5011, 400 
5012, 400 
5013, 400 
5014, 400 
5015, 400 
5016, 400 
5017, 400 
5018, 400 
5019, 400 
5020, 400 
5021, 400 
5022, 400 
5023, 400 
5024, 400 
5025, 400 
5026, 400 
5027, 400 
5028, 400 
5029, 400 
5030, 400 
5031, 400 
5032, 400 
5033, 400 
5034, 400 
5035, 400 
5036, 400 
5037, 400 
5038, 400 
5039, 400 
5040, 400 
5041, 400 
5042, 400 
5043, 400 
5044, 400 
5045, 400 
5046, 400 
5047, 400 
5048, 400 
5049, 400 
5050, 400 
5051, 400 
5052, 400 
5053, 400 
5054, 400 
5055, 400 
5056, 400 
5057, 400 
5058, 400 
5059, 400 
5060, 400 
5061, 400 
5062, 400 
5063, 400 
5064, 400 
5065, 400 
5066, 400 
5067, 400 
5068, 400 
5069, 400 
5070, 400 
5071, 400 
5072, 400 
5073, 400 
5074, 400 
5075, 400 
5076, 400 
5077, 400 
5078, 400 
5079, 400 
5080, 400 
5081, 400 
5082, 400 
5083, 400 
5084, 400 
5085, 400 
5086, 400 
5087, 400 
5088, 400 
5089, 400 
5090, 400 
5091, 400 
5092, 400 
5093, 400 
5094, 400 
5095, 400 
5096, 400 
5097, 400 
5098, 400 
5099, 400 
5100, 400 
5101, 400 
5102, 400 
5103, 400 
5104, 400 
5105, 400 
5106, 400 
5107, 400 
5108, 400 
5109, 400 
5110, 400 
5111, 400 
5112, 400 
5113, 400 
5114, 400 
5115, 400 
5116, 400 
5117, 400 
5118, 400 
5119, 400 
5120, 400 
5121, 400 
5122, 400 
5123, 400 
5124, 400 
5125, 400 
5126, 400 
5127, 400 
5128, 400 
5129, 400 
5130, 400 
5131, 400 
5132, 400 
5133, 400 
5134, 400 
5135, 400 
5136, 400 
5137, 400 
5138, 400 
5139, 400 
5140, 400 
5141, 271.081 
5142, 128.919 
5143, 274.554 
5144, 125.446 
5145, 292.772 
5146, 107.228 
5147, 107.796 
5148, 292.204 
5149, 45.0565 
5150, 354.944 
5151, 246.178 
5152, 153.822 
5153, 106.462 
5154, 293.538 
5155, 171.369 
5156, 228.631 
5157, 241.143 
5158, 158.857 
5159, 282.313 
5160, 117.687 
5161, 379.044 
5162, 20.956 
5163, 186.947 
5164, 213.053 
5165, 379.579 
5166, 20.4214 
5167, 86.9074 
5168, 313.093 
5169, 133.98 
5170, 266.02 
5171, 192.114 
5172, 207.886 
5173, 317.621 
5174, 82.3795 
5175, 269.953 
5176, 130.047 
5177, 298.728 
5178, 101.272 
5179, 189.715 
5180, 210.285 
5181, 142.298 
5182, 257.702 
5183, 29.343 
5184, 370.657 
5185, 24.5338 
5186, 375.466 
5187, 212.75 
5188, 187.25 
5189, 266.55 
5190, 133.45 
5191, 300.304 
5192, 99.6963 
5193, 193.383 
5194, 206.617 
5195, 38.8835 
5196, 361.117 
5197, 83.467 
5198, 316.533 
5199, 331.722 
5200, 68.2784 
5201, 101.693 
5202, 298.307 
5203, 388.495 
5204, 11.505 
5205, 236.624 
5206, 163.376 
5207, 168.632 
5208, 231.368 
5209, 198.979 
5210, 201.021 
5211, 281.697 
5212, 118.303 
5213, 140.098 
5214, 259.902 
5215, 257.958 
5216, 142.042 
5217, 387.526 
5218, 12.4741 
5219, 315.897 
5220, 84.103 
5221, 80.1186 
5222, 319.881 
5223, 176.168 
5224, 223.832 
5225, 168.004 
5226, 231.996 
5227, 146.236 
5228, 253.764 
5229, 353.729 
5230, 46.2709 
5231, 71.0685 
5232, 328.931 
5233, 44.4888 
5234, 355.511 
5235, 317.267 
5236, 82.7326 
5237, 317.015 
5238, 82.9852 
5239, 173.601 
5240, 226.399 
5241, 91.4229 
5242, 308.577 
5243, 35.2909 
5244, 364.709 
5245, 275.792 
5246, 124.208 
5247, 336.884 
5248, 63.1156 
5249, 277.334 
5250, 122.666 
5251, 314.566 
5252, 85.4336 
5253, 301.131 
5254, 98.869 
5255, 242.325 
5256, 157.675 
5257, 220.292 
5258, 179.708 
5259, 207.666 
5260, 192.334 
5261, 12.075 
5262, 387.925 
5263, 26.3295 
5264, 373.67 
5265, 271.658 
5266, 128.342 
5267, 126.901 
5268, 273.099 
5269, 202.96 
5270, 197.04 
5271, 296.476 
5272, 103.524 
5273, 399.112 
5274, 0.887602 
5275, 314.409 
5276, 85.5909 
5277, 180.231 
5278, 219.769 
5279, 160.593 
5280, 239.407 
5281, 381.143 
5282, 18.8567 
5283, 132.357 
5284, 267.643 
5285, 39.5226 
5286, 360.477 
5287, 142.086 
5288, 257.914 
5289, 390.166 
5290, 9.8338 
5291, 305.448 
5292, 94.5524 
5293, 266.73 
5294, 133.27 
5295, 247.182 
5296, 152.818 
5297, 298.467 
5298, 101.533 
5299, 223.865 
5300, 176.135 
5301, 115.903 
5302, 284.097 
5303, 379.241 
5304, 20.7592 
5305, 341.197 
5306, 58.8027 
5307, 349.964 
5308, 50.0358 
5309, 329.644 
5310, 70.3564 
5311, 303.696 
5312, 96.3037 
5313, 65.949 
5314, 334.051 
5315, 327.273 
5316, 72.7268 
5317, 161.681 
5318, 238.319 
5319, 63.9093 
5320, 336.091 
5321, 243.559 
5322, 156.441 
5323, 314.965 
5324, 85.0354 
5325, 353.213 
5326, 46.7874 
5327, 370.363 
5328, 29.6371 
5329, 61.3873 
5330, 338.613 
5331, 340.791 
5332, 59.2094 
5333, 368.346 
5334, 31.654 
5335, 317.205 
5336, 82.7946 
5337, 246.81 
5338, 153.19 
5339, 136.456 
5340, 263.544 
5341, 290.545 
5342, 109.455 
5343, 332.366 
5344, 67.6341 
5345, 65.7236 
5346, 334.276 
5347, 189.322 
5348, 210.678 
5349, 239.751 
5350, 160.249 
5351, 331.383 
5352, 68.6173 
5353, 252.705 
5354, 147.295 
5355, 128.005 
5356, 271.995 
5357, 204.482 
5358, 195.518 
5359, 215.269 
5360, 184.731 
5361, 76.0506 
5362, 323.949 
5363, 111.599 
5364, 288.401 
5365, 18.6158 
5366, 381.384 
5367, 206.637 
5368, 193.363 
5369, 317.543 
5370, 82.4572 
5371, 304.96 
5372, 95.0396 
5373, 26.7811 
5374, 373.219 
5375, 229.535 
5376, 170.465 
5377, 46.4791 
5378, 353.521 
5379, 218.335 
5380, 181.665 
5381, 202.127 
5382, 197.873 
5383, 237.122 
5384, 162.878 
5385, 20.2688 
5386, 379.731 
5387, 167.169 
5388, 232.831 
5389, 49.2989 
5390, 350.701 
5391, 234.505 
5392, 165.495 
5393, 289.636 
5394, 110.364 
5395, 12.9961 
5396, 387.004 
5397, 95.5324 
5398, 304.468 
5399, 83.9783 
5400, 316.022 
5401, 239.678 
5402, 160.322 
5403, 197.385 
5404, 202.615 
5405, 289.311 
5406, 110.689 
5407, 34.9983 
5408, 365.002 
5409, 395.041 
5410, 4.95866 
5411, 239.86 
5412, 160.14 
5413, 320.826 
5414, 79.1739 
5415, 69.1837 
5416, 330.816 
5417, 128.701 
5418, 271.299 
5419, 203.977 
5420, 196.023 
5421, 151.756 
5422, 248.244 
5423, 348.455 
5424, 51.5454 
5425, 322.519 
5426, 77.4813 
5427, 287.598 
5428, 112.402 
5429, 10.8051 
5430, 389.195 
5431, 269.822 
5432, 130.178 
5433, 23.7814 
5434, 376.219 
5435, 70.9768 
5436, 329.023 
5437, 375.845 
5438, 24.1548 
5439, 5.34418 
5440, 394.656 
5441, 16.8445 
5442, 383.155 
5443, 383.324 
5444, 16.6761 
5445, 328.63 
5446, 71.3702 
5447, 39.5796 
5448, 360.42 
5449, 292.028 
5450, 107.972 
5451, 176.891 
5452, 223.109 
5453, 365.166 
5454, 34.8336 
5455, 350.497 
5456, 49.5027 
5457, 110.689 
5458, 289.311 
5459, 28.3148 
5460, 371.685 
5461, 20.7526 
5462, 379.247 
5463, 84.1986 
5464, 315.801 
5465, 355.073 
5466, 44.9268 
5467, 1.04624 
5468, 398.954 
5469, 50.0235 
5470, 349.976 
5471, 326.708 
5472, 73.2922 
5473, 203.254 
5474, 196.746 
5475, 394.98 
5476, 5.01983 
5477, 175.202 
5478, 224.798 
5479, 175.22 
5480, 224.78 
5481, 147.371 
5482, 252.629 
5483, 78.3991 
5484, 321.601 
5485, 385.835 
5486, 14.1648 
5487, 356.757 
5488, 43.2433 
5489, 348.595 
5490, 51.405 
5491, 214.377 
5492, 185.623 
5493, 384.57 
5494, 15.4299 
5495, 273.077 
5496, 126.923 
5497, 215.382 
5498, 184.618 
5499, 381.183 
5500, 18.817 
5501, 129.817 
5502, 270.183 
5503, 151.427 
5504, 248.573 
5505, 332.471 
5506, 67.5291 
5507, 175.21 
5508, 224.79 
5509, 97.4772 
5510, 302.523 
5511, 166.942 
5512, 233.058 
5513, 138.809 
5514, 261.191 
5515, 345.234 
5516, 54.7664 
5517, 117.539 
5518, 282.461 
5519, 81.1688 
5520, 318.831 
5521, 251.22 
5522, 148.78 
5523, 313.437 
5524, 86.5631 
5525, 14.4838 
5526, 385.516 
5527, 9.29267 
5528, 390.707 
5529, 270.68 
5530, 129.32 
5531, 11.7731 
5532, 388.227 
5533, 350.779 
5534, 49.221 
5535, 344.459 
5536, 55.541 
5537, 246.236 
5538, 153.764 
5539, 335.293 
5540, 64.707 
5541, 357.33 
5542, 42.67 
5543, 189.772 
5544, 210.228 
5545, 11.1053 
5546, 388.895 
5547, 7.66245 
5548, 392.338 
5549, 127.939 
5550, 272.061 
5551, 77.1905 
5552, 322.809 
5553, 374.701 
5554, 25.2992 
5555, 115.012 
5556, 284.988 
5557, 390.021 
5558, 9.97865 
5559, 193.764 
5560, 206.236 
5561, 16.0698 
5562, 383.93 
5563, 358.941 
5564, 41.059 
5565, 152.5 
5566, 247.5 
5567, 318.094 
5568, 81.9065 
5569, 319.261 
5570, 80.7392 
5571, 265.612 
5572, 134.388 
5573, 311.95 
5574, 88.0505 
5575, 299.026 
5576, 100.974 
5577, 12.7352 
5578, 387.265 
5579, 17.7704 
5580, 382.23 
5581, 82.7598 
5582, 317.24 
5583, 205.386 
5584, 194.614 
5585, 303.38 
5586, 96.6198 
5587, 144.421 
5588, 255.579 
5589, 168.979 
5590, 231.021 
5591, 113.186 
5592, 286.814 
5593, 118.018 
5594, 281.982 
5595, 189.626 
5596, 210.374 
5597, 295.708 
5598, 104.292 
5599, 0.884218 
5600, 399.116 
5601, 84.3302 
5602, 315.67 
5603, 8.28086 
5604, 391.719 
5605, 372.553 
5606, 27.4467 
5607, 74.023 
5608, 325.977 
5609, 195.853 
5610, 204.147 
5611, 99.4007 
5612, 300.599 
5613, 334.34 
5614, 65.6601 
5615, 150.872 
5616, 249.128 
5617, 2.94344 
5618, 397.057 
5619, 251.363 
5620, 148.637 
5621, 78.8205 
5622, 321.179 
5623, 198.348 
5624, 201.652 
5625, 243.907 
5626, 156.093 
5627, 29.2465 
5628, 370.754 
5629, 204.231 
5630, 195.769 
5631, 310.216 
5632, 89.7842 
5633, 92.8047 
5634, 307.195 
5635, 354.889 
5636, 45.1113 
5637, 138.473 
5638, 261.527 
5639, 131.563 
5640, 268.437 
5641, 294.696 
5642, 105.304 
5643, 285.792 
5644, 114.208 
5645, 211.99 
5646, 188.01 
5647, 69.8 
5648, 330.2 
5649, 203.14 
5650, 196.86 
5651, 99.8901 
5652, 300.11 
5653, 104.956 
5654, 295.044 
5655, 28.6853 
5656, 371.315 
5657, 335.329 
5658, 64.6714 
5659, 358.474 
5660, 41.5262 
5661, 370.329 
5662, 29.6711 
5663, 172.321 
5664, 227.679 
5665, 141.98 
5666, 258.02 
5667, 360.721 
5668, 39.2792 
5669, 358.979 
5670, 41.0212 
5671, 321.424 
5672, 78.576 
5673, 216.691 
5674, 183.309 
5675, 250.454 
5676, 149.546 
5677, 255.622 
5678, 144.378 
5679, 292.491 
5680, 107.509 
5681, 190.254 
5682, 209.746 
5683, 357.958 
5684, 42.0418 
5685, 191.448 
5686, 208.552 
5687, 70.0594 
5688, 329.941 
5689, 336.306 
5690, 63.6939 
5691, 12.9572 
5692, 387.043 
5693, 120.546 
5694, 279.454 
5695, 266.887 
5696, 133.113 
5697, 46.7054 
5698, 353.295 
5699, 240.385 
5700, 159.615 
5701, 194.493 
5702, 205.507 
5703, 247.704 
5704, 152.296 
5705, 278.999 
5706, 121.001 
5707, 264.955 
5708, 135.045 
5709, 84.8513 
5710, 315.149 
5711, 174.479 
5712, 225.521 
5713, 366.145 
5714, 33.8548 
5715, 129.685 
5716, 270.315 
5717, 288.001 
5718, 111.999 
5719, 358.414 
5720, 41.5855 
5721, 103.646 
5722, 296.354 
5723, 104.56 
5724, 295.44 
5725, 95.5304 
5726, 304.47 
5727, 328.161 
5728, 71.8387 
5729, 113.532 
5730, 286.468 
5731, 131.638 
5732, 268.362 
5733, 371.917 
5734, 28.0827 
5735, 163.37 
5736, 236.63 
5737, 309.458 
5738, 90.5418 
5739, 332.66 
5740, 67.34 
5741, 208.291 
5742, 191.709 
5743, 285.115 
5744, 114.885 
5745, 210.852 
5746, 189.148 
5747, 344.515 
5748, 55.4854 
5749, 68.8032 
5750, 331.197 
5751, 383.023 
5752, 16.9771 
5753, 394.87 
5754, 5.1302 
5755, 247.804 
5756, 152.196 
5757, 356.169 
5758, 43.8306 
5759, 83.5492 
5760, 316.451 
5761, 293.773 
5762, 106.227 
5763, 136.307 
5764, 263.693 
5765, 158.31 
5766, 241.69 
5767, 144.14 
5768, 255.86 
5769, 205.343 
5770, 194.657 
5771, 12.0893 
5772, 387.911 
5773, 382.574 
5774, 17.4261 
5775, 133.107 
5776, 266.893 
5777, 75.1319 
5778, 324.868 
5779, 118.236 
5780, 281.764 
5781, 231.292 
5782, 168.708 
5783, 176.248 
5784, 223.752 
5785, 39.365 
5786, 360.635 
5787, 127.796 
5788, 272.204 
5789, 366.318 
5790, 33.6821 
5791, 378.364 
5792, 21.6362 
5793, 262.618 
5794, 137.382 
5795, 252.933 
5796, 147.067 
5797, 131.679 
5798, 268.321 
5799, 205.338 
5800, 194.662 
5801, 138.308 
5802, 261.692 
5803, 305.131 
5804, 94.8692 
5805, 221.8 
5806, 178.2 
5807, 277.046 
5808, 122.954 
5809, 266.426 
5810, 133.574 
5811, 398.518 
5812, 1.48177 
5813, 195.523 
5814, 204.477 
5815, 111.823 
5816, 288.177 
5817, 152.56 
5818, 247.44 
5819, 77.6823 
5820, 322.318 
5821, 331.66 
5822, 68.3401 
5823, 200.16 
5824, 199.84 
5825, 155.226 
5826, 244.774 
5827, 374.079 
5828, 25.9215 
5829, 157.18 
5830, 242.82 
5831, 119.392 
5832, 280.608 
5833, 344.555 
5834, 55.4447 
5835, 265.379 
5836, 134.621 
5837, 188.938 
5838, 211.062 
5839, 265.234 
5840, 134.766 
5841, 238.683 
5842, 161.317 
5843, 324.858 
5844, 75.1416 
5845, 303.805 
5846, 96.1949 
5847, 111.289 
5848, 288.711 
5849, 258.603 
5850, 141.397 
5851, 262.698 
5852, 137.302 
5853, 336.177 
5854, 63.8235 
5855, 212.93 
5856, 187.07 
5857, 349.583 
5858, 50.4175 
5859, 132.579 
5860, 267.421 
5861, 313.254 
5862, 86.7458 
5863, 322.969 
5864, 77.0312 
5865, 74.9683 
5866, 325.032 
5867, 359.308 
5868, 40.692 
5869, 160.344 
5870, 239.656 
5871, 272.789 
5872, 127.211 
5873, 253.729 
5874, 146.271 
5875, 363.884 
5876, 36.116 
5877, 98.8368 
5878, 301.163 
5879, 58.3497 
5880, 341.65 
5881, 184.745 
5882, 215.255 
5883, 301.973 
5884, 98.0271 
5885, 279.112 
5886, 120.888 
5887, 55.9353 
5888, 344.065 
5889, 40.4384 
5890, 359.562 
5891, 221.001 
5892, 178.999 
5893, 157.146 
5894, 242.854 
5895, 284.538 
5896, 115.462 
5897, 382.609 
5898, 17.3911 
5899, 164.94 
5900, 235.06 
5901, 212.919 
5902, 187.081 
5903, 399.079 
5904, 0.920661 
5905, 166.788 
5906, 233.212 
5907, 197.753 
5908, 202.247 
5909, 371.724 
5910, 28.2755 
5911, 390.973 
5912, 9.02669 
5913, 105.244 
5914, 294.756 
5915, 353.694 
5916, 46.3064 
5917, 112.01 
5918, 287.99 
5919, 238.732 
5920, 161.268 
5921, 356.793 
5922, 43.2072 
5923, 362.315 
5924, 37.6846 
5925, 58.6935 
5926, 341.306 
5927, 290.113 
5928, 109.887 
5929, 271.038 
5930, 128.962 
5931, 376.405 
5932, 23.5949 
5933, 274.134 
5934, 125.866 
5935, 90.0818 
5936, 309.918 
5937, 294.051 
5938, 105.949 
5939, 71.2298 
5940, 328.77 
5941, 189.938 
5942, 210.062 
5943, 130.053 
5944, 269.947 
5945, 269.673 
5946, 130.327 
5947, 303.344 
5948, 96.6555 
5949, 5.09503 
5950, 394.905 
5951, 1.53112 
5952, 398.469 
5953, 229.424 
5954, 170.576 
5955, 348.441 
5956, 51.5593 
5957, 73.792 
5958, 326.208 
5959, 37.9052 
5960, 362.095 
5961, 252.701 
5962, 147.299 
5963, 186.506 
5964, 213.494 
5965, 69.0654 
5966, 330.935 
5967, 37.629 
5968, 362.371 
5969, 292.951 
5970, 107.049 
5971, 242.297 
5972, 157.703 
5973, 123.113 
5974, 276.887 
5975, 236.414 
5976, 163.586 
5977, 281.963 
5978, 118.037 
5979, 26.0482 
5980, 373.952 
5981, 254.356 
5982, 145.644 
5983, 326.682 
5984, 73.3183 
5985, 192.066 
5986, 207.934 
5987, 16.8602 
5988, 383.14 
5989, 310.967 
5990, 89.0326 
5991, 116.304 
5992, 283.696 
5993, 397.179 
5994, 2.8207 
5995, 151.449 
5996, 248.551 
5997, 150.261 
5998, 249.739 
5999, 341.085 
6000, 58.9153 
6001, 39.0657 
6002, 360.934 
6003, 382.75 
6004, 17.2502 
6005, 364.433 
6006, 35.5668 
6007, 66.397 
6008, 333.603 
6009, 26.6946 
6010, 373.305 
6011, 77.9735 
6012, 322.026 
6013, 159.982 
6014, 240.018 
6015, 139.175 
6016, 260.825 
6017, 217.267 
6018, 182.733 
6019, 265.597 
6020, 134.403 
6021, 366.659 
6022, 33.3412 
6023, 51.2748 
6024, 348.725 
6025, 385.178 
6026, 14.8224 
6027, 233.372 
6028, 166.628 
6029, 379.016 
6030, 20.9842 
6031, 160.745 
6032, 239.255 
6033, 90.6601 
6034, 309.34 
6035, 184.311 
6036, 215.689 
6037, 366.606 
6038, 33.3944 
6039, 301.594 
6040, 98.4064 
6041, 35.726 
6042, 364.274 
6043, 43.2961 
6044, 356.704 
6045, 302.733 
6046, 97.2669 
6047, 355.283 
6048, 44.7166 
6049, 144.968 
6050, 255.032 
6051, 397.095 
6052, 2.9047 
6053, 347.341 
6054, 52.6595 
6055, 250.697 
6056, 149.303 
6057, 65.3191 
6058, 334.681 
6059, 128.972 
6060, 271.028 
6061, 92.3333 
6062, 307.667 
6063, 149.234 
6064, 250.766 
6065, 49.609 
6066, 350.391 
6067, 54.7046 
6068, 345.295 
6069, 238.181 
6070, 161.819 
6071, 131.452 
6072, 268.548 
6073, 285.922 
6074, 114.078 
6075, 228.567 
6076, 171.433 
6077, 360.605 
6078, 39.3946 
6079, 317.125 
6080, 82.8753 
6081, 162.943 
6082, 237.057 
6083, 41.1048 
6084, 358.895 
6085, 250.158 
6086, 149.842 
6087, 141.759 
6088, 258.241 
6089, 85.6424 
6090, 314.358 
6091, 41.569 
6092, 358.431 
6093, 56.9501 
6094, 343.05 
6095, 233.791 
6096, 166.209 
6097, 304.94 
6098, 95.0599 
6099, 106.072 
6100, 293.928 
6101, 61.954 
6102, 338.046 
6103, 194.55 
6104, 205.45 
6105, 201.148 
6106, 198.852 
6107, 387.937 
6108, 12.0628 
6109, 391.468 
6110, 8.53189 
6111, 340.608 
6112, 59.3916 
6113, 127.465 
6114, 272.535 
6115, 369.017 
6116, 30.9832 
6117, 395.38 
6118, 4.62016 
6119, 330.246 
6120, 69.754 
6121, 301.933 
6122, 98.0669 
6123, 187.885 
6124, 212.115 
6125, 234.43 
6126, 165.57 
6127, 171.347 
6128, 228.653 
6129, 269.984 
6130, 130.016 
6131, 169.397 
6132, 230.603 
6133, 106.823 
6134, 293.177 
6135, 365.393 
6136, 34.6068 
6137, 208.004 
6138, 191.996 
6139, 78.1178 
6140, 321.882 
6141, 308.997 
6142, 91.003 
6143, 186.328 
6144, 213.672 
6145, 275.533 
6146, 124.467 
6147, 186.561 
6148, 213.439 
6149, 192.244 
6150, 207.756 
6151, 340.486 
6152, 59.514 
6153, 48.101 
6154, 351.899 
6155, 181.662 
6156, 218.338 
6157, 172.881 
6158, 227.119 
6159, 369.769 
6160, 30.2309 
6161, 45.0857 
6162, 354.914 
6163, 164.631 
6164, 235.369 
6165, 243.306 
6166, 156.694 
6167, 195.93 
6168, 204.07 
6169, 47.675 
6170, 352.325 
6171, 62.102 
6172, 337.898 
6173, 34.7033 
6174, 365.297 
6175, 190.519 
6176, 209.481 
6177, 316.436 
6178, 83.5635 
6179, 80.4258 
6180, 319.574 
6181, 172.069 
6182, 227.931 
6183, 388.896 
6184, 11.104 
6185, 260.52 
6186, 139.48 
6187, 393.818 
6188, 6.18217 
6189, 322.915 
6190, 77.0854 
6191, 99.2043 
6192, 300.796 
6193, 34.3283 
6194, 365.672 
6195, 62.0541 
6196, 337.946 
6197, 93.382 
6198, 306.618 
6199, 152.024 
6200, 247.976 
6201, 254.186 
6202, 145.814 
6203, 385.012 
6204, 14.9875 
6205, 358.265 
6206, 41.7351 
6207, 232.857 
6208, 167.143 
6209, 146.311 
6210, 253.689 
6211, 65.8542 
6212, 334.146 
6213, 212.832 
6214, 187.168 
6215, 244.26 
6216, 155.74 
6217, 159.578 
6218, 240.422 
6219, 293.948 
6220, 106.052 
6221, 397.326 
6222, 2.67396 
6223, 376.217 
6224, 23.7834 
6225, 193.831 
6226, 206.169 
6227, 18.0216 
6228, 381.978 
6229, 279.176 
6230, 120.824 
6231, 252.374 
6232, 147.626 
6233, 2.09402 
6234, 397.906 
6235, 222.651 
6236, 177.349 
6237, 295.606 
6238, 104.394 
6239, 291.674 
6240, 108.326 
6241, 202.603 
6242, 197.397 
6243, 399.476 
6244, 0.523831 
6245, 207.007 
6246, 192.993 
6247, 109.486 
6248, 290.514 
6249, 60.6935 
6250, 339.307 
6251, 64.2267 
6252, 335.773 
6253, 227.125 
6254, 172.875 
6255, 233.88 
6256, 166.12 
6257, 135.078 
6258, 264.922 
6259, 310.485 
6260, 89.5154 
6261, 331.91 
6262, 68.0903 
6263, 179.634 
6264, 220.366 
6265, 379.932 
6266, 20.0683 
6267, 85.7377 
6268, 314.262 
6269, 395.584 
6270, 4.41618 
6271, 139.746 
6272, 260.254 
6273, 104.214 
6274, 295.786 
6275, 384.756 
6276, 15.2443 
6277, 33.0109 
6278, 366.989 
6279, 6.60391 
6280, 393.396 
6281, 284.764 
6282, 115.236 
6283, 279.174 
6284, 120.826 
6285, 18.8048 
6286, 381.195 
6287, 115.406 
6288, 284.594 
6289, 69.9144 
6290, 330.086 
6291, 323.22 
6292, 76.7796 
6293, 227.988 
6294, 172.012 
6295, 170.009 
6296, 229.991 
6297, 284.214 
6298, 115.786 
6299, 311.802 
6300, 88.1976 
6301, 257.071 
6302, 142.929 
6303, 180.148 
6304, 219.852 
6305, 131.884 
6306, 268.116 
6307, 122.905 
6308, 277.095 
6309, 393.933 
6310, 6.06716 
6311, 227.558 
6312, 172.442 
6313, 273.27 
6314, 126.73 
6315, 264.009 
6316, 135.991 
6317, 264.419 
6318, 135.581 
6319, 128.241 
6320, 271.759 
6321, 57.4429 
6322, 342.557 
6323, 49.8851 
6324, 350.115 
6325, 152.291 
6326, 247.709 
6327, 377.428 
6328, 22.5724 
6329, 76.2312 
6330, 323.769 
6331, 227 
6332, 173 
6333, 7.57456 
6334, 392.425 
6335, 277.363 
6336, 122.637 
6337, 37.4539 
6338, 362.546 
6339, 256.672 
6340, 143.328 
6341, 166.493 
6342, 233.507 
6343, 254.807 
6344, 145.193 
6345, 208.331 
6346, 191.669 
6347, 109.68 
6348, 290.32 
6349, 301.946 
6350, 98.0536 
6351, 347.869 
6352, 52.1315 
6353, 76.4786 
6354, 323.521 
6355, 53.0698 
6356, 346.93 
6357, 377.869 
6358, 22.1306 
6359, 317.306 
6360, 82.6944 
6361, 179.774 
6362, 220.226 
6363, 392.966 
6364, 7.03366 
6365, 20.3173 
6366, 379.683 
6367, 66.2872 
6368, 333.713 
6369, 86.0586 
6370, 313.941 
6371, 296.347 
6372, 103.653 
6373, 268.439 
6374, 131.561 
6375, 380.536 
6376, 19.4635 
6377, 205.665 
6378, 194.335 
6379, 112.512 
6380, 287.488 
6381, 296.018 
6382, 103.982 
6383, 203.374 
6384, 196.626 
6385, 133.998 
6386, 266.002 
6387, 199.398 
6388, 200.602 
6389, 341.921 
6390, 58.0785 
6391, 17.0592 
6392, 382.941 
6393, 87.4048 
6394, 312.595 
6395, 33.961 
6396, 366.039 
6397, 237.331 
6398, 162.669 
6399, 394.89 
6400, 5.10963 
6401, 237.199 
6402, 162.801 
6403, 80.492 
6404, 319.508 
6405, 325.017 
6406, 74.9826 
6407, 8.05671 
6408, 391.943 
6409, 2.58105 
6410, 397.419 
6411, 373.847 
6412, 26.1525 
6413, 368.171 
6414, 31.8295 
6415, 58.7057 
6416, 341.294 
6417, 248.936 
6418, 151.064 
6419, 15.7886 
6420, 384.211 
6421, 241.213 
6422, 158.787 
6423, 375.513 
6424, 24.4872 
6425, 329.145 
6426, 70.8547 
6427, 195.783 
6428, 204.217 
6429, 345.328 
6430, 54.6717 
6431, 179.23 
6432, 220.77 
6433, 170.512 
6434, 229.488 
6435, 85.0168 
6436, 314.983 
6437, 380.788 
6438, 19.2123 
6439, 294.115 
6440, 105.885 
6441, 285.264 
6442, 114.736 
6443, 310.045 
6444, 89.9546 
6445, 218.158 
6446, 181.842 
6447, 76.7163 
6448, 323.284 
6449, 113.063 
6450, 286.937 
6451, 4.96082 
6452, 395.039 
6453, 38.0539 
6454, 361.946 
6455, 321.421 
6456, 78.579 
6457, 172.477 
6458, 227.523 
6459, 343.501 
6460, 56.4989 
6461, 81.4596 
6462, 318.54 
6463, 187.856 
6464, 212.144 
6465, 194.672 
6466, 205.328 
6467, 186.453 
6468, 213.547 
6469, 283.653 
6470, 116.347 
6471, 313.562 
6472, 86.438 
6473, 229.116 
6474, 170.884 
6475, 108.141 
6476, 291.859 
6477, 72.243 
6478, 327.757 
6479, 37.1371 
6480, 362.863 
6481, 239.082 
6482, 160.918 
6483, 160.19 
6484, 239.81 
6485, 22.1033 
6486, 377.897 
6487, 253.328 
6488, 146.672 
6489, 303.074 
6490, 96.9263 
6491, 189.051 
6492, 210.949 
6493, 153.249 
6494, 246.751 
6495, 218.635 
6496, 181.365 
6497, 393.479 
6498, 6.52077 
6499, 31.7585 
6500, 368.242 
6501, 375.221 
6502, 24.7795 
6503, 324.418 
6504, 75.582 
6505, 274.111 
6506, 125.889 
6507, 7.35969 
6508, 392.64 
6509, 115.108 
6510, 284.892 
6511, 101.718 
6512, 298.282 
6513, 294.738 
6514, 105.262 
6515, 370.309 
6516, 29.6915 
6517, 113.168 
6518, 286.832 
6519, 257.858 
6520, 142.142 
6521, 206.698 
6522, 193.302 
6523, 227.149 
6524, 172.851 
6525, 165.204 
6526, 234.796 
6527, 129.497 
6528, 270.503 
6529, 312.752 
6530, 87.2482 
6531, 98.5821 
6532, 301.418 
6533, 293.74 
6534, 106.26 
6535, 138.772 
6536, 261.228 
6537, 48.0619 
6538, 351.938 
6539, 399.599 
6540, 0.400529 
6541, 115.985 
6542, 284.015 
6543, 93.3448 
6544, 306.655 
6545, 156.786 
6546, 243.214 
6547, 26.2821 
6548, 373.718 
6549, 215.237 
6550, 184.763 
6551, 150.549 
6552, 249.451 
6553, 380.811 
6554, 19.1885 
6555, 4.59599 
6556, 395.404 
6557, 221.617 
6558, 178.383 
6559, 302.034 
6560, 97.9664 
6561, 238.036 
6562, 161.964 
6563, 47.0027 
6564, 352.997 
6565, 251.996 
6566, 148.004 
6567, 198.139 
6568, 201.861 
6569, 125.581 
6570, 274.419 
6571, 170.369 
6572, 229.631 
6573, 267.357 
6574, 132.643 
6575, 300.158 
6576, 99.8424 
6577, 90.0476 
6578, 309.952 
6579, 320.715 
6580, 79.2853 
6581, 11.7165 
6582, 388.284 
6583, 311.33 
6584, 88.6697 
6585, 331.442 
6586, 68.558 
6587, 356.735 
6588, 43.2646 
6589, 150.684 
6590, 249.316 
6591, 171.204 
6592, 228.796 
6593, 172.27 
6594, 227.73 
6595, 398.042 
6596, 1.9584 
6597, 395.727 
6598, 4.27294 
6599, 158.404 
6600, 241.596 
6601, 277.058 
6602, 122.942 
6603, 78.3711 
6604, 321.629 
6605, 375.467 
6606, 24.5327 
6607, 122.696 
6608, 277.304 
6609, 55.1825 
6610, 344.817 
6611, 255.153 
6612, 144.847 
6613, 263.818 
6614, 136.182 
6615, 157.339 
6616, 242.661 
6617, 203.153 
6618, 196.847 
6619, 270.972 
6620, 129.028 
6621, 227.403 
6622, 172.597 
6623, 191.683 
6624, 208.317 
6625, 206.699 
6626, 193.301 
6627, 233.383 
6628, 166.617 
6629, 208.809 
6630, 191.191 
6631, 37.0907 
6632, 362.909 
6633, 336.818 
6634, 63.1825 
6635, 351.608 
6636, 48.3924 
6637, 56.5131 
6638, 343.487 
6639, 229.279 
6640, 170.721 
6641, 267.287 
6642, 132.713 
6643, 135.014 
6644, 264.986 
6645, 144.175 
6646, 255.825 
6647, 136.01 
6648, 263.99 
6649, 370.385 
6650, 29.6151 
6651, 261.863 
6652, 138.137 
6653, 36.8944 
6654, 363.106 
6655, 166.099 
6656, 233.901 
6657, 347.342 
6658, 52.6577 
6659, 303.761 
6660, 96.2394 
6661, 11.1184 
6662, 388.882 
6663, 8.11786 
6664, 391.882 
6665, 389.108 
6666, 10.8922 
6667, 270.061 
6668, 129.939 
6669, 300.825 
6670, 99.1745 
6671, 293.332 
6672, 106.668 
6673, 377.706 
6674, 22.2945 
6675, 362.887 
6676, 37.113 
6677, 52.7944 
6678, 347.206 
6679, 101.007 
6680, 298.993 
6681, 115.139 
6682, 284.861 
6683, 353.305 
6684, 46.6947 
6685, 172.288 
6686, 227.712 
6687, 364.165 
6688, 35.8354 
6689, 346.418 
6690, 53.5818 
6691, 273.372 
6692, 126.628 
6693, 324.955 
6694, 75.0451 
6695, 151.15 
6696, 248.85 
6697, 188.632 
6698, 211.368 
6699, 217.269 
6700, 182.731 
6701, 11.7253 
6702, 388.275 
6703, 1.56556 
6704, 398.434 
6705, 14.7447 
6706, 385.255 
6707, 163.893 
6708, 236.107 
6709, 165.816 
6710, 234.184 
6711, 95.3056 
6712, 304.694 
6713, 235.217 
6714, 164.783 
6715, 70.8966 
6716, 329.103 
6717, 266.405 
6718, 133.595 
6719, 303.336 
6720, 96.6638 
6721, 218.802 
6722, 181.198 
6723, 187.249 
6724, 212.751 
6725, 106.529 
6726, 293.471 
6727, 367.58 
6728, 32.4201 
6729, 249.359 
6730, 150.641 
6731, 366.305 
6732, 33.6949 
6733, 65.4043 
6734, 334.596 
6735, 366.809 
6736, 33.1909 
6737, 282.1 
6738, 117.9 
6739, 263.411 
6740, 136.589 
6741, 351.169 
6742, 48.8305 
6743, 127.361 
6744, 272.639 
6745, 295.524 
6746, 104.476 
6747, 321.48 
6748, 78.5204 
6749, 89.6762 
6750, 310.324 
6751, 173.473 
6752, 226.527 
6753, 118.468 
6754, 281.532 
6755, 323.436 
6756, 76.5636 
6757, 355.908 
6758, 44.092 
6759, 79.9592 
6760, 320.041 
6761, 86.1988 
6762, 313.801 
6763, 115.617 
6764, 284.383 
6765, 305.005 
6766, 94.9949 
6767, 323.934 
6768, 76.0655 
6769, 58.9866 
6770, 341.013 
6771, 35.6841 
6772, 364.316 
6773, 143.422 
6774, 256.578 
6775, 99.9394 
6776, 300.061 
6777, 363.345 
6778, 36.6555 
6779, 315.748 
6780, 84.2517 
6781, 358.242 
6782, 41.758 
6783, 369.096 
6784, 30.9041 
6785, 80.965 
6786, 319.035 
6787, 74.5062 
6788, 325.494 
6789, 126.457 
6790, 273.543 
6791, 316.048 
6792, 83.9516 
6793, 290.395 
6794, 109.605 
6795, 114.375 
6796, 285.625 
6797, 228.981 
6798, 171.019 
6799, 321.21 
6800, 78.7898 
6801, 16.5111 
6802, 383.489 
6803, 382.761 
6804, 17.2389 
6805, 381.371 
6806, 18.629 
6807, 327.518 
6808, 72.482 
6809, 98.5373 
6810, 301.463 
6811, 91.4077 
6812, 308.592 
6813, 59.2876 
6814, 340.712 
6815, 387.442 
6816, 12.5585 
6817, 223.997 
6818, 176.003 
6819, 226.43 
6820, 173.57 
6821, 107.092 
6822, 292.908 
6823, 278.974 
6824, 121.026 
6825, 168.078 
6826, 231.922 
6827, 219.149 
6828, 180.851 
6829, 397.837 
6830, 2.16261 
6831, 366.442 
6832, 33.5575 
6833, 79.8297 
6834, 320.17 
6835, 253.183 
6836, 146.817 
6837, 129.034 
6838, 270.966 
6839, 305.608 
6840, 94.3922 
6841, 366.044 
6842, 33.9564 
6843, 381.986 
6844, 18.0138 
6845, 343.22 
6846, 56.7798 
6847, 319.807 
6848, 80.1926 
6849, 315.33 
6850, 84.6701 
6851, 399.785 
6852, 0.214801 
6853, 189.145 
6854, 210.855 
6855, 187.337 
6856, 212.663 
6857, 276.497 
6858, 123.503 
6859, 196.862 
6860, 203.138 
6861, 398.132 
6862, 1.86829 
6863, 305.1 
6864, 94.9 
6865, 42.8392 
6866, 357.161 
6867, 336.518 
6868, 63.4818 
6869, 192.553 
6870, 207.447 
6871, 125.19 
6872, 274.81 
6873, 265.346 
6874, 134.654 
6875, 103.228 
6876, 296.772 
6877, 179.601 
6878, 220.399 
6879, 289.592 
6880, 110.408 
6881, 270.961 
6882, 129.039 
6883, 110.069 
6884, 289.931 
6885, 338.769 
6886, 61.2309 
6887, 378.575 
6888, 21.4253 
6889, 48.1 
6890, 351.9 
6891, 261.398 
6892, 138.602 
6893, 100.148 
6894, 299.852 
6895, 190.067 
6896, 209.933 
6897, 224.21 
6898, 175.79 
6899, 265.652 
6900, 134.348 
6901, 324.669 
6902, 75.3312 
6903, 198.979 
6904, 201.021 
6905, 124.358 
6906, 275.642 
6907, 14.7967 
6908, 385.203 
6909, 17.8643 
6910, 382.136 
6911, 378.17 
6912, 21.8304 
6913, 276.151 
6914, 123.849 
6915, 54.6856 
6916, 345.314 
6917, 77.7895 
6918, 322.211 
6919, 187.783 
6920, 212.217 
6921, 196.441 
6922, 203.559 
6923, 212.427 
6924, 187.573 
6925, 28.3617 
6926, 371.638 
6927, 234.543 
6928, 165.457 
6929, 340.176 
6930, 59.8241 
6931, 167.931 
6932, 232.069 
6933, 102.013 
6934, 297.987 
6935, 117.246 
6936, 282.754 
6937, 55.1788 
6938, 344.821 
6939, 69.3312 
6940, 330.669 
6941, 234.891 
6942, 165.109 
6943, 201.168 
6944, 198.832 
6945, 354.26 
6946, 45.7402 
6947, 209.004 
6948, 190.996 
6949, 133.591 
6950, 266.409 
6951, 1.44147 
6952, 398.559 
6953, 63.2141 
6954, 336.786 
6955, 85.4017 
6956, 314.598 
6957, 287.678 
6958, 112.322 
6959, 143.6 
6960, 256.4 
6961, 153.261 
6962, 246.739 
6963, 383.221 
6964, 16.7792 
6965, 219.122 
6966, 180.878 
6967, 350.266 
6968, 49.7343 
6969, 234.79 
6970, 165.21 
6971, 282.71 
6972, 117.29 
6973, 395.724 
6974, 4.27615 
6975, 286.813 
6976, 113.187 
6977, 221.124 
6978, 178.876 
6979, 291.527 
6980, 108.473 
6981, 41.3305 
6982, 358.67 
6983, 398.105 
6984, 1.8953 
6985, 152.835 
6986, 247.165 
6987, 292.18 
6988, 107.82 
6989, 10.2294 
6990, 389.771 
6991, 18.144 
6992, 381.856 
6993, 126.313 
6994, 273.687 
6995, 399.778 
6996, 0.221828 
6997, 206.313 
6998, 193.687 
6999, 398.186 
7000, 1.81382 
7001, 129.403 
7002, 270.597 
7003, 165.131 
7004, 234.869 
7005, 236.039 
7006, 163.961 
7007, 263.541 
7008, 136.459 
7009, 186.898 
7010, 213.102 
7011, 157.998 
7012, 242.002 
7013, 313.395 
7014, 86.6046 
7015, 77.2692 
7016, 322.731 
7017, 352.989 
7018, 47.011 
7019, 62.2708 
7020, 337.729 
7021, 275.607 
7022, 124.393 
7023, 235.092 
7024, 164.908 
7025, 220.466 
7026, 179.534 
7027, 90.4043 
7028, 309.596 
7029, 53.475 
7030, 346.525 
7031, 274.151 
7032, 125.849 
7033, 104.779 
7034, 295.221 
7035, 62.5141 
7036, 337.486 
7037, 279.761 
7038, 120.239 
7039, 148.126 
7040, 251.874 
7041, 53.2461 
7042, 346.754 
7043, 44.6261 
7044, 355.374 
7045, 116.911 
7046, 283.089 
7047, 207.216 
7048, 192.784 
7049, 201.14 
7050, 198.86 
7051, 67.2222 
7052, 332.778 
7053, 287.01 
7054, 112.99 
7055, 82.8651 
7056, 317.135 
7057, 16.0023 
7058, 383.998 
7059, 33.0987 
7060, 366.901 
7061, 366.458 
7062, 33.5422 
7063, 129.274 
7064, 270.726 
7065, 243.808 
7066, 156.192 
7067, 158.262 
7068, 241.738 
7069, 13.3665 
7070, 386.633 
7071, 18.6129 
7072, 381.387 
7073, 158.597 
7074, 241.403 
7075, 186.822 
7076, 213.178 
7077, 80.5173 
7078, 319.483 
7079, 19.954 
7080, 380.046 
7081, 20.7417 
7082, 379.258 
7083, 55.2167 
7084, 344.783 
7085, 73.9268 
7086, 326.073 
7087, 349.897 
7088, 50.1033 
7089, 185.381 
7090, 214.619 
7091, 119.567 
7092, 280.433 
7093, 212.179 
7094, 187.821 
7095, 205.563 
7096, 194.437 
7097, 312.481 
7098, 87.5188 
7099, 229.027 
7100, 170.973 
7101, 81.3676 
7102, 318.632 
7103, 195.832 
7104, 204.168 
7105, 2.37066 
7106, 397.629 
7107, 139.634 
7108, 260.366 
7109, 310.819 
7110, 89.1815 
7111, 234.68 
7112, 165.32 
7113, 280.887 
7114, 119.113 
7115, 98.7979 
7116, 301.202 
7117, 79.6204 
7118, 320.38 
7119, 89.2195 
7120, 310.78 
7121, 315.745 
7122, 84.2554 
7123, 277.961 
7124, 122.039 
7125, 313.001 
7126, 86.9986 
7127, 50.5137 
7128, 349.486 
7129, 129.354 
7130, 270.646 
7131, 8.32086 
7132, 391.679 
7133, 298.089 
7134, 101.911 
7135, 202.45 
7136, 197.55 
7137, 299.725 
7138, 100.275 
7139, 186.58 
7140, 213.42 
7141, 274.742 
7142, 125.258 
7143, 375.146 
7144, 24.8541 
7145, 215.103 
7146, 184.897 
7147, 225.299 
7148, 174.701 
7149, 79.0539 
7150, 320.946 
7151, 369.172 
7152, 30.8281 
7153, 140.723 
7154, 259.277 
7155, 219.287 
7156, 180.713 
7157, 269.155 
7158, 130.845 
7159, 147.848 
7160, 252.152 
7161, 258.215 
7162, 141.785 
7163, 221.553 
7164, 178.447 
7165, 55.3236 
7166, 344.676 
7167, 78.3037 
7168, 321.696 
7169, 184.17 
7170, 215.83 
7171, 301.09 
7172, 98.91 
7173, 292.962 
7174, 107.038 
7175, 180.69 
7176, 219.31 
7177, 250.163 
7178, 149.837 
7179, 278.218 
7180, 121.782 
7181, 8.78983 
7182, 391.21 
7183, 340.706 
7184, 59.2937 
7185, 355.591 
7186, 44.4087 
7187, 24.7593 
7188, 375.241 
7189, 158.968 
7190, 241.032 
7191, 286.595 
7192, 113.405 
7193, 187.707 
7194, 212.293 
7195, 148.833 
7196, 251.167 
7197, 227.288 
7198, 172.712 
7199, 291.571 
7200, 108.429 
7201, 209.832 
7202, 190.168 
7203, 148.739 
7204, 251.261 
7205, 359.366 
7206, 40.6339 
7207, 181.389 
7208, 218.611 
7209, 332.296 
7210, 67.7042 
7211, 61.1151 
7212, 338.885 
7213, 67.8289 
7214, 332.171 
7215, 117.708 
7216, 282.292 
7217, 141.583 
7218, 258.417 
7219, 101.104 
7220, 298.896 
7221, 323.076 
7222, 76.9244 
7223, 253.9 
7224, 146.1 
7225, 368.599 
7226, 31.4007 
7227, 123.586 
7228, 276.414 
7229, 252.131 
7230, 147.869 
7231, 111.053 
7232, 288.947 
7233, 193.939 
7234, 206.061 
7235, 213.579 
7236, 186.421 
7237, 89.1603 
7238, 310.84 
7239, 253.41 
7240, 146.59 
7241, 247.682 
7242, 152.318 
7243, 157.631 
7244, 242.369 
7245, 80.3622 
7246, 319.638 
7247, 101.664 
7248, 298.336 
7249, 40.0272 
7250, 359.973 
7251, 373.819 
7252, 26.1808 
7253, 77.3331 
7254, 322.667 
7255, 229.539 
7256, 170.461 
7257, 323.36 
7258, 76.6404 
7259, 115.993 
7260, 284.007 
7261, 379.8 
7262, 20.2004 
7263, 218.705 
7264, 181.295 
7265, 106.181 
7266, 293.819 
7267, 117.584 
7268, 282.416 
7269, 184.978 
7270, 215.022 
7271, 291.273 
7272, 108.727 
7273, 10.9147 
7274, 389.085 
7275, 9.95382 
7276, 390.046 
7277, 222.599 
7278, 177.401 
7279, 4.79204 
7280, 395.208 
7281, 301.47 
7282, 98.5303 
7283, 0.0385327 
7284, 399.961 
7285, 71.0925 
7286, 328.907 
7287, 18.3785 
7288, 381.622 
7289, 211.426 
7290, 188.574 
7291, 327.494 
7292, 72.5065 
7293, 188.143 
7294, 211.857 
7295, 302.23 
7296, 97.7696 
7297, 36.8569 
7298, 363.143 
7299, 57.4625 
7300, 342.537 
7301, 235.986 
7302, 164.014 
7303, 369.176 
7304, 30.8244 
7305, 178.312 
7306, 221.688 
7307, 138.451 
7308, 261.549 
7309, 259.678 
7310, 140.322 
7311, 249.254 
7312, 150.746 
7313, 245.83 
7314, 154.17 
7315, 132.862 
7316, 267.138 
7317, 255.617 
7318, 144.383 
7319, 330.848 
7320, 69.1519 
7321, 334.056 
7322, 65.9436 
7323, 154.477 
7324, 245.523 
7325, 141.012 
7326, 258.988 
7327, 226.368 
7328, 173.632 
7329, 98.5724 
7330, 301.428 
7331, 133.912 
7332, 266.088 
7333, 325.643 
7334, 74.3573 
7335, 273.507 
7336, 126.493 
7337, 211.798 
7338, 188.202 
7339, 311.305 
7340, 88.6951 
7341, 237.745 
7342, 162.255 
7343, 111.489 
7344, 288.511 
7345, 131.827 
7346, 268.173 
7347, 280.886 
7348, 119.114 
7349, 207.394 
7350, 192.606 
7351, 83.6745 
7352, 316.325 
7353, 72.1903 
7354, 327.81 
7355, 160.145 
7356, 239.855 
7357, 399.665 
7358, 0.335304 
7359, 162.694 
7360, 237.306 
7361, 54.3118 
7362, 345.688 
7363, 322.071 
7364, 77.9289 
7365, 248.963 
7366, 151.037 
7367, 77.8396 
7368, 322.16 
7369, 311.794 
7370, 88.2058 
7371, 295.722 
7372, 104.278 
7373, 170.414 
7374, 229.586 
7375, 278.934 
7376, 121.066 
7377, 224.292 
7378, 175.708 
7379, 7.99429 
7380, 392.006 
7381, 344.523 
7382, 55.4771 
7383, 124.59 
7384, 275.41 
7385, 122.807 
7386, 277.193 
7387, 178.741 
7388, 221.259 
7389, 59.4731 
7390, 340.527 
7391, 232.568 
7392, 167.432 
7393, 158.667 
7394, 241.333 
7395, 247.292 
7396, 152.708 
7397, 384.961 
7398, 15.0388 
7399, 43.1588 
7400, 356.841 
7401, 282.157 
7402, 117.843 
7403, 164.679 
7404, 235.321 
7405, 130.857 
7406, 269.143 
7407, 170.317 
7408, 229.683 
7409, 16.5922 
7410, 383.408 
7411, 190.733 
7412, 209.267 
7413, 182.892 
7414, 217.108 
7415, 256.153 
7416, 143.847 
7417, 204.373 
7418, 195.627 
7419, 244.787 
7420, 155.213 
7421, 170.139 
7422, 229.861 
7423, 255.49 
7424, 144.51 
7425, 125.555 
7426, 274.445 
7427, 147.36 
7428, 252.64 
7429, 178.019 
7430, 221.981 
7431, 156.163 
7432, 243.837 
7433, 332.458 
7434, 67.5421 
7435, 33.5474 
7436, 366.453 
7437, 163.158 
7438, 236.842 
7439, 252.928 
7440, 147.072 
7441, 190.9 
7442, 209.1 
7443, 48.2098 
7444, 351.79 
7445, 23.6649 
7446, 376.335 
7447, 100.558 
7448, 299.442 
7449, 225.881 
7450, 174.119 
7451, 76.3991 
7452, 323.601 
7453, 367.316 
7454, 32.6844 
7455, 184.15 
7456, 215.85 
7457, 2.50986 
7458, 397.49 
7459, 11.1498 
7460, 388.85 
7461, 7.45223 
7462, 392.548 
7463, 216.338 
7464, 183.662 
7465, 196.826 
7466, 203.174 
7467, 79.649 
7468, 320.351 
7469, 143.714 
7470, 256.286 
7471, 243.313 
7472, 156.687 
7473, 67.3492 
7474, 332.651 
7475, 146.395 
7476, 253.605 
7477, 116.175 
7478, 283.825 
7479, 112.051 
7480, 287.949 
7481, 40.7966 
7482, 359.203 
7483, 127.957 
7484, 272.043 
7485, 213.484 
7486, 186.516 
7487, 90.6824 
7488, 309.318 
7489, 24.5609 
7490, 375.439 
7491, 219.035 
7492, 180.965 
7493, 321.057 
7494, 78.9426 
7495, 399.6 
7496, 0.400494 
7497, 383.967 
7498, 16.0331 
7499, 263.594 
7500, 136.406 
7501, 133.18 
7502, 266.82 
7503, 117.608 
7504, 282.392 
7505, 270.381 
7506, 129.619 
7507, 305.717 
7508, 94.2833 
7509, 209.001 
7510, 190.999 
7511, 292.124 
7512, 107.876 
7513, 292.006 
7514, 107.994 
7515, 215.133 
7516, 184.867 
7517, 227.276 
7518, 172.724 
7519, 192.616 
7520, 207.384 
7521, 52.2867 
7522, 347.713 
7523, 332.064 
7524, 67.936 
7525, 208.887 
7526, 191.113 
7527, 241.838 
7528, 158.162 
7529, 314.357 
7530, 85.6433 
7531, 126.258 
7532, 273.742 
7533, 198.111 
7534, 201.889 
7535, 265.885 
7536, 134.115 
7537, 396.668 
7538, 3.33204 
7539, 234.313 
7540, 165.687 
7541, 283.947 
7542, 116.053 
7543, 21.8146 
7544, 378.185 
7545, 196.865 
7546, 203.135 
7547, 41.0463 
7548, 358.954 
7549, 89.8941 
7550, 310.106 
7551, 191.607 
7552, 208.393 
7553, 249.824 
7554, 150.176 
7555, 283.518 
7556, 116.482 
7557, 396.427 
7558, 3.57323 
7559, 325.986 
7560, 74.0142 
7561, 115.152 
7562, 284.848 
7563, 106.871 
7564, 293.129 
7565, 259.385 
7566, 140.615 
7567, 10.6914 
7568, 389.309 
7569, 13.9486 
7570, 386.051 
7571, 10.6376 
7572, 389.362 
7573, 158.504 
7574, 241.496 
7575, 163.563 
7576, 236.437 
7577, 208.957 
7578, 191.043 
7579, 387.997 
7580, 12.003 
7581, 201.617 
7582, 198.383 
7583, 352.723 
7584, 47.2771 
7585, 330.818 
7586, 69.1821 
7587, 135.058 
7588, 264.942 
7589, 225.627 
7590, 174.373 
7591, 90.0113 
7592, 309.989 
7593, 29.6326 
7594, 370.367 
7595, 320.814 
7596, 79.1864 
7597, 212.233 
7598, 187.767 
7599, 352.538 
7600, 47.4621 
7601, 137.078 
7602, 262.922 
7603, 150.094 
7604, 249.906 
7605, 302.059 
7606, 97.941 
7607, 151.269 
7608, 248.731 
7609, 351.341 
7610, 48.6591 
7611, 287.143 
7612, 112.857 
7613, 328.222 
7614, 71.778 
7615, 158.199 
7616, 241.801 
7617, 313.889 
7618, 86.1113 
7619, 383.65 
7620, 16.3497 
7621, 318.588 
7622, 81.4118 
7623, 43.295 
7624, 356.705 
7625, 146.222 
7626, 253.778 
7627, 145.533 
7628, 254.467 
7629, 209.603 
7630, 190.397 
7631, 236.593 
7632, 163.407 
7633, 215.161 
7634, 184.839 
7635, 184.796 
7636, 215.204 
7637, 84.3117 
7638, 315.688 
7639, 268.591 
7640, 131.409 
7641, 234.319 
7642, 165.681 
7643, 123.07 
7644, 276.93 
7645, 229.757 
7646, 170.243 
7647, 182.48 
7648, 217.52 
7649, 369.304 
7650, 30.6963 
7651, 49.3923 
7652, 350.608 
7653, 266.45 
7654, 133.55 
7655, 394.505 
7656, 5.49453 
7657, 42.84 
7658, 357.16 
7659, 207.113 
7660, 192.887 
7661, 362.268 
7662, 37.7317 
7663, 80.4659 
7664, 319.534 
7665, 364.28 
7666, 35.72 
7667, 289.953 
7668, 110.047 
7669, 263.205 
7670, 136.795 
7671, 187.15 
7672, 212.85 
7673, 317.018 
7674, 82.9821 
7675, 14.781 
7676, 385.219 
7677, 12.6161 
7678, 387.384 
7679, 209.264 
7680, 190.736 
7681, 155.861 
7682, 244.139 
7683, 138.03 
7684, 261.97 
7685, 197.45 
7686, 202.55 
7687, 370.611 
7688, 29.389 
7689, 289.99 
7690, 110.01 
7691, 110.04 
7692, 289.96 
7693, 21.5847 
7694, 378.415 
7695, 36.2552 
7696, 363.745 
7697, 353.554 
7698, 46.4459 
7699, 284.398 
7700, 115.602 
7701, 102.212 
7702, 297.788 
7703, 67.1444 
7704, 332.856 
7705, 62.649 
7706, 337.351 
7707, 126.953 
7708, 273.047 
7709, 67.1417 
7710, 332.858 
7711, 125.866 
7712, 274.134 
7713, 230.683 
7714, 169.317 
7715, 264.093 
7716, 135.907 
7717, 150.539 
7718, 249.461 
7719, 388.283 
7720, 11.7171 
7721, 333.368 
7722, 66.6316 
7723, 158.182 
7724, 241.818 
7725, 197.689 
7726, 202.311 
7727, 262.29 
7728, 137.71 
7729, 80.0411 
7730, 319.959 
7731, 307.148 
7732, 92.852 
7733, 389.517 
7734, 10.4828 
7735, 399.783 
7736, 0.216855 
7737, 338.886 
7738, 61.1144 
7739, 157.361 
7740, 242.639 
7741, 328.345 
7742, 71.6548 
7743, 84.3793 
7744, 315.621 
7745, 295.204 
7746, 104.796 
7747, 131.547 
7748, 268.453 
7749, 368.358 
7750, 31.6417 
7751, 115.203 
7752, 284.797 
7753, 283.939 
7754, 116.061 
7755, 73.1224 
7756, 326.878 
7757, 261.498 
7758, 138.502 
7759, 325.862 
7760, 74.1382 
7761, 365.262 
7762, 34.7384 
7763, 67.435 
7764, 332.565 
7765, 135.194 
7766, 264.806 
7767, 259.877 
7768, 140.123 
7769, 361.996 
7770, 38.0039 
7771, 357.857 
7772, 42.1431 
7773, 249.162 
7774, 150.838 
7775, 230.355 
7776, 169.645 
7777, 322.808 
7778, 77.1917 
7779, 211.056 
7780, 188.944 
7781, 150.793 
7782, 249.207 
7783, 329.343 
7784, 70.6571 
7785, 328.684 
7786, 71.3155 
7787, 14.3472 
7788, 385.653 
7789, 12.1507 
7790, 387.849 
7791, 98.0765 
7792, 301.923 
7793, 147.004 
7794, 252.996 
7795, 130.98 
7796, 269.02 
7797, 339.223 
7798, 60.7766 
7799, 94.3639 
7800, 305.636 
7801, 275.588 
7802, 124.412 
7803, 397.487 
7804, 2.51336 
7805, 54.8573 
7806, 345.143 
7807, 146.505 
7808, 253.495 
7809, 217.778 
7810, 182.222 
7811, 285.589 
7812, 114.411 
7813, 195.739 
7814, 204.261 
7815, 155.543 
7816, 244.457 
7817, 47.4923 
7818, 352.508 
7819, 43.7496 
7820, 356.25 
7821, 52.8219 
7822, 347.178 
7823, 191.706 
7824, 208.294 
7825, 76.2954 
7826, 323.705 
7827, 26.4258 
7828, 373.574 
7829, 191.822 
7830, 208.178 
7831, 299.005 
7832, 100.995 
7833, 201.078 
7834, 198.922 
7835, 262.979 
7836, 137.021 
7837, 209.44 
7838, 190.56 
7839, 243.67 
7840, 156.33 
7841, 373.775 
7842, 26.2246 
7843, 127.498 
7844, 272.502 
7845, 172.896 
7846, 227.104 
7847, 300.71 
7848, 99.2904 
7849, 167.846 
7850, 232.154 
7851, 27.4349 
7852, 372.565 
7853, 7.94512 
7854, 392.055 
7855, 19.5245 
7856, 380.476 
7857, 351.295 
7858, 48.7051 
7859, 129.143 
7860, 270.857 
7861, 121.64 
7862, 278.36 
7863, 193.882 
7864, 206.118 
7865, 328.852 
7866, 71.1484 
7867, 225.195 
7868, 174.805 
7869, 2.52997 
7870, 397.47 
7871, 18.7987 
7872, 381.201 
7873, 6.11986 
7874, 393.88 
7875, 343.189 
7876, 56.8113 
7877, 162.757 
7878, 237.243 
7879, 52.9314 
7880, 347.069 
7881, 11.6758 
7882, 388.324 
7883, 20.7254 
7884, 379.275 
7885, 20.3729 
7886, 379.627 
7887, 93.3888 
7888, 306.611 
7889, 126.439 
7890, 273.561 
7891, 138.913 
7892, 261.087 
7893, 269.579 
7894, 130.421 
7895, 306.77 
7896, 93.23 
7897, 191.741 
7898, 208.259 
7899, 250.547 
7900, 149.453 
7901, 374.997 
7902, 25.0032 
7903, 314.121 
7904, 85.8789 
7905, 4.30985 
7906, 395.69 
7907, 234.505 
7908, 165.495 
7909, 197.074 
7910, 202.926 
7911, 191.64 
7912, 208.36 
7913, 76.779 
7914, 323.221 
7915, 38.6922 
7916, 361.308 
7917, 357.252 
7918, 42.7479 
7919, 303.941 
7920, 96.0591 
7921, 136.358 
7922, 263.642 
7923, 96.389 
7924, 303.611 
7925, 18.2454 
7926, 381.755 
7927, 278.996 
7928, 121.004 
7929, 330.408 
7930, 69.5923 
7931, 301.1 
7932, 98.9 
7933, 208.38 
7934, 191.62 
7935, 128.279 
7936, 271.721 
7937, 268.224 
7938, 131.776 
7939, 294.068 
7940, 105.932 
7941, 253.358 
7942, 146.642 
7943, 284.773 
7944, 115.227 
7945, 226.061 
7946, 173.939 
7947, 173.236 
7948, 226.764 
7949, 15.3944 
7950, 384.606 
7951, 187.872 
7952, 212.128 
7953, 252.049 
7954, 147.951 
7955, 70.8743 
7956, 329.126 
7957, 333.934 
7958, 66.0656 
7959, 181.625 
7960, 218.375 
7961, 188.036 
7962, 211.964 
7963, 37.4564 
7964, 362.544 
7965, 0.108029 
7966, 399.892 
7967, 277.19 
7968, 122.81 
7969, 165.36 
7970, 234.64 
7971, 287.615 
7972, 112.385 
7973, 25.6136 
7974, 374.386 
7975, 116.871 
7976, 283.129 
7977, 17.6331 
7978, 382.367 
7979, 175.797 
7980, 224.203 
7981, 89.4879 
7982, 310.512 
7983, 185.855 
7984, 214.145 
7985, 376.966 
7986, 23.0337 
7987, 227.413 
7988, 172.587 
7989, 160.725 
7990, 239.275 
7991, 68.1986 
7992, 331.801 
7993, 27.6516 
7994, 372.348 
7995, 99.0424 
7996, 300.958 
7997, 41.8072 
7998, 358.193 
7999, 181.358 
8000, 218.642 
8001, 366.36 
8002, 33.64 
8003, 399.801 
8004, 0.198679 
8005, 343.071 
8006, 56.9293 
8007, 45.4524 
8008, 354.548 
8009, 102.998 
8010, 297.002 
8011, 354.562 
8012, 45.4384 
8013, 223.2 
8014, 176.8 
8015, 204.425 
8016, 195.575 
8017, 128.78 
8018, 271.22 
8019, 249.656 
8020, 150.344 
8021, 316.344 
8022, 83.656 
8023, 228.24 
8024, 171.76 
8025, 218.449 
8026, 181.551 
8027, 327.227 
8028, 72.7734 
8029, 334.041 
8030, 65.9588 
8031, 214.976 
8032, 185.024 
8033, 152.228 
8034, 247.772 
8035, 48.0335 
8036, 351.966 
8037, 160.094 
8038, 239.906 
8039, 140.051 
8040, 259.949 
8041, 114.346 
8042, 285.654 
8043, 265.678 
8044, 134.322 
8045, 296.913 
8046, 103.087 
8047, 52.6543 
8048, 347.346 
8049, 41.3419 
8050, 358.658 
8051, 189.192 
8052, 210.808 
8053, 65.4953 
8054, 334.505 
8055, 286.76 
8056, 113.24 
8057, 191.5 
8058, 208.5 
8059, 332.06 
8060, 67.9397 
8061, 82.0495 
8062, 317.95 
8063, 97.4003 
8064, 302.6 
8065, 255.502 
8066, 144.498 
8067, 297.963 
8068, 102.037 
8069, 339.913 
8070, 60.0866 
8071, 177.801 
8072, 222.199 
8073, 223.47 
8074, 176.53 
8075, 55.3865 
8076, 344.613 
8077, 304.091 
8078, 95.9095 
8079, 15.4982 
8080, 384.502 
8081, 279.947 
8082, 120.053 
8083, 380.575 
8084, 19.4252 
8085, 77.5583 
8086, 322.442 
8087, 261.272 
8088, 138.728 
8089, 287.572 
8090, 112.428 
8091, 84.9245 
8092, 315.075 
8093, 277.083 
8094, 122.917 
8095, 145.613 
8096, 254.387 
8097, 175.647 
8098, 224.353 
8099, 146.094 
8100, 253.906 
8101, 321.42 
8102, 78.5797 
8103, 355.848 
8104, 44.1522 
8105, 51.7107 
8106, 348.289 
8107, 51.913 
8108, 348.087 
8109, 240.273 
8110, 159.727 
8111, 35.635 
8112, 364.365 
8113, 163.71 
8114, 236.29 
8115, 163.458 
8116, 236.542 
8117, 46.1101 
8118, 353.89 
8119, 66.0725 
8120, 333.928 
8121, 26.7768 
8122, 373.223 
8123, 27.069 
8124, 372.931 
8125, 162.092 
8126, 237.908 
8127, 31.6076 
8128, 368.392 
8129, 246.624 
8130, 153.376 
8131, 339.478 
8132, 60.5221 
8133, 154.648 
8134, 245.352 
8135, 342.906 
8136, 57.0942 
8137, 348.666 
8138, 51.3337 
8139, 185.547 
8140, 214.453 
8141, 254.003 
8142, 145.997 
8143, 342.443 
8144, 57.5567 
8145, 380.87 
8146, 19.1303 
8147, 168.175 
8148, 231.825 
8149, 141.267 
8150, 258.733 
8151, 189.697 
8152, 210.303 
8153, 106.274 
8154, 293.726 
8155, 155.155 
8156, 244.845 
8157, 55.902 
8158, 344.098 
8159, 157.343 
8160, 242.657 
8161, 64.4241 
8162, 335.576 
8163, 23.7662 
8164, 376.234 
8165, 197.665 
8166, 202.335 
8167, 141.801 
8168, 258.199 
8169, 255.562 
8170, 144.438 
8171, 214.909 
8172, 185.091 
8173, 164.435 
8174, 235.565 
8175, 138.125 
8176, 261.875 
8177, 305.763 
8178, 94.2373 
8179, 185.368 
8180, 214.632 
8181, 168.649 
8182, 231.351 
8183, 380.084 
8184, 19.9158 
8185, 393.867 
8186, 6.13316 
8187, 274.696 
8188, 125.304 
8189, 226.753 
8190, 173.247 
8191, 65.2584 
8192, 334.742 
8193, 314.602 
8194, 85.3984 
8195, 239.298 
8196, 160.702 
8197, 259.09 
8198, 140.91 
8199, 177.963 
8200, 222.037 
8201, 380.68 
8202, 19.3202 
8203, 187.603 
8204, 212.397 
8205, 323.388 
8206, 76.6117 
8207, 5.99648 
8208, 394.004 
8209, 2.0174 
8210, 397.983 
8211, 362.121 
8212, 37.8789 
8213, 276.112 
8214, 123.888 
8215, 311.242 
8216, 88.7584 
8217, 195.028 
8218, 204.972 
8219, 89.5603 
8220, 310.44 
8221, 32.2252 
8222, 367.775 
8223, 131.851 
8224, 268.149 
8225, 272.03 
8226, 127.97 
8227, 206.667 
8228, 193.333 
8229, 172.162 
8230, 227.838 
8231, 313.123 
8232, 86.8766 
8233, 181.402 
8234, 218.598 
8235, 378.198 
8236, 21.802 
8237, 178.348 
8238, 221.652 
8239, 17.891 
8240, 382.109 
8241, 101.424 
8242, 298.576 
8243, 398.451 
8244, 1.54881 
8245, 391.644 
8246, 8.35567 
8247, 364.959 
8248, 35.0411 
8249, 28.4137 
8250, 371.586 
8251, 101.326 
8252, 298.674 
8253, 52.1835 
8254, 347.816 
8255, 173.743 
8256, 226.257 
8257, 165.364 
8258, 234.636 
8259, 326.053 
8260, 73.9474 
8261, 133.966 
8262, 266.034 
8263, 158.95 
8264, 241.05 
8265, 164.829 
8266, 235.171 
8267, 12.0512 
8268, 387.949 
8269, 135.292 
8270, 264.708 
8271, 144.277 
8272, 255.723 
8273, 84.9 
8274, 315.1 
8275, 204.619 
8276, 195.381 
8277, 370.279 
8278, 29.7207 
8279, 254.915 
8280, 145.085 
8281, 2.92544 
8282, 397.075 
8283, 30.4234 
8284, 369.577 
8285, 216.691 
8286, 183.309 
8287, 43.3773 
8288, 356.623 
8289, 187.105 
8290, 212.895 
8291, 77.0078 
8292, 322.992 
8293, 106.101 
8294, 293.899 
8295, 382.745 
8296, 17.2546 
8297, 247.168 
8298, 152.832 
8299, 174.22 
8300, 225.78 
8301, 128.15 
8302, 271.85 
8303, 49.1184 
8304, 350.882 
8305, 34.3009 
8306, 365.699 
8307, 93.875 
8308, 306.125 
8309, 184.224 
8310, 215.776 
8311, 245.279 
8312, 154.721 
8313, 354.549 
8314, 45.4506 
8315, 257.419 
8316, 142.581 
8317, 331.08 
8318, 68.9197 
8319, 343.617 
8320, 56.3829 
8321, 115.605 
8322, 284.395 
8323, 298.139 
8324, 101.861 
8325, 99.6456 
8326, 300.354 
8327, 40.4115 
8328, 359.588 
8329, 333.15 
8330, 66.8501 
8331, 82.3653 
8332, 317.635 
8333, 53.5173 
8334, 346.483 
8335, 49.892 
8336, 350.108 
8337, 190.393 
8338, 209.607 
8339, 143.337 
8340, 256.663 
8341, 297.455 
8342, 102.545 
8343, 11.8171 
8344, 388.183 
8345, 6.94308 
8346, 393.057 
8347, 23.6389 
8348, 376.361 
8349, 41.2005 
8350, 358.799 
8351, 198.898 
8352, 201.102 
8353, 197.77 
8354, 202.23 
8355, 293.839 
8356, 106.161 
8357, 263.112 
8358, 136.888 
8359, 316.835 
8360, 83.1646 
8361, 294.683 
8362, 105.317 
8363, 225.772 
8364, 174.228 
8365, 223.749 
8366, 176.251 
8367, 233.197 
8368, 166.803 
8369, 377.597 
8370, 22.4025 
8371, 355.951 
8372, 44.0495 
8373, 177.386 
8374, 222.614 
8375, 362.969 
8376, 37.0306 
8377, 241.166 
8378, 158.834 
8379, 226.761 
8380, 173.239 
8381, 159.403 
8382, 240.597 
8383, 202.044 
8384, 197.956 
8385, 357.578 
8386, 42.4221 
8387, 175.043 
8388, 224.957 
8389, 38.4706 
8390, 361.529 
8391, 60.4137 
8392, 339.586 
8393, 337.714 
8394, 62.2864 
8395, 332.38 
8396, 67.6197 
8397, 258.05 
8398, 141.95 
8399, 355.1 
8400, 44.9 
8401, 248.792 
8402, 151.208 
8403, 253.181 
8404, 146.819 
8405, 198.327 
8406, 201.673 
8407, 28.5053 
8408, 371.495 
8409, 19.758 
8410, 380.242 
8411, 24.6821 
8412, 375.318 
8413, 113.962 
8414, 286.038 
8415, 144.749 
8416, 255.251 
8417, 194.843 
8418, 205.157 
8419, 55.2741 
8420, 344.726 
8421, 91.2162 
8422, 308.784 
8423, 182.958 
8424, 217.042 
8425, 352.016 
8426, 47.9843 
8427, 92.1453 
8428, 307.855 
8429, 210.173 
8430, 189.827 
8431, 392.639 
8432, 7.36074 
8433, 341.917 
8434, 58.0825 
8435, 51.6383 
8436, 348.362 
8437, 149.892 
8438, 250.108 
8439, 36.1613 
8440, 363.839 
8441, 40.377 
8442, 359.623 
8443, 304.972 
8444, 95.0277 
8445, 269.009 
8446, 130.991 
8447, 260.794 
8448, 139.206 
8449, 228.228 
8450, 171.772 
8451, 190.074 
8452, 209.926 
8453, 390.4 
8454, 9.60039 
8455, 147.676 
8456, 252.324 
8457, 334.105 
8458, 65.8948 
8459, 399.303 
8460, 0.696955 
8461, 331.045 
8462, 68.9551 
8463, 181.535 
8464, 218.465 
8465, 334.655 
8466, 65.3454 
8467, 72.6564 
8468, 327.344 
8469, 169.406 
8470, 230.594 
8471, 102.67 
8472, 297.33 
8473, 182.76 
8474, 217.24 
8475, 160.871 
8476, 239.129 
8477, 264.012 
8478, 135.988 
8479, 328.62 
8480, 71.3798 
8481, 211.907 
8482, 188.093 
8483, 391.341 
8484, 8.65925 
8485, 357.009 
8486, 42.9913 
8487, 233.753 
8488, 166.247 
8489, 384.245 
8490, 15.7546 
8491, 219.91 
8492, 180.09 
8493, 268.679 
8494, 131.321 
8495, 394.866 
8496, 5.13357 
8497, 333.5 
8498, 66.5002 
8499, 232.984 
8500, 167.016 
8501, 79.9853 
8502, 320.015 
8503, 238.85 
8504, 161.15 
8505, 164.522 
8506, 235.478 
8507, 258.274 
8508, 141.726 
8509, 26.7487 
8510, 373.251 
8511, 71.9779 
8512, 328.022 
8513, 232.902 
8514, 167.098 
8515, 77.6665 
8516, 322.334 
8517, 160.626 
8518, 239.374 
8519, 64.8731 
8520, 335.127 
8521, 75.5877 
8522, 324.412 
8523, 227.155 
8524, 172.845 
8525, 180.545 
8526, 219.455 
8527, 203.612 
8528, 196.388 
8529, 136.976 
8530, 263.024 
8531, 108.064 
8532, 291.936 
8533, 238.733 
8534, 161.267 
8535, 313.383 
8536, 86.6171 
8537, 325.838 
8538, 74.1622 
8539, 358.248 
8540, 41.7517 
8541, 156.01 
8542, 243.99 
8543, 252.203 
8544, 147.797 
8545, 103.977 
8546, 296.023 
8547, 249.492 
8548, 150.508 
8549, 368.907 
8550, 31.0925 
8551, 236.009 
8552, 163.991 
8553, 227.944 
8554, 172.056 
8555, 243.065 
8556, 156.935 
8557, 116.665 
8558, 283.335 
8559, 285.712 
8560, 114.288 
8561, 385.078 
8562, 14.9217 
8563, 207.329 
8564, 192.671 
8565, 132.76 
8566, 267.24 
8567, 29.5052 
8568, 370.495 
8569, 118.026 
8570, 281.974 
8571, 94.8237 
8572, 305.176 
8573, 22.0255 
8574, 377.975 
8575, 287.459 
8576, 112.541 
8577, 219.25 
8578, 180.75 
8579, 317.192 
8580, 82.808 
8581, 128.096 
8582, 271.904 
8583, 192.443 
8584, 207.557 
8585, 237.772 
8586, 162.228 
8587, 33.4371 
8588, 366.563 
8589, 211.232 
8590, 188.768 
8591, 69.9046 
8592, 330.095 
8593, 368.396 
8594, 31.6036 
8595, 381.74 
8596, 18.2601 
8597, 6.60509 
8598, 393.395 
8599, 170.637 
8600, 229.363 
8601, 211.02 
8602, 188.98 
8603, 25.8479 
8604, 374.152 
8605, 88.1515 
8606, 311.848 
8607, 23.4192 
8608, 376.581 
8609, 52.2634 
8610, 347.737 
8611, 325.929 
8612, 74.0713 
8613, 133.705 
8614, 266.295 
8615, 140.722 
8616, 259.278 
8617, 364.702 
8618, 35.2982 
8619, 99.5363 
8620, 300.464 
8621, 179.139 
8622, 220.861 
8623, 249.461 
8624, 150.539 
8625, 69.5311 
8626, 330.469 
8627, 67.095 
8628, 332.905 
8629, 177.639 
8630, 222.361 
8631, 251.289 
8632, 148.711 
8633, 129.682 
8634, 270.318 
8635, 51.9017 
8636, 348.098 
8637, 135.753 
8638, 264.247 
8639, 44.8016 
8640, 355.198 
8641, 232.525 
8642, 167.475 
8643, 138.001 
8644, 261.999 
8645, 177.977 
8646, 222.023 
8647, 394.043 
8648, 5.95663 
8649, 147.723 
8650, 252.277 
8651, 212.161 
8652, 187.839 
8653, 252.677 
8654, 147.323 
8655, 304.255 
8656, 95.7449 
8657, 252.727 
8658, 147.273 
8659, 18.819 
8660, 381.181 
8661, 132.559 
8662, 267.441 
8663, 55.5259 
8664, 344.474 
8665, 348.952 
8666, 51.0481 
8667, 21.4478 
8668, 378.552 
8669, 256.176 
8670, 143.824 
8671, 328.066 
8672, 71.9339 
8673, 58.5446 
8674, 341.455 
8675, 74.3752 
8676, 325.625 
8677, 96.9044 
8678, 303.096 
8679, 215.497 
8680, 184.503 
8681, 341.853 
8682, 58.1466 
8683, 271.514 
8684, 128.486 
8685, 215.714 
8686, 184.286 
8687, 300.973 
8688, 99.0266 
8689, 210.952 
8690, 189.048 
8691, 311.035 
8692, 88.9645 
8693, 239.287 
8694, 160.713 
8695, 337.453 
8696, 62.5473 
8697, 234.075 
8698, 165.925 
8699, 333.79 
8700, 66.21 
8701, 23.4605 
8702, 376.539 
8703, 28.506 
8704, 371.494 
8705, 289.743 
8706, 110.257 
8707, 145.693 
8708, 254.307 
8709, 276.447 
8710, 123.553 
8711, 91.5726 
8712, 308.427 
8713, 137.283 
8714, 262.717 
8715, 389.224 
8716, 10.7756 
8717, 228.064 
8718, 171.936 
8719, 247.316 
8720, 152.684 
8721, 92.7805 
8722, 307.22 
8723, 156.072 
8724, 243.928 
8725, 262.864 
8726, 137.136 
8727, 160.082 
8728, 239.918 
8729, 188.211 
8730, 211.789 
8731, 365.38 
8732, 34.6198 
8733, 385.902 
8734, 14.0979 
8735, 226.306 
8736, 173.694 
8737, 129.655 
8738, 270.345 
8739, 280.48 
8740, 119.52 
8741, 153.894 
8742, 246.106 
8743, 267.191 
8744, 132.809 
8745, 257.185 
8746, 142.815 
8747, 6.65057 
8748, 393.349 
8749, 366.199 
8750, 33.8013 
8751, 21.9938 
8752, 378.006 
8753, 12.3165 
8754, 387.684 
8755, 241.567 
8756, 158.433 
8757, 367.241 
8758, 32.7592 
8759, 216.24 
8760, 183.76 
8761, 356.925 
8762, 43.0746 
8763, 152.282 
8764, 247.718 
8765, 224.167 
8766, 175.833 
8767, 297.26 
8768, 102.74 
8769, 367.369 
8770, 32.6306 
8771, 139.668 
8772, 260.332 
8773, 144.286 
8774, 255.714 
8775, 169.779 
8776, 230.221 
8777, 90.5765 
8778, 309.423 
8779, 376.509 
8780, 23.4908 
8781, 233.656 
8782, 166.344 
8783, 120.976 
8784, 279.024 
8785, 353.425 
8786, 46.5747 
8787, 278.312 
8788, 121.688 
8789, 154.98 
8790, 245.02 
8791, 345.11 
8792, 54.8901 
8793, 149.971 
8794, 250.029 
8795, 353.861 
8796, 46.1393 
8797, 43.052 
8798, 356.948 
8799, 134.121 
8800, 265.879 
8801, 39.5982 
8802, 360.402 
8803, 300.568 
8804, 99.4324 
8805, 325.378 
8806, 74.6218 
8807, 149.17 
8808, 250.83 
8809, 135.286 
8810, 264.714 
8811, 231.379 
8812, 168.621 
8813, 182.954 
8814, 217.046 
8815, 4.67464 
8816, 395.325 
8817, 4.43049 
8818, 395.57 
8819, 32.6672 
8820, 367.333 
8821, 242.858 
8822, 157.142 
8823, 389.035 
8824, 10.9655 
8825, 277.571 
8826, 122.429 
8827, 176.076 
8828, 223.924 
8829, 145.836 
8830, 254.164 
8831, 358.374 
8832, 41.6255 
8833, 332.26 
8834, 67.7402 
8835, 377.525 
8836, 22.4755 
8837, 127.099 
8838, 272.901 
8839, 66.6652 
8840, 333.335 
8841, 1.9055 
8842, 398.095 
8843, 335.652 
8844, 64.3475 
8845, 68.2168 
8846, 331.783 
8847, 26.0227 
8848, 373.977 
8849, 236.897 
8850, 163.103 
8851, 385.647 
8852, 14.3533 
8853, 326.472 
8854, 73.528 
8855, 102.444 
8856, 297.556 
8857, 218.748 
8858, 181.252 
8859, 118.838 
8860, 281.162 
8861, 185.384 
8862, 214.616 
8863, 308.549 
8864, 91.4507 
8865, 183.058 
8866, 216.942 
8867, 150.816 
8868, 249.184 
8869, 186.847 
8870, 213.153 
8871, 44.8009 
8872, 355.199 
8873, 34.5965 
8874, 365.403 
8875, 20.8444 
8876, 379.156 
8877, 36.727 
8878, 363.273 
8879, 40.4511 
8880, 359.549 
8881, 326.779 
8882, 73.2213 
8883, 130.618 
8884, 269.382 
8885, 36.2217 
8886, 363.778 
8887, 375.305 
8888, 24.6949 
8889, 259.64 
8890, 140.36 
8891, 155.771 
8892, 244.229 
8893, 268.982 
8894, 131.018 
8895, 32.7464 
8896, 367.254 
8897, 57.6348 
8898, 342.365 
8899, 111.48 
8900, 288.52 
8901, 337.695 
8902, 62.3054 
8903, 187.105 
8904, 212.895 
8905, 319.709 
8906, 80.2915 
8907, 379.821 
8908, 20.1794 
8909, 156.554 
8910, 243.446 
8911, 270.35 
8912, 129.65 
8913, 171.137 
8914, 228.863 
8915, 9.83408 
8916, 390.166 
8917, 353.95 
8918, 46.0498 
8919, 226.316 
8920, 173.684 
8921, 254.638 
8922, 145.362 
8923, 300.302 
8924, 99.6978 
8925, 6.60116 
8926, 393.399 
8927, 4.5396 
8928, 395.46 
8929, 226.382 
8930, 173.618 
8931, 208.137 
8932, 191.863 
8933, 288.485 
8934, 111.515 
8935, 372.547 
8936, 27.4532 
8937, 262.433 
8938, 137.567 
8939, 130.777 
8940, 269.223 
8941, 124.56 
8942, 275.44 
8943, 389.291 
8944, 10.7094 
8945, 28.4094 
8946, 371.591 
8947, 132.337 
8948, 267.663 
8949, 15.4483 
8950, 384.552 
8951, 125.351 
8952, 274.649 
8953, 103.616 
8954, 296.384 
8955, 342.352 
8956, 57.6483 
8957, 137.166 
8958, 262.834 
8959, 81.1541 
8960, 318.846 
8961, 51.9337 
8962, 348.066 
8963, 215.532 
8964, 184.468 
8965, 54.5918 
8966, 345.408 
8967, 90.5693 
8968, 309.431 
8969, 26.1404 
8970, 373.86 
8971, 198.226 
8972, 201.774 
8973, 73.0736 
8974, 326.926 
8975, 268.404 
8976, 131.596 
8977, 301.535 
8978, 98.4645 
8979, 327.176 
8980, 72.8235 
8981, 336.13 
8982, 63.8696 
8983, 351.947 
8984, 48.0533 
8985, 132.265 
8986, 267.735 
8987, 125.68 
8988, 274.32 
8989, 31.6678 
8990, 368.332 
8991, 19.2485 
8992, 380.752 
8993, 77.367 
8994, 322.633 
8995, 244.639 
8996, 155.361 
8997, 358.506 
8998, 41.4942 
8999, 242.139 
9000, 157.861 
9001, 276.655 
9002, 123.345 
9003, 80.1885 
9004, 319.811 
9005, 381.496 
9006, 18.5042 
9007, 303.184 
9008, 96.8155 
9009, 183.126 
9010, 216.874 
9011, 126.365 
9012, 273.635 
9013, 334.922 
9014, 65.0777 
9015, 306.035 
9016, 93.9652 
9017, 315.24 
9018, 84.7596 
9019, 359.324 
9020, 40.6761 
9021, 196.751 
9022, 203.249 
9023, 358.053 
9024, 41.9469 
9025, 313.105 
9026, 86.8954 
9027, 224.109 
9028, 175.891 
9029, 191.591 
9030, 208.409 
9031, 109.383 
9032, 290.617 
9033, 199.799 
9034, 200.201 
9035, 106.132 
9036, 293.868 
9037, 159.316 
9038, 240.684 
9039, 163.167 
9040, 236.833 
9041, 271.167 
9042, 128.833 
9043, 198.419 
9044, 201.581 
9045, 194.032 
9046, 205.968 
9047, 130.942 
9048, 269.058 
9049, 239.509 
9050, 160.491 
9051, 107.194 
9052, 292.806 
9053, 363.945 
9054, 36.0554 
9055, 38.5767 
9056, 361.423 
9057, 307.046 
9058, 92.9539 
9059, 55.8788 
9060, 344.121 
9061, 288.099 
9062, 111.901 
9063, 274.433 
9064, 125.567 
9065, 208.506 
9066, 191.494 
9067, 56.7992 
9068, 343.201 
9069, 10.6573 
9070, 389.343 
9071, 26.427 
9072, 373.573 
9073, 399.88 
9074, 0.119836 
9075, 377.136 
9076, 22.8641 
9077, 209.599 
9078, 190.401 
9079, 191.873 
9080, 208.127 
9081, 383.843 
9082, 16.1568 
9083, 100.194 
9084, 299.806 
9085, 83.514 
9086, 316.486 
9087, 159.508 
9088, 240.492 
9089, 116.886 
9090, 283.114 
9091, 210.099 
9092, 189.901 
9093, 238.983 
9094, 161.017 
9095, 197.101 
9096, 202.899 
9097, 208.432 
9098, 191.568 
9099, 134.339 
9100, 265.661 
9101, 398.231 
9102, 1.76914 
9103, 144.06 
9104, 255.94 
9105, 332.156 
9106, 67.8443 
9107, 268.05 
9108, 131.95 
9109, 276.823 
9110, 123.177 
9111, 108.515 
9112, 291.485 
9113, 380.932 
9114, 19.0683 
9115, 18.1212 
9116, 381.879 
9117, 23.3922 
9118, 376.608 
9119, 184.813 
9120, 215.187 
9121, 108.678 
9122, 291.322 
9123, 336.089 
9124, 63.911 
9125, 105.096 
9126, 294.904 
9127, 93.6679 
9128, 306.332 
9129, 258.683 
9130, 141.317 
9131, 249.724 
9132, 150.276 
9133, 299.693 
9134, 100.307 
9135, 264.443 
9136, 135.557 
9137, 328.716 
9138, 71.284 
9139, 387.272 
9140, 12.7281 
9141, 99.5166 
9142, 300.483 
9143, 109.138 
9144, 290.862 
9145, 75.7997 
9146, 324.2 
9147, 194.833 
9148, 205.167 
9149, 132.601 
9150, 267.399 
9151, 397.808 
9152, 2.19193 
9153, 50.7944 
9154, 349.206 
9155, 130.236 
9156, 269.764 
9157, 133.081 
9158, 266.919 
9159, 71.9014 
9160, 328.099 
9161, 105.096 
9162, 294.904 
9163, 397.171 
9164, 2.82879 
9165, 273.188 
9166, 126.812 
9167, 329.48 
9168, 70.5199 
9169, 380.793 
9170, 19.2067 
9171, 282.515 
9172, 117.485 
9173, 105.678 
9174, 294.322 
9175, 335.853 
9176, 64.1466 
9177, 372.894 
9178, 27.1057 
9179, 327.681 
9180, 72.3186 
9181, 263.589 
9182, 136.411 
9183, 366.849 
9184, 33.1511 
9185, 239.933 
9186, 160.067 
9187, 182.498 
9188, 217.502 
9189, 3.25875 
9190, 396.741 
9191, 233.032 
9192, 166.968 
9193, 265.901 
9194, 134.099 
9195, 196.396 
9196, 203.604 
9197, 6.27877 
9198, 393.721 
9199, 12.5448 
9200, 387.455 
9201, 171.98 
9202, 228.02 
9203, 82.2458 
9204, 317.754 
9205, 359.967 
9206, 40.0331 
9207, 295.452 
9208, 104.548 
9209, 374.415 
9210, 25.5845 
9211, 328.367 
9212, 71.6329 
9213, 273.452 
9214, 126.548 
9215, 93.3818 
9216, 306.618 
9217, 355.128 
9218, 44.8722 
9219, 110.103 
9220, 289.897 
9221, 214.872 
9222, 185.128 
9223, 322.067 
9224, 77.9335 
9225, 344.154 
9226, 55.8457 
9227, 322.928 
9228, 77.0717 
9229, 190.721 
9230, 209.279 
9231, 369.813 
9232, 30.1867 
9233, 127.598 
9234, 272.402 
9235, 181.94 
9236, 218.06 
9237, 337.503 
9238, 62.4974 
9239, 239.15 
9240, 160.85 
9241, 163.847 
9242, 236.153 
9243, 322.731 
9244, 77.2686 
9245, 195.307 
9246, 204.693 
9247, 232.229 
9248, 167.771 
9249, 396.649 
9250, 3.35091 
9251, 364.837 
9252, 35.163 
9253, 292.225 
9254, 107.775 
9255, 203.333 
9256, 196.667 
9257, 210.317 
9258, 189.683 
9259, 257.632 
9260, 142.368 
9261, 74.0011 
9262, 325.999 
9263, 324.744 
9264, 75.2563 
9265, 275.049 
9266, 124.951 
9267, 212.979 
9268, 187.021 
9269, 232.858 
9270, 167.142 
9271, 232.754 
9272, 167.246 
9273, 335.836 
9274, 64.1635 
9275, 265.134 
9276, 134.866 
9277, 115.411 
9278, 284.589 
9279, 145.732 
9280, 254.268 
9281, 145.919 
9282, 254.081 
9283, 144.033 
9284, 255.967 
9285, 262.722 
9286, 137.278 
9287, 181.946 
9288, 218.054 
9289, 370.339 
9290, 29.6609 
9291, 211.069 
9292, 188.931 
9293, 111.905 
9294, 288.095 
9295, 212.754 
9296, 187.246 
9297, 166.905 
9298, 233.095 
9299, 83.2311 
9300, 316.769 
9301, 214.742 
9302, 185.258 
9303, 185.88 
9304, 214.12 
9305, 396.396 
9306, 3.60443 
9307, 1.02627 
9308, 398.974 
9309, 1.60655 
9310, 398.393 
9311, 269.547 
9312, 130.453 
9313, 277.723 
9314, 122.277 
9315, 136.979 
9316, 263.021 
9317, 45.8101 
9318, 354.19 
9319, 72.9505 
9320, 327.049 
9321, 30.9641 
9322, 369.036 
9323, 17.5301 
9324, 382.47 
9325, 197.503 
9326, 202.497 
9327, 4.39101 
9328, 395.609 
9329, 275.148 
9330, 124.852 
9331, 397.893 
9332, 2.10698 
9333, 150.397 
9334, 249.603 
9335, 253.513 
9336, 146.487 
9337, 192.007 
9338, 207.993 
9339, 171.705 
9340, 228.295 
9341, 90.9451 
9342, 309.055 
9343, 97.3684 
9344, 302.632 
9345, 133.45 
9346, 266.55 
9347, 304.766 
9348, 95.2341 
9349, 262.155 
9350, 137.845 
9351, 149.706 
9352, 250.294 
9353, 98.3387 
9354, 301.661 
9355, 186.902 
9356, 213.098 
9357, 127.472 
9358, 272.528 
9359, 315.241 
9360, 84.7594 
9361, 333.263 
9362, 66.7368 
9363, 175.985 
9364, 224.015 
9365, 348.274 
9366, 51.7259 
9367, 373.502 
9368, 26.498 
9369, 364.565 
9370, 35.4354 
9371, 265.94 
9372, 134.06 
9373, 272.21 
9374, 127.79 
9375, 62.0347 
9376, 337.965 
9377, 293.652 
9378, 106.348 
9379, 45.5658 
9380, 354.434 
9381, 219.608 
9382, 180.392 
9383, 147.901 
9384, 252.099 
9385, 165.626 
9386, 234.374 
9387, 107.857 
9388, 292.143 
9389, 28.0275 
9390, 371.972 
9391, 23.9358 
9392, 376.064 
9393, 271.745 
9394, 128.255 
9395, 38.613 
9396, 361.387 
9397, 153.848 
9398, 246.152 
9399, 89.4884 
9400, 310.512 
9401, 162.413 
9402, 237.587 
9403, 273.024 
9404, 126.976 
9405, 392.104 
9406, 7.89576 
9407, 351.392 
9408, 48.6085 
9409, 99.4958 
9410, 300.504 
9411, 152.04 
9412, 247.96 
9413, 41.6949 
9414, 358.305 
9415, 290.436 
9416, 109.564 
9417, 378.888 
9418, 21.1123 
9419, 318.998 
9420, 81.0023 
9421, 331.06 
9422, 68.9399 
9423, 278.835 
9424, 121.165 
9425, 235.797 
9426, 164.203 
9427, 214.514 
9428, 185.486 
9429, 232.142 
9430, 167.858 
9431, 62.0948 
9432, 337.905 
9433, 86.8367 
9434, 313.163 
9435, 53.4352 
9436, 346.565 
9437, 134.061 
9438, 265.939 
9439, 115.549 
9440, 284.451 
9441, 372.849 
9442, 27.1513 
9443, 116.667 
9444, 283.333 
9445, 226.707 
9446, 173.293 
9447, 157.71 
9448, 242.29 
9449, 263.618 
9450, 136.382 
9451, 176.075 
9452, 223.925 
9453, 205.231 
9454, 194.769 
9455, 151.334 
9456, 248.666 
9457, 305.235 
9458, 94.7647 
9459, 383.355 
9460, 16.645 
9461, 155.219 
9462, 244.781 
9463, 340.299 
9464, 59.7008 
9465, 255.992 
9466, 144.008 
9467, 170.869 
9468, 229.131 
9469, 357.686 
9470, 42.3143 
9471, 13.6939 
9472, 386.306 
9473, 180.161 
9474, 219.839 
9475, 18.22 
9476, 381.78 
9477, 222.72 
9478, 177.28 
9479, 256.12 
9480, 143.88 
9481, 146.556 
9482, 253.444 
9483, 388.87 
9484, 11.1296 
9485, 380.786 
9486, 19.2142 
9487, 233.372 
9488, 166.628 
9489, 186.677 
9490, 213.323 
9491, 176.13 
9492, 223.87 
9493, 159.491 
9494, 240.509 
9495, 342.518 
9496, 57.4825 
9497, 382.777 
9498, 17.2233 
9499, 257.583 
9500, 142.417 
9501, 392.203 
9502, 7.79718 
9503, 239.304 
9504, 160.696 
9505, 204.807 
9506, 195.193 
9507, 218.991 
9508, 181.009 
9509, 120.319 
9510, 279.681 
9511, 44.0615 
9512, 355.939 
9513, 185.634 
9514, 214.366 
9515, 281.159 
9516, 118.841 
9517, 323.01 
9518, 76.9899 
9519, 162.27 
9520, 237.73 
9521, 372.604 
9522, 27.3958 
9523, 389.847 
9524, 10.1533 
9525, 228.73 
9526, 171.27 
9527, 89.3611 
9528, 310.639 
9529, 90.0968 
9530, 309.903 
9531, 264.612 
9532, 135.388 
9533, 356.797 
9534, 43.2031 
9535, 267.391 
9536, 132.609 
9537, 207.164 
9538, 192.836 
9539, 154.321 
9540, 245.679 
9541, 57.8233 
9542, 342.177 
9543, 68.9474 
9544, 331.053 
9545, 168.501 
9546, 231.499 
9547, 106.734 
9548, 293.266 
9549, 289.682 
9550, 110.318 
9551, 46.2073 
9552, 353.793 
9553, 52.1068 
9554, 347.893 
9555, 91.742 
9556, 308.258 
9557, 245.604 
9558, 154.396 
9559, 300.058 
9560, 99.9423 
9561, 139.094 
9562, 260.906 
9563, 369.462 
9564, 30.5376 
9565, 332.773 
9566, 67.2271 
9567, 185.485 
9568, 214.515 
9569, 238.339 
9570, 161.661 
9571, 138.775 
9572, 261.225 
9573, 278.521 
9574, 121.479 
9575, 142.298 
9576, 257.702 
9577, 85.6431 
9578, 314.357 
9579, 65.3837 
9580, 334.616 
9581, 300.409 
9582, 99.5915 
9583, 74.4884 
9584, 325.512 
9585, 342.64 
9586, 57.3596 
9587, 137.821 
9588, 262.179 
9589, 59.2526 
9590, 340.747 
9591, 86.9819 
9592, 313.018 
9593, 388.727 
9594, 11.2732 
9595, 362.778 
9596, 37.2223 
9597, 312.454 
9598, 87.5459 
9599, 209.809 
9600, 190.191 
9601, 183.617 
9602, 216.383 
9603, 325.565 
9604, 74.435 
9605, 279.739 
9606, 120.261 
9607, 297.467 
9608, 102.533 
9609, 165.392 
9610, 234.608 
9611, 276.779 
9612, 123.221 
9613, 399.935 
9614, 0.0649532 
9615, 135.319 
9616, 264.681 
9617, 7.36811 
9618, 392.632 
9619, 120.563 
9620, 279.437 
9621, 134.107 
9622, 265.893 
9623, 25.601 
9624, 374.399 
9625, 181.254 
9626, 218.746 
9627, 347.932 
9628, 52.0675 
9629, 124.856 
9630, 275.144 
9631, 347.25 
9632, 52.7499 
9633, 350.988 
9634, 49.0119 
9635, 363.714 
9636, 36.2862 
9637, 245.608 
9638, 154.392 
9639, 192.099 
9640, 207.901 
9641, 383.782 
9642, 16.2181 
9643, 180.846 
9644, 219.154 
9645, 210.627 
9646, 189.373 
9647, 336.379 
9648, 63.621 
9649, 49.1313 
9650, 350.869 
9651, 319.203 
9652, 80.7974 
9653, 285.645 
9654, 114.355 
9655, 32.1778 
9656, 367.822 
9657, 266.868 
9658, 133.132 
9659, 257.506 
9660, 142.494 
9661, 296.861 
9662, 103.139 
9663, 297.2 
9664, 102.8 
9665, 222.359 
9666, 177.641 
9667, 258.205 
9668, 141.795 
9669, 199.319 
9670, 200.681 
9671, 256.069 
9672, 143.931 
9673, 180.629 
9674, 219.371 
9675, 370.059 
9676, 29.9409 
9677, 118.327 
9678, 281.673 
9679, 239.265 
9680, 160.735 
9681, 335.744 
9682, 64.2561 
9683, 292.594 
9684, 107.406 
9685, 225.77 
9686, 174.23 
9687, 210.924 
9688, 189.076 
9689, 359.504 
9690, 40.4965 
9691, 93.5834 
9692, 306.417 
9693, 267.669 
9694, 132.331 
9695, 81.7019 
9696, 318.298 
9697, 231.651 
9698, 168.349 
9699, 361.095 
9700, 38.905 
9701, 298.79 
9702, 101.21 
9703, 55.256 
9704, 344.744 
9705, 152.617 
9706, 247.383 
9707, 98.6056 
9708, 301.394 
9709, 85.8265 
9710, 314.173 
9711, 383.55 
9712, 16.4502 
9713, 165.645 
9714, 234.355 
9715, 109.7 
9716, 290.3 
9717, 333.266 
9718, 66.7343 
9719, 94.4146 
9720, 305.585 
9721, 263.533 
9722, 136.467 
9723, 236.96 
9724, 163.04 
9725, 107.986 
9726, 292.014 
9727, 398.603 
9728, 1.39658 
9729, 48.1332 
9730, 351.867 
9731, 178.871 
9732, 221.129 
9733, 40.4309 
9734, 359.569 
9735, 70.2872 
9736, 329.713 
9737, 385.781 
9738, 14.2191 
9739, 87.65 
9740, 312.35 
9741, 140.322 
9742, 259.678 
9743, 320.274 
9744, 79.726 
9745, 353.735 
9746, 46.2653 
9747, 43.0991 
9748, 356.901 
9749, 335.746 
9750, 64.2544 
9751, 236.736 
9752, 163.264 
9753, 370.222 
9754, 29.7778 
9755, 15.5815 
9756, 384.418 
9757, 35.9657 
9758, 364.034 
9759, 24.6194 
9760, 375.381 
9761, 106.134 
9762, 293.866 
9763, 81.822 
9764, 318.178 
9765, 192.734 
9766, 207.266 
9767, 10.712 
9768, 389.288 
9769, 22.1042 
9770, 377.896 
9771, 221.978 
9772, 178.022 
9773, 304.891 
9774, 95.1091 
9775, 176.078 
9776, 223.922 
9777, 399.725 
9778, 0.275189 
9779, 300.468 
9780, 99.5317 
9781, 319.685 
9782, 80.3147 
9783, 330.762 
9784, 69.2383 
9785, 351.539 
9786, 48.4606 
9787, 149.65 
9788, 250.35 
9789, 359.872 
9790, 40.1276 
9791, 375.949 
9792, 24.0509 
9793, 84.1724 
9794, 315.828 
9795, 236.336 
9796, 163.664 
9797, 188.691 
9798, 211.309 
9799, 249.321 
9800, 150.679 
9801, 131.065 
9802, 268.935 
9803, 342.108 
9804, 57.8925 
9805, 384.097 
9806, 15.9034 
9807, 61.2771 
9808, 338.723 
9809, 70.5756 
9810, 329.424 
9811, 86.0358 
9812, 313.964 
9813, 276.03 
9814, 123.97 
9815, 236.007 
9816, 163.993 
9817, 16.8388 
9818, 383.161 
9819, 194.273 
9820, 205.727 
9821, 95.8661 
9822, 304.134 
9823, 167.863 
9824, 232.137 
9825, 276.572 
9826, 123.428 
9827, 237.369 
9828, 162.631 
9829, 310.254 
9830, 89.7462 
9831, 249.551 
9832, 150.449 
9833, 175.209 
9834, 224.791 
9835, 249.322 
9836, 150.678 
9837, 310.223 
9838, 89.7768 
9839, 328.328 
9840, 71.6721 
9841, 385.989 
9842, 14.0113 
9843, 183.187 
9844, 216.813 
9845, 313.483 
9846, 86.5166 
9847, 59.9595 
9848, 340.04 
9849, 380.344 
9850, 19.6555 
9851, 275.08 
9852, 124.92 
9853, 133.463 
9854, 266.537 
9855, 148.458 
9856, 251.542 
9857, 329.924 
9858, 70.0761 
9859, 288.537 
9860, 111.463 
9861, 281.457 
9862, 118.543 
9863, 88.4539 
9864, 311.546 
9865, 121.136 
9866, 278.864 
9867, 366.698 
9868, 33.3019 
9869, 241.28 
9870, 158.72 
9871, 80.9178 
9872, 319.082 
9873, 236.263 
9874, 163.737 
9875, 101.351 
9876, 298.649 
9877, 131.586 
9878, 268.414 
9879, 143.649 
9880, 256.351 
9881, 354.59 
9882, 45.4097 
9883, 396.59 
9884, 3.41025 
9885, 397.477 
9886, 2.52281 
9887, 95.7039 
9888, 304.296 
9889, 86.4794 
9890, 313.521 
9891, 133.869 
9892, 266.131 
9893, 220.481 
9894, 179.519 
9895, 133.002 
9896, 266.998 
9897, 270.745 
9898, 129.255 
9899, 295.284 
9900, 104.716 
9901, 366.603 
9902, 33.3972 
9903, 340.235 
9904, 59.7654 
9905, 253.489 
9906, 146.511 
9907, 244.304 
9908, 155.696 
9909, 386.706 
9910, 13.2935 
9911, 193.111 
9912, 206.889 
9913, 192.98 
9914, 207.02 
9915, 257.723 
9916, 142.277 
9917, 204.538 
9918, 195.462 
9919, 259.414 
9920, 140.586 
9921, 12.1856 
9922, 387.814 
9923, 8.64067 
9924, 391.359 
9925, 241.904 
9926, 158.096 
9927, 169.508 
9928, 230.492 
9929, 251.677 
9930, 148.323 
9931, 204.418 
9932, 195.582 
9933, 32.8643 
9934, 367.136 
9935, 30.6206 
9936, 369.379 
9937, 83.0982 
9938, 316.902 
9939, 398.139 
9940, 1.86105 
9941, 336.681 
9942, 63.319 
9943, 247.457 
9944, 152.543 
9945, 335.103 
9946, 64.8966 
9947, 345.571 
9948, 54.4287 
9949, 251.062 
9950, 148.938 
9951, 283.482 
9952, 116.518 
9953, 129.003 
9954, 270.997 
9955, 133.183 
9956, 266.817 
9957, 246.221 
9958, 153.779 
9959, 132.24 
9960, 267.76 
9961, 297.195 
9962, 102.805 
9963, 178.788 
9964, 221.212 
9965, 310.948 
9966, 89.0523 
9967, 396.148 
9968, 3.85246 
9969, 97.0265 
9970, 302.974 
9971, 358.723 
9972, 41.2773 
9973, 215.942 
9974, 184.058 
9975, 115.173 
9976, 284.827 
9977, 390.093 
9978, 9.90701 
9979, 263.617 
9980, 136.383 
9981, 327.896 
9982, 72.1038 
9983, 372.211 
9984, 27.7885 
9985, 205.557 
9986, 194.443 
9987, 199.584 
9988, 200.416 
9989, 176.839 
9990, 223.161 
9991, 197.829 
9992, 202.171 
9993, 47.7104 
9994, 352.29 
9995, 98.7126 
9996, 301.287 
9997, 270.811 
9998, 129.189 
9999, 313.365 
10000, 86.6352 
10001, 86.8456 
10002, 313.154 
10003, 375.99 
10004, 24.0101 
10005, 189.896 
10006, 210.104 
10007, 229.719 
10008, 170.281 
10009, 102.543 
10010, 297.457 
10011, 118.669 
10012, 281.331 
10013, 300.817 
10014, 99.1826 
10015, 293.662 
10016, 106.338 
10017, 153.104 
10018, 246.896 
10019, 152.696 
10020, 247.304 
10021, 272.137 
10022, 127.863 
10023, 56.4225 
10024, 343.577 
10025, 133.294 
10026, 266.706 
10027, 248.248 
10028, 151.752 
10029, 288.374 
10030, 111.626 
10031, 130.701 
10032, 269.299 
10033, 138.427 
10034, 261.573 
10035, 258.167 
10036, 141.833 
10037, 54.4385 
10038, 345.561 
10039, 315.202 
10040, 84.7983 
10041, 159.234 
10042, 240.766 
10043, 54.8753 
10044, 345.125 
10045, 66.5542 
10046, 333.446 
10047, 254.79 
10048, 145.21 
10049, 327.448 
10050, 72.5517 
10051, 192.569 
10052, 207.431 
10053, 311.316 
10054, 88.6835 
10055, 357.269 
10056, 42.7312 
10057, 390.32 
10058, 9.6804 
10059, 273.546 
10060, 126.454 
10061, 133.362 
10062, 266.638 
10063, 397.742 
10064, 2.25824 
10065, 379.03 
10066, 20.97 
10067, 262.143 
10068, 137.857 
10069, 53.3909 
10070, 346.609 
10071, 89.91 
10072, 310.09 
10073, 293.313 
10074, 106.687 
10075, 116.594 
10076, 283.406 
10077, 329.727 
10078, 70.2728 
10079, 129.71 
10080, 270.29 
10081, 349.108 
10082, 50.8924 
10083, 23.6934 
10084, 376.307 
10085, 60.5535 
10086, 339.447 
10087, 165.681 
10088, 234.319 
10089, 164.205 
10090, 235.795 
10091, 186.793 
10092, 213.207 
10093, 310.027 
10094, 89.9733 
10095, 353.905 
10096, 46.0945 
10097, 85.7478 
10098, 314.252 
10099, 29.3205 
10100, 370.679 
10101, 162.427 
10102, 237.573 
10103, 152.905 
10104, 247.095 
10105, 4.00788 
10106, 395.992 
10107, 366.333 
10108, 33.6673 
10109, 340.884 
10110, 59.1161 
10111, 178.418 
10112, 221.582 
10113, 301.045 
10114, 98.9553 
10115, 204.268 
10116, 195.732 
10117, 211.969 
10118, 188.031 
10119, 62.8889 
10120, 337.111 
10121, 233.818 
10122, 166.182 
10123, 29.5004 
10124, 370.5 
10125, 27.1948 
10126, 372.805 
10127, 193.098 
10128, 206.902 
10129, 345.529 
10130, 54.4708 
10131, 136.584 
10132, 263.416 
10133, 214.934 
10134, 185.066 
10135, 113.446 
10136, 286.554 
10137, 177.027 
10138, 222.973 
10139, 217.018 
10140, 182.982 
10141, 93.718 
10142, 306.282 
10143, 201.386 
10144, 198.614 
10145, 153.892 
10146, 246.108 
10147, 278.87 
10148, 121.13 
10149, 397.095 
10150, 2.90505 
10151, 193.335 
10152, 206.665 
10153, 123.835 
10154, 276.165 
10155, 116.998 
10156, 283.002 
10157, 156.063 
10158, 243.937 
10159, 236.456 
10160, 163.544 
10161, 225.884 
10162, 174.116 
10163, 253.123 
10164, 146.877 
10165, 303.05 
10166, 96.9505 
10167, 85.4056 
10168, 314.594 
10169, 93.1046 
10170, 306.895 
10171, 158.329 
10172, 241.671 
10173, 211.94 
10174, 188.06 
10175, 392.652 
10176, 7.34788 
10177, 39.2861 
10178, 360.714 
10179, 341.494 
10180, 58.5058 
10181, 93.3204 
10182, 306.68 
10183, 49.9822 
10184, 350.018 
10185, 172.258 
10186, 227.742 
10187, 313.644 
10188, 86.3565 
10189, 305.986 
10190, 94.0142 
10191, 252.534 
10192, 147.466 
10193, 218.944 
10194, 181.056 
10195, 122.299 
10196, 277.701 
10197, 154.147 
10198, 245.853 
10199, 271.262 
10200, 128.738 
10201, 398.706 
10202, 1.29372 
10203, 152.363 
10204, 247.637 
10205, 236.638 
10206, 163.362 
10207, 86.3215 
10208, 313.678 
10209, 168.229 
10210, 231.771 
10211, 129.568 
10212, 270.432 
10213, 81.3762 
10214, 318.624 
10215, 357.378 
10216, 42.6216 
10217, 291.467 
10218, 108.533 
10219, 280.151 
10220, 119.849 
10221, 28.6884 
10222, 371.312 
10223, 28.4381 
10224, 371.562 
10225, 175.241 
10226, 224.759 
10227, 251.569 
10228, 148.431 
10229, 309.545 
10230, 90.455 
10231, 270.74 
10232, 129.26 
10233, 136.716 
10234, 263.284 
10235, 170.728 
10236, 229.272 
10237, 80.9732 
10238, 319.027 
10239, 211.44 
10240, 188.56 
10241, 260.356 
10242, 139.644 
10243, 343.659 
10244, 56.3412 
10245, 66.9214 
10246, 333.079 
10247, 2.84545 
10248, 397.155 
10249, 250.531 
10250, 149.469 
10251, 234.266 
10252, 165.734 
10253, 392.952 
10254, 7.04767 
10255, 322.439 
10256, 77.561 
10257, 347.878 
10258, 52.1217 
10259, 389.803 
10260, 10.1965 
10261, 180.219 
10262, 219.781 
10263, 271.282 
10264, 128.718 
10265, 174.961 
10266, 225.039 
10267, 137.366 
10268, 262.634 
10269, 28.1448 
10270, 371.855 
10271, 109.393 
10272, 290.607 
10273, 328.789 
10274, 71.2115 
10275, 249.442 
10276, 150.558 
10277, 350.2 
10278, 49.8001 
10279, 186.087 
10280, 213.913 
10281, 159.325 
10282, 240.675 
10283, 238.025 
10284, 161.975 
10285, 219.232 
10286, 180.768 
10287, 7.89859 
10288, 392.101 
10289, 237.155 
10290, 162.845 
10291, 168.779 
10292, 231.221 
10293, 312.282 
10294, 87.718 
10295, 352.505 
10296, 47.4954 
10297, 113.095 
10298, 286.905 
10299, 113.653 
10300, 286.347 
10301, 169.83 
10302, 230.17 
10303, 97.7912 
10304, 302.209 
10305, 159.385 
10306, 240.615 
10307, 296.76 
10308, 103.24 
10309, 128.285 
10310, 271.715 
10311, 70.4833 
10312, 329.517 
10313, 115.505 
10314, 284.495 
10315, 165.42 
10316, 234.58 
10317, 355.943 
10318, 44.0566 
10319, 391.86 
10320, 8.14005 
10321, 301.036 
10322, 98.9641 
10323, 117.764 
10324, 282.236 
10325, 155.823 
10326, 244.177 
10327, 110.001 
10328, 289.999 
10329, 6.5202 
10330, 393.48 
10331, 185.256 
10332, 214.744 
10333, 62.1414 
10334, 337.859 
10335, 21.4235 
10336, 378.576 
10337, 30.4073 
10338, 369.593 
10339, 369.627 
10340, 30.3731 
10341, 161.482 
10342, 238.518 
10343, 178.878 
10344, 221.122 
10345, 242.481 
10346, 157.519 
10347, 44.3001 
10348, 355.7 
10349, 264.283 
10350, 135.717 
10351, 258.907 
10352, 141.093 
10353, 347.187 
10354, 52.8128 
10355, 382.261 
10356, 17.7393 
10357, 73.8522 
10358, 326.148 
10359, 136.593 
10360, 263.407 
10361, 314.626 
10362, 85.3743 
10363, 335.554 
10364, 64.446 
10365, 376.84 
10366, 23.1599 
10367, 320.464 
10368, 79.5365 
10369, 242.386 
10370, 157.614 
10371, 127.698 
10372, 272.302 
10373, 8.81379 
10374, 391.186 
10375, 19.4554 
10376, 380.545 
10377, 208.553 
10378, 191.447 
10379, 29.2988 
10380, 370.701 
10381, 30.9776 
10382, 369.022 
10383, 85.7095 
10384, 314.291 
10385, 251.428 
10386, 148.572 
10387, 220.749 
10388, 179.251 
10389, 100.055 
10390, 299.945 
10391, 167.79 
10392, 232.21 
10393, 129.153 
10394, 270.847 
10395, 241.306 
10396, 158.694 
10397, 235.696 
10398, 164.304 
10399, 50.9855 
10400, 349.014 
10401, 103.354 
10402, 296.646 
10403, 65.6064 
10404, 334.394 
10405, 171.488 
10406, 228.512 
10407, 341.336 
10408, 58.664 
10409, 305.095 
10410, 94.9047 
10411, 74.9965 
10412, 325.004 
10413, 8.66928 
10414, 391.331 
10415, 224.863 
10416, 175.137 
10417, 12.3217 
10418, 387.678 
10419, 394.22 
10420, 5.78041 
10421, 30.1647 
10422, 369.835 
10423, 176.192 
10424, 223.808 
10425, 96.026 
10426, 303.974 
10427, 209.903 
10428, 190.097 
10429, 263.365 
10430, 136.635 
10431, 384.113 
10432, 15.8874 
10433, 282.117 
10434, 117.883 
10435, 387.688 
10436, 12.3123 
10437, 213.027 
10438, 186.973 
10439, 81.0904 
10440, 318.91 
10441, 91.199 
10442, 308.801 
10443, 274.443 
10444, 125.557 
10445, 295.597 
10446, 104.403 
10447, 395.59 
10448, 4.41032 
10449, 345.253 
10450, 54.7475 
10451, 359.832 
10452, 40.1683 
10453, 303.888 
10454, 96.1118 
10455, 75.4615 
10456, 324.539 
10457, 13.1343 
10458, 386.866 
10459, 145.16 
10460, 254.84 
10461, 90.7289 
10462, 309.271 
10463, 299.886 
10464, 100.114 
10465, 46.668 
10466, 353.332 
10467, 307.8 
10468, 92.2002 
10469, 147.1 
10470, 252.9 
10471, 22.8337 
10472, 377.166 
10473, 17.7867 
10474, 382.213 
10475, 171.828 
10476, 228.172 
10477, 252.552 
10478, 147.448 
10479, 291.675 
10480, 108.325 
10481, 138.624 
10482, 261.376 
10483, 72.8607 
10484, 327.139 
10485, 186.104 
10486, 213.896 
10487, 237.621 
10488, 162.379 
10489, 239.861 
10490, 160.139 
10491, 210.188 
10492, 189.812 
10493, 208.12 
10494, 191.88 
10495, 107.263 
10496, 292.737 
10497, 44.1634 
10498, 355.837 
10499, 36.1388 
10500, 363.861 
10501, 175.094 
10502, 224.906 
10503, 156.805 
10504, 243.195 
10505, 187.579 
10506, 212.421 
10507, 395.046 
10508, 4.95416 
10509, 116.867 
10510, 283.133 
10511, 279.78 
10512, 120.22 
10513, 394.781 
10514, 5.21908 
10515, 205.062 
10516, 194.938 
10517, 80.1528 
10518, 319.847 
10519, 217.812 
10520, 182.188 
10521, 339.101 
10522, 60.8987 
10523, 391.369 
10524, 8.63069 
10525, 111.499 
10526, 288.501 
10527, 369.686 
10528, 30.3136 
10529, 208.584 
10530, 191.416 
10531, 241.792 
10532, 158.208 
10533, 200.892 
10534, 199.108 
10535, 340.66 
10536, 59.3403 
10537, 333.715 
10538, 66.2851 
10539, 341.217 
10540, 58.7827 
10541, 170.762 
10542, 229.238 
10543, 236.708 
10544, 163.292 
10545, 332.014 
10546, 67.9855 
10547, 374.576 
10548, 25.4237 
10549, 327.879 
10550, 72.1213 
10551, 152.434 
10552, 247.566 
10553, 359.616 
10554, 40.3836 
10555, 120.107 
10556, 279.893 
10557, 145.332 
10558, 254.668 
10559, 31.0701 
10560, 368.93 
10561, 272.642 
10562, 127.358 
10563, 122.303 
10564, 277.697 
10565, 259.347 
10566, 140.653 
10567, 179.184 
10568, 220.816 
10569, 163.613 
10570, 236.387 
10571, 216.627 
10572, 183.373 
10573, 170.654 
10574, 229.346 
10575, 329.94 
10576, 70.0597 
10577, 152.535 
10578, 247.465 
10579, 265.543 
10580, 134.457 
10581, 111.751 
10582, 288.249 
10583, 331.105 
10584, 68.895 
10585, 124.17 
10586, 275.83 
10587, 271.193 
10588, 128.807 
10589, 107.414 
10590, 292.586 
10591, 84.2273 
10592, 315.773 
10593, 358.575 
10594, 41.4248 
10595, 9.73225 
10596, 390.268 
10597, 25.1263 
10598, 374.874 
10599, 244.392 
10600, 155.608 
10601, 130.102 
10602, 269.898 
10603, 179.916 
10604, 220.084 
10605, 144.364 
10606, 255.636 
10607, 369.243 
10608, 30.7572 
10609, 83.6425 
10610, 316.357 
10611, 186.95 
10612, 213.05 
10613, 139.353 
10614, 260.647 
10615, 357.653 
10616, 42.3466 
10617, 126.342 
10618, 273.658 
10619, 235.567 
10620, 164.433 
10621, 111.616 
10622, 288.384 
10623, 233.603 
10624, 166.397 
10625, 396.386 
10626, 3.61437 
10627, 87.7806 
10628, 312.219 
10629, 370.951 
10630, 29.049 
10631, 67.2784 
10632, 332.722 
10633, 248.493 
10634, 151.507 
10635, 6.88061 
10636, 393.119 
10637, 80.1904 
10638, 319.81 
10639, 347.03 
10640, 52.9701 
10641, 177.225 
10642, 222.775 
10643, 31.9404 
10644, 368.06 
10645, 43.1294 
10646, 356.871 
10647, 32.7686 
10648, 367.231 
10649, 141.96 
10650, 258.04 
10651, 271.465 
10652, 128.535 
10653, 33.494 
10654, 366.506 
10655, 8.12738 
10656, 391.873 
10657, 11.4338 
10658, 388.566 
10659, 353.206 
10660, 46.794 
10661, 259.196 
10662, 140.804 
10663, 91.9391 
10664, 308.061 
10665, 125.713 
10666, 274.287 
10667, 98.3349 
10668, 301.665 
10669, 310.49 
10670, 89.5101 
10671, 153.865 
10672, 246.135 
10673, 325.581 
10674, 74.4194 
10675, 120.198 
10676, 279.802 
10677, 48.0805 
10678, 351.92 
10679, 26.7232 
10680, 373.277 
10681, 46.7872 
10682, 353.213 
10683, 175.725 
10684, 224.275 
10685, 201.772 
10686, 198.228 
10687, 379.965 
10688, 20.035 
10689, 367.037 
10690, 32.9626 
10691, 245.319 
10692, 154.681 
10693, 60.0984 
10694, 339.902 
10695, 135.352 
10696, 264.648 
10697, 140.618 
10698, 259.382 
10699, 133.829 
10700, 266.171 
10701, 318.178 
10702, 81.8216 
10703, 338.576 
10704, 61.424 
10705, 235.274 
10706, 164.726 
10707, 383.757 
10708, 16.2431 
10709, 216.659 
10710, 183.341 
10711, 74.3406 
10712, 325.659 
10713, 65.6722 
10714, 334.328 
10715, 27.8605 
10716, 372.14 
10717, 261.027 
10718, 138.973 
10719, 314.139 
10720, 85.8608 
10721, 245.228 
10722, 154.772 
10723, 101.942 
10724, 298.058 
10725, 291.911 
10726, 108.089 
10727, 175.523 
10728, 224.477 
10729, 347.08 
10730, 52.9196 
10731, 347.213 
10732, 52.7873 
10733, 347.586 
10734, 52.4136 
10735, 204.112 
10736, 195.888 
10737, 87.8076 
10738, 312.192 
10739, 280.251 
10740, 119.749 
10741, 339.781 
10742, 60.2189 
10743, 42.1788 
10744, 357.821 
10745, 373.672 
10746, 26.3283 
10747, 290.616 
10748, 109.384 
10749, 256.8 
10750, 143.2 
10751, 65.7379 
10752, 334.262 
10753, 77.8049 
10754, 322.195 
10755, 70.1623 
10756, 329.838 
10757, 60.9901 
10758, 339.01 
10759, 248.487 
10760, 151.513 
10761, 61.3699 
10762, 338.63 
10763, 225.594 
10764, 174.406 
10765, 363.32 
10766, 36.6799 
10767, 191.061 
10768, 208.939 
10769, 206.659 
10770, 193.341 
10771, 246.285 
10772, 153.715 
10773, 335.274 
10774, 64.7263 
10775, 143.022 
10776, 256.978 
10777, 70.3855 
10778, 329.614 
10779, 29.0949 
10780, 370.905 
10781, 96.9278 
10782, 303.072 
10783, 39.5162 
10784, 360.484 
10785, 260.924 
10786, 139.076 
10787, 277.729 
10788, 122.271 
10789, 373.533 
10790, 26.4667 
10791, 273.96 
10792, 126.04 
10793, 181.443 
10794, 218.557 
10795, 20.5581 
10796, 379.442 
10797, 192.334 
10798, 207.666 
10799, 237.867 
10800, 162.133 
10801, 272.137 
10802, 127.863 
10803, 88.2324 
10804, 311.768 
10805, 77.267 
10806, 322.733 
10807, 60.6792 
10808, 339.321 
10809, 59.9015 
10810, 340.099 
10811, 140.208 
10812, 259.792 
10813, 13.3103 
10814, 386.69 
10815, 273.752 
10816, 126.248 
10817, 269.96 
10818, 130.04 
10819, 266.066 
10820, 133.934 
10821, 206.746 
10822, 193.254 
10823, 145.548 
10824, 254.452 
10825, 332.356 
10826, 67.6439 
10827, 201.326 
10828, 198.674 
10829, 352.618 
10830, 47.3825 
10831, 138.307 
10832, 261.693 
10833, 278.017 
10834, 121.983 
10835, 163.153 
10836, 236.847 
10837, 372.935 
10838, 27.065 
10839, 87.4412 
10840, 312.559 
10841, 98.0695 
10842, 301.93 
10843, 204.992 
10844, 195.008 
10845, 366.626 
10846, 33.3738 
10847, 368.96 
10848, 31.0398 
10849, 234.464 
10850, 165.536 
10851, 215.161 
10852, 184.839 
10853, 389.259 
10854, 10.7407 
10855, 350.013 
10856, 49.9868 
10857, 246.415 
10858, 153.585 
10859, 319.928 
10860, 80.0718 
