$nodes
1, 7.2534089e-01, 9.8698664e-01, 4.6217022e-01 
2, 9.0633874e-01, 3.2450595e-01, 4.0160427e-01 
3, 4.1172804e-01, 7.7986827e-01, 5.4149725e-01 
4, 8.5699576e-01, 9.8329712e-01, 9.2192251e-01 
5, 2.6894419e-01, 5.8625386e-02, 6.3718373e-01 
6, 1.8442965e-02, 2.1559965e-01, 7.5887001e-01 
7, 8.5510074e-02, 8.1708615e-01, 5.0114691e-02 
8, 7.3609798e-01, 7.0737027e-02, 8.5562246e-01 
9, 5.5107306e-01, 3.5138208e-01, 4.8276854e-01 
10, 4.7404623e-01, 8.0180790e-01, 1.3286867e-01 
11, 3.9250774e-01, 1.6545837e-01, 8.5114906e-01 
12, 5.7017069e-01, 2.7904400e-01, 3.3009842e-01 
13, 1.4144094e-01, 4.1591919e-01, 1.5121596e-01 
14, 8.4319586e-02, 1.8429035e-01, 7.8378154e-01 
15, 5.3367035e-01, 1.6836723e-01, 9.5111505e-01 
16, 7.5583488e-01, 9.7084494e-01, 8.5090703e-01 
17, 9.8724473e-02, 9.8087814e-03, 3.0429571e-01 
18, 7.0546479e-01, 3.5228704e-01, 1.3437665e-02 
19, 1.8673142e-01, 5.9508386e-01, 7.6415908e-01 
20, 1.5140075e-01, 3.2943320e-02, 8.0841970e-01 
21, 1.6428129e-01, 9.3105321e-01, 9.1839516e-01 
22, 8.8175606e-01, 9.7979841e-01, 4.4294530e-01 
23, 7.0984473e-01, 9.6172449e-01, 8.5828517e-01 
24, 7.7463846e-01, 8.1301849e-04, 2.4736470e-01 
25, 7.7399170e-01, 9.3990938e-01, 2.5964569e-01 
26, 5.3054463e-01, 5.4944261e-01, 8.7724171e-01 
27, 7.2549499e-01, 5.8510747e-01, 3.6833992e-01 
28, 7.3101264e-01, 3.7315818e-01, 2.5726739e-01 
29, 4.7976677e-01, 2.9166256e-01, 5.6245330e-01 
30, 3.2832390e-02, 1.8575772e-01, 6.3524041e-01 
31, 1.9375530e-01, 1.7402368e-01, 5.2606085e-01 
32, 3.2717058e-01, 5.9279627e-01, 6.9864977e-01 
33, 1.1365494e-01, 1.6665091e-01, 7.5079664e-01 
34, 5.0718692e-01, 6.0860080e-01, 8.8825883e-01 
35, 8.9497676e-01, 4.5006045e-01, 1.4734454e-01 
36, 1.8620053e-01, 2.0630841e-02, 3.2171328e-01 
37, 7.9407375e-01, 6.6757081e-01, 2.8637359e-01 
38, 2.7711793e-01, 5.9395233e-01, 8.4411768e-01 
39, 1.0901350e-01, 3.0369723e-01, 4.8920762e-01 
40, 3.1891217e-01, 7.3525673e-01, 5.5410311e-01 
41, 2.6603504e-01, 3.5901680e-01, 3.9982529e-01 
42, 9.8265514e-01, 1.0508615e-01, 2.1293253e-01 
43, 5.3526596e-01, 7.9075366e-01, 9.0253049e-01 
44, 7.5520259e-01, 2.8577223e-01, 7.8400964e-01 
45, 1.4133056e-01, 1.9627053e-01, 6.7909468e-01 
46, 2.7681956e-01, 4.9473398e-01, 6.2949909e-01 
47, 3.2876208e-01, 5.6882508e-01, 5.8794925e-02 
48, 1.7431005e-01, 9.2658723e-01, 1.0905052e-01 
49, 8.3322882e-01, 8.2614045e-01, 8.8037386e-01 
50, 9.5553701e-01, 3.7486507e-03, 4.5796212e-02 
51, 5.5914716e-01, 6.8391195e-01, 6.6286816e-01 
52, 9.6865449e-01, 5.8900764e-02, 8.5594028e-01 
53, 8.2913985e-02, 1.6024699e-01, 6.7084393e-01 
54, 3.7065270e-01, 3.0189696e-01, 3.5703528e-01 
55, 5.2963622e-01, 8.7316918e-01, 2.8264041e-02 
56, 2.8073871e-01, 1.6498538e-01, 6.8508685e-01 
57, 6.5453690e-02, 1.9131870e-01, 1.7333722e-01 
58, 8.8373958e-01, 4.2941143e-01, 1.0451222e-01 
59, 2.7879003e-01, 8.8286217e-01, 9.5821836e-01 
60, 9.5246109e-01, 9.2015933e-01, 5.3049885e-01 
61, 6.7822265e-01, 1.2900587e-01, 7.9546222e-01 
62, 5.0763286e-01, 5.6314067e-01, 2.5234172e-01 
63, 3.5188849e-01, 2.9066026e-01, 7.5543426e-01 
64, 2.7650954e-01, 3.5486308e-02, 4.3017864e-01 
65, 5.5802319e-01, 8.2022761e-02, 9.2812180e-01 
66, 5.9692078e-01, 9.6996247e-01, 7.6123160e-01 
67, 4.4357109e-03, 2.1924450e-02, 4.0395021e-01 
68, 8.3866154e-01, 4.1960036e-01, 8.1499448e-01 
69, 4.2996161e-02, 5.3498791e-01, 5.6024628e-01 
70, 9.5218742e-01, 1.6869214e-01, 2.2516377e-01 
71, 7.5011875e-01, 5.0083991e-01, 2.4520058e-01 
72, 1.6818064e-01, 6.9409089e-01, 9.1679128e-01 
73, 9.7811806e-01, 6.3313968e-01, 4.1314955e-01 
74, 3.6858428e-01, 5.4884263e-01, 2.4092665e-01 
75, 8.7946354e-01, 9.5552351e-01, 5.4897302e-01 
76, 2.9373726e-02, 9.1738478e-01, 8.0938299e-01 
77, 6.8311968e-01, 7.9528506e-01, 3.5182109e-01 
78, 8.9470641e-01, 9.9129298e-01, 8.8400384e-01 
79, 9.4299506e-01, 8.1901762e-01, 2.9150327e-01 
80, 5.2895077e-01, 9.6121148e-01, 5.6154104e-02 
81, 7.3449641e-01, 5.3207344e-01, 8.2047221e-01 
82, 8.4121058e-01, 9.7777623e-01, 8.9090602e-01 
83, 5.7670912e-01, 5.6450155e-02, 4.1325225e-01 
84, 2.6314241e-01, 5.3691128e-02, 9.2467709e-01 
85, 7.8704238e-01, 7.4449313e-01, 5.5505393e-01 
86, 2.3199985e-01, 6.2274649e-01, 9.7521572e-01 
87, 2.0930015e-01, 3.6325100e-01, 9.4013279e-01 
88, 1.4245213e-01, 3.2847861e-01, 5.3131396e-01 
89, 8.4336226e-01, 5.1491208e-01, 5.8540963e-01 
90, 3.1316603e-01, 7.3536931e-01, 7.3847268e-01 
91, 6.2373270e-01, 2.3002249e-01, 2.0531065e-01 
92, 2.1442224e-01, 9.2039442e-01, 4.6938826e-01 
93, 8.2898431e-01, 2.9314856e-01, 9.9201607e-01 
94, 9.9450249e-01, 9.2468302e-01, 7.0412873e-02 
95, 3.8102720e-02, 2.2142348e-01, 4.2890879e-01 
96, 6.6008725e-01, 3.1202579e-01, 7.5811998e-01 
97, 3.0979952e-01, 6.6318079e-01, 5.9798186e-01 
98, 8.1660409e-01, 2.1820680e-01, 7.5016290e-01 
99, 4.7129474e-01, 9.0077843e-01, 9.0098017e-01 
100, 9.9408910e-01, 6.4253304e-01, 7.6667102e-02 
101, 8.6393779e-01, 7.4776634e-01, 7.6911728e-01 
102, 3.9008976e-01, 5.1953340e-01, 6.7407345e-01 
103, 5.1134894e-01, 9.5600288e-01, 4.4446845e-01 
104, 3.3320096e-01, 1.9623964e-01, 5.8501003e-01 
105, 9.0407536e-01, 5.6241842e-01, 9.5456808e-01 
106, 8.3899058e-01, 5.6940579e-01, 3.0383129e-01 
107, 8.2637283e-02, 4.4772895e-01, 6.2999184e-02 
108, 3.1964918e-01, 9.3236328e-01, 7.5950790e-01 
109, 8.7694884e-01, 2.7147248e-01, 2.2446740e-01 
110, 7.9408068e-01, 6.3836891e-01, 2.2338645e-03 
111, 3.0160416e-01, 1.8346685e-02, 9.6637356e-01 
112, 8.9791889e-02, 9.6664588e-02, 8.9407219e-01 
113, 6.2790243e-01, 7.8091205e-01, 5.7508374e-01 
114, 8.0848291e-01, 4.4819979e-01, 4.0701620e-02 
115, 3.0065813e-02, 5.3649276e-01, 1.0666703e-01 
116, 2.3201427e-01, 6.1743490e-03, 6.9524104e-01 
117, 9.3211222e-01, 3.5330083e-01, 2.2106228e-01 
118, 6.1063385e-01, 5.4542077e-01, 7.7166884e-01 
119, 9.0352095e-01, 9.6062216e-02, 6.8108238e-01 
120, 2.2368819e-01, 1.6337634e-01, 8.8256523e-01 
121, 5.7867819e-01, 7.8018430e-01, 5.4920490e-01 
122, 7.7223670e-01, 8.7676405e-01, 7.7581854e-01 
123, 3.7731745e-01, 1.2514094e-01, 9.6524863e-01 
124, 3.7681645e-01, 7.9166054e-01, 6.5014600e-01 
125, 5.9680043e-01, 1.6021571e-01, 3.0706620e-01 
126, 6.6130411e-01, 7.5975147e-01, 3.8796573e-01 
127, 5.7564833e-01, 1.7074826e-01, 8.5399848e-01 
128, 6.6688646e-01, 4.8722494e-01, 1.3658521e-01 
129, 6.0207424e-01, 2.0236887e-01, 6.3143055e-01 
130, 4.6895936e-01, 5.5538006e-01, 9.2313707e-01 
131, 7.1302761e-01, 3.2249532e-01, 8.1726043e-01 
132, 2.0785750e-01, 6.4498294e-01, 2.7613378e-01 
133, 4.2163851e-01, 3.7229721e-01, 9.4137443e-01 
134, 4.3649315e-01, 7.1769961e-01, 5.0508981e-01 
135, 4.9620827e-01, 6.4531013e-01, 9.5363695e-02 
136, 3.0515209e-01, 3.7469091e-01, 3.4159144e-01 
137, 6.6910417e-01, 1.6723352e-01, 8.9748237e-01 
138, 7.6460671e-01, 4.0063909e-01, 6.7067494e-01 
139, 8.4395707e-01, 1.5537033e-01, 7.4438742e-01 
140, 3.0840766e-01, 9.9336979e-01, 7.9337473e-01 
141, 6.2392286e-04, 1.3286344e-01, 3.3187703e-01 
142, 1.9989616e-01, 1.9026975e-01, 4.9577481e-01 
143, 4.5237144e-01, 4.2227454e-02, 7.9037228e-01 
144, 6.6991407e-01, 6.9576813e-01, 3.5778786e-01 
145, 8.4858356e-01, 4.7581901e-01, 1.2982185e-01 
146, 6.4278490e-01, 4.6978479e-01, 1.8300393e-01 
147, 8.4358197e-01, 3.0900264e-01, 5.7078744e-01 
148, 8.5747708e-01, 8.8063165e-01, 3.9282860e-01 
149, 6.1229842e-01, 1.1108458e-02, 9.8675507e-01 
150, 7.9260292e-01, 3.2621576e-02, 4.0508438e-01 
151, 1.0985353e-02, 9.5709545e-01, 9.7180191e-01 
152, 7.6989236e-01, 6.2583926e-01, 6.9474968e-01 
153, 3.4854510e-01, 5.9509239e-02, 4.8780969e-01 
154, 5.9890977e-01, 2.0464764e-01, 1.6761227e-02 
155, 1.3658760e-01, 8.9767841e-01, 1.2698221e-01 
156, 5.5786904e-01, 1.8055361e-01, 4.0812311e-02 
157, 6.9707689e-01, 9.3190613e-01, 1.5281676e-03 
158, 5.5872797e-01, 5.3870213e-01, 9.4518771e-01 
159, 7.0006413e-01, 8.1532190e-01, 9.8077950e-01 
160, 1.0064674e-01, 8.3503735e-01, 9.1691191e-01 
161, 2.4635884e-01, 8.8713016e-01, 8.1633350e-02 
162, 7.7907406e-01, 3.7215225e-01, 6.3564246e-02 
163, 9.2483061e-01, 9.3675758e-02, 1.8783581e-01 
164, 5.1411214e-01, 7.8513601e-01, 1.9472013e-01 
165, 2.8031584e-01, 5.7392277e-01, 1.9268715e-01 
166, 8.5420963e-02, 2.0509720e-01, 2.7779488e-01 
167, 2.5610237e-01, 4.8596572e-01, 9.9291305e-02 
168, 5.9702250e-01, 3.0981377e-01, 5.1152493e-02 
169, 7.4748263e-01, 6.1220135e-01, 6.4408367e-01 
170, 2.4101032e-01, 2.0626387e-01, 8.8952577e-01 
171, 2.6812875e-01, 9.4822379e-01, 1.0356323e-02 
172, 8.1412195e-01, 1.6838807e-01, 6.0113640e-01 
173, 6.3667951e-01, 4.4044586e-01, 5.7278556e-01 
174, 6.2119751e-01, 9.9233057e-01, 4.8911795e-01 
175, 9.1196560e-01, 2.2853932e-01, 8.0548289e-01 
176, 3.6819279e-01, 2.8941717e-01, 5.2829142e-01 
177, 4.8287605e-01, 3.4608044e-01, 9.9404370e-01 
178, 8.1779892e-01, 3.7544983e-01, 5.3081793e-01 
179, 3.9180453e-01, 4.5288443e-01, 6.4340177e-01 
180, 4.5845884e-01, 4.8803762e-01, 2.5574661e-01 
181, 2.8946238e-01, 3.5678137e-02, 9.2874650e-01 
182, 6.7214092e-02, 5.2298745e-01, 3.6094478e-01 
183, 5.9084094e-01, 6.1604527e-01, 1.4993449e-01 
184, 4.1402679e-01, 5.5897917e-01, 7.5665077e-01 
185, 6.5531383e-01, 1.6526759e-01, 8.6903152e-01 
186, 9.2811100e-01, 4.1852322e-01, 7.7131976e-01 
187, 6.9115775e-01, 9.7871256e-01, 9.6490374e-01 
188, 1.9832360e-01, 9.4118066e-02, 1.4689279e-01 
189, 2.5247776e-02, 3.3114977e-03, 9.0097222e-01 
190, 3.5790463e-01, 3.8800424e-01, 9.1437305e-04 
191, 9.3079424e-01, 2.7911306e-01, 6.6614703e-01 
192, 5.9214805e-01, 8.0875107e-01, 5.7081941e-01 
193, 5.0871811e-02, 7.9188262e-01, 3.8811615e-01 
194, 6.7069621e-02, 8.0296714e-01, 7.2931662e-01 
195, 3.6870053e-01, 8.2077011e-01, 5.1859610e-01 
196, 4.4753655e-01, 7.6678066e-01, 6.1244598e-01 
197, 5.8589760e-01, 8.7923351e-01, 1.1730327e-01 
198, 8.2576120e-01, 7.8102103e-01, 1.6166004e-01 
199, 7.9015802e-01, 8.7656621e-01, 6.6837407e-01 
200, 1.8673608e-01, 9.4465095e-01, 8.1750977e-01 
201, 3.0509375e-01, 4.6768563e-01, 3.8437393e-01 
202, 3.5657280e-02, 9.5618945e-01, 5.3496616e-02 
203, 2.3563197e-01, 4.7447211e-01, 4.8479899e-01 
204, 4.1541660e-01, 4.2818905e-01, 1.5074506e-01 
205, 9.2263463e-01, 1.6789373e-01, 7.1392204e-01 
206, 7.2983479e-02, 2.2124884e-01, 1.2795119e-01 
207, 7.4548612e-01, 1.6947714e-02, 1.9342000e-01 
208, 2.5261205e-01, 3.6210209e-01, 9.6033952e-01 
209, 8.7190856e-02, 9.4671820e-01, 6.2209036e-01 
210, 1.8942094e-01, 5.3520537e-01, 9.3812741e-01 
211, 8.1460648e-01, 5.0221358e-01, 9.7083129e-01 
212, 4.0006858e-01, 7.1269496e-01, 4.6051444e-01 
213, 7.3625676e-01, 7.4921950e-01, 2.5608640e-01 
214, 2.7426109e-01, 9.8063037e-01, 3.5752317e-01 
215, 7.2632196e-01, 2.4986072e-01, 9.7312209e-01 
216, 2.2832271e-01, 3.0924366e-01, 2.5586322e-01 
217, 8.0563185e-01, 9.2216095e-03, 7.6073768e-01 
218, 5.4223670e-01, 7.3685259e-01, 1.2453439e-01 
219, 9.7998006e-01, 5.7394212e-01, 5.7064106e-01 
220, 6.4781523e-01, 1.6697582e-01, 3.7252207e-01 
221, 1.9404745e-01, 3.4360075e-01, 7.8326956e-01 
222, 6.7375568e-01, 5.8294364e-01, 6.4022977e-01 
223, 9.6466152e-01, 2.9811706e-01, 4.8335847e-01 
224, 1.6265428e-01, 5.9538846e-01, 2.1396335e-01 
225, 1.3761667e-01, 9.9096112e-01, 1.1033502e-01 
226, 2.2561528e-01, 6.7576010e-01, 5.2308222e-01 
227, 7.9001526e-01, 3.7025191e-02, 5.7097250e-01 
228, 6.9548810e-01, 5.7412164e-01, 7.1647949e-01 
229, 6.0847446e-01, 4.3920035e-01, 9.8405138e-01 
230, 6.0242947e-01, 5.5316839e-01, 1.9298582e-02 
231, 4.7325951e-01, 3.2086419e-03, 1.8281510e-01 
232, 9.0117066e-01, 8.5469857e-01, 7.3080223e-01 
233, 1.2096936e-01, 9.0445156e-01, 6.0235921e-01 
234, 2.2355962e-01, 2.7032322e-01, 1.0412769e-01 
235, 8.1467376e-01, 1.0896288e-01, 4.0647814e-01 
236, 6.3526489e-01, 3.1368034e-01, 4.2935918e-01 
237, 8.3295853e-01, 6.7611324e-01, 2.6404543e-01 
238, 9.9677764e-01, 6.9545969e-01, 8.7668129e-01 
239, 2.5061879e-01, 4.3285293e-01, 8.4942292e-01 
240, 5.3872771e-01, 1.8501511e-02, 8.0761141e-01 
241, 7.6056557e-01, 6.7814164e-01, 4.4121063e-02 
242, 2.8624143e-01, 6.7670777e-01, 9.9546046e-01 
243, 7.5884026e-01, 6.9728827e-01, 1.2347969e-01 
244, 6.0122171e-01, 3.8613015e-01, 9.9346867e-01 
245, 9.9095063e-01, 1.2642503e-01, 9.8771423e-01 
246, 2.0454186e-01, 9.0147487e-01, 7.4324898e-01 
247, 6.8584871e-01, 2.8985441e-01, 2.6508237e-01 
248, 5.8675613e-02, 9.1451038e-01, 5.9926435e-01 
249, 9.8855155e-01, 6.7089251e-03, 3.5625122e-01 
250, 6.1155689e-01, 4.0513006e-01, 3.2911584e-01 
251, 7.6589330e-01, 1.4896016e-01, 5.3810664e-01 
252, 9.6272253e-01, 3.9644271e-01, 7.2643487e-01 
253, 6.9286722e-01, 1.3682111e-01, 2.9282460e-01 
254, 8.8999589e-01, 7.0876748e-01, 2.8908410e-01 
255, 1.2348573e-01, 2.9057733e-01, 3.5625164e-01 
256, 1.5506158e-01, 9.9014455e-01, 5.7788826e-01 
257, 5.5884833e-01, 7.0244087e-01, 5.7098690e-01 
258, 4.4534778e-01, 8.3557389e-01, 6.0115069e-01 
259, 7.0323027e-01, 8.8758482e-01, 9.9852338e-01 
260, 5.4936545e-01, 8.9383000e-01, 3.6858694e-01 
261, 8.7783647e-01, 5.1154539e-01, 1.0157696e-01 
262, 8.9104317e-01, 5.1821651e-01, 9.3654217e-01 
263, 7.9268945e-01, 1.0019524e-01, 8.5044648e-01 
264, 5.0618760e-01, 9.2173400e-01, 3.9842461e-01 
265, 1.5591526e-01, 1.2308850e-01, 5.6147467e-01 
266, 1.1020040e-01, 9.2307411e-02, 5.1874860e-01 
267, 3.6304593e-01, 7.8783270e-01, 2.7474181e-01 
268, 7.1583248e-01, 4.4363764e-01, 7.5305222e-01 
269, 6.3681672e-01, 3.0938105e-01, 1.4839109e-01 
270, 4.9707170e-01, 3.5584680e-01, 3.1508760e-01 
271, 8.9458897e-01, 9.2248615e-01, 7.7064162e-01 
272, 4.9928566e-01, 7.9247310e-01, 7.1013511e-01 
273, 1.3651268e-01, 4.4586927e-01, 2.8305359e-01 
274, 4.0138107e-01, 7.7510217e-01, 3.3064716e-01 
275, 2.2833523e-01, 5.8432534e-01, 5.0058274e-01 
276, 1.5407600e-01, 8.6078689e-01, 9.0291335e-01 
277, 7.8294708e-01, 4.2254938e-01, 5.8600714e-01 
278, 2.7641882e-01, 1.6073457e-01, 4.7603451e-01 
279, 6.6096431e-01, 8.5279778e-02, 2.7957903e-01 
280, 1.5613868e-01, 8.7047579e-01, 3.9072771e-01 
281, 6.3226563e-01, 8.0647545e-01, 3.1873277e-01 
282, 7.8164046e-01, 7.9707051e-02, 9.4327911e-01 
283, 6.9872344e-01, 4.0931106e-01, 9.5043355e-01 
284, 6.9843597e-01, 8.9594677e-01, 4.2485732e-01 
285, 7.5970725e-01, 1.8681880e-01, 3.1800929e-01 
286, 3.4840105e-01, 3.3261444e-01, 8.7539221e-01 
287, 2.4013926e-01, 2.9099299e-01, 4.7015039e-01 
288, 6.1265806e-01, 5.5678135e-01, 2.9520609e-01 
289, 5.1979295e-02, 2.3999776e-01, 5.3873503e-01 
290, 6.0879209e-01, 7.2800918e-01, 6.3485935e-02 
291, 8.8464867e-01, 4.1331859e-01, 4.6279420e-01 
292, 6.2957267e-01, 8.7450057e-01, 2.0262195e-01 
293, 6.9290210e-01, 5.5066230e-01, 5.7769514e-02 
294, 3.7345477e-01, 5.7253775e-01, 1.4805456e-02 
295, 2.3246874e-01, 5.2887657e-01, 8.7777305e-02 
296, 6.5214162e-01, 7.0091355e-01, 3.2773261e-01 
297, 9.4367316e-01, 3.4728561e-02, 4.9768961e-01 
298, 1.6203943e-01, 7.2698233e-01, 2.1997090e-01 
299, 4.4083063e-01, 2.3588441e-01, 9.8369552e-01 
300, 4.0301414e-01, 1.3248476e-01, 3.2177099e-02 
301, 8.5291194e-02, 5.9224445e-01, 4.1881640e-01 
302, 2.2532059e-01, 9.9747657e-01, 3.0683067e-01 
303, 8.3736603e-01, 1.9797536e-01, 8.3503464e-01 
304, 9.2827022e-01, 5.0579483e-01, 9.4706583e-01 
305, 5.0885412e-01, 7.6656531e-01, 3.1005708e-03 
306, 7.6483670e-01, 2.2550099e-01, 6.7634590e-01 
307, 8.6781827e-01, 3.1241496e-01, 7.8169439e-02 
308, 3.7403356e-01, 1.2797066e-01, 4.5498654e-01 
309, 4.5398866e-01, 6.8062365e-01, 4.5109465e-01 
310, 6.5471117e-01, 1.1860869e-01, 9.1190939e-01 
311, 6.7259252e-01, 3.7694620e-01, 3.0358861e-01 
312, 3.1231942e-01, 4.4547295e-02, 2.5845300e-01 
313, 3.2836404e-01, 7.1804440e-01, 2.4853594e-01 
314, 8.0487689e-01, 6.9555319e-01, 6.6833964e-01 
315, 2.0642401e-01, 2.1434516e-01, 8.3743012e-01 
316, 6.1903265e-02, 4.3818475e-02, 9.9949347e-01 
317, 7.0887904e-01, 6.1337642e-01, 8.7423539e-01 
318, 4.7950509e-02, 6.0024203e-02, 8.5914438e-01 
319, 3.7287160e-01, 5.8865296e-01, 8.7531358e-01 
320, 7.0250889e-01, 5.0309067e-01, 7.5478332e-01 
321, 3.4362430e-02, 8.4948543e-01, 5.3644496e-01 
322, 3.4986489e-01, 5.6914279e-01, 2.0073869e-01 
323, 8.0163660e-01, 7.7369029e-01, 6.4366388e-01 
324, 8.6682803e-01, 8.5317063e-01, 2.3961320e-01 
325, 1.5108677e-01, 6.9427173e-01, 2.4991640e-01 
326, 5.2751529e-01, 5.0415791e-01, 3.0213668e-02 
327, 2.2878182e-01, 6.7515920e-01, 4.0898236e-01 
328, 5.7628200e-02, 5.9683804e-01, 4.8473907e-01 
329, 8.2356060e-01, 6.4850326e-01, 8.1680586e-02 
330, 5.8492432e-01, 2.1991021e-01, 5.3425679e-01 
331, 4.6150174e-02, 7.9513092e-01, 2.6514633e-01 
332, 2.5166959e-01, 7.9371591e-01, 3.9641079e-01 
333, 1.7018905e-01, 6.5908536e-01, 7.1357722e-01 
334, 8.7053765e-01, 2.7284228e-01, 4.2694337e-01 
335, 4.2335214e-01, 2.9830765e-01, 9.2490199e-01 
336, 9.3258634e-01, 4.9944731e-01, 2.9323820e-01 
337, 5.6840212e-01, 3.5611333e-02, 5.8599005e-01 
338, 3.5889513e-01, 7.9151592e-01, 7.8134510e-01 
339, 1.7490177e-01, 4.0893303e-01, 6.5100080e-01 
340, 9.3763118e-02, 8.7996521e-01, 8.8422874e-01 
341, 8.2807792e-01, 2.9288671e-01, 3.9973090e-01 
342, 2.6429001e-01, 7.3606847e-01, 1.8222747e-01 
343, 5.6210289e-01, 8.4899176e-01, 5.2781038e-01 
344, 1.3130207e-01, 3.8293157e-01, 1.3603319e-01 
345, 1.8286564e-01, 8.7419729e-01, 5.1536945e-01 
346, 8.2175702e-01, 2.3033865e-01, 6.6874093e-02 
347, 8.8487973e-01, 3.1184587e-01, 8.5855601e-01 
348, 3.8739413e-01, 3.3083458e-01, 1.2617044e-01 
349, 7.4914295e-01, 5.3465478e-01, 2.2697436e-01 
350, 6.6691157e-01, 8.2945717e-01, 2.8044096e-02 
351, 2.3787386e-01, 9.3606835e-01, 5.6253012e-01 
352, 3.0902899e-01, 8.3475275e-01, 4.3362550e-01 
353, 9.7800589e-01, 4.6206963e-02, 5.2640373e-01 
354, 9.4870920e-01, 5.1236279e-01, 5.8410476e-01 
355, 3.1686634e-01, 8.8755681e-01, 6.0813497e-01 
356, 1.9866671e-01, 8.4665508e-01, 7.8796082e-01 
357, 6.7827738e-02, 3.6061671e-01, 2.4569745e-01 
358, 6.9442821e-01, 6.3263036e-01, 5.2096428e-01 
359, 6.6065079e-01, 1.6667573e-01, 5.5033428e-01 
360, 5.8577276e-02, 7.5470037e-01, 9.5556634e-01 
361, 1.6091427e-01, 4.3814793e-01, 1.0066948e-01 
362, 7.9204910e-01, 7.9946636e-01, 5.5023915e-01 
363, 3.2109365e-01, 8.2277009e-01, 9.0299762e-01 
364, 8.9206475e-01, 3.5867038e-01, 6.5645353e-01 
365, 7.1713223e-01, 7.5901342e-01, 1.9336530e-01 
366, 3.5332940e-01, 5.2755478e-01, 9.1696887e-01 
367, 7.9871182e-01, 6.8938640e-01, 7.9064780e-02 
368, 9.5892375e-01, 6.0329251e-01, 7.6606507e-01 
369, 4.6770801e-01, 4.3335855e-02, 7.3135818e-01 
370, 8.1056876e-01, 9.9256042e-01, 9.8488520e-01 
371, 3.4946856e-01, 5.8374358e-01, 9.8374426e-02 
372, 9.3853810e-01, 2.2798338e-01, 3.7666089e-01 
373, 7.7278371e-01, 4.3476689e-01, 3.1870549e-01 
374, 2.8474314e-01, 2.3051264e-01, 2.3296486e-02 
375, 9.6502260e-01, 3.5097104e-01, 3.9830107e-01 
376, 8.5054542e-01, 2.3018507e-01, 2.4873853e-01 
377, 5.0642722e-01, 8.3813973e-01, 2.3367553e-01 
378, 9.7393638e-01, 7.1024778e-01, 1.2706713e-01 
379, 6.8338856e-02, 1.1617633e-01, 9.7786516e-01 
380, 9.2149149e-01, 9.2295078e-01, 2.4472379e-01 
381, 7.4131598e-01, 7.0936977e-01, 6.3852162e-01 
382, 7.9813829e-01, 3.5000958e-01, 4.8584909e-01 
383, 2.0405051e-01, 5.3778488e-01, 4.3721189e-01 
384, 9.8572302e-01, 7.3351661e-01, 9.6205688e-01 
385, 2.1876427e-01, 6.6437671e-01, 6.3717054e-01 
386, 4.0800497e-01, 2.2523350e-01, 2.4984635e-01 
387, 7.4754988e-01, 3.2775954e-01, 4.0233028e-01 
388, 6.0682988e-02, 2.1872357e-01, 3.9617786e-02 
389, 7.9812524e-01, 1.1371803e-01, 2.7696016e-01 
390, 5.1948288e-01, 8.0646882e-01, 2.3250184e-01 
391, 7.8892055e-01, 1.1138797e-02, 6.0263173e-01 
392, 9.6308726e-02, 4.3216970e-01, 9.7566364e-01 
393, 1.7577882e-01, 9.8017976e-01, 4.3030747e-01 
394, 8.4712503e-01, 6.6833799e-02, 7.0980230e-01 
395, 8.9054815e-01, 1.4036256e-01, 2.4943706e-01 
396, 4.7763825e-01, 3.1065157e-01, 6.1263480e-01 
397, 2.4568171e-01, 8.7443014e-01, 7.7058978e-01 
398, 8.5034596e-01, 9.7104452e-01, 7.4105687e-03 
399, 9.1575684e-01, 3.9797170e-01, 9.8383305e-01 
400, 4.4459958e-01, 5.7996403e-02, 8.9035550e-01 
401, 6.3751097e-01, 4.9770431e-01, 5.9498810e-01 
402, 6.5688972e-01, 7.1344713e-01, 9.6992677e-01 
403, 3.6130419e-01, 5.5751034e-01, 1.2697951e-01 
404, 2.3394482e-02, 7.6886398e-01, 7.2155159e-01 
405, 8.8950745e-01, 7.8867156e-02, 6.0579011e-02 
406, 9.6444155e-01, 1.1992351e-01, 3.0855524e-01 
407, 4.9797630e-01, 7.2971613e-01, 7.1586006e-01 
408, 4.5337161e-01, 4.3065460e-02, 3.4268779e-01 
409, 1.3799739e-01, 5.8039846e-01, 4.5764304e-01 
410, 8.5107311e-01, 9.0926616e-01, 2.1067133e-01 
411, 4.7678695e-01, 2.5062082e-01, 4.3664467e-01 
412, 8.4880870e-01, 5.1896104e-01, 3.3932186e-01 
413, 8.4649746e-01, 6.9983941e-01, 2.1291374e-01 
414, 8.4496188e-01, 8.1309310e-01, 3.2383977e-01 
415, 2.3296805e-01, 6.8432462e-01, 8.5555102e-01 
416, 7.8752556e-02, 7.7824995e-01, 1.0159876e-01 
417, 4.1531445e-01, 3.5855240e-02, 3.0794797e-01 
418, 9.2083221e-01, 4.3518266e-01, 3.1767905e-01 
419, 3.4072371e-03, 3.0068731e-02, 5.4176152e-02 
420, 6.9435503e-01, 3.9817493e-01, 2.5903129e-01 
421, 3.5823018e-02, 5.3459649e-01, 7.8507942e-01 
422, 2.4208961e-01, 6.2438491e-01, 7.7662561e-01 
423, 6.6818090e-01, 3.4582353e-01, 6.4332205e-01 
424, 5.4808727e-01, 4.8928916e-01, 8.2026920e-01 
425, 8.0966149e-01, 4.3422884e-02, 3.4257858e-02 
426, 9.8453661e-01, 7.4008931e-01, 9.3333433e-01 
427, 3.8850947e-01, 3.5574808e-01, 3.6997568e-01 
428, 3.0460019e-01, 7.7299011e-01, 3.4928150e-02 
429, 2.6632591e-01, 9.2038274e-01, 2.7339999e-01 
430, 9.3929483e-01, 2.2853086e-01, 4.9932920e-01 
431, 7.9186943e-01, 1.6323608e-01, 9.2666162e-01 
432, 2.6007644e-01, 3.9058411e-01, 6.7236613e-01 
433, 7.5778346e-01, 2.1533586e-01, 2.2921395e-01 
434, 8.6248584e-01, 5.8721837e-02, 4.1412491e-02 
435, 2.5985638e-01, 7.0256932e-01, 1.2710086e-01 
436, 2.6111406e-01, 2.3245142e-01, 2.2993188e-01 
437, 4.0096917e-01, 6.9702487e-01, 9.1316801e-01 
438, 3.1243190e-01, 2.2424346e-01, 2.9417022e-01 
439, 5.2750780e-01, 3.4071641e-01, 6.0771994e-01 
440, 4.3534763e-01, 7.2878490e-01, 8.0749760e-02 
441, 6.8324293e-01, 3.4417700e-01, 2.8563617e-01 
442, 4.5659422e-02, 1.6410252e-01, 3.6278366e-01 
443, 1.9221047e-02, 9.6878323e-01, 5.6440709e-01 
444, 7.9161706e-01, 7.1738624e-01, 3.0294192e-01 
445, 6.3041404e-01, 4.8891098e-01, 6.7033407e-01 
446, 9.8244569e-02, 7.3916970e-01, 6.0755831e-01 
447, 6.8380124e-01, 4.3159793e-01, 5.9483026e-01 
448, 1.0546927e-01, 4.4814834e-01, 6.3509362e-01 
449, 2.6791672e-01, 4.4763982e-01, 1.7283693e-01 
450, 3.2108904e-01, 4.3718649e-01, 8.5741294e-01 
451, 1.4842306e-01, 1.9675856e-01, 2.1523511e-01 
452, 8.9819823e-01, 4.2348468e-01, 4.1639412e-01 
453, 2.4048752e-02, 2.2537117e-01, 2.2304938e-01 
454, 6.1315044e-02, 3.9520971e-01, 7.3884973e-01 
455, 4.1215910e-01, 6.6570909e-01, 4.5165148e-01 
456, 9.3077610e-01, 1.8203124e-01, 9.9472499e-01 
457, 7.9032287e-01, 2.6104440e-01, 6.6984797e-01 
458, 7.0406660e-01, 3.2537600e-01, 3.2327465e-01 
459, 1.2378195e-01, 4.7253064e-01, 5.3177686e-01 
460, 2.4414872e-01, 7.7227448e-01, 2.4424381e-01 
461, 5.5561613e-01, 3.1098267e-01, 6.5544623e-01 
462, 5.1811344e-01, 7.3622730e-01, 2.0687573e-01 
463, 9.5509232e-01, 6.1103026e-01, 9.5354175e-02 
464, 3.4271009e-01, 1.3069805e-01, 4.1138937e-02 
465, 4.3570708e-01, 4.6928782e-02, 4.7673055e-01 
466, 1.0291280e-01, 6.8766526e-01, 5.4273102e-01 
467, 6.1291228e-01, 7.2774932e-01, 6.0803118e-01 
468, 1.9581956e-02, 2.1993414e-02, 9.3840521e-01 
469, 1.5702013e-02, 4.7639161e-01, 7.8570337e-01 
470, 6.6945352e-01, 2.8531238e-01, 1.1275036e-02 
471, 7.2271934e-01, 1.0662283e-02, 5.2643578e-01 
472, 3.6850700e-01, 3.7342102e-01, 3.2801252e-01 
473, 5.4161591e-01, 5.3843994e-01, 5.3730816e-01 
474, 7.3854693e-01, 1.1975018e-01, 9.2364158e-01 
475, 2.5567927e-01, 5.6542088e-01, 1.1532855e-01 
476, 8.0085713e-01, 8.4820570e-01, 6.9176877e-01 
477, 8.7631274e-01, 2.8255484e-02, 8.8678242e-02 
478, 9.1062492e-02, 1.7071377e-01, 9.9198547e-01 
479, 7.6055469e-01, 8.1526472e-01, 8.7820097e-01 
480, 4.4623024e-01, 8.0851514e-01, 4.9071241e-01 
481, 9.6132523e-01, 7.2133486e-02, 3.2317163e-01 
482, 6.5959788e-01, 4.8138621e-01, 8.2263195e-01 
483, 2.4329280e-02, 3.4357788e-01, 6.1395490e-01 
484, 7.4950702e-01, 6.2936815e-01, 3.2187606e-02 
485, 7.2619474e-01, 6.2989208e-02, 6.1821820e-01 
486, 5.3474172e-01, 3.0203893e-01, 7.6853143e-01 
487, 3.6663950e-01, 2.3177618e-01, 2.9009442e-01 
488, 2.2448355e-01, 4.3010729e-01, 9.1459910e-01 
489, 1.2840802e-01, 5.1127351e-01, 9.4085657e-02 
490, 3.0533639e-01, 5.7517964e-01, 8.3704388e-01 
491, 9.8097724e-01, 8.7687473e-01, 2.3981168e-01 
492, 7.7633449e-01, 2.5933874e-01, 2.1772689e-01 
493, 7.2919657e-01, 3.7504247e-01, 5.8020501e-01 
494, 7.9887271e-01, 3.2632604e-01, 7.9740509e-01 
495, 7.5938728e-01, 9.8450271e-01, 5.2113908e-01 
496, 2.6185058e-01, 5.4409835e-01, 8.9413160e-01 
497, 9.3588896e-01, 6.2420358e-01, 8.7413755e-05 
498, 7.5777529e-02, 9.7309130e-01, 3.0627738e-01 
499, 5.5757328e-01, 5.2879678e-01, 1.7025772e-01 
500, 2.4493632e-01, 5.2893923e-01, 2.8133326e-01 
501, 8.1183086e-01, 6.0852171e-01, 7.0544287e-02 
502, 5.4949128e-01, 9.0681870e-01, 3.9851343e-01 
503, 7.7673800e-01, 5.3219488e-01, 3.7784099e-01 
504, 3.5938961e-01, 6.7938064e-02, 2.5256931e-01 
505, 4.7661200e-01, 3.2892498e-01, 1.9186364e-01 
506, 4.5956284e-01, 5.4961584e-01, 1.4243900e-01 
507, 9.3850260e-02, 7.7179520e-01, 9.9226657e-01 
508, 8.4026432e-01, 9.1472995e-01, 5.7654672e-01 
509, 9.4786985e-01, 6.1143903e-01, 9.0900908e-01 
510, 8.8524129e-01, 7.3785354e-01, 3.5578841e-01 
511, 5.9293449e-02, 6.6018843e-01, 9.2205624e-01 
512, 9.8179513e-03, 9.4597251e-01, 8.1701826e-01 
513, 4.0451986e-01, 8.3655129e-01, 4.9272268e-01 
514, 8.5919280e-01, 7.4802125e-01, 2.0137551e-01 
515, 5.0865207e-01, 1.7161648e-01, 8.6045641e-01 
516, 6.6103496e-02, 2.5623935e-01, 2.4852305e-02 
517, 3.1929413e-01, 6.6458440e-01, 3.4996186e-01 
518, 3.2603224e-01, 1.0823807e-01, 1.9967756e-01 
519, 7.1971537e-01, 2.0387648e-01, 7.0786045e-01 
520, 4.6596656e-01, 6.8216887e-01, 2.2708535e-01 
521, 7.0226865e-01, 7.5358416e-01, 2.5770072e-02 
522, 3.8200597e-01, 5.8665726e-01, 3.3291411e-01 
523, 2.6655918e-01, 6.2942141e-01, 2.1680384e-01 
524, 2.1028480e-01, 9.5399234e-01, 1.4431612e-02 
525, 7.8482617e-01, 1.5264313e-01, 5.9570286e-01 
526, 7.1248403e-01, 8.1427001e-01, 7.8532854e-01 
527, 9.8401244e-02, 7.0119388e-01, 7.9538938e-01 
528, 1.2708246e-01, 1.1551017e-01, 3.0676711e-01 
529, 7.3465593e-01, 9.9616262e-01, 2.5781452e-01 
530, 5.7517911e-01, 2.1293585e-01, 6.2114422e-01 
531, 5.5521963e-01, 6.5158312e-01, 7.4037432e-01 
532, 2.1955650e-01, 4.0793354e-01, 4.4820107e-01 
533, 1.5816317e-01, 2.5249828e-01, 1.7620260e-01 
534, 4.2795373e-01, 7.4549436e-03, 6.1320228e-01 
535, 1.1191957e-01, 9.3298765e-01, 1.4754754e-01 
536, 6.7270312e-01, 1.6129577e-01, 9.7057472e-01 
537, 6.8971219e-01, 3.9469656e-01, 3.9106004e-01 
538, 2.2668877e-01, 2.2666288e-01, 6.7405448e-01 
539, 2.9838105e-01, 7.0994022e-01, 6.4578183e-01 
540, 6.3852019e-01, 8.4686902e-01, 2.9443164e-01 
541, 3.3837855e-02, 6.3133989e-01, 2.1128670e-01 
542, 1.2871715e-01, 2.7563210e-01, 2.8141576e-01 
543, 1.1070634e-01, 8.2522296e-01, 6.7485972e-01 
544, 2.8615365e-02, 9.6721379e-01, 3.6962211e-01 
545, 5.4469438e-01, 6.2697779e-01, 8.7665132e-01 
546, 5.7660429e-01, 9.3392325e-01, 2.0480041e-01 
547, 9.1630629e-01, 5.1107646e-01, 2.6823203e-01 
548, 9.0010544e-01, 6.8012746e-01, 4.8239138e-01 
549, 1.7061601e-02, 5.8049864e-02, 6.2106811e-01 
550, 4.0932988e-01, 1.7210926e-01, 8.9100977e-01 
551, 7.4509534e-01, 8.1107133e-01, 6.0991899e-01 
552, 5.0263448e-01, 8.7990571e-01, 7.6322273e-01 
553, 9.7260487e-01, 8.5523862e-02, 9.0922291e-01 
554, 5.9060417e-02, 7.1897052e-01, 7.5577351e-01 
555, 1.3326309e-01, 7.9701869e-01, 7.0798169e-01 
556, 3.8729450e-01, 2.1295227e-01, 6.2099449e-01 
557, 1.7885403e-01, 1.7621292e-01, 1.0371618e-02 
558, 9.5496612e-01, 9.2306880e-01, 5.6057401e-01 
559, 2.1518942e-01, 4.5102436e-01, 1.8637242e-01 
560, 4.1088192e-01, 3.9821436e-01, 9.5126886e-01 
561, 6.0879057e-02, 6.8511167e-01, 3.7955223e-01 
562, 9.1608764e-02, 9.2644939e-01, 8.8633489e-01 
563, 5.8241160e-01, 2.6457588e-01, 2.7541756e-01 
564, 8.5820664e-01, 4.0859408e-04, 9.2942480e-01 
565, 3.9929877e-01, 7.7524896e-01, 9.3996721e-01 
566, 5.6046027e-01, 7.9489435e-01, 9.8164161e-01 
567, 8.7050014e-01, 5.0247495e-01, 2.5724492e-01 
568, 6.2879940e-01, 4.5927533e-01, 8.8680678e-01 
569, 5.8140822e-01, 4.0904943e-01, 5.0306008e-01 
570, 1.1317230e-01, 6.2029554e-01, 1.0571785e-01 
571, 7.1772454e-01, 2.7548787e-01, 3.1321612e-01 
572, 9.1938536e-02, 2.8194153e-01, 6.9264970e-01 
573, 1.9447487e-02, 5.1774176e-01, 3.8277188e-01 
574, 4.0610117e-01, 1.7180675e-01, 3.8375296e-01 
575, 6.9233517e-01, 4.2258144e-01, 9.2296627e-01 
576, 4.7795875e-01, 8.2894807e-01, 7.4904442e-01 
577, 8.5036120e-01, 8.6321827e-01, 5.5408068e-01 
578, 7.6468429e-02, 7.6053568e-01, 2.7294366e-01 
579, 8.7129159e-01, 8.8423029e-01, 1.4300694e-01 
580, 7.7454942e-01, 4.0266351e-01, 1.2849120e-01 
581, 3.4281807e-01, 4.1132017e-01, 1.4599603e-01 
582, 3.4460491e-01, 4.0584247e-01, 7.2623880e-01 
583, 5.0494202e-01, 1.0783157e-01, 5.7449988e-01 
584, 4.8622565e-01, 9.1478567e-01, 8.5588168e-01 
585, 3.9957967e-01, 4.4456426e-01, 6.0589228e-01 
586, 8.8780616e-01, 4.9329540e-01, 4.8115428e-01 
587, 6.3157992e-01, 2.5198385e-01, 1.4408122e-01 
588, 4.2740516e-01, 6.3887564e-01, 8.5363139e-01 
589, 2.9186440e-01, 1.8259096e-01, 8.6540374e-01 
590, 7.7331901e-01, 5.4987350e-01, 1.5786526e-01 
591, 2.6794283e-01, 7.7390083e-01, 7.8658505e-01 
592, 1.4911343e-01, 8.4036073e-01, 3.6889613e-01 
593, 7.9386281e-01, 1.7149950e-01, 2.9799161e-01 
594, 5.2629381e-01, 2.6676433e-01, 3.9669166e-01 
595, 6.3857414e-01, 3.0153055e-01, 2.1402740e-01 
596, 1.4119753e-01, 9.0685628e-01, 5.5966521e-01 
597, 2.4659950e-01, 7.2558872e-01, 2.1679288e-02 
598, 4.3812168e-01, 5.3095179e-01, 7.1547568e-01 
599, 3.7347515e-02, 4.9988792e-01, 9.0331467e-01 
600, 2.9591289e-01, 2.6739336e-01, 3.3879186e-01 
601, 3.3106493e-01, 5.5627375e-01, 1.5002929e-01 
602, 6.3656668e-01, 3.6270521e-01, 2.4288064e-01 
603, 3.1328362e-02, 7.4111061e-01, 2.0589348e-01 
604, 6.9490919e-01, 7.7984836e-01, 4.6613935e-01 
605, 8.5322519e-01, 3.9474959e-01, 5.0653191e-01 
606, 7.7324706e-01, 5.8081954e-01, 1.9857633e-01 
607, 3.2198661e-01, 3.8149048e-01, 8.8521999e-01 
608, 8.1180667e-02, 5.9052265e-01, 2.6055775e-01 
609, 8.1430860e-01, 4.9001710e-01, 5.8301063e-01 
610, 3.5521712e-01, 7.8861395e-01, 7.8723358e-02 
611, 6.5019709e-01, 1.3848574e-01, 2.4645836e-01 
612, 6.1416754e-01, 7.7015711e-01, 1.1739113e-03 
613, 4.5605076e-01, 2.7353661e-01, 2.9891390e-01 
614, 9.2114075e-01, 2.9593180e-01, 9.5804083e-01 
615, 1.0658038e-01, 7.3491921e-01, 8.6471516e-01 
616, 3.0136943e-01, 8.1319751e-01, 3.8795708e-01 
617, 4.6941386e-01, 4.9630695e-01, 3.4484263e-01 
618, 9.5549087e-02, 3.4761189e-01, 4.6929883e-01 
619, 1.0834289e-02, 3.9495092e-01, 7.2520602e-01 
620, 8.1292515e-01, 4.2522157e-01, 6.5541755e-01 
621, 5.9902704e-02, 8.6473276e-01, 5.8570811e-01 
622, 8.7801000e-01, 9.7641682e-01, 8.2100247e-01 
623, 4.4566729e-01, 8.7299968e-01, 6.4315982e-01 
624, 8.0676692e-01, 2.1230849e-01, 4.6412486e-01 
625, 1.5675257e-02, 9.5833515e-02, 2.8585276e-01 
626, 7.0753682e-01, 2.8690084e-01, 7.9245820e-01 
627, 2.2937357e-01, 2.3606330e-01, 1.2047856e-01 
628, 9.6128652e-01, 4.9185752e-01, 3.2461945e-01 
629, 7.9413738e-01, 4.9560236e-01, 2.0725098e-01 
630, 7.4143795e-01, 3.4018947e-01, 1.2902560e-01 
631, 9.2207603e-01, 5.6488887e-01, 3.9761442e-01 
632, 3.0963618e-02, 9.9099218e-01, 1.7229035e-01 
633, 6.1626291e-01, 9.9569570e-01, 9.5127583e-01 
634, 8.4119768e-01, 3.9016208e-01, 9.6889918e-01 
635, 4.4236347e-01, 1.8898805e-01, 6.2663545e-01 
636, 1.0329487e-01, 9.5979181e-01, 7.3653083e-01 
637, 3.2699261e-01, 6.0089730e-01, 8.5856317e-01 
638, 6.4805813e-01, 6.7508372e-01, 9.8388632e-01 
639, 5.4940150e-01, 5.1272120e-01, 6.0955165e-01 
640, 7.4922709e-01, 3.8784506e-01, 4.9509778e-01 
641, 4.5844708e-01, 1.4218487e-01, 9.2065356e-01 
642, 7.4478539e-01, 3.8894476e-01, 1.1171039e-01 
643, 3.4339942e-01, 7.5626183e-01, 4.1313897e-01 
644, 4.6102972e-01, 2.6919628e-01, 1.4131607e-01 
645, 8.4925381e-01, 6.6513695e-01, 3.0359661e-01 
646, 3.8345383e-01, 5.4545338e-01, 3.6922366e-01 
647, 3.4327846e-01, 6.2239102e-01, 8.3264433e-01 
648, 6.0081631e-01, 8.5843790e-01, 6.7648168e-02 
649, 7.8740694e-01, 9.7947619e-01, 8.6265357e-01 
650, 7.1443522e-01, 3.9021035e-01, 8.1062274e-01 
651, 7.5591796e-01, 1.8055063e-01, 9.3194285e-01 
652, 1.0782661e-01, 7.1722249e-01, 3.6844020e-01 
653, 9.4807522e-01, 2.0402003e-02, 3.9851379e-01 
654, 2.2689683e-01, 9.9580431e-01, 6.8508146e-02 
655, 7.7342841e-01, 5.3997297e-01, 7.8930595e-01 
656, 1.0815996e-01, 3.8078158e-01, 5.6945817e-01 
657, 4.0649537e-01, 5.9949491e-01, 5.1741498e-01 
658, 4.6718242e-01, 7.8756479e-01, 6.2456063e-01 
659, 9.7544556e-01, 4.2471169e-01, 1.0135338e-01 
660, 7.4362641e-01, 1.7012291e-01, 9.9262274e-01 
661, 1.2597067e-01, 1.6090935e-01, 7.8213959e-01 
662, 1.3352984e-02, 1.4388193e-01, 9.2375583e-01 
663, 3.4315843e-01, 6.7645554e-01, 9.6382940e-01 
664, 9.6241322e-01, 3.0213265e-01, 8.8863267e-02 
665, 4.2943694e-01, 4.1157845e-01, 6.3294897e-01 
666, 9.5304990e-01, 6.3252417e-01, 9.7147898e-01 
667, 1.6434585e-01, 5.4338891e-01, 8.4870722e-01 
668, 4.2548724e-02, 6.3658192e-01, 7.8215913e-01 
669, 9.3935701e-01, 7.5682778e-01, 6.2829778e-01 
670, 3.1540826e-01, 8.6271865e-01, 8.8286547e-01 
671, 7.2462085e-01, 2.3293962e-01, 4.2732235e-01 
672, 7.2452804e-01, 3.3354117e-01, 2.6089410e-01 
673, 3.8896390e-01, 5.4892583e-01, 9.3124558e-02 
674, 3.6448330e-01, 9.4388771e-01, 7.8657353e-01 
675, 7.1386658e-01, 1.7990951e-01, 4.2374805e-02 
676, 9.4864198e-02, 3.6091297e-01, 7.6379296e-01 
677, 8.8921006e-01, 6.6036989e-01, 6.0110479e-01 
678, 8.5077161e-01, 2.8977712e-01, 3.2963670e-01 
679, 8.4982506e-01, 4.3925833e-01, 1.1712363e-01 
680, 4.5397108e-01, 1.3862996e-01, 2.7891008e-01 
681, 7.9330244e-01, 4.5053573e-01, 7.0946105e-01 
682, 9.3585099e-01, 5.5931909e-01, 6.4740670e-01 
683, 2.2590724e-02, 4.2658776e-01, 5.5934170e-01 
684, 4.3465676e-01, 3.7347276e-01, 6.6147772e-01 
685, 3.8913552e-01, 6.3772800e-02, 9.2205633e-01 
686, 6.3261686e-01, 4.6024988e-01, 9.9591387e-01 
687, 5.3498963e-01, 4.8715158e-01, 7.7779888e-02 
688, 8.6150691e-01, 2.0391491e-01, 6.9298098e-01 
689, 6.1401907e-01, 6.6991027e-01, 3.1780404e-01 
690, 1.0482034e-01, 7.4591079e-02, 9.8526064e-02 
691, 3.9631856e-01, 9.3243309e-01, 3.9264944e-01 
692, 6.7710183e-01, 6.4578686e-01, 8.4831308e-01 
693, 8.7539958e-01, 2.5295296e-01, 9.6490948e-01 
694, 4.9182455e-01, 2.4338109e-01, 7.5901989e-01 
695, 6.4656573e-01, 8.1124968e-01, 8.2181407e-01 
696, 4.0306854e-01, 2.0830991e-01, 5.0650524e-01 
697, 1.8200123e-01, 2.5777332e-01, 5.1974936e-01 
698, 7.7769848e-01, 6.7742213e-01, 8.1839447e-01 
699, 1.2107074e-01, 8.5070362e-01, 2.8558842e-01 
700, 8.4584936e-02, 1.4961960e-01, 8.3735624e-01 
701, 9.0286419e-01, 5.2196488e-01, 4.7980204e-01 
702, 7.7395815e-01, 2.0616886e-01, 4.6532114e-01 
703, 7.8251189e-01, 3.5288562e-01, 6.6995011e-01 
704, 8.9299216e-02, 4.7651986e-01, 2.9095526e-01 
705, 3.2795476e-01, 9.0866607e-01, 7.3894610e-01 
706, 8.3964509e-01, 5.1377855e-02, 2.0472555e-01 
707, 6.3754050e-01, 8.4375892e-01, 6.2884206e-01 
708, 8.8432301e-01, 4.3576804e-01, 5.6366999e-01 
709, 1.0767935e-01, 6.7335022e-01, 2.0479438e-01 
710, 5.1441143e-01, 8.0260800e-01, 5.9400315e-01 
711, 2.1034915e-01, 4.3403701e-01, 3.7069786e-01 
712, 3.0517694e-01, 4.2334924e-01, 5.2210752e-01 
713, 9.0105871e-01, 3.3845165e-01, 7.8064761e-01 
714, 5.9428920e-01, 9.8934385e-01, 6.3207382e-01 
715, 8.3031320e-01, 7.9537020e-01, 9.8622654e-01 
716, 2.4356385e-01, 1.3672554e-03, 8.0206081e-01 
717, 6.5253128e-01, 4.8798438e-01, 6.3558255e-01 
718, 9.9577228e-01, 5.0687747e-01, 2.0968807e-01 
719, 3.4241923e-01, 1.4799792e-01, 4.2398063e-01 
720, 6.1295751e-01, 9.2659620e-01, 8.9731251e-01 
721, 1.5318214e-01, 1.1896683e-01, 4.2095676e-01 
722, 4.7626588e-01, 6.2097746e-02, 4.7771029e-01 
723, 3.2662232e-01, 2.9838794e-02, 5.8504153e-01 
724, 5.0097169e-01, 9.1469726e-01, 8.9787941e-01 
725, 8.8457195e-01, 6.5371818e-01, 3.2991688e-01 
726, 7.5998646e-02, 8.2360552e-01, 5.4169577e-01 
727, 4.1104249e-01, 2.0986738e-01, 3.1097613e-01 
728, 3.6157711e-01, 5.7309738e-01, 5.9532589e-02 
729, 4.7270922e-01, 5.4609705e-01, 2.0502090e-01 
730, 7.8221433e-01, 3.3877862e-01, 4.0879368e-01 
731, 7.1064457e-01, 3.4542803e-02, 9.9357303e-01 
732, 9.7813417e-01, 2.2610987e-01, 5.8492916e-01 
733, 2.3770499e-02, 8.4140443e-01, 8.5886011e-01 
734, 8.5503350e-01, 2.5908826e-01, 9.3974186e-01 
735, 1.8009287e-01, 5.9664864e-01, 1.5564722e-01 
736, 1.6613255e-01, 2.5872250e-01, 2.3979156e-01 
737, 3.8809971e-01, 2.7712376e-01, 6.3885272e-01 
738, 4.5498975e-01, 4.8641217e-01, 1.2552773e-02 
739, 5.4158719e-01, 3.8224045e-01, 2.0659253e-01 
740, 4.7136867e-01, 6.0979240e-01, 6.4242121e-01 
741, 2.7540864e-01, 9.8048108e-01, 7.9070001e-01 
742, 6.2462904e-01, 3.5313268e-01, 1.4178160e-01 
743, 8.9692009e-01, 7.9866608e-01, 7.6201967e-01 
744, 5.2123527e-01, 7.6559850e-01, 5.8143254e-01 
745, 4.6376960e-01, 7.2994710e-01, 9.7110929e-01 
746, 3.3768824e-01, 4.3816939e-01, 9.3913130e-01 
747, 1.4157865e-01, 5.4622706e-01, 7.2086668e-01 
748, 8.7477997e-01, 8.6862640e-01, 9.6956543e-01 
749, 5.1725969e-01, 2.5988283e-01, 3.6349133e-01 
750, 7.5902367e-01, 3.9491211e-01, 2.9096283e-01 
751, 3.8751215e-01, 2.8917720e-01, 9.3453590e-01 
752, 1.3687186e-02, 9.1213151e-01, 9.3619198e-02 
753, 7.9052633e-01, 6.8092745e-01, 8.8164827e-01 
754, 7.8260359e-01, 9.6487171e-01, 9.5942843e-01 
755, 1.6479868e-01, 8.9347734e-01, 7.6082491e-01 
756, 9.3572094e-01, 2.6293495e-01, 3.6765238e-01 
757, 9.3503097e-01, 4.4184837e-01, 9.8064703e-01 
758, 9.7897208e-01, 3.7963519e-01, 4.7136191e-01 
759, 3.5456320e-01, 1.1470634e-01, 4.2590615e-01 
760, 7.3187890e-01, 9.4555850e-01, 2.7683762e-02 
761, 5.6782938e-01, 7.0131363e-01, 6.0712101e-02 
762, 3.8915684e-02, 3.8185836e-03, 3.0509950e-01 
763, 3.6861130e-01, 4.4936720e-01, 6.8637094e-01 
764, 9.6576902e-01, 6.9455870e-01, 3.5173452e-01 
765, 6.8636365e-01, 9.4892941e-01, 7.5801016e-01 
766, 3.5242373e-01, 1.6892391e-01, 7.0966158e-01 
767, 7.9512942e-01, 5.6692593e-02, 9.1815785e-01 
768, 5.7604711e-01, 8.8242369e-01, 7.9893915e-01 
769, 3.3143655e-01, 1.1135498e-01, 8.7841687e-01 
770, 2.0643756e-01, 4.5231202e-01, 9.6228250e-01 
771, 6.2903617e-01, 1.1502769e-01, 6.1292807e-01 
772, 5.0312304e-01, 7.1439448e-01, 4.7851865e-01 
773, 7.0938016e-01, 9.5226425e-01, 2.7206003e-01 
774, 1.7323230e-01, 4.9632817e-01, 3.3114786e-01 
775, 4.7053190e-02, 7.0756202e-01, 4.5250641e-01 
776, 8.1348256e-01, 6.3111411e-01, 8.8027137e-01 
777, 3.2724083e-01, 5.1792857e-01, 4.8213553e-01 
778, 6.9829379e-01, 2.9570095e-01, 8.9077853e-01 
779, 1.5865859e-01, 2.0696313e-01, 5.9650229e-01 
780, 4.9649011e-01, 8.1409288e-01, 5.2806266e-01 
781, 1.0723013e-02, 1.8936649e-01, 3.7419301e-01 
782, 1.5633869e-02, 6.3710420e-01, 1.2086339e-01 
783, 1.6898751e-01, 2.3085045e-01, 6.9505030e-01 
784, 6.3973186e-01, 9.8820990e-02, 9.7335866e-01 
785, 4.9490134e-01, 9.5406696e-01, 3.6322748e-01 
786, 9.6396681e-01, 7.5481616e-01, 8.9949693e-01 
787, 6.2067945e-01, 3.5969367e-01, 9.7489960e-01 
788, 8.2852394e-01, 5.0532180e-01, 8.3103617e-01 
789, 3.1707095e-01, 7.4495259e-01, 3.0324154e-01 
790, 8.7247459e-01, 4.6900087e-01, 8.6794780e-02 
791, 9.1339262e-02, 7.5768514e-01, 3.8503005e-02 
792, 7.6505398e-01, 3.9207815e-01, 1.7064265e-01 
793, 3.2399390e-01, 8.7828974e-01, 9.4335367e-01 
794, 8.0768465e-01, 2.4270140e-01, 6.1130825e-01 
795, 2.0342098e-01, 6.7339849e-01, 9.8990772e-02 
796, 2.9219889e-02, 3.2230116e-01, 8.5891593e-01 
797, 5.8070101e-01, 3.9682159e-01, 7.5563091e-01 
798, 8.4678598e-01, 1.5317799e-02, 1.9241131e-01 
799, 1.5212984e-01, 3.0366078e-01, 8.6135783e-01 
800, 1.7986360e-01, 1.0197685e-01, 8.0753974e-01 
801, 6.6131466e-01, 4.4865276e-01, 6.3665445e-01 
802, 2.8335586e-01, 5.9236001e-01, 5.8921673e-02 
803, 1.4214674e-01, 2.1975338e-01, 4.7743309e-01 
804, 9.4995465e-01, 7.3252791e-01, 9.7978016e-01 
805, 4.2424052e-01, 4.8218387e-01, 2.6809969e-01 
806, 4.2214280e-01, 1.3465562e-01, 8.6707710e-01 
807, 3.9967703e-01, 1.9167188e-01, 4.4549554e-01 
808, 7.8336115e-01, 5.8023073e-01, 4.5539900e-01 
809, 9.4638878e-01, 8.2881815e-02, 4.6603698e-01 
810, 7.6212799e-01, 7.0149919e-01, 4.1367744e-01 
811, 9.3848961e-01, 5.3059173e-01, 7.2424522e-01 
812, 5.4540721e-02, 2.2474485e-01, 1.1007129e-02 
813, 2.7996296e-01, 9.7767310e-01, 5.1425962e-01 
814, 6.0981241e-02, 3.0147489e-01, 6.1467189e-01 
815, 1.1364310e-01, 4.0058372e-01, 8.7821671e-01 
816, 6.2372132e-01, 2.9664952e-01, 9.3538113e-01 
817, 2.2524790e-01, 7.4105317e-01, 2.1624270e-01 
818, 7.2169856e-01, 2.6148345e-01, 2.5450821e-02 
819, 9.9588528e-01, 8.6947362e-01, 5.9012313e-01 
820, 9.2667446e-01, 1.9594019e-01, 5.5327094e-01 
821, 9.0673646e-01, 9.9258617e-01, 1.7759538e-01 
822, 2.9315401e-01, 5.0054273e-01, 2.4439616e-02 
823, 8.8596685e-01, 4.2061234e-01, 1.4650490e-01 
824, 4.4599766e-01, 6.3593575e-01, 1.9197319e-01 
825, 1.1709609e-02, 2.7025507e-01, 9.3250655e-01 
826, 2.5856136e-01, 7.7302686e-01, 3.4899724e-01 
827, 8.6426048e-01, 9.3070742e-02, 8.7552050e-01 
828, 8.8534826e-01, 3.6608682e-01, 9.8183190e-01 
829, 7.7685270e-02, 1.4836689e-01, 3.9528229e-01 
830, 2.6676282e-01, 8.0670875e-01, 9.6527374e-01 
831, 9.8779468e-01, 6.9276857e-01, 6.8851491e-01 
832, 7.4421935e-03, 7.9056638e-01, 8.7984210e-01 
833, 5.7779782e-01, 3.4354593e-01, 7.8060469e-01 
834, 3.8455297e-01, 4.5523428e-01, 4.9423258e-01 
835, 4.1803819e-01, 6.5129886e-01, 3.0952112e-01 
836, 4.2468726e-01, 5.3590361e-01, 5.5654265e-01 
837, 6.1399483e-01, 9.1087969e-02, 1.3285560e-01 
838, 5.5331363e-01, 1.8396375e-01, 5.5145322e-01 
839, 9.5375121e-01, 8.3155029e-01, 5.5652411e-02 
840, 5.9895492e-01, 1.8348333e-02, 2.8056132e-02 
841, 9.3020076e-01, 5.3037603e-01, 4.7102521e-01 
842, 2.5394374e-02, 8.8381291e-01, 4.3329588e-01 
843, 7.1776004e-01, 1.8979676e-02, 9.6598589e-01 
844, 4.1224089e-01, 9.5016552e-01, 5.3756783e-01 
845, 5.8714367e-01, 6.1809859e-01, 3.1711508e-01 
846, 8.8002711e-01, 8.9573618e-01, 4.6374404e-01 
847, 7.4770862e-01, 2.5370449e-01, 7.8112380e-01 
848, 2.0203459e-01, 4.5029701e-01, 2.6860868e-01 
849, 1.1363068e-01, 7.2582155e-01, 2.8474097e-01 
850, 1.5255532e-01, 6.2479390e-01, 2.6088051e-01 
851, 7.7294692e-01, 8.7107007e-01, 8.2629676e-01 
852, 4.6916165e-02, 3.6463018e-01, 8.2311486e-01 
853, 4.5331043e-01, 1.7600214e-01, 3.9646717e-01 
854, 6.9025526e-01, 1.3660810e-01, 2.1488401e-01 
855, 6.7011297e-01, 1.3389028e-01, 7.3603057e-01 
856, 2.6945523e-01, 5.6275740e-03, 4.4106721e-01 
857, 6.0601930e-01, 9.5918405e-01, 6.2449575e-01 
858, 3.9745160e-01, 1.6965235e-01, 7.4930355e-01 
859, 6.3595224e-01, 5.7754229e-01, 8.1449100e-01 
860, 1.3843037e-01, 9.3955362e-01, 9.6426081e-01 
861, 8.2346950e-01, 1.4474303e-02, 6.9807310e-01 
862, 9.3916060e-01, 2.9145025e-02, 5.0091068e-02 
863, 5.1503342e-01, 6.7037377e-01, 2.3380224e-01 
864, 5.0328503e-01, 9.9943678e-01, 7.6891706e-01 
865, 2.2400336e-01, 9.0202972e-01, 5.0529538e-01 
866, 5.2460498e-01, 5.2401580e-01, 7.1624042e-01 
867, 1.0275169e-01, 4.9615896e-01, 2.2099553e-01 
868, 6.8503333e-01, 2.7548473e-01, 5.2936552e-01 
869, 8.4040957e-01, 9.3722923e-01, 2.4242533e-02 
870, 8.3328482e-01, 7.0711351e-01, 6.0919319e-01 
871, 5.7866704e-01, 2.4268832e-01, 2.2337902e-01 
872, 4.5477807e-01, 1.6421325e-01, 5.3923338e-02 
873, 7.1457737e-01, 6.8019728e-01, 9.0620975e-01 
874, 5.0787637e-01, 4.9771816e-01, 9.1506994e-01 
875, 2.8135254e-01, 8.2822408e-01, 9.5603897e-02 
876, 1.9494451e-03, 4.6828660e-01, 1.8477271e-01 
877, 3.5853015e-01, 6.4647833e-01, 1.5563394e-01 
878, 5.3028365e-02, 5.6134040e-01, 7.2381376e-01 
879, 8.5383237e-02, 7.4155214e-01, 8.2440344e-01 
880, 7.0979280e-01, 8.4514286e-01, 5.9176396e-02 
881, 7.5604848e-01, 6.8229717e-01, 7.5248056e-01 
882, 3.7969459e-02, 5.7447313e-01, 4.0393984e-01 
883, 6.0843511e-01, 4.3846174e-02, 3.4191524e-01 
884, 2.6343976e-01, 2.3907892e-01, 1.8643812e-01 
885, 5.9498555e-01, 3.5836857e-01, 8.5401534e-01 
886, 8.6947946e-01, 6.4792909e-01, 4.0344493e-01 
887, 5.2792703e-01, 8.9750198e-01, 7.2704422e-01 
888, 8.4826010e-01, 9.5017957e-01, 5.0212584e-01 
889, 9.4689373e-01, 1.3063320e-01, 8.0828462e-01 
890, 8.0572430e-01, 4.5611286e-01, 8.8275036e-01 
891, 4.9440935e-01, 4.8506805e-01, 7.3274824e-01 
892, 1.6586389e-01, 6.2322420e-01, 9.1942995e-01 
893, 6.0054559e-01, 9.9528936e-01, 1.5379133e-01 
894, 5.4376915e-01, 3.1105633e-01, 5.3111367e-01 
895, 7.8120209e-02, 2.5593028e-01, 7.6572527e-01 
896, 2.6912360e-01, 5.2133716e-01, 2.4168008e-01 
897, 3.2592465e-01, 1.8538435e-01, 3.4495806e-01 
898, 7.1108877e-01, 6.3532294e-01, 5.4570386e-01 
899, 6.9274275e-01, 1.2153141e-01, 8.5496724e-01 
900, 8.4931687e-01, 9.6930798e-01, 3.3426217e-01 
901, 7.1332018e-01, 1.0029223e-01, 2.0847530e-01 
902, 3.5658743e-01, 2.1533763e-01, 8.7512615e-01 
903, 9.6389851e-01, 6.1498409e-01, 1.3483843e-01 
904, 4.8792066e-01, 5.0355517e-01, 6.3053493e-01 
905, 3.5323029e-01, 9.2637799e-01, 5.9238725e-01 
906, 6.4138861e-01, 9.5258209e-01, 4.7315927e-01 
907, 9.7738179e-01, 1.4735433e-01, 9.0350504e-01 
908, 5.9782426e-01, 2.3579015e-01, 5.0938106e-02 
909, 6.5574253e-01, 7.1224734e-02, 6.3926382e-02 
910, 5.2479820e-01, 9.2817995e-01, 1.0225897e-01 
911, 6.4574787e-01, 9.3393226e-01, 5.8241536e-01 
912, 9.1416605e-02, 5.9321468e-01, 1.4410391e-01 
913, 2.0836349e-01, 4.1477639e-01, 7.9529429e-01 
914, 6.7507468e-01, 3.3646592e-01, 1.6389639e-01 
915, 9.5029245e-01, 6.0701770e-01, 3.6628410e-01 
916, 5.9396844e-01, 6.0056779e-01, 3.4601572e-01 
917, 2.8088379e-01, 7.2894369e-01, 7.4759343e-03 
918, 1.7717121e-01, 8.7851460e-01, 1.0860020e-01 
919, 1.8128404e-01, 4.9539788e-01, 9.5199834e-01 
920, 4.9861581e-02, 1.9031838e-01, 9.9667665e-01 
921, 3.9521135e-01, 7.5378480e-01, 7.1588795e-01 
922, 4.9439537e-01, 8.0645385e-01, 3.1507388e-01 
923, 5.5065464e-01, 5.6761303e-01, 2.6708094e-01 
924, 8.1921685e-01, 2.4855155e-01, 3.8690312e-01 
925, 6.0928471e-01, 5.1722212e-01, 2.4873775e-01 
926, 1.3176374e-01, 9.1913005e-01, 2.8348056e-01 
927, 3.6333874e-01, 9.2668465e-01, 8.2719925e-01 
928, 1.5035859e-01, 1.4957871e-01, 6.2658202e-01 
929, 6.8452967e-03, 1.2051532e-01, 9.8851633e-01 
930, 4.1257563e-01, 6.2529666e-01, 3.7262062e-01 
931, 9.9941260e-02, 3.2136790e-01, 2.6114251e-01 
932, 5.2994731e-01, 6.4919973e-01, 4.6165231e-01 
933, 3.2749036e-01, 2.0096511e-01, 6.1817471e-01 
934, 2.9330343e-01, 3.2210364e-01, 4.7942170e-01 
935, 6.9434899e-01, 9.1940762e-01, 7.9654438e-01 
936, 6.1464343e-01, 2.7123859e-01, 3.0073257e-01 
937, 6.4234367e-01, 7.2987442e-01, 5.2286698e-01 
938, 5.2860016e-01, 2.7921503e-01, 9.8213019e-01 
939, 6.7443638e-02, 9.4711035e-01, 3.3941720e-01 
940, 5.5101010e-01, 8.9693960e-01, 6.9415834e-01 
941, 3.6361948e-01, 4.4552620e-01, 7.0380517e-02 
942, 6.9201703e-01, 6.8965908e-01, 1.9533213e-01 
943, 7.4311720e-01, 6.3809235e-01, 2.7293138e-01 
944, 1.6773028e-01, 9.9366657e-01, 8.9755076e-01 
945, 6.1896147e-01, 3.6029500e-01, 4.5384707e-01 
946, 1.8896714e-01, 6.0636126e-02, 3.7654200e-01 
947, 7.2632124e-01, 7.2731371e-01, 2.9169384e-01 
948, 7.0866118e-01, 8.1238433e-01, 8.1804279e-01 
949, 4.8494973e-01, 6.7410641e-01, 6.2790033e-02 
950, 5.7255767e-01, 5.1157206e-01, 8.0463817e-01 
951, 5.3222196e-01, 7.6368270e-01, 8.1443490e-01 
952, 5.5132574e-01, 3.0572890e-01, 4.2073814e-01 
953, 1.0227484e-01, 6.2371151e-01, 9.0814821e-01 
954, 6.2690811e-01, 7.7181847e-01, 2.1319193e-01 
955, 5.7228979e-01, 3.5683054e-01, 3.4302370e-01 
956, 9.2137029e-02, 9.9637216e-01, 6.5237560e-01 
957, 1.0536008e-01, 6.3528251e-01, 4.7061679e-01 
958, 8.2116124e-01, 8.9893996e-01, 3.9395096e-01 
959, 7.9002189e-01, 7.2251770e-01, 7.7661086e-01 
960, 6.1738844e-01, 1.5909877e-01, 6.1209222e-01 
961, 2.5903810e-01, 8.4007235e-02, 7.8478620e-02 
962, 9.5053706e-01, 6.5081899e-01, 4.7304737e-01 
963, 8.0815026e-01, 8.5088210e-01, 8.1535852e-01 
964, 3.7165070e-01, 4.9346396e-02, 6.0958715e-01 
965, 4.5863087e-01, 2.9849473e-01, 8.9914095e-01 
966, 4.0823781e-01, 8.3223974e-01, 5.6877247e-03 
967, 6.4008819e-01, 1.0269306e-01, 8.0764670e-01 
968, 6.6236760e-01, 6.5616879e-01, 8.8607999e-01 
969, 4.3825205e-01, 4.6634806e-01, 2.0329215e-01 
970, 6.2144926e-01, 4.9446326e-01, 8.8260419e-01 
971, 7.0651530e-01, 9.8489572e-01, 8.9739806e-01 
972, 7.8766849e-01, 1.7643429e-01, 3.4468309e-01 
973, 1.3992766e-01, 5.0287592e-01, 1.4519748e-01 
974, 3.3740001e-01, 6.0663676e-01, 9.8337976e-01 
975, 7.5056788e-01, 3.3359805e-02, 4.9512970e-01 
976, 1.2451032e-01, 6.5044811e-01, 5.4459620e-01 
977, 6.5447274e-01, 1.1963005e-02, 2.2093001e-01 
978, 4.3692246e-01, 7.9403040e-02, 4.7424799e-01 
979, 5.0579189e-01, 2.5169846e-02, 2.6268671e-01 
980, 2.5210860e-01, 5.1678739e-01, 1.6755811e-01 
981, 2.6354762e-01, 2.4083225e-01, 1.5170594e-01 
982, 3.0365337e-01, 3.5545469e-01, 4.0531474e-01 
983, 5.1463271e-01, 3.4486109e-02, 8.8758304e-01 
984, 7.2499648e-01, 8.2078074e-02, 5.2478369e-01 
985, 5.8829010e-01, 6.7928408e-01, 8.5057776e-01 
986, 6.8529284e-01, 8.2541799e-01, 8.7877182e-01 
987, 1.3190214e-01, 8.1944528e-01, 2.5323867e-01 
988, 3.7053151e-01, 7.1542711e-01, 3.3836915e-01 
989, 8.5756084e-01, 5.7797721e-01, 3.7049632e-01 
990, 7.6266468e-01, 2.6665384e-01, 4.1346015e-01 
991, 2.0903443e-02, 3.9964592e-01, 2.9141657e-01 
992, 5.7924035e-01, 9.7530151e-01, 2.8846626e-01 
993, 3.2362816e-01, 5.4394666e-01, 7.7683689e-01 
994, 2.7894014e-01, 1.6809687e-01, 1.9632419e-01 
995, 9.4765636e-01, 9.8786799e-01, 1.3609952e-01 
996, 8.9063643e-01, 8.9390588e-01, 5.5514330e-02 
997, 6.4344636e-01, 1.3884862e-01, 3.6112109e-01 
998, 6.8569649e-03, 1.6461430e-01, 1.5309961e-01 
999, 9.0494430e-01, 6.7779308e-01, 6.6197771e-01 
1000, 4.0984837e-02, 1.8598147e-01, 7.7471361e-01 
1001, 6.8334144e-01, 4.0368915e-03, 6.7307407e-01 
1002, 6.2880872e-03, 7.8577370e-01, 9.1578874e-01 
1003, 4.5949047e-01, 8.0298383e-01, 7.9159821e-01 
1004, 1.0310583e-01, 9.1671890e-01, 7.0848778e-01 
1005, 2.9299811e-01, 3.4306432e-01, 6.9700873e-01 
1006, 5.3238563e-01, 7.4326406e-01, 6.0466559e-01 
1007, 5.3339050e-01, 4.2164643e-01, 7.8378498e-01 
1008, 9.0524659e-01, 4.9077962e-01, 1.8058955e-01 
1009, 2.9188590e-01, 5.3357445e-01, 8.5403913e-01 
1010, 7.6441507e-01, 1.4598133e-01, 8.3089975e-02 
1011, 1.2744134e-01, 8.9946845e-01, 5.7826780e-02 
1012, 8.8596117e-01, 6.1672778e-01, 9.0013848e-01 
1013, 4.4341980e-01, 4.8085014e-01, 5.2681041e-01 
1014, 3.2487485e-01, 5.4979785e-01, 1.9570606e-01 
1015, 4.5182857e-01, 1.4773316e-01, 9.6613101e-01 
1016, 9.6553182e-01, 9.8431089e-01, 3.5489068e-01 
1017, 3.5338549e-01, 2.2234790e-02, 5.0818732e-01 
1018, 5.1804731e-01, 1.5527057e-01, 2.9791650e-01 
1019, 3.2055801e-01, 8.9634606e-01, 8.8605427e-01 
1020, 6.5087055e-01, 5.4253209e-01, 2.9192715e-02 
1021, 9.6100516e-01, 7.0442218e-01, 5.2551473e-01 
1022, 3.1903154e-01, 7.4408481e-03, 7.7259280e-01 
1023, 2.1295906e-01, 2.9631720e-01, 3.9570131e-01 
1024, 5.5185641e-01, 1.8587757e-01, 6.5839481e-01 
1025, 8.1399440e-01, 2.1209813e-01, 9.6518368e-02 
1026, 8.5070314e-01, 8.4787042e-01, 3.3702486e-01 
1027, 3.2016685e-01, 5.6017458e-01, 1.1158895e-02 
1028, 9.8701157e-01, 7.3344934e-01, 4.7796690e-01 
1029, 2.2657302e-01, 8.3474075e-01, 8.4993594e-01 
1030, 5.0440300e-01, 4.1659380e-01, 5.7487911e-01 
1031, 8.4169884e-01, 5.6775199e-02, 4.6282368e-01 
1032, 8.7606253e-01, 2.7342534e-01, 7.9564931e-01 
1033, 5.2069172e-01, 9.8772441e-01, 4.3117700e-01 
1034, 1.2566724e-01, 8.0967969e-01, 7.6728260e-01 
1035, 5.8177998e-01, 2.4532748e-01, 5.1571461e-01 
1036, 6.0255809e-01, 2.4220811e-01, 9.0993503e-01 
1037, 5.5605849e-01, 6.5865312e-01, 4.1761902e-01 
1038, 6.1146972e-01, 4.9674065e-02, 9.8734537e-01 
1039, 8.6245087e-01, 4.4149332e-01, 3.0011090e-01 
1040, 5.8303453e-01, 6.8747049e-01, 4.7116699e-01 
1041, 2.3282323e-01, 4.7546350e-01, 9.7589472e-01 
1042, 9.2952197e-01, 7.1214852e-01, 5.2580920e-01 
1043, 7.9324680e-01, 4.2320578e-01, 8.8204359e-01 
1044, 5.8414831e-01, 6.4528052e-01, 2.4362601e-01 
1045, 9.4727907e-01, 1.4417535e-01, 5.6930785e-01 
1046, 6.8850438e-01, 7.3366034e-01, 9.4060480e-01 
1047, 9.0039576e-01, 7.0124165e-01, 1.9953262e-02 
1048, 8.5688190e-02, 5.4306788e-01, 2.1009172e-01 
1049, 9.6518153e-01, 2.8696723e-01, 8.1292161e-01 
1050, 6.1093901e-01, 9.8895256e-01, 8.3335816e-01 
1051, 8.5197694e-01, 8.0639104e-01, 4.7185219e-01 
1052, 8.4911907e-01, 5.2005663e-01, 9.3911274e-01 
1053, 7.6039330e-01, 1.0778148e-01, 9.9939684e-02 
1054, 7.1079409e-01, 3.4241719e-01, 2.3596338e-01 
1055, 3.9471567e-01, 4.1015793e-01, 5.2884983e-01 
1056, 1.8282381e-01, 4.3418241e-01, 9.6065460e-01 
1057, 4.1383536e-01, 9.9448280e-01, 3.2157152e-01 
1058, 8.8150966e-01, 5.8756803e-01, 1.1800527e-01 
1059, 9.5875015e-01, 1.8997203e-01, 5.0345270e-01 
1060, 7.0059733e-01, 7.9695599e-01, 1.9622790e-01 
1061, 2.4101550e-01, 1.3027912e-01, 9.0740075e-02 
1062, 7.5557037e-01, 2.2290675e-02, 5.6289261e-03 
1063, 4.5551082e-01, 6.6486211e-01, 3.4418506e-01 
1064, 3.1778182e-01, 2.0945692e-01, 3.9557454e-01 
1065, 1.6554032e-01, 3.2402584e-01, 3.5643115e-01 
1066, 7.8967117e-01, 8.3149560e-01, 8.9419353e-01 
1067, 9.9526430e-01, 7.0803308e-01, 7.8055792e-01 
1068, 6.2230362e-01, 1.6661878e-01, 7.6556689e-01 
1069, 7.5412516e-01, 4.0167239e-01, 8.1570168e-01 
1070, 9.3555573e-01, 2.2797995e-01, 8.3347986e-01 
1071, 8.3760505e-01, 5.4022012e-01, 6.6042842e-01 
1072, 1.9384819e-01, 5.3629429e-01, 5.4347175e-01 
1073, 1.4746262e-01, 4.3515166e-01, 8.1694251e-01 
1074, 7.1616207e-01, 3.0787018e-01, 6.2081829e-01 
1075, 3.4065521e-01, 8.7337964e-01, 3.1995772e-01 
1076, 5.7081622e-01, 5.6529950e-02, 4.8818381e-01 
1077, 7.7551007e-01, 1.7388866e-01, 2.4293044e-01 
1078, 2.0601875e-01, 2.2367535e-01, 2.8001011e-01 
1079, 9.7452995e-01, 6.5023251e-01, 8.3827374e-01 
1080, 2.2158384e-01, 3.6184216e-01, 5.4964822e-01 
1081, 5.7364095e-01, 3.3087609e-01, 4.7526811e-01 
1082, 1.7590438e-03, 2.2103777e-01, 1.2979354e-01 
1083, 8.6101230e-03, 8.1979555e-01, 2.5362664e-01 
1084, 4.9298923e-01, 4.3496430e-01, 1.1430700e-01 
1085, 1.2030426e-01, 9.1996198e-01, 3.7391618e-01 
1086, 3.2001714e-01, 6.1660124e-02, 1.8139310e-01 
1087, 1.0323618e-01, 5.7579015e-02, 9.6296894e-01 
1088, 7.2139498e-01, 7.6365882e-01, 5.5506395e-01 
1089, 4.9718131e-02, 5.8540294e-01, 2.9409261e-01 
1090, 7.1489817e-01, 8.0451846e-01, 6.3441151e-01 
1091, 9.6282269e-01, 7.1112367e-01, 9.2712525e-01 
1092, 3.0731855e-01, 2.9722342e-01, 2.1173607e-01 
1093, 6.0710507e-01, 3.9809149e-02, 8.7946693e-01 
1094, 5.2303850e-01, 5.2118608e-01, 3.1338920e-01 
1095, 7.1688534e-01, 1.7561067e-01, 1.9329297e-01 
1096, 8.1882433e-01, 6.8650647e-01, 7.1409398e-01 
1097, 8.2053691e-01, 4.2647938e-02, 7.7290929e-01 
1098, 3.4169499e-01, 7.6829165e-01, 9.4289996e-01 
1099, 9.5266350e-01, 3.8760969e-01, 7.6402223e-01 
1100, 7.9368592e-01, 5.6302798e-01, 1.2833089e-01 
1101, 4.3029957e-01, 3.1698760e-01, 1.0904998e-01 
1102, 9.3359954e-01, 7.2428690e-01, 4.3549897e-01 
1103, 2.3070512e-01, 2.4407698e-02, 8.3552514e-01 
1104, 2.1166058e-01, 9.8510389e-01, 3.5221188e-01 
1105, 8.2764253e-01, 2.8248378e-01, 8.3803305e-01 
1106, 5.2088876e-01, 9.8330935e-01, 3.7437755e-01 
1107, 6.7078636e-01, 4.9239848e-01, 7.8977550e-01 
1108, 9.5062208e-01, 4.2627614e-01, 4.6836417e-01 
1109, 5.6621689e-01, 4.5094852e-01, 6.0640787e-01 
1110, 4.5898467e-01, 4.5638604e-01, 8.9829314e-01 
1111, 6.1854913e-01, 5.8214755e-01, 4.3333751e-01 
1112, 6.5372991e-01, 4.2830717e-01, 7.4649358e-01 
1113, 2.5488182e-01, 8.2043545e-02, 5.0974365e-01 
1114, 4.5365058e-01, 4.0335289e-01, 2.4768526e-01 
1115, 7.4846739e-01, 1.4707001e-01, 2.7519878e-01 
1116, 7.6557175e-01, 3.7085633e-01, 9.0879931e-01 
1117, 5.3214674e-01, 4.2237770e-02, 2.8874603e-01 
1118, 9.4836353e-01, 9.6938722e-01, 8.4608443e-01 
1119, 9.3976911e-01, 2.3988275e-02, 8.5691191e-01 
1120, 5.4789288e-01, 8.5330111e-03, 4.2855275e-01 
1121, 6.7095912e-01, 8.6139553e-01, 7.8038412e-01 
1122, 9.3866863e-01, 5.4425325e-01, 6.0860907e-01 
1123, 7.8715734e-01, 3.2736252e-01, 2.5647916e-01 
1124, 5.0518364e-01, 8.3562949e-01, 9.3425411e-01 
1125, 1.4750720e-01, 2.7449232e-02, 2.1510497e-01 
1126, 6.2742368e-01, 8.1612839e-01, 6.4969702e-01 
1127, 5.4203148e-01, 8.6851160e-01, 6.4171422e-01 
1128, 5.6305608e-01, 5.9000297e-01, 5.9695410e-01 
1129, 6.3951800e-03, 7.6232479e-01, 4.5719350e-01 
1130, 1.3902428e-01, 6.8907046e-01, 5.3000827e-01 
1131, 9.7751980e-01, 2.5482738e-01, 7.8876603e-01 
1132, 3.9601210e-01, 2.8476064e-01, 5.1182901e-01 
1133, 4.1352770e-01, 1.7245588e-01, 6.2094060e-01 
1134, 4.3516627e-01, 7.6566424e-01, 8.0947643e-01 
1135, 5.0129470e-01, 1.2202709e-01, 8.6519757e-01 
1136, 5.9451163e-01, 5.6798375e-01, 9.9932928e-01 
1137, 8.1991555e-01, 5.9122732e-01, 5.2219386e-01 
1138, 5.9831413e-01, 7.3589681e-01, 5.6305913e-01 
1139, 1.9209899e-02, 1.3914558e-01, 1.2709110e-01 
1140, 7.0952770e-01, 2.4741511e-01, 6.9124625e-02 
1141, 1.4351175e-01, 2.7710300e-01, 7.9913271e-01 
1142, 7.1750864e-01, 3.7140472e-01, 3.6880975e-01 
1143, 4.7702013e-01, 6.4686882e-01, 8.4519276e-01 
1144, 9.0975005e-01, 2.7841814e-01, 8.9939532e-01 
1145, 4.9419071e-02, 8.8847065e-01, 1.3524855e-02 
1146, 5.2681274e-01, 2.8397039e-02, 7.3255669e-01 
1147, 9.0173945e-01, 1.8936774e-01, 9.7366758e-01 
1148, 9.0471516e-01, 4.5166235e-01, 4.4219553e-01 
1149, 4.3994798e-01, 8.9817890e-01, 7.0866849e-01 
1150, 8.5134447e-01, 8.5795983e-05, 1.1872983e-01 
1151, 6.0690987e-01, 7.0298648e-02, 8.8808678e-01 
1152, 3.8036856e-02, 9.9623822e-01, 8.2478371e-01 
1153, 1.7978576e-01, 9.1766998e-01, 5.6069863e-02 
1154, 7.5202799e-01, 3.4069226e-01, 3.3419318e-01 
1155, 1.5374456e-01, 9.9820322e-01, 2.1666905e-01 
1156, 2.1998289e-01, 7.1664673e-01, 7.5749857e-01 
1157, 2.8941418e-01, 1.3668190e-01, 7.5594645e-01 
1158, 7.0633529e-01, 9.0479843e-01, 3.8851984e-01 
1159, 9.6227140e-02, 2.7791482e-02, 8.0332478e-02 
1160, 7.2197321e-01, 5.4954142e-01, 3.2400248e-01 
1161, 7.7266137e-01, 1.9676474e-01, 7.9428541e-01 
1162, 3.6285026e-01, 8.2259947e-01, 5.5835064e-01 
1163, 3.2189406e-01, 2.4198552e-01, 2.3561196e-02 
1164, 9.6885049e-01, 5.0750898e-01, 9.5744468e-02 
1165, 4.3136510e-02, 8.3032975e-01, 9.6650831e-01 
1166, 7.8822823e-01, 1.7894266e-01, 7.2140661e-01 
1167, 3.8635501e-01, 1.3452894e-01, 6.0816711e-01 
1168, 8.7962126e-01, 8.5795647e-01, 2.1352120e-01 
1169, 6.4913294e-02, 5.9577708e-01, 9.2858951e-01 
1170, 9.3375857e-01, 6.2219070e-01, 1.5068694e-01 
1171, 4.0118527e-01, 1.9685321e-01, 5.7135153e-01 
1172, 6.1851188e-01, 2.8830266e-01, 4.3747866e-01 
1173, 4.1995009e-01, 3.9373925e-01, 4.0870213e-01 
1174, 7.6878359e-02, 9.9980187e-01, 1.9578732e-01 
1175, 9.9022358e-01, 3.7745252e-01, 7.2636128e-01 
1176, 5.9386899e-01, 7.2148243e-01, 1.5904679e-01 
1177, 5.3690268e-01, 5.0680874e-01, 1.6674459e-01 
1178, 6.1370780e-01, 5.9673687e-01, 6.2753379e-01 
1179, 4.0189718e-01, 3.0899056e-01, 3.3726554e-01 
1180, 7.5022652e-01, 2.7692113e-01, 4.5062461e-01 
1181, 7.0860409e-01, 5.7110347e-01, 9.5979289e-01 
1182, 1.6965850e-01, 2.9964811e-01, 7.0765339e-01 
1183, 9.4846557e-01, 2.9299133e-01, 6.0145158e-01 
1184, 7.0815413e-01, 4.0216079e-01, 3.3444423e-01 
1185, 9.6875742e-02, 1.3352077e-02, 3.6219881e-01 
1186, 2.0175781e-01, 7.3781645e-01, 8.5944937e-01 
1187, 9.1333466e-01, 2.3105715e-01, 9.8207014e-01 
1188, 5.2778677e-02, 2.9505199e-01, 1.3299258e-01 
1189, 4.7354034e-01, 3.5703770e-01, 3.5656857e-01 
1190, 6.3232676e-01, 6.9076822e-01, 4.8995949e-01 
1191, 8.6464472e-02, 8.8880702e-01, 1.7129107e-01 
1192, 8.3718430e-02, 8.6439008e-01, 9.8393876e-01 
1193, 3.2631647e-02, 6.2200892e-01, 3.6293990e-01 
1194, 1.1873986e-01, 8.1424432e-03, 1.2128127e-01 
1195, 2.1543516e-01, 9.9735572e-01, 2.0829808e-01 
1196, 7.7277544e-01, 4.4617968e-01, 3.8652575e-01 
1197, 1.0454700e-02, 4.0106039e-01, 8.6740509e-01 
1198, 8.0187820e-01, 6.5972169e-01, 2.1299618e-02 
1199, 2.9872244e-01, 2.6590449e-02, 8.5034305e-01 
1200, 6.7639442e-01, 8.6445569e-01, 6.3142485e-01 
1201, 8.9943999e-01, 8.6854738e-01, 4.9256677e-01 
1202, 8.9469140e-01, 2.3421575e-01, 5.6481674e-01 
1203, 3.4006580e-01, 3.1234500e-01, 4.6276397e-01 
1204, 5.7617528e-01, 6.9912407e-01, 2.3111370e-01 
1205, 4.9757914e-02, 2.2974374e-01, 3.0553694e-01 
1206, 9.0472476e-01, 7.9003067e-01, 1.3534469e-01 
1207, 5.0466808e-01, 7.0553428e-01, 1.9147019e-01 
1208, 6.3029473e-01, 8.9810727e-02, 9.3009807e-01 
1209, 2.0563062e-01, 8.3728004e-01, 1.8109625e-02 
1210, 2.0195608e-01, 5.4833519e-03, 4.2927809e-01 
1211, 9.0648781e-01, 7.0066575e-01, 5.7532772e-01 
1212, 6.3766957e-01, 5.4515877e-01, 4.6350402e-01 
1213, 9.9115349e-01, 3.2496568e-01, 6.4585427e-01 
1214, 5.8773779e-01, 5.8769290e-01, 3.7208691e-01 
1215, 1.1560586e-01, 1.2044338e-01, 9.0063966e-01 
1216, 7.1636705e-01, 7.7436019e-01, 3.4880538e-01 
1217, 3.3536014e-01, 7.4953140e-01, 5.1449864e-01 
1218, 9.1235431e-01, 5.5686294e-01, 3.0592499e-01 
1219, 7.7582707e-01, 3.0873910e-01, 6.4396394e-01 
1220, 1.8841764e-01, 1.6004017e-01, 2.1412557e-01 
1221, 5.6154375e-01, 6.9248110e-01, 2.9027264e-01 
1222, 3.8124416e-01, 6.9082973e-01, 6.4284241e-01 
1223, 5.0395248e-01, 6.3275094e-01, 5.4920950e-01 
1224, 9.0447341e-01, 8.2264183e-01, 3.5157240e-01 
1225, 1.9439546e-02, 4.3689375e-01, 3.2002425e-01 
1226, 4.4011113e-01, 1.1209397e-01, 9.5849216e-01 
1227, 3.7713295e-01, 1.8426845e-01, 5.1634938e-01 
1228, 3.8266399e-01, 2.7207374e-01, 5.8606843e-01 
1229, 8.0021723e-01, 6.7223634e-01, 6.9557697e-01 
1230, 5.0049449e-01, 9.2961726e-02, 3.9046828e-01 
1231, 3.5612996e-01, 1.6184255e-01, 4.1770079e-02 
1232, 3.4255688e-01, 8.2754457e-01, 6.6151187e-01 
1233, 5.1185231e-01, 5.8096358e-01, 6.1518934e-01 
1234, 7.1946818e-01, 3.5845517e-01, 4.9189592e-01 
1235, 2.9772338e-01, 7.7151607e-01, 5.5579064e-01 
1236, 5.5109490e-02, 2.7985332e-01, 4.8291257e-01 
1237, 3.7457415e-01, 4.2192906e-02, 5.3124096e-01 
1238, 3.2866703e-02, 1.3759187e-02, 3.5584123e-01 
1239, 8.1979952e-01, 4.0868885e-01, 6.9946463e-01 
1240, 8.4433493e-01, 4.4061784e-01, 7.6534424e-01 
1241, 1.6404544e-01, 6.0154664e-01, 4.5596617e-01 
1242, 2.2669326e-01, 1.6111410e-01, 3.4248407e-01 
1243, 5.5556407e-01, 4.7221276e-01, 5.4722470e-02 
1244, 7.1483244e-01, 3.4467858e-01, 2.0639422e-01 
1245, 8.4387037e-01, 9.2088641e-01, 1.4414959e-01 
1246, 5.8027550e-01, 4.9739358e-02, 1.1811268e-01 
1247, 4.6387458e-01, 1.4495228e-02, 6.1885213e-01 
1248, 1.4133433e-01, 4.5265652e-03, 2.0744515e-02 
1249, 8.5770654e-01, 2.0077621e-01, 2.6299917e-01 
1250, 1.0287206e-02, 3.1487693e-01, 7.9395227e-02 
1251, 1.2435305e-01, 8.0704830e-01, 9.5996122e-01 
1252, 7.2556596e-01, 7.1484605e-01, 3.7103402e-01 
1253, 1.6805213e-01, 2.8706452e-01, 9.5656431e-01 
1254, 9.7690482e-01, 6.7141371e-01, 7.6284987e-01 
1255, 4.0379420e-01, 3.8287089e-01, 3.2702077e-01 
1256, 2.6434779e-01, 7.9863738e-01, 1.0749323e-01 
1257, 5.9751889e-01, 7.8048021e-01, 3.5087967e-01 
1258, 5.4326079e-01, 7.7320096e-02, 2.9775188e-01 
1259, 6.5431118e-01, 3.7277694e-01, 7.0264698e-01 
1260, 1.8673600e-01, 3.3495627e-01, 5.0875950e-02 
1261, 2.6176911e-01, 7.8645328e-01, 8.4892948e-01 
1262, 2.0787036e-01, 7.0560279e-01, 3.3011210e-01 
1263, 4.9881474e-01, 9.4590335e-01, 8.1389263e-02 
1264, 6.4081462e-01, 6.1199623e-01, 8.8516445e-01 
1265, 2.8653922e-01, 3.0942637e-02, 5.3355576e-01 
1266, 4.9043562e-01, 4.3424712e-02, 7.9691496e-01 
1267, 7.2259394e-01, 1.6270645e-01, 2.7034661e-01 
1268, 8.0219084e-01, 9.1215274e-02, 2.4863396e-01 
1269, 2.7498115e-01, 5.4877716e-01, 9.5635645e-01 
1270, 7.1576152e-01, 3.8882162e-01, 9.8087814e-01 
1271, 2.6962701e-01, 7.0203595e-01, 8.5415501e-01 
1272, 8.4586783e-01, 9.5875374e-01, 7.8072837e-01 
1273, 9.6784034e-03, 7.6258451e-01, 8.6724005e-02 
1274, 5.6101636e-01, 3.8841601e-01, 2.6034543e-01 
1275, 6.9199175e-01, 8.5595242e-01, 2.8687678e-02 
1276, 8.1288946e-01, 9.9748775e-01, 4.6660005e-01 
1277, 7.2985179e-01, 3.6907350e-01, 5.0694160e-02 
1278, 2.7410866e-02, 5.2430426e-01, 3.9285753e-02 
1279, 4.3592325e-01, 7.6895033e-01, 4.7051499e-01 
1280, 7.8490428e-01, 7.4311315e-01, 8.5259655e-02 
1281, 6.8095561e-01, 1.0109019e-01, 8.1341273e-01 
1282, 9.0891581e-01, 4.4538367e-01, 2.4695828e-01 
1283, 9.2999825e-01, 4.8295697e-01, 4.6467679e-01 
1284, 9.1361841e-01, 8.6509979e-01, 7.0636469e-02 
1285, 6.3689202e-01, 3.4444191e-01, 9.1003895e-01 
1286, 3.9268948e-01, 9.6932804e-01, 9.8635493e-01 
1287, 9.7150672e-01, 3.2554926e-01, 9.1814671e-01 
1288, 1.5686834e-01, 4.9606293e-01, 4.7926493e-01 
1289, 8.6698971e-01, 2.4922171e-01, 8.3504789e-01 
1290, 6.7754195e-01, 2.5996311e-01, 4.5793572e-01 
1291, 3.5853781e-01, 1.2326668e-01, 2.0638168e-01 
1292, 6.5261416e-01, 4.0950471e-01, 3.8281587e-01 
1293, 7.4316510e-01, 1.1204669e-02, 1.1679347e-01 
1294, 9.3093020e-01, 6.0170878e-01, 7.5628206e-01 
1295, 3.8538655e-01, 5.4291447e-01, 6.5315713e-01 
1296, 8.2867050e-01, 2.2317441e-01, 5.3296611e-01 
1297, 5.1641337e-01, 1.0459247e-02, 4.2425480e-01 
1298, 8.5816826e-01, 5.3679933e-01, 7.4391605e-01 
1299, 6.0996651e-02, 1.8389280e-01, 5.6180730e-01 
1300, 9.8775319e-01, 8.9995125e-01, 7.6699889e-01 
1301, 1.6936351e-01, 3.4608424e-01, 5.3110566e-01 
1302, 2.6658715e-01, 8.2225689e-01, 2.6023700e-01 
1303, 4.2291196e-01, 5.9991275e-01, 3.1785164e-01 
1304, 1.1742123e-01, 8.3283984e-01, 4.8775517e-01 
1305, 6.9684695e-02, 4.0756086e-01, 8.2544422e-01 
1306, 1.8115912e-01, 9.5719395e-01, 5.2659738e-01 
1307, 3.5405159e-01, 9.1693289e-01, 6.7000752e-01 
1308, 4.2616383e-01, 6.5013505e-01, 9.8632536e-01 
1309, 1.9626435e-01, 1.5810674e-01, 9.1984547e-01 
1310, 6.5041038e-01, 6.7935531e-01, 1.9882937e-01 
1311, 2.0671508e-01, 2.2263009e-01, 1.2410226e-02 
1312, 2.7771169e-01, 3.6080680e-01, 7.4513520e-01 
1313, 5.8620469e-01, 2.6485270e-01, 6.7566189e-01 
1314, 5.0834732e-01, 6.0721518e-01, 6.9596128e-01 
1315, 5.7214461e-01, 7.5274488e-01, 2.3465427e-01 
1316, 1.3207931e-01, 3.4747533e-01, 4.6750116e-01 
1317, 5.8170237e-01, 9.1475540e-01, 3.2751836e-01 
1318, 5.3934150e-01, 1.3196341e-01, 8.5451068e-01 
1319, 1.0277808e-01, 7.5035906e-01, 7.0412191e-01 
1320, 4.4019993e-01, 2.6222801e-01, 7.3884791e-02 
1321, 8.6040460e-01, 6.0700296e-01, 2.5097020e-01 
1322, 9.8456488e-01, 6.0152302e-01, 7.0983643e-01 
1323, 8.8869672e-01, 4.4467486e-01, 9.4857677e-01 
1324, 8.1978451e-01, 3.2115427e-01, 4.1766760e-02 
1325, 7.4526690e-01, 2.4019699e-02, 3.9751213e-01 
1326, 2.5634402e-01, 5.0406866e-01, 8.2755567e-01 
1327, 7.9894159e-02, 5.4197695e-01, 8.6526173e-01 
1328, 7.7165402e-02, 3.5769192e-02, 8.7023467e-01 
1329, 8.3390757e-01, 7.2263161e-01, 1.5023285e-01 
1330, 1.5708707e-01, 5.7296011e-01, 1.8664512e-01 
1331, 9.3934182e-01, 7.0162836e-01, 9.7733503e-01 
1332, 8.4150781e-01, 5.9928357e-01, 1.6565299e-01 
1333, 5.6071027e-01, 5.5933912e-01, 3.9929094e-01 
1334, 1.7693297e-01, 5.6118208e-02, 3.2211641e-03 
1335, 5.4646099e-01, 2.5888058e-01, 6.6120912e-01 
1336, 5.6455975e-02, 5.2623386e-03, 6.3148657e-01 
1337, 2.6988212e-01, 6.4864694e-01, 2.4519541e-01 
1338, 3.3531573e-01, 8.3727766e-01, 9.6343833e-01 
1339, 6.2148182e-01, 5.1372164e-01, 4.5956252e-01 
1340, 6.7621672e-01, 4.3027068e-01, 9.9053871e-01 
1341, 6.1917506e-01, 6.9635491e-01, 2.1161236e-01 
1342, 6.6264489e-01, 1.9492751e-01, 3.7036623e-01 
1343, 5.5484171e-01, 2.7077049e-01, 5.9110308e-01 
1344, 9.8028498e-01, 9.9531526e-01, 8.5650757e-01 
1345, 2.1532093e-01, 1.9889371e-01, 4.2423975e-02 
1346, 7.2855607e-01, 1.9397501e-01, 8.7011125e-01 
1347, 7.2715730e-01, 9.3385241e-02, 5.6156582e-01 
1348, 3.3543505e-01, 3.9180859e-01, 2.4439800e-01 
1349, 5.2643073e-01, 2.1850397e-01, 6.0107369e-01 
1350, 1.5523311e-01, 5.1085678e-01, 2.1568504e-02 
1351, 3.1707850e-01, 5.2863508e-02, 6.5870646e-01 
1352, 5.3000832e-01, 8.5459511e-01, 5.9614629e-01 
1353, 1.0184185e-01, 1.6831784e-01, 7.1653288e-01 
1354, 9.6983394e-01, 6.0133153e-01, 6.3554493e-01 
1355, 5.1798196e-02, 8.7088241e-01, 5.0279766e-01 
1356, 9.3602215e-01, 9.5312748e-01, 3.2310949e-02 
1357, 7.0905910e-01, 1.6958003e-01, 8.5676700e-01 
1358, 5.9442500e-01, 6.2165785e-01, 8.0835804e-01 
1359, 8.5837071e-01, 7.5041858e-01, 8.5354699e-01 
1360, 8.9367461e-01, 4.7636470e-01, 2.1517842e-01 
1361, 1.2989775e-01, 5.3070728e-01, 7.9863292e-01 
1362, 1.8657525e-01, 5.9436576e-01, 3.5026699e-01 
1363, 7.4856797e-01, 5.5227280e-01, 2.5964905e-01 
1364, 8.1621768e-01, 3.7745030e-01, 4.1426473e-01 
1365, 9.2074148e-01, 7.8060330e-01, 9.4968854e-01 
1366, 5.0304004e-01, 4.1347053e-01, 2.4688943e-02 
1367, 6.3891607e-01, 2.2266016e-01, 7.3979873e-01 
1368, 7.8468143e-01, 4.5619382e-01, 9.0951445e-02 
1369, 5.4400527e-01, 8.9876887e-01, 4.9654865e-02 
1370, 3.3052303e-01, 8.8591012e-01, 1.7775162e-01 
1371, 9.3423225e-02, 9.9699600e-01, 9.0957832e-01 
1372, 3.6002662e-01, 1.5746305e-01, 2.7385642e-01 
1373, 5.6849206e-01, 5.9155591e-02, 2.4714613e-01 
1374, 7.6591574e-01, 3.6894909e-01, 3.7742899e-01 
1375, 2.4518391e-01, 6.4695854e-01, 2.8548386e-01 
1376, 9.6667179e-01, 4.7691661e-01, 8.4163239e-01 
1377, 4.9680913e-01, 7.8988742e-01, 9.9238804e-01 
1378, 9.8177528e-01, 6.7379510e-01, 6.2921401e-01 
1379, 2.6877322e-01, 4.7311301e-01, 8.6376721e-01 
1380, 5.0912282e-01, 4.5709822e-01, 8.2111102e-01 
1381, 5.3097361e-01, 6.1048103e-01, 1.7515099e-01 
1382, 7.6794906e-01, 4.0989050e-01, 6.7380101e-02 
1383, 1.4854572e-01, 4.7434144e-01, 3.4742060e-02 
1384, 2.5705288e-01, 4.3198865e-01, 9.6623136e-01 
1385, 3.5639506e-01, 7.3554954e-01, 5.7350714e-01 
1386, 7.3076976e-01, 4.9707962e-01, 8.5483373e-01 
1387, 2.9428700e-01, 7.6869188e-02, 1.7549209e-02 
1388, 8.9829527e-01, 1.5213018e-01, 3.0115506e-01 
1389, 2.7374613e-01, 9.6486130e-01, 4.5237000e-01 
1390, 9.7721852e-01, 8.8285812e-01, 3.4277652e-01 
1391, 1.3572202e-01, 8.2025313e-02, 9.5879122e-01 
1392, 5.4259518e-01, 2.1763448e-01, 3.7445111e-01 
1393, 6.8771396e-02, 1.0052607e-01, 1.9122746e-01 
1394, 6.5898941e-01, 9.2804448e-01, 5.2515078e-01 
1395, 1.5676806e-01, 8.9091440e-01, 4.9932953e-01 
1396, 9.3949768e-01, 8.0981214e-01, 8.1681066e-01 
1397, 3.2575088e-01, 6.3679311e-01, 7.5998544e-01 
1398, 1.5964117e-01, 9.2696712e-01, 5.2539342e-01 
1399, 2.7341972e-01, 8.5548608e-01, 6.2259688e-01 
1400, 8.1845634e-01, 1.1980672e-01, 7.3098476e-01 
1401, 5.0743713e-03, 7.6224640e-01, 3.0522129e-02 
1402, 3.0747836e-01, 7.8250977e-01, 4.4965354e-01 
1403, 3.6011670e-01, 1.8460124e-01, 1.7711734e-01 
1404, 3.3916767e-01, 7.4543933e-01, 8.2319844e-01 
1405, 9.0736734e-01, 1.1271535e-02, 7.0975971e-01 
1406, 4.2575045e-01, 1.5442874e-01, 9.9640501e-01 
1407, 9.6667315e-01, 1.5849016e-01, 1.4360484e-01 
1408, 3.6814579e-01, 1.8280395e-01, 6.7514326e-01 
1409, 2.4958120e-01, 2.6322930e-01, 9.7990719e-01 
1410, 9.7112354e-01, 4.9537611e-01, 6.7801277e-02 
1411, 9.5885300e-01, 8.6631785e-01, 2.5180501e-02 
1412, 6.8682412e-01, 2.0991509e-01, 4.7138823e-01 
1413, 8.1410888e-01, 9.5234943e-01, 2.5338513e-01 
1414, 8.6228517e-01, 4.0509339e-01, 2.9993474e-01 
1415, 9.2677083e-02, 3.2687131e-01, 7.9449582e-01 
1416, 6.7013854e-01, 1.9515757e-01, 6.2376808e-01 
1417, 5.0205016e-01, 3.6495551e-01, 1.7287262e-01 
1418, 5.2610789e-01, 3.6770865e-01, 9.9268734e-01 
1419, 4.3527432e-01, 8.4366149e-01, 9.6689336e-01 
1420, 7.3564343e-01, 9.4879990e-01, 6.9190085e-01 
1421, 3.4919400e-01, 2.5030637e-01, 7.4695223e-01 
1422, 3.4461515e-01, 6.3845202e-02, 9.4676800e-01 
1423, 5.6329475e-02, 5.7120994e-01, 6.4594475e-01 
1424, 6.4182359e-01, 7.1784015e-01, 3.6090955e-01 
1425, 5.5628973e-01, 8.2066840e-01, 3.2585754e-01 
1426, 1.7477031e-01, 2.3670228e-01, 8.3364224e-01 
1427, 6.0364565e-01, 1.0176009e-02, 3.0998583e-01 
1428, 5.0712398e-01, 2.3916250e-01, 7.3648451e-02 
1429, 9.7430143e-01, 7.3437597e-01, 3.3968427e-01 
1430, 4.4779080e-01, 3.4451074e-01, 5.8604127e-01 
1431, 9.5706143e-01, 8.2355496e-02, 2.4012055e-01 
1432, 1.7692462e-01, 9.0566813e-01, 8.4731044e-01 
1433, 7.5749494e-01, 2.7425814e-01, 3.0793697e-01 
1434, 9.0512252e-01, 5.2172895e-01, 1.5928577e-01 
1435, 1.6855577e-01, 8.2058082e-01, 7.0766977e-01 
1436, 1.2038029e-01, 7.3044894e-01, 2.3450265e-01 
1437, 5.0141576e-01, 9.7170834e-01, 2.9229386e-01 
1438, 1.5847698e-01, 7.2794565e-01, 6.3423545e-01 
1439, 6.7032049e-01, 9.2954545e-01, 1.4255903e-01 
1440, 8.7324392e-04, 8.5850628e-01, 7.7117008e-01 
1441, 3.2118082e-01, 9.1990239e-01, 8.5305666e-01 
1442, 5.3699668e-02, 4.9224069e-02, 2.5574359e-01 
1443, 9.8923367e-01, 4.5784290e-01, 1.7689855e-02 
1444, 4.4084982e-01, 4.7493918e-01, 5.6182340e-01 
1445, 8.9532777e-01, 5.0239775e-01, 4.4911847e-01 
1446, 4.7992493e-01, 6.1354214e-01, 7.6182866e-01 
1447, 1.6806254e-01, 8.7531136e-01, 2.6400763e-01 
1448, 6.1779474e-01, 3.1709598e-01, 5.2705704e-01 
1449, 7.4768766e-01, 5.6764506e-01, 4.5659779e-01 
1450, 9.5134408e-01, 9.5859935e-01, 2.9756042e-01 
1451, 4.5171833e-01, 9.9526036e-01, 4.4241716e-01 
1452, 8.6746107e-01, 5.5823890e-01, 8.3424494e-01 
1453, 5.4307011e-01, 7.0409509e-01, 7.9677847e-01 
1454, 4.6302452e-01, 7.7791175e-01, 3.2171931e-01 
1455, 1.9419338e-01, 2.0317724e-02, 8.2439028e-01 
1456, 5.1073769e-01, 9.3281683e-01, 8.0073357e-01 
1457, 4.0767226e-01, 1.4474716e-01, 9.3471190e-01 
1458, 4.5216012e-01, 4.5756592e-02, 9.6213414e-01 
1459, 1.0414667e-01, 9.6974695e-01, 5.8827892e-01 
1460, 2.5321381e-01, 6.6931006e-01, 7.2138988e-01 
1461, 7.6348512e-02, 2.3595518e-01, 9.0133413e-01 
1462, 9.6050379e-01, 7.7851068e-01, 5.1916486e-01 
1463, 1.3175438e-02, 8.0854137e-01, 3.8868057e-01 
1464, 9.9127960e-01, 3.0678211e-01, 2.7928743e-01 
1465, 5.7411901e-01, 5.1792758e-03, 2.7080436e-01 
1466, 6.3870199e-01, 9.6186082e-01, 1.0843501e-01 
1467, 4.2842410e-01, 3.0117401e-01, 2.2768216e-01 
1468, 2.0583953e-01, 6.7324094e-01, 9.3992349e-01 
1469, 9.9534768e-01, 4.9029701e-01, 8.8546349e-01 
1470, 2.7473968e-01, 7.0278148e-01, 3.3752813e-01 
1471, 2.6826238e-02, 1.4194985e-01, 7.8442946e-01 
1472, 3.4988551e-03, 8.7989460e-01, 9.7588083e-01 
1473, 3.8237006e-01, 6.1207303e-01, 8.3584540e-01 
1474, 7.5076881e-01, 3.2654776e-01, 2.2388256e-01 
1475, 7.4464304e-01, 1.7935479e-01, 6.3121906e-01 
1476, 2.9316741e-02, 1.2757197e-01, 1.5360828e-01 
1477, 3.6952250e-01, 2.6753279e-01, 5.8306768e-03 
1478, 6.9666985e-01, 6.6023460e-01, 9.1102905e-02 
1479, 4.2521666e-02, 9.8253402e-01, 8.3507332e-02 
1480, 5.3911167e-01, 1.7249705e-01, 8.9255672e-01 
1481, 9.2970114e-01, 8.8479448e-01, 1.6248854e-02 
1482, 9.5434324e-01, 5.5214085e-01, 9.9362141e-01 
1483, 9.4524850e-01, 1.1679021e-01, 4.9825711e-01 
1484, 3.5920821e-01, 6.4432769e-01, 3.9126667e-01 
1485, 6.2837681e-01, 5.5940991e-01, 6.9932232e-01 
1486, 1.1080119e-01, 6.7852480e-02, 2.5507618e-01 
1487, 6.5557928e-01, 1.1232603e-01, 5.3973851e-01 
1488, 1.9263614e-01, 6.8981113e-01, 4.6979613e-01 
1489, 3.5838163e-01, 7.0023418e-01, 9.8373188e-01 
1490, 4.2146703e-01, 7.6508148e-01, 6.4798222e-01 
1491, 6.0595284e-01, 8.2394833e-01, 2.4824591e-01 
1492, 9.5271914e-01, 9.0048539e-01, 9.0837647e-01 
1493, 4.8758846e-01, 1.7182277e-01, 7.3599889e-02 
1494, 2.2429233e-01, 5.9661390e-01, 9.9558847e-01 
1495, 6.7599359e-01, 7.6021985e-01, 5.1291736e-01 
1496, 7.0772709e-01, 9.9787312e-01, 5.9646822e-01 
1497, 4.4205938e-01, 8.0815806e-01, 9.2688361e-01 
1498, 9.2870032e-01, 6.6295611e-01, 8.2785054e-01 
1499, 4.8737538e-01, 6.8881886e-01, 7.3099206e-01 
1500, 8.8763398e-01, 8.7723889e-01, 3.9576464e-01 
1501, 3.3205547e-01, 4.7853912e-01, 9.0647038e-01 
1502, 2.5184015e-01, 2.3539519e-01, 5.6674051e-01 
1503, 4.8375749e-01, 5.7519614e-01, 8.7924692e-01 
1504, 1.2088560e-01, 9.9068765e-01, 4.2340388e-01 
1505, 6.9225974e-01, 3.6154326e-01, 4.1251240e-01 
1506, 8.7638271e-01, 4.8877205e-02, 9.0364647e-01 
1507, 9.6440385e-01, 2.6429876e-01, 6.4575036e-01 
1508, 3.9757740e-01, 3.4921819e-01, 6.4772319e-01 
1509, 1.2366876e-01, 5.2134271e-01, 5.2908634e-01 
1510, 1.9357200e-01, 9.7721543e-01, 2.0230085e-01 
1511, 5.9323301e-01, 8.5040096e-01, 3.3427677e-01 
1512, 2.7665475e-01, 4.3473169e-01, 4.3132075e-01 
1513, 3.4668758e-01, 7.2562775e-01, 8.6665961e-01 
1514, 6.2237744e-01, 2.0156226e-01, 9.3616088e-01 
1515, 3.6649111e-01, 2.1463386e-01, 8.4656327e-01 
1516, 4.1433831e-01, 9.4244606e-02, 2.9219676e-01 
1517, 8.3037837e-01, 7.0682901e-01, 9.3171868e-01 
1518, 5.6100721e-01, 9.6350832e-01, 6.8591705e-01 
1519, 7.8495714e-01, 2.9118982e-01, 9.3836986e-01 
1520, 8.6694033e-01, 8.2869049e-01, 9.0221969e-01 
1521, 6.8417202e-01, 2.9045813e-01, 9.5731891e-01 
1522, 7.9756431e-01, 3.8964643e-01, 5.1277268e-01 
1523, 9.3479225e-01, 1.6534764e-01, 5.1257268e-01 
1524, 8.9309366e-02, 3.6703114e-01, 2.0981384e-04 
1525, 9.3252407e-01, 5.2329863e-01, 3.2099888e-01 
1526, 1.3322310e-01, 5.1718796e-01, 7.2436838e-01 
1527, 6.4714758e-01, 6.9313411e-01, 9.0971960e-01 
1528, 4.5406017e-01, 8.3906741e-01, 8.7651700e-02 
1529, 6.2640615e-01, 9.7001610e-01, 3.0320667e-01 
1530, 7.1763725e-01, 5.7716286e-01, 1.3038038e-01 
1531, 2.9108889e-01, 8.5432503e-01, 2.0084405e-01 
1532, 4.8211647e-01, 7.5857784e-01, 7.9527641e-01 
1533, 8.0903106e-01, 5.6953753e-01, 3.2493967e-01 
1534, 8.3686833e-01, 9.2248796e-02, 5.8801977e-01 
1535, 5.8838321e-01, 1.8373522e-01, 9.6504144e-01 
1536, 4.0700031e-01, 8.0959264e-01, 5.4673237e-01 
1537, 8.6219052e-01, 2.3319556e-01, 7.4437120e-02 
1538, 6.7357641e-01, 2.3806275e-01, 5.2879883e-01 
1539, 7.8859100e-01, 5.2480705e-01, 3.3673085e-01 
1540, 4.3927642e-01, 3.5509604e-01, 6.2853779e-01 
1541, 4.6729071e-01, 7.0307638e-01, 8.7537274e-01 
1542, 8.2893082e-01, 3.6636659e-01, 6.1551161e-01 
1543, 5.2491958e-01, 7.8903620e-01, 4.8979153e-01 
1544, 6.8538429e-01, 6.5967435e-01, 2.1050409e-01 
1545, 3.4066736e-01, 2.3340447e-01, 9.4981210e-01 
1546, 2.2978602e-01, 8.9916842e-01, 4.0008336e-01 
1547, 7.3622297e-01, 5.3410449e-01, 5.6276725e-01 
1548, 5.7153237e-01, 1.1169856e-01, 3.0677726e-01 
1549, 4.1975559e-01, 2.7992476e-01, 5.4362908e-01 
1550, 7.7939013e-01, 3.0174069e-03, 7.9984033e-01 
1551, 2.5493819e-01, 7.4266142e-01, 2.7691953e-01 
1552, 3.2327611e-01, 7.3951111e-01, 4.2450773e-02 
1553, 2.5347745e-01, 4.6604554e-01, 3.3270787e-01 
1554, 6.1555296e-01, 9.3496629e-01, 5.0778730e-03 
1555, 8.8911827e-01, 9.2750872e-02, 2.8673964e-01 
1556, 8.9224255e-01, 6.3425381e-01, 9.7778910e-01 
1557, 6.6854835e-01, 4.5841247e-01, 7.1518654e-01 
1558, 7.7133636e-01, 2.4628385e-01, 3.3321255e-01 
1559, 4.1783650e-01, 3.8011937e-01, 8.1826332e-01 
1560, 9.7816702e-01, 8.2420751e-01, 8.3506387e-01 
1561, 9.7129629e-01, 9.4734919e-01, 3.7174289e-01 
1562, 2.0737080e-01, 2.7019783e-01, 5.8048576e-01 
1563, 9.6848431e-01, 9.1825045e-01, 8.0926014e-01 
1564, 9.9740472e-01, 3.6195081e-01, 5.2364761e-01 
1565, 6.8936777e-01, 5.3153286e-01, 2.1047858e-01 
1566, 3.8927295e-01, 6.5867229e-01, 2.5722241e-01 
1567, 1.2502185e-01, 3.2236039e-01, 7.5787763e-01 
1568, 3.6833256e-01, 3.9639837e-02, 6.7530869e-01 
1569, 7.9536545e-01, 9.0096848e-01, 1.4613699e-02 
1570, 2.8896961e-01, 5.7207979e-01, 6.9055538e-01 
1571, 7.0265616e-01, 8.5734584e-01, 3.0901167e-01 
1572, 6.6498326e-01, 9.4190627e-01, 6.3949796e-01 
1573, 1.2340200e-01, 3.6372490e-01, 9.1960709e-01 
1574, 9.8886694e-01, 2.6930505e-01, 1.8519883e-01 
1575, 5.7816301e-02, 3.0574648e-01, 8.7192536e-01 
1576, 4.5007703e-01, 3.8213502e-01, 5.1280164e-01 
1577, 4.1748079e-01, 2.3042409e-01, 3.3584450e-01 
1578, 4.9616174e-01, 6.2530102e-02, 1.7031837e-01 
1579, 3.7938809e-01, 8.9345861e-02, 3.3598394e-01 
1580, 5.3990420e-01, 7.1462581e-01, 4.2842713e-02 
1581, 9.6195960e-02, 8.5978972e-01, 4.6556330e-01 
1582, 1.6826398e-01, 6.7820166e-01, 7.6943097e-01 
1583, 2.8099750e-01, 2.1654119e-01, 5.4369615e-01 
1584, 7.0455022e-01, 8.5803665e-01, 8.8566622e-01 
1585, 6.3424932e-01, 3.6439991e-02, 7.7836860e-01 
1586, 4.0189494e-01, 5.2277792e-01, 7.7815304e-02 
1587, 6.7796590e-01, 8.5656230e-01, 1.5372899e-01 
1588, 8.3097698e-01, 6.7581909e-01, 5.0919780e-01 
1589, 2.9310469e-01, 8.9711638e-02, 2.6483810e-01 
1590, 9.0641844e-01, 7.8764904e-01, 4.8065270e-01 
1591, 3.5917256e-01, 5.9788994e-01, 9.6159277e-01 
1592, 6.6975918e-02, 4.1039151e-01, 2.3566401e-01 
1593, 5.5552607e-01, 8.5317716e-01, 2.7200309e-01 
1594, 2.9172612e-01, 9.8467452e-01, 6.4000133e-02 
1595, 8.0027809e-01, 1.5321780e-01, 5.6723947e-01 
1596, 5.3962023e-01, 5.9748731e-01, 4.4884131e-01 
1597, 2.1075207e-01, 4.8839060e-01, 4.5246366e-01 
1598, 2.4918675e-01, 9.1988297e-01, 7.6903132e-01 
1599, 9.8863497e-01, 4.5258885e-01, 4.7491526e-01 
1600, 3.5661222e-01, 5.8443032e-01, 3.8563294e-01 
1601, 6.0085334e-01, 2.5982714e-01, 8.4608361e-01 
1602, 1.0551142e-02, 3.5886237e-01, 6.6789135e-01 
1603, 3.9788972e-01, 4.4753165e-01, 7.8551379e-03 
1604, 4.0642382e-01, 2.5260655e-01, 7.9842096e-01 
1605, 9.5873760e-01, 3.5978271e-01, 9.7600653e-01 
1606, 7.3991311e-01, 8.3771472e-01, 4.8756175e-01 
1607, 1.0509105e-01, 2.5887388e-01, 9.6488929e-01 
1608, 7.4522071e-01, 7.9283221e-01, 1.0545432e-01 
1609, 2.1163060e-01, 8.5187753e-01, 6.3426950e-01 
1610, 6.5385307e-01, 7.8478831e-01, 6.0887304e-01 
1611, 7.8226102e-01, 5.7940955e-01, 3.0362523e-01 
1612, 5.6549943e-01, 4.7555935e-01, 9.6965225e-01 
1613, 9.5461430e-01, 3.1431312e-01, 4.3337465e-01 
1614, 1.6127816e-01, 3.1695755e-01, 4.8251012e-01 
1615, 5.7366262e-01, 8.8038455e-01, 5.8296465e-01 
1616, 1.5605155e-01, 5.1984517e-01, 1.0545708e-01 
1617, 9.9174292e-01, 7.0719092e-01, 8.1244380e-01 
1618, 7.6361702e-01, 9.5172423e-01, 9.9131069e-01 
1619, 5.7335046e-01, 8.7718152e-01, 9.7884742e-01 
1620, 6.0352866e-01, 2.2806207e-01, 7.4562906e-01 
1621, 5.5165190e-01, 6.2840532e-01, 2.7788425e-01 
1622, 1.0073703e-01, 1.5703028e-01, 9.2592708e-01 
1623, 5.7790978e-01, 1.5232885e-01, 9.9986429e-01 
1624, 8.5825110e-01, 9.3065961e-01, 5.5737608e-01 
1625, 9.8637086e-01, 6.6646736e-02, 5.6347057e-01 
1626, 2.3487653e-01, 7.3161434e-01, 7.0880526e-02 
1627, 1.8010957e-01, 9.6672528e-02, 5.4718569e-02 
1628, 4.5699725e-02, 2.0207279e-01, 8.5505593e-01 
1629, 8.6261041e-01, 9.9499381e-01, 6.4329198e-01 
1630, 3.7794066e-01, 3.6189607e-01, 5.6901602e-01 
1631, 8.1391970e-02, 4.4584104e-01, 8.2228503e-01 
1632, 2.0763787e-01, 6.9743463e-01, 9.8274137e-01 
1633, 5.8834328e-01, 8.1627220e-01, 6.6386613e-02 
1634, 2.0075204e-01, 7.4960047e-02, 8.0889788e-01 
1635, 3.0103813e-01, 1.4927077e-02, 1.3302580e-01 
1636, 7.4865717e-02, 7.6456243e-01, 8.4008656e-01 
1637, 9.5408087e-01, 4.9663314e-01, 7.1874412e-01 
1638, 1.5219536e-01, 2.1010808e-01, 2.6291082e-01 
1639, 2.6736648e-01, 8.6884536e-01, 6.7340619e-01 
1640, 1.9256406e-01, 5.7590928e-01, 5.3280314e-01 
1641, 2.9191158e-02, 6.5177396e-01, 3.3112725e-01 
1642, 2.5084674e-02, 9.0334647e-01, 8.8212227e-01 
1643, 3.8500096e-01, 8.2540468e-01, 4.0747989e-01 
1644, 7.3542275e-01, 5.9831702e-01, 5.9469430e-01 
1645, 9.8853395e-01, 1.6040693e-01, 1.7260695e-01 
1646, 8.4931619e-01, 4.9351802e-01, 3.9426033e-02 
1647, 4.0997627e-02, 2.2729075e-01, 6.9429636e-01 
1648, 5.9621489e-01, 6.1387050e-01, 6.7901053e-01 
1649, 1.7447595e-01, 9.8925325e-01, 8.5012974e-01 
1650, 2.8946319e-02, 6.2425795e-01, 9.9466465e-01 
1651, 2.0942565e-01, 3.0937161e-02, 5.6779393e-02 
1652, 1.7437596e-01, 3.6315609e-01, 3.4962138e-01 
1653, 5.0559068e-01, 8.6556423e-01, 4.2726728e-01 
1654, 4.2814883e-01, 6.4357006e-01, 5.9818521e-01 
1655, 5.8084411e-01, 3.8631833e-01, 1.0101153e-01 
1656, 9.3768672e-01, 9.2683308e-01, 3.1358063e-01 
1657, 8.5755093e-01, 3.5560946e-01, 1.1526376e-01 
1658, 1.2151313e-01, 2.2834067e-01, 5.5795328e-01 
1659, 3.3407803e-01, 6.6711057e-03, 3.7796464e-01 
1660, 5.1775214e-01, 6.1942073e-01, 6.0897824e-01 
1661, 1.5611040e-01, 3.6307903e-01, 7.5466828e-01 
1662, 1.3551586e-01, 3.4705617e-01, 1.2764083e-02 
1663, 8.4231497e-01, 5.8365952e-02, 6.5903538e-01 
1664, 5.9680796e-01, 8.2896426e-01, 3.0931461e-01 
1665, 8.0804659e-01, 2.8751369e-01, 4.5277551e-02 
1666, 2.4574906e-01, 7.6710862e-01, 1.5353011e-01 
1667, 2.6286298e-01, 6.1204324e-01, 4.4835494e-01 
1668, 3.9185545e-01, 8.1263581e-01, 5.7583660e-01 
1669, 1.2851865e-01, 1.5699557e-01, 2.4825522e-01 
1670, 3.1455485e-01, 1.3298616e-01, 6.4047939e-02 
1671, 7.8049771e-02, 8.1238090e-01, 6.9688140e-01 
1672, 3.0777259e-01, 5.9766772e-01, 9.9179983e-03 
1673, 2.0776785e-01, 8.0947986e-01, 4.2211167e-01 
1674, 9.3880348e-01, 1.0952246e-01, 5.8642743e-01 
1675, 4.1319318e-01, 4.9664563e-01, 7.7413281e-01 
1676, 7.4101413e-01, 2.0649490e-01, 3.7526026e-01 
1677, 7.1727944e-01, 4.9704250e-01, 4.0761737e-01 
1678, 3.8651714e-01, 1.2914877e-01, 7.9739244e-01 
1679, 6.3504262e-01, 1.2429156e-01, 8.7463840e-01 
1680, 8.2400899e-01, 7.7995977e-01, 7.8399166e-01 
1681, 7.6579276e-01, 6.1350803e-01, 4.8320867e-01 
1682, 9.3496175e-01, 3.3244163e-01, 8.4492984e-01 
1683, 1.5943170e-01, 9.3192543e-01, 7.1306759e-01 
1684, 1.4398098e-01, 9.5320326e-02, 2.7623137e-01 
1685, 1.0157432e-02, 6.7787475e-01, 8.3893135e-01 
1686, 2.7903809e-02, 6.5154122e-02, 9.8260290e-01 
1687, 8.8615274e-01, 3.4617654e-01, 3.2369465e-01 
1688, 4.1209693e-01, 2.3629448e-01, 4.2701060e-01 
1689, 7.6077973e-01, 7.2688199e-01, 9.0852430e-01 
1690, 9.1353069e-01, 8.3038390e-01, 2.8916297e-01 
1691, 8.0676137e-01, 8.1189985e-01, 4.4797056e-01 
1692, 6.6238664e-01, 8.3818773e-01, 8.3860206e-01 
1693, 9.7994300e-01, 5.2126485e-01, 4.2944267e-01 
1694, 7.9788419e-01, 8.5487363e-01, 3.3748478e-02 
1695, 4.8822280e-01, 8.5578110e-02, 2.9326361e-01 
1696, 2.5980447e-01, 4.3803737e-01, 6.2883740e-01 
1697, 4.8129822e-01, 8.0413112e-01, 3.2375422e-02 
1698, 7.7556671e-01, 2.9488535e-01, 8.3636061e-01 
1699, 3.2470262e-01, 9.4201163e-01, 4.9544850e-01 
1700, 1.3071510e-02, 6.0008483e-01, 7.1554388e-01 
1701, 6.9716291e-01, 2.2106058e-01, 8.4735316e-01 
1702, 5.4104857e-02, 7.4000363e-01, 1.3329948e-02 
1703, 1.4455961e-01, 8.9558044e-01, 8.1963718e-02 
1704, 4.5807364e-01, 9.7444362e-01, 9.1889643e-01 
1705, 6.8976031e-01, 2.8128666e-01, 3.7031502e-01 
1706, 9.3376955e-01, 8.0054132e-01, 3.7834734e-01 
1707, 3.3192306e-01, 1.1966103e-01, 6.3304007e-01 
1708, 7.2005672e-01, 7.8926482e-01, 4.1483436e-01 
1709, 4.7451079e-01, 2.7680982e-01, 9.8816286e-01 
1710, 8.1597402e-01, 5.7468163e-01, 4.4037239e-01 
1711, 2.2813957e-01, 7.2041409e-01, 6.3381629e-01 
1712, 7.8830218e-01, 4.4327170e-01, 5.0724020e-01 
1713, 9.3485465e-01, 2.1953099e-01, 3.0803166e-01 
1714, 6.3449519e-01, 2.0699091e-02, 8.4458730e-01 
1715, 3.8528741e-01, 5.0365584e-01, 8.5251890e-01 
1716, 8.5333506e-01, 7.3454506e-01, 8.0092901e-01 
1717, 9.4145118e-01, 2.5142925e-01, 4.2519991e-01 
1718, 2.5806121e-01, 7.9879094e-01, 5.8444351e-01 
1719, 5.1260021e-01, 3.9484243e-01, 9.8462442e-01 
1720, 6.0553316e-01, 5.5329585e-01, 4.3635523e-01 
1721, 3.3735400e-01, 4.7008698e-01, 4.5821435e-01 
1722, 6.9461080e-01, 9.8373431e-01, 2.7409142e-01 
1723, 8.2763207e-02, 5.9924688e-01, 8.4359906e-01 
1724, 9.4227766e-01, 1.1694620e-01, 6.7476812e-01 
1725, 3.0953779e-01, 4.3891075e-01, 7.0260545e-01 
1726, 1.7421235e-02, 3.1567280e-01, 5.6534917e-01 
1727, 8.1004607e-01, 7.7458719e-01, 1.8808714e-01 
1728, 7.6439692e-02, 9.4098608e-01, 5.8724907e-01 
1729, 9.6460909e-01, 5.0749142e-01, 6.7802033e-01 
1730, 4.1387664e-01, 2.0824883e-01, 7.6764630e-01 
1731, 9.4711377e-01, 3.7555091e-01, 9.1761703e-02 
1732, 3.6489711e-01, 2.3663635e-01, 6.3520110e-01 
1733, 3.9766962e-02, 9.2649119e-01, 2.0849758e-01 
1734, 7.5721100e-01, 2.4969164e-01, 5.2450779e-01 
1735, 4.7517685e-01, 2.1654895e-01, 4.6991552e-01 
1736, 2.3950563e-02, 3.3125510e-01, 9.5122540e-01 
1737, 4.9424450e-01, 1.3428287e-01, 6.3369363e-02 
1738, 5.0006760e-02, 5.8990158e-01, 5.8720131e-02 
1739, 7.6465311e-01, 6.8949142e-01, 6.0974035e-01 
1740, 3.6255997e-01, 2.8748387e-01, 2.7115884e-01 
1741, 1.7173111e-01, 7.0248736e-01, 5.2285475e-01 
1742, 3.0199149e-01, 5.0039119e-01, 1.9355198e-01 
1743, 7.1587051e-01, 1.8614820e-01, 6.7432598e-01 
1744, 3.4669250e-01, 2.4107079e-01, 5.8941116e-01 
1745, 6.2896071e-01, 8.9811313e-01, 6.6358241e-01 
1746, 7.3565842e-01, 2.0798321e-01, 8.4473101e-01 
1747, 3.9318246e-01, 8.2358630e-01, 7.0128831e-01 
1748, 8.1869582e-01, 3.3118777e-03, 9.8849103e-01 
1749, 8.8607078e-02, 2.7577562e-01, 1.5661235e-02 
1750, 5.8466658e-01, 4.2028039e-01, 6.9821278e-01 
1751, 6.5693655e-01, 5.4446691e-01, 4.3522092e-01 
1752, 6.7236218e-01, 4.1149703e-01, 5.1976178e-01 
1753, 1.1639281e-01, 3.0566309e-01, 4.2064673e-01 
1754, 5.7060564e-01, 1.0292007e-01, 7.2903429e-01 
1755, 4.3147506e-01, 6.9165887e-01, 3.5712917e-01 
1756, 1.0830916e-01, 8.8519223e-01, 2.6858929e-01 
1757, 5.8683694e-01, 5.0792267e-01, 8.6898411e-02 
1758, 3.1021251e-02, 6.6544440e-01, 8.3890611e-02 
1759, 1.2918592e-01, 1.0580464e-01, 7.7977020e-01 
1760, 5.7567440e-01, 2.7463261e-01, 9.0186401e-01 
1761, 7.8949326e-01, 6.7094435e-02, 3.2420195e-01 
1762, 8.9137340e-01, 1.4383892e-01, 4.0072292e-01 
1763, 2.9805943e-01, 3.3472137e-01, 1.2179581e-01 
1764, 4.8037572e-01, 8.0318876e-01, 4.5707944e-01 
1765, 3.1870507e-01, 2.8910565e-01, 8.1265524e-01 
1766, 1.2993717e-02, 8.0228767e-01, 9.1941750e-02 
1767, 4.8453286e-01, 3.0098631e-01, 6.8227278e-01 
1768, 4.1230264e-01, 1.6687019e-01, 1.0172134e-01 
1769, 4.2857669e-01, 6.6648844e-03, 3.6654127e-01 
1770, 3.4373293e-01, 6.3559287e-01, 9.9632020e-01 
1771, 3.2758978e-01, 8.2589079e-01, 3.5730345e-01 
1772, 7.4901441e-01, 7.5630574e-01, 3.4688436e-01 
1773, 2.4296114e-01, 2.6079049e-01, 2.9799569e-01 
1774, 8.9907159e-01, 8.2593766e-01, 4.4753269e-02 
1775, 2.8656386e-01, 8.9271099e-01, 1.1772676e-02 
1776, 6.9131203e-02, 6.4090327e-01, 8.0582709e-01 
1777, 7.8679082e-01, 5.5707195e-01, 8.6545127e-01 
1778, 6.1056008e-01, 7.9407538e-01, 6.6253586e-01 
1779, 5.9096472e-01, 5.2682331e-01, 1.6202550e-01 
1780, 2.4116998e-01, 7.3532756e-01, 5.1323742e-01 
1781, 4.5362124e-01, 4.4140423e-01, 9.2404575e-02 
1782, 8.8320412e-01, 8.2882364e-01, 4.9615967e-01 
1783, 4.2777386e-01, 9.3074531e-01, 6.9922199e-01 
1784, 5.1704893e-01, 7.2639418e-01, 3.1767949e-01 
1785, 1.3207282e-01, 4.6198751e-01, 3.8563230e-01 
1786, 3.1508539e-01, 9.0526700e-01, 8.0345903e-01 
1787, 6.4296588e-01, 6.3355135e-03, 3.7251023e-01 
1788, 7.5887398e-01, 6.1045092e-01, 5.3978859e-01 
1789, 6.1947635e-01, 8.0028009e-01, 7.7367159e-01 
1790, 8.6854539e-01, 3.8476583e-01, 5.4738055e-01 
1791, 3.1922269e-01, 6.2704254e-01, 4.6836399e-01 
1792, 5.2211466e-01, 9.9719989e-01, 2.4672967e-01 
1793, 7.7838229e-01, 7.0764806e-01, 9.6339786e-01 
1794, 5.4913690e-01, 3.3388324e-02, 2.0333177e-01 
1795, 1.7769478e-01, 3.8577835e-01, 8.0232731e-01 
1796, 5.2769603e-01, 7.2056254e-01, 7.3419401e-01 
1797, 2.9977041e-01, 1.6148492e-01, 4.4634916e-01 
1798, 4.8217762e-01, 8.3404859e-01, 4.1610781e-01 
1799, 4.9786423e-01, 4.2182539e-01, 1.7196492e-01 
1800, 8.3247786e-01, 6.8430470e-01, 8.1745189e-01 
1801, 8.4290098e-01, 3.2697247e-01, 3.1193089e-01 
1802, 3.3993985e-01, 1.2524082e-02, 1.3482130e-01 
1803, 2.8153303e-01, 8.0131377e-01, 2.7571021e-01 
1804, 9.6605386e-01, 1.0697236e-01, 4.4011904e-01 
1805, 5.4514194e-01, 7.6955700e-01, 3.0420633e-01 
1806, 1.0844854e-01, 2.2549254e-01, 6.1381911e-01 
1807, 3.6810981e-01, 9.0631044e-01, 4.7548397e-01 
1808, 3.2717858e-01, 2.9532215e-01, 4.0837058e-01 
1809, 7.5046769e-01, 1.3355465e-01, 4.5022498e-01 
1810, 4.4102278e-01, 4.5842995e-01, 4.5868350e-01 
1811, 3.9446911e-01, 9.8592727e-01, 1.2628532e-01 
1812, 9.7083056e-01, 5.5775353e-01, 1.2544296e-01 
1813, 9.5857096e-02, 6.9225020e-01, 6.1630560e-01 
1814, 8.8280549e-01, 6.7951163e-01, 3.6539471e-01 
1815, 5.1970621e-01, 1.4600831e-01, 5.0800364e-01 
1816, 5.2903065e-02, 1.1394463e-01, 7.6610583e-01 
1817, 5.3486461e-02, 6.4685508e-01, 4.1115427e-01 
1818, 6.9896656e-01, 3.3083546e-01, 4.0079590e-01 
1819, 2.9348538e-02, 1.8648006e-01, 4.2250876e-01 
1820, 4.5517658e-02, 4.2319502e-01, 9.5726132e-02 
1821, 3.0621933e-01, 3.9561411e-01, 6.9716297e-01 
1822, 8.7762074e-02, 2.8044107e-01, 5.3356956e-01 
1823, 3.9943023e-01, 4.2924978e-01, 2.4779214e-01 
1824, 3.5968977e-01, 9.3170133e-01, 4.0070376e-01 
1825, 5.1649712e-01, 3.7560467e-01, 9.3935982e-01 
1826, 4.2875016e-02, 3.7747497e-02, 7.3181866e-01 
1827, 6.1792939e-01, 5.6405440e-01, 8.8524087e-01 
1828, 2.9785682e-02, 1.4499652e-01, 7.0196057e-01 
1829, 6.1427248e-01, 5.1813512e-01, 6.5530778e-01 
1830, 5.8783905e-01, 6.5488005e-01, 8.9167343e-01 
1831, 8.3239955e-01, 9.8463783e-02, 2.2449787e-01 
1832, 5.2416954e-01, 2.7824106e-01, 4.2717367e-01 
1833, 7.9691211e-01, 9.6059080e-02, 3.8683345e-01 
1834, 3.8079838e-01, 2.4778613e-01, 8.3534512e-01 
1835, 8.1444302e-01, 5.4805819e-01, 4.6506344e-01 
1836, 2.3259370e-02, 6.1233738e-01, 4.0746781e-01 
1837, 5.9483977e-01, 4.0399579e-01, 5.9979150e-01 
1838, 2.7446356e-01, 8.6599092e-01, 7.5513046e-02 
1839, 2.8674033e-01, 5.4778894e-01, 6.4074566e-01 
1840, 3.8345072e-01, 2.3614854e-01, 6.7553758e-03 
1841, 2.8204939e-01, 5.9633118e-01, 2.4184237e-01 
1842, 3.0287753e-01, 4.3673838e-01, 2.0401170e-01 
1843, 5.6456381e-01, 3.3452159e-01, 3.8020161e-01 
1844, 2.4252634e-01, 8.0112781e-02, 3.2771222e-01 
1845, 8.6559176e-01, 5.0911198e-01, 6.2589554e-01 
1846, 1.6900049e-01, 1.5502295e-01, 1.6678792e-01 
1847, 1.7804070e-01, 5.5253059e-01, 9.1451057e-01 
1848, 8.0063251e-01, 8.2174422e-01, 2.2437369e-04 
1849, 3.5640511e-01, 6.2114399e-01, 7.8681071e-01 
1850, 7.8251816e-01, 1.1813028e-01, 8.9539972e-01 
1851, 2.4254725e-01, 9.6116261e-01, 7.7771964e-01 
1852, 3.5158781e-01, 1.6019584e-01, 2.1690127e-01 
1853, 5.3287614e-01, 4.9661255e-03, 5.2728963e-01 
1854, 7.6620891e-01, 9.0505795e-01, 3.3301966e-01 
1855, 7.0545185e-01, 9.6841370e-01, 7.3018083e-01 
1856, 6.7260671e-01, 8.7795961e-02, 1.1557014e-01 
1857, 5.7107031e-01, 4.3836771e-01, 9.8090194e-01 
1858, 5.9388810e-01, 3.7354938e-01, 5.9004256e-01 
1859, 5.7646675e-01, 1.7697487e-01, 2.9401785e-01 
1860, 5.0441797e-01, 9.9813025e-01, 5.7142924e-01 
1861, 9.6697902e-01, 8.6852279e-01, 8.2029797e-01 
1862, 7.0245201e-01, 6.5159224e-02, 2.0009557e-01 
1863, 9.6382695e-01, 6.4128305e-01, 6.6119230e-02 
1864, 7.6623340e-01, 1.7022365e-01, 1.7642735e-01 
1865, 6.4142716e-01, 4.0831318e-01, 9.6977018e-01 
1866, 8.5753538e-01, 2.6499974e-01, 3.4883234e-01 
1867, 3.1743655e-01, 6.0417724e-01, 3.2072206e-01 
1868, 7.7114343e-01, 8.3099858e-01, 4.4835153e-01 
1869, 5.0539690e-01, 1.2228720e-01, 7.8201988e-01 
1870, 8.8611608e-01, 2.9565119e-01, 6.7759971e-01 
1871, 9.6074303e-01, 8.3059673e-01, 5.3936128e-01 
1872, 6.1493001e-01, 7.1777201e-01, 8.9759722e-01 
1873, 5.0878643e-01, 5.6398607e-01, 5.8602428e-01 
1874, 4.5051793e-01, 4.5473074e-01, 8.6835071e-01 
1875, 2.2475170e-02, 9.7876762e-01, 2.0949206e-01 
1876, 3.8796807e-01, 3.8929935e-01, 7.8436463e-01 
1877, 7.1811192e-02, 6.9927043e-01, 9.9926000e-01 
1878, 3.1627783e-01, 2.5627550e-01, 9.5852241e-01 
1879, 4.0691668e-01, 8.9796561e-01, 1.7576735e-01 
1880, 9.8995468e-01, 1.0463468e-01, 8.9222309e-01 
1881, 5.1238460e-01, 6.8728141e-01, 6.9753748e-01 
1882, 1.4214799e-01, 2.5474965e-02, 6.3156282e-01 
1883, 6.5863358e-01, 7.8264839e-01, 9.8587729e-01 
1884, 3.6900385e-02, 6.2573086e-01, 7.1364445e-01 
1885, 1.7176719e-01, 7.1704440e-01, 6.8922486e-01 
1886, 8.1303799e-01, 7.1871742e-01, 4.8319885e-02 
1887, 7.7593009e-01, 8.8776527e-01, 9.5926070e-01 
1888, 1.5801141e-01, 3.7568505e-01, 6.1062007e-01 
1889, 1.2951161e-01, 8.9982146e-01, 2.4234688e-01 
1890, 6.5415434e-01, 3.3025111e-01, 5.8083148e-01 
1891, 6.6034850e-01, 6.0790824e-01, 5.2085410e-01 
1892, 4.4114130e-02, 3.1420894e-01, 3.7715409e-01 
1893, 2.3694282e-01, 8.9071908e-02, 6.2717391e-01 
1894, 9.2438595e-01, 3.2706567e-01, 9.5757927e-01 
1895, 7.2056086e-01, 6.4672563e-01, 6.1646534e-01 
1896, 1.1286758e-01, 5.2540384e-01, 3.4940103e-01 
1897, 4.3881905e-01, 4.1516570e-01, 8.0360026e-03 
1898, 8.0990822e-01, 4.7900709e-01, 4.3668961e-01 
1899, 6.7054798e-01, 9.3605071e-02, 4.8409410e-01 
1900, 1.2711726e-01, 2.2775154e-01, 8.0429227e-01 
1901, 6.8200364e-01, 1.2830086e-01, 6.4468410e-01 
1902, 1.9695978e-01, 4.4990962e-02, 6.9631240e-01 
1903, 5.6996494e-01, 9.5701225e-01, 1.1703764e-01 
1904, 2.0432076e-01, 5.5752945e-01, 8.3481287e-01 
1905, 4.3355470e-01, 7.6550117e-01, 9.1708253e-01 
1906, 5.7249274e-01, 6.8401651e-01, 7.6371636e-01 
1907, 1.1417233e-01, 1.9304468e-01, 5.6649851e-01 
1908, 6.1570774e-01, 9.4846378e-01, 2.5287612e-01 
1909, 5.3762169e-01, 9.5194791e-01, 3.0555110e-01 
1910, 7.4962329e-01, 8.1367047e-01, 9.3226953e-01 
1911, 2.8605123e-01, 2.7588630e-01, 5.0754317e-01 
1912, 4.3046433e-01, 2.9711206e-01, 1.9339435e-02 
1913, 8.0879146e-01, 8.7891377e-01, 6.2710849e-02 
1914, 5.5082176e-01, 2.1206325e-01, 8.8819843e-01 
1915, 2.5174776e-01, 2.8039893e-01, 5.5309108e-01 
1916, 2.6924236e-01, 4.7400811e-01, 3.7746530e-01 
1917, 2.2758981e-01, 4.0594965e-01, 9.7217630e-01 
1918, 3.2194775e-01, 9.6537752e-01, 5.7738505e-01 
1919, 1.9376903e-01, 4.7849445e-02, 7.2810523e-01 
1920, 1.3966463e-02, 3.0542053e-01, 8.0132395e-01 
1921, 9.5283835e-01, 4.1842179e-01, 7.4404854e-01 
1922, 2.2771658e-02, 8.3945264e-01, 3.3158927e-02 
1923, 3.5859542e-01, 6.1868988e-01, 8.8533169e-02 
1924, 8.4898901e-01, 7.7862107e-01, 7.3778224e-01 
1925, 1.1685843e-01, 3.1175186e-01, 1.3847793e-01 
1926, 9.8605765e-01, 8.0561426e-01, 4.3433376e-01 
1927, 9.3332984e-01, 9.9070083e-01, 9.1875411e-01 
1928, 3.0768491e-01, 6.1744524e-01, 2.1964316e-01 
1929, 5.1095013e-01, 8.8001393e-01, 8.1569411e-02 
1930, 1.1859142e-01, 8.5022537e-02, 3.5333303e-01 
1931, 2.2200945e-02, 6.2375092e-01, 2.8622594e-01 
1932, 6.7646619e-01, 1.1300301e-02, 8.9520200e-01 
1933, 7.2946095e-01, 2.7259951e-02, 8.3179077e-01 
1934, 4.5310306e-01, 7.4031128e-02, 5.2399043e-02 
1935, 9.7778851e-01, 4.8256887e-01, 2.2619661e-01 
1936, 2.5657603e-02, 1.3130410e-01, 2.3313862e-01 
1937, 4.8898624e-01, 6.7668722e-01, 6.4010531e-01 
1938, 3.6667977e-01, 1.4778088e-03, 8.8450309e-01 
1939, 3.8042075e-01, 9.5782946e-01, 1.0350534e-02 
1940, 5.0766430e-01, 8.6055839e-01, 6.5460466e-01 
1941, 5.7582190e-01, 5.9932159e-01, 9.0325496e-02 
1942, 3.8150316e-01, 1.7953667e-01, 9.4537844e-01 
1943, 1.8205746e-01, 1.7658478e-01, 2.9751691e-01 
1944, 5.2461692e-01, 8.9289406e-01, 2.0790054e-01 
1945, 9.2328119e-01, 2.0030649e-01, 8.8961435e-01 
1946, 6.9270115e-01, 4.7232408e-01, 8.1592516e-01 
1947, 3.8342393e-01, 5.3719992e-01, 9.6845382e-01 
1948, 9.9147163e-01, 3.5164956e-01, 1.4494342e-01 
1949, 4.4604104e-01, 5.7444550e-01, 5.4993125e-01 
1950, 4.7391473e-01, 9.2245700e-01, 9.2611870e-01 
1951, 1.2367422e-01, 7.0114777e-01, 8.7304012e-01 
1952, 1.0793528e-01, 1.7224843e-01, 2.7242726e-02 
1953, 1.1145617e-01, 5.6604414e-01, 4.9501414e-01 
1954, 1.3209459e-01, 8.3068119e-01, 1.5901764e-01 
1955, 8.6687293e-01, 1.7954663e-01, 8.6371467e-01 
1956, 3.8357724e-01, 4.1012407e-01, 4.5594888e-01 
1957, 3.2078735e-01, 3.8720588e-01, 9.2942727e-01 
1958, 9.8647451e-01, 4.8376089e-01, 1.2057211e-01 
1959, 9.9150776e-02, 1.8087009e-01, 6.3249054e-01 
1960, 4.7927370e-01, 2.6673023e-01, 3.2638957e-02 
1961, 2.8132597e-01, 8.2591257e-01, 2.1688343e-01 
1962, 7.1331650e-01, 4.0414028e-01, 7.6312916e-01 
1963, 7.3012341e-01, 8.8927501e-01, 8.2276970e-01 
1964, 3.9305926e-01, 3.2636723e-01, 4.6024303e-02 
1965, 6.8658390e-01, 6.9116781e-01, 4.4448497e-01 
1966, 7.4440263e-01, 9.2087571e-01, 3.0002036e-01 
1967, 7.4207801e-01, 9.3841546e-01, 4.3953212e-01 
1968, 5.7977230e-01, 4.7878713e-01, 5.3026747e-01 
1969, 8.4697290e-01, 7.9808730e-01, 2.2666252e-01 
1970, 2.3006792e-01, 9.4880830e-01, 1.2574710e-01 
1971, 2.3314801e-01, 8.6068201e-01, 4.9993483e-01 
1972, 6.7580942e-01, 1.6201988e-01, 2.9080820e-01 
1973, 1.9038119e-01, 8.4826330e-01, 4.8874033e-01 
1974, 8.6031252e-01, 1.5114967e-01, 9.8585362e-01 
1975, 2.6657110e-03, 4.1536621e-01, 2.5019332e-01 
1976, 7.1513604e-01, 5.1936627e-02, 5.9090603e-02 
1977, 5.5719590e-01, 2.6095592e-01, 2.5397501e-01 
1978, 2.0069778e-01, 6.6567461e-01, 1.6307867e-01 
1979, 5.0465477e-02, 6.9715498e-01, 4.9570268e-01 
1980, 7.6563000e-01, 6.3442937e-01, 7.3034617e-01 
1981, 5.0539351e-01, 8.5006763e-01, 1.7558289e-01 
1982, 2.2629228e-01, 3.3895898e-01, 7.1029877e-01 
1983, 6.7381953e-01, 9.7790968e-02, 6.6204587e-01 
1984, 5.1874785e-01, 2.3098972e-01, 4.8703288e-01 
1985, 5.6106666e-01, 2.9239390e-01, 4.6218331e-01 
1986, 4.7743215e-01, 2.7947034e-01, 2.6645148e-01 
1987, 2.6547645e-01, 7.8476173e-01, 6.3122189e-01 
1988, 4.7233097e-02, 8.0625430e-01, 8.0744876e-02 
1989, 1.1730360e-01, 7.3495256e-01, 9.1432384e-01 
1990, 6.0738515e-01, 4.8539410e-01, 4.0028813e-01 
1991, 7.2820765e-01, 8.0687143e-01, 9.0682055e-01 
1992, 9.5569597e-01, 7.6534356e-01, 5.8738043e-01 
1993, 4.3644184e-01, 8.2792135e-02, 4.1436369e-01 
1994, 8.3350627e-01, 2.4840501e-01, 1.7943953e-01 
1995, 4.2145048e-02, 2.1450890e-01, 1.5549905e-01 
1996, 1.7378421e-01, 1.4461060e-01, 8.8654833e-01 
1997, 9.6966017e-01, 5.6129785e-01, 3.4853842e-02 
1998, 9.9157391e-01, 4.6040867e-01, 2.5454112e-01 
1999, 3.4877533e-01, 9.6007445e-02, 5.7367008e-01 
2000, 7.4980699e-02, 4.8041409e-01, 7.9791376e-01 
2001, 1.4669608e-01, 9.9175236e-01, 7.8243305e-01 
2002, 6.8635442e-02, 6.7518051e-01, 6.5166855e-01 
2003, 4.2153357e-03, 8.7788096e-01, 8.5870027e-02 
2004, 4.8664490e-01, 8.8821528e-01, 4.4214808e-01 
2005, 4.4853648e-01, 7.7025434e-01, 1.8702841e-02 
2006, 9.9974302e-01, 4.0563648e-01, 2.2920443e-01 
2007, 1.2800306e-01, 1.5145545e-01, 1.7465649e-01 
2008, 7.0302360e-01, 4.7562842e-01, 5.4038865e-01 
2009, 6.9435587e-01, 2.2467567e-01, 6.6992017e-01 
2010, 5.7841472e-02, 7.3458498e-01, 7.3712788e-02 
2011, 3.1318536e-02, 8.7906522e-01, 1.2778740e-01 
2012, 9.1337087e-01, 5.8826188e-01, 8.6810094e-01 
2013, 6.8447388e-01, 3.6564453e-01, 3.8428968e-02 
2014, 2.7249368e-01, 9.7203083e-01, 2.0251471e-01 
2015, 8.3736915e-01, 6.8730345e-01, 3.3110951e-01 
2016, 3.6280215e-01, 4.9500807e-01, 6.5008852e-01 
2017, 4.5678608e-01, 6.0512057e-01, 8.4537555e-01 
2018, 5.3474093e-01, 8.1669706e-01, 4.8397533e-01 
2019, 5.1860073e-01, 2.1134422e-01, 5.4295179e-01 
2020, 1.2223175e-01, 4.5127777e-01, 6.8821459e-01 
2021, 5.8103456e-01, 7.5608679e-01, 1.2708273e-01 
2022, 3.7306711e-03, 1.6853270e-01, 9.5710942e-01 
2023, 4.9917298e-01, 9.7650152e-01, 8.2576469e-02 
2024, 6.4619351e-01, 9.7345831e-01, 2.0183534e-01 
2025, 3.0655776e-01, 3.0036391e-01, 7.4294246e-01 
2026, 8.7977061e-01, 7.9744318e-01, 1.9727151e-01 
2027, 2.0464398e-01, 2.7354640e-01, 2.5473164e-01 
2028, 3.0697440e-02, 8.9798017e-02, 1.6338392e-01 
2029, 9.4453806e-01, 5.8453237e-01, 1.0588825e-02 
2030, 9.1333155e-01, 5.8989369e-01, 5.1154777e-02 
2031, 6.4030552e-01, 3.7989410e-01, 1.7459918e-02 
2032, 2.4328228e-01, 1.5754924e-01, 3.9481733e-01 
2033, 2.6913512e-01, 8.3219042e-01, 3.1431859e-01 
2034, 2.6354787e-01, 9.2057508e-01, 4.8269105e-01 
2035, 9.1862537e-01, 9.0499838e-01, 5.7365663e-01 
2036, 7.2403746e-01, 2.7489821e-01, 5.2085813e-01 
2037, 2.8856497e-01, 4.3474237e-01, 6.1340196e-01 
2038, 1.4718485e-01, 6.3274014e-01, 6.0165013e-01 
2039, 6.3717475e-01, 2.9417203e-01, 5.4008210e-01 
2040, 9.0990719e-01, 4.6254501e-01, 7.0343620e-01 
2041, 2.9281125e-01, 9.4286934e-01, 5.3830771e-01 
2042, 9.0453712e-01, 7.3956715e-01, 8.4598555e-04 
2043, 9.1267359e-01, 1.8795129e-01, 6.1724097e-01 
2044, 1.8094582e-01, 9.6247184e-01, 1.5589556e-01 
2045, 7.0535903e-01, 8.3738529e-02, 3.0567094e-01 
2046, 2.5390455e-01, 5.3963070e-01, 3.5244814e-01 
2047, 5.3530856e-01, 5.7513161e-01, 2.3129697e-02 
2048, 5.7357103e-03, 7.2925283e-01, 5.2873428e-01 
2049, 4.4263696e-01, 9.7952664e-01, 4.9584085e-01 
2050, 3.9240139e-01, 6.7068027e-02, 2.6497044e-01 
2051, 2.7264920e-01, 6.7572831e-01, 2.1259437e-01 
2052, 1.9308012e-01, 4.3668002e-01, 6.3989984e-01 
2053, 1.8461723e-01, 3.7338644e-01, 2.3977349e-01 
2054, 2.8101500e-01, 7.5243641e-01, 3.8213854e-01 
2055, 6.1656749e-01, 4.1638986e-01, 5.5714364e-02 
2056, 9.4580366e-01, 3.8197316e-01, 8.9076414e-01 
2057, 2.6545991e-01, 5.9168587e-02, 8.2364190e-01 
2058, 2.0563396e-01, 8.0923489e-01, 2.0645009e-01 
2059, 1.5101552e-01, 1.0560015e-01, 2.0247738e-01 
2060, 3.1080367e-01, 2.4097489e-01, 4.1570434e-01 
2061, 5.4564907e-01, 7.0649404e-01, 8.8793271e-01 
2062, 1.1603012e-01, 4.4695903e-01, 3.5269552e-01 
2063, 6.3649033e-01, 2.6138856e-01, 3.5025170e-01 
2064, 8.8558428e-01, 9.5998704e-01, 9.0855530e-01 
2065, 1.7534043e-01, 5.0042376e-01, 6.0387667e-02 
2066, 3.8940573e-01, 3.6149418e-01, 4.5476827e-01 
2067, 6.3868742e-01, 5.5021218e-02, 9.3049039e-01 
2068, 3.6553983e-01, 1.6370711e-01, 7.4536150e-01 
2069, 9.4991989e-01, 3.2744365e-01, 8.8241104e-01 
2070, 8.5291094e-01, 3.0408965e-01, 7.5205359e-01 
2071, 9.4036192e-02, 8.9896725e-02, 4.2935021e-01 
2072, 3.5899247e-02, 4.5452082e-01, 4.4185954e-02 
2073, 9.0183849e-01, 4.7149178e-01, 4.1299843e-01 
2074, 4.5035787e-01, 6.7428902e-01, 3.1132645e-01 
2075, 9.5103300e-01, 1.9719886e-01, 7.8511207e-01 
2076, 7.2946942e-01, 6.1347509e-01, 5.0209022e-01 
2077, 3.1999730e-01, 4.0777566e-01, 1.5002057e-02 
2078, 1.5551745e-01, 8.8627863e-01, 5.9840850e-01 
2079, 1.6173109e-01, 7.4577273e-01, 4.4226837e-01 
2080, 9.1321743e-01, 9.6465669e-01, 5.0284628e-01 
2081, 8.4486205e-01, 6.0107649e-01, 6.0651794e-01 
2082, 9.0134493e-01, 7.0906007e-01, 3.9744530e-01 
2083, 3.7657600e-01, 2.7932689e-01, 4.5484164e-01 
2084, 8.9980170e-01, 3.0089530e-01, 6.3528756e-01 
2085, 9.4697155e-01, 8.4696119e-01, 2.9980849e-01 
2086, 6.6288252e-01, 4.7898322e-01, 3.3700223e-01 
2087, 3.0002677e-01, 7.9756536e-01, 4.8541150e-01 
2088, 2.8445967e-01, 2.2413253e-01, 7.9484250e-01 
2089, 8.7237637e-01, 6.2731312e-01, 7.4213584e-01 
2090, 3.0856527e-01, 5.4880491e-01, 6.7823468e-02 
2091, 5.9479710e-01, 4.7058988e-01, 5.6896047e-01 
2092, 3.7054361e-01, 8.9703270e-02, 2.7924483e-02 
2093, 9.1547836e-01, 9.7851624e-01, 5.8971372e-01 
2094, 3.9025563e-01, 6.1011919e-01, 2.3328258e-01 
2095, 1.5893231e-01, 8.5344561e-01, 6.5240897e-01 
2096, 2.4860417e-01, 8.1449933e-01, 6.7032773e-01 
2097, 7.8888143e-01, 9.4880508e-01, 4.5755744e-01 
2098, 1.3684034e-01, 9.5939566e-02, 9.3049494e-01 
2099, 8.8867164e-01, 5.4390270e-01, 1.1768200e-02 
2100, 9.3833647e-01, 4.3993052e-01, 7.9478220e-01 
2101, 1.9962737e-01, 7.3840115e-03, 9.3657688e-01 
2102, 4.4323055e-01, 8.4914195e-01, 7.6749285e-01 
2103, 9.5283148e-01, 9.2520321e-01, 8.8178020e-01 
2104, 6.1838905e-01, 4.8303067e-01, 7.1573835e-02 
2105, 4.2785662e-01, 4.0648675e-01, 3.8307076e-01 
2106, 5.4659466e-01, 9.1763348e-01, 9.8942719e-01 
2107, 4.9704874e-01, 6.7766626e-01, 3.2646469e-01 
2108, 6.9497012e-01, 3.8913160e-01, 7.2574792e-01 
2109, 4.0589239e-01, 3.3465010e-01, 8.8944570e-01 
2110, 8.7901185e-01, 9.0295997e-01, 9.8784380e-01 
2111, 6.0831192e-01, 3.2641492e-01, 3.8516641e-01 
2112, 6.8691691e-01, 6.3255485e-01, 3.7600676e-01 
2113, 7.8582710e-03, 5.1079029e-01, 2.4789662e-01 
2114, 9.1247880e-01, 1.4678934e-01, 5.4741555e-01 
2115, 4.4241697e-02, 1.7891275e-03, 9.6333128e-01 
2116, 3.2341209e-01, 2.9112561e-01, 6.7011587e-01 
2117, 2.1267434e-02, 2.8199260e-01, 2.7634041e-01 
2118, 8.0855361e-01, 6.8329237e-02, 2.1008360e-01 
2119, 3.4809780e-01, 3.0449552e-01, 8.4497314e-01 
2120, 8.8991820e-01, 8.4166944e-01, 1.8011087e-01 
2121, 5.6001733e-01, 3.3834615e-01, 8.5569448e-01 
2122, 1.5239641e-01, 9.3573760e-01, 2.1065866e-01 
2123, 5.2144288e-01, 1.1353924e-01, 3.5711434e-01 
2124, 4.9271110e-01, 5.5023987e-01, 6.9407319e-01 
2125, 4.8258421e-01, 5.0901005e-01, 1.8769036e-01 
2126, 8.4470384e-01, 8.7173974e-01, 1.3512121e-01 
2127, 2.2561636e-01, 8.7055966e-01, 2.9100286e-01 
2128, 5.0483180e-01, 2.6442880e-01, 2.3370176e-01 
2129, 6.3198168e-01, 2.7393391e-01, 3.1733339e-02 
2130, 4.0019909e-01, 2.5831260e-01, 1.7454754e-01 
2131, 2.5057459e-01, 9.0768966e-02, 6.8526229e-01 
2132, 3.4853143e-01, 4.8891313e-01, 2.5870242e-01 
2133, 7.6191383e-03, 2.9496691e-01, 8.4050595e-01 
2134, 2.0859985e-01, 3.0677281e-01, 7.8523614e-01 
2135, 8.0871007e-01, 1.2917833e-01, 6.4899614e-01 
2136, 4.1370491e-01, 4.5701662e-01, 3.7725276e-01 
2137, 3.1991099e-01, 7.8254041e-01, 9.7726527e-04 
2138, 5.8792670e-01, 8.6159087e-01, 4.6975694e-01 
2139, 1.4006702e-02, 8.8737325e-01, 6.9235796e-01 
2140, 4.1233739e-01, 6.5459767e-01, 7.5169061e-01 
2141, 4.4192462e-01, 2.6949801e-01, 4.3747843e-01 
2142, 4.9535822e-02, 8.4423075e-01, 3.2759133e-01 
2143, 5.3235502e-01, 5.1882012e-01, 6.4236249e-01 
2144, 6.8675179e-01, 3.8181445e-01, 5.3311398e-01 
2145, 6.5048740e-01, 4.0784399e-01, 8.3546515e-01 
2146, 1.8974779e-01, 2.0790146e-01, 9.5468130e-01 
2147, 5.8050181e-01, 8.1221232e-01, 7.8449918e-01 
2148, 3.9986782e-01, 2.0732338e-01, 9.1343004e-01 
2149, 1.7231343e-01, 5.4946736e-02, 6.1832550e-02 
2150, 4.5420774e-01, 2.6843533e-01, 7.2751375e-01 
2151, 1.9672529e-01, 4.9324172e-01, 7.3662767e-01 
2152, 7.2532088e-01, 9.9114973e-01, 8.1299114e-01 
2153, 6.8682226e-01, 7.5193861e-01, 8.1825831e-01 
2154, 2.9948269e-01, 9.8361897e-01, 2.7490904e-01 
2155, 5.9387132e-01, 3.1732784e-01, 6.1752240e-01 
2156, 4.9123493e-01, 5.7621277e-01, 5.5337887e-01 
2157, 7.2536160e-01, 4.1096139e-01, 6.4870889e-02 
2158, 4.5324437e-01, 9.9292403e-01, 6.4580610e-01 
2159, 8.2042076e-01, 6.8315334e-02, 8.5218763e-02 
2160, 6.9247648e-02, 3.3826974e-01, 5.4369928e-02 
2161, 8.1718537e-01, 6.0630150e-01, 7.3355524e-01 
2162, 3.1792337e-02, 2.6870544e-01, 1.4296358e-01 
2163, 1.8273628e-01, 7.0631513e-01, 1.3830408e-01 
2164, 7.2968210e-01, 7.2137485e-01, 6.8705360e-01 
2165, 5.7772933e-01, 6.4597109e-01, 9.5345325e-01 
2166, 9.4447537e-02, 7.2906465e-01, 7.7553423e-01 
2167, 5.0528713e-01, 3.5548741e-01, 5.4973137e-01 
2168, 8.6519999e-01, 5.6288807e-01, 7.1639145e-01 
2169, 1.5376694e-01, 8.9254485e-01, 4.3478868e-01 
2170, 2.6062626e-01, 3.8433577e-01, 8.0182333e-01 
2171, 5.5200517e-01, 8.0454793e-01, 2.1956138e-01 
2172, 5.7137388e-03, 2.7530706e-02, 4.9757171e-01 
2173, 4.1322230e-01, 3.4550781e-01, 1.7851227e-02 
2174, 4.8787272e-01, 9.2902090e-01, 2.4472816e-01 
2175, 2.0345337e-02, 3.8613273e-01, 4.9658474e-01 
2176, 3.7641934e-01, 6.4508906e-01, 6.7917475e-01 
2177, 9.0088058e-02, 8.5304959e-01, 7.5784356e-01 
2178, 4.4838223e-01, 1.0008510e-01, 2.5169794e-01 
2179, 2.4982885e-01, 4.4576710e-01, 5.7850021e-01 
2180, 6.2564948e-01, 4.9088035e-01, 7.4089450e-01 
2181, 9.9196182e-01, 1.2213424e-01, 2.9598384e-01 
2182, 6.6495019e-01, 6.5120703e-01, 6.1652201e-01 
2183, 6.3204746e-01, 7.5659945e-01, 6.9166824e-02 
2184, 6.6821615e-01, 4.1905917e-01, 3.1925905e-01 
2185, 9.7168394e-02, 5.6024644e-01, 2.8595702e-01 
2186, 9.6292792e-01, 3.0785686e-01, 3.7939344e-01 
2187, 3.6603961e-01, 2.6980112e-01, 1.7984775e-01 
2188, 2.5806728e-01, 9.7192842e-01, 8.2916779e-01 
2189, 7.1306624e-01, 8.8560319e-01, 2.6251660e-01 
2190, 9.9046153e-01, 6.6095834e-01, 4.4299462e-01 
2191, 6.1918559e-02, 4.9912795e-01, 3.6808467e-02 
2192, 6.9299251e-01, 4.5090627e-01, 9.3124390e-01 
2193, 3.0854609e-01, 8.6956151e-01, 9.9380765e-01 
2194, 4.8448073e-01, 7.5592419e-01, 5.2214763e-02 
2195, 9.3009138e-01, 1.3270886e-01, 8.4676032e-01 
2196, 9.6280327e-01, 1.1398386e-01, 1.5429257e-01 
2197, 5.0625081e-01, 1.9747918e-01, 7.9620701e-01 
2198, 5.7127227e-01, 3.2532938e-01, 1.9306811e-01 
2199, 6.2511341e-01, 5.7932261e-01, 4.7681961e-01 
2200, 7.3344520e-01, 4.7035640e-01, 6.4625761e-01 
2201, 6.6030760e-01, 4.4566450e-01, 2.3457048e-02 
2202, 5.8398542e-01, 5.9019133e-02, 1.5874487e-01 
2203, 8.0630866e-01, 7.8697701e-01, 3.8918377e-01 
2204, 5.4873505e-01, 7.6399196e-01, 1.3496927e-01 
2205, 4.4411870e-01, 4.8121909e-01, 9.4210985e-01 
2206, 4.6328249e-02, 9.9794163e-01, 1.9867770e-01 
2207, 6.8508150e-02, 7.2847041e-01, 6.5087619e-01 
2208, 6.3606402e-01, 9.9252452e-01, 2.4215140e-01 
2209, 9.6640652e-02, 1.7380688e-01, 5.4517782e-01 
2210, 4.2015598e-01, 5.1653034e-01, 6.9154104e-01 
2211, 4.5546821e-01, 7.5814320e-01, 8.6548999e-01 
2212, 1.9217640e-02, 4.6654815e-01, 7.5249128e-01 
2213, 3.8447652e-01, 7.3433325e-01, 3.6910833e-01 
2214, 4.5713211e-02, 1.9099345e-01, 2.0446741e-01 
2215, 2.0968745e-01, 1.2955227e-01, 5.1673063e-01 
2216, 8.1553842e-01, 8.4022530e-01, 2.0705733e-01 
2217, 5.5484159e-01, 9.8475994e-01, 8.3754686e-01 
2218, 7.1959710e-02, 7.9246928e-01, 5.8913674e-01 
2219, 8.7529787e-01, 8.7135212e-02, 4.7200825e-01 
2220, 8.0465196e-01, 6.2148223e-01, 1.4592211e-01 
2221, 8.4066540e-01, 3.3935414e-01, 5.4896876e-01 
2222, 1.4909261e-01, 5.6642451e-01, 4.9679061e-01 
2223, 9.4586655e-01, 5.7344849e-01, 8.8514900e-01 
2224, 5.8457232e-02, 2.6098030e-01, 2.4923239e-01 
2225, 8.9749927e-01, 3.3045040e-01, 5.2503633e-01 
2226, 9.0617505e-01, 4.9090405e-01, 8.0349133e-02 
2227, 4.5513198e-01, 3.0556761e-01, 6.5228402e-01 
2228, 5.8368431e-02, 9.0242782e-01, 6.4056101e-01 
2229, 9.2762460e-01, 2.8667238e-01, 8.3729926e-01 
2230, 8.5236820e-01, 9.7596878e-01, 6.6911243e-01 
2231, 6.3827179e-01, 8.8490176e-01, 5.2241529e-01 
2232, 9.7176504e-01, 4.8632607e-02, 4.6192562e-01 
2233, 5.7454934e-01, 4.4223979e-02, 2.1719736e-01 
2234, 3.8528031e-01, 1.4702400e-02, 7.0183053e-01 
2235, 1.2173510e-01, 8.0715115e-01, 6.2495177e-01 
2236, 6.0376301e-01, 7.3190049e-02, 2.8465701e-01 
2237, 7.0568500e-01, 8.7363722e-01, 4.9739415e-01 
2238, 8.2261083e-01, 8.0812801e-01, 9.2193999e-01 
2239, 2.9360102e-01, 1.3414211e-01, 5.0686231e-01 
2240, 1.1935881e-01, 8.5597384e-01, 4.3721636e-02 
2241, 7.6596816e-01, 3.1659930e-01, 7.6373357e-01 
2242, 2.5513141e-01, 4.8588394e-01, 1.7038246e-01 
2243, 8.1576131e-01, 3.5835033e-01, 3.8820546e-01 
2244, 2.7094244e-01, 2.5865228e-01, 9.3238518e-02 
2245, 6.1212214e-01, 3.9579802e-01, 5.0446233e-01 
2246, 4.4304673e-01, 4.2356142e-01, 9.7738017e-01 
2247, 7.7043475e-01, 7.8565709e-01, 5.1221027e-01 
2248, 6.2392553e-01, 4.4303278e-01, 7.5294437e-01 
2249, 3.0026006e-01, 4.9182608e-01, 4.7805367e-01 
2250, 2.3998080e-01, 8.7811386e-01, 3.6842806e-01 
2251, 4.8450758e-01, 9.7767485e-01, 4.9493478e-01 
2252, 7.2853585e-01, 5.0596242e-01, 4.6717325e-01 
2253, 9.1915494e-01, 2.8102360e-01, 7.0732757e-01 
2254, 6.7694125e-01, 8.8121365e-01, 5.3822418e-01 
2255, 7.2449566e-01, 5.8431656e-01, 4.3372149e-01 
2256, 1.2562984e-01, 3.1291231e-01, 2.4502841e-01 
2257, 8.4745798e-01, 3.3911427e-01, 7.9895613e-01 
2258, 7.2611746e-02, 8.9680467e-01, 1.3571251e-01 
2259, 7.7533712e-01, 4.4735221e-02, 5.4942246e-02 
2260, 9.8516884e-01, 5.5307725e-01, 2.4398891e-01 
2261, 4.1263672e-02, 8.0747616e-01, 3.5193494e-01 
2262, 8.0946549e-01, 9.1655035e-01, 5.2567693e-01 
2263, 8.8630145e-02, 1.0356025e-02, 7.4888806e-01 
2264, 2.8667254e-03, 4.3454137e-01, 7.6640009e-01 
2265, 6.9251254e-01, 2.0816892e-01, 7.2322200e-01 
2266, 7.5013452e-01, 4.6123399e-01, 8.5783175e-01 
2267, 6.6596310e-01, 7.5979746e-01, 2.6932676e-01 
2268, 9.6899993e-01, 8.2706264e-01, 6.1077312e-01 
2269, 3.6505968e-02, 6.3817952e-01, 5.4065242e-01 
2270, 9.8671828e-01, 1.6602973e-01, 4.3477601e-01 
2271, 1.6797822e-01, 6.1040553e-01, 1.0543499e-01 
2272, 9.8798935e-01, 3.0750108e-01, 2.0830190e-01 
2273, 1.6665914e-01, 3.6492949e-01, 7.2386420e-01 
2274, 8.3522555e-02, 8.1999371e-01, 2.9359832e-01 
2275, 4.1306063e-01, 7.4735384e-01, 3.9587286e-01 
2276, 5.4817105e-01, 1.9811466e-01, 7.2223597e-01 
2277, 5.2940607e-01, 4.1748747e-01, 8.7844599e-01 
2278, 2.0694993e-01, 5.4133672e-02, 2.8129867e-02 
2279, 2.4395707e-01, 3.2071680e-01, 5.5541263e-01 
2280, 9.6627532e-01, 8.7580838e-01, 7.7064304e-01 
2281, 6.3005851e-01, 7.3538276e-01, 8.7431766e-01 
2282, 3.5976061e-02, 6.9941430e-01, 9.9173066e-01 
2283, 3.1405217e-01, 8.6987057e-02, 3.3392937e-01 
2284, 7.7832648e-01, 7.4799878e-01, 9.6771704e-01 
2285, 7.0941925e-01, 6.3977144e-02, 5.7063602e-01 
2286, 8.8314803e-01, 7.5198030e-01, 8.2439215e-01 
2287, 1.2393111e-01, 2.5027066e-01, 1.9463108e-01 
2288, 1.5448341e-01, 8.3153110e-01, 3.6690179e-02 
2289, 3.6078114e-01, 6.8367575e-01, 1.1444213e-01 
2290, 8.5369695e-01, 9.6240962e-02, 7.5917198e-01 
2291, 7.5332005e-01, 4.1781389e-01, 3.7452682e-01 
2292, 3.9757672e-01, 9.1088287e-01, 8.5134406e-02 
2293, 1.6277123e-01, 6.8175481e-01, 8.0772016e-01 
2294, 2.6561253e-01, 4.9846329e-01, 8.8655099e-01 
2295, 7.4338033e-01, 6.8333654e-01, 1.8737151e-01 
2296, 6.9475011e-02, 1.6304009e-01, 9.1939757e-01 
2297, 5.7800535e-01, 3.8430145e-01, 9.5566055e-01 
2298, 6.2911672e-01, 5.3835181e-01, 5.8100280e-01 
2299, 8.3180989e-04, 9.0114627e-01, 5.2055489e-01 
2300, 1.4124270e-01, 8.2979305e-01, 5.4379203e-01 
2301, 2.8926816e-01, 6.6197513e-01, 3.0716607e-01 
2302, 4.4500479e-01, 1.6703114e-01, 5.0530206e-01 
2303, 1.1106911e-01, 9.9974398e-02, 6.9884858e-01 
2304, 4.7629283e-01, 9.8578170e-01, 1.4461817e-01 
2305, 8.6351246e-01, 8.4746562e-02, 4.3558554e-01 
2306, 7.3550421e-02, 7.3561100e-01, 3.5014198e-01 
2307, 1.1805285e-01, 3.7197571e-01, 6.0249516e-01 
2308, 1.1800705e-01, 2.2890533e-01, 9.5174267e-01 
2309, 7.1190123e-01, 7.5959804e-01, 5.0592247e-01 
2310, 1.9222268e-02, 2.5267430e-01, 5.5084246e-02 
2311, 3.4682656e-01, 6.8023713e-01, 2.4836673e-01 
2312, 5.5736377e-01, 2.9371471e-02, 6.8897388e-01 
2313, 6.6466347e-01, 4.9458813e-01, 5.2207719e-01 
2314, 1.8904377e-01, 3.8268961e-01, 7.0229896e-01 
2315, 8.8474944e-01, 9.2707825e-01, 5.2847942e-01 
2316, 8.6099680e-01, 9.4359553e-01, 8.2577291e-01 
2317, 8.9814147e-01, 9.7466093e-01, 1.0305953e-01 
2318, 8.9822604e-01, 1.4304197e-01, 3.6508786e-01 
2319, 9.5885774e-01, 9.7868842e-01, 6.2331603e-01 
2320, 2.9356951e-01, 2.8077905e-01, 8.5837895e-01 
2321, 4.6821973e-01, 4.8593936e-01, 9.1067302e-01 
2322, 9.3877111e-01, 3.2527656e-01, 2.5636413e-02 
2323, 3.5694671e-01, 1.4063128e-01, 3.9413273e-01 
2324, 3.6054641e-01, 2.3986757e-01, 5.5211014e-01 
2325, 8.5233992e-01, 3.3795320e-01, 9.5695647e-01 
2326, 4.6374136e-01, 6.8487562e-01, 6.5909227e-01 
2327, 7.4220558e-01, 3.0065146e-01, 2.5354985e-01 
2328, 5.9823431e-02, 9.9283843e-01, 9.2303049e-01 
2329, 7.5164533e-03, 3.6094067e-01, 9.5193757e-02 
2330, 7.7596509e-02, 7.4237386e-01, 9.8289978e-01 
2331, 9.0661108e-01, 1.3791341e-01, 8.2644691e-01 
2332, 9.1728337e-01, 3.0369182e-01, 2.3593721e-01 
2333, 7.9562790e-01, 1.5767897e-01, 9.9399996e-03 
2334, 4.1701476e-02, 1.7487543e-01, 9.5510839e-01 
2335, 1.8353121e-01, 7.8984672e-01, 1.1443818e-01 
2336, 7.4356305e-01, 3.0183876e-01, 9.0511633e-01 
2337, 4.7427811e-01, 8.0136385e-01, 2.7428824e-01 
2338, 9.9876041e-01, 2.3720139e-02, 8.3705739e-01 
2339, 6.5970141e-01, 5.1008028e-03, 5.9990739e-01 
2340, 9.6313828e-01, 4.6634549e-01, 8.7897608e-01 
2341, 5.8055958e-01, 7.1287235e-01, 7.5110788e-01 
2342, 3.9114344e-01, 6.9560301e-01, 3.0256150e-01 
2343, 2.4159249e-01, 6.7672397e-01, 5.9150274e-01 
2344, 4.0715175e-01, 9.1673326e-01, 2.7942613e-01 
2345, 1.6830989e-02, 8.7149020e-01, 2.1112839e-01 
2346, 9.9596443e-01, 5.2072358e-01, 7.2431157e-01 
2347, 2.6102758e-01, 3.8292045e-01, 1.0938863e-01 
2348, 2.8843389e-02, 4.0179387e-01, 8.3921150e-01 
2349, 9.9866671e-02, 2.7616753e-01, 2.6182884e-01 
2350, 5.9439696e-01, 4.1156455e-01, 1.7538562e-01 
2351, 6.7819644e-01, 9.3412671e-01, 9.1714887e-01 
2352, 6.6173461e-01, 5.0687456e-01, 9.3549121e-01 
2353, 1.4258309e-01, 6.5783421e-02, 8.2861325e-01 
2354, 9.7101929e-01, 4.3950894e-01, 5.5681355e-01 
2355, 1.8137786e-01, 4.4418184e-01, 5.3978907e-01 
2356, 5.5499380e-02, 5.6837407e-01, 4.3585413e-01 
2357, 4.3890653e-01, 6.9034777e-01, 1.9483793e-01 
2358, 4.7247844e-01, 6.9427002e-01, 4.9818880e-01 
2359, 7.8986152e-02, 2.2181986e-01, 7.2327114e-01 
2360, 2.3015353e-02, 6.7760622e-01, 6.8998395e-01 
2361, 4.5613543e-01, 8.2525125e-01, 9.0230367e-01 
2362, 1.0285372e-01, 4.8036684e-01, 1.2631246e-01 
2363, 9.4840327e-01, 1.6241861e-01, 3.5489034e-01 
2364, 7.5674423e-01, 4.2884403e-01, 3.6431755e-02 
2365, 2.5216275e-01, 2.9421282e-02, 6.5770970e-01 
2366, 4.5702523e-01, 6.9827357e-01, 9.4578976e-01 
2367, 8.8970924e-01, 8.2035357e-02, 6.4686100e-01 
2368, 9.4798439e-01, 4.5654056e-01, 7.4013631e-01 
2369, 8.6692302e-01, 4.7498357e-01, 1.9221457e-01 
2370, 7.3640118e-01, 4.3242113e-02, 5.1877349e-01 
2371, 4.3244353e-01, 8.7035695e-01, 8.9704836e-01 
2372, 3.4151041e-01, 5.0007519e-01, 8.3873287e-02 
2373, 5.3197391e-01, 4.5901502e-01, 3.5281178e-01 
2374, 5.6714789e-01, 6.2076367e-01, 5.3436988e-01 
2375, 7.6572689e-01, 4.4459226e-01, 7.3918979e-01 
2376, 9.1832667e-01, 4.6704036e-01, 2.6616043e-01 
2377, 8.1296222e-01, 6.1692300e-01, 4.2328166e-01 
2378, 9.1826524e-01, 9.8413055e-01, 7.9671006e-02 
2379, 6.5903501e-01, 7.7334163e-01, 4.7281456e-02 
2380, 2.3147632e-01, 3.7770972e-02, 9.9311314e-01 
2381, 4.3833395e-01, 9.2694887e-01, 8.9329343e-01 
2382, 1.2602392e-01, 6.4361438e-01, 1.4658346e-01 
2383, 4.8905325e-01, 5.2157008e-01, 9.6176565e-01 
2384, 1.7674836e-01, 7.0794837e-01, 2.6248132e-01 
2385, 2.4015585e-01, 1.6543356e-01, 9.8595123e-01 
2386, 7.0059611e-01, 1.7682009e-01, 7.6802628e-01 
2387, 8.4507887e-01, 9.1608394e-01, 3.9789540e-01 
2388, 6.7227702e-01, 7.8084232e-01, 7.8056687e-01 
2389, 6.0124921e-01, 9.8242883e-01, 3.4923680e-01 
2390, 5.7051321e-01, 2.2878430e-01, 8.7320964e-01 
2391, 8.5652286e-01, 1.2531204e-01, 1.6874216e-01 
2392, 1.6745406e-01, 9.7197805e-01, 3.7822128e-01 
2393, 8.5804853e-01, 9.9202566e-01, 5.9131710e-01 
2394, 4.8375046e-02, 7.6582888e-01, 4.9799979e-01 
2395, 6.7465431e-01, 7.0965515e-01, 6.3626959e-01 
2396, 2.5100748e-01, 8.5046964e-01, 4.5163556e-01 
2397, 6.9060501e-01, 6.2880471e-01, 7.6593378e-01 
2398, 1.0648382e-01, 7.8635777e-01, 1.1631480e-01 
2399, 4.3353317e-01, 9.5498839e-01, 2.4937566e-01 
2400, 6.5618986e-02, 9.3290441e-01, 7.0990757e-01 
2401, 4.3722098e-01, 5.3782378e-01, 9.5826807e-01 
2402, 8.3444886e-01, 8.4470062e-01, 7.1402573e-01 
2403, 2.7375787e-01, 4.1400450e-01, 1.8758640e-01 
2404, 7.6560658e-01, 5.4873630e-02, 7.9880192e-01 
2405, 7.1364232e-01, 1.3073649e-01, 7.4318891e-01 
2406, 1.7116385e-02, 2.8964839e-01, 6.0838584e-01 
2407, 2.0939010e-01, 9.3291879e-01, 8.4792626e-01 
2408, 9.1818918e-01, 9.1211666e-02, 4.3532570e-01 
2409, 7.6217741e-01, 1.1394605e-01, 8.5756982e-01 
2410, 7.9180024e-01, 8.5338299e-01, 7.6156102e-01 
2411, 9.7496319e-01, 7.2587229e-01, 7.1419485e-01 
2412, 4.0419725e-01, 9.5872612e-01, 9.3413793e-01 
2413, 7.5196185e-01, 8.7079746e-01, 8.0266026e-01 
2414, 9.4744323e-01, 8.4703228e-01, 1.5177097e-01 
2415, 9.0499586e-01, 4.2943890e-01, 5.3404766e-01 
2416, 8.8696107e-01, 1.3832679e-01, 5.2301913e-01 
2417, 6.3652230e-01, 7.5759986e-01, 7.4334930e-01 
2418, 4.6367484e-01, 1.7254469e-01, 8.1130426e-01 
2419, 3.0327874e-01, 1.8115478e-01, 8.0983867e-01 
2420, 8.9649900e-01, 4.5956608e-01, 8.0029317e-01 
2421, 1.9687996e-01, 5.2459362e-02, 6.4646826e-01 
2422, 2.4657226e-01, 6.8319361e-01, 3.3887977e-02 
2423, 4.0445220e-01, 8.9511117e-02, 1.8370592e-01 
2424, 3.4320400e-01, 8.1395502e-01, 1.2780338e-01 
2425, 1.3451048e-01, 2.0072789e-01, 3.6329560e-01 
2426, 6.8570999e-01, 6.1364999e-01, 4.1530535e-01 
2427, 2.0266259e-01, 7.4864225e-01, 4.1424555e-02 
2428, 6.4195902e-01, 7.0417797e-01, 2.7656307e-01 
2429, 6.9968727e-01, 3.8945216e-01, 2.9352903e-01 
2430, 2.9873457e-01, 9.9315600e-01, 1.1182243e-01 
2431, 2.5047430e-01, 4.9753235e-01, 2.6493328e-01 
2432, 9.8873505e-01, 7.3719819e-01, 6.5362139e-01 
2433, 1.0718582e-01, 8.0941737e-01, 2.0341242e-01 
2434, 1.9001045e-01, 9.9619860e-01, 9.3422386e-01 
2435, 8.3892671e-01, 8.1996810e-01, 8.1303991e-01 
2436, 7.2586162e-01, 8.3233051e-01, 6.8607880e-01 
2437, 6.9591586e-01, 2.9736528e-01, 8.5997032e-01 
2438, 6.0047727e-01, 5.5691315e-01, 6.6561658e-01 
2439, 8.7817952e-02, 4.3992044e-01, 6.7156940e-01 
2440, 9.9786410e-01, 5.7300481e-01, 8.5630656e-01 
2441, 3.2197410e-01, 4.7659548e-02, 4.4748372e-01 
2442, 9.3897983e-01, 8.0183250e-01, 8.5217503e-01 
2443, 9.5751435e-01, 8.6471537e-02, 8.3459762e-01 
2444, 8.2529638e-01, 5.1197970e-01, 8.0005715e-02 
2445, 5.5942044e-01, 1.2758624e-01, 1.6470229e-01 
2446, 7.9292392e-02, 7.9658121e-01, 1.5395580e-01 
2447, 6.1172574e-01, 9.2551665e-01, 9.7051903e-01 
2448, 4.1097447e-01, 4.7276408e-02, 4.2219886e-02 
2449, 2.5507447e-01, 3.5786418e-01, 9.9314227e-01 
2450, 3.8877483e-01, 7.4169960e-01, 6.0779596e-02 
2451, 1.1648097e-01, 5.3349112e-01, 4.9031355e-01 
2452, 8.0010391e-01, 4.0100219e-01, 9.2979418e-01 
2453, 4.7980696e-01, 8.9714683e-01, 7.0280376e-01 
2454, 8.3992053e-01, 6.2736043e-01, 4.5950810e-01 
2455, 7.6092468e-01, 9.8180317e-02, 9.8708293e-01 
2456, 1.2288864e-01, 8.6359308e-04, 2.0722645e-01 
2457, 4.4651023e-02, 1.8539515e-01, 3.2073210e-02 
2458, 5.1705835e-01, 9.4538198e-01, 1.8909137e-01 
2459, 4.1635484e-01, 9.8095475e-01, 9.1655376e-01 
2460, 9.0392451e-01, 6.6820482e-01, 1.7709815e-01 
2461, 6.0778834e-01, 5.3481283e-01, 7.0535963e-01 
2462, 7.0748896e-03, 5.6928545e-01, 9.4860859e-02 
2463, 1.2927858e-01, 5.3017428e-02, 2.1900388e-01 
2464, 8.0578099e-01, 5.1521148e-03, 2.4336166e-01 
2465, 5.8723554e-01, 3.1850447e-03, 2.3014127e-01 
2466, 1.5950332e-01, 5.0888369e-01, 3.0749852e-01 
2467, 3.1732494e-01, 3.5433996e-01, 8.5382599e-01 
2468, 3.4778514e-01, 2.6341707e-01, 9.9587003e-01 
2469, 2.1714977e-01, 1.2531405e-01, 3.2824740e-01 
2470, 7.2077077e-01, 2.3024678e-01, 9.5205251e-02 
2471, 5.5174121e-01, 9.1647302e-01, 5.9608808e-01 
2472, 9.8655202e-01, 2.7823976e-01, 2.8631266e-01 
2473, 9.6602558e-01, 9.8300140e-02, 6.6205110e-01 
2474, 2.1203182e-01, 8.2261379e-01, 9.8812462e-01 
2475, 3.3991408e-01, 2.3620388e-01, 1.8220860e-01 
2476, 3.7888579e-01, 5.4916002e-01, 8.4605438e-01 
2477, 6.0373039e-01, 4.1353519e-01, 4.7066967e-01 
2478, 4.7539919e-01, 4.5098876e-01, 1.3292651e-01 
2479, 9.3833960e-01, 1.9071021e-02, 1.5107767e-01 
2480, 5.1777064e-01, 7.2563327e-02, 4.4602740e-01 
2481, 6.9237269e-02, 2.3927072e-01, 8.0733565e-02 
2482, 7.2192318e-02, 5.5798914e-01, 6.0941784e-01 
2483, 3.4293598e-01, 8.1999932e-01, 2.1033107e-01 
2484, 4.1833427e-01, 9.3238327e-01, 1.9634135e-01 
2485, 1.4267146e-01, 7.5631268e-01, 9.2689069e-01 
2486, 9.4745127e-01, 2.5673753e-01, 7.8973826e-01 
2487, 1.6847454e-01, 1.3021675e-01, 3.8572905e-01 
2488, 4.6848747e-01, 6.2661394e-01, 5.7948280e-01 
2489, 4.0631391e-01, 5.4517837e-01, 8.6028739e-01 
2490, 8.7954680e-01, 7.5227068e-01, 6.9359699e-01 
2491, 7.7655498e-01, 2.2959534e-01, 5.7773124e-01 
2492, 6.6397059e-01, 5.1920008e-01, 3.9925045e-01 
2493, 3.6876181e-01, 9.8626642e-01, 5.1890979e-01 
2494, 1.6948584e-01, 9.2948272e-01, 3.1098374e-01 
2495, 5.5985678e-01, 6.8640237e-01, 1.5656671e-01 
2496, 1.9056903e-02, 3.8388843e-01, 9.8423726e-01 
2497, 4.9043615e-01, 7.3915698e-01, 4.2832663e-01 
2498, 3.5029880e-01, 7.7147227e-01, 2.2215609e-01 
2499, 3.9107986e-01, 5.7655907e-01, 3.6426424e-01 
2500, 8.0928790e-01, 7.6087045e-01, 7.5575631e-01 
2501, 9.0201765e-01, 5.8837665e-01, 2.7138757e-01 
2502, 3.4919789e-01, 7.7332251e-01, 3.3597925e-01 
2503, 2.2627160e-01, 1.0447373e-01, 8.2978342e-01 
2504, 8.9899200e-01, 7.1767343e-02, 5.7911210e-01 
2505, 2.6760741e-01, 5.5699440e-01, 5.7687351e-03 
2506, 7.2095418e-01, 8.0591690e-01, 2.1709200e-01 
2507, 4.0127360e-02, 1.1077263e-01, 2.9494854e-01 
2508, 7.2418868e-01, 7.8889367e-01, 6.0547646e-01 
2509, 5.5699042e-01, 1.7231577e-01, 7.4496901e-01 
2510, 7.9323677e-01, 1.4391142e-01, 4.4252065e-01 
2511, 7.0235762e-01, 3.6274693e-02, 8.4540776e-01 
2512, 2.5626675e-01, 8.2044839e-01, 7.5598816e-01 
2513, 8.6901119e-01, 5.8037415e-01, 3.0377329e-01 
2514, 9.2312457e-01, 2.6320782e-01, 4.9785094e-01 
2515, 7.2638467e-01, 9.5081573e-01, 8.1979494e-01 
2516, 7.3814524e-01, 6.9465549e-01, 5.5621052e-01 
2517, 5.1189903e-01, 7.3591619e-01, 9.0977043e-01 
2518, 9.9380197e-01, 5.2387015e-01, 1.5472962e-01 
2519, 5.1806481e-01, 6.8248937e-02, 8.8372064e-01 
2520, 1.8724669e-01, 4.2134425e-01, 5.9596548e-02 
2521, 2.4638427e-01, 2.8296765e-01, 2.0905757e-01 
2522, 7.3324308e-01, 4.0328716e-01, 9.4126163e-01 
2523, 1.8598361e-01, 5.7445938e-01, 2.7202652e-01 
2524, 4.9648606e-01, 8.7224367e-01, 3.3755261e-01 
2525, 9.1711189e-01, 1.2122847e-01, 4.7739465e-01 
2526, 4.5665454e-01, 9.5533573e-01, 7.9452737e-01 
2527, 7.4571811e-01, 3.6780862e-01, 1.6567488e-01 
2528, 7.6069625e-01, 5.3895728e-01, 8.6885241e-01 
2529, 4.8029602e-01, 5.4396744e-01, 5.5531536e-01 
2530, 8.2899959e-01, 3.2277916e-01, 8.7681238e-01 
2531, 6.5425789e-01, 2.6251359e-01, 6.5441637e-01 
2532, 3.3206403e-01, 2.6628387e-01, 1.7831884e-01 
2533, 8.1503111e-02, 1.2246203e-01, 1.0472892e-01 
2534, 2.5905770e-01, 1.8409790e-01, 5.0504043e-01 
2535, 5.8501811e-02, 8.5212217e-01, 7.5747305e-01 
2536, 9.9277091e-01, 9.8556119e-01, 1.6145054e-01 
2537, 1.6125779e-01, 5.0871844e-01, 8.3304031e-01 
2538, 7.7353533e-01, 5.2492733e-01, 1.7655793e-01 
2539, 9.5349544e-03, 1.9377204e-01, 8.3969677e-01 
2540, 9.7108052e-01, 2.3874088e-01, 2.4957885e-01 
2541, 4.0943995e-02, 7.9606676e-01, 4.8682181e-01 
2542, 6.3160108e-01, 4.1769198e-01, 5.3189882e-01 
2543, 2.8758489e-01, 7.8618099e-01, 4.1323779e-01 
2544, 5.0619013e-01, 4.4857595e-01, 9.4078912e-01 
2545, 1.0847748e-01, 6.2510703e-01, 7.0521904e-03 
2546, 8.6342476e-01, 1.9010500e-01, 1.1803406e-02 
2547, 6.8531362e-02, 7.5819909e-01, 6.7269602e-01 
2548, 6.4237506e-01, 4.7616322e-01, 7.9800900e-01 
2549, 9.2586758e-01, 9.3185598e-01, 6.0034301e-02 
2550, 6.6327322e-01, 4.3282988e-01, 5.1110863e-02 
2551, 1.6490156e-01, 4.7131705e-01, 7.7303076e-01 
2552, 1.3552827e-01, 2.6946286e-01, 6.6184550e-01 
2553, 3.5695093e-02, 8.7844616e-01, 7.7501801e-01 
2554, 4.7126865e-01, 8.9200902e-01, 1.7371586e-01 
2555, 2.9110765e-01, 1.0172482e-01, 1.6022637e-01 
2556, 7.5404130e-01, 1.1538879e-04, 9.4347391e-01 
2557, 2.3656223e-01, 8.0002280e-02, 5.7804667e-01 
2558, 1.3695829e-01, 1.0434977e-01, 5.9329031e-01 
2559, 5.8225366e-01, 5.4041265e-01, 5.7179195e-01 
2560, 4.2456035e-01, 2.1548871e-01, 7.1355427e-01 
2561, 8.6696133e-01, 5.3510187e-01, 3.7324346e-01 
2562, 9.5443195e-01, 9.4433144e-01, 4.0215885e-01 
2563, 9.5435293e-01, 9.5334359e-01, 6.4225662e-01 
2564, 9.0889456e-01, 3.5027334e-02, 6.0915218e-01 
2565, 7.6466363e-01, 2.0973463e-02, 7.8949973e-02 
2566, 7.6147920e-01, 9.8986182e-01, 9.7473622e-01 
2567, 4.6150868e-01, 6.0833450e-02, 6.3708175e-01 
2568, 3.3975476e-01, 5.6333892e-01, 2.7689744e-01 
2569, 7.1636037e-01, 1.7344245e-01, 3.5341942e-01 
2570, 4.9702706e-01, 2.1179306e-01, 4.2179316e-02 
2571, 6.1374518e-01, 9.4433564e-01, 5.8731854e-01 
2572, 3.7760696e-01, 8.3913642e-01, 6.5283129e-01 
2573, 6.7317533e-01, 1.5749544e-01, 3.4465375e-01 
2574, 2.2251718e-03, 5.4123851e-01, 5.9057303e-01 
2575, 8.0174314e-01, 6.0399385e-01, 3.4181210e-01 
2576, 8.3610926e-01, 5.6076105e-01, 7.4059077e-01 
2577, 8.6542861e-02, 2.7510575e-01, 4.0979889e-01 
2578, 8.0139136e-01, 2.1119830e-01, 7.7715026e-01 
2579, 8.9845325e-01, 4.5503455e-01, 1.4679608e-02 
2580, 8.6297966e-01, 9.1272745e-02, 6.6427257e-01 
2581, 7.1100187e-01, 3.5066292e-01, 9.2096791e-01 
2582, 1.1491600e-01, 4.0058397e-01, 7.0847734e-01 
2583, 2.3126130e-01, 5.0869835e-01, 6.3580607e-01 
2584, 4.8408932e-01, 5.8225864e-01, 1.2569273e-01 
2585, 7.1397475e-01, 8.6665472e-01, 6.1191837e-01 
2586, 4.2715907e-02, 6.6120227e-01, 4.0463855e-02 
2587, 9.8580602e-01, 8.3412130e-01, 7.0251324e-01 
2588, 6.2057034e-01, 1.8725705e-01, 3.2415519e-01 
2589, 4.7630808e-01, 2.1340935e-01, 9.4015822e-01 
2590, 4.6521062e-01, 3.3679656e-01, 5.0801081e-01 
2591, 3.4488735e-01, 6.9861959e-01, 4.5108520e-01 
2592, 2.7317517e-01, 2.4099657e-02, 2.7781654e-01 
2593, 4.1127723e-01, 2.5673575e-01, 7.5238178e-01 
2594, 1.3264256e-02, 4.2790846e-01, 1.3288234e-01 
2595, 7.8492966e-02, 4.8401559e-02, 2.3090396e-01 
2596, 8.0588222e-01, 9.7097739e-01, 9.1887120e-01 
2597, 8.3586863e-01, 9.2187561e-02, 2.6281005e-01 
2598, 9.6060137e-01, 8.8121445e-01, 6.1111946e-01 
2599, 6.3357693e-01, 5.9347436e-01, 7.8708132e-01 
2600, 6.7604260e-01, 4.6679637e-01, 2.1246246e-01 
2601, 5.6713922e-01, 3.0683455e-01, 7.5335961e-01 
2602, 2.2064638e-01, 4.9841172e-01, 1.4060337e-01 
2603, 1.9955516e-01, 4.8523942e-02, 7.9367285e-01 
2604, 3.6397306e-01, 3.0540838e-02, 1.6836418e-01 
2605, 1.4242815e-01, 6.7245262e-01, 5.5903221e-01 
2606, 7.3620147e-01, 7.1005086e-01, 9.5492204e-01 
2607, 6.8191747e-01, 6.1606250e-02, 5.4742608e-01 
2608, 4.7482584e-01, 7.0543319e-01, 1.4816168e-02 
2609, 1.2868177e-01, 2.2228158e-01, 3.9213002e-02 
2610, 4.4360325e-01, 5.1194206e-01, 8.5590720e-01 
2611, 4.1085378e-01, 5.3820015e-01, 7.8761472e-01 
2612, 7.2902652e-01, 3.3349712e-01, 4.4855660e-01 
2613, 3.7060981e-01, 5.9299775e-01, 8.1474281e-01 
2614, 6.6981653e-01, 2.9145577e-02, 6.2222703e-01 
2615, 7.2802584e-01, 9.1532227e-01, 7.6068469e-01 
2616, 5.5718121e-01, 6.4298084e-01, 7.8922848e-01 
2617, 3.6704290e-01, 9.8492650e-01, 6.2107361e-01 
2618, 9.9272393e-01, 9.4927508e-01, 3.1937425e-01 
2619, 3.7328896e-01, 2.6912351e-01, 3.7424252e-01 
2620, 5.3398366e-01, 8.0257514e-01, 9.6666604e-01 
2621, 8.7620247e-01, 7.3853711e-01, 1.1579373e-01 
2622, 2.3714200e-01, 8.4305049e-02, 1.0450510e-01 
2623, 5.0985836e-01, 5.2555610e-01, 2.4711928e-01 
2624, 2.2753644e-01, 4.7095295e-01, 8.9961166e-02 
2625, 3.9331475e-01, 4.7638664e-01, 8.3117452e-01 
2626, 5.9885991e-01, 7.1310920e-01, 4.7991530e-01 
2627, 5.4770359e-01, 4.3164331e-02, 1.3501230e-01 
2628, 2.5960176e-01, 2.5025151e-01, 7.8159810e-01 
2629, 1.4905001e-01, 2.7920743e-01, 6.3630276e-02 
2630, 5.9802567e-01, 5.9633257e-01, 5.9343851e-01 
2631, 4.4629649e-01, 4.7322480e-01, 4.9504421e-01 
2632, 2.9623108e-01, 9.1701739e-01, 6.7897098e-01 
2633, 4.2686910e-01, 2.4747389e-01, 5.7680327e-01 
2634, 7.5420926e-01, 7.9175479e-01, 7.7162702e-01 
2635, 9.8907972e-01, 9.3484414e-01, 4.9918127e-01 
2636, 2.2876543e-01, 2.5857212e-01, 3.8856215e-01 
2637, 6.5100538e-01, 2.2942961e-01, 6.0615087e-01 
2638, 9.3338198e-01, 6.8135135e-02, 3.7331697e-02 
2639, 5.7160794e-01, 8.5894083e-02, 2.7590312e-01 
2640, 5.5179092e-01, 2.4506060e-01, 2.9000525e-01 
2641, 2.2816407e-01, 7.0569876e-02, 6.6542445e-01 
2642, 4.2606115e-01, 9.0784295e-01, 7.9595359e-01 
2643, 6.7774149e-01, 2.9815507e-01, 3.2960715e-01 
2644, 2.8010133e-01, 7.4902651e-01, 8.4977942e-01 
2645, 8.3737160e-01, 3.9947924e-01, 7.3207081e-01 
2646, 7.1280388e-01, 7.3269442e-01, 3.4617694e-01 
2647, 9.2922608e-01, 5.8748846e-01, 2.2878748e-01 
2648, 9.8396286e-01, 6.3241038e-01, 3.0503003e-01 
2649, 6.1762014e-01, 6.1420143e-01, 2.3123988e-01 
2650, 9.7759674e-01, 3.5904242e-01, 7.9333627e-01 
2651, 9.7732827e-01, 4.1418183e-01, 7.0671844e-01 
2652, 7.4331715e-01, 1.4197543e-01, 9.6840047e-01 
2653, 1.2363350e-01, 8.8710097e-01, 7.4377519e-03 
2654, 3.6915990e-01, 9.2456246e-01, 1.6511168e-01 
2655, 4.9722500e-01, 7.5260731e-01, 5.2478802e-01 
2656, 2.8603891e-01, 1.8298196e-01, 7.5319387e-02 
2657, 7.2202810e-01, 2.4964046e-01, 3.3698631e-01 
2658, 8.6124293e-01, 1.2148029e-01, 2.2128478e-01 
2659, 9.5982586e-01, 2.0281241e-01, 7.0252337e-01 
2660, 7.5364082e-01, 9.0096995e-01, 8.6507714e-01 
2661, 5.5321789e-01, 5.8862248e-01, 1.7857741e-01 
2662, 6.8384143e-01, 1.6624731e-01, 4.7597500e-01 
2663, 9.7773198e-01, 2.9432908e-01, 4.5036986e-01 
2664, 9.8741256e-01, 9.3806864e-01, 6.9423625e-01 
2665, 2.6119111e-01, 5.9571373e-01, 3.4485862e-01 
2666, 8.1160964e-01, 7.0506982e-01, 9.9626811e-01 
2667, 2.5480990e-01, 3.8875351e-01, 7.0604960e-01 
2668, 8.6824565e-01, 8.5803921e-02, 5.7238583e-01 
2669, 8.4778373e-01, 4.4923620e-01, 9.7502814e-01 
2670, 3.5268790e-01, 1.7155514e-03, 8.0390483e-01 
2671, 7.0589161e-03, 6.7867249e-01, 4.7792627e-01 
2672, 7.8713325e-01, 1.0829309e-01, 5.8739067e-01 
2673, 9.9593045e-01, 1.5967009e-01, 6.8756150e-01 
2674, 9.9776768e-01, 6.3821113e-01, 8.9279361e-01 
2675, 5.9877767e-01, 2.8517463e-02, 6.2563903e-02 
2676, 5.8457195e-01, 6.5081155e-01, 5.7218548e-01 
2677, 5.4454544e-01, 3.7309680e-01, 6.7571326e-01 
2678, 1.7162699e-01, 1.8752772e-01, 3.7055975e-02 
2679, 7.7603852e-01, 3.2346007e-01, 8.5533507e-01 
2680, 9.5214315e-01, 5.9625915e-01, 4.2063901e-01 
2681, 8.2668859e-01, 9.2837604e-01, 9.9300797e-02 
2682, 2.4202771e-02, 3.3313888e-01, 2.0718092e-01 
2683, 9.6287148e-01, 1.2455243e-01, 3.6400490e-01 
2684, 5.5533609e-02, 1.9684223e-01, 3.5560450e-01 
2685, 1.4426275e-01, 1.3768627e-01, 9.9803725e-01 
2686, 2.0500683e-01, 7.2563769e-02, 8.9131645e-01 
2687, 1.4712599e-01, 7.9540971e-01, 1.8091562e-01 
2688, 9.4516463e-01, 1.1398819e-01, 7.2770309e-01 
2689, 5.1905982e-01, 4.8568598e-01, 6.1266066e-01 
2690, 1.5424392e-01, 6.5178207e-01, 6.7674382e-01 
2691, 8.8098676e-02, 3.5730846e-01, 8.2065593e-01 
2692, 6.1048444e-01, 7.4915213e-01, 7.6120245e-01 
2693, 1.4467856e-01, 9.3720069e-01, 7.7017021e-01 
2694, 9.6933599e-01, 4.0778253e-02, 3.2826565e-01 
2695, 7.1016068e-01, 6.2487144e-01, 2.8431839e-01 
2696, 1.0400996e-02, 4.7886085e-01, 4.7521803e-01 
2697, 7.3729203e-01, 7.0834969e-01, 4.4466740e-01 
2698, 3.9381764e-02, 1.6089404e-01, 7.4334509e-01 
2699, 8.7361882e-01, 4.5024532e-01, 2.2751289e-01 
2700, 9.7056718e-02, 1.0704802e-01, 7.8640811e-01 
2701, 9.5775715e-01, 8.9353716e-01, 8.4122445e-01 
2702, 2.5016587e-01, 4.7366345e-01, 1.2813890e-01 
2703, 2.2175643e-02, 7.8499521e-01, 8.5137623e-01 
2704, 3.9503821e-01, 4.1051935e-01, 2.0978739e-01 
2705, 3.6944853e-01, 3.0219976e-01, 2.2612934e-01 
2706, 4.0898178e-02, 9.4304383e-01, 4.2425567e-01 
2707, 2.7803843e-03, 6.1831409e-01, 6.1274281e-01 
2708, 1.2801264e-01, 2.6563395e-01, 4.2535157e-01 
2709, 2.4734198e-01, 1.6802360e-03, 8.6038134e-02 
2710, 3.1573815e-01, 6.7880515e-02, 3.0951581e-01 
2711, 4.5813678e-01, 9.0771781e-01, 5.9308717e-01 
2712, 6.5388089e-01, 2.4855284e-01, 8.9674823e-01 
2713, 2.4203802e-02, 7.9847789e-01, 2.1357173e-01 
2714, 4.9598048e-01, 3.9521096e-01, 1.4081111e-01 
2715, 2.5859973e-01, 2.7264898e-01, 9.2650558e-01 
2716, 3.8590336e-01, 2.7038177e-01, 6.9287478e-01 
2717, 3.1721534e-01, 7.0963206e-01, 8.1482711e-01 
2718, 4.6515750e-01, 7.6138050e-01, 5.0161088e-01 
2719, 8.3939343e-01, 4.8502512e-01, 6.5094344e-01 
2720, 8.5029589e-01, 1.1952195e-01, 7.0917025e-01 
2721, 2.6239745e-01, 2.6563100e-01, 4.9335072e-01 
2722, 6.0648807e-01, 9.8091775e-01, 5.9529435e-01 
2723, 7.9391893e-01, 2.5598887e-01, 5.7743062e-01 
2724, 9.3618014e-02, 5.2938758e-01, 2.4877772e-01 
2725, 4.1260429e-01, 6.3211134e-01, 5.5579343e-01 
2726, 5.7015552e-01, 9.3922917e-01, 3.7894087e-01 
2727, 6.2109555e-01, 4.8560886e-01, 1.6203863e-01 
2728, 1.1110035e-01, 5.4292016e-01, 8.4242493e-02 
2729, 4.8949944e-01, 4.4070789e-01, 5.9581042e-01 
2730, 9.5173334e-01, 9.3267379e-01, 7.7907178e-01 
2731, 3.6271923e-02, 8.5982513e-01, 2.6697424e-01 
2732, 9.5300274e-01, 9.7370483e-01, 6.6581639e-01 
2733, 9.7578946e-01, 5.7776124e-01, 9.1551046e-01 
2734, 9.2545560e-01, 3.6984371e-01, 1.5979034e-01 
2735, 6.6015956e-01, 3.4462878e-01, 3.2395724e-01 
2736, 4.2384006e-01, 8.9147488e-01, 9.2973963e-01 
2737, 5.2713404e-01, 2.1981806e-01, 8.1268021e-01 
2738, 2.7308256e-01, 4.3124230e-01, 4.3585341e-02 
2739, 7.7353393e-01, 3.6850325e-01, 7.4741193e-01 
2740, 8.4364913e-01, 8.9443408e-01, 6.8695387e-01 
2741, 9.9646307e-01, 8.6525434e-01, 7.0133812e-01 
2742, 4.4085407e-01, 3.6706990e-02, 6.4184294e-01 
2743, 2.0028831e-02, 7.5432959e-01, 8.1830717e-01 
2744, 3.7764932e-01, 5.1256342e-01, 3.1307882e-01 
2745, 9.0176846e-01, 1.7108393e-01, 6.5371524e-01 
2746, 9.9450351e-01, 8.4708445e-01, 3.5318938e-01 
2747, 6.6261520e-01, 5.6950146e-01, 3.9676204e-01 
2748, 6.4812075e-03, 1.4483538e-01, 6.5691754e-01 
2749, 9.1269932e-01, 4.9452207e-01, 6.7009388e-01 
2750, 5.6912680e-01, 7.0933996e-01, 3.8604276e-01 
2751, 7.4767468e-01, 8.2472627e-01, 3.1647360e-01 
2752, 2.8881657e-01, 4.6188979e-01, 5.1112244e-01 
2753, 5.0285751e-01, 4.7008913e-01, 6.6715404e-01 
2754, 2.9504634e-01, 8.8609271e-01, 1.9107487e-01 
2755, 7.5906194e-01, 2.6033417e-01, 1.8552556e-01 
2756, 1.2160954e-01, 6.5244750e-01, 2.2237597e-01 
2757, 2.6421620e-01, 8.1092948e-01, 3.3577281e-01 
2758, 2.7951274e-01, 5.3642407e-01, 5.1587631e-01 
2759, 9.6580223e-01, 9.3677178e-02, 2.6773566e-01 
2760, 2.2967421e-01, 4.6227388e-01, 1.5915782e-01 
2761, 1.8523355e-01, 4.6223158e-02, 5.2333639e-01 
2762, 4.7397839e-01, 3.2104294e-02, 9.0124839e-01 
2763, 1.7770005e-01, 5.2848330e-01, 4.2725921e-02 
2764, 6.9050829e-01, 7.2281717e-02, 3.6384853e-01 
2765, 7.6379565e-01, 6.5892431e-01, 4.1313486e-01 
2766, 5.3361540e-01, 7.6567313e-01, 2.4779286e-01 
2767, 1.7217171e-01, 1.2077721e-01, 7.3882903e-01 
2768, 8.1470531e-01, 4.6718938e-01, 7.8929177e-02 
2769, 9.9626600e-01, 9.5930272e-01, 6.6287874e-01 
2770, 1.6773440e-01, 3.1827881e-01, 2.4684627e-01 
2771, 5.2982042e-01, 1.0623292e-01, 9.1270555e-01 
2772, 9.8528084e-01, 9.4805751e-01, 1.0150784e-01 
2773, 7.8553603e-02, 2.3292244e-01, 5.8895766e-01 
2774, 5.4130904e-01, 1.4126996e-01, 5.8084458e-02 
2775, 8.5753814e-01, 9.4895782e-02, 4.9879414e-01 
2776, 7.6811701e-01, 8.8904911e-01, 4.0484484e-01 
2777, 1.3140176e-01, 6.0483085e-01, 5.9759075e-01 
2778, 4.8147463e-01, 4.7599084e-01, 5.3393326e-01 
2779, 9.9440919e-01, 8.8996077e-01, 8.4150356e-01 
2780, 9.9958009e-01, 5.3237617e-01, 3.2164985e-01 
2781, 5.9415600e-01, 6.4918688e-01, 2.7413129e-01 
2782, 5.4689469e-01, 8.7313495e-01, 4.5793065e-01 
2783, 6.3986171e-01, 1.7823073e-01, 9.1535935e-01 
2784, 1.3410918e-01, 5.1353489e-02, 8.9548149e-02 
2785, 1.3304150e-01, 1.9178336e-01, 8.1895768e-01 
2786, 7.1803821e-01, 7.7910165e-01, 8.7199515e-01 
2787, 2.3827650e-01, 8.8215111e-01, 2.1021128e-01 
2788, 3.8576713e-01, 8.6125194e-02, 8.8926143e-01 
2789, 8.0447066e-02, 5.0591188e-01, 4.9959671e-01 
2790, 4.9400793e-01, 7.5206960e-01, 2.5161492e-01 
2791, 6.7368163e-01, 2.2882491e-01, 3.9291054e-01 
2792, 9.6638065e-01, 4.5625598e-01, 9.9511930e-02 
2793, 2.9019805e-01, 4.1248568e-01, 3.2270706e-01 
2794, 9.8824603e-01, 6.6684645e-01, 5.2490508e-01 
2795, 3.5951629e-01, 8.8196896e-01, 9.9658679e-01 
2796, 5.0329786e-01, 5.4304874e-01, 6.1143821e-01 
2797, 9.0396877e-01, 3.4524896e-01, 2.5382012e-01 
2798, 1.1678569e-01, 5.9501030e-01, 2.5369833e-01 
2799, 4.1194589e-01, 7.7107212e-01, 6.1754834e-01 
2800, 1.4118421e-01, 9.4975248e-01, 6.7896383e-01 
2801, 5.9054007e-01, 7.9183366e-01, 5.0854427e-01 
2802, 2.1620129e-01, 3.8429988e-01, 2.6748303e-01 
2803, 7.0302666e-01, 5.7576915e-01, 3.2631012e-01 
2804, 8.3652510e-01, 6.1791288e-01, 7.9163795e-01 
2805, 8.1382684e-01, 5.7924583e-01, 2.3859416e-01 
2806, 9.9496749e-01, 3.9973328e-01, 9.0048168e-02 
2807, 1.6275597e-01, 9.4702204e-01, 5.8790011e-01 
2808, 1.7113783e-01, 9.8121468e-01, 2.7219124e-01 
2809, 1.1964604e-01, 1.1380263e-01, 1.4131946e-01 
2810, 5.1646342e-01, 5.2019744e-01, 8.4482875e-01 
2811, 1.2040137e-02, 1.0432513e-01, 3.7618334e-02 
2812, 3.2495999e-01, 3.2608539e-01, 2.9743632e-01 
2813, 9.4137738e-01, 9.9966924e-01, 8.8921708e-01 
2814, 7.5040541e-01, 5.0289093e-01, 7.4287543e-01 
2815, 1.7725263e-01, 4.7668269e-01, 3.7319598e-01 
2816, 5.3693168e-01, 7.1700477e-01, 3.5467311e-01 
2817, 6.9552815e-02, 8.8684174e-02, 6.7867156e-01 
2818, 9.3879295e-01, 8.9701802e-02, 2.1697627e-01 
2819, 9.1385739e-01, 3.6576254e-02, 2.9715983e-01 
2820, 2.1976047e-01, 2.7886471e-01, 1.2980686e-02 
2821, 3.9165326e-01, 8.9438203e-01, 6.5305184e-01 
2822, 7.8104152e-01, 9.2763353e-01, 6.4496784e-01 
2823, 4.8589645e-01, 8.7226719e-01, 3.8189950e-01 
2824, 2.1555757e-01, 3.5277877e-01, 6.3397111e-01 
2825, 9.9411032e-01, 1.5542514e-01, 3.2690354e-01 
2826, 5.2280869e-01, 5.5842119e-06, 2.8283064e-02 
2827, 6.2499546e-01, 3.1866483e-01, 4.7311413e-01 
2828, 2.4943377e-01, 3.9832280e-01, 8.4019271e-01 
2829, 7.3679501e-01, 8.9678781e-01, 6.3076294e-01 
2830, 7.8967380e-01, 3.9327681e-01, 3.1099283e-03 
2831, 2.0725813e-01, 9.6790433e-01, 7.0583420e-01 
2832, 1.7162166e-01, 6.4560681e-01, 9.7547903e-01 
2833, 2.0510646e-01, 6.7823046e-01, 9.0366701e-01 
2834, 1.6843251e-01, 3.1404767e-01, 5.2315068e-01 
2835, 8.6131141e-01, 2.4643109e-02, 7.1079223e-01 
2836, 9.8965002e-01, 9.4071073e-03, 8.7476077e-01 
2837, 9.3634342e-01, 2.3596013e-03, 6.9491162e-01 
2838, 2.2352329e-01, 7.2392287e-01, 3.6847370e-01 
2839, 2.7430825e-01, 4.0125531e-01, 5.9871720e-01 
2840, 8.8071279e-01, 4.1373061e-01, 5.9208949e-01 
2841, 7.0578544e-01, 7.3992975e-01, 7.1591776e-01 
2842, 4.0066310e-01, 2.2701692e-01, 2.1300860e-01 
2843, 8.6006408e-01, 4.1196330e-01, 5.3515847e-01 
2844, 7.6464315e-01, 5.0800431e-01, 4.0837271e-01 
2845, 4.4287732e-01, 5.9273936e-01, 7.0597498e-02 
2846, 4.7990181e-01, 3.6556891e-01, 6.5819535e-01 
2847, 9.5560086e-02, 9.5479173e-01, 4.1168952e-02 
2848, 2.4004461e-01, 3.1998046e-01, 2.9861621e-01 
2849, 1.2814015e-01, 7.5631481e-01, 8.6150422e-01 
2850, 4.6155620e-01, 1.9594226e-01, 7.1292036e-01 
2851, 5.6633190e-01, 3.2779872e-01, 4.5866585e-03 
2852, 2.3780962e-01, 7.6683311e-01, 9.5168972e-01 
2853, 4.7501881e-02, 9.6560191e-01, 7.9934693e-01 
2854, 2.1658726e-01, 4.5694503e-01, 9.2591159e-01 
2855, 4.1469234e-01, 1.1653785e-01, 7.7658342e-01 
2856, 6.8551653e-01, 7.8547805e-01, 1.3124024e-01 
2857, 8.4310349e-02, 3.0254103e-02, 3.3452773e-01 
2858, 1.6413507e-02, 9.5179579e-01, 3.0173190e-01 
2859, 8.6115107e-01, 8.6186089e-01, 2.9064815e-01 
2860, 8.2133115e-01, 7.9155968e-01, 2.5773997e-01 
2861, 2.8644422e-02, 9.9427650e-01, 9.8534756e-01 
2862, 5.7450264e-01, 4.9642948e-01, 7.7191604e-01 
2863, 8.9877307e-01, 1.7301910e-01, 3.4704958e-01 
2864, 4.5491920e-01, 2.0622874e-01, 9.9012959e-01 
2865, 1.3821093e-01, 2.2220406e-01, 4.4555489e-01 
2866, 1.0277976e-01, 5.9772103e-01, 3.0731743e-02 
2867, 3.8576969e-01, 9.9622865e-01, 8.3404929e-01 
2868, 6.0290471e-01, 3.2919580e-01, 4.5151241e-01 
2869, 5.4861561e-01, 1.1317344e-01, 2.0119792e-01 
2870, 8.8722494e-01, 5.6397544e-01, 8.0724167e-01 
2871, 7.7707823e-01, 3.4260812e-01, 3.6289548e-01 
2872, 5.3857556e-01, 4.9174281e-01, 8.6427406e-01 
2873, 5.1297909e-01, 1.8651315e-01, 6.8596523e-01 
2874, 7.3523326e-01, 8.3543682e-01, 8.3726715e-01 
2875, 3.5389103e-01, 3.1659878e-01, 8.1186420e-01 
2876, 4.1650760e-02, 2.0770759e-01, 4.9367477e-01 
2877, 7.2647094e-01, 6.6001614e-01, 3.3392194e-01 
2878, 9.1029042e-01, 5.8274908e-01, 3.2511931e-01 
2879, 3.4225390e-01, 3.0290952e-01, 9.4177766e-01 
2880, 5.2256977e-01, 8.0907149e-01, 3.5630037e-01 
2881, 8.9851895e-01, 2.4052273e-01, 2.9480875e-02 
2882, 8.8517851e-01, 5.2873626e-01, 7.0423902e-02 
2883, 6.4235111e-01, 6.7331496e-01, 5.7544583e-01 
2884, 2.2785923e-01, 4.0596578e-01, 4.5183069e-02 
2885, 4.8345645e-01, 9.0590364e-01, 1.2787080e-01 
2886, 5.8907868e-01, 7.4515894e-01, 8.2595968e-01 
2887, 1.6705814e-01, 7.3552950e-03, 7.9074066e-01 
2888, 8.2640617e-02, 7.0769112e-01, 3.5310456e-01 
2889, 3.5446052e-01, 9.0600219e-01, 7.7852761e-01 
2890, 8.0830025e-01, 8.8429262e-01, 5.4479317e-01 
2891, 7.7535187e-01, 8.3280582e-01, 5.2694145e-01 
2892, 5.2361196e-01, 6.9081515e-01, 3.3091861e-01 
2893, 2.4533182e-01, 2.9478398e-01, 1.5394552e-01 
2894, 6.0136352e-01, 4.7278744e-01, 6.3682741e-01 
2895, 7.8815102e-01, 4.9447838e-01, 4.2472730e-01 
2896, 1.1367652e-01, 8.0627515e-01, 7.9107328e-02 
2897, 4.0329693e-02, 1.0475663e-01, 3.5415710e-01 
2898, 9.1612043e-01, 6.0875476e-01, 7.9919996e-01 
2899, 7.4846678e-01, 4.8621877e-01, 5.6063218e-01 
2900, 1.7503517e-01, 7.8546883e-01, 1.6700344e-01 
2901, 4.8740009e-01, 4.7603308e-01, 9.6551716e-01 
2902, 1.9067836e-01, 3.4501680e-01, 9.7898644e-01 
2903, 1.6938292e-01, 4.4885113e-01, 4.3660999e-01 
2904, 5.2841124e-01, 3.3572016e-01, 3.3828877e-01 
2905, 6.4305576e-01, 8.6825501e-01, 6.0892092e-01 
2906, 5.4213385e-01, 5.9887303e-01, 8.9900008e-02 
2907, 5.5919695e-01, 9.0817834e-02, 6.4806612e-01 
2908, 8.5997258e-01, 9.9149855e-01, 4.0401644e-01 
2909, 5.8733605e-01, 3.1967639e-01, 9.7664788e-02 
2910, 6.0708396e-01, 7.2990350e-01, 5.2925081e-01 
2911, 9.8023495e-01, 5.9927067e-01, 3.1582962e-01 
2912, 5.9650445e-01, 9.2717673e-02, 3.1370659e-01 
2913, 1.8258221e-01, 4.2183142e-01, 3.7907804e-04 
2914, 6.3797106e-01, 8.9891942e-01, 4.3379557e-01 
2915, 9.0406287e-01, 3.2863611e-01, 8.9841352e-01 
2916, 1.3456066e-01, 9.6425014e-01, 6.0149377e-01 
2917, 5.0448344e-01, 2.9836771e-01, 8.9669788e-01 
2918, 4.9205453e-01, 2.2497195e-01, 5.2172960e-01 
2919, 8.1981379e-01, 7.4458947e-02, 6.7151619e-01 
2920, 3.9694096e-01, 9.4019371e-01, 5.7015306e-01 
2921, 5.0798881e-01, 9.6688711e-01, 2.2717621e-01 
2922, 5.1069959e-01, 6.1600712e-01, 1.0948333e-01 
2923, 2.6212172e-02, 4.2856148e-01, 9.0911272e-01 
2924, 9.6090760e-01, 2.4864963e-01, 4.9069486e-01 
2925, 3.0074990e-02, 7.1083506e-01, 6.5195994e-02 
2926, 1.9217031e-01, 1.2551570e-01, 1.2247893e-02 
2927, 8.1679504e-01, 3.6354182e-01, 8.9950357e-01 
2928, 3.0434792e-01, 9.6358841e-01, 2.4224069e-01 
2929, 6.7545062e-01, 9.8923016e-01, 4.2048213e-01 
2930, 6.9757113e-01, 5.8365021e-01, 8.7579799e-01 
2931, 3.3549004e-01, 9.3904881e-01, 5.5787435e-01 
2932, 9.8569134e-01, 3.3314709e-01, 4.1772158e-01 
2933, 8.1177628e-01, 8.7114818e-01, 9.8854315e-01 
2934, 6.3395410e-01, 3.5792130e-01, 8.1291440e-01 
2935, 9.2327528e-01, 8.6411789e-01, 7.1075572e-01 
2936, 7.1712550e-01, 1.2637314e-01, 8.7234782e-01 
2937, 3.8149237e-01, 6.3337970e-01, 1.0393150e-01 
2938, 6.3104360e-01, 4.1310697e-01, 1.7498619e-01 
2939, 6.3751866e-01, 2.9241564e-01, 8.5525987e-01 
2940, 5.2937816e-02, 3.2144509e-01, 3.3757967e-01 
2941, 7.0033493e-01, 9.2595298e-01, 2.4798716e-01 
2942, 4.2864661e-01, 4.9999683e-01, 1.7923950e-01 
2943, 6.1345934e-02, 8.1079401e-01, 9.4193796e-01 
2944, 6.3795009e-02, 8.4873588e-01, 2.0084851e-01 
2945, 3.5867706e-01, 5.5181027e-01, 6.1823253e-01 
2946, 8.0778004e-01, 6.6648034e-01, 4.2066922e-01 
2947, 9.7838297e-01, 7.7770775e-01, 8.6999516e-01 
2948, 2.6583251e-01, 2.8322826e-01, 6.9471253e-01 
2949, 2.9762135e-02, 1.5459142e-01, 3.1311086e-01 
2950, 9.3771169e-01, 7.0353343e-01, 4.1010124e-01 
2951, 5.6489145e-02, 5.6062141e-01, 7.5531177e-01 
2952, 4.5107731e-02, 8.3911125e-01, 5.7567037e-01 
2953, 3.3541439e-01, 9.8291972e-01, 5.5124616e-01 
2954, 4.9623270e-01, 9.2577226e-02, 1.5107004e-02 
2955, 6.2547241e-01, 3.9338522e-01, 9.4622500e-01 
2956, 7.8516447e-01, 1.5698954e-01, 4.0491475e-01 
2957, 2.6268051e-01, 8.1556829e-01, 1.7724948e-01 
2958, 9.3720916e-01, 6.9402143e-01, 8.9528172e-01 
2959, 8.0109002e-01, 6.0782790e-01, 9.1098769e-01 
2960, 3.8916441e-01, 7.3307648e-01, 9.1032072e-01 
2961, 7.9413533e-01, 6.3310864e-01, 1.0858886e-01 
2962, 2.2687114e-01, 1.3286269e-01, 9.3791190e-01 
2963, 4.0807885e-01, 5.8366203e-01, 1.7068939e-01 
2964, 5.0262811e-01, 1.9304155e-01, 3.6248806e-01 
2965, 6.0283053e-01, 9.0348332e-01, 5.8369450e-01 
2966, 7.9417568e-01, 1.0525523e-01, 1.0803510e-01 
2967, 4.1249748e-01, 4.9992698e-01, 2.1875531e-01 
2968, 4.9740044e-01, 7.0008446e-01, 9.1032295e-01 
2969, 9.9797896e-01, 2.3537166e-01, 2.7773548e-01 
2970, 2.9357659e-01, 7.7943412e-01, 9.6505617e-01 
2971, 8.7591118e-01, 3.7607850e-01, 8.3776675e-02 
2972, 8.9848015e-01, 4.3727525e-02, 6.8851314e-01 
2973, 8.0262379e-01, 8.9114610e-01, 8.0878360e-01 
2974, 3.3605194e-01, 6.8113277e-01, 7.9537970e-01 
2975, 9.3267920e-01, 6.2988394e-01, 4.5032564e-01 
2976, 2.8774800e-01, 2.9077089e-01, 9.8609332e-01 
2977, 7.1108158e-01, 9.4580426e-01, 6.4116474e-01 
2978, 8.9903758e-02, 7.5183886e-02, 6.3990645e-01 
2979, 4.9128507e-01, 5.0686514e-01, 4.6750431e-01 
2980, 2.9090396e-01, 5.3283609e-01, 3.4654908e-01 
2981, 8.7157769e-01, 2.1188235e-01, 8.2740441e-01 
2982, 1.7359331e-01, 3.7992221e-01, 4.1598684e-01 
2983, 5.6537050e-01, 8.6434862e-02, 5.5598119e-01 
2984, 9.8039583e-01, 9.4232368e-01, 7.6484673e-01 
2985, 9.4192750e-01, 4.9645533e-01, 3.9763302e-01 
2986, 5.9651334e-01, 7.0295509e-01, 2.5662413e-01 
2987, 8.3740446e-01, 7.7774433e-01, 6.1346958e-01 
2988, 4.1016118e-01, 7.2379264e-01, 6.5066425e-01 
2989, 5.5453068e-01, 5.0833104e-02, 9.1878246e-01 
2990, 7.4475979e-01, 1.1596367e-01, 1.7420218e-01 
2991, 7.9367217e-01, 3.0087437e-01, 3.9009860e-01 
2992, 5.7269726e-01, 8.7246417e-01, 2.4387479e-01 
2993, 7.3790998e-01, 3.2862690e-01, 5.9832203e-01 
2994, 2.4098920e-01, 2.9742223e-02, 8.6504173e-01 
2995, 2.7658331e-01, 6.4519444e-01, 3.6681138e-01 
2996, 7.4098692e-01, 5.8115732e-01, 9.8632125e-01 
2997, 1.7325853e-01, 5.4256624e-01, 4.8495464e-01 
2998, 5.1873320e-01, 1.2981211e-01, 1.6480920e-01 
2999, 4.1510510e-01, 2.3837491e-01, 3.7754114e-01 
3000, 6.9978311e-01, 4.3655697e-01, 5.0446843e-01 
3001, 3.9174735e-01, 5.8171839e-01, 4.4738896e-01 
3002, 7.8778980e-01, 5.2477589e-02, 6.3597510e-01 
3003, 6.5211865e-01, 9.9877830e-01, 1.6660503e-01 
3004, 6.1438435e-01, 6.4743113e-01, 3.7873138e-01 
3005, 3.9226259e-01, 4.0927628e-01, 8.3117369e-01 
3006, 8.0131275e-01, 9.9133480e-01, 2.1115966e-02 
3007, 5.4150448e-01, 3.8927462e-01, 5.7533891e-01 
3008, 6.6451078e-01, 4.5839807e-01, 6.6531033e-01 
3009, 4.3938154e-01, 8.6065922e-01, 6.7276522e-01 
3010, 3.2185897e-01, 1.3048707e-01, 5.9183523e-01 
3011, 1.0340594e-01, 5.9565154e-01, 5.3532671e-01 
3012, 7.6956150e-01, 8.4128892e-01, 5.8411391e-01 
3013, 8.8202911e-01, 4.7840676e-01, 7.0189351e-01 
3014, 7.5401173e-01, 3.4416492e-01, 9.8506465e-01 
3015, 3.7943888e-01, 2.2795694e-01, 5.2846372e-01 
3016, 3.9479349e-01, 2.7061324e-01, 9.0446473e-01 
3017, 1.5663053e-01, 6.9658940e-01, 8.8997588e-01 
3018, 5.0618837e-01, 4.0642205e-01, 6.0486889e-01 
3019, 4.0026160e-01, 7.8224275e-01, 1.8207254e-01 
3020, 7.6023496e-01, 2.3193350e-01, 9.9192392e-01 
3021, 6.6361236e-01, 7.5029955e-01, 2.1566160e-01 
3022, 1.4152462e-01, 8.7260590e-02, 5.0207779e-01 
3023, 5.0506149e-01, 6.1194756e-01, 5.1913005e-01 
3024, 6.9101704e-01, 3.9922353e-01, 5.5693177e-01 
3025, 5.5709150e-01, 1.7150986e-01, 2.6351451e-01 
3026, 8.0857159e-01, 5.4760944e-01, 9.7812565e-01 
3027, 5.7754244e-02, 1.1836755e-01, 7.6696772e-02 
3028, 4.8596153e-01, 5.2162430e-01, 1.4363304e-01 
3029, 7.2516905e-01, 3.8894768e-01, 5.2337584e-01 
3030, 1.9391095e-01, 9.1321444e-01, 4.1849265e-01 
3031, 7.1532372e-01, 7.2891465e-01, 4.2710730e-03 
3032, 6.8297618e-01, 4.8265853e-01, 4.2126305e-01 
3033, 8.1651544e-01, 9.6121754e-01, 3.2386029e-01 
3034, 1.7131043e-01, 5.7680538e-01, 5.8639546e-02 
3035, 2.7798105e-01, 4.9913362e-01, 7.0279800e-01 
3036, 9.7483683e-01, 9.7114005e-01, 1.2585153e-01 
3037, 6.1401521e-01, 8.2018748e-01, 9.6484127e-01 
3038, 3.3539058e-01, 1.4110282e-01, 9.3158772e-03 
3039, 5.8086474e-01, 7.8745639e-01, 1.5257802e-02 
3040, 5.0295720e-01, 1.7416251e-01, 2.4755515e-01 
3041, 5.8259615e-01, 4.5530671e-01, 3.8815669e-01 
3042, 6.3989393e-01, 6.5192460e-01, 3.5839735e-01 
3043, 8.3252809e-01, 9.8457667e-01, 1.8767563e-01 
3044, 9.7443240e-01, 5.1681114e-01, 3.6042436e-01 
3045, 7.6641039e-02, 1.2858524e-01, 4.7374927e-01 
3046, 3.3364481e-01, 4.0529669e-01, 7.6665791e-01 
3047, 4.5341872e-01, 5.3065489e-01, 1.7271689e-01 
3048, 2.1194964e-01, 3.9903297e-01, 4.2043535e-01 
3049, 4.6773503e-01, 1.0377171e-01, 7.0008154e-02 
3050, 7.9862864e-01, 4.5963888e-01, 9.4842064e-01 
3051, 3.3406373e-01, 6.0786892e-01, 3.8219679e-01 
3052, 9.1687812e-01, 9.6520379e-01, 1.9026673e-01 
3053, 3.3130323e-02, 7.4164144e-01, 3.3855023e-01 
3054, 8.9384523e-01, 5.7064534e-01, 7.7334520e-01 
3055, 2.4286038e-01, 9.7592357e-01, 6.1879327e-01 
3056, 2.7915661e-01, 5.6378960e-01, 9.9753741e-01 
3057, 7.4196881e-01, 1.7890616e-01, 2.9104771e-01 
3058, 6.0896317e-01, 8.6269399e-01, 7.7075955e-01 
3059, 6.5536892e-01, 8.8503522e-01, 2.7219126e-01 
3060, 7.8574302e-01, 7.8428149e-01, 3.8362455e-03 
3061, 9.1872902e-01, 4.0180640e-02, 9.1099567e-01 
3062, 6.3936853e-01, 4.2519089e-01, 2.1265882e-01 
3063, 2.1597598e-01, 1.0196716e-01, 5.0545201e-01 
3064, 4.8636165e-01, 6.9410831e-01, 2.5342775e-01 
3065, 6.8845743e-02, 8.3091291e-01, 6.6706765e-01 
3066, 1.2317182e-01, 2.8721443e-01, 9.9219737e-02 
3067, 5.0254532e-01, 5.8042644e-02, 9.3140022e-01 
3068, 9.3404437e-01, 3.1105958e-01, 7.1341287e-01 
3069, 2.1316241e-01, 6.6559519e-01, 2.2793096e-01 
3070, 2.3252001e-01, 8.8446574e-01, 3.1206902e-02 
3071, 1.7945747e-01, 3.6010066e-01, 4.8125368e-01 
3072, 1.3788655e-01, 3.7666109e-01, 3.3308345e-01 
3073, 2.4054709e-01, 5.8897370e-01, 4.1235651e-01 
3074, 4.4964451e-01, 7.1573095e-01, 7.2950268e-01 
3075, 8.2182512e-01, 7.6929089e-01, 6.1293125e-02 
3076, 4.1419359e-01, 9.5733931e-01, 3.7409594e-01 
3077, 4.3224813e-01, 6.1865323e-01, 6.6832753e-01 
3078, 6.0690745e-01, 9.7343516e-01, 9.2647939e-01 
3079, 4.1020921e-01, 7.6189774e-02, 8.6026323e-02 
3080, 8.0931605e-02, 2.1194360e-01, 6.1753583e-01 
3081, 9.6407599e-01, 5.2448177e-01, 2.0873677e-01 
3082, 9.3238939e-01, 7.6803687e-01, 8.2265111e-01 
3083, 2.1405380e-01, 5.9253994e-01, 3.3428994e-01 
3084, 5.4389698e-01, 2.9807518e-01, 6.1915645e-01 
3085, 6.4278294e-02, 8.6661267e-01, 7.0597806e-01 
3086, 6.9944626e-01, 9.1147390e-01, 9.2651318e-01 
3087, 4.1505558e-01, 7.3496840e-03, 2.4866952e-01 
3088, 9.4942244e-01, 9.8847383e-01, 4.9321871e-01 
3089, 7.6976863e-01, 1.2012077e-01, 4.3201215e-01 
3090, 9.0817986e-01, 4.0225434e-01, 1.3232585e-01 
3091, 9.3974370e-01, 2.1778699e-01, 5.7014111e-01 
3092, 7.6271009e-01, 9.4568894e-01, 5.1446467e-01 
3093, 8.4169018e-01, 7.3778005e-01, 5.6372220e-01 
3094, 7.2290777e-01, 2.8627693e-01, 4.5883702e-01 
3095, 5.4695304e-01, 7.0265014e-01, 9.2119620e-02 
3096, 7.6314762e-01, 3.2863148e-02, 6.3618869e-01 
3097, 3.9276607e-01, 3.6418642e-01, 8.5938616e-01 
3098, 7.3441419e-01, 1.7626277e-01, 4.6201183e-01 
3099, 6.2766306e-01, 1.7495255e-01, 2.0424100e-01 
3100, 7.5802397e-01, 7.1438797e-01, 7.8759916e-01 
3101, 2.9690234e-01, 6.9192519e-01, 7.4005310e-02 
3102, 5.8161430e-01, 4.9837873e-01, 5.6108993e-01 
3103, 5.4414401e-01, 2.6476504e-02, 8.4534971e-01 
3104, 1.8502206e-01, 2.0298176e-01, 6.8974373e-01 
3105, 2.3603591e-01, 2.7299505e-01, 4.1932545e-01 
3106, 1.4336746e-01, 5.2521219e-01, 2.6391153e-01 
3107, 5.2401062e-01, 9.1097642e-01, 1.7148604e-01 
3108, 6.9422937e-01, 3.1503182e-02, 2.8455648e-01 
3109, 6.8931921e-01, 7.1013110e-01, 8.0652513e-02 
3110, 2.7127087e-01, 4.7346635e-02, 4.9726536e-01 
3111, 9.3210295e-03, 2.1964718e-01, 7.0678714e-02 
3112, 2.2238590e-01, 4.9249040e-01, 2.5409967e-01 
3113, 9.4470645e-01, 2.6953431e-01, 5.2746587e-01 
3114, 2.4696656e-01, 4.4986756e-01, 8.1966807e-01 
3115, 3.4312037e-01, 9.6191773e-01, 7.7734823e-01 
3116, 3.2927043e-01, 5.9725845e-01, 9.5034523e-01 
3117, 1.4871465e-01, 1.6232099e-01, 3.9801992e-01 
3118, 5.9142734e-01, 8.6127248e-01, 5.2072060e-01 
3119, 7.2896538e-01, 5.7547211e-01, 8.2766507e-01 
3120, 6.7510361e-01, 4.8332170e-01, 3.6573452e-01 
3121, 1.0016152e-01, 2.5043668e-01, 5.4068999e-01 
3122, 7.7672884e-01, 3.5299705e-02, 2.3783904e-01 
3123, 6.8243791e-01, 7.3052477e-01, 5.4682550e-01 
3124, 8.4592044e-01, 3.5357867e-01, 4.8476537e-01 
3125, 9.9208681e-01, 3.2591865e-01, 5.3231357e-01 
3126, 8.8806385e-01, 7.8041358e-01, 3.8696080e-01 
3127, 7.2619064e-01, 6.7600818e-01, 3.7937339e-01 
3128, 6.6707418e-01, 7.4533739e-01, 9.0249480e-01 
3129, 4.6103798e-01, 9.3687273e-01, 3.1949702e-01 
3130, 9.2092127e-01, 2.3924377e-01, 9.0134633e-01 
3131, 6.9617718e-01, 9.8004921e-01, 8.1241844e-01 
3132, 4.0601632e-01, 8.4691158e-01, 5.5018221e-01 
3133, 4.7950322e-01, 2.8403268e-01, 4.0155508e-01 
3134, 3.5346148e-01, 3.8378278e-01, 7.4513581e-01 
3135, 5.3418155e-01, 5.0774395e-01, 5.2743377e-01 
3136, 3.3522986e-01, 9.3016005e-01, 2.4771511e-01 
3137, 9.0355108e-01, 5.7606730e-01, 4.5654007e-01 
3138, 3.1236908e-01, 8.2300406e-01, 8.2259888e-01 
3139, 9.9673123e-01, 9.2352644e-02, 7.0203883e-01 
3140, 3.1907811e-01, 2.6994905e-01, 5.4820052e-01 
3141, 1.9485139e-01, 6.0270382e-01, 4.6465923e-01 
3142, 6.8612283e-01, 1.5678652e-01, 7.1808958e-01 
3143, 4.0727276e-02, 7.3883245e-01, 7.9294964e-01 
3144, 1.9124219e-01, 6.5308311e-01, 4.7478313e-02 
3145, 9.9908996e-01, 3.6252242e-01, 6.6018624e-01 
3146, 6.4528080e-01, 9.3517367e-01, 7.5570156e-01 
3147, 4.5224174e-01, 2.2908364e-01, 4.3468862e-01 
3148, 6.5379816e-01, 6.0280122e-01, 4.0780141e-01 
3149, 8.2689164e-01, 2.7202379e-02, 9.1604621e-01 
3150, 7.6544075e-01, 4.6059936e-01, 3.7743713e-02 
3151, 9.9089453e-01, 6.3704309e-01, 3.7909788e-01 
3152, 2.1084815e-01, 8.8311618e-01, 1.4103356e-01 
3153, 7.9765701e-02, 6.7811666e-01, 2.6973173e-01 
3154, 9.3240076e-01, 6.5994133e-01, 3.3924916e-02 
3155, 2.4432338e-01, 4.9817224e-01, 7.6031860e-01 
3156, 8.3768765e-01, 1.8828461e-01, 3.3970601e-01 
3157, 7.0997580e-01, 9.9106730e-02, 3.5401842e-01 
3158, 2.2911663e-01, 8.6078483e-01, 8.8729649e-01 
3159, 3.0414782e-01, 3.2148368e-03, 4.5191399e-01 
3160, 2.2162116e-01, 2.3401418e-01, 8.7812677e-01 
3161, 6.1390346e-02, 2.2869819e-01, 3.3741636e-01 
3162, 3.1948344e-01, 1.1484367e-01, 3.0677686e-01 
3163, 4.8559212e-01, 9.0961261e-01, 3.4549572e-01 
3164, 5.5439376e-01, 8.4293733e-02, 7.9631076e-01 
3165, 3.6971038e-01, 4.7504940e-01, 5.2290913e-01 
3166, 3.9527762e-02, 3.1306305e-01, 5.2908324e-01 
3167, 1.5486018e-01, 3.4819333e-01, 4.2656961e-01 
3168, 8.2594099e-01, 2.7861398e-01, 4.5270925e-01 
3169, 6.3724291e-01, 7.7782652e-01, 2.4428203e-02 
3170, 3.3713248e-01, 3.7824046e-01, 3.4320005e-01 
3171, 7.2893790e-01, 4.5039868e-01, 3.2090058e-01 
3172, 8.8563038e-01, 1.1202188e-01, 3.8790708e-01 
3173, 6.7060336e-01, 7.4757974e-01, 9.9640817e-01 
3174, 2.6561687e-01, 4.8423524e-01, 4.4839930e-01 
3175, 7.1958166e-01, 2.3543997e-01, 5.3066602e-01 
3176, 1.7928090e-02, 1.4998505e-01, 8.1269701e-01 
3177, 9.6810803e-01, 3.8326167e-02, 2.7692205e-01 
3178, 3.3588753e-01, 5.6944299e-01, 2.4388400e-01 
3179, 9.7577177e-01, 2.5467275e-01, 4.6280674e-01 
3180, 1.3032690e-01, 2.8178656e-01, 1.9097148e-01 
3181, 6.1821474e-01, 9.5287953e-01, 7.2998578e-01 
3182, 5.3278863e-01, 1.2111854e-01, 9.5833750e-01 
3183, 3.1973365e-01, 1.2076057e-01, 3.6030644e-01 
3184, 8.0938854e-01, 8.8277839e-01, 5.7729937e-01 
3185, 7.5134870e-01, 9.1864524e-02, 7.2384425e-01 
3186, 4.6608255e-01, 6.6462527e-01, 7.0201219e-01 
3187, 4.0655811e-01, 4.0893436e-01, 7.6415653e-01 
3188, 3.4341223e-01, 6.2894673e-01, 4.3167003e-02 
3189, 6.6156579e-01, 5.7314224e-01, 6.0736512e-01 
3190, 2.2440451e-01, 5.1666908e-01, 7.4121064e-01 
3191, 9.4076301e-01, 8.7469718e-01, 5.5559412e-01 
3192, 9.0318613e-01, 2.1185222e-01, 6.9901530e-01 
3193, 3.5479150e-01, 1.3162675e-01, 2.3839187e-01 
3194, 6.3712085e-01, 8.8139278e-01, 1.6787408e-01 
3195, 4.2508823e-01, 4.0067247e-01, 8.4926309e-01 
3196, 4.6104079e-01, 8.3501715e-01, 9.8795704e-01 
3197, 2.9712287e-01, 6.3918638e-01, 8.3776677e-01 
3198, 3.9089120e-01, 2.3549315e-02, 6.1461260e-01 
3199, 4.3761795e-01, 8.6158256e-01, 8.2166961e-01 
3200, 6.7723803e-01, 5.1615783e-01, 8.2757411e-01 
3201, 8.7467788e-02, 4.0325818e-01, 1.1622041e-01 
3202, 9.8232672e-01, 9.6425749e-01, 3.2126178e-02 
3203, 6.5223996e-01, 8.0457963e-01, 7.7949793e-01 
3204, 5.5504266e-01, 5.9990318e-01, 3.2044465e-01 
3205, 7.9241825e-01, 2.6413568e-01, 7.8531592e-01 
3206, 5.2785327e-01, 2.9902450e-01, 8.1680957e-01 
3207, 2.6580520e-01, 4.5555489e-01, 4.0810102e-01 
3208, 6.1803050e-02, 7.6086933e-01, 8.7610014e-01 
3209, 9.4628834e-01, 6.9631790e-01, 2.4414793e-01 
3210, 9.4222188e-01, 4.4933257e-01, 7.2805232e-02 
3211, 2.7545831e-01, 2.1091116e-01, 4.0928325e-01 
3212, 8.0351708e-01, 4.2903038e-01, 3.0226993e-01 
3213, 7.2786904e-01, 1.5925723e-02, 3.5281997e-01 
3214, 3.6861923e-01, 8.2969148e-01, 7.1681837e-01 
3215, 8.2330819e-01, 7.9676208e-01, 5.1095864e-01 
3216, 3.6924611e-01, 3.4208766e-01, 4.9174385e-01 
3217, 4.5687558e-01, 2.3181604e-01, 3.2683475e-01 
3218, 5.6091875e-01, 2.0840939e-01, 3.3830024e-01 
3219, 6.5518244e-01, 2.4685046e-01, 2.1103553e-01 
3220, 2.9620251e-02, 7.3041393e-01, 1.1270061e-01 
3221, 5.3047307e-01, 9.9991645e-01, 3.8093107e-02 
3222, 8.8485895e-01, 5.3011726e-01, 8.5225551e-01 
3223, 2.4897732e-01, 1.7167346e-01, 6.7061194e-01 
3224, 4.9722749e-01, 5.4312398e-01, 8.5460444e-01 
3225, 2.2737524e-01, 8.4763352e-01, 1.7173036e-01 
3226, 9.3498572e-01, 7.3561442e-01, 8.7056320e-01 
3227, 7.6831822e-01, 6.0148048e-01, 6.4960759e-03 
3228, 9.1231671e-01, 9.5185105e-01, 4.0843799e-01 
3229, 9.2128848e-01, 2.8588943e-01, 1.9986223e-01 
3230, 1.2561391e-01, 5.0595578e-01, 3.2185616e-01 
3231, 7.4905727e-01, 8.9698272e-01, 2.1411766e-01 
3232, 4.5767065e-01, 9.7906020e-02, 6.4203297e-01 
3233, 9.7631959e-01, 5.1985214e-01, 8.6310431e-01 
3234, 9.0027138e-01, 9.4576590e-01, 2.6896207e-01 
3235, 8.4789639e-01, 9.5173559e-01, 9.1506029e-01 
3236, 8.1857659e-01, 7.5898367e-01, 5.0116773e-01 
3237, 6.2712647e-01, 2.7713637e-01, 7.1105702e-01 
3238, 8.8741300e-01, 8.0778348e-01, 7.9247939e-01 
3239, 7.1764474e-01, 6.6462955e-01, 5.7742334e-01 
3240, 4.6432328e-01, 5.4266439e-03, 1.5055233e-01 
3241, 5.8872729e-02, 5.3888533e-01, 7.2682001e-02 
3242, 9.5761632e-01, 7.7227111e-01, 9.9590163e-01 
3243, 2.6042434e-01, 9.6019783e-01, 6.9719002e-01 
3244, 9.2714368e-01, 1.7195277e-01, 8.7250468e-01 
3245, 4.3090694e-01, 8.2285676e-01, 3.1941752e-01 
3246, 5.9221654e-01, 6.2467519e-01, 2.0389663e-01 
3247, 8.7047382e-01, 8.1252433e-01, 1.2794171e-01 
3248, 2.6415029e-01, 1.3616654e-01, 7.3791323e-01 
3249, 5.7370990e-01, 3.8422937e-01, 4.0323573e-01 
3250, 3.4328967e-01, 7.2424009e-01, 5.2820234e-01 
3251, 9.9342173e-01, 4.3369810e-01, 3.5281557e-02 
3252, 4.0586021e-01, 8.8250454e-01, 3.1637288e-01 
3253, 8.3906896e-01, 2.9884832e-01, 8.0356349e-01 
3254, 1.0209826e-01, 1.4559756e-01, 2.5816641e-01 
3255, 6.0916814e-01, 5.1000724e-01, 2.9540473e-01 
3256, 4.0318411e-01, 5.9059997e-01, 6.9721372e-01 
3257, 5.0752945e-01, 8.7585740e-01, 4.7470027e-01 
3258, 7.1971257e-01, 5.6803052e-02, 9.3522972e-01 
3259, 4.6449677e-01, 2.4635085e-01, 9.4539763e-01 
3260, 2.2510047e-01, 9.7000708e-01, 4.4025738e-01 
3261, 6.1294274e-01, 9.4367735e-01, 4.5980234e-01 
3262, 6.3649457e-01, 5.8358736e-01, 2.1135210e-02 
3263, 8.8973149e-01, 1.0853776e-01, 2.2972614e-01 
3264, 4.1090828e-01, 8.5982356e-01, 5.9856838e-01 
3265, 4.0150265e-02, 7.1028219e-02, 4.1102038e-02 
3266, 3.6539251e-01, 1.4983319e-01, 6.2461936e-01 
3267, 2.1853869e-01, 9.1892742e-02, 9.4698760e-01 
3268, 7.9282474e-01, 9.2375047e-01, 1.4049452e-01 
3269, 7.6368560e-01, 1.3958227e-01, 4.8219632e-01 
3270, 5.2106521e-01, 3.6606999e-01, 1.4983472e-01 
3271, 9.1826607e-01, 6.6274115e-01, 3.2792315e-01 
3272, 8.6553561e-01, 6.9729588e-01, 6.3111685e-02 
3273, 6.4528577e-01, 1.6367049e-01, 6.8320818e-01 
3274, 3.5133091e-01, 1.3133455e-01, 9.3983056e-01 
3275, 2.3934960e-01, 4.3001390e-01, 4.4617024e-01 
3276, 1.3595130e-01, 3.9956095e-01, 9.9762700e-01 
3277, 3.0010407e-01, 5.9186608e-01, 2.9398648e-01 
3278, 3.8993596e-01, 1.4128139e-01, 1.6842206e-01 
3279, 3.3260244e-01, 2.8535240e-01, 2.6312642e-01 
3280, 7.9856517e-02, 7.3707064e-02, 4.5096622e-01 
3281, 6.1419806e-01, 1.0727517e-01, 2.4600741e-01 
3282, 1.7224566e-01, 6.4319028e-01, 8.6612450e-01 
3283, 8.4959275e-01, 5.3169991e-01, 1.2486889e-01 
3284, 6.0231674e-01, 5.1836245e-01, 9.0246246e-01 
3285, 6.5047968e-01, 8.2473233e-01, 4.3545974e-01 
3286, 1.4595634e-01, 5.4014038e-01, 3.8687696e-01 
3287, 2.7229380e-01, 1.3889149e-01, 5.7843682e-01 
3288, 2.4137973e-01, 1.4449166e-02, 5.9016221e-01 
3289, 4.0292984e-01, 6.9313126e-01, 7.4387195e-01 
3290, 1.9583006e-01, 8.5924985e-01, 8.9185272e-01 
3291, 1.4595229e-01, 8.4721138e-01, 3.1933887e-01 
3292, 9.1264564e-01, 6.2394664e-01, 6.4680120e-01 
3293, 6.2212867e-01, 7.8688390e-02, 4.8593495e-01 
3294, 6.9506237e-03, 8.6642495e-02, 4.5045838e-01 
3295, 5.6296727e-01, 3.5694594e-01, 9.1283773e-01 
3296, 3.9887102e-01, 5.5677866e-01, 7.2925732e-01 
3297, 9.9981454e-01, 6.9226825e-01, 2.2866867e-01 
3298, 2.9524551e-01, 1.3296446e-01, 9.3654863e-01 
3299, 3.8090276e-01, 8.9726673e-01, 5.2011585e-01 
3300, 6.0751380e-01, 7.9934521e-02, 1.6089596e-01 
3301, 2.6244519e-01, 3.5723693e-01, 3.0527155e-01 
3302, 4.1640478e-01, 6.1890468e-01, 6.3390742e-01 
3303, 4.7028350e-01, 3.4297508e-01, 8.2177065e-01 
3304, 3.7826527e-01, 9.1740892e-01, 9.6266591e-01 
3305, 5.9749306e-01, 3.7727533e-01, 9.1909206e-01 
3306, 3.2373128e-01, 5.3292218e-01, 2.6020302e-01 
3307, 2.8973745e-01, 6.0349441e-01, 4.9229075e-01 
3308, 6.6741689e-01, 7.4652615e-02, 3.2110891e-01 
3309, 7.7925418e-01, 8.6768484e-01, 5.7513299e-01 
3310, 9.0123954e-01, 5.3947831e-01, 6.0974159e-01 
3311, 1.3479800e-01, 9.7977771e-01, 8.2196253e-02 
3312, 2.0875204e-01, 8.4284842e-01, 6.9175655e-02 
3313, 5.5344194e-01, 4.0961339e-01, 6.4754334e-01 
3314, 4.2700408e-01, 2.4880316e-01, 3.1336015e-01 
3315, 4.1597664e-01, 4.4102998e-01, 3.2448391e-01 
3316, 2.4951260e-01, 1.1335199e-02, 3.3947533e-01 
3317, 4.6449396e-01, 1.2204674e-01, 1.8902992e-01 
3318, 7.7986210e-01, 3.8538436e-03, 4.7455249e-01 
3319, 7.9830429e-01, 6.5406218e-01, 3.6713505e-01 
3320, 9.0433997e-02, 7.6115575e-01, 1.9205721e-01 
3321, 3.6506565e-01, 9.6233442e-01, 2.8062377e-01 
3322, 1.0974569e-01, 3.3599114e-01, 9.9547441e-02 
3323, 2.9992433e-01, 7.4114598e-01, 6.1769865e-01 
3324, 9.0589562e-01, 7.4887153e-01, 3.9916309e-01 
3325, 7.2129484e-01, 7.7312815e-01, 9.4412490e-01 
3326, 5.0953922e-01, 5.5455832e-01, 2.9468370e-02 
3327, 2.8805740e-02, 2.0413080e-01, 1.2740778e-01 
3328, 3.6879839e-01, 6.2831192e-01, 2.2350491e-01 
3329, 9.8234102e-01, 4.2627781e-01, 6.7750891e-01 
3330, 6.6658696e-01, 6.4075100e-01, 9.8923678e-01 
3331, 6.7082854e-01, 1.1091599e-01, 1.4425729e-01 
3332, 6.2515322e-02, 9.0408912e-01, 9.8643639e-01 
3333, 8.6587836e-01, 5.6618729e-01, 9.7982893e-01 
3334, 3.3752643e-01, 2.0895196e-01, 2.8239353e-02 
3335, 4.4981747e-01, 5.5365323e-01, 7.0647033e-02 
3336, 1.8711395e-01, 5.5809340e-01, 9.9591808e-01 
3337, 2.3041960e-01, 4.9943387e-01, 5.4766561e-03 
3338, 4.8465368e-01, 3.5063122e-01, 4.0790105e-01 
3339, 3.3326772e-01, 8.9964966e-01, 4.2983055e-02 
3340, 6.6396128e-01, 2.2344404e-01, 8.2018635e-01 
3341, 2.3365506e-01, 6.2961772e-01, 2.2983782e-01 
3342, 9.2353108e-01, 6.7829962e-01, 9.9078037e-01 
3343, 8.3385655e-01, 9.3699689e-01, 6.3855534e-01 
3344, 4.9872457e-02, 1.3059228e-01, 1.8853188e-01 
3345, 9.0578373e-01, 9.1718069e-01, 2.7273955e-02 
3346, 9.5644182e-01, 7.7314754e-01, 7.9531080e-02 
3347, 3.7320292e-01, 1.3199044e-01, 1.4080040e-01 
3348, 1.2527878e-01, 7.5756676e-01, 7.8980820e-01 
3349, 9.9492349e-01, 7.9398800e-01, 7.4683072e-01 
3350, 8.9985175e-01, 3.6605159e-01, 1.2580749e-01 
3351, 2.6749650e-01, 1.1397170e-01, 1.9485694e-01 
3352, 2.6196796e-01, 4.5393156e-01, 6.6993732e-01 
3353, 9.6844011e-01, 5.6456283e-01, 3.5376293e-01 
3354, 2.0724609e-03, 6.1415700e-02, 3.4524087e-01 
3355, 5.3563460e-01, 4.1586756e-01, 7.0501742e-01 
3356, 8.1750229e-01, 5.4085077e-01, 3.3800178e-03 
3357, 6.7284028e-01, 7.8748730e-01, 9.3181056e-01 
3358, 3.7322419e-01, 7.7433281e-02, 6.7484612e-01 
3359, 5.2492850e-01, 8.2073008e-01, 7.0525025e-01 
3360, 2.2478370e-02, 9.0352355e-01, 3.5410215e-01 
3361, 5.6304905e-01, 9.9678654e-01, 3.7391988e-01 
3362, 5.0004360e-01, 6.5145793e-01, 8.7785234e-01 
3363, 7.0606898e-01, 8.4467983e-02, 1.3705542e-01 
3364, 3.5622601e-01, 6.5706749e-01, 7.1502990e-01 
3365, 1.5977300e-01, 5.2785869e-01, 9.3573887e-01 
3366, 1.6012018e-01, 4.6624441e-01, 2.8744276e-01 
3367, 7.2120800e-01, 6.8730776e-01, 4.7897928e-01 
3368, 4.8671185e-02, 3.1586949e-01, 5.8012851e-02 
3369, 1.7533851e-01, 5.5526073e-01, 1.5791262e-01 
3370, 7.2751396e-01, 7.3702031e-01, 3.1994272e-01 
3371, 2.3863972e-03, 7.3849344e-01, 7.3240394e-01 
3372, 9.6059882e-01, 5.4395415e-01, 5.8828238e-01 
3373, 3.4837073e-02, 7.3484510e-01, 5.3535066e-01 
3374, 3.7095282e-01, 3.2063991e-04, 6.9334490e-02 
3375, 4.5501046e-01, 6.2355377e-01, 2.6346261e-01 
3376, 3.3647865e-02, 8.3829023e-01, 2.2935648e-01 
3377, 4.8547511e-01, 6.1478674e-01, 4.2714804e-01 
3378, 4.5120026e-01, 4.1596300e-01, 7.5909651e-01 
3379, 6.6953401e-01, 1.5878377e-02, 4.1014634e-01 
3380, 6.9513665e-01, 6.0343893e-02, 4.0639271e-01 
3381, 2.9894871e-01, 4.0455285e-01, 3.6350189e-01 
3382, 1.9024201e-01, 2.9479499e-01, 9.2443883e-01 
3383, 5.2358593e-01, 6.4364195e-01, 8.0221953e-01 
3384, 8.5886054e-01, 2.1652109e-01, 4.6573845e-01 
3385, 8.9396285e-01, 3.4151287e-01, 5.5730291e-01 
3386, 6.1365028e-01, 5.2130291e-01, 3.3206480e-01 
3387, 1.1775189e-02, 2.1955463e-01, 2.7704636e-01 
3388, 9.5113803e-01, 1.9395524e-01, 9.1567796e-01 
3389, 1.3214274e-01, 4.9367739e-01, 3.7791683e-01 
3390, 4.6472995e-01, 1.2467765e-01, 7.3403035e-01 
3391, 6.9167429e-01, 7.7923921e-01, 1.7224185e-01 
3392, 5.9724308e-01, 6.9378146e-01, 5.1130668e-01 
3393, 1.8389480e-01, 6.7735065e-01, 4.1209854e-01 
3394, 3.9626932e-01, 2.6684910e-01, 2.5746139e-01 
3395, 1.5896963e-01, 5.2603521e-01, 4.1083784e-01 
3396, 6.1921901e-01, 2.5733285e-02, 5.6019062e-01 
3397, 3.5107871e-01, 8.7290789e-01, 5.5894423e-01 
3398, 2.0480756e-01, 7.4687329e-01, 1.5091411e-01 
3399, 9.2968333e-01, 5.4083015e-01, 2.2879418e-01 
3400, 6.5738421e-01, 4.5846206e-01, 5.8365932e-01 
3401, 1.4420166e-01, 3.0062564e-01, 8.1866873e-01 
3402, 6.6985099e-01, 1.8611102e-01, 4.1554968e-01 
3403, 6.6822928e-01, 1.2831959e-01, 7.0228218e-01 
3404, 2.2882281e-01, 4.0506601e-01, 9.4817915e-02 
3405, 8.1279698e-01, 3.3976262e-01, 1.1464018e-01 
3406, 1.5897808e-01, 1.9044666e-02, 9.5516552e-01 
3407, 9.9851194e-01, 6.5115236e-01, 9.3328843e-01 
3408, 3.4470271e-02, 7.9549707e-01, 2.9874364e-01 
3409, 1.7319732e-01, 2.8216680e-01, 3.8309568e-01 
3410, 5.1841036e-01, 6.4944078e-01, 1.8011943e-02 
3411, 9.0528542e-01, 8.0976391e-01, 9.7196274e-01 
3412, 5.1976387e-01, 1.2269901e-01, 1.0403172e-01 
3413, 1.7907211e-01, 1.0624570e-01, 6.5872904e-01 
3414, 3.7926984e-01, 8.3052150e-01, 8.6522502e-01 
3415, 2.7483749e-01, 9.6700352e-01, 5.9779417e-01 
3416, 2.9827468e-01, 1.9612132e-01, 1.5807812e-01 
3417, 2.7856437e-01, 6.5336819e-02, 3.4210789e-01 
3418, 2.3188531e-01, 7.8087664e-01, 6.8956422e-01 
3419, 6.0007006e-01, 1.0873573e-01, 9.0067665e-01 
3420, 1.4561398e-01, 4.8437914e-01, 9.2359057e-01 
3421, 2.2979917e-01, 1.0513254e-01, 7.0781386e-01 
3422, 8.4073548e-01, 6.1998559e-01, 9.3289289e-01 
3423, 5.5916408e-01, 9.6494031e-01, 1.6025340e-01 
3424, 3.7820053e-01, 5.9297882e-01, 7.4425033e-01 
3425, 8.3711028e-01, 6.1560537e-01, 1.4134904e-01 
3426, 3.5859912e-01, 1.9213688e-01, 3.5183567e-01 
3427, 5.4563365e-01, 5.9998155e-02, 5.2310168e-01 
3428, 8.3163847e-01, 2.1004998e-01, 1.7743674e-01 
3429, 8.1824140e-01, 4.8766623e-01, 2.4478612e-01 
3430, 7.6228444e-01, 1.2157813e-01, 1.9733047e-01 
3431, 1.1190838e-01, 3.4069949e-02, 6.5582697e-01 
3432, 6.7604751e-01, 3.6027354e-01, 4.5097707e-01 
3433, 6.2586297e-01, 9.5249162e-01, 7.7220415e-01 
3434, 8.2870339e-01, 2.7450525e-01, 9.5450191e-01 
3435, 6.5149141e-01, 1.5576696e-01, 4.7970548e-01 
3436, 4.6147348e-02, 6.0245506e-01, 7.5024865e-01 
3437, 7.7914943e-01, 3.1958375e-01, 9.2824460e-01 
3438, 4.1370101e-01, 7.5358460e-01, 1.8297921e-01 
3439, 8.7162654e-01, 4.9984268e-01, 3.7240728e-01 
3440, 4.5904676e-01, 2.8099645e-01, 8.5035284e-01 
3441, 4.1591020e-01, 1.8588521e-01, 9.9149319e-01 
3442, 5.7733592e-01, 7.7509940e-01, 2.8805830e-01 
3443, 1.9454065e-01, 6.2822932e-01, 8.3952445e-01 
3444, 6.4592132e-01, 8.3071233e-01, 1.5239956e-01 
3445, 2.7612554e-01, 4.3225603e-02, 1.8170369e-01 
3446, 6.0816471e-01, 1.3638944e-01, 7.0044488e-01 
3447, 5.9366324e-01, 3.7748959e-01, 5.4952287e-01 
3448, 6.9478703e-01, 8.6870536e-01, 7.3494512e-01 
3449, 7.9265881e-02, 2.2968667e-01, 4.2241427e-01 
3450, 8.7951086e-01, 6.4636894e-01, 9.1981704e-01 
3451, 1.2935039e-01, 3.0942482e-01, 4.6550046e-01 
3452, 8.7486401e-01, 7.0289267e-01, 7.7012839e-01 
3453, 3.4611671e-01, 1.6651310e-01, 5.4118337e-01 
3454, 7.1438990e-01, 7.0037596e-01, 9.8786075e-01 
3455, 6.8845659e-01, 6.0365892e-01, 1.6815187e-02 
3456, 7.3240290e-01, 5.4817639e-01, 7.7615453e-02 
3457, 3.5637386e-01, 9.4812725e-01, 6.1405991e-01 
3458, 1.4937597e-01, 5.2422757e-01, 8.9148140e-01 
3459, 5.2034432e-01, 7.9076594e-01, 4.5458750e-01 
3460, 4.4118253e-01, 5.7017518e-02, 8.7119159e-02 
3461, 9.0212201e-01, 2.2199814e-01, 8.7788292e-01 
3462, 3.0227679e-01, 1.5504303e-01, 8.5614759e-01 
3463, 1.5300880e-02, 4.7920274e-01, 6.9253448e-02 
3464, 2.8310135e-03, 8.6714788e-01, 4.4877882e-01 
3465, 4.2929484e-01, 5.3447442e-01, 1.1176892e-01 
3466, 1.5579469e-01, 7.1633687e-01, 7.8358357e-01 
3467, 2.3881208e-01, 6.4648314e-01, 3.6660238e-01 
3468, 1.7150511e-01, 8.6825204e-01, 2.1389164e-02 
3469, 6.4912637e-03, 3.1661106e-01, 2.8535845e-01 
3470, 4.5524250e-01, 2.5800624e-01, 2.4846556e-01 
3471, 2.6946032e-01, 6.9586359e-01, 4.4664634e-01 
3472, 9.6883076e-01, 8.5148993e-01, 8.7261456e-01 
3473, 5.7805860e-01, 3.7520841e-01, 7.1219354e-01 
3474, 2.0259115e-01, 8.7601228e-01, 8.2456520e-01 
3475, 3.2863361e-01, 2.4472219e-01, 4.6500191e-01 
3476, 9.1555813e-01, 7.0954259e-01, 7.7397979e-01 
3477, 4.5392357e-01, 3.3876649e-01, 4.7591947e-01 
3478, 1.3406250e-02, 7.5631275e-01, 9.5527720e-01 
3479, 7.8979959e-01, 8.7546496e-01, 8.6409890e-01 
3480, 5.3611869e-01, 4.9604234e-01, 7.0784349e-01 
3481, 3.1280035e-01, 4.4266386e-01, 4.4336854e-01 
3482, 3.2593007e-01, 1.3840334e-01, 5.2864389e-01 
3483, 5.9645209e-02, 2.2128987e-01, 9.4119130e-01 
3484, 2.3577748e-01, 4.8054074e-02, 3.5214196e-01 
3485, 5.6969164e-01, 2.2822015e-01, 9.8543671e-01 
3486, 9.1869702e-01, 1.0220815e-02, 5.4676310e-01 
3487, 5.4098096e-01, 2.1782192e-01, 4.5041566e-01 
3488, 4.9925685e-01, 4.0759483e-01, 6.6945686e-01 
3489, 7.9494181e-01, 2.0929907e-01, 2.2923080e-01 
3490, 7.9413928e-01, 2.9236782e-01, 1.2426350e-01 
3491, 2.3087757e-01, 5.1623073e-01, 2.1974960e-01 
3492, 9.8104177e-02, 7.8628785e-01, 3.1759713e-01 
3493, 6.2540327e-01, 6.4258898e-01, 1.7494880e-01 
3494, 6.1696540e-01, 8.8773303e-01, 8.2651176e-01 
3495, 4.3812884e-01, 2.4316181e-01, 5.3829149e-01 
3496, 9.6276093e-03, 4.9878296e-01, 4.9756845e-01 
3497, 8.4362041e-01, 9.1888006e-01, 7.2202851e-01 
3498, 1.1699880e-01, 7.0631381e-01, 1.6879636e-01 
3499, 5.6599895e-01, 5.4524899e-01, 1.2766464e-01 
3500, 9.5732817e-01, 8.0566873e-02, 8.9239483e-02 
3501, 9.8927670e-01, 2.0735261e-01, 7.6224319e-01 
3502, 9.9303155e-01, 5.5764696e-01, 8.0730269e-01 
3503, 8.7255998e-01, 2.9285283e-01, 2.7993857e-01 
3504, 2.2708318e-01, 9.8757960e-01, 5.1880750e-01 
3505, 2.2515228e-01, 7.8307069e-01, 4.1500530e-01 
3506, 5.8334536e-02, 4.1758155e-01, 6.4518276e-01 
3507, 3.1747890e-01, 2.1098031e-01, 9.7436603e-01 
3508, 9.7522504e-01, 2.7562096e-01, 5.5353666e-01 
3509, 4.2003588e-01, 3.2878508e-01, 7.1450145e-01 
3510, 2.8440084e-01, 9.2060192e-01, 2.9906384e-01 
3511, 1.5611594e-01, 9.8322501e-01, 9.7658039e-01 
3512, 3.2957033e-01, 1.5591530e-01, 7.4921678e-01 
3513, 7.8596213e-01, 3.4146289e-01, 6.2401519e-01 
3514, 9.7761644e-01, 5.8614906e-01, 1.2115417e-01 
3515, 7.4301342e-01, 6.4272688e-02, 7.1155755e-01 
3516, 9.4949442e-01, 7.5895153e-01, 1.4008367e-01 
3517, 2.3242679e-01, 4.4902532e-01, 7.3280383e-01 
3518, 6.7104414e-01, 8.1505489e-01, 5.1705431e-01 
3519, 8.8112897e-01, 3.7433802e-01, 3.4537906e-01 
3520, 9.8371648e-01, 2.6717149e-02, 2.3197013e-01 
3521, 4.0763876e-01, 2.7163242e-01, 4.4102784e-01 
3522, 5.0835437e-01, 3.0800118e-02, 6.8958615e-01 
3523, 2.8872727e-01, 4.8725977e-01, 5.2169649e-02 
3524, 5.1825722e-01, 5.7800225e-01, 3.2967916e-01 
3525, 5.4058195e-02, 9.9376080e-01, 3.3224679e-01 
3526, 7.2103774e-01, 6.5485529e-01, 6.6493103e-01 
3527, 1.4268959e-01, 4.2805520e-01, 5.7822669e-01 
3528, 5.4584612e-01, 2.1784975e-01, 2.5967268e-01 
3529, 8.2158298e-01, 3.1943079e-02, 9.7473752e-01 
3530, 8.5686901e-01, 5.0012338e-01, 9.8397484e-01 
3531, 7.5311679e-01, 8.3794028e-01, 7.1190931e-01 
3532, 4.5199492e-01, 7.7027755e-02, 8.0803659e-01 
3533, 7.0028782e-01, 2.5862905e-01, 9.8370693e-01 
3534, 7.5466158e-01, 6.5005666e-01, 1.2222898e-01 
3535, 6.7749764e-01, 3.9654172e-01, 2.3540886e-03 
3536, 1.5279857e-01, 4.7326122e-01, 2.4745015e-01 
3537, 7.8010739e-01, 4.3724948e-01, 2.0522386e-01 
3538, 9.3614213e-01, 4.5216437e-01, 8.8642409e-01 
3539, 5.6101522e-01, 2.6630167e-01, 7.1334032e-01 
3540, 9.0975220e-01, 9.0681148e-01, 8.7518997e-01 
3541, 3.2160808e-01, 6.6794798e-02, 9.1021588e-01 
3542, 7.1901106e-01, 3.2951540e-01, 7.8804752e-01 
3543, 4.9639357e-01, 3.4175290e-01, 1.9876870e-02 
3544, 1.5881118e-01, 1.4327176e-02, 6.3433455e-02 
3545, 6.1228218e-01, 7.0703044e-01, 1.2594728e-01 
3546, 4.6967734e-01, 6.5354756e-01, 8.8524500e-01 
3547, 2.7736726e-01, 8.4917106e-01, 5.0716109e-01 
3548, 6.8892870e-01, 5.5803150e-01, 6.2009904e-01 
3549, 8.0019547e-01, 5.1176738e-01, 2.5899446e-01 
3550, 4.5797140e-01, 9.2300127e-01, 2.2737662e-01 
3551, 6.2085010e-01, 9.4547199e-02, 6.8559392e-01 
3552, 9.4690059e-02, 2.0333803e-01, 9.8081099e-02 
3553, 2.5504979e-01, 4.2700840e-01, 3.8678598e-01 
3554, 1.4299347e-01, 5.7840225e-01, 9.0591711e-01 
3555, 3.3806937e-01, 6.5889429e-01, 5.2594113e-01 
3556, 7.2273564e-01, 6.6200146e-01, 2.8283407e-01 
3557, 6.7853720e-01, 1.6756486e-01, 6.3503192e-01 
3558, 7.3381713e-01, 8.7198843e-01, 8.7728935e-01 
3559, 5.7509453e-01, 4.2998189e-01, 8.2212036e-01 
3560, 8.1726072e-01, 1.6782960e-01, 1.9820285e-01 
3561, 3.6260227e-01, 8.7246762e-01, 8.3067063e-01 
3562, 9.7439247e-01, 2.9284467e-01, 6.8457920e-01 
3563, 4.9947127e-01, 1.4772992e-01, 4.7985856e-01 
3564, 5.9593650e-02, 1.5691908e-01, 1.1565446e-03 
3565, 9.5838359e-02, 4.1093402e-02, 2.0770139e-01 
3566, 1.0453165e-01, 7.1210142e-01, 2.5726965e-01 
3567, 4.4696888e-01, 2.8206216e-01, 7.8454343e-01 
3568, 4.4176781e-01, 7.9161609e-01, 2.8024385e-01 
3569, 9.2081142e-01, 3.0339676e-01, 3.3934205e-01 
3570, 6.6720788e-01, 1.3159927e-01, 1.1910093e-01 
3571, 4.0413185e-01, 5.1798535e-01, 5.7664764e-01 
3572, 7.7719778e-01, 4.0071883e-01, 5.4806066e-01 
3573, 7.5419297e-01, 4.5991089e-01, 8.8817237e-01 
3574, 2.8119429e-01, 3.5406739e-01, 5.9996758e-01 
3575, 5.2040224e-02, 9.2571882e-01, 9.4142443e-01 
3576, 1.8709304e-01, 1.3079419e-01, 6.7279421e-01 
3577, 7.0342726e-01, 1.6988435e-01, 1.0506726e-01 
3578, 4.4510220e-01, 5.8721963e-01, 6.9920433e-01 
3579, 8.3283076e-01, 9.7609343e-01, 5.3561862e-01 
3580, 3.6926956e-01, 3.9488169e-01, 6.4671876e-01 
3581, 1.0922648e-02, 9.6476880e-01, 1.6140326e-01 
3582, 4.6856331e-01, 2.7576558e-01, 9.0221463e-02 
3583, 8.3334469e-01, 4.7185393e-02, 2.4473221e-01 
3584, 6.0589105e-01, 5.8479961e-01, 4.6925949e-02 
3585, 3.6268374e-02, 1.0994973e-03, 1.9471617e-01 
3586, 6.3363642e-01, 7.9576060e-01, 5.1373625e-01 
3587, 3.3389767e-01, 1.0999447e-01, 1.6386791e-01 
3588, 5.4802884e-01, 6.8701375e-02, 8.8305425e-01 
3589, 2.9475346e-01, 6.0648423e-01, 9.5901868e-01 
3590, 1.3412717e-01, 3.8099843e-01, 8.6203184e-01 
3591, 2.2616404e-01, 6.9756803e-01, 2.3580115e-01 
3592, 4.0591581e-01, 7.3971997e-01, 8.7392504e-01 
3593, 6.7621760e-02, 3.3932336e-01, 3.1520646e-01 
3594, 3.6806128e-02, 2.1822297e-01, 5.8017912e-01 
3595, 3.0278736e-01, 2.6127349e-01, 9.0305564e-01 
3596, 3.0709582e-01, 1.0703098e-01, 2.2497774e-01 
3597, 7.5860420e-01, 4.0399385e-01, 2.0129686e-01 
3598, 5.9139205e-01, 6.9825167e-01, 5.9003374e-01 
3599, 1.1248008e-01, 5.3827912e-01, 5.5850885e-01 
3600, 6.3810453e-01, 4.4400361e-01, 1.4612445e-01 
3601, 6.8488016e-01, 6.2010524e-01, 9.2272556e-01 
3602, 1.1958789e-01, 8.5441955e-01, 2.2975249e-01 
3603, 7.6503259e-01, 3.3841918e-01, 2.8219925e-01 
3604, 5.8321987e-01, 8.5993842e-01, 6.9320263e-01 
3605, 2.8261663e-01, 9.1741033e-01, 1.5096872e-01 
3606, 2.6381209e-01, 6.0151327e-01, 6.2098217e-01 
3607, 5.7794974e-01, 1.3702182e-01, 9.0024764e-01 
3608, 3.3860997e-01, 6.3477117e-01, 3.1621459e-01 
3609, 4.9495788e-01, 2.6487189e-01, 8.4215690e-01 
3610, 9.9437317e-02, 4.2687364e-01, 2.0135514e-01 
3611, 7.7444084e-01, 2.4633849e-01, 7.6190797e-01 
3612, 6.1559370e-01, 9.6920739e-01, 7.0005969e-01 
3613, 4.7905179e-01, 5.6785630e-01, 6.4033006e-01 
3614, 4.4600826e-01, 5.6440859e-01, 4.0803000e-01 
3615, 5.5384631e-01, 1.1073624e-01, 4.3522601e-01 
3616, 5.7839511e-01, 5.7738128e-01, 4.9873394e-01 
3617, 3.7066205e-01, 3.5782676e-01, 6.9910642e-02 
3618, 9.5246971e-01, 3.2720083e-01, 2.3402968e-01 
3619, 1.1398327e-01, 8.4065657e-01, 3.8777647e-01 
3620, 6.5915066e-01, 2.2340016e-01, 2.6342225e-01 
3621, 7.7716277e-01, 2.9534708e-02, 9.6697398e-01 
3622, 5.4569023e-01, 9.9040787e-01, 7.5202870e-01 
3623, 2.4871555e-01, 1.9935181e-01, 9.3282106e-01 
3624, 9.3011846e-01, 7.9773968e-01, 1.5310295e-01 
3625, 9.3348709e-01, 9.6363070e-01, 3.3028469e-01 
3626, 4.2869493e-01, 5.1263530e-01, 3.5213370e-01 
3627, 6.3671655e-01, 6.9802218e-01, 8.4153503e-01 
3628, 9.3087478e-01, 4.6066165e-01, 1.8530168e-01 
3629, 7.2593670e-01, 4.9866731e-01, 3.7219054e-01 
3630, 2.6442539e-01, 3.0178630e-01, 7.9538455e-01 
3631, 5.2174746e-01, 7.9923350e-01, 8.0244494e-01 
3632, 2.6175348e-01, 6.1183171e-01, 9.4495960e-01 
3633, 4.2590372e-01, 4.6930201e-01, 1.5703750e-03 
3634, 6.5012747e-01, 4.9372837e-02, 9.7711577e-01 
3635, 5.1220234e-01, 8.8825672e-01, 5.3130430e-01 
3636, 1.4952714e-01, 2.4824172e-01, 9.9888855e-01 
3637, 3.7185306e-01, 6.2738810e-01, 7.3164087e-01 
3638, 2.9882401e-01, 8.2212857e-01, 6.7838748e-01 
3639, 4.0334909e-01, 4.9629366e-01, 5.1812127e-01 
3640, 9.0054274e-01, 5.7541677e-01, 5.2802222e-01 
3641, 3.6049010e-01, 2.0484690e-01, 6.4346529e-01 
3642, 5.0036477e-01, 5.1213454e-01, 2.1776236e-01 
3643, 2.4019782e-01, 3.3745416e-01, 7.4098649e-01 
3644, 1.7878286e-01, 9.9735300e-02, 3.4228213e-01 
3645, 4.9648310e-03, 6.5883422e-01, 2.7908589e-01 
3646, 7.0307825e-01, 6.8853041e-01, 7.2052918e-01 
3647, 1.6893350e-01, 9.6241248e-01, 5.5398486e-01 
3648, 4.5662905e-01, 1.2168291e-01, 1.5052306e-02 
3649, 6.0213143e-01, 4.7281975e-02, 1.3524246e-02 
3650, 2.6169806e-01, 4.1340438e-01, 1.4495022e-01 
3651, 9.0915178e-01, 4.2727126e-01, 2.2148608e-01 
3652, 1.3055637e-01, 3.3834235e-01, 9.6768626e-01 
3653, 6.3242967e-02, 6.1216087e-01, 8.2100822e-01 
3654, 5.2910045e-01, 8.1981479e-01, 4.5353464e-01 
3655, 4.8509814e-01, 3.7730924e-01, 3.8067768e-01 
3656, 4.5495657e-01, 2.8413387e-01, 1.8942074e-01 
3657, 1.4897189e-01, 5.3827532e-01, 1.4506399e-01 
3658, 9.0910900e-01, 7.3926994e-01, 7.5044969e-01 
3659, 1.8604247e-02, 4.8970922e-01, 9.5206021e-01 
3660, 4.5508495e-01, 1.2473900e-01, 3.9853039e-01 
3661, 3.3179528e-01, 5.3889904e-01, 2.9709925e-01 
3662, 5.4077975e-01, 8.2567136e-01, 6.1623286e-02 
3663, 8.7695781e-01, 2.0176724e-01, 8.8712828e-01 
3664, 4.2627332e-01, 7.4525600e-01, 2.2427513e-01 
3665, 9.2297259e-01, 8.9834496e-01, 9.4886848e-01 
3666, 2.9814800e-01, 5.3882706e-01, 1.0813651e-02 
3667, 5.9854615e-01, 4.1554311e-01, 1.2716545e-01 
3668, 3.3347708e-01, 2.6938030e-01, 7.9236277e-01 
3669, 4.0940708e-01, 3.3050798e-01, 4.7075161e-01 
3670, 6.8819680e-01, 7.0384208e-01, 5.0166901e-01 
3671, 9.0791622e-01, 2.3748433e-01, 7.5630699e-01 
3672, 5.9307598e-02, 9.7391832e-01, 9.7353664e-01 
3673, 2.2407108e-01, 2.6061115e-01, 5.9553343e-02 
3674, 4.8696457e-01, 2.8936180e-01, 1.2816287e-01 
3675, 9.8269556e-01, 2.8700501e-01, 8.7504749e-01 
3676, 1.0876516e-02, 2.9834004e-01, 9.1037109e-01 
3677, 6.7514500e-01, 5.8169834e-01, 4.9847458e-01 
3678, 1.9654737e-01, 1.2036376e-01, 9.9434976e-02 
3679, 8.2479635e-01, 1.2169296e-01, 3.0096329e-01 
3680, 2.1055072e-01, 4.8925269e-01, 9.5006334e-01 
3681, 3.4114260e-01, 9.4420758e-01, 4.6411460e-02 
3682, 5.8245405e-01, 7.6240004e-01, 6.7737449e-01 
3683, 5.6083317e-02, 6.9942742e-01, 6.0168145e-01 
3684, 5.8377897e-01, 2.8259468e-01, 1.9340831e-01 
3685, 8.1571495e-01, 8.5467172e-01, 5.4665125e-01 
3686, 3.5203565e-01, 3.1768304e-01, 7.9750276e-02 
3687, 3.5906440e-01, 6.5959190e-01, 8.0046250e-02 
3688, 9.8755650e-01, 4.1635422e-01, 4.9605803e-01 
3689, 7.2029094e-01, 8.4708470e-01, 1.7341580e-01 
3690, 2.0480764e-02, 5.6903375e-01, 2.1606105e-01 
3691, 6.1180245e-01, 5.9393767e-01, 5.2601811e-01 
3692, 3.0143416e-01, 7.8867451e-01, 1.9316328e-01 
3693, 7.8808869e-01, 6.1632166e-01, 9.8520481e-01 
3694, 3.0946339e-01, 1.4596723e-01, 1.7657966e-01 
3695, 6.6916362e-01, 6.1502300e-01, 6.3404780e-01 
3696, 6.3019302e-01, 7.6417282e-01, 9.7688047e-01 
3697, 7.9184025e-01, 3.5980039e-01, 1.9288011e-01 
3698, 9.2288474e-01, 9.9292700e-01, 6.3865623e-01 
3699, 8.4977232e-02, 1.6481902e-01, 1.4778975e-01 
3700, 7.9936544e-01, 8.6501828e-01, 3.1263028e-01 
3701, 9.9589261e-01, 7.0351417e-01, 1.5366977e-01 
3702, 7.5071788e-01, 4.1008715e-02, 1.4576402e-01 
3703, 4.7800913e-03, 6.5126021e-01, 5.0901725e-01 
3704, 2.2124181e-01, 8.7974586e-01, 3.3892481e-01 
3705, 3.6566818e-01, 8.0535169e-01, 2.3624760e-02 
3706, 4.7403387e-02, 3.0981124e-01, 5.6814839e-01 
3707, 6.6562449e-01, 8.9303219e-01, 9.2729964e-02 
3708, 9.0486353e-01, 3.0220738e-02, 1.7735719e-01 
3709, 5.0045585e-01, 1.4504951e-01, 9.6486850e-01 
3710, 5.0796480e-01, 1.3282904e-01, 9.2306714e-01 
3711, 2.2249887e-01, 6.5424582e-01, 9.6742262e-01 
3712, 1.9723688e-01, 5.4696566e-02, 9.2007091e-01 
3713, 5.8577615e-01, 6.6500926e-01, 3.6088033e-01 
3714, 8.7776738e-01, 3.5817953e-01, 8.3929216e-01 
3715, 2.1132651e-01, 1.6115197e-01, 2.4644345e-01 
3716, 7.6584157e-01, 9.6734308e-01, 2.9657021e-01 
3717, 6.8001883e-01, 1.2888790e-01, 5.4723985e-01 
3718, 9.7515421e-01, 1.5787641e-01, 3.9059097e-01 
3719, 9.1030869e-01, 3.5738578e-01, 6.2710627e-01 
3720, 4.0002690e-01, 8.7983655e-01, 2.4681309e-01 
3721, 4.5107256e-01, 2.1786393e-01, 7.3985233e-02 
3722, 4.2677728e-01, 4.4539110e-01, 2.9644584e-01 
3723, 1.8860448e-01, 3.4618259e-01, 8.8643243e-01 
3724, 7.8498071e-01, 2.1533965e-01, 5.1892150e-01 
3725, 7.3096089e-01, 3.0082984e-01, 1.3307739e-01 
3726, 8.6347949e-01, 2.3078440e-01, 6.4272935e-01 
3727, 1.8814027e-01, 5.3236255e-01, 1.2218672e-01 
3728, 5.8647923e-01, 1.5845882e-01, 7.0867696e-01 
3729, 7.0724490e-01, 6.4549857e-01, 8.7439748e-01 
3730, 5.0291924e-01, 7.9126302e-01, 1.4258662e-01 
3731, 7.3442978e-01, 7.1463764e-01, 1.3202392e-01 
3732, 3.8219340e-01, 2.1004169e-01, 7.3227074e-01 
3733, 7.3684411e-01, 7.7206294e-01, 4.9017905e-01 
3734, 6.8849769e-01, 5.2745901e-01, 5.9856301e-01 
3735, 9.7175446e-01, 8.7119148e-01, 2.9827664e-01 
3736, 3.6406283e-01, 3.9934226e-01, 2.8233810e-01 
3737, 9.1695549e-01, 2.4475613e-01, 7.0449473e-01 
3738, 2.0472579e-01, 6.2779468e-02, 4.6047445e-01 
3739, 1.1645316e-01, 5.0968614e-01, 8.7106839e-01 
3740, 9.3177454e-01, 8.6984714e-01, 1.2462308e-01 
3741, 8.7057732e-01, 2.7994787e-02, 1.3232977e-01 
3742, 9.8594528e-01, 1.7544307e-01, 8.7892716e-01 
3743, 9.7425789e-01, 2.1091427e-02, 7.0827515e-01 
3744, 1.9316120e-01, 9.9945290e-01, 5.5335173e-01 
3745, 7.9890834e-01, 4.8291194e-01, 7.1427668e-01 
3746, 7.7879537e-01, 2.7384508e-02, 5.2659818e-01 
3747, 4.7931848e-01, 9.9710476e-01, 8.1596334e-01 
3748, 5.7481029e-01, 9.6570576e-01, 9.9383705e-01 
3749, 3.9163893e-01, 1.9452282e-01, 8.7821408e-02 
3750, 5.6064743e-01, 7.0514578e-01, 8.3524876e-01 
3751, 1.4441047e-01, 7.6688152e-01, 1.5178621e-01 
3752, 4.2349227e-01, 3.4177597e-01, 7.2219811e-02 
3753, 5.2376567e-01, 4.6591028e-01, 3.8274107e-01 
3754, 9.3277457e-01, 5.8686548e-02, 1.2876526e-01 
3755, 1.9871877e-01, 5.2880494e-01, 6.4437899e-01 
3756, 3.6101301e-01, 9.6262107e-01, 2.4597518e-01 
3757, 6.1611613e-02, 2.7075574e-01, 6.8833788e-01 
3758, 5.2764906e-01, 9.6127349e-02, 6.4683458e-01 
3759, 3.6149920e-01, 4.6184524e-01, 8.6380062e-01 
3760, 5.6577792e-01, 1.0442014e-01, 8.2624920e-02 
3761, 8.4177663e-01, 2.2979791e-01, 7.7744370e-03 
3762, 8.6235909e-02, 6.1424730e-01, 5.5282698e-01 
3763, 9.8273838e-01, 1.7000390e-01, 7.5228942e-01 
3764, 5.1403520e-01, 3.5908336e-01, 1.0295862e-01 
3765, 8.7476086e-03, 9.5434550e-01, 4.4726060e-01 
3766, 8.0663579e-01, 1.5517266e-01, 1.1513536e-01 
3767, 7.2861445e-01, 9.9221387e-01, 9.2254849e-01 
3768, 9.1332625e-01, 4.7164315e-01, 6.1419665e-01 
3769, 9.1119356e-01, 7.6252089e-01, 5.8526289e-02 
3770, 2.3746735e-01, 2.7199508e-01, 5.1455636e-01 
3771, 7.2094405e-01, 3.7763298e-01, 6.3485766e-01 
3772, 9.3105247e-01, 1.3410975e-01, 2.3593700e-02 
3773, 1.5697575e-01, 2.2013055e-01, 9.7761888e-01 
3774, 8.8678745e-01, 7.8148320e-01, 8.0190307e-02 
3775, 4.5640218e-01, 8.0269906e-01, 8.6711837e-01 
3776, 3.4561630e-01, 9.1390074e-01, 1.0108602e-01 
3777, 9.9450629e-01, 5.8757769e-01, 1.5067992e-01 
3778, 2.2101781e-01, 3.6422812e-01, 8.4097053e-01 
3779, 4.1474359e-01, 9.9346367e-01, 8.5114445e-01 
3780, 4.4198790e-01, 8.9015301e-01, 4.5995355e-01 
3781, 6.7013133e-01, 1.1386236e-02, 4.8440820e-01 
3782, 3.4712465e-01, 5.4030279e-02, 9.6949479e-02 
3783, 2.0855047e-02, 4.0451702e-01, 4.5473000e-02 
3784, 3.0529092e-01, 6.4941402e-01, 3.9016586e-01 
3785, 3.6246201e-01, 2.0990217e-01, 7.6871701e-01 
3786, 2.9593341e-01, 3.2672609e-01, 3.3491411e-01 
3787, 5.7748065e-01, 6.4364045e-02, 6.7240319e-01 
3788, 7.7584591e-01, 5.2243255e-01, 9.8031025e-01 
3789, 6.0440530e-01, 8.0892959e-01, 6.8959629e-01 
3790, 6.0759412e-01, 2.9460300e-01, 9.7588808e-01 
3791, 1.0468668e-01, 4.4213342e-01, 8.5363278e-01 
3792, 3.3136735e-01, 2.4592146e-01, 6.6530846e-02 
3793, 4.0403506e-02, 9.6158657e-01, 2.3544208e-01 
3794, 3.7647605e-02, 2.7864327e-01, 3.4186557e-01 
3795, 5.0777483e-01, 6.8220175e-01, 1.5710283e-01 
3796, 8.3019384e-01, 8.5265573e-01, 7.6623878e-02 
3797, 8.5394107e-01, 2.1415755e-01, 9.2072401e-01 
3798, 4.8731149e-01, 1.8075034e-01, 4.0150079e-02 
3799, 3.5764893e-01, 4.2563690e-01, 1.7193283e-01 
3800, 6.7059287e-01, 1.5348421e-01, 3.8581515e-01 
3801, 9.1487577e-01, 1.6628044e-01, 8.3693118e-01 
3802, 5.7350531e-01, 1.7055164e-01, 1.3266835e-01 
3803, 7.2357074e-01, 2.0106437e-01, 9.5082707e-01 
3804, 8.8570351e-01, 8.8852912e-01, 5.4927293e-01 
3805, 2.3846017e-01, 9.9147926e-01, 9.6549448e-01 
3806, 1.1718100e-01, 6.8463383e-01, 3.6575099e-01 
3807, 2.8451474e-01, 2.6467980e-01, 1.1068110e-02 
3808, 5.8538135e-02, 8.2392855e-02, 3.8013134e-01 
3809, 3.1182203e-01, 7.6758305e-01, 2.1155833e-01 
3810, 9.3398876e-01, 7.9153944e-01, 5.2301865e-01 
3811, 4.4328499e-01, 8.0375261e-01, 7.2764247e-01 
3812, 7.8818156e-01, 8.8882988e-01, 2.6828273e-01 
3813, 1.4706774e-01, 6.0011879e-01, 3.8336141e-01 
3814, 3.5859359e-01, 6.5624407e-01, 1.9702247e-01 
3815, 3.1263045e-01, 6.3809965e-01, 2.8901003e-01 
3816, 2.7233538e-01, 4.6038789e-02, 8.6660774e-01 
3817, 9.2481796e-01, 3.9801764e-01, 2.0273436e-01 
3818, 6.7640783e-01, 7.3650621e-01, 7.1494792e-01 
3819, 6.9410934e-01, 2.9058385e-01, 2.1608820e-01 
3820, 5.3287433e-01, 3.0244544e-01, 1.5012254e-01 
3821, 2.3532944e-01, 5.5201117e-01, 4.9369369e-01 
3822, 4.9199008e-01, 2.7213696e-04, 4.7874576e-01 
3823, 9.0111121e-01, 4.8313490e-01, 9.8212640e-01 
3824, 2.3318944e-02, 6.4789897e-01, 4.4352543e-01 
3825, 3.4352411e-02, 8.2626921e-01, 8.8615534e-01 
3826, 5.1901374e-01, 5.6641245e-01, 1.2953665e-01 
3827, 1.2458679e-01, 3.1971938e-02, 2.7640961e-01 
3828, 4.3495429e-01, 1.6442812e-01, 3.6689600e-01 
3829, 2.6306546e-02, 6.1753356e-01, 8.2238338e-01 
3830, 9.5202853e-01, 2.9136205e-01, 6.5003153e-01 
3831, 1.8810481e-02, 6.6693280e-01, 3.7160251e-01 
3832, 5.7256660e-01, 3.5691973e-01, 5.4712575e-01 
3833, 1.4748653e-01, 2.5918059e-01, 8.4905828e-01 
3834, 3.5862125e-01, 8.5519751e-02, 7.5001806e-01 
3835, 2.4182915e-01, 7.3420347e-01, 9.3110597e-01 
3836, 8.9228267e-02, 9.9837961e-01, 4.2635048e-01 
3837, 6.2072704e-01, 2.6361522e-01, 4.6094059e-01 
3838, 6.6902326e-01, 9.3777529e-01, 8.8610035e-01 
3839, 3.2450038e-01, 9.1292237e-01, 9.3743969e-03 
3840, 3.8630763e-01, 9.3143247e-01, 5.2531594e-01 
3841, 2.2387590e-01, 5.3343189e-01, 2.5348247e-01 
3842, 5.8745297e-01, 4.9309857e-01, 3.8477250e-02 
3843, 7.6520015e-01, 2.6891695e-02, 7.5826907e-01 
3844, 6.3134098e-01, 2.6918015e-01, 6.7385919e-01 
3845, 3.0751088e-01, 5.4320097e-01, 4.6139235e-01 
3846, 9.1027505e-01, 1.5220964e-01, 4.6200357e-01 
3847, 3.6554308e-01, 9.9548220e-01, 7.2031770e-01 
3848, 3.5306506e-01, 1.0291097e-01, 7.2236464e-01 
3849, 4.2856715e-01, 8.7955000e-01, 5.2236303e-01 
3850, 4.3647091e-01, 3.3971867e-02, 8.4315437e-01 
3851, 1.8447796e-01, 6.3707108e-01, 7.2767925e-01 
3852, 3.5928754e-01, 8.9836242e-01, 7.0830564e-01 
3853, 7.4406988e-02, 9.3675644e-01, 7.4418969e-01 
3854, 5.3636959e-01, 2.8582269e-01, 3.2782972e-01 
3855, 7.5788721e-02, 4.4896702e-01, 6.9894068e-01 
3856, 4.4654568e-01, 1.8287017e-01, 9.3827132e-01 
3857, 3.2872228e-02, 4.1857940e-02, 4.7944762e-01 
3858, 3.7526255e-01, 6.5816759e-01, 9.3121722e-01 
3859, 3.8114847e-01, 6.1565971e-01, 3.6614180e-01 
3860, 8.5430036e-01, 7.2901456e-01, 5.6170830e-02 
3861, 6.9526936e-01, 6.7727903e-01, 7.2446403e-03 
3862, 9.6638259e-01, 6.5342284e-01, 8.6968027e-01 
3863, 8.7561541e-01, 3.0277662e-01, 5.5966618e-01 
3864, 8.1751044e-01, 6.3925417e-01, 8.0009536e-01 
3865, 3.6682386e-01, 4.2226178e-01, 3.6209220e-01 
3866, 6.1791460e-01, 2.1465217e-01, 7.0175776e-01 
3867, 5.8245458e-01, 6.3761143e-01, 8.5664086e-01 
3868, 8.7992955e-01, 5.3434712e-01, 1.7093363e-01 
3869, 3.3550164e-01, 3.5082456e-01, 5.2991603e-01 
3870, 1.8697525e-01, 5.1121401e-01, 2.4249357e-01 
3871, 4.6699990e-01, 1.3799407e-01, 7.6316709e-02 
3872, 1.5003790e-01, 9.6114206e-01, 8.5662064e-01 
3873, 7.8150166e-01, 9.1071300e-01, 5.0441105e-01 
3874, 1.3914284e-01, 1.9030213e-01, 9.8995801e-01 
3875, 3.7239763e-01, 1.8918439e-01, 1.6679010e-02 
3876, 2.1211895e-01, 8.9441959e-01, 6.2940358e-01 
3877, 5.6451529e-01, 1.1919506e-01, 3.8744480e-03 
3878, 6.2517897e-01, 8.2732169e-01, 4.7482555e-01 
3879, 7.3456531e-01, 6.3393583e-01, 8.6904058e-01 
3880, 2.6407965e-01, 4.4077459e-01, 3.5522077e-01 
3881, 7.0949865e-02, 6.1490475e-01, 2.4209167e-01 
3882, 7.7795648e-01, 9.9427993e-01, 1.0312945e-01 
3883, 6.3078140e-01, 5.3520791e-01, 7.9543240e-03 
3884, 3.0249436e-01, 2.9891284e-01, 9.3013831e-01 
3885, 4.0957940e-01, 6.9254482e-01, 2.7563579e-02 
3886, 1.1278982e-02, 5.9915693e-01, 9.2130525e-01 
3887, 5.7707576e-01, 3.5961831e-01, 3.0157245e-01 
3888, 9.5117230e-01, 3.8808552e-02, 9.6942080e-01 
3889, 9.9649016e-01, 1.6888021e-01, 9.9018233e-01 
3890, 8.2057641e-02, 2.0204077e-01, 4.4172456e-01 
3891, 6.3167967e-01, 7.0460491e-01, 1.5365485e-01 
3892, 2.1316523e-01, 5.6740595e-01, 8.7127438e-01 
3893, 6.6957172e-01, 2.0121430e-01, 7.9916177e-02 
3894, 8.1050264e-02, 9.7189833e-01, 4.9977482e-01 
3895, 7.3451239e-02, 2.5371775e-01, 7.2335716e-01 
3896, 1.3105100e-01, 1.8724212e-01, 8.7635376e-01 
3897, 2.6196063e-01, 7.2436748e-01, 4.1618074e-01 
3898, 2.3047081e-01, 5.7172067e-01, 7.7606242e-01 
3899, 3.3764918e-01, 2.7788123e-01, 9.8470261e-02 
3900, 4.2586116e-01, 2.8939107e-02, 7.3593002e-01 
3901, 7.7494667e-01, 6.4085267e-01, 8.6134654e-01 
3902, 8.0006320e-01, 9.5919781e-01, 7.1098750e-01 
3903, 5.5719372e-01, 4.4198370e-01, 3.5642078e-01 
3904, 3.7892203e-01, 8.4735913e-01, 4.7773015e-01 
3905, 4.9389587e-01, 6.4264991e-01, 9.2429959e-01 
3906, 1.1797092e-01, 7.2356388e-01, 8.1202131e-01 
3907, 7.4362098e-01, 2.2090620e-01, 2.8479272e-01 
3908, 1.3283644e-01, 5.7761864e-01, 3.9711111e-01 
3909, 9.5542964e-01, 8.0405931e-01, 1.3840181e-01 
3910, 1.1322061e-01, 4.9817652e-01, 4.8301513e-01 
3911, 2.7007808e-01, 5.1454256e-01, 4.7551850e-01 
3912, 5.0039119e-01, 4.7061536e-01, 2.4720997e-01 
3913, 1.5087612e-01, 4.4207870e-01, 2.1332376e-01 
3914, 5.2103658e-01, 7.3393681e-02, 6.1360018e-01 
3915, 8.5600254e-01, 1.5221151e-01, 6.8945887e-01 
3916, 8.0713592e-01, 5.3430362e-01, 4.9375541e-01 
3917, 8.4573206e-01, 2.7913683e-01, 7.3382497e-01 
3918, 2.9415539e-02, 9.7040822e-01, 8.4500419e-01 
3919, 9.3005078e-01, 2.1419407e-01, 6.0799853e-01 
3920, 4.1586393e-01, 8.5753708e-02, 8.2894033e-01 
3921, 3.7165682e-01, 6.5925509e-01, 8.4080495e-01 
3922, 6.0462467e-01, 4.5265020e-01, 3.0006792e-01 
3923, 3.0812127e-01, 3.5400906e-01, 4.8834984e-01 
3924, 5.8091561e-01, 3.8638342e-01, 8.2306242e-01 
3925, 2.9866916e-01, 9.7483309e-01, 6.6079480e-01 
3926, 9.1527451e-01, 8.6116803e-01, 9.9978961e-02 
3927, 9.6319664e-01, 2.9542378e-01, 7.5069357e-01 
3928, 2.0754316e-01, 9.3430775e-01, 9.6724881e-02 
3929, 9.7034431e-01, 2.4666245e-01, 3.6837697e-01 
3930, 3.5066234e-01, 4.3364175e-02, 2.8869422e-01 
3931, 6.6069907e-01, 9.5324149e-01, 3.2320125e-01 
3932, 4.8238503e-01, 4.7278545e-01, 3.5693121e-01 
3933, 9.0861159e-01, 1.4990240e-01, 9.4845365e-02 
3934, 7.7558896e-01, 4.2025994e-01, 4.4568618e-01 
3935, 7.1468004e-01, 6.4369784e-01, 1.8638926e-01 
3936, 1.0276329e-02, 7.0175071e-02, 7.2614427e-01 
3937, 7.9293285e-01, 4.9942431e-01, 8.9624752e-01 
3938, 2.0305073e-01, 1.9347012e-01, 5.8628048e-01 
3939, 8.5025152e-01, 8.8601276e-01, 2.3414006e-01 
3940, 7.9303679e-01, 7.6405060e-01, 1.2176329e-01 
3941, 4.5727464e-01, 7.6876461e-01, 1.5657130e-01 
3942, 7.9330422e-01, 1.9006264e-01, 4.3570315e-02 
3943, 9.2768818e-01, 7.3147794e-01, 4.9632321e-01 
3944, 8.4185644e-01, 1.3614638e-01, 3.9086074e-01 
3945, 3.6808502e-01, 1.2321349e-01, 5.6001504e-01 
3946, 3.3911283e-01, 4.5097677e-01, 8.1799821e-01 
3947, 1.9352399e-01, 7.2378058e-01, 1.7684805e-01 
3948, 1.7599824e-01, 3.8185953e-01, 1.6184640e-01 
3949, 4.9777332e-01, 9.0701182e-01, 5.5582087e-01 
3950, 1.5185355e-01, 8.0708510e-01, 6.4001144e-01 
3951, 8.1276048e-01, 3.1146952e-01, 2.7278594e-01 
3952, 3.8606157e-01, 3.2665644e-01, 3.8577672e-01 
3953, 8.4334277e-01, 8.0257969e-01, 5.7535161e-01 
3954, 4.4280164e-01, 5.0592366e-01, 9.1505441e-01 
3955, 9.0968589e-01, 1.0885002e-01, 9.2376551e-01 
3956, 3.2091057e-01, 5.2756737e-01, 6.5767120e-01 
3957, 8.7182317e-01, 2.1921375e-01, 4.1657366e-01 
3958, 9.9694542e-01, 7.4028798e-01, 3.7835644e-01 
3959, 9.0072685e-01, 5.9001900e-01, 6.4248018e-01 
3960, 8.0902091e-01, 8.5716639e-01, 3.4940827e-01 
3961, 7.8549037e-01, 6.8724244e-01, 3.6231526e-01 
3962, 7.8322877e-01, 6.1110704e-01, 6.6970510e-01 
3963, 5.0127931e-01, 1.2789540e-01, 2.8290839e-01 
3964, 9.9424755e-02, 7.1015666e-01, 4.6675687e-01 
3965, 7.8506856e-02, 9.5464364e-01, 6.7550578e-01 
3966, 2.3986823e-01, 6.6163621e-01, 7.9498347e-01 
3967, 3.9965314e-01, 2.8000437e-01, 3.2958367e-01 
3968, 1.4728097e-01, 4.7675128e-02, 2.5960289e-01 
3969, 3.7228184e-01, 4.5671308e-02, 8.5025648e-01 
3970, 5.5671295e-01, 9.3146627e-01, 4.4753873e-01 
3971, 5.3954093e-01, 4.7046170e-01, 1.7206015e-01 
3972, 2.1444927e-01, 9.8176158e-01, 6.4131245e-01 
3973, 3.1712620e-01, 8.3308506e-03, 6.4969349e-02 
3974, 4.3895556e-01, 1.7029024e-01, 2.6322518e-01 
3975, 7.5618797e-01, 9.0127551e-01, 6.6574244e-01 
3976, 6.8693322e-01, 7.4638524e-01, 1.7228573e-01 
3977, 2.2697329e-01, 5.1712491e-01, 6.7594399e-01 
3978, 8.5638045e-01, 1.9795383e-01, 1.0944350e-01 
3979, 9.5703372e-03, 8.5734478e-01, 5.5478678e-01 
3980, 7.6721434e-01, 8.5140007e-02, 5.0135732e-01 
3981, 8.5401692e-01, 9.5658927e-01, 2.6100161e-01 
3982, 7.0391395e-01, 6.9794229e-01, 8.1879376e-01 
3983, 8.5462907e-02, 6.4877550e-01, 9.6171665e-03 
3984, 6.3504774e-01, 3.3437081e-01, 2.3099614e-01 
3985, 1.5610900e-01, 8.6681027e-01, 5.5426288e-01 
3986, 5.9407220e-01, 8.3988109e-01, 8.6335519e-01 
3987, 6.2272186e-01, 8.1100617e-01, 2.0416968e-01 
3988, 6.6302027e-01, 5.1842753e-01, 1.5017885e-01 
3989, 3.8397227e-01, 5.5459976e-01, 2.9039411e-01 
3990, 2.6336031e-01, 7.8844914e-01, 6.8390522e-01 
3991, 7.2204387e-02, 1.1975451e-01, 3.3059727e-01 
3992, 4.0451988e-01, 9.0393049e-02, 2.1942427e-02 
3993, 5.4533187e-01, 6.0865300e-01, 2.9675941e-02 
3994, 7.0064752e-01, 5.6263801e-01, 4.0199968e-01 
3995, 1.7614485e-01, 7.5410277e-01, 7.0255698e-01 
3996, 4.8419098e-01, 8.4551010e-01, 9.0878839e-02 
3997, 9.0158740e-01, 1.4547457e-01, 9.8441981e-01 
3998, 1.1510330e-01, 4.6726217e-01, 8.4068461e-01 
3999, 2.5160361e-01, 2.9606151e-01, 4.0854961e-02 
4000, 4.7524959e-01, 8.7894288e-01, 2.9520422e-01 
4001, 7.9770597e-01, 9.4083102e-02, 5.2726294e-01 
4002, 1.1696942e-01, 4.6186643e-01, 9.3655433e-01 
4003, 7.1933869e-01, 9.9829639e-01, 3.2878178e-01 
4004, 4.1448846e-01, 7.0895305e-01, 5.5274157e-01 
4005, 4.7663729e-01, 4.3703851e-01, 8.2670557e-01 
4006, 5.6100951e-01, 3.8237716e-01, 5.0012788e-01 
4007, 5.0576924e-01, 3.4499354e-01, 4.4447846e-01 
4008, 3.8157386e-01, 3.6176860e-02, 3.6901289e-01 
4009, 8.1711451e-01, 8.0643068e-01, 8.5731037e-01 
4010, 8.3930462e-01, 8.5156980e-01, 8.4218701e-01 
4011, 9.5343984e-01, 5.7154779e-01, 3.1708570e-01 
4012, 6.8258814e-01, 2.7840419e-01, 1.3638612e-01 
4013, 1.5349567e-01, 6.8315829e-01, 6.9306311e-01 
4014, 8.5962582e-01, 5.9392247e-01, 4.7483638e-01 
4015, 8.4199508e-01, 8.3598001e-01, 6.0385447e-01 
4016, 5.3817175e-01, 1.7384768e-01, 4.6704282e-01 
4017, 2.9427638e-01, 9.1455303e-01, 4.0865273e-02 
4018, 9.3642601e-01, 2.1970667e-01, 1.7269311e-01 
4019, 3.9917991e-01, 9.2229456e-01, 4.4186690e-01 
4020, 6.1062966e-01, 2.4081802e-01, 5.5072003e-01 
4021, 6.2056186e-02, 4.5651556e-02, 4.6606117e-01 
4022, 6.0118534e-01, 5.9962599e-02, 4.8747538e-02 
4023, 6.7397482e-01, 8.9272234e-01, 1.9029346e-01 
4024, 5.0520824e-02, 5.5581201e-01, 3.3724210e-02 
4025, 7.5715801e-01, 7.6364776e-01, 2.8086728e-01 
4026, 1.0622956e-01, 8.9997810e-01, 3.3791285e-02 
4027, 4.6291944e-01, 3.7937370e-01, 9.7224819e-02 
4028, 9.6817798e-02, 6.2837107e-01, 8.5802428e-01 
4029, 7.7465469e-02, 2.8442351e-01, 1.4727713e-01 
4030, 8.0359554e-01, 9.3432530e-01, 5.5048720e-01 
4031, 3.4452304e-01, 8.3607005e-01, 5.8963889e-01 
4032, 4.5488986e-01, 2.1780573e-01, 7.8520192e-01 
4033, 1.1413559e-01, 8.6586911e-01, 6.8064658e-01 
4034, 1.3920904e-01, 6.3340786e-01, 8.3617295e-01 
4035, 3.0219597e-01, 5.4022497e-02, 8.6612351e-01 
4036, 6.3272776e-01, 6.0814821e-01, 2.7019589e-01 
4037, 5.5566585e-01, 8.1435844e-01, 6.1625739e-01 
4038, 5.1819419e-01, 1.0288609e-01, 8.8411825e-01 
4039, 4.3430690e-01, 9.1749317e-01, 6.3550796e-01 
4040, 9.3471486e-03, 4.5367316e-01, 8.7469330e-01 
4041, 9.8325388e-03, 6.3466669e-01, 4.7450096e-01 
4042, 9.2468592e-01, 1.8778356e-01, 6.4482732e-01 
4043, 5.3015958e-01, 4.7429437e-01, 9.6968658e-01 
4044, 5.6274295e-01, 7.7142835e-01, 3.9984170e-01 
4045, 4.7190099e-01, 7.5278358e-01, 5.9258992e-01 
4046, 9.5246720e-01, 6.7181622e-01, 1.8813250e-01 
4047, 4.5278468e-01, 4.0011010e-01, 6.0046228e-01 
4048, 7.8717489e-01, 9.2846427e-01, 8.4547059e-01 
4049, 4.7048534e-01, 6.5576588e-01, 5.1789963e-01 
4050, 5.9089731e-01, 3.1470636e-01, 2.5879618e-01 
4051, 5.6836292e-02, 9.5782729e-01, 6.4012160e-01 
4052, 2.4580045e-01, 6.9137799e-01, 8.9025674e-02 
4053, 2.6894998e-01, 1.3227588e-01, 9.9275361e-01 
4054, 1.3270809e-01, 4.5699034e-01, 1.0727794e-01 
4055, 8.6018455e-01, 9.2147113e-01, 8.8191320e-01 
4056, 8.8573630e-01, 9.5579972e-01, 1.3319889e-01 
4057, 4.7248611e-01, 1.4164693e-03, 3.2326958e-01 
4058, 2.0673960e-01, 7.9708127e-01, 5.9043500e-01 
4059, 9.1991568e-01, 4.9203754e-01, 8.4261844e-01 
4060, 6.9383055e-01, 7.0758175e-01, 8.5490718e-01 
4061, 3.9149502e-01, 7.8413173e-01, 4.0049421e-01 
4062, 1.4283013e-01, 3.9783531e-01, 4.9167204e-01 
4063, 4.5453498e-01, 2.2378128e-01, 1.0709493e-01 
4064, 8.6199083e-01, 9.5272405e-01, 1.0962150e-01 
4065, 9.5179672e-01, 2.0807359e-01, 3.1850780e-02 
4066, 9.0013044e-01, 6.2242238e-01, 2.6604020e-01 
4067, 9.5824562e-01, 8.9241667e-01, 2.6487694e-01 
4068, 2.3833849e-01, 4.4284804e-01, 1.5820651e-02 
4069, 4.6499615e-01, 8.0468251e-02, 8.7347538e-01 
4070, 4.7827544e-01, 2.1433406e-02, 6.9762537e-01 
4071, 8.7799709e-01, 5.3362781e-02, 2.2628142e-01 
4072, 7.5758214e-01, 2.2049543e-01, 9.2999258e-01 
4073, 3.3426234e-01, 3.8961654e-01, 1.6481156e-01 
4074, 6.3270418e-01, 7.0982408e-01, 7.5899111e-01 
4075, 9.4355705e-01, 6.8398713e-01, 1.8895575e-02 
4076, 1.3151692e-01, 2.6090110e-01, 3.1393207e-01 
4077, 1.3168884e-01, 1.2132072e-02, 5.9651468e-01 
4078, 9.0435201e-01, 8.5909392e-02, 8.2338024e-01 
4079, 4.7850224e-01, 9.9226024e-01, 3.9458554e-01 
4080, 3.8753447e-01, 8.2551885e-01, 1.7629421e-01 
4081, 3.6051974e-01, 3.8326955e-01, 8.4240758e-01 
4082, 7.4796487e-01, 4.7069581e-01, 2.3696417e-01 
4083, 2.1617883e-01, 3.8096035e-01, 6.5992053e-01 
4084, 2.3540886e-02, 1.5746174e-01, 4.2780562e-01 
4085, 8.5527709e-02, 1.3111016e-01, 7.1008739e-01 
4086, 4.0902570e-02, 5.1193823e-02, 4.1265009e-01 
4087, 5.5296114e-02, 6.8547130e-01, 1.3804027e-01 
4088, 1.1777667e-01, 4.3836431e-02, 7.7444398e-01 
4089, 4.4356283e-01, 6.8273345e-01, 9.1111218e-01 
4090, 3.9199781e-01, 6.9155532e-01, 3.9574237e-01 
4091, 4.2573626e-01, 9.8773811e-01, 5.6361880e-01 
4092, 1.9460399e-01, 7.2444310e-01, 9.7971564e-02 
4093, 1.1496884e-01, 1.3701753e-01, 8.3935051e-01 
4094, 4.8054323e-01, 6.5462878e-01, 2.1450179e-01 
4095, 5.2929936e-01, 5.5010061e-02, 3.2569156e-01 
4096, 9.6229617e-01, 9.0214063e-01, 4.4884241e-01 
4097, 1.4485664e-01, 2.5887584e-01, 1.0363440e-01 
4098, 6.2574877e-01, 1.1889085e-01, 1.0816623e-01 
4099, 8.2870657e-02, 4.8825367e-01, 3.3094094e-01 
4100, 8.7375485e-01, 1.7919942e-01, 7.7553889e-01 
4101, 2.0154299e-01, 3.5834046e-02, 2.7902525e-01 
4102, 2.5667638e-01, 9.3853548e-01, 6.7547429e-01 
4103, 5.4713382e-01, 4.0697514e-01, 8.3363496e-01 
4104, 3.0022080e-01, 4.6665173e-01, 1.2182302e-01 
4105, 3.3541457e-01, 1.8054126e-01, 4.2208105e-01 
4106, 5.8150315e-01, 7.7939082e-01, 2.1794729e-01 
4107, 7.3042965e-01, 5.6497595e-01, 8.9609874e-01 
4108, 9.5745993e-01, 9.9309576e-01, 2.7436241e-01 
4109, 3.3359507e-01, 7.5267310e-01, 7.1854415e-01 
4110, 1.2649826e-01, 6.6584274e-01, 3.8345086e-02 
4111, 3.2823658e-01, 8.4752017e-01, 5.2687081e-01 
4112, 6.1330691e-01, 6.9665428e-01, 6.9078617e-01 
4113, 2.4686427e-01, 9.2719744e-01, 9.2922978e-01 
4114, 3.4795987e-02, 4.4316569e-01, 6.6958903e-01 
4115, 7.4944288e-01, 5.0408109e-01, 6.2962102e-01 
4116, 4.0552231e-01, 8.9638538e-03, 5.3529733e-01 
4117, 8.2859129e-01, 2.0007078e-01, 3.9564209e-01 
4118, 1.2673220e-01, 1.4943958e-01, 3.5696037e-01 
4119, 2.8689530e-01, 5.6547009e-01, 2.9089823e-01 
4120, 5.9241443e-01, 4.6688424e-01, 2.4358309e-01 
4121, 9.6829209e-01, 7.3407125e-01, 5.8527182e-02 
4122, 9.3988223e-01, 9.4902112e-02, 5.3876922e-01 
4123, 1.2997642e-01, 5.8695708e-01, 9.9093880e-02 
4124, 7.4026748e-01, 8.4697728e-01, 3.7510915e-01 
4125, 8.5427945e-01, 4.2994045e-01, 8.4010628e-01 
4126, 3.2818301e-01, 6.8692242e-01, 5.6120764e-01 
4127, 2.6759127e-01, 6.2085438e-01, 3.1919333e-01 
4128, 6.7096132e-02, 9.8064722e-01, 1.3145546e-01 
4129, 1.8053742e-02, 3.0362146e-01, 1.1441328e-01 
4130, 7.9025927e-01, 3.5884974e-01, 7.1506302e-01 
4131, 7.3418313e-01, 8.3362516e-01, 8.0625491e-01 
4132, 4.7587820e-01, 5.4234066e-01, 2.4575909e-01 
4133, 9.8910698e-01, 1.1968632e-01, 6.8749408e-01 
4134, 4.3496391e-01, 8.9031157e-01, 8.7209274e-02 
4135, 3.3510922e-01, 2.8695241e-01, 5.7693754e-01 
4136, 9.2775555e-01, 9.3967918e-01, 6.9000581e-01 
4137, 8.2283137e-01, 2.9277061e-01, 3.5465779e-01 
4138, 1.9649019e-01, 8.8296546e-02, 2.8618186e-02 
4139, 2.9773366e-01, 2.0206249e-01, 3.1217432e-01 
4140, 7.1331687e-01, 1.5559583e-01, 6.8051994e-01 
4141, 3.0904296e-01, 8.5516102e-01, 6.8448965e-01 
4142, 9.3466618e-01, 1.7264537e-01, 7.7046237e-01 
4143, 9.5152296e-01, 9.6296836e-01, 7.8043358e-01 
4144, 5.9691599e-01, 9.2535314e-01, 1.6966418e-01 
4145, 2.4868223e-01, 1.2371474e-01, 2.1961507e-01 
4146, 7.5621619e-01, 9.7546862e-03, 6.6224139e-01 
4147, 2.2365449e-01, 1.1594722e-01, 2.5507549e-01 
4148, 4.8279562e-01, 2.6267161e-01, 5.2446806e-01 
4149, 2.1085930e-02, 4.5881730e-01, 6.3115696e-01 
4150, 4.6895941e-01, 4.0925523e-01, 3.1550209e-01 
4151, 2.9960335e-01, 8.3347520e-01, 2.4539278e-01 
4152, 1.0231653e-01, 9.6778562e-01, 6.9686295e-01 
4153, 6.0541895e-01, 8.2111407e-01, 1.5502764e-01 
4154, 6.8113494e-01, 8.2563525e-01, 5.4650727e-01 
4155, 6.8081274e-01, 4.3657911e-01, 2.5132799e-01 
4156, 3.7512958e-01, 8.9535913e-01, 1.8962475e-01 
4157, 8.1296284e-01, 1.5657296e-01, 8.8781171e-01 
4158, 7.5402158e-01, 8.1837932e-01, 1.8632128e-01 
4159, 8.6496795e-01, 3.4801296e-01, 2.8696265e-01 
4160, 7.9692295e-01, 8.5847091e-01, 9.1549602e-01 
4161, 1.3646586e-01, 5.3606034e-01, 4.3855617e-01 
4162, 9.1796654e-01, 4.8868107e-01, 9.1074028e-01 
4163, 6.9362341e-01, 5.4409427e-01, 1.3960671e-01 
4164, 2.6482843e-01, 3.0193621e-01, 3.1124026e-01 
4165, 3.6221357e-01, 4.8806886e-01, 7.6314642e-01 
4166, 8.0138554e-01, 9.9289276e-01, 6.8855266e-01 
4167, 1.2608479e-01, 4.9088390e-01, 4.5921631e-02 
4168, 2.0431546e-01, 1.2650331e-01, 3.5705991e-01 
4169, 4.8643369e-01, 1.3111900e-01, 5.4713963e-01 
4170, 7.9656450e-01, 2.6376500e-01, 9.5525034e-01 
4171, 7.1354430e-01, 3.3333441e-01, 5.4990643e-01 
4172, 7.4630940e-01, 6.4322370e-01, 5.5357076e-01 
4173, 6.0197430e-01, 1.6931289e-01, 2.4008789e-01 
4174, 1.8114366e-01, 5.2495423e-01, 6.9559316e-01 
4175, 6.8373969e-02, 7.3263540e-01, 2.1266024e-01 
4176, 6.0407815e-01, 7.0557259e-01, 8.1182735e-01 
4177, 4.2674265e-01, 3.1533209e-01, 5.4233763e-01 
4178, 4.2911328e-01, 1.6823384e-01, 5.7217597e-01 
4179, 3.4271988e-01, 3.2892015e-01, 6.7587700e-01 
4180, 4.5723365e-01, 1.9389240e-01, 8.6758821e-01 
4181, 2.1842928e-01, 8.3099773e-01, 3.7476385e-01 
4182, 7.2933792e-01, 1.7493319e-01, 8.2979236e-01 
4183, 4.4835162e-01, 9.4131982e-03, 5.1156548e-01 
4184, 1.8096822e-01, 2.6633922e-01, 3.4215520e-01 
4185, 8.2479915e-01, 9.1963833e-01, 6.6725158e-01 
4186, 4.5106901e-01, 3.9548040e-01, 9.0711342e-01 
4187, 8.4459506e-01, 8.5017143e-01, 4.7380419e-01 
4188, 6.2875268e-01, 6.1458424e-01, 1.9070369e-01 
4189, 8.6042838e-01, 3.0189859e-01, 2.2651029e-02 
4190, 8.1907810e-01, 9.4657037e-01, 4.4387466e-02 
4191, 6.7427776e-01, 9.4025421e-01, 4.7576401e-01 
4192, 1.9901011e-01, 3.1274400e-01, 8.8555920e-01 
4193, 4.6927478e-01, 4.5937042e-01, 3.0604037e-01 
4194, 2.9596756e-01, 2.1651133e-01, 7.4259959e-02 
4195, 7.0459896e-01, 9.7786467e-01, 2.3069443e-01 
4196, 7.7786754e-01, 3.7363018e-01, 3.0220867e-01 
4197, 5.4012567e-01, 2.5407986e-01, 9.5352118e-01 
4198, 2.4700485e-01, 9.7308772e-01, 8.7576145e-01 
4199, 2.2548939e-02, 2.9042157e-01, 3.9332642e-01 
4200, 6.9291787e-01, 5.7449918e-01, 5.6459574e-01 
4201, 4.3940489e-01, 1.4016214e-01, 6.8173737e-01 
4202, 7.3750711e-01, 4.0545716e-01, 7.2692565e-01 
4203, 3.9403244e-01, 2.8023805e-01, 9.6165508e-01 
4204, 4.6566153e-01, 6.0882441e-02, 4.4512192e-01 
4205, 1.1247095e-01, 1.0253451e-01, 7.2874802e-01 
4206, 2.4559822e-01, 6.9515303e-02, 8.7957434e-01 
4207, 2.2057056e-01, 2.4399736e-01, 6.0894361e-01 
4208, 1.5282021e-01, 1.1450412e-01, 4.2652748e-02 
4209, 8.1106545e-02, 1.0545944e-01, 7.5699057e-01 
4210, 1.5466459e-01, 6.7999649e-01, 4.9931842e-01 
4211, 1.1440796e-02, 8.6602320e-01, 4.8613601e-03 
4212, 3.5241487e-01, 4.4403337e-01, 5.7839224e-01 
4213, 9.1880509e-01, 1.2990464e-01, 9.4738253e-01 
4214, 9.2473166e-01, 3.4494759e-01, 1.3239914e-01 
4215, 2.9176396e-01, 9.1035516e-01, 6.4252288e-01 
4216, 3.7093730e-01, 7.1318960e-01, 7.0035303e-01 
4217, 8.7489453e-01, 5.5306980e-01, 4.4548360e-01 
4218, 6.9090676e-01, 4.2696369e-01, 8.2427063e-01 
4219, 3.4605232e-01, 4.5750949e-01, 6.5773036e-01 
4220, 8.1689637e-01, 8.9399564e-01, 2.2752973e-01 
4221, 2.6320185e-02, 8.0646420e-01, 1.1919322e-01 
4222, 7.9516038e-01, 3.0319796e-01, 7.4446751e-01 
4223, 6.7474048e-01, 8.7363395e-01, 4.3882246e-01 
4224, 4.9020952e-01, 8.3153503e-02, 7.5399350e-01 
4225, 1.7267541e-01, 3.6773887e-01, 6.7026275e-02 
4226, 9.1419172e-02, 6.8168931e-01, 4.8702453e-01 
4227, 3.6406358e-01, 2.3957446e-01, 4.7836379e-01 
4228, 7.5041865e-01, 6.1168561e-01, 3.4456729e-01 
4229, 5.1313517e-01, 2.0722335e-01, 6.2686653e-01 
4230, 5.8475471e-01, 4.9606116e-01, 2.5384791e-01 
4231, 6.1062952e-01, 1.6957264e-01, 1.4965321e-01 
4232, 6.3342661e-01, 7.7167455e-01, 8.9876470e-01 
4233, 5.0542932e-01, 6.6648113e-01, 4.9316888e-01 
4234, 6.8737423e-01, 7.2458566e-01, 4.3887699e-01 
4235, 9.7655725e-01, 1.0081231e-01, 1.2847703e-01 
4236, 2.3299033e-01, 4.3413712e-01, 4.7453650e-01 
4237, 7.1471813e-01, 2.0988398e-01, 2.3028509e-01 
4238, 8.8788964e-01, 3.7705370e-01, 6.2975736e-01 
4239, 2.5890253e-01, 4.8856269e-02, 3.9861095e-01 
4240, 7.0933994e-01, 1.7771599e-01, 5.1439752e-01 
4241, 7.7607571e-01, 5.1258014e-01, 5.3994070e-01 
4242, 6.6956574e-01, 9.1690821e-02, 4.3155836e-01 
4243, 6.5273342e-01, 7.1213161e-01, 3.8500554e-02 
4244, 2.2015893e-01, 9.0960957e-01, 8.2455405e-01 
4245, 8.5161170e-01, 4.8854774e-01, 9.7264567e-02 
4246, 1.7845473e-01, 6.2464863e-01, 5.4097754e-01 
4247, 4.7309611e-01, 3.6058055e-02, 1.8842202e-01 
4248, 2.6229344e-01, 1.3989874e-01, 6.6895168e-01 
4249, 1.9702056e-01, 6.3438589e-01, 9.4230980e-01 
4250, 9.4566726e-01, 5.8670245e-01, 5.1664222e-01 
4251, 2.9148691e-01, 9.5770292e-01, 9.6193654e-01 
4252, 6.8686982e-01, 7.8841720e-01, 7.2176604e-02 
4253, 3.1891599e-01, 3.7199729e-01, 6.0512892e-01 
4254, 6.0149426e-01, 6.5089243e-01, 6.7956312e-01 
4255, 8.1459938e-01, 8.5291260e-01, 1.5064545e-01 
4256, 9.7823692e-01, 1.5343161e-01, 1.0276474e-01 
4257, 2.7422820e-01, 7.3878765e-01, 6.5609141e-01 
4258, 5.9297222e-02, 3.0547507e-01, 9.2370358e-01 
4259, 2.7604979e-01, 8.6361003e-01, 8.3717225e-01 
4260, 2.7023306e-01, 3.3176931e-01, 7.7862023e-01 
4261, 3.4632933e-01, 8.0153923e-01, 3.2389003e-01 
4262, 4.9395425e-01, 5.0887238e-01, 7.8051294e-01 
4263, 3.3267602e-02, 4.0334658e-01, 5.7783010e-01 
4264, 1.9463712e-01, 2.2949081e-02, 9.9801518e-01 
4265, 9.8633068e-02, 4.1025882e-01, 5.6061482e-01 
4266, 4.9493012e-02, 2.6949758e-01, 5.8473000e-01 
4267, 6.2415419e-01, 7.7769918e-01, 4.0652502e-01 
4268, 6.6258628e-01, 3.1696147e-01, 7.0929574e-01 
4269, 6.1438038e-01, 6.1612653e-01, 7.3172154e-02 
4270, 8.0439042e-01, 1.2253206e-01, 9.2496049e-01 
4271, 5.2750046e-01, 7.1765777e-01, 2.7588170e-01 
4272, 9.4111056e-01, 5.1085817e-01, 9.9037080e-01 
4273, 5.7781832e-01, 4.9669794e-01, 6.9053246e-01 
4274, 9.4916306e-01, 3.5516280e-01, 4.2058212e-02 
4275, 7.9495893e-01, 6.5283623e-01, 5.0087791e-01 
4276, 6.4123482e-01, 5.3866207e-01, 7.9843381e-01 
4277, 2.3899320e-02, 6.7249317e-01, 7.5483724e-01 
4278, 7.0323521e-01, 9.4384106e-01, 3.3428478e-01 
4279, 1.2486234e-01, 7.0941181e-01, 3.2097932e-01 
4280, 1.2153441e-01, 7.9992648e-02, 2.0665960e-01 
4281, 2.8255086e-01, 6.4827154e-01, 7.6356381e-01 
4282, 7.1938151e-01, 7.9761336e-01, 4.7270952e-01 
4283, 4.0546743e-01, 4.9775951e-01, 9.9099596e-01 
4284, 3.9391390e-01, 9.6652347e-01, 7.3556266e-01 
4285, 8.7469632e-01, 7.4915141e-01, 9.0908196e-01 
4286, 3.6280956e-01, 9.5711336e-01, 4.5348969e-01 
4287, 1.9069446e-01, 5.4917394e-01, 7.9917937e-02 
4288, 4.1317772e-02, 3.3289999e-01, 1.3195800e-01 
4289, 8.3554485e-01, 4.7503390e-01, 3.3653455e-01 
4290, 5.4220366e-03, 6.6684628e-01, 3.2312661e-01 
4291, 9.3513778e-01, 1.8468300e-01, 9.4751440e-01 
4292, 6.0101275e-01, 5.9037982e-01, 2.9817140e-01 
4293, 5.7429154e-01, 6.3546383e-01, 4.9985032e-01 
4294, 7.7366743e-01, 9.0703090e-01, 4.4836499e-01 
4295, 5.8354579e-01, 9.3559462e-01, 6.0958478e-01 
4296, 9.9507084e-01, 5.4530274e-02, 7.1931054e-01 
4297, 9.6960548e-02, 2.1120439e-01, 1.7618154e-01 
4298, 6.4062465e-01, 5.5492098e-01, 1.3033816e-01 
4299, 9.9954459e-01, 8.5664345e-01, 5.5707872e-02 
4300, 7.8645385e-01, 6.2086755e-01, 8.1634785e-01 
4301, 9.7520499e-01, 2.6439330e-01, 8.3038390e-01 
4302, 5.9694087e-01, 9.0717005e-01, 4.7754294e-01 
4303, 6.0998199e-01, 3.2427526e-01, 7.6195604e-02 
4304, 7.7282508e-01, 7.4144578e-01, 5.1853162e-02 
4305, 5.1566582e-01, 6.8207654e-01, 1.3244261e-02 
4306, 5.0726633e-01, 3.7743022e-01, 4.4438956e-01 
4307, 2.8912245e-01, 9.8273075e-02, 6.7470361e-01 
4308, 8.3575372e-01, 5.1401058e-01, 8.5916282e-01 
4309, 4.9359660e-01, 8.3512710e-01, 1.4195628e-01 
4310, 3.6148893e-01, 8.9853798e-01, 9.3284910e-01 
4311, 4.3533306e-01, 4.8229928e-01, 3.2376977e-01 
4312, 3.8384821e-02, 2.5634725e-02, 1.5235144e-01 
4313, 7.2467803e-01, 3.4232449e-01, 8.8778368e-02 
4314, 6.1127547e-01, 2.7701205e-01, 7.9065756e-01 
4315, 2.4933183e-01, 6.0149056e-01, 1.6977448e-01 
4316, 8.2324908e-01, 5.0446700e-01, 5.2496224e-01 
4317, 6.6450938e-01, 5.6989413e-02, 3.5855366e-01 
4318, 8.1684967e-01, 3.4353602e-01, 2.5185112e-01 
4319, 4.5108810e-01, 7.7138992e-01, 5.5111907e-01 
4320, 7.2848249e-02, 9.3911618e-01, 4.0934266e-01 
4321, 1.4555332e-01, 2.3069989e-02, 3.9726587e-01 
4322, 5.4380973e-02, 1.7605028e-01, 8.0849236e-01 
4323, 6.5660723e-02, 9.3154233e-01, 5.2725985e-01 
4324, 6.9468849e-01, 9.0749528e-02, 9.4407111e-01 
4325, 6.8028600e-01, 3.2384937e-01, 8.2460866e-03 
4326, 3.4535044e-02, 1.7150688e-01, 5.8971237e-01 
4327, 2.4686355e-01, 2.9343142e-01, 6.6381474e-01 
4328, 4.7291395e-01, 2.6504643e-01, 6.6150607e-01 
4329, 3.9813019e-01, 4.3081557e-02, 1.3523447e-01 
4330, 1.8436828e-01, 3.7423318e-01, 9.0670207e-01 
4331, 4.1412720e-01, 4.1701284e-01, 4.4316166e-01 
4332, 5.7447255e-02, 5.1526696e-01, 1.1064404e-01 
4333, 3.2081944e-01, 1.4390679e-01, 1.2554507e-01 
4334, 7.0736100e-01, 4.6575927e-01, 7.0589277e-02 
4335, 6.4021847e-02, 4.5255262e-01, 2.9711794e-01 
4336, 4.8523973e-01, 5.4698797e-01, 3.9890591e-01 
4337, 1.8461158e-01, 9.6145664e-01, 6.4138783e-01 
4338, 4.6161628e-01, 1.5092116e-01, 4.7068540e-01 
4339, 1.7635117e-01, 2.7600235e-01, 4.6350148e-01 
4340, 4.3997744e-01, 5.9773923e-01, 9.1901441e-01 
4341, 6.6145002e-01, 3.7609486e-01, 8.1716778e-01 
4342, 3.5110634e-02, 7.9565456e-01, 8.2654885e-01 
4343, 5.4806367e-04, 8.3514548e-01, 9.6679946e-01 
4344, 4.7077207e-02, 6.8229678e-01, 2.7219247e-01 
4345, 3.4643566e-01, 7.0899062e-01, 3.0514968e-01 
4346, 7.4238589e-01, 4.9182230e-01, 8.0640489e-01 
4347, 4.5778195e-01, 9.8276567e-01, 8.8831608e-01 
4348, 9.2768344e-01, 6.5087238e-02, 6.0801724e-01 
4349, 9.0234245e-01, 4.0361172e-01, 1.5187502e-02 
4350, 1.1260269e-01, 4.2049933e-01, 9.2545985e-01 
4351, 2.7314025e-01, 1.8269418e-01, 2.6047031e-01 
4352, 3.6489462e-02, 7.6782842e-01, 1.1793078e-01 
4353, 5.8644195e-02, 5.9379513e-01, 6.1251650e-01 
4354, 9.7183393e-01, 6.9607471e-01, 6.5303120e-01 
4355, 2.7005618e-02, 6.2608836e-01, 3.3330166e-02 
4356, 6.2496752e-01, 1.3061846e-01, 3.4125698e-02 
4357, 5.8456945e-01, 8.4568126e-01, 6.4800196e-01 
4358, 8.5476847e-01, 8.6567220e-01, 9.3213322e-03 
4359, 5.3015987e-01, 7.6066924e-02, 1.5545955e-01 
4360, 9.3612544e-02, 6.3998473e-01, 1.2352413e-01 
4361, 2.1827283e-01, 3.2583499e-03, 6.3196390e-01 
4362, 9.7824920e-01, 3.3517390e-01, 8.4255676e-01 
4363, 6.8668634e-01, 1.9040925e-01, 6.8131796e-01 
4364, 1.4045886e-01, 9.6428478e-01, 2.2678545e-01 
4365, 1.5461594e-01, 8.2869113e-01, 4.0375475e-01 
4366, 5.5443014e-02, 4.9570083e-01, 2.8030039e-01 
4367, 5.8798227e-01, 6.8927102e-01, 3.2623981e-01 
4368, 4.0953214e-01, 4.1937148e-01, 6.9657345e-01 
4369, 3.3333306e-01, 4.1070219e-01, 4.5008802e-01 
4370, 9.2259397e-01, 2.5843879e-01, 8.9338159e-02 
4371, 8.4078282e-01, 8.6385418e-01, 9.2922026e-01 
4372, 2.8072102e-01, 8.8250317e-01, 2.4317160e-01 
4373, 4.6832133e-01, 9.9623981e-01, 2.3290862e-01 
4374, 6.3504464e-01, 4.9636193e-02, 7.2918173e-01 
4375, 3.3153006e-01, 7.5282933e-01, 1.0600428e-01 
4376, 5.3005648e-01, 5.9623444e-01, 6.7386680e-01 
4377, 2.3501942e-01, 1.7265982e-01, 2.9982514e-01 
4378, 4.1786651e-01, 2.4984386e-02, 7.7958013e-01 
4379, 3.6244536e-01, 8.1831299e-01, 2.6778749e-01 
4380, 8.3527441e-02, 1.4759725e-01, 5.7103169e-01 
4381, 8.4930153e-02, 5.9079129e-01, 7.6785987e-01 
4382, 5.1681524e-02, 2.5240051e-01, 3.9975787e-01 
4383, 2.7217388e-01, 3.5377764e-01, 2.2597091e-01 
4384, 1.7731237e-01, 4.7824704e-01, 5.6981478e-01 
4385, 5.1738219e-01, 6.7473908e-01, 4.0100704e-01 
4386, 9.5021228e-01, 6.9170695e-01, 8.3746082e-01 
4387, 5.8331280e-01, 8.2239531e-01, 8.3391272e-01 
4388, 5.0354117e-01, 1.5337183e-01, 3.3550569e-01 
4389, 9.3782564e-01, 3.3458466e-01, 3.2272875e-01 
4390, 8.9949975e-01, 6.6190643e-02, 1.2902713e-01 
4391, 8.3265724e-02, 6.4441488e-01, 2.3205001e-01 
4392, 5.5504598e-02, 6.1812276e-01, 1.2657253e-01 
4393, 5.7730748e-01, 6.9925661e-03, 5.2087664e-01 
4394, 2.8750766e-01, 6.7478239e-01, 2.5993762e-01 
4395, 8.3063658e-01, 8.1357401e-01, 3.6111703e-01 
4396, 9.7785387e-01, 7.0764433e-01, 3.8078905e-01 
4397, 5.5661933e-01, 6.3568030e-01, 6.7534187e-01 
4398, 4.6838622e-01, 8.4481170e-01, 5.8123011e-01 
4399, 1.1099914e-01, 8.6856171e-01, 9.9646160e-01 
4400, 4.2968246e-01, 5.9044640e-01, 3.8090076e-02 
4401, 4.0895724e-01, 7.9668770e-01, 2.2780127e-01 
4402, 1.3705781e-01, 7.2359074e-01, 5.7089271e-01 
4403, 2.2740290e-01, 5.0684161e-01, 4.8313475e-01 
4404, 2.6089213e-01, 9.7402508e-01, 6.5846167e-01 
4405, 4.5701085e-01, 6.4959925e-01, 7.3267502e-01 
4406, 1.2254781e-01, 5.9718896e-01, 5.0113457e-01 
4407, 8.0668470e-01, 6.2022939e-02, 5.3766740e-01 
4408, 3.4158252e-01, 1.6311037e-01, 9.5107001e-01 
4409, 4.0145744e-01, 4.8211716e-02, 3.4533822e-01 
4410, 5.5635516e-01, 6.4497693e-02, 8.3703929e-01 
4411, 2.2327713e-01, 6.5149707e-01, 7.2952856e-01 
4412, 5.4238980e-01, 2.1468191e-01, 1.1071153e-01 
4413, 4.3934155e-01, 2.9771448e-01, 9.8105124e-01 
4414, 2.1338148e-01, 8.1057713e-01, 4.6325992e-01 
4415, 8.6755684e-01, 8.1754322e-01, 8.4735259e-01 
4416, 7.2461991e-01, 7.7522829e-01, 7.2340240e-01 
4417, 6.7328400e-01, 5.5445940e-01, 7.2289627e-01 
4418, 6.5784123e-02, 9.7781696e-01, 5.3881991e-01 
4419, 2.0628617e-02, 1.7785397e-01, 2.9721077e-01 
4420, 4.6775063e-02, 8.4095410e-01, 1.0468788e-01 
4421, 4.7678312e-01, 7.1883781e-01, 6.1120040e-01 
4422, 5.6938174e-01, 9.1954341e-01, 2.3235393e-01 
4423, 5.5818640e-01, 1.3893013e-02, 5.8357606e-02 
4424, 2.9949743e-01, 8.1847190e-01, 7.8546492e-01 
4425, 7.5863604e-01, 9.7044721e-01, 1.7601286e-01 
4426, 3.7453422e-01, 9.8639792e-01, 3.0692412e-01 
4427, 4.2575940e-01, 3.8062748e-01, 6.0527873e-01 
4428, 5.2220355e-03, 5.0099411e-01, 9.2490651e-01 
4429, 5.6048726e-02, 8.5154467e-01, 1.5053353e-01 
4430, 9.6216804e-01, 7.4844152e-01, 7.6074834e-01 
4431, 5.0239951e-01, 6.5046719e-01, 2.6668621e-01 
4432, 8.5988672e-01, 3.4283219e-01, 1.3083009e-02 
4433, 7.3472344e-01, 4.3350421e-01, 6.8817603e-01 
4434, 8.4615783e-01, 4.7181867e-01, 8.7033561e-01 
4435, 2.0002486e-01, 1.9814766e-01, 3.6979794e-01 
4436, 9.9223519e-01, 1.7644593e-02, 4.3921488e-01 
4437, 8.1288036e-01, 5.4039283e-01, 2.7118482e-01 
4438, 7.0673808e-01, 8.4009135e-01, 1.4680449e-01 
4439, 8.9826257e-01, 3.0495937e-01, 3.8384725e-03 
4440, 5.7235609e-01, 2.7897514e-01, 1.5847275e-01 
4441, 2.1783960e-01, 8.2386761e-03, 2.7596221e-01 
4442, 6.3189180e-01, 4.1811487e-02, 5.3205740e-02 
4443, 1.5148241e-01, 5.2033572e-01, 6.5361489e-02 
4444, 1.8620602e-01, 5.5970523e-01, 6.4461496e-01 
4445, 6.7181258e-01, 9.3693284e-01, 4.1010021e-01 
4446, 2.9185056e-01, 7.5274772e-01, 4.2806764e-01 
4447, 7.8866452e-01, 5.2743848e-01, 2.1335796e-01 
4448, 9.2611165e-01, 6.4670179e-01, 8.6522037e-01 
4449, 1.7051365e-01, 1.9250571e-01, 7.2665779e-01 
4450, 3.6863641e-01, 5.7305020e-01, 6.3648573e-01 
4451, 8.9873939e-01, 4.1177951e-01, 6.8038031e-01 
4452, 4.7332214e-01, 4.4168313e-01, 6.3173016e-01 
4453, 6.1899332e-01, 9.5642759e-01, 3.5423210e-01 
4454, 2.3605247e-01, 9.8314254e-01, 7.3470052e-01 
4455, 7.6978405e-01, 6.7242328e-01, 1.7568879e-01 
4456, 6.2694332e-01, 1.6595468e-01, 5.3560407e-01 
4457, 8.1801348e-01, 8.9515248e-01, 3.6288172e-01 
4458, 5.2344013e-01, 3.7947646e-01, 8.6769530e-01 
4459, 6.2742517e-01, 5.8649982e-01, 5.5060790e-01 
4460, 8.9649314e-01, 9.0331932e-01, 6.5818460e-01 
4461, 1.6036676e-02, 9.4401421e-01, 1.1725268e-01 
4462, 3.3529166e-01, 7.5619029e-02, 7.7682668e-01 
4463, 3.8964256e-01, 3.6826226e-01, 5.9960854e-01 
4464, 5.8200459e-01, 6.0481246e-01, 7.1113212e-01 
4465, 2.4837607e-02, 1.5437668e-01, 4.5799496e-02 
4466, 2.2934651e-01, 9.4043038e-01, 6.3936494e-01 
4467, 7.5860196e-01, 4.3419930e-01, 7.0688099e-01 
4468, 7.7101410e-01, 3.5317561e-01, 7.9889505e-01 
4469, 9.0928610e-02, 2.6294388e-01, 1.2501523e-01 
4470, 9.6493134e-02, 9.4641839e-01, 4.2807842e-01 
4471, 6.1733613e-01, 3.4526946e-01, 3.2419644e-01 
4472, 3.7226089e-01, 5.5850312e-01, 8.1312589e-01 
4473, 1.9790249e-01, 7.3607226e-01, 4.5495291e-01 
4474, 4.6278486e-01, 6.7001628e-01, 3.7333316e-01 
4475, 3.2910546e-02, 1.6515371e-01, 8.6655715e-01 
4476, 1.1163967e-01, 9.8420065e-01, 3.1295924e-01 
4477, 1.5046293e-01, 2.5146506e-01, 2.9138239e-01 
4478, 1.2888745e-01, 8.7716460e-01, 4.6212917e-01 
4479, 1.9109340e-01, 3.4946894e-02, 4.4934381e-01 
4480, 7.5633140e-01, 4.4398512e-01, 9.4573331e-01 
4481, 8.2853435e-01, 5.7416016e-02, 7.3542206e-01 
4482, 6.8658084e-01, 7.6560279e-01, 8.7234094e-01 
4483, 1.3369805e-01, 6.2922168e-01, 6.8165331e-01 
4484, 6.4248492e-01, 1.9462298e-01, 1.3177733e-02 
4485, 7.1070852e-01, 2.8186848e-01, 3.9789840e-01 
4486, 4.5974170e-01, 5.8072282e-01, 5.9864373e-01 
4487, 2.7535423e-01, 8.0920463e-01, 5.2307419e-01 
4488, 9.7984433e-01, 6.1808087e-01, 2.1647239e-01 
4489, 9.2220822e-01, 2.3652851e-01, 3.4747519e-01 
4490, 6.4079474e-01, 3.8080562e-01, 4.5999477e-01 
4491, 6.2401268e-01, 5.1038170e-01, 3.9323924e-01 
4492, 3.9667526e-01, 1.8422266e-01, 2.4740873e-01 
4493, 4.0968549e-01, 1.5807984e-01, 2.7596834e-01 
4494, 2.1920028e-01, 1.4300381e-01, 5.7003978e-01 
4495, 9.8335641e-01, 6.7513172e-01, 1.3379777e-01 
4496, 7.6213150e-01, 5.7631329e-01, 4.0616464e-02 
4497, 9.7882244e-01, 1.9024602e-01, 3.4779122e-01 
4498, 4.4668212e-03, 3.3617640e-01, 7.4180163e-01 
4499, 2.4886609e-01, 9.8022629e-02, 8.0253053e-01 
4500, 3.5309789e-01, 5.4983384e-01, 7.0799049e-01 
4501, 6.8496262e-02, 8.5865996e-01, 3.6570890e-01 
4502, 5.7262006e-02, 6.4533070e-01, 2.7497729e-01 
4503, 2.6901965e-01, 3.9475085e-01, 6.2893518e-01 
4504, 9.1828511e-01, 9.2232107e-01, 4.4015057e-01 
4505, 5.8657715e-01, 9.6674889e-01, 5.0977227e-02 
4506, 1.1783137e-01, 5.8669413e-01, 9.5802361e-01 
4507, 3.0488447e-01, 2.0761591e-01, 4.8863560e-01 
4508, 1.1642874e-01, 2.2847428e-01, 7.7244911e-01 
4509, 4.7788966e-01, 4.7542011e-01, 6.2397892e-01 
4510, 4.9530046e-01, 5.1847084e-02, 5.2285564e-01 
4511, 8.5140476e-01, 6.5037285e-01, 8.4280229e-01 
4512, 1.8402294e-01, 9.6634731e-01, 4.0279590e-01 
4513, 4.7489899e-01, 8.1738799e-01, 6.9031752e-01 
4514, 5.1166341e-01, 3.3560489e-01, 8.9353607e-01 
4515, 6.3222497e-01, 1.4532540e-01, 5.7588166e-01 
4516, 9.3938677e-01, 1.3315511e-01, 6.1598767e-01 
4517, 2.5443558e-01, 2.3314899e-01, 8.8027064e-01 
4518, 8.7866418e-01, 6.5666434e-01, 2.2495841e-01 
4519, 7.4638910e-01, 1.4640232e-01, 5.1019488e-01 
4520, 8.5243881e-01, 3.6648013e-02, 2.7411863e-01 
4521, 7.7562899e-01, 9.1626662e-01, 3.8987745e-01 
4522, 2.5181124e-01, 6.6438887e-01, 6.5158295e-01 
4523, 8.1657640e-01, 3.3163912e-01, 9.0724780e-01 
4524, 3.2210294e-01, 4.7938742e-01, 7.3463718e-01 
4525, 5.5469978e-01, 4.1098801e-01, 3.3102804e-01 
4526, 1.3353338e-01, 2.7938461e-01, 9.4511129e-01 
4527, 5.0073767e-01, 9.3666513e-01, 6.4272854e-01 
4528, 1.8075196e-01, 3.2945432e-01, 1.1133420e-01 
4529, 1.3282768e-01, 9.4420986e-01, 4.3352520e-01 
4530, 6.4434070e-01, 3.3466406e-01, 7.7476515e-01 
4531, 2.9344483e-01, 9.1194414e-01, 4.3002232e-01 
4532, 3.3453788e-01, 7.6018404e-01, 5.4809272e-01 
4533, 6.6154709e-02, 3.7369476e-01, 3.5932170e-01 
4534, 2.1298872e-01, 1.7405626e-01, 6.2141131e-01 
4535, 7.4877952e-01, 5.8454521e-01, 2.8283075e-01 
4536, 4.9733056e-02, 8.8097781e-01, 6.7385191e-01 
4537, 6.4023497e-01, 1.1000616e-01, 3.1097803e-01 
4538, 6.4645423e-01, 5.7910770e-01, 6.5784200e-01 
4539, 1.2919230e-01, 8.5665957e-01, 1.1557175e-02 
4540, 8.6648731e-02, 8.4834138e-01, 6.8772230e-01 
4541, 4.0756291e-01, 5.8597638e-01, 7.9461047e-01 
4542, 8.7246587e-01, 8.5129603e-01, 1.4563201e-01 
4543, 1.9614512e-01, 6.0605223e-01, 4.2026771e-01 
4544, 1.0571632e-01, 9.9586617e-01, 8.2027331e-01 
4545, 2.9405610e-01, 9.6093524e-01, 1.5272399e-01 
4546, 2.0405103e-01, 1.3478891e-01, 7.6037735e-01 
4547, 1.8445319e-01, 6.0358509e-01, 5.0841152e-01 
4548, 7.1190362e-01, 8.2975021e-01, 4.6399867e-01 
4549, 4.0752824e-01, 8.9443412e-01, 7.0621216e-01 
4550, 2.1392080e-01, 7.9531169e-02, 3.7003745e-01 
4551, 6.0684585e-01, 3.3746437e-01, 2.2153249e-01 
4552, 7.8816773e-01, 8.2499758e-01, 6.4608473e-01 
4553, 9.7795689e-01, 8.0268209e-01, 8.0568414e-01 
4554, 3.9921023e-01, 9.9570264e-01, 4.7287415e-01 
4555, 2.6257432e-01, 9.3063877e-01, 7.3485486e-01 
4556, 2.5532070e-01, 5.8587051e-01, 6.6771681e-02 
4557, 1.7275206e-01, 4.3499709e-02, 4.0304371e-01 
4558, 7.1089495e-01, 4.3918447e-01, 6.1927548e-01 
4559, 8.5659165e-01, 5.2204768e-01, 7.7202809e-01 
4560, 5.7361160e-01, 5.7530702e-01, 1.5639043e-01 
4561, 8.6614964e-01, 1.6537580e-01, 7.1440732e-01 
4562, 3.2104573e-02, 8.3978698e-02, 2.2593914e-01 
4563, 5.1593725e-01, 4.5627462e-01, 2.9709565e-01 
4564, 2.6909351e-01, 4.3807209e-01, 2.7469053e-01 
4565, 9.9802523e-01, 2.4772420e-01, 5.7756650e-01 
4566, 7.6096504e-01, 9.4107476e-02, 7.6230622e-01 
4567, 7.6600629e-01, 6.2249766e-02, 5.5802391e-01 
4568, 6.0337459e-01, 8.8046460e-01, 4.2750345e-01 
4569, 3.2473339e-01, 7.6865256e-01, 6.7733964e-01 
4570, 7.6341885e-02, 4.7534574e-02, 9.1542758e-01 
4571, 9.8078561e-01, 8.1626421e-01, 4.9624508e-02 
4572, 3.0583372e-01, 7.9867420e-01, 5.4187164e-01 
4573, 1.1003826e-02, 9.9082131e-01, 6.7617907e-01 
4574, 6.7056581e-01, 5.1532138e-01, 6.5137791e-01 
4575, 3.1329812e-01, 5.1799037e-02, 9.7909755e-01 
4576, 8.6440325e-01, 5.9050645e-01, 8.1647997e-01 
4577, 7.4110192e-01, 6.0709212e-01, 3.8322546e-01 
4578, 3.4408862e-01, 7.8086301e-02, 2.1683208e-01 
4579, 9.3846141e-01, 4.9704363e-01, 4.4665296e-03 
4580, 1.4015368e-01, 6.9902119e-02, 5.6167127e-01 
4581, 6.7694688e-01, 3.4710374e-01, 7.3091742e-01 
4582, 2.7279843e-01, 9.9108132e-01, 4.3705331e-01 
4583, 1.7512376e-01, 7.9943880e-01, 8.0610411e-01 
4584, 8.6350821e-01, 3.3028287e-01, 1.5274203e-01 
4585, 4.6579519e-01, 3.3724639e-01, 5.8447459e-02 
4586, 8.3660725e-01, 6.5574728e-02, 8.9890755e-01 
4587, 5.1301939e-01, 4.3371095e-01, 2.0382294e-01 
4588, 4.6234293e-01, 9.6062488e-01, 1.4989892e-01 
4589, 8.6407596e-01, 2.0239185e-01, 7.5248303e-01 
4590, 7.5741915e-01, 5.2507601e-01, 9.5609011e-01 
4591, 8.8429542e-01, 6.2368297e-01, 6.9996668e-01 
4592, 7.3411970e-01, 5.8709727e-01, 7.6412465e-01 
4593, 5.5624848e-01, 6.7200555e-01, 6.2540157e-01 
4594, 8.1636399e-02, 8.4721005e-01, 1.3389004e-01 
4595, 3.3503875e-01, 3.4158902e-02, 4.0200534e-01 
4596, 4.4384182e-01, 4.9805061e-01, 5.8268814e-01 
4597, 1.2518792e-02, 8.4984755e-01, 6.8327708e-01 
4598, 7.0031972e-01, 2.6761648e-01, 6.1849819e-01 
4599, 3.8090075e-01, 7.7535208e-01, 5.5706159e-01 
4600, 9.5227587e-02, 2.6994374e-01, 6.6326337e-01 
4601, 6.6039959e-01, 7.6775409e-01, 6.7254610e-01 
4602, 8.2826223e-01, 4.7982068e-01, 3.6572037e-01 
4603, 7.5669208e-01, 5.9799214e-01, 9.3858125e-01 
4604, 2.4736625e-01, 2.1020247e-01, 3.9569232e-01 
4605, 6.0431368e-01, 6.3663423e-02, 4.6385886e-01 
4606, 3.0220503e-01, 2.4472334e-02, 6.7042423e-01 
4607, 3.3264314e-01, 9.0717108e-02, 4.1696408e-03 
4608, 7.6813194e-02, 8.5775964e-01, 9.4111242e-01 
4609, 3.1973675e-01, 5.2020270e-01, 9.9662989e-01 
4610, 3.1700756e-01, 5.0273023e-01, 5.3068360e-01 
4611, 1.9217123e-01, 3.0942040e-01, 5.9960401e-01 
4612, 4.4832270e-01, 5.4448713e-01, 8.7807108e-01 
4613, 7.1163051e-01, 6.4433767e-01, 3.9823965e-01 
4614, 2.0867761e-01, 5.7846278e-01, 8.0435875e-01 
4615, 5.2791371e-01, 8.4420580e-01, 2.5853841e-01 
4616, 8.5846327e-01, 9.4981065e-01, 4.2715670e-01 
4617, 1.6917297e-01, 9.6189508e-01, 7.4262083e-01 
4618, 2.4986715e-01, 5.2093094e-01, 5.7100229e-01 
4619, 7.3204456e-01, 6.0721354e-02, 9.0856920e-01 
4620, 4.4296158e-02, 2.9163649e-01, 8.3929972e-01 
4621, 2.3498617e-01, 8.1996624e-01, 3.1475883e-01 
4622, 2.1503806e-02, 2.2950411e-01, 3.1919431e-01 
4623, 6.6917114e-01, 2.8870569e-01, 4.2999003e-02 
4624, 5.0520763e-01, 3.6488413e-01, 7.9964634e-01 
4625, 4.8903184e-01, 7.5419319e-01, 1.6282203e-01 
4626, 9.2903545e-01, 4.8726476e-01, 1.6352739e-01 
4627, 9.6387797e-01, 4.3560707e-01, 6.2252330e-01 
4628, 4.6557679e-01, 8.6457933e-01, 6.2343035e-01 
4629, 2.9836289e-01, 2.9423614e-01, 7.7649669e-02 
4630, 8.4778415e-01, 7.2477296e-01, 9.7851409e-01 
4631, 6.1574547e-01, 5.0484090e-01, 9.9187705e-01 
4632, 8.7794337e-01, 2.7988262e-01, 1.6137135e-01 
4633, 4.9396728e-01, 1.7915589e-01, 6.1853875e-01 
4634, 6.7816644e-01, 8.8374207e-01, 2.9963329e-01 
4635, 5.9343046e-01, 6.5352344e-01, 6.0176081e-01 
4636, 4.5054673e-01, 8.2543995e-01, 5.4398056e-01 
4637, 3.3272940e-02, 4.1518603e-01, 6.9820955e-01 
4638, 6.5955953e-01, 5.5881836e-01, 9.1781385e-01 
4639, 1.7323425e-01, 6.6956618e-01, 6.1588468e-01 
4640, 7.4341645e-01, 4.2656244e-01, 6.0164281e-01 
4641, 1.3210925e-01, 9.4106749e-01, 4.9668809e-01 
4642, 8.6857568e-01, 7.0731490e-01, 8.4490217e-01 
4643, 1.1810766e-01, 6.3582600e-01, 3.6015109e-01 
4644, 6.6477615e-01, 3.2632147e-01, 1.1279380e-01 
4645, 9.1837326e-01, 6.2008015e-01, 5.6151034e-01 
4646, 7.3965651e-01, 2.3745755e-01, 2.0783811e-01 
4647, 4.6760260e-01, 4.8327523e-01, 8.0189227e-01 
4648, 5.1268718e-01, 9.9787993e-01, 1.8034605e-01 
4649, 8.9614328e-01, 5.0812459e-01, 5.5163503e-01 
4650, 4.6989507e-01, 8.6248944e-01, 1.8424020e-01 
4651, 4.0070077e-01, 3.5889205e-01, 8.0066481e-02 
4652, 9.2068318e-01, 1.0911511e-01, 2.8511344e-01 
4653, 4.6001289e-01, 3.8822225e-02, 8.1951906e-01 
4654, 5.2055591e-01, 5.1403461e-01, 3.7591837e-01 
4655, 9.7150178e-01, 6.4171173e-01, 7.8983493e-01 
4656, 5.9500555e-02, 7.8518691e-02, 8.8435619e-01 
4657, 6.4545955e-01, 2.4417847e-01, 9.8154957e-01 
4658, 1.0261953e-01, 8.7365197e-01, 2.1011363e-01 
4659, 3.5769159e-01, 5.5240670e-01, 3.2769447e-01 
4660, 9.7161833e-01, 2.8380794e-01, 3.5897011e-01 
4661, 3.5085254e-01, 8.6624425e-01, 4.0519561e-03 
4662, 8.7032087e-01, 6.1365890e-02, 6.1807918e-01 
4663, 9.6410053e-01, 6.9331599e-03, 6.4567813e-01 
4664, 8.7607898e-01, 2.7164586e-01, 5.5856632e-01 
4665, 7.9213202e-01, 9.1533860e-01, 1.8868862e-01 
4666, 2.6454936e-01, 9.3337204e-01, 5.4437128e-01 
4667, 4.9020779e-01, 9.2549894e-01, 5.7077609e-03 
4668, 6.6734987e-01, 5.8342435e-01, 4.6009173e-01 
4669, 2.4463939e-01, 7.6168688e-01, 1.2211205e-01 
4670, 8.4534502e-02, 2.0868916e-01, 5.5039249e-01 
4671, 7.9793814e-01, 2.5772785e-01, 3.2613650e-01 
4672, 6.9391165e-01, 9.8370345e-01, 6.7089968e-01 
4673, 8.0309905e-01, 9.9866701e-01, 3.2390053e-01 
4674, 7.3441832e-01, 4.4582527e-01, 1.6339661e-01 
4675, 5.8408733e-01, 5.0559581e-01, 8.6252389e-01 
4676, 6.3141973e-01, 5.3569337e-01, 2.7956363e-01 
4677, 2.9598955e-01, 2.9710536e-01, 3.3316944e-01 
4678, 8.6679558e-01, 9.9340733e-01, 5.9281865e-02 
4679, 8.9464813e-01, 5.8477315e-01, 4.9791771e-01 
4680, 4.5523917e-01, 8.5451841e-02, 3.2216692e-01 
4681, 6.6023076e-01, 8.8500462e-01, 9.2159874e-01 
4682, 7.3723854e-01, 7.9654610e-01, 9.7831248e-01 
4683, 6.8250378e-01, 1.8052175e-01, 5.9559871e-01 
4684, 2.0093744e-01, 3.0725967e-01, 7.1970735e-01 
4685, 7.8671497e-01, 6.2994193e-01, 1.8051312e-01 
4686, 3.9994407e-01, 6.1027052e-01, 9.6100389e-01 
4687, 4.0689197e-01, 7.9883864e-01, 5.5041065e-04 
4688, 9.5387341e-01, 4.1081358e-01, 1.4619492e-01 
4689, 6.4994842e-01, 2.6381185e-01, 7.4662366e-01 
4690, 4.1778872e-01, 8.7401459e-01, 3.9797797e-01 
4691, 2.0198668e-01, 5.3108929e-01, 7.6341740e-01 
4692, 8.3194483e-01, 2.9152239e-02, 8.7810868e-01 
4693, 8.8499004e-02, 6.9454700e-01, 8.9530212e-01 
4694, 8.4956422e-01, 8.0281526e-01, 3.8197636e-01 
4695, 1.5647675e-01, 9.1447190e-01, 2.6020262e-01 
4696, 2.7233991e-01, 2.5396981e-01, 6.1178556e-01 
4697, 2.9587096e-01, 2.1236807e-01, 6.0250772e-01 
4698, 5.0225300e-01, 5.3041346e-01, 2.8759028e-01 
4699, 3.4692188e-01, 4.6300451e-01, 1.4902957e-01 
4700, 1.7575249e-01, 9.2117143e-02, 4.6291454e-01 
4701, 5.2364253e-01, 7.5387635e-01, 4.4713543e-01 
4702, 9.8248066e-01, 7.0718657e-01, 5.4742267e-01 
4703, 6.8873955e-01, 1.4205331e-01, 1.5389103e-01 
4704, 2.9622902e-01, 8.3160131e-01, 4.2228284e-02 
4705, 3.7445224e-01, 8.4875914e-01, 5.9181344e-01 
4706, 6.1656590e-01, 2.8771432e-02, 4.5445086e-01 
4707, 3.0237953e-01, 6.2812179e-02, 5.4868125e-01 
4708, 3.0750575e-01, 3.7658905e-01, 4.3544285e-01 
4709, 6.2138196e-01, 6.3414266e-02, 6.3829145e-01 
4710, 6.1477812e-01, 3.6448100e-02, 2.8697529e-01 
4711, 1.8926854e-02, 3.3388446e-01, 4.7606357e-01 
4712, 2.3979538e-02, 1.2683491e-01, 5.6777043e-01 
4713, 4.2208374e-01, 3.4952249e-01, 1.6918111e-01 
4714, 8.3547242e-01, 3.3552253e-01, 7.5817617e-01 
4715, 9.9408092e-02, 7.1593337e-01, 6.3591979e-01 
4716, 7.9319306e-01, 3.5753250e-01, 5.8174895e-01 
4717, 2.7749000e-01, 6.9416243e-01, 7.9757813e-01 
4718, 6.9442362e-01, 3.0892409e-01, 5.5115902e-01 
4719, 6.5573517e-01, 7.4911234e-01, 4.3493556e-01 
4720, 4.5395194e-01, 2.5338094e-02, 9.1839805e-02 
4721, 1.2957350e-01, 1.6894379e-01, 4.7965892e-01 
4722, 3.6028753e-01, 7.5471564e-01, 8.0305609e-01 
4723, 1.3531014e-01, 8.7527700e-01, 6.4052180e-01 
4724, 9.1638815e-01, 7.5325008e-01, 6.8663956e-01 
4725, 3.4382306e-01, 7.9447546e-03, 2.2323284e-02 
4726, 4.1463695e-01, 9.7948226e-01, 7.9739269e-01 
4727, 2.3072297e-01, 7.8266162e-01, 9.3158510e-02 
4728, 7.2574357e-01, 7.3544898e-01, 8.4445085e-01 
4729, 1.4416325e-02, 6.5824016e-01, 5.8313813e-01 
4730, 4.8216607e-02, 6.2380987e-01, 9.4086122e-01 
4731, 6.4673086e-01, 1.6515806e-01, 4.2261746e-01 
4732, 3.5339071e-01, 2.7408290e-01, 4.7193776e-01 
4733, 7.7335598e-01, 6.4048405e-01, 6.3031413e-01 
4734, 9.6589169e-01, 3.1237531e-01, 1.5890483e-01 
4735, 8.6829432e-01, 5.2183639e-01, 8.7621610e-01 
4736, 2.1746232e-01, 3.4492105e-01, 3.1567867e-01 
4737, 5.9494058e-01, 6.2042731e-01, 2.9084627e-02 
4738, 5.7276860e-01, 4.5219859e-02, 8.8488307e-01 
4739, 8.8396893e-01, 3.5529514e-01, 8.7555161e-01 
4740, 6.3343448e-01, 6.3127626e-01, 8.5930089e-01 
4741, 2.7394596e-01, 8.5689654e-01, 5.7297148e-01 
4742, 8.5246329e-01, 6.6921615e-01, 8.8493670e-02 
4743, 8.9010698e-01, 7.3166029e-01, 5.4093449e-01 
4744, 5.8312405e-01, 5.3873763e-01, 6.8204414e-01 
4745, 8.3698710e-01, 9.0040176e-01, 9.5302981e-01 
4746, 2.2881568e-01, 6.8972484e-01, 9.2799466e-01 
4747, 1.6650564e-01, 7.0916529e-01, 4.2848852e-01 
4748, 4.9504128e-01, 5.8443000e-01, 1.2654862e-02 
4749, 2.5529645e-01, 7.7928488e-01, 5.3966709e-01 
4750, 1.2302723e-01, 8.9720762e-01, 4.1384377e-01 
4751, 3.3227403e-01, 8.4139053e-01, 6.8441937e-02 
4752, 1.6689517e-01, 5.9746112e-01, 6.9823316e-01 
4753, 1.3741473e-01, 6.0027240e-01, 8.2308874e-01 
4754, 2.5191359e-01, 5.7291030e-02, 2.8523158e-01 
4755, 9.6554196e-01, 3.4578645e-01, 5.2761853e-01 
4756, 3.8683722e-01, 4.5764184e-01, 7.3049217e-01 
4757, 4.4606334e-01, 4.7322867e-01, 8.2066429e-01 
4758, 7.7599325e-01, 4.9739358e-01, 8.7170045e-01 
4759, 9.5801884e-01, 5.7416933e-01, 2.7609532e-01 
4760, 1.0280244e-01, 4.5234046e-01, 5.3671919e-01 
4761, 9.8670216e-01, 7.6197754e-01, 7.9139999e-01 
4762, 7.6292969e-01, 1.0948768e-01, 9.5798073e-01 
4763, 2.4136897e-01, 6.3935480e-01, 4.1018170e-01 
4764, 5.9657817e-01, 1.6313057e-01, 3.6821476e-01 
4765, 2.4776023e-01, 6.5367734e-01, 1.4601115e-05 
4766, 7.7428936e-01, 8.9718816e-01, 2.9717120e-01 
4767, 4.8028471e-02, 4.7370528e-01, 3.2486116e-01 
4768, 5.5895482e-01, 9.5762330e-01, 5.4282986e-01 
4769, 5.6042201e-01, 4.9302852e-02, 7.1665285e-01 
4770, 7.5371339e-01, 9.6322862e-01, 1.0861299e-02 
4771, 4.3001011e-01, 1.1351638e-01, 9.0254818e-01 
4772, 6.6693152e-01, 5.3184900e-01, 1.8892385e-01 
4773, 8.6161638e-01, 5.5032715e-01, 3.1414188e-01 
4774, 4.5122457e-01, 3.3395216e-01, 2.9351403e-01 
4775, 9.4587929e-01, 3.8833638e-02, 7.4512576e-01 
4776, 2.4765088e-01, 6.0162765e-01, 8.1275829e-01 
4777, 9.6769937e-01, 5.6283560e-01, 4.6380917e-01 
4778, 6.8163915e-02, 9.6781945e-01, 6.1347527e-01 
4779, 4.1729369e-01, 6.2496052e-01, 1.2460201e-01 
4780, 4.0968403e-01, 9.5548646e-01, 3.1821978e-01 
4781, 9.2603544e-01, 2.7532091e-01, 2.8051398e-01 
4782, 3.6263480e-01, 1.0242930e-01, 8.1721818e-01 
4783, 8.7064268e-01, 8.3528380e-01, 6.3579212e-01 
4784, 8.4225657e-01, 3.3843783e-01, 6.4703404e-01 
4785, 9.3019579e-01, 8.0761792e-01, 7.8729329e-01 
4786, 6.8092324e-01, 6.4320549e-01, 6.6870998e-01 
4787, 7.9539295e-02, 7.5264909e-01, 3.2334740e-01 
4788, 4.1159460e-01, 5.4114926e-01, 9.9662181e-01 
4789, 1.5306272e-01, 7.4086553e-01, 7.1929356e-01 
4790, 5.5702272e-01, 8.2225004e-01, 9.4328533e-01 
4791, 2.6160492e-01, 3.6307680e-01, 8.8554991e-01 
4792, 8.9106061e-01, 9.4128380e-01, 3.2752359e-01 
4793, 1.8967074e-01, 4.7289813e-01, 4.0005205e-01 
4794, 3.0313037e-01, 3.3721083e-01, 9.3503826e-01 
4795, 1.9825383e-01, 2.3616162e-01, 5.4481797e-02 
4796, 8.7089280e-01, 4.5590171e-01, 6.1808937e-01 
4797, 7.3725855e-01, 6.0138797e-01, 2.2678339e-01 
4798, 8.8086826e-02, 2.0143820e-01, 8.3615140e-01 
4799, 5.6916054e-01, 1.7437374e-01, 5.2805818e-01 
4800, 7.1997036e-01, 1.2173318e-01, 3.9767365e-01 
4801, 5.5465617e-03, 9.8786384e-02, 9.3971123e-01 
4802, 3.4432879e-01, 2.3401837e-01, 3.7506416e-01 
4803, 5.8260518e-01, 5.3329099e-03, 9.4676487e-02 
4804, 7.7882522e-01, 9.4805789e-01, 5.7753533e-01 
4805, 6.4849646e-01, 9.2341885e-01, 6.9276271e-01 
4806, 7.2856612e-01, 9.7000239e-01, 6.3365741e-01 
4807, 8.5589130e-01, 6.8995970e-01, 5.7946865e-01 
4808, 4.0290090e-01, 4.4287397e-01, 1.9782072e-01 
4809, 3.0337681e-01, 3.3018695e-02, 2.0069999e-01 
4810, 4.4324690e-01, 3.7679208e-01, 9.6706841e-01 
4811, 7.2110575e-01, 9.3610294e-01, 5.8703505e-01 
4812, 2.6829413e-01, 2.9901345e-01, 4.8312123e-01 
4813, 3.5303985e-01, 7.4650179e-01, 8.8640531e-01 
4814, 9.1970629e-01, 3.7103614e-01, 5.2296846e-01 
4815, 8.3900715e-01, 7.8024887e-01, 8.6350075e-01 
4816, 2.1463608e-01, 2.2570172e-01, 9.2369198e-01 
4817, 8.5231840e-01, 2.2601043e-01, 8.6715237e-01 
4818, 1.4991971e-01, 4.7755344e-02, 7.5376068e-01 
4819, 8.3025061e-01, 3.6083966e-01, 7.8426689e-01 
4820, 4.7795870e-02, 4.6773124e-01, 1.7245879e-01 
4821, 6.1389043e-01, 8.5900261e-01, 6.1820680e-01 
4822, 2.0968696e-01, 4.6312249e-01, 5.0155861e-01 
4823, 8.4975139e-01, 1.1229051e-01, 7.8836818e-01 
4824, 9.4761230e-01, 2.5742621e-01, 8.9443329e-01 
4825, 8.0628589e-01, 7.7848928e-01, 7.3172794e-01 
4826, 6.7325228e-01, 6.9455321e-01, 2.8336197e-01 
4827, 8.1176966e-01, 1.2826643e-01, 4.8693485e-02 
4828, 8.6392830e-01, 8.3105388e-01, 4.6135004e-01 
4829, 3.1295461e-01, 9.7607752e-01, 8.9832283e-01 
4830, 2.2921592e-01, 7.3451646e-01, 6.7194051e-01 
4831, 7.1169128e-01, 4.1672251e-01, 1.6958858e-01 
4832, 7.7783400e-01, 3.1680262e-02, 8.4655898e-01 
4833, 9.8060652e-01, 9.9767038e-01, 7.3024700e-01 
4834, 3.8905875e-01, 6.2084886e-01, 1.0133815e-02 
4835, 7.0551292e-01, 3.3589530e-01, 7.4095300e-01 
4836, 4.0026043e-01, 1.9291535e-01, 8.6654455e-01 
4837, 9.4722035e-01, 8.6385516e-01, 7.4129130e-01 
4838, 8.3653682e-01, 3.2532268e-01, 4.1203168e-01 
4839, 8.9656665e-01, 8.4056743e-01, 7.0409850e-01 
4840, 8.4983696e-01, 2.0673121e-01, 1.3988103e-01 
4841, 8.2628079e-01, 4.1927576e-01, 5.1304985e-02 
4842, 3.2310480e-01, 7.9648117e-01, 8.0703164e-01 
4843, 9.0065585e-01, 5.4593862e-01, 8.3050545e-01 
4844, 6.2628352e-01, 8.7451592e-01, 4.7195599e-01 
4845, 1.6835215e-01, 7.8957243e-01, 3.5615865e-02 
4846, 1.1991888e-01, 8.5783066e-01, 7.3019924e-01 
4847, 1.0486219e-01, 5.6895564e-01, 6.6498688e-01 
4848, 8.0043892e-01, 9.8289004e-01, 6.5689766e-01 
4849, 2.5163723e-01, 9.2493116e-01, 3.0484729e-01 
4850, 4.0512819e-01, 4.2227755e-01, 8.7743313e-01 
4851, 1.6010551e-01, 2.7702618e-02, 5.9176123e-01 
4852, 4.1769229e-01, 9.2319431e-01, 3.1257445e-01 
4853, 6.8604272e-01, 5.4242042e-02, 6.5285612e-01 
4854, 8.1484593e-01, 1.5642633e-01, 3.3625405e-01 
4855, 8.5434879e-01, 1.2455526e-01, 5.8210056e-01 
4856, 1.8806335e-01, 2.1891434e-01, 3.5273846e-01 
4857, 3.4073357e-01, 7.7999457e-01, 2.4969354e-01 
4858, 6.2481924e-02, 3.3463572e-01, 4.3198634e-01 
4859, 4.0923577e-01, 2.6695294e-01, 3.3454147e-02 
4860, 2.5417689e-02, 2.5046251e-01, 7.6256793e-01 
4861, 2.9187558e-01, 8.6792709e-01, 1.0399332e-01 
4862, 7.2089566e-01, 1.0823742e-01, 8.3272136e-01 
4863, 3.3729039e-01, 4.6307712e-01, 4.1791286e-01 
4864, 2.6547118e-01, 6.7476634e-01, 3.8588337e-01 
4865, 7.7011853e-01, 4.1367672e-01, 6.3028546e-01 
4866, 6.1845087e-01, 4.4612411e-01, 6.4294914e-01 
4867, 2.1834832e-01, 4.0427818e-01, 1.2401601e-02 
4868, 1.4484384e-01, 5.8490274e-01, 1.2718158e-01 
4869, 8.7373101e-01, 8.1730226e-01, 3.9633621e-01 
4870, 9.2788239e-01, 5.4827878e-01, 3.4202385e-01 
4871, 9.5296133e-01, 7.3467435e-01, 4.6661895e-01 
4872, 5.4914968e-01, 4.7491356e-01, 1.4209306e-01 
4873, 1.6330386e-01, 7.4177192e-01, 8.5609837e-01 
4874, 1.8497412e-01, 3.9833518e-01, 6.1246072e-01 
4875, 9.8757703e-01, 6.6392656e-01, 7.3655553e-01 
4876, 2.7765878e-01, 7.6769954e-01, 4.6305789e-01 
4877, 3.7832862e-01, 8.2977058e-01, 3.2000846e-01 
4878, 7.8947868e-01, 7.8368482e-01, 6.0111355e-01 
4879, 9.5433098e-02, 2.3486659e-01, 2.5513587e-01 
4880, 2.1005904e-01, 6.3645632e-01, 3.3625945e-01 
4881, 6.6632809e-01, 1.7007629e-01, 5.1320169e-01 
4882, 9.2720367e-01, 5.6075194e-01, 1.7157539e-01 
4883, 5.3478666e-01, 1.6415559e-01, 9.8727688e-01 
4884, 6.6587606e-01, 3.4533995e-01, 2.2085819e-01 
4885, 6.4522633e-02, 5.7723406e-01, 7.9991968e-01 
4886, 7.1780624e-01, 8.8028937e-01, 7.6409757e-01 
4887, 6.0480927e-01, 2.1646595e-01, 2.7017563e-01 
4888, 4.7226904e-01, 5.3158580e-01, 4.8353903e-01 
4889, 1.4756488e-01, 2.4397114e-01, 3.3608246e-01 
4890, 4.0894306e-02, 2.9961796e-01, 1.6943979e-01 
4891, 4.7501593e-01, 3.6656845e-01, 2.3004987e-01 
4892, 4.2705840e-01, 3.6556662e-02, 5.2312781e-01 
4893, 8.6523660e-01, 4.8492003e-01, 5.6510555e-01 
4894, 3.1968519e-01, 8.8775534e-02, 5.1436739e-01 
4895, 3.0177294e-01, 1.7298017e-01, 4.9190585e-01 
4896, 6.9759229e-02, 3.4522124e-01, 9.7399822e-01 
4897, 1.8255372e-01, 1.7554498e-01, 8.3271301e-01 
4898, 2.7882384e-01, 1.9470382e-01, 1.3019042e-01 
4899, 7.9899023e-01, 4.9124430e-01, 1.7657291e-02 
4900, 7.8580015e-01, 6.6828332e-01, 5.4099526e-01 
4901, 9.2022910e-01, 3.7622145e-01, 3.6129525e-01 
4902, 4.7226321e-01, 2.2879374e-02, 1.9996248e-02 
4903, 8.9521037e-01, 9.6354786e-01, 3.7726150e-01 
4904, 7.3563460e-01, 5.0438397e-01, 1.8565239e-01 
4905, 6.9230443e-01, 8.6845982e-01, 5.8005648e-01 
4906, 9.9669465e-01, 6.6063672e-01, 3.1468101e-01 
4907, 8.9973700e-01, 4.2325462e-01, 9.2755699e-01 
4908, 4.1832348e-01, 6.2777482e-01, 7.6870772e-01 
4909, 7.4649130e-01, 3.2146953e-01, 6.9547538e-01 
4910, 9.0947513e-01, 7.8849325e-01, 5.8140720e-01 
4911, 3.0817286e-01, 9.0463281e-01, 3.1296527e-01 
4912, 4.4375342e-01, 8.5164885e-01, 3.6912811e-01 
4913, 3.3773163e-01, 9.5150315e-01, 3.5439193e-01 
4914, 9.6232927e-01, 1.9282826e-01, 8.1505210e-01 
4915, 9.9225249e-01, 5.9801440e-01, 6.7696784e-01 
4916, 2.0682636e-01, 6.6212480e-01, 5.7007399e-01 
4917, 3.9367461e-01, 8.3311524e-01, 2.9180493e-01 
4918, 4.5545604e-02, 3.0667139e-01, 9.7100369e-01 
4919, 8.4428100e-01, 5.4419507e-01, 2.1610924e-01 
4920, 7.9433311e-01, 9.4951838e-01, 4.2603390e-01 
4921, 6.9898482e-01, 4.0116750e-01, 5.9632598e-01 
4922, 4.5753988e-01, 5.4091543e-01, 4.4254282e-02 
4923, 1.9666769e-01, 9.0106417e-01, 2.5839278e-03 
4924, 5.4930692e-01, 9.2195751e-01, 6.5383299e-01 
4925, 4.2299887e-01, 6.3039883e-01, 9.4370203e-01 
4926, 2.1186543e-03, 9.7534705e-01, 3.5900037e-01 
4927, 7.7901224e-01, 7.4560655e-01, 2.3867630e-01 
4928, 4.4351583e-01, 3.0513852e-01, 8.4018830e-01 
4929, 3.4722514e-01, 8.4869985e-01, 4.4915166e-01 
4930, 1.0643073e-01, 2.5790919e-02, 4.8758758e-01 
4931, 8.3582168e-01, 8.2843758e-01, 5.0994429e-01 
4932, 3.2418540e-01, 3.6318461e-01, 2.7309961e-01 
4933, 9.6783286e-01, 1.0708408e-01, 3.9262944e-01 
4934, 1.6551752e-01, 4.8202212e-01, 8.8876888e-01 
4935, 7.9578587e-01, 1.9134102e-01, 5.7905971e-01 
4936, 3.4559195e-01, 8.2290556e-02, 8.4577020e-01 
4937, 5.9987320e-01, 9.4691798e-01, 2.8142457e-01 
4938, 4.1680317e-01, 5.9922604e-01, 7.4285584e-01 
4939, 5.7959582e-01, 2.4035713e-01, 1.4475170e-01 
4940, 3.0373640e-01, 1.0778309e-01, 1.2279685e-01 
4941, 6.9256087e-01, 9.2605949e-01, 5.6603697e-01 
4942, 6.2890891e-01, 5.8109402e-01, 2.2155143e-01 
4943, 7.9552232e-01, 4.4530427e-01, 1.4135159e-01 
4944, 2.1823954e-01, 3.3763078e-01, 8.2238321e-01 
4945, 4.9749962e-01, 4.3203964e-01, 8.5130170e-01 
4946, 5.2866870e-01, 3.8967852e-01, 9.3449620e-02 
4947, 2.5851478e-01, 5.9076712e-01, 7.1924689e-01 
4948, 1.8704721e-01, 2.2920089e-01, 4.5163129e-01 
4949, 7.4056088e-01, 1.3249074e-01, 5.4160629e-03 
4950, 6.8051829e-01, 7.4616831e-01, 6.2752312e-01 
4951, 6.2151499e-01, 9.0387897e-01, 2.1469115e-01 
4952, 2.8001079e-01, 1.1194968e-01, 6.3075299e-01 
4953, 5.8321834e-01, 3.8095014e-01, 7.8848154e-01 
4954, 8.9382185e-01, 6.1608747e-01, 1.8253330e-01 
4955, 3.8868323e-02, 3.6136443e-01, 2.1842442e-01 
4956, 1.6457314e-01, 8.8595757e-01, 1.4405765e-01 
4957, 2.0549293e-01, 7.3618828e-01, 9.7536133e-01 
4958, 2.2765670e-01, 7.5546318e-01, 2.6599726e-02 
4959, 5.2533825e-01, 8.9917314e-01, 3.1788307e-01 
4960, 7.0897203e-02, 1.5390008e-02, 9.0085504e-01 
4961, 3.2774884e-01, 9.8153191e-01, 3.1066648e-01 
4962, 3.0373106e-01, 5.3765538e-01, 8.0935290e-01 
4963, 7.5567596e-01, 6.2517224e-01, 8.1302839e-01 
4964, 6.1325307e-01, 4.9789817e-01, 4.8829312e-01 
4965, 1.2627718e-01, 2.4284506e-01, 5.8579223e-01 
4966, 1.0855521e-01, 5.1076569e-01, 6.2733205e-01 
4967, 4.4275755e-01, 4.4345055e-01, 5.1671398e-01 
4968, 9.6914640e-01, 6.0613080e-01, 2.4806492e-01 
4969, 8.1007095e-01, 8.5022127e-01, 4.7657545e-01 
4970, 2.8376700e-01, 1.0259774e-01, 8.5456128e-01 
4971, 8.2693654e-02, 4.1858314e-01, 5.0199815e-01 
4972, 8.9238921e-01, 6.3543288e-01, 3.8581778e-01 
4973, 9.8350544e-01, 9.3799548e-01, 2.8335459e-01 
4974, 5.8911022e-01, 2.5429488e-01, 4.4707505e-01 
4975, 1.2151771e-01, 2.4494988e-01, 8.8842477e-01 
4976, 5.7201610e-02, 6.7909567e-01, 4.6903310e-01 
4977, 5.3210386e-01, 7.9794286e-01, 7.6886055e-01 
4978, 4.6699827e-01, 8.5941444e-01, 8.9212634e-01 
4979, 6.2685490e-01, 1.9986932e-01, 5.8556673e-02 
4980, 5.1785665e-01, 3.1420706e-01, 8.6938987e-01 
4981, 9.1552342e-01, 3.2204908e-01, 5.2182743e-02 
4982, 4.9102350e-01, 2.8409966e-01, 7.6305486e-01 
4983, 1.5181768e-02, 9.5453999e-01, 7.0319140e-01 
4984, 3.9251869e-01, 9.6770383e-01, 8.6834568e-01 
4985, 6.3942723e-01, 1.8620499e-03, 8.7473528e-01 
4986, 9.9090362e-01, 3.3844715e-01, 9.7646035e-01 
4987, 8.3347839e-01, 9.0498977e-01, 4.5917608e-01 
4988, 6.2717940e-02, 2.0443697e-01, 8.8849491e-01 
4989, 6.0392956e-01, 1.3552960e-01, 3.8603290e-03 
4990, 8.1302244e-03, 3.3867139e-01, 6.9798660e-01 
4991, 5.6466717e-01, 3.4730724e-01, 5.9919816e-01 
4992, 9.0321936e-01, 2.6122778e-01, 6.2948536e-01 
4993, 3.3549223e-01, 2.0695119e-01, 1.5944801e-01 
4994, 5.5138266e-01, 8.6633309e-01, 1.4998235e-01 
4995, 4.0955694e-01, 2.0402373e-01, 3.6973967e-01 
4996, 7.0622884e-01, 5.9944614e-01, 9.3666129e-01 
4997, 7.3389855e-01, 8.3342504e-01, 5.3457404e-01 
4998, 7.5038295e-01, 7.8252369e-01, 7.4566337e-02 
4999, 8.2163325e-01, 5.3780294e-01, 3.3005961e-01 
5000, 8.6351718e-01, 5.1096706e-01, 1.8979463e-01 
5001, 2.6069338e-01, 6.0675682e-01, 1.0000000e+00 
5002, 2.6069338e-01, 6.0675682e-01, 0.0000000e+00 
5003, 8.2562229e-01, 3.1857536e-01, 0.0000000e+00 
5004, 8.2562229e-01, 3.1857536e-01, 1.0000000e+00 
5005, 0.0000000e+00, 1.3189894e-01, 3.2774697e-01 
5006, 1.0000000e+00, 1.3189894e-01, 3.2774697e-01 
5007, 0.0000000e+00, 9.2363817e-01, 7.2601636e-02 
5008, 1.0000000e+00, 9.2363817e-01, 7.2601636e-02 
5009, 8.1606560e-01, 0.0000000e+00, 7.9891059e-01 
5010, 8.1606560e-01, 1.0000000e+00, 7.9891059e-01 
5011, 6.6111336e-01, 3.9203048e-01, 1.0000000e+00 
5012, 6.6111336e-01, 3.9203048e-01, 0.0000000e+00 
5013, 1.0000000e+00, 8.2388112e-01, 7.2991722e-01 
5014, 0.0000000e+00, 8.2388112e-01, 7.2991722e-01 
5015, 1.0000000e+00, 9.3941284e-02, 9.6482718e-01 
5016, 0.0000000e+00, 9.3941284e-02, 9.6482718e-01 
5017, 8.3240213e-01, 0.0000000e+00, 8.8356105e-01 
5018, 8.3240213e-01, 1.0000000e+00, 8.8356105e-01 
5019, 7.0402698e-01, 3.6444925e-01, 1.0000000e+00 
5020, 7.0402698e-01, 3.6444925e-01, 0.0000000e+00 
5021, 3.6230825e-01, 3.7992622e-01, 1.0000000e+00 
5022, 3.6230825e-01, 3.7992622e-01, 0.0000000e+00 
5023, 6.0739675e-02, 4.3380133e-02, 1.0000000e+00 
5024, 1.0000000e+00, 2.0498552e-02, 2.6440842e-02 
5025, 2.7463617e-01, 2.1939897e-01, 0.0000000e+00 
5026, 2.7463617e-01, 2.1939897e-01, 1.0000000e+00 
5027, 8.1720101e-01, 2.7734814e-02, 0.0000000e+00 
5028, 8.3053007e-01, 1.0000000e+00, 9.3943580e-01 
5029, 0.0000000e+00, 1.5548830e-01, 2.1717172e-01 
5030, 1.0000000e+00, 1.5548830e-01, 2.1717172e-01 
5031, 0.0000000e+00, 9.3417819e-02, 9.7212936e-01 
5032, 1.0000000e+00, 9.3417819e-02, 9.7212936e-01 
5033, 6.6941891e-01, 2.7361265e-01, 0.0000000e+00 
5034, 6.6941891e-01, 2.7361265e-01, 1.0000000e+00 
5035, 7.0162573e-01, 6.7283530e-01, 0.0000000e+00 
5036, 7.0162573e-01, 6.7283530e-01, 1.0000000e+00 
5037, 3.6465800e-02, 1.0000000e+00, 3.6009838e-01 
5038, 3.6465800e-02, 0.0000000e+00, 3.6009838e-01 
5039, 1.6757157e-02, 1.0000000e+00, 9.0328706e-01 
5040, 1.6757157e-02, 0.0000000e+00, 9.0328706e-01 
5041, 2.2787213e-01, 9.3573111e-01, 1.7347235e-18 
5042, 2.2787213e-01, 9.3573111e-01, 1.0000000e+00 
5043, 8.5471110e-02, 0.0000000e+00, 3.0636991e-01 
5044, 8.5471110e-02, 1.0000000e+00, 3.0636991e-01 
5045, 4.1720148e-01, 0.0000000e+00, 6.2772720e-01 
5046, 4.1720148e-01, 1.0000000e+00, 6.2772720e-01 
5047, 6.7035375e-01, 2.5095658e-01, 1.0000000e+00 
5048, 6.7035375e-01, 2.5095658e-01, 0.0000000e+00 
5049, 1.0000000e+00, 8.8128260e-02, 9.0568108e-01 
5050, 0.0000000e+00, 8.8128260e-02, 9.0568108e-01 
5051, 6.1945560e-01, 7.7770842e-01, 1.0000000e+00 
5052, 6.1945560e-01, 7.7770842e-01, 0.0000000e+00 
5053, 0.0000000e+00, 6.4142925e-01, 7.8109086e-02 
5054, 1.0000000e+00, 6.4142925e-01, 7.8109086e-02 
5055, 0.0000000e+00, 5.1364579e-01, 3.6272603e-01 
5056, 1.0000000e+00, 5.1364579e-01, 3.6272603e-01 
5057, 2.8579385e-01, 2.2344197e-01, 1.0000000e+00 
5058, 2.8579385e-01, 2.2344197e-01, 0.0000000e+00 
5059, 3.5762075e-01, 3.8795276e-01, 1.0000000e+00 
5060, 3.5762075e-01, 3.8795276e-01, 0.0000000e+00 
5061, 0.0000000e+00, 6.8115094e-01, 1.5950940e-01 
5062, 1.0000000e+00, 6.8115094e-01, 1.5950940e-01 
5063, 1.0000000e+00, 2.7433924e-01, 9.9438605e-01 
5064, 1.2180747e-02, 2.7100401e-01, 0.0000000e+00 
5065, 0.0000000e+00, 6.9661770e-01, 8.7633012e-01 
5066, 1.0000000e+00, 6.9661770e-01, 8.7633012e-01 
5067, 0.0000000e+00, 7.3943424e-01, 9.2464003e-01 
5068, 1.0000000e+00, 7.3943424e-01, 9.2464003e-01 
5069, 6.2313653e-01, 1.0000000e+00, 9.4578924e-01 
5070, 6.2313653e-01, 0.0000000e+00, 9.4578924e-01 
5071, 6.2729567e-01, 6.1960846e-01, 1.0000000e+00 
5072, 6.2729567e-01, 6.1960846e-01, 0.0000000e+00 
5073, 6.4010934e-01, 6.8579764e-01, 1.0000000e+00 
5074, 6.4010934e-01, 6.8579764e-01, 0.0000000e+00 
5075, 7.8622616e-01, 1.0000000e+00, 8.7916289e-01 
5076, 7.8622616e-01, 0.0000000e+00, 8.7916289e-01 
5077, 5.3135964e-02, 2.2861879e-01, 1.0000000e+00 
5078, 5.3135964e-02, 2.2861879e-01, 0.0000000e+00 
5079, 1.0000000e+00, 2.6171028e-01, 1.1967741e-01 
5080, 0.0000000e+00, 2.6171028e-01, 1.1967741e-01 
5081, 3.5011968e-01, 6.3739178e-01, 0.0000000e+00 
5082, 3.5011968e-01, 6.3739178e-01, 1.0000000e+00 
5083, 1.0000000e+00, 4.7870236e-01, 9.3154247e-01 
5084, 0.0000000e+00, 4.7870236e-01, 9.3154247e-01 
5085, 1.0000000e+00, 3.2337225e-01, 4.5626482e-01 
5086, 0.0000000e+00, 3.2337225e-01, 4.5626482e-01 
5087, 1.0000000e+00, 3.9312459e-01, 4.8013480e-01 
5088, 0.0000000e+00, 3.9312459e-01, 4.8013480e-01 
5089, 4.5020462e-01, 1.0000000e+00, 3.3218201e-01 
5090, 4.5020462e-01, 0.0000000e+00, 3.3218201e-01 
5091, 9.4715958e-02, 7.5264131e-01, 0.0000000e+00 
5092, 9.4715958e-02, 7.5264131e-01, 1.0000000e+00 
5093, 8.3199919e-01, 0.0000000e+00, 2.0606870e-01 
5094, 8.3199919e-01, 1.0000000e+00, 2.0606870e-01 
5095, 1.8431826e-01, 0.0000000e+00, 8.1400220e-01 
5096, 1.8431826e-01, 1.0000000e+00, 8.1400220e-01 
5097, 3.2041110e-01, 6.4446781e-01, 0.0000000e+00 
5098, 3.2041110e-01, 6.4446781e-01, 1.0000000e+00 
5099, 9.5936770e-01, 7.1885192e-01, 1.0000000e+00 
5100, 0.0000000e+00, 6.5981826e-01, 8.7280821e-02 
5101, 9.9929452e-01, 0.0000000e+00, 5.3749355e-01 
5102, 0.0000000e+00, 9.9889481e-01, 5.3844640e-01 
5103, 1.0000000e+00, 6.4044711e-02, 5.8364101e-01 
5104, 0.0000000e+00, 6.4044711e-02, 5.8364101e-01 
5105, 2.7862929e-01, 1.0000000e+00, 4.8178836e-01 
5106, 2.7862929e-01, 0.0000000e+00, 4.8178836e-01 
5107, 6.7816458e-01, 2.2614434e-01, 1.0000000e+00 
5108, 6.7816458e-01, 2.2614434e-01, 0.0000000e+00 
5109, 6.7083888e-01, 3.1092895e-01, 0.0000000e+00 
5110, 6.7083888e-01, 3.1092895e-01, 1.0000000e+00 
5111, 0.0000000e+00, 2.8584099e-01, 9.3877018e-01 
5112, 1.0000000e+00, 2.8584099e-01, 9.3877018e-01 
5113, 8.5810114e-01, 0.0000000e+00, 9.1486209e-01 
5114, 8.5810114e-01, 1.0000000e+00, 9.1486209e-01 
5115, 8.8511003e-01, 3.7546475e-01, 1.0000000e+00 
5116, 8.8511003e-01, 3.7546475e-01, 0.0000000e+00 
5117, 9.5096643e-01, 7.5891723e-01, 0.0000000e+00 
5118, 9.5096643e-01, 7.5891723e-01, 1.0000000e+00 
5119, 6.8982782e-01, 3.1524473e-02, 0.0000000e+00 
5120, 6.8982782e-01, 3.1524473e-02, 1.0000000e+00 
5121, 5.0272061e-01, 1.0000000e+00, 7.7008503e-01 
5122, 5.0272061e-01, 0.0000000e+00, 7.7008503e-01 
5123, 0.0000000e+00, 1.1351987e-01, 9.7266410e-01 
5124, 1.0000000e+00, 1.1351987e-01, 9.7266410e-01 
5125, 7.9420593e-01, 1.0000000e+00, 7.6441412e-01 
5126, 7.9420593e-01, 0.0000000e+00, 7.6441412e-01 
5127, 1.4390634e-01, 1.0000000e+00, 6.6824033e-01 
5128, 1.4390634e-01, 0.0000000e+00, 6.6824033e-01 
5129, 4.0779097e-01, 8.2392730e-01, 0.0000000e+00 
5130, 4.0779097e-01, 8.2392730e-01, 1.0000000e+00 
5131, 3.8832711e-01, 8.2864660e-01, 8.6736174e-19 
5132, 3.8832711e-01, 8.2864660e-01, 1.0000000e+00 
5133, 3.2710648e-01, 6.0144522e-01, 1.0000000e+00 
5134, 3.2710648e-01, 6.0144522e-01, 0.0000000e+00 
5135, 6.4538020e-01, 0.0000000e+00, 4.9024170e-01 
5136, 6.4538020e-01, 1.0000000e+00, 4.9024170e-01 
5137, 6.3006772e-01, 0.0000000e+00, 4.9216579e-01 
5138, 6.3006772e-01, 1.0000000e+00, 4.9216579e-01 
5139, 1.0000000e+00, 5.2497786e-01, 3.8129721e-01 
5140, 0.0000000e+00, 5.2497786e-01, 3.8129721e-01 
5141, 9.4515932e-01, 1.0000000e+00, 1.1082020e-01 
5142, 9.4515932e-01, 0.0000000e+00, 1.1082020e-01 
5143, 6.9388939e-18, 1.5917206e-01, 7.4679747e-01 
5144, 1.0000000e+00, 1.5917206e-01, 7.4679747e-01 
5145, 2.2311682e-01, 1.0000000e+00, 6.9615535e-01 
5146, 2.2311682e-01, 0.0000000e+00, 6.9615535e-01 
5147, 4.0641557e-01, 0.0000000e+00, 4.8679619e-01 
5148, 4.0641557e-01, 1.0000000e+00, 4.8679619e-01 
5149, 3.0445448e-01, 1.0000000e+00, 9.5429500e-01 
5150, 3.0445448e-01, 0.0000000e+00, 9.5429500e-01 
5151, 3.1460622e-01, 5.5864166e-01, 0.0000000e+00 
5152, 3.1460622e-01, 5.5864166e-01, 1.0000000e+00 
5153, 2.9420149e-01, 5.3554864e-01, 0.0000000e+00 
5154, 2.9420149e-01, 5.3554864e-01, 1.0000000e+00 
5155, 1.0000000e+00, 7.2267580e-01, 4.7716024e-01 
5156, 0.0000000e+00, 7.2267580e-01, 4.7716024e-01 
5157, 5.0307078e-01, 1.0000000e+00, 4.4062219e-01 
5158, 5.0307078e-01, 0.0000000e+00, 4.4062219e-01 
5159, 5.3988395e-01, 1.0000000e+00, 4.1165265e-01 
5160, 5.3988395e-01, 0.0000000e+00, 4.1165265e-01 
5161, 5.9953438e-01, 2.3810867e-01, 1.0000000e+00 
5162, 5.9953438e-01, 2.3810867e-01, 0.0000000e+00 
5163, 2.3677457e-01, 4.9101531e-01, 1.0000000e+00 
5164, 2.3677457e-01, 4.9101531e-01, 0.0000000e+00 
5165, 1.4430805e-01, 4.3939025e-01, 1.0000000e+00 
5166, 1.4430805e-01, 4.3939025e-01, 0.0000000e+00 
5167, 1.7666704e-01, 4.3529676e-01, 1.0000000e+00 
5168, 1.7666704e-01, 4.3529676e-01, 0.0000000e+00 
5169, 1.0000000e+00, 7.4142960e-01, 8.3865160e-01 
5170, 0.0000000e+00, 7.4142960e-01, 8.3865160e-01 
5171, 0.0000000e+00, 2.3465328e-01, 1.2789233e-01 
5172, 1.0000000e+00, 2.3465328e-01, 1.2789233e-01 
5173, 0.0000000e+00, 5.5770395e-01, 2.8445524e-01 
5174, 1.0000000e+00, 5.5770395e-01, 2.8445524e-01 
5175, 9.3592123e-01, 6.2430772e-01, 1.0000000e+00 
5176, 9.3592123e-01, 6.2430772e-01, 0.0000000e+00 
5177, 2.7276883e-01, 7.3734014e-01, 1.0000000e+00 
5178, 2.7276883e-01, 7.3734014e-01, 0.0000000e+00 
5179, 2.1333849e-01, 3.4694470e-18, 8.5719165e-01 
5180, 2.1333849e-01, 1.0000000e+00, 8.5719165e-01 
5181, 5.3755657e-01, 0.0000000e+00, 3.2298294e-01 
5182, 5.3755657e-01, 1.0000000e+00, 3.2298294e-01 
5183, 9.5475337e-01, 1.0000000e+00, 8.6272728e-01 
5184, 9.5475337e-01, 0.0000000e+00, 8.6272728e-01 
5185, 0.0000000e+00, 7.5165737e-01, 4.4059264e-01 
5186, 1.0000000e+00, 7.5165737e-01, 4.4059264e-01 
5187, 7.7686898e-02, 8.1423988e-01, 0.0000000e+00 
5188, 7.7686898e-02, 8.1423988e-01, 1.0000000e+00 
5189, 1.0000000e+00, 1.7968614e-01, 9.8317475e-01 
5190, 0.0000000e+00, 1.7968614e-01, 9.8317475e-01 
5191, 5.5235534e-01, 0.0000000e+00, 8.7352867e-01 
5192, 5.5235534e-01, 1.0000000e+00, 8.7352867e-01 
5193, 1.7037354e-01, 8.9684535e-01, 0.0000000e+00 
5194, 1.7037354e-01, 8.9684535e-01, 1.0000000e+00 
5195, 1.5989257e-01, 1.0000000e+00, 2.1828903e-01 
5196, 1.5989257e-01, 0.0000000e+00, 2.1828903e-01 
5197, 4.9155135e-03, 1.1334133e-01, 0.0000000e+00 
5198, 1.0000000e+00, 1.1794668e-01, 9.9567552e-01 
5199, 7.4363243e-02, 9.7083562e-02, 0.0000000e+00 
5200, 7.4363243e-02, 9.7083562e-02, 1.0000000e+00 
5201, 1.0000000e+00, 5.2929062e-01, 1.0803476e-01 
5202, 0.0000000e+00, 5.2929062e-01, 1.0803476e-01 
5203, 3.5377084e-02, 8.5188321e-01, 1.0000000e+00 
5204, 3.5377084e-02, 8.5188321e-01, 0.0000000e+00 
5205, 6.9388939e-18, 7.6630422e-01, 9.4535569e-01 
5206, 1.0000000e+00, 7.6630422e-01, 9.4535569e-01 
5207, 0.0000000e+00, 5.5303035e-01, 9.3736682e-01 
5208, 1.0000000e+00, 5.5303035e-01, 9.3736682e-01 
5209, 0.0000000e+00, 6.3488696e-01, 8.6372475e-01 
5210, 1.0000000e+00, 6.3488696e-01, 8.6372475e-01 
5211, 0.0000000e+00, 9.0125832e-01, 2.3107909e-01 
5212, 1.0000000e+00, 9.0125832e-01, 2.3107909e-01 
5213, 1.0000000e+00, 2.6660842e-01, 5.7022807e-01 
5214, 0.0000000e+00, 2.6660842e-01, 5.7022807e-01 
5215, 1.0000000e+00, 3.2735491e-01, 6.0994512e-01 
5216, 0.0000000e+00, 3.2735491e-01, 6.0994512e-01 
5217, 0.0000000e+00, 8.5150349e-01, 9.5950933e-02 
5218, 1.0000000e+00, 8.5150349e-01, 9.5950933e-02 
5219, 9.5348141e-02, 8.7237464e-01, 1.0000000e+00 
5220, 9.5348141e-02, 8.7237464e-01, 0.0000000e+00 
5221, 2.8527779e-01, 0.0000000e+00, 8.1594797e-01 
5222, 2.8527779e-01, 1.0000000e+00, 8.1594797e-01 
5223, 9.3442931e-01, 1.0000000e+00, 4.9661904e-01 
5224, 9.3442931e-01, 0.0000000e+00, 4.9661904e-01 
5225, 1.4102049e-01, 8.5164762e-01, 0.0000000e+00 
5226, 1.4102049e-01, 8.5164762e-01, 1.0000000e+00 
5227, 1.0000000e+00, 6.0433460e-01, 3.4747156e-01 
5228, 0.0000000e+00, 6.0433460e-01, 3.4747156e-01 
5229, 5.2177844e-01, 4.6667622e-01, 6.9388939e-18 
5230, 5.2177844e-01, 4.6667622e-01, 1.0000000e+00 
5231, 7.7534269e-01, 1.0000000e+00, 2.4631479e-01 
5232, 7.7534269e-01, 0.0000000e+00, 2.4631479e-01 
5233, 5.8191556e-01, 0.0000000e+00, 1.1787656e-01 
5234, 5.8191556e-01, 1.0000000e+00, 1.1787656e-01 
5235, 1.0000000e+00, 7.1982515e-01, 7.4233367e-01 
5236, 0.0000000e+00, 7.1982515e-01, 7.4233367e-01 
5237, 8.5808561e-01, 1.0000000e+00, 9.2796623e-01 
5238, 8.5808561e-01, 0.0000000e+00, 9.2796623e-01 
5239, 0.0000000e+00, 4.7177078e-01, 7.2025429e-02 
5240, 1.0000000e+00, 4.7177078e-01, 7.2025429e-02 
5241, 1.0000000e+00, 9.0569861e-01, 9.0475672e-02 
5242, 0.0000000e+00, 9.0569861e-01, 9.0475672e-02 
5243, 6.9655309e-01, 3.5126749e-01, 1.0000000e+00 
5244, 6.9655309e-01, 3.5126749e-01, 0.0000000e+00 
5245, 1.0000000e+00, 3.4989155e-01, 9.3127828e-01 
5246, 0.0000000e+00, 3.4989155e-01, 9.3127828e-01 
5247, 6.9388939e-18, 2.0626528e-01, 5.3049343e-01 
5248, 1.0000000e+00, 2.0626528e-01, 5.3049343e-01 
5249, 1.0000000e+00, 9.0307595e-01, 7.8107117e-01 
5250, 0.0000000e+00, 9.0307595e-01, 7.8107117e-01 
5251, 4.2070122e-01, 6.4983971e-01, 1.0000000e+00 
5252, 4.2070122e-01, 6.4983971e-01, 0.0000000e+00 
5253, 2.2798282e-01, 1.2066557e-01, 1.0000000e+00 
5254, 2.2798282e-01, 1.2066557e-01, 0.0000000e+00 
5255, 5.2354865e-01, 1.0000000e+00, 4.1368271e-01 
5256, 5.2354865e-01, 0.0000000e+00, 4.1368271e-01 
5257, 8.8266137e-01, 4.5372522e-01, 1.0000000e+00 
5258, 8.8266137e-01, 4.5372522e-01, 0.0000000e+00 
5259, 8.6547387e-01, 3.5246638e-01, 0.0000000e+00 
5260, 8.6547387e-01, 3.5246638e-01, 1.0000000e+00 
5261, 7.3611762e-01, 0.0000000e+00, 2.7705822e-01 
5262, 7.3611762e-01, 1.0000000e+00, 2.7705822e-01 
5263, 7.3742329e-01, 0.0000000e+00, 3.9570044e-01 
5264, 7.3742329e-01, 1.0000000e+00, 3.9570044e-01 
5265, 1.5231474e-01, 8.8971645e-02, 0.0000000e+00 
5266, 1.5231474e-01, 8.8971645e-02, 1.0000000e+00 
5267, 3.4162729e-01, 8.2184438e-01, 1.0000000e+00 
5268, 3.4162729e-01, 8.2184438e-01, 0.0000000e+00 
5269, 6.7001277e-01, 4.5774875e-01, 1.0000000e+00 
5270, 6.7001277e-01, 4.5774875e-01, 0.0000000e+00 
5271, 9.8019552e-01, 1.0000000e+00, 8.5795569e-01 
5272, 9.8019552e-01, 0.0000000e+00, 8.5795569e-01 
5273, 9.5585430e-01, 1.0000000e+00, 2.0047427e-02 
5274, 0.0000000e+00, 1.0433671e-01, 9.9274922e-01 
5275, 1.0000000e+00, 4.1225066e-01, 2.7889080e-01 
5276, 0.0000000e+00, 4.1225066e-01, 2.7889080e-01 
5277, 5.6709567e-01, 4.2910242e-01, 0.0000000e+00 
5278, 5.6709567e-01, 4.2910242e-01, 1.0000000e+00 
5279, 5.8068196e-01, 3.9184979e-01, 0.0000000e+00 
5280, 5.8068196e-01, 3.9184979e-01, 1.0000000e+00 
5281, 9.1400993e-02, 1.0000000e+00, 9.1534702e-01 
5282, 9.1400993e-02, 0.0000000e+00, 9.1534702e-01 
5283, 0.0000000e+00, 9.7921504e-01, 8.6868616e-01 
5284, 1.0000000e+00, 9.7921504e-01, 8.6868616e-01 
5285, 4.1201383e-01, 0.0000000e+00, 3.1995627e-01 
5286, 4.1201383e-01, 1.0000000e+00, 3.1995627e-01 
5287, 5.9848688e-01, 7.7279334e-01, 1.0000000e+00 
5288, 5.9848688e-01, 7.7279334e-01, 0.0000000e+00 
5289, 7.6693895e-01, 3.9330509e-01, 0.0000000e+00 
5290, 7.6693895e-01, 3.9330509e-01, 1.0000000e+00 
5291, 1.0000000e+00, 8.5471876e-01, 3.5680039e-01 
5292, 0.0000000e+00, 8.5471876e-01, 3.5680039e-01 
5293, 1.0000000e+00, 8.5386483e-01, 3.1712023e-01 
5294, 0.0000000e+00, 8.5386483e-01, 3.1712023e-01 
5295, 1.0000000e+00, 8.7776590e-01, 3.3371980e-01 
5296, 0.0000000e+00, 8.7776590e-01, 3.3371980e-01 
5297, 0.0000000e+00, 7.5677194e-01, 6.5094387e-03 
5298, 9.9862442e-01, 7.5528790e-01, 1.0000000e+00 
5299, 0.0000000e+00, 7.6909855e-01, 3.3006784e-02 
5300, 1.0000000e+00, 7.6909855e-01, 3.3006784e-02 
5301, 2.6924103e-01, 3.7030395e-01, 1.0000000e+00 
5302, 2.6924103e-01, 3.7030395e-01, 0.0000000e+00 
5303, 5.1837100e-01, 3.5820904e-01, 1.0000000e+00 
5304, 5.1837100e-01, 3.5820904e-01, 0.0000000e+00 
5305, 6.2222487e-01, 0.0000000e+00, 3.0332167e-01 
5306, 6.2222487e-01, 1.0000000e+00, 3.0332167e-01 
5307, 1.0000000e+00, 4.3500316e-02, 3.0566851e-01 
5308, 0.0000000e+00, 4.3500316e-02, 3.0566851e-01 
5309, 2.4486653e-01, 1.0000000e+00, 8.0291669e-01 
5310, 2.4486653e-01, 0.0000000e+00, 8.0291669e-01 
5311, 9.7396359e-01, 4.6985387e-01, 0.0000000e+00 
5312, 9.7396359e-01, 4.6985387e-01, 1.0000000e+00 
5313, 9.6350071e-01, 4.5447247e-01, 0.0000000e+00 
5314, 9.6350071e-01, 4.5447247e-01, 1.0000000e+00 
5315, 2.0052835e-01, 1.0000000e+00, 4.2231625e-01 
5316, 2.0052835e-01, 0.0000000e+00, 4.2231625e-01 
5317, 9.7075144e-01, 1.0000000e+00, 2.9402847e-01 
5318, 0.0000000e+00, 6.2394348e-02, 2.8870551e-01 
5319, 1.0000000e+00, 9.8372374e-01, 3.0174923e-01 
5320, 3.1520611e-02, 0.0000000e+00, 3.0446286e-01 
5321, 4.5176008e-01, 1.0000000e+00, 4.4121220e-01 
5322, 4.5176008e-01, 0.0000000e+00, 4.4121220e-01 
5323, 1.8908407e-01, 0.0000000e+00, 8.3439092e-01 
5324, 1.8908407e-01, 1.0000000e+00, 8.3439092e-01 
5325, 5.6729420e-02, 2.2586996e-01, 1.0000000e+00 
5326, 5.6729420e-02, 2.2586996e-01, 0.0000000e+00 
5327, 1.0000000e+00, 8.1847297e-01, 5.1208401e-01 
5328, 0.0000000e+00, 8.1847297e-01, 5.1208401e-01 
5329, 0.0000000e+00, 8.1716957e-01, 3.9610833e-01 
5330, 1.0000000e+00, 8.1716957e-01, 3.9610833e-01 
5331, 1.0000000e+00, 3.0067655e-01, 2.7573296e-01 
5332, 0.0000000e+00, 3.0067655e-01, 2.7573296e-01 
5333, 2.0492609e-01, 6.7330044e-01, 1.0000000e+00 
5334, 2.0492609e-01, 6.7330044e-01, 0.0000000e+00 
5335, 1.0000000e+00, 4.8761848e-01, 8.8961995e-01 
5336, 0.0000000e+00, 4.8761848e-01, 8.8961995e-01 
5337, 0.0000000e+00, 8.8892985e-01, 9.8098122e-01 
5338, 9.5698865e-01, 0.0000000e+00, 4.3680106e-02 
5339, 3.0855002e-02, 0.0000000e+00, 1.7105822e-01 
5340, 3.0855002e-02, 1.0000000e+00, 1.7105822e-01 
5341, 1.8946147e-02, 9.6351698e-01, 0.0000000e+00 
5342, 1.8946147e-02, 9.6351698e-01, 1.0000000e+00 
5343, 9.6358986e-01, 5.2715011e-01, 1.0000000e+00 
5344, 9.6358986e-01, 5.2715011e-01, 0.0000000e+00 
5345, 4.0320366e-02, 0.0000000e+00, 1.8199263e-01 
5346, 4.0320366e-02, 1.0000000e+00, 1.8199263e-01 
5347, 9.6272953e-01, 1.0000000e+00, 8.7543669e-01 
5348, 9.6272953e-01, 0.0000000e+00, 8.7543669e-01 
5349, 1.0000000e+00, 8.7956678e-01, 9.1110458e-01 
5350, 0.0000000e+00, 8.7956678e-01, 9.1110458e-01 
5351, 9.1405990e-01, 8.9638829e-01, 1.0000000e+00 
5352, 9.1405990e-01, 8.9638829e-01, 0.0000000e+00 
5353, 6.9987490e-01, 1.0000000e+00, 5.9587769e-01 
5354, 6.9987490e-01, 0.0000000e+00, 5.9587769e-01 
5355, 1.0000000e+00, 6.9359286e-01, 7.8842844e-01 
5356, 0.0000000e+00, 6.9359286e-01, 7.8842844e-01 
5357, 2.9814229e-01, 0.0000000e+00, 3.4638593e-01 
5358, 2.9814229e-01, 1.0000000e+00, 3.4638593e-01 
5359, 3.5759620e-01, 3.8523799e-01, 1.0000000e+00 
5360, 3.5759620e-01, 3.8523799e-01, 0.0000000e+00 
5361, 6.1479335e-01, 0.0000000e+00, 3.0396230e-01 
5362, 6.1479335e-01, 1.0000000e+00, 3.0396230e-01 
5363, 3.3401135e-01, 7.0546493e-01, 0.0000000e+00 
5364, 3.3401135e-01, 7.0546493e-01, 1.0000000e+00 
5365, 1.0000000e+00, 5.3447138e-01, 9.2248310e-01 
5366, 0.0000000e+00, 5.3447138e-01, 9.2248310e-01 
5367, 1.0000000e+00, 9.2882742e-01, 3.5523171e-01 
5368, 0.0000000e+00, 9.2882742e-01, 3.5523171e-01 
5369, 1.0000000e+00, 9.6547726e-01, 8.6017967e-01 
5370, 2.3037927e-02, 0.0000000e+00, 8.9740179e-01 
5371, 7.6288197e-01, 1.0000000e+00, 7.2797094e-03 
5372, 7.6288197e-01, 0.0000000e+00, 7.2797094e-03 
5373, 1.0000000e+00, 8.4122671e-01, 4.9490750e-01 
5374, 0.0000000e+00, 8.4122671e-01, 4.9490750e-01 
5375, 0.0000000e+00, 3.8203918e-01, 2.2841251e-01 
5376, 1.0000000e+00, 3.8203918e-01, 2.2841251e-01 
5377, 3.0196413e-01, 1.0000000e+00, 4.1306900e-02 
5378, 3.2059965e-01, 2.7895897e-02, 1.0000000e+00 
5379, 9.8177605e-02, 2.5077240e-01, 1.0000000e+00 
5380, 9.8177605e-02, 2.5077240e-01, 0.0000000e+00 
5381, 7.6021552e-02, 2.7604597e-01, 1.0000000e+00 
5382, 7.6021552e-02, 2.7604597e-01, 0.0000000e+00 
5383, 8.2048313e-01, 7.9507700e-01, 0.0000000e+00 
5384, 8.2048313e-01, 7.9507700e-01, 1.0000000e+00 
5385, 7.5672554e-01, 9.3807790e-01, 1.0000000e+00 
5386, 7.5672554e-01, 9.3807790e-01, 0.0000000e+00 
5387, 1.3877788e-17, 8.2188622e-02, 8.7254938e-01 
5388, 1.0000000e+00, 8.2188622e-02, 8.7254938e-01 
5389, 5.7834379e-01, 1.5241689e-01, 1.0000000e+00 
5390, 5.7834379e-01, 1.5241689e-01, 0.0000000e+00 
5391, 5.7777959e-01, 1.5248855e-01, 1.0000000e+00 
5392, 5.7777959e-01, 1.5248855e-01, 0.0000000e+00 
5393, 9.0733887e-01, 0.0000000e+00, 5.2836689e-01 
5394, 9.0733887e-01, 1.0000000e+00, 5.2836689e-01 
5395, 2.0055471e-01, 0.0000000e+00, 2.7422263e-02 
5396, 2.0055471e-01, 1.0000000e+00, 2.7422263e-02 
5397, 0.0000000e+00, 2.1111695e-01, 8.3811580e-01 
5398, 1.0000000e+00, 2.1111695e-01, 8.3811580e-01 
5399, 0.0000000e+00, 2.2773642e-01, 8.6996070e-01 
5400, 1.0000000e+00, 2.2773642e-01, 8.6996070e-01 
5401, 0.0000000e+00, 4.6788862e-01, 8.3601164e-01 
5402, 1.0000000e+00, 4.6788862e-01, 8.3601164e-01 
5403, 2.2831740e-01, 0.0000000e+00, 1.9697049e-01 
5404, 2.2831740e-01, 1.0000000e+00, 1.9697049e-01 
5405, 0.0000000e+00, 9.5484251e-01, 8.6777984e-01 
5406, 1.0000000e+00, 9.5484251e-01, 8.6777984e-01 
5407, 8.7475796e-01, 5.2552997e-01, 0.0000000e+00 
5408, 8.7475796e-01, 5.2552997e-01, 1.0000000e+00 
5409, 8.3834668e-01, 4.8410534e-01, 0.0000000e+00 
5410, 8.3834668e-01, 4.8410534e-01, 1.0000000e+00 
5411, 2.8999647e-02, 6.2007716e-01, 1.0000000e+00 
5412, 2.8999647e-02, 6.2007716e-01, 0.0000000e+00 
5413, 3.3440721e-01, 8.6736174e-19, 3.7506145e-01 
5414, 3.3440721e-01, 1.0000000e+00, 3.7506145e-01 
5415, 6.7556079e-02, 2.2269734e-01, 0.0000000e+00 
5416, 6.7556079e-02, 2.2269734e-01, 1.0000000e+00 
5417, 2.8113880e-01, 0.0000000e+00, 2.5402397e-02 
5418, 2.8113880e-01, 1.0000000e+00, 2.5402397e-02 
5419, 2.9625790e-01, 5.6005428e-01, 0.0000000e+00 
5420, 2.9625790e-01, 5.6005428e-01, 1.0000000e+00 
5421, 1.0000000e+00, 3.1830942e-01, 8.5922106e-01 
5422, 0.0000000e+00, 3.1830942e-01, 8.5922106e-01 
5423, 1.5401975e-01, 1.0000000e+00, 7.7732407e-01 
5424, 1.5401975e-01, 0.0000000e+00, 7.7732407e-01 
5425, 0.0000000e+00, 6.6308830e-01, 8.2448510e-01 
5426, 1.0000000e+00, 6.6308830e-01, 8.2448510e-01 
5427, 0.0000000e+00, 6.6704087e-01, 8.5035915e-01 
5428, 1.0000000e+00, 6.6704087e-01, 8.5035915e-01 
5429, 1.5534238e-01, 0.0000000e+00, 9.0508593e-01 
5430, 1.5534238e-01, 1.0000000e+00, 9.0508593e-01 
5431, 6.4621742e-02, 7.2757584e-02, 1.0000000e+00 
5432, 6.4621742e-02, 7.2757584e-02, 0.0000000e+00 
5433, 4.9475449e-01, 8.0079560e-01, 0.0000000e+00 
5434, 4.9475449e-01, 8.0079560e-01, 1.0000000e+00 
5435, 4.5948174e-01, 7.7504224e-01, 0.0000000e+00 
5436, 4.5948174e-01, 7.7504224e-01, 1.0000000e+00 
5437, 0.0000000e+00, 6.0046173e-01, 6.9135874e-01 
5438, 1.0000000e+00, 6.0046173e-01, 6.9135874e-01 
5439, 0.0000000e+00, 6.5213284e-01, 7.0429080e-02 
5440, 1.0000000e+00, 6.5213284e-01, 7.0429080e-02 
5441, 2.1917848e-02, 7.0577036e-01, 1.7347235e-18 
5442, 1.0000000e+00, 6.8245909e-01, 9.9092293e-01 
5443, 1.4891592e-01, 8.7965303e-01, 0.0000000e+00 
5444, 1.4891592e-01, 8.7965303e-01, 1.0000000e+00 
5445, 4.7095883e-01, 2.5654200e-01, 1.0000000e+00 
5446, 4.7095883e-01, 2.5654200e-01, 0.0000000e+00 
5447, 6.6242947e-01, 0.0000000e+00, 9.0390253e-01 
5448, 6.6242947e-01, 1.0000000e+00, 9.0390253e-01 
5449, 6.9414738e-01, 1.0000000e+00, 2.6779179e-01 
5450, 6.9414738e-01, 0.0000000e+00, 2.6779179e-01 
5451, 1.0000000e+00, 1.3552988e-01, 6.8987652e-01 
5452, 0.0000000e+00, 1.3552988e-01, 6.8987652e-01 
5453, 9.1783545e-02, 1.0000000e+00, 2.9301763e-01 
5454, 9.1783545e-02, 0.0000000e+00, 2.9301763e-01 
5455, 1.1821397e-01, 1.0000000e+00, 2.1330851e-01 
5456, 1.1821397e-01, 0.0000000e+00, 2.1330851e-01 
5457, 5.5491405e-01, 1.6615341e-01, 0.0000000e+00 
5458, 5.5491405e-01, 1.6615341e-01, 1.0000000e+00 
5459, 8.1371729e-01, 0.0000000e+00, 9.9073855e-01 
5460, 7.9320198e-01, 9.8635256e-01, 0.0000000e+00 
5461, 8.2087356e-01, 0.0000000e+00, 9.9051992e-01 
5462, 8.3104917e-01, 9.8452512e-01, 0.0000000e+00 
5463, 8.1515981e-01, 0.0000000e+00, 9.8867205e-01 
5464, 8.1515981e-01, 1.0000000e+00, 9.8867205e-01 
5465, 9.0724110e-02, 2.5505109e-01, 0.0000000e+00 
5466, 9.0724110e-02, 2.5505109e-01, 1.0000000e+00 
5467, 5.9097571e-01, 0.0000000e+00, 7.5395765e-01 
5468, 5.9097571e-01, 1.0000000e+00, 7.5395765e-01 
5469, 9.9478900e-02, 1.0000000e+00, 3.0148520e-01 
5470, 9.9478900e-02, 0.0000000e+00, 3.0148520e-01 
5471, 4.1149460e-02, 1.0000000e+00, 3.0392424e-01 
5472, 4.1149460e-02, 0.0000000e+00, 3.0392424e-01 
5473, 2.9070391e-02, 6.2672073e-01, 0.0000000e+00 
5474, 2.9070391e-02, 6.2672073e-01, 1.0000000e+00 
5475, 0.0000000e+00, 7.7388746e-01, 1.9520487e-02 
5476, 9.9649766e-01, 7.6623245e-01, 1.0000000e+00 
5477, 0.0000000e+00, 7.9062704e-01, 8.3634335e-02 
5478, 1.0000000e+00, 7.9062704e-01, 8.3634335e-02 
5479, 5.4720270e-03, 8.6376674e-01, 0.0000000e+00 
5480, 5.4720270e-03, 8.6376674e-01, 1.0000000e+00 
5481, 2.8919813e-01, 8.8997188e-01, 0.0000000e+00 
5482, 2.8919813e-01, 8.8997188e-01, 1.0000000e+00 
5483, 2.4799164e-01, 1.0000000e+00, 8.2895593e-01 
5484, 2.4799164e-01, 0.0000000e+00, 8.2895593e-01 
5485, 6.5744286e-01, 0.0000000e+00, 3.4492171e-01 
5486, 6.5744286e-01, 1.0000000e+00, 3.4492171e-01 
5487, 4.9444250e-01, 1.0000000e+00, 2.8217459e-01 
5488, 4.9444250e-01, 0.0000000e+00, 2.8217459e-01 
5489, 5.5915614e-01, 1.0000000e+00, 2.8528201e-01 
5490, 5.5915614e-01, 0.0000000e+00, 2.8528201e-01 
5491, 7.8852877e-01, 7.8424683e-01, 1.0000000e+00 
5492, 7.8852877e-01, 7.8424683e-01, 0.0000000e+00 
5493, 3.2993406e-01, 0.0000000e+00, 1.5365726e-01 
5494, 3.2993406e-01, 1.0000000e+00, 1.5365726e-01 
5495, 1.0000000e+00, 3.1753262e-02, 4.0813016e-01 
5496, 0.0000000e+00, 3.1753262e-02, 4.0813016e-01 
5497, 7.2757182e-01, 0.0000000e+00, 4.6110963e-01 
5498, 7.2757182e-01, 1.0000000e+00, 4.6110963e-01 
5499, 3.8063440e-01, 1.0000000e+00, 1.3652548e-01 
5500, 3.8063440e-01, 0.0000000e+00, 1.3652548e-01 
5501, 5.2061529e-01, 0.0000000e+00, 4.3713523e-01 
5502, 5.2061529e-01, 1.0000000e+00, 4.3713523e-01 
5503, 6.9388939e-18, 6.4891450e-01, 4.4331029e-01 
5504, 1.0000000e+00, 6.4891450e-01, 4.4331029e-01 
5505, 0.0000000e+00, 7.0597210e-01, 3.6287902e-01 
5506, 1.0000000e+00, 7.0597210e-01, 3.6287902e-01 
5507, 0.0000000e+00, 2.0018443e-01, 4.4754457e-01 
5508, 1.0000000e+00, 2.0018443e-01, 4.4754457e-01 
5509, 0.0000000e+00, 3.5960965e-01, 5.2393260e-01 
5510, 1.0000000e+00, 3.5960965e-01, 5.2393260e-01 
5511, 1.9376001e-02, 0.0000000e+00, 7.5628137e-01 
5512, 1.0000000e+00, 9.6887548e-01, 7.7645199e-01 
5513, 3.9138145e-01, 2.1878469e-01, 0.0000000e+00 
5514, 3.9138145e-01, 2.1878469e-01, 1.0000000e+00 
5515, 4.1105849e-01, 1.8281246e-01, 0.0000000e+00 
5516, 4.1105849e-01, 1.8281246e-01, 1.0000000e+00 
5517, 1.9042336e-01, 0.0000000e+00, 1.9775016e-01 
5518, 1.9042336e-01, 1.0000000e+00, 1.9775016e-01 
5519, 7.8258400e-01, 0.0000000e+00, 9.4475245e-01 
5520, 7.8258400e-01, 1.0000000e+00, 9.4475245e-01 
5521, 2.2828316e-01, 1.0000000e+00, 7.8836032e-01 
5522, 2.2828316e-01, 0.0000000e+00, 7.8836032e-01 
5523, 1.0000000e+00, 7.4736516e-01, 3.4901382e-02 
5524, 0.0000000e+00, 7.4736516e-01, 3.4901382e-02 
5525, 6.7445891e-01, 3.9365487e-01, 1.0000000e+00 
5526, 6.7445891e-01, 3.9365487e-01, 0.0000000e+00 
5527, 0.0000000e+00, 9.9727937e-01, 3.0672335e-01 
5528, 9.9669688e-01, 0.0000000e+00, 3.2101320e-01 
5529, 2.8780603e-02, 1.0000000e+00, 2.9829463e-01 
5530, 2.8780603e-02, 0.0000000e+00, 2.9829463e-01 
5531, 1.2298462e-01, 0.0000000e+00, 6.2414782e-01 
5532, 1.2298462e-01, 1.0000000e+00, 6.2414782e-01 
5533, 6.4149716e-01, 7.6729902e-01, 1.0000000e+00 
5534, 6.4149716e-01, 7.6729902e-01, 0.0000000e+00 
5535, 6.9971457e-01, 8.0395590e-01, 1.0000000e+00 
5536, 6.9971457e-01, 8.0395590e-01, 0.0000000e+00 
5537, 0.0000000e+00, 6.3842611e-01, 7.5259312e-01 
5538, 1.0000000e+00, 6.3842611e-01, 7.5259312e-01 
5539, 8.0651162e-01, 7.0776170e-01, 0.0000000e+00 
5540, 8.0651162e-01, 7.0776170e-01, 1.0000000e+00 
5541, 7.2617412e-01, 1.0000000e+00, 9.6501311e-01 
5542, 7.2617412e-01, 0.0000000e+00, 9.6501311e-01 
5543, 7.5894395e-01, 1.0000000e+00, 9.9794577e-01 
5544, 7.5804196e-01, 5.9598037e-03, 0.0000000e+00 
5545, 9.3667339e-01, 3.1900927e-01, 1.0000000e+00 
5546, 9.3667339e-01, 3.1900927e-01, 0.0000000e+00 
5547, 0.0000000e+00, 5.0042517e-01, 3.3094861e-01 
5548, 1.0000000e+00, 5.0042517e-01, 3.3094861e-01 
5549, 4.3948317e-01, 3.5597605e-01, 0.0000000e+00 
5550, 4.3948317e-01, 3.5597605e-01, 1.0000000e+00 
5551, 4.4028108e-01, 4.0655587e-01, 0.0000000e+00 
5552, 4.4028108e-01, 4.0655587e-01, 1.0000000e+00 
5553, 8.0916903e-01, 0.0000000e+00, 4.6705730e-01 
5554, 8.0916903e-01, 1.0000000e+00, 4.6705730e-01 
5555, 6.6401296e-01, 0.0000000e+00, 5.0730683e-01 
5556, 6.6401296e-01, 1.0000000e+00, 5.0730683e-01 
5557, 5.1985834e-01, 1.0000000e+00, 3.0113264e-01 
5558, 5.1985834e-01, 0.0000000e+00, 3.0113264e-01 
5559, 7.6911469e-01, 9.4286330e-01, 0.0000000e+00 
5560, 7.6911469e-01, 9.4286330e-01, 1.0000000e+00 
5561, 5.9264035e-01, 2.0561444e-01, 1.0000000e+00 
5562, 5.9264035e-01, 2.0561444e-01, 0.0000000e+00 
5563, 3.0324983e-01, 1.0000000e+00, 5.5424045e-01 
5564, 3.0324983e-01, 0.0000000e+00, 5.5424045e-01 
5565, 2.9445606e-01, 0.0000000e+00, 7.8543139e-01 
5566, 2.9445606e-01, 1.0000000e+00, 7.8543139e-01 
5567, 6.3658320e-02, 8.6591898e-01, 0.0000000e+00 
5568, 6.3658320e-02, 8.6591898e-01, 1.0000000e+00 
5569, 0.0000000e+00, 8.5054647e-01, 2.9021523e-02 
5570, 1.0000000e+00, 8.5054647e-01, 2.9021523e-02 
5571, 9.3030591e-01, 9.0244525e-01, 1.0000000e+00 
5572, 9.3030591e-01, 9.0244525e-01, 0.0000000e+00 
5573, 1.0000000e+00, 9.2722811e-01, 8.9213698e-01 
5574, 0.0000000e+00, 9.2722811e-01, 8.9213698e-01 
5575, 0.0000000e+00, 6.1069929e-01, 3.1092438e-01 
5576, 1.0000000e+00, 6.1069929e-01, 3.1092438e-01 
5577, 6.1532375e-01, 1.6859930e-02, 1.0000000e+00 
5578, 6.1532375e-01, 1.6859930e-02, 0.0000000e+00 
5579, 7.6251831e-01, 0.0000000e+00, 8.4939756e-01 
5580, 7.6251831e-01, 1.0000000e+00, 8.4939756e-01 
5581, 1.0000000e+00, 4.8136399e-01, 2.3909570e-01 
5582, 0.0000000e+00, 4.8136399e-01, 2.3909570e-01 
5583, 3.8144236e-01, 9.7024897e-01, 0.0000000e+00 
5584, 3.8388964e-01, 0.0000000e+00, 9.7520520e-01 
5585, 4.6799797e-01, 1.0000000e+00, 6.2221871e-01 
5586, 4.6799797e-01, 0.0000000e+00, 6.2221871e-01 
5587, 6.3712239e-01, 6.6361420e-01, 0.0000000e+00 
5588, 6.3712239e-01, 6.6361420e-01, 1.0000000e+00 
5589, 3.5068799e-01, 1.5811026e-01, 1.0000000e+00 
5590, 3.5068799e-01, 1.5811026e-01, 0.0000000e+00 
5591, 4.7475331e-01, 1.0000000e+00, 1.8354474e-01 
5592, 4.7475331e-01, 0.0000000e+00, 1.8354474e-01 
5593, 3.7432729e-01, 5.4051373e-01, 1.0000000e+00 
5594, 3.7432729e-01, 5.4051373e-01, 0.0000000e+00 
5595, 3.8482574e-01, 5.4016699e-01, 1.0000000e+00 
5596, 3.8482574e-01, 5.4016699e-01, 0.0000000e+00 
5597, 9.6338669e-01, 3.5862759e-01, 0.0000000e+00 
5598, 9.6338669e-01, 3.5862759e-01, 1.0000000e+00 
5599, 5.9093788e-02, 1.0689107e-01, 0.0000000e+00 
5600, 5.9093788e-02, 1.0689107e-01, 1.0000000e+00 
5601, 1.0000000e+00, 4.5071611e-01, 1.8768879e-01 
5602, 0.0000000e+00, 4.5071611e-01, 1.8768879e-01 
5603, 3.6453140e-01, 3.5038205e-01, 0.0000000e+00 
5604, 3.6453140e-01, 3.5038205e-01, 1.0000000e+00 
5605, 8.5358063e-01, 1.6497627e-01, 1.0000000e+00 
5606, 8.5358063e-01, 1.6497627e-01, 0.0000000e+00 
5607, 0.0000000e+00, 4.1827295e-01, 2.4770896e-01 
5608, 1.0000000e+00, 4.1827295e-01, 2.4770896e-01 
5609, 7.0732193e-01, 0.0000000e+00, 3.4183610e-02 
5610, 7.0732193e-01, 1.0000000e+00, 3.4183610e-02 
5611, 5.4550520e-02, 7.7300007e-01, 0.0000000e+00 
5612, 5.4550520e-02, 7.7300007e-01, 1.0000000e+00 
5613, 1.0000000e+00, 8.1399796e-01, 5.4838698e-01 
5614, 0.0000000e+00, 8.1399796e-01, 5.4838698e-01 
5615, 0.0000000e+00, 3.2856869e-01, 1.4671994e-01 
5616, 1.0000000e+00, 3.2856869e-01, 1.4671994e-01 
5617, 1.7684604e-01, 5.8561352e-02, 1.0000000e+00 
5618, 1.7684604e-01, 5.8561352e-02, 0.0000000e+00 
5619, 1.8268711e-01, 1.0000000e+00, 7.9851020e-01 
5620, 1.8268711e-01, 0.0000000e+00, 7.9851020e-01 
5621, 7.9169335e-02, 1.0000000e+00, 8.1359068e-02 
5622, 7.9169335e-02, 0.0000000e+00, 8.1359068e-02 
5623, 0.0000000e+00, 8.7296855e-01, 7.8993015e-02 
5624, 9.5158041e-01, 8.1654197e-01, 1.0000000e+00 
5625, 1.0000000e+00, 4.0542036e-01, 2.2928634e-01 
5626, 0.0000000e+00, 4.0542036e-01, 2.2928634e-01 
5627, 6.0871849e-01, 4.1422477e-01, 0.0000000e+00 
5628, 6.0871849e-01, 4.1422477e-01, 1.0000000e+00 
5629, 6.7457824e-02, 1.7080509e-01, 1.0000000e+00 
5630, 6.7457824e-02, 1.7080509e-01, 0.0000000e+00 
5631, 5.7598637e-01, 1.0000000e+00, 1.7512718e-02 
5632, 5.9666164e-01, 6.3249087e-03, 1.0000000e+00 
5633, 5.7413036e-01, 1.0000000e+00, 2.3306818e-01 
5634, 5.7413036e-01, 0.0000000e+00, 2.3306818e-01 
5635, 0.0000000e+00, 9.0922417e-02, 1.7047406e-01 
5636, 1.0000000e+00, 9.0922417e-02, 1.7047406e-01 
5637, 8.8401421e-01, 5.5800834e-01, 0.0000000e+00 
5638, 8.8401421e-01, 5.5800834e-01, 1.0000000e+00 
5639, 1.0000000e+00, 4.7433650e-01, 7.7349332e-01 
5640, 0.0000000e+00, 4.7433650e-01, 7.7349332e-01 
5641, 9.0516560e-01, 7.3926663e-01, 0.0000000e+00 
5642, 9.0516560e-01, 7.3926663e-01, 1.0000000e+00 
5643, 0.0000000e+00, 8.1090062e-01, 5.6447979e-01 
5644, 1.0000000e+00, 8.1090062e-01, 5.6447979e-01 
5645, 2.7294080e-01, 0.0000000e+00, 7.9887145e-01 
5646, 2.7294080e-01, 1.0000000e+00, 7.9887145e-01 
5647, 2.8453879e-01, 0.0000000e+00, 8.1588245e-01 
5648, 2.8453879e-01, 1.0000000e+00, 8.1588245e-01 
5649, 8.5084405e-01, 1.0000000e+00, 9.2016074e-01 
5650, 8.5084405e-01, 0.0000000e+00, 9.2016074e-01 
5651, 9.2285350e-01, 9.5491842e-01, 1.0000000e+00 
5652, 9.2285350e-01, 9.5491842e-01, 0.0000000e+00 
5653, 1.7865183e-01, 4.9762365e-01, 6.9388939e-18 
5654, 1.7865183e-01, 4.9762365e-01, 1.0000000e+00 
5655, 6.3869311e-01, 1.8630441e-02, 1.0000000e+00 
5656, 6.3869602e-01, 1.0000000e+00, 3.5585794e-02 
5657, 1.0000000e+00, 3.4981594e-01, 8.8112807e-01 
5658, 0.0000000e+00, 3.4981594e-01, 8.8112807e-01 
5659, 0.0000000e+00, 5.1239021e-01, 3.9128278e-02 
5660, 1.0000000e+00, 5.1239021e-01, 3.9128278e-02 
5661, 0.0000000e+00, 4.9417062e-01, 4.6227075e-02 
5662, 1.0000000e+00, 4.9417062e-01, 4.6227075e-02 
5663, 2.8768235e-01, 4.2044908e-01, 0.0000000e+00 
5664, 2.8768235e-01, 4.2044908e-01, 1.0000000e+00 
5665, 9.3856779e-01, 1.0000000e+00, 5.2385483e-01 
5666, 9.3856779e-01, 0.0000000e+00, 5.2385483e-01 
5667, 1.0000000e+00, 5.7916562e-01, 6.3544246e-01 
5668, 0.0000000e+00, 5.7916562e-01, 6.3544246e-01 
5669, 3.6323934e-01, 9.3747296e-02, 0.0000000e+00 
5670, 3.6323934e-01, 9.3747296e-02, 1.0000000e+00 
5671, 1.9612900e-01, 2.0343639e-01, 1.0000000e+00 
5672, 1.9612900e-01, 2.0343639e-01, 0.0000000e+00 
5673, 1.7068483e-01, 0.0000000e+00, 8.5822510e-01 
5674, 1.7068483e-01, 1.0000000e+00, 8.5822510e-01 
5675, 8.8990837e-01, 5.7519458e-01, 0.0000000e+00 
5676, 8.8990837e-01, 5.7519458e-01, 1.0000000e+00 
5677, 1.0000000e+00, 4.0880184e-01, 7.8257410e-01 
5678, 0.0000000e+00, 4.0880184e-01, 7.8257410e-01 
5679, 9.5478158e-01, 9.8181736e-01, 1.0000000e+00 
5680, 9.5540788e-01, 0.0000000e+00, 3.7968403e-02 
5681, 9.7894752e-01, 9.2487720e-01, 1.0000000e+00 
5682, 9.7894752e-01, 9.2487720e-01, 0.0000000e+00 
5683, 1.0000000e+00, 9.4928969e-01, 8.9110646e-01 
5684, 0.0000000e+00, 9.4928969e-01, 8.9110646e-01 
5685, 5.8460233e-01, 5.1455802e-01, 0.0000000e+00 
5686, 5.8460233e-01, 5.1455802e-01, 1.0000000e+00 
5687, 6.0741463e-01, 7.8489519e-01, 1.0000000e+00 
5688, 6.0741463e-01, 7.8489519e-01, 0.0000000e+00 
5689, 5.8738864e-01, 1.0000000e+00, 9.1529587e-01 
5690, 5.8738864e-01, 0.0000000e+00, 9.1529587e-01 
5691, 5.5477760e-01, 9.2156270e-01, 1.0000000e+00 
5692, 5.5477760e-01, 9.2156270e-01, 0.0000000e+00 
5693, 8.5829387e-01, 1.0000000e+00, 9.2966975e-01 
5694, 8.5829387e-01, 0.0000000e+00, 9.2966975e-01 
5695, 8.7840701e-01, 9.0149260e-01, 1.0000000e+00 
5696, 8.7840701e-01, 9.0149260e-01, 0.0000000e+00 
5697, 8.7644221e-01, 9.1198065e-01, 1.0000000e+00 
5698, 8.5136891e-01, 0.0000000e+00, 1.1861421e-01 
5699, 0.0000000e+00, 4.0896629e-01, 2.2979634e-01 
5700, 1.0000000e+00, 4.0896629e-01, 2.2979634e-01 
5701, 0.0000000e+00, 8.5604040e-02, 9.0538102e-01 
5702, 1.0000000e+00, 8.5604040e-02, 9.0538102e-01 
5703, 0.0000000e+00, 2.7366459e-01, 2.1651578e-01 
5704, 1.0000000e+00, 2.7366459e-01, 2.1651578e-01 
5705, 0.0000000e+00, 2.7384884e-01, 3.1600476e-01 
5706, 1.0000000e+00, 2.7384884e-01, 3.1600476e-01 
5707, 1.0000000e+00, 8.7078249e-01, 1.3937644e-01 
5708, 0.0000000e+00, 8.7078249e-01, 1.3937644e-01 
5709, 1.7798542e-01, 1.0000000e+00, 2.9472468e-01 
5710, 1.7798542e-01, 0.0000000e+00, 2.9472468e-01 
5711, 1.2252478e-01, 1.0000000e+00, 1.3133240e-01 
5712, 1.2252478e-01, 0.0000000e+00, 1.3133240e-01 
5713, 9.6508781e-02, 1.0000000e+00, 2.3618828e-01 
5714, 9.6508781e-02, 0.0000000e+00, 2.3618828e-01 
5715, 6.3326211e-01, 2.9231976e-01, 0.0000000e+00 
5716, 6.3326211e-01, 2.9231976e-01, 1.0000000e+00 
5717, 5.1729216e-01, 2.7602850e-01, 0.0000000e+00 
5718, 5.1729216e-01, 2.7602850e-01, 1.0000000e+00 
5719, 0.0000000e+00, 2.9371933e-01, 8.3790807e-01 
5720, 1.0000000e+00, 2.9371933e-01, 8.3790807e-01 
5721, 0.0000000e+00, 2.9790522e-01, 8.5122280e-01 
5722, 1.0000000e+00, 2.9790522e-01, 8.5122280e-01 
5723, 3.2010581e-01, 7.8212633e-01, 0.0000000e+00 
5724, 3.2010581e-01, 7.8212633e-01, 1.0000000e+00 
5725, 5.4561122e-02, 1.0000000e+00, 6.3420375e-01 
5726, 5.4561122e-02, 0.0000000e+00, 6.3420375e-01 
5727, 0.0000000e+00, 8.3685858e-01, 3.3578037e-01 
5728, 1.0000000e+00, 8.3685858e-01, 3.3578037e-01 
5729, 3.0431648e-01, 1.0000000e+00, 2.6952766e-01 
5730, 3.0431648e-01, 0.0000000e+00, 2.6952766e-01 
5731, 7.8920046e-01, 4.6723691e-01, 0.0000000e+00 
5732, 7.8920046e-01, 4.6723691e-01, 1.0000000e+00 
5733, 4.6791940e-01, 1.0000000e+00, 6.6311065e-01 
5734, 4.6791940e-01, 0.0000000e+00, 6.6311065e-01 
5735, 4.4038292e-01, 1.0000000e+00, 6.5027481e-01 
5736, 4.4038292e-01, 0.0000000e+00, 6.5027481e-01 
5737, 0.0000000e+00, 3.5018242e-01, 1.3501177e-01 
5738, 1.0000000e+00, 3.5018242e-01, 1.3501177e-01 
5739, 8.7916192e-02, 1.7591557e-01, 0.0000000e+00 
5740, 8.7916192e-02, 1.7591557e-01, 1.0000000e+00 
5741, 5.1315551e-01, 7.5903397e-01, 1.0000000e+00 
5742, 5.1315551e-01, 7.5903397e-01, 0.0000000e+00 
5743, 0.0000000e+00, 2.6824033e-02, 4.8775204e-01 
5744, 1.0000000e+00, 2.6824033e-02, 4.8775204e-01 
5745, 9.4837784e-03, 0.0000000e+00, 4.8525898e-01 
5746, 9.4837784e-03, 1.0000000e+00, 4.8525898e-01 
5747, 4.1220328e-01, 3.4399835e-01, 0.0000000e+00 
5748, 4.1220328e-01, 3.4399835e-01, 1.0000000e+00 
5749, 0.0000000e+00, 3.9235423e-01, 4.8322785e-01 
5750, 1.0000000e+00, 3.9235423e-01, 4.8322785e-01 
5751, 1.0000000e+00, 1.2330435e-01, 2.6534690e-01 
5752, 0.0000000e+00, 1.2330435e-01, 2.6534690e-01 
5753, 1.0000000e+00, 2.4011147e-01, 4.0345788e-01 
5754, 0.0000000e+00, 2.4011147e-01, 4.0345788e-01 
5755, 1.0000000e+00, 6.5869638e-01, 4.1544353e-01 
5756, 0.0000000e+00, 6.5869638e-01, 4.1544353e-01 
5757, 4.9364478e-01, 7.9120539e-01, 0.0000000e+00 
5758, 4.9364478e-01, 7.9120539e-01, 1.0000000e+00 
5759, 4.6680738e-01, 7.7768557e-01, 0.0000000e+00 
5760, 4.6680738e-01, 7.7768557e-01, 1.0000000e+00 
5761, 1.0000000e+00, 7.6752273e-02, 1.6782286e-01 
5762, 7.6680414e-02, 1.0000000e+00, 1.9571532e-01 
5763, 6.7810244e-01, 4.9188247e-01, 0.0000000e+00 
5764, 6.7810244e-01, 4.9188247e-01, 1.0000000e+00 
5765, 6.2019487e-01, 4.2612287e-01, 0.0000000e+00 
5766, 6.2019487e-01, 4.2612287e-01, 1.0000000e+00 
5767, 5.8050307e-01, 0.0000000e+00, 1.8047346e-01 
5768, 5.8050307e-01, 1.0000000e+00, 1.8047346e-01 
5769, 4.2610660e-01, 4.9894754e-01, 1.0000000e+00 
5770, 4.2610660e-01, 4.9894754e-01, 0.0000000e+00 
5771, 6.7892406e-01, 1.0000000e+00, 1.9198527e-01 
5772, 6.7892406e-01, 0.0000000e+00, 1.9198527e-01 
5773, 0.0000000e+00, 4.8864661e-01, 7.7348148e-01 
5774, 1.0000000e+00, 4.8864661e-01, 7.7348148e-01 
5775, 5.6813633e-01, 1.0000000e+00, 8.7271546e-01 
5776, 5.6813633e-01, 0.0000000e+00, 8.7271546e-01 
5777, 5.5687481e-01, 1.0000000e+00, 8.2355112e-01 
5778, 5.5687481e-01, 0.0000000e+00, 8.2355112e-01 
5779, 8.2086349e-01, 0.0000000e+00, 4.6290558e-01 
5780, 8.2086349e-01, 1.0000000e+00, 4.6290558e-01 
5781, 1.0000000e+00, 3.1800686e-01, 5.6373470e-01 
5782, 0.0000000e+00, 3.1800686e-01, 5.6373470e-01 
5783, 0.0000000e+00, 2.6191127e-01, 3.0563384e-01 
5784, 1.0000000e+00, 2.6191127e-01, 3.0563384e-01 
5785, 1.0000000e+00, 4.6874697e-01, 1.8264721e-01 
5786, 0.0000000e+00, 4.6874697e-01, 1.8264721e-01 
5787, 1.0000000e+00, 4.4531285e-01, 9.0703081e-02 
5788, 0.0000000e+00, 4.4531285e-01, 9.0703081e-02 
5789, 8.6260408e-01, 1.0000000e+00, 6.7150767e-01 
5790, 8.6260408e-01, 0.0000000e+00, 6.7150767e-01 
5791, 1.0000000e+00, 1.1622345e-01, 4.4259832e-01 
5792, 0.0000000e+00, 1.1622345e-01, 4.4259832e-01 
5793, 4.3116230e-01, 0.0000000e+00, 6.6400889e-01 
5794, 4.3116230e-01, 1.0000000e+00, 6.6400889e-01 
5795, 6.3490145e-01, 0.0000000e+00, 2.2387674e-01 
5796, 6.3490145e-01, 1.0000000e+00, 2.2387674e-01 
5797, 7.5305906e-02, 1.0000000e+00, 9.8105664e-03 
5798, 6.2561280e-02, 4.1667167e-02, 1.0000000e+00 
5799, 1.1234229e-01, 8.6255057e-01, 0.0000000e+00 
5800, 1.1234229e-01, 8.6255057e-01, 1.0000000e+00 
5801, 0.0000000e+00, 9.4972169e-01, 1.3593740e-01 
5802, 1.0000000e+00, 9.4972169e-01, 1.3593740e-01 
5803, 0.0000000e+00, 1.0803672e-02, 7.2975589e-01 
5804, 1.0000000e+00, 1.0803672e-02, 7.2975589e-01 
5805, 0.0000000e+00, 4.3789759e-01, 7.7235867e-01 
5806, 1.0000000e+00, 4.3789759e-01, 7.7235867e-01 
5807, 0.0000000e+00, 4.4000767e-01, 7.5977761e-01 
5808, 1.0000000e+00, 4.4000767e-01, 7.5977761e-01 
5809, 0.0000000e+00, 7.0844843e-01, 4.9441697e-01 
5810, 1.0000000e+00, 7.0844843e-01, 4.9441697e-01 
5811, 1.0000000e+00, 3.1147405e-01, 1.3886685e-01 
5812, 0.0000000e+00, 3.1147405e-01, 1.3886685e-01 
5813, 4.6195532e-01, 4.7996063e-01, 1.0000000e+00 
5814, 4.6195532e-01, 4.7996063e-01, 0.0000000e+00 
5815, 4.5764259e-02, 7.0971657e-01, 1.0000000e+00 
5816, 4.5764259e-02, 7.0971657e-01, 0.0000000e+00 
5817, 3.5531476e-02, 6.9636624e-01, 1.0000000e+00 
5818, 3.5531476e-02, 6.9636624e-01, 0.0000000e+00 
5819, 8.0047855e-01, 8.2123521e-01, 1.0000000e+00 
5820, 8.0047855e-01, 8.2123521e-01, 0.0000000e+00 
5821, 5.1023908e-01, 0.0000000e+00, 5.7140672e-01 
5822, 5.1023908e-01, 1.0000000e+00, 5.7140672e-01 
5823, 0.0000000e+00, 2.6773609e-01, 1.8597631e-01 
5824, 1.0000000e+00, 2.6773609e-01, 1.8597631e-01 
5825, 1.0526426e-01, 8.5438549e-01, 0.0000000e+00 
5826, 1.0526426e-01, 8.5438549e-01, 1.0000000e+00 
5827, 0.0000000e+00, 1.5120677e-01, 9.0740827e-01 
5828, 1.0000000e+00, 1.5120677e-01, 9.0740827e-01 
5829, 0.0000000e+00, 2.8641739e-01, 1.4938191e-01 
5830, 1.0000000e+00, 2.8641739e-01, 1.4938191e-01 
5831, 5.7005100e-01, 0.0000000e+00, 6.7945858e-01 
5832, 5.7005100e-01, 1.0000000e+00, 6.7945858e-01 
5833, 6.0446495e-01, 0.0000000e+00, 7.1418081e-01 
5834, 6.0446495e-01, 1.0000000e+00, 7.1418081e-01 
5835, 8.3795729e-01, 1.0000000e+00, 7.9567021e-01 
5836, 8.3795729e-01, 0.0000000e+00, 7.9567021e-01 
5837, 1.0000000e+00, 9.0949948e-01, 8.7350795e-01 
5838, 0.0000000e+00, 9.0949948e-01, 8.7350795e-01 
5839, 8.2176953e-01, 9.9027103e-01, 0.0000000e+00 
5840, 8.2176953e-01, 9.9027103e-01, 1.0000000e+00 
5841, 1.0000000e+00, 9.1953855e-01, 9.4737471e-02 
5842, 0.0000000e+00, 9.1953855e-01, 9.4737471e-02 
5843, 8.5373506e-01, 1.0000000e+00, 8.5660183e-02 
5844, 8.5373506e-01, 0.0000000e+00, 8.5660183e-02 
5845, 7.6176480e-02, 1.0000000e+00, 9.0256433e-01 
5846, 7.6176480e-02, 0.0000000e+00, 9.0256433e-01 
5847, 0.0000000e+00, 3.6017912e-01, 1.0774060e-01 
5848, 1.0000000e+00, 3.6017912e-01, 1.0774060e-01 
5849, 1.0000000e+00, 2.0217511e-01, 7.9338320e-01 
5850, 0.0000000e+00, 2.0217511e-01, 7.9338320e-01 
5851, 7.8905322e-01, 1.5331027e-01, 0.0000000e+00 
5852, 7.8905322e-01, 1.5331027e-01, 1.0000000e+00 
5853, 7.9557392e-01, 1.4674216e-01, 0.0000000e+00 
5854, 7.9557392e-01, 1.4674216e-01, 1.0000000e+00 
5855, 7.8902882e-01, 1.5536046e-01, 0.0000000e+00 
5856, 7.8902882e-01, 1.5536046e-01, 1.0000000e+00 
5857, 0.0000000e+00, 1.2094959e-01, 9.2741539e-01 
5858, 1.0000000e+00, 1.2094959e-01, 9.2741539e-01 
5859, 3.1607761e-02, 2.0980903e-01, 1.0000000e+00 
5860, 3.1607761e-02, 2.0980903e-01, 0.0000000e+00 
5861, 1.3969140e-01, 8.0258983e-01, 0.0000000e+00 
5862, 1.3969140e-01, 8.0258983e-01, 1.0000000e+00 
5863, 1.0000000e+00, 2.4634999e-02, 8.3761398e-01 
5864, 0.0000000e+00, 2.4634999e-02, 8.3761398e-01 
5865, 6.6148558e-01, 0.0000000e+00, 5.9592986e-01 
5866, 6.6148558e-01, 1.0000000e+00, 5.9592986e-01 
5867, 6.6041122e-01, 0.0000000e+00, 5.9736771e-01 
5868, 6.6041122e-01, 1.0000000e+00, 5.9736771e-01 
5869, 3.8084969e-01, 1.0000000e+00, 2.6463639e-01 
5870, 3.8084969e-01, 0.0000000e+00, 2.6463639e-01 
5871, 0.0000000e+00, 8.6558051e-01, 2.3249378e-01 
5872, 1.0000000e+00, 8.6558051e-01, 2.3249378e-01 
5873, 1.0000000e+00, 5.1866487e-01, 7.2807062e-01 
5874, 0.0000000e+00, 5.1866487e-01, 7.2807062e-01 
5875, 7.1445591e-01, 1.0000000e+00, 8.5677495e-01 
5876, 7.1445591e-01, 0.0000000e+00, 8.5677495e-01 
5877, 4.3691883e-02, 0.0000000e+00, 8.2499086e-01 
5878, 4.3691883e-02, 1.0000000e+00, 8.2499086e-01 
5879, 0.0000000e+00, 3.6031095e-01, 7.2602093e-01 
5880, 1.0000000e+00, 3.6031095e-01, 7.2602093e-01 
5881, 4.7503510e-01, 8.0938801e-01, 1.0000000e+00 
5882, 4.7503510e-01, 8.0938801e-01, 0.0000000e+00 
5883, 0.0000000e+00, 4.8336644e-01, 1.2123925e-01 
5884, 1.0000000e+00, 4.8336644e-01, 1.2123925e-01 
5885, 1.0000000e+00, 1.1134872e-01, 3.0193942e-01 
5886, 0.0000000e+00, 1.1134872e-01, 3.0193942e-01 
5887, 2.4765943e-01, 0.0000000e+00, 6.2771273e-01 
5888, 2.4765943e-01, 1.0000000e+00, 6.2771273e-01 
5889, 2.6598024e-01, 3.4694470e-18, 6.1712182e-01 
5890, 2.6598024e-01, 1.0000000e+00, 6.1712182e-01 
5891, 3.8201493e-01, 7.2140075e-01, 1.0000000e+00 
5892, 3.8201493e-01, 7.2140075e-01, 0.0000000e+00 
5893, 8.6416900e-01, 0.0000000e+00, 6.4349725e-01 
5894, 8.6416900e-01, 1.0000000e+00, 6.4349725e-01 
5895, 4.6961031e-01, 8.1997488e-01, 1.0000000e+00 
5896, 4.6961031e-01, 8.1997488e-01, 0.0000000e+00 
5897, 2.3263418e-01, 2.6051138e-02, 1.0000000e+00 
5898, 2.3520789e-01, 1.0000000e+00, 1.5308283e-02 
5899, 3.5832158e-01, 5.5145307e-01, 1.0000000e+00 
5900, 3.5832158e-01, 5.5145307e-01, 0.0000000e+00 
5901, 4.7868330e-01, 4.9810778e-01, 1.0000000e+00 
5902, 4.7868330e-01, 4.9810778e-01, 0.0000000e+00 
5903, 2.2788874e-01, 1.5138608e-01, 1.0000000e+00 
5904, 2.2788874e-01, 1.5138608e-01, 0.0000000e+00 
5905, 6.0173588e-01, 1.0000000e+00, 3.3673430e-01 
5906, 6.0173588e-01, 0.0000000e+00, 3.3673430e-01 
5907, 8.3731295e-01, 1.0000000e+00, 5.7276026e-01 
5908, 8.3731295e-01, 0.0000000e+00, 5.7276026e-01 
5909, 0.0000000e+00, 7.3182916e-01, 5.1323429e-01 
5910, 1.0000000e+00, 7.3182916e-01, 5.1323429e-01 
5911, 2.2501863e-01, 1.0000000e+00, 8.3883355e-01 
5912, 2.2501863e-01, 0.0000000e+00, 8.3883355e-01 
5913, 2.0531064e-01, 1.0000000e+00, 8.2949449e-01 
5914, 2.0531064e-01, 0.0000000e+00, 8.2949449e-01 
5915, 9.1460590e-01, 0.0000000e+00, 4.8398965e-01 
5916, 9.1460590e-01, 1.0000000e+00, 4.8398965e-01 
5917, 1.0000000e+00, 3.9377107e-01, 5.0319245e-01 
5918, 0.0000000e+00, 3.9377107e-01, 5.0319245e-01 
5919, 1.0000000e+00, 4.3521581e-01, 7.6731355e-01 
5920, 0.0000000e+00, 4.3521581e-01, 7.6731355e-01 
5921, 2.2388560e-01, 6.8634730e-01, 0.0000000e+00 
5922, 2.2388560e-01, 6.8634730e-01, 1.0000000e+00 
5923, 3.0390975e-01, 0.0000000e+00, 1.9803680e-01 
5924, 3.0390975e-01, 1.0000000e+00, 1.9803680e-01 
5925, 0.0000000e+00, 3.0032516e-01, 2.8440214e-01 
5926, 1.0000000e+00, 3.0032516e-01, 2.8440214e-01 
5927, 2.3753187e-01, 7.8022929e-01, 6.9388939e-18 
5928, 2.3753187e-01, 7.8022929e-01, 1.0000000e+00 
5929, 1.0000000e+00, 7.4260603e-01, 6.2422720e-01 
5930, 0.0000000e+00, 7.4260603e-01, 6.2422720e-01 
5931, 0.0000000e+00, 4.8808211e-01, 6.7616734e-01 
5932, 1.0000000e+00, 4.8808211e-01, 6.7616734e-01 
5933, 9.4819798e-01, 5.8374120e-01, 1.0000000e+00 
5934, 9.4819798e-01, 5.8374120e-01, 0.0000000e+00 
5935, 3.6610064e-01, 0.0000000e+00, 4.9152096e-01 
5936, 3.6610064e-01, 1.0000000e+00, 4.9152096e-01 
5937, 2.3792906e-01, 0.0000000e+00, 3.7489855e-01 
5938, 2.3792906e-01, 1.0000000e+00, 3.7489855e-01 
5939, 1.0000000e+00, 6.9556420e-01, 8.4082130e-01 
5940, 0.0000000e+00, 6.9556420e-01, 8.4082130e-01 
5941, 1.0000000e+00, 9.1256134e-02, 8.2102882e-01 
5942, 0.0000000e+00, 9.1256134e-02, 8.2102882e-01 
5943, 1.0000000e+00, 9.8707912e-02, 8.0409173e-01 
5944, 0.0000000e+00, 9.8707912e-02, 8.0409173e-01 
5945, 8.6196158e-01, 5.1545780e-01, 0.0000000e+00 
5946, 8.6196158e-01, 5.1545780e-01, 1.0000000e+00 
5947, 4.8462778e-01, 0.0000000e+00, 1.4663194e-01 
5948, 4.8462778e-01, 1.0000000e+00, 1.4663194e-01 
5949, 5.8497245e-01, 9.1343687e-01, 1.0000000e+00 
5950, 5.8497245e-01, 9.1343687e-01, 0.0000000e+00 
5951, 4.6988956e-01, 6.9388939e-18, 6.9177389e-02 
5952, 4.6988956e-01, 1.0000000e+00, 6.9177389e-02 
5953, 2.9336728e-01, 6.8122456e-01, 0.0000000e+00 
5954, 2.9336728e-01, 6.8122456e-01, 1.0000000e+00 
5955, 0.0000000e+00, 4.5819516e-01, 4.7489873e-01 
5956, 1.0000000e+00, 4.5819516e-01, 4.7489873e-01 
5957, 4.3145812e-01, 1.0000000e+00, 6.1925781e-01 
5958, 4.3145812e-01, 0.0000000e+00, 6.1925781e-01 
5959, 7.4324400e-01, 9.3649196e-02, 1.0000000e+00 
5960, 7.4324400e-01, 9.3649196e-02, 0.0000000e+00 
5961, 1.4064230e-01, 0.0000000e+00, 1.8354795e-01 
5962, 1.4064230e-01, 1.0000000e+00, 1.8354795e-01 
5963, 5.8666374e-02, 1.4444054e-01, 0.0000000e+00 
5964, 5.8666374e-02, 1.4444054e-01, 1.0000000e+00 
5965, 5.5014461e-01, 1.0000000e+00, 1.5194291e-01 
5966, 5.5014461e-01, 0.0000000e+00, 1.5194291e-01 
5967, 4.2754980e-01, 1.0000000e+00, 8.7733306e-01 
5968, 4.2754980e-01, 0.0000000e+00, 8.7733306e-01 
5969, 4.1009535e-01, 1.0000000e+00, 9.1781915e-01 
5970, 4.1009535e-01, 0.0000000e+00, 9.1781915e-01 
5971, 2.7781687e-02, 6.2133072e-01, 0.0000000e+00 
5972, 2.7781687e-02, 6.2133072e-01, 1.0000000e+00 
5973, 1.5953145e-01, 0.0000000e+00, 1.8205188e-01 
5974, 1.5953145e-01, 1.0000000e+00, 1.8205188e-01 
5975, 5.8720116e-01, 0.0000000e+00, 2.2724180e-01 
5976, 5.8720116e-01, 1.0000000e+00, 2.2724180e-01 
5977, 3.6255424e-01, 2.6378921e-01, 1.0000000e+00 
5978, 3.6255424e-01, 2.6378921e-01, 0.0000000e+00 
5979, 3.5071739e-01, 2.4103538e-01, 1.0000000e+00 
5980, 3.5071739e-01, 2.4103538e-01, 0.0000000e+00 
5981, 4.7686803e-01, 1.0000000e+00, 6.1548585e-01 
5982, 4.7686803e-01, 0.0000000e+00, 6.1548585e-01 
5983, 1.0000000e+00, 2.8664308e-01, 3.0753553e-01 
5984, 0.0000000e+00, 2.8664308e-01, 3.0753553e-01 
5985, 1.0000000e+00, 2.7799383e-01, 2.8340696e-01 
5986, 0.0000000e+00, 2.7799383e-01, 2.8340696e-01 
5987, 1.0000000e+00, 1.7432803e-01, 7.2480445e-01 
5988, 0.0000000e+00, 1.7432803e-01, 7.2480445e-01 
5989, 2.4199679e-01, 8.8971016e-01, 1.0000000e+00 
5990, 2.4199679e-01, 8.8971016e-01, 0.0000000e+00 
5991, 2.1723647e-01, 8.2022850e-01, 1.0000000e+00 
5992, 2.1723647e-01, 8.2022850e-01, 0.0000000e+00 
5993, 3.7393126e-01, 5.7048670e-01, 1.0000000e+00 
5994, 3.7393126e-01, 5.7048670e-01, 0.0000000e+00 
5995, 1.0000000e+00, 5.7578124e-02, 1.7005810e-01 
5996, 0.0000000e+00, 5.7578124e-02, 1.7005810e-01 
5997, 9.2621910e-01, 3.4694470e-18, 1.4901222e-01 
5998, 9.2621910e-01, 1.0000000e+00, 1.4901222e-01 
5999, 0.0000000e+00, 1.8473873e-01, 1.2317565e-01 
6000, 1.0000000e+00, 1.8473873e-01, 1.2317565e-01 
6001, 1.0000000e+00, 2.6779181e-01, 9.0649030e-01 
6002, 0.0000000e+00, 2.6779181e-01, 9.0649030e-01 
6003, 1.0000000e+00, 3.1373876e-01, 8.0737160e-01 
6004, 0.0000000e+00, 3.1373876e-01, 8.0737160e-01 
6005, 4.1503506e-01, 1.0000000e+00, 5.6753267e-01 
6006, 4.1503506e-01, 0.0000000e+00, 5.6753267e-01 
6007, 1.0736529e-01, 1.0000000e+00, 3.0511240e-01 
6008, 1.0736529e-01, 0.0000000e+00, 3.0511240e-01 
6009, 5.9470852e-02, 4.1211916e-01, 1.0000000e+00 
6010, 5.9470852e-02, 4.1211916e-01, 0.0000000e+00 
6011, 8.8386537e-02, 3.6725258e-01, 1.0000000e+00 
6012, 8.8386537e-02, 3.6725258e-01, 0.0000000e+00 
6013, 1.7930699e-01, 0.0000000e+00, 8.4823201e-01 
6014, 1.7930699e-01, 1.0000000e+00, 8.4823201e-01 
6015, 2.7803542e-01, 6.2398864e-01, 0.0000000e+00 
6016, 2.7803542e-01, 6.2398864e-01, 1.0000000e+00 
6017, 2.5949283e-01, 5.4310759e-01, 0.0000000e+00 
6018, 2.5949283e-01, 5.4310759e-01, 1.0000000e+00 
6019, 2.6547187e-01, 5.5701245e-01, 8.6736174e-19 
6020, 2.6547187e-01, 5.5701245e-01, 1.0000000e+00 
6021, 0.0000000e+00, 4.2744756e-02, 3.2719336e-01 
6022, 9.7478630e-01, 1.0000000e+00, 3.4745413e-01 
6023, 6.2539515e-01, 0.0000000e+00, 9.4004618e-01 
6024, 6.2539515e-01, 1.0000000e+00, 9.4004618e-01 
6025, 6.3228085e-01, 0.0000000e+00, 8.3617116e-01 
6026, 6.3228085e-01, 1.0000000e+00, 8.3617116e-01 
6027, 1.0000000e+00, 5.2329013e-01, 1.5193723e-01 
6028, 0.0000000e+00, 5.2329013e-01, 1.5193723e-01 
6029, 1.0000000e+00, 5.2887682e-01, 1.5218480e-01 
6030, 0.0000000e+00, 5.2887682e-01, 1.5218480e-01 
6031, 7.4940703e-01, 4.0636260e-01, 1.0000000e+00 
6032, 7.4940703e-01, 4.0636260e-01, 0.0000000e+00 
6033, 1.0000000e+00, 1.0654971e-01, 4.5488608e-01 
6034, 0.0000000e+00, 1.0654971e-01, 4.5488608e-01 
6035, 3.3868473e-01, 1.0000000e+00, 7.7572516e-01 
6036, 3.3868473e-01, 0.0000000e+00, 7.7572516e-01 
6037, 5.1741039e-01, 1.0000000e+00, 7.3084908e-01 
6038, 5.1741039e-01, 0.0000000e+00, 7.3084908e-01 
6039, 1.3375963e-01, 0.0000000e+00, 1.0994968e-01 
6040, 1.3375963e-01, 1.0000000e+00, 1.0994968e-01 
6041, 1.2041210e-01, 9.3443527e-02, 0.0000000e+00 
6042, 1.2041210e-01, 9.3443527e-02, 1.0000000e+00 
6043, 0.0000000e+00, 1.1664065e-01, 1.3876091e-01 
6044, 1.0000000e+00, 1.1664065e-01, 1.3876091e-01 
6045, 1.0000000e+00, 9.8061017e-01, 1.4325341e-01 
6046, 0.0000000e+00, 9.8061017e-01, 1.4325341e-01 
6047, 9.5338584e-01, 1.0000000e+00, 1.3683963e-01 
6048, 9.5338584e-01, 0.0000000e+00, 1.3683963e-01 
6049, 0.0000000e+00, 2.0297695e-01, 8.2573202e-01 
6050, 1.0000000e+00, 2.0297695e-01, 8.2573202e-01 
6051, 1.0000000e+00, 2.5867387e-01, 2.0830969e-01 
6052, 0.0000000e+00, 2.5867387e-01, 2.0830969e-01 
6053, 0.0000000e+00, 7.6868804e-01, 4.6724593e-01 
6054, 1.0000000e+00, 7.6868804e-01, 4.6724593e-01 
6055, 2.7545200e-02, 5.8679420e-01, 0.0000000e+00 
6056, 1.0000000e+00, 5.7375447e-01, 9.9759980e-01 
6057, 8.2158854e-01, 2.0833916e-01, 0.0000000e+00 
6058, 8.2158854e-01, 2.0833916e-01, 1.0000000e+00 
6059, 5.4327638e-01, 3.7585964e-01, 0.0000000e+00 
6060, 5.4327638e-01, 3.7585964e-01, 1.0000000e+00 
6061, 7.5419978e-01, 0.0000000e+00, 9.4362211e-01 
6062, 8.1448632e-01, 9.5610438e-01, 0.0000000e+00 
6063, 2.8766303e-01, 0.0000000e+00, 5.3015906e-01 
6064, 2.8766303e-01, 1.0000000e+00, 5.3015906e-01 
6065, 8.5239577e-01, 1.0000000e+00, 4.0400345e-01 
6066, 8.5239577e-01, 0.0000000e+00, 4.0400345e-01 
6067, 1.0000000e+00, 9.5171144e-01, 4.0795372e-01 
6068, 0.0000000e+00, 9.5171144e-01, 4.0795372e-01 
6069, 7.7962253e-01, 3.8511788e-02, 0.0000000e+00 
6070, 7.7962253e-01, 3.8511788e-02, 1.0000000e+00 
6071, 7.5015114e-01, 1.0000000e+00, 9.7460804e-01 
6072, 7.5015114e-01, 0.0000000e+00, 9.7460804e-01 
6073, 7.8294733e-01, 9.3354477e-01, 1.0000000e+00 
6074, 7.8294733e-01, 9.3354477e-01, 0.0000000e+00 
6075, 4.6195667e-01, 1.8547857e-01, 0.0000000e+00 
6076, 4.6195667e-01, 1.8547857e-01, 1.0000000e+00 
6077, 0.0000000e+00, 5.4086680e-01, 5.9523987e-01 
6078, 1.0000000e+00, 5.4086680e-01, 5.9523987e-01 
6079, 9.2133611e-01, 4.1887866e-01, 0.0000000e+00 
6080, 9.2133611e-01, 4.1887866e-01, 1.0000000e+00 
6081, 0.0000000e+00, 6.4640794e-01, 2.4318899e-02 
6082, 1.0000000e+00, 6.4640794e-01, 2.4318899e-02 
6083, 6.0929808e-02, 6.4973710e-01, 0.0000000e+00 
6084, 6.0929808e-02, 6.4973710e-01, 1.0000000e+00 
6085, 6.3117743e-02, 0.0000000e+00, 2.2200805e-01 
6086, 6.3117743e-02, 1.0000000e+00, 2.2200805e-01 
6087, 8.2460460e-01, 1.0000000e+00, 9.5940331e-01 
6088, 8.4335680e-01, 2.9068846e-02, 0.0000000e+00 
6089, 8.7918314e-01, 1.0000000e+00, 8.8494948e-01 
6090, 8.7918314e-01, 0.0000000e+00, 8.8494948e-01 
6091, 7.9194949e-01, 1.0000000e+00, 8.7733509e-01 
6092, 7.9194949e-01, 0.0000000e+00, 8.7733509e-01 
6093, 1.0000000e+00, 8.7976204e-01, 6.9711038e-01 
6094, 0.0000000e+00, 8.7976204e-01, 6.9711038e-01 
6095, 2.2644278e-01, 4.2122414e-01, 0.0000000e+00 
6096, 2.2644278e-01, 4.2122414e-01, 1.0000000e+00 
6097, 1.9356676e-01, 0.0000000e+00, 8.0480819e-01 
6098, 1.9356676e-01, 1.0000000e+00, 8.0480819e-01 
6099, 1.8867764e-01, 0.0000000e+00, 7.8339264e-01 
6100, 1.8867764e-01, 1.0000000e+00, 7.8339264e-01 
6101, 3.7254987e-01, 3.4694470e-18, 1.4712108e-01 
6102, 3.7254987e-01, 1.0000000e+00, 1.4712108e-01 
6103, 7.8080348e-01, 6.7587161e-01, 1.0000000e+00 
6104, 7.8080348e-01, 6.7587161e-01, 0.0000000e+00 
6105, 7.5304560e-01, 7.2148563e-01, 1.0000000e+00 
6106, 7.5304560e-01, 7.2148563e-01, 0.0000000e+00 
6107, 6.7320190e-01, 0.0000000e+00, 5.9481292e-01 
6108, 6.7320190e-01, 1.0000000e+00, 5.9481292e-01 
6109, 1.5700939e-01, 2.1561086e-01, 0.0000000e+00 
6110, 1.5700939e-01, 2.1561086e-01, 1.0000000e+00 
6111, 6.0617581e-01, 8.1717457e-01, 1.0000000e+00 
6112, 6.0617581e-01, 8.1717457e-01, 0.0000000e+00 
6113, 2.3274056e-01, 0.0000000e+00, 1.1772171e-01 
6114, 2.3274056e-01, 1.0000000e+00, 1.1772171e-01 
6115, 2.2757721e-01, 4.2130504e-01, 0.0000000e+00 
6116, 2.2757721e-01, 4.2130504e-01, 1.0000000e+00 
6117, 3.0896588e-01, 1.0000000e+00, 6.6659225e-01 
6118, 3.0896588e-01, 0.0000000e+00, 6.6659225e-01 
6119, 1.0000000e+00, 8.2604195e-01, 4.7270098e-01 
6120, 0.0000000e+00, 8.2604195e-01, 4.7270098e-01 
6121, 9.7759188e-01, 4.8768877e-03, 0.0000000e+00 
6122, 0.0000000e+00, 9.7281397e-01, 9.8107815e-01 
6123, 3.6761697e-01, 1.0000000e+00, 8.8310554e-01 
6124, 3.6761697e-01, 0.0000000e+00, 8.8310554e-01 
6125, 3.1965368e-01, 7.8232380e-01, 1.0000000e+00 
6126, 3.1965368e-01, 7.8232380e-01, 0.0000000e+00 
6127, 1.0000000e+00, 6.2812716e-01, 1.4039023e-01 
6128, 0.0000000e+00, 6.2812716e-01, 1.4039023e-01 
6129, 1.0000000e+00, 4.2803561e-01, 7.8884865e-01 
6130, 0.0000000e+00, 4.2803561e-01, 7.8884865e-01 
6131, 1.0000000e+00, 4.1194117e-01, 7.0700827e-01 
6132, 0.0000000e+00, 4.1194117e-01, 7.0700827e-01 
6133, 1.2618244e-01, 8.9613657e-01, 0.0000000e+00 
6134, 1.2618244e-01, 8.9613657e-01, 1.0000000e+00 
6135, 1.2661821e-01, 8.9431391e-01, 0.0000000e+00 
6136, 1.2661821e-01, 8.9431391e-01, 1.0000000e+00 
6137, 8.5777698e-01, 1.0000000e+00, 9.2916040e-01 
6138, 8.5777698e-01, 0.0000000e+00, 9.2916040e-01 
6139, 1.0000000e+00, 2.7803420e-01, 4.7687206e-01 
6140, 0.0000000e+00, 2.7803420e-01, 4.7687206e-01 
6141, 1.0000000e+00, 2.5163812e-01, 4.2165729e-01 
6142, 0.0000000e+00, 2.5163812e-01, 4.2165729e-01 
6143, 1.0000000e+00, 9.4507648e-01, 6.8920478e-01 
6144, 0.0000000e+00, 9.4507648e-01, 6.8920478e-01 
6145, 8.1171205e-01, 7.0604829e-01, 1.0000000e+00 
6146, 8.1171205e-01, 7.0604829e-01, 0.0000000e+00 
6147, 9.0602028e-01, 0.0000000e+00, 5.8624391e-01 
6148, 9.0602028e-01, 1.0000000e+00, 5.8624391e-01 
6149, 8.4814248e-01, 4.4748269e-01, 1.0000000e+00 
6150, 8.4814248e-01, 4.4748269e-01, 0.0000000e+00 
6151, 8.8098326e-01, 4.6165573e-01, 1.0000000e+00 
6152, 8.8098326e-01, 4.6165573e-01, 0.0000000e+00 
6153, 3.5794896e-01, 0.0000000e+00, 8.1321348e-01 
6154, 3.5794896e-01, 1.0000000e+00, 8.1321348e-01 
6155, 0.0000000e+00, 6.8305570e-01, 4.7384931e-01 
6156, 1.0000000e+00, 6.8305570e-01, 4.7384931e-01 
6157, 0.0000000e+00, 6.8021616e-01, 4.8476271e-01 
6158, 1.0000000e+00, 6.8021616e-01, 4.8476271e-01 
6159, 1.0000000e+00, 1.6050592e-01, 6.8539028e-01 
6160, 0.0000000e+00, 1.6050592e-01, 6.8539028e-01 
6161, 6.0389133e-01, 0.0000000e+00, 4.5040277e-02 
6162, 6.0389133e-01, 1.0000000e+00, 4.5040277e-02 
6163, 1.4833708e-01, 2.0550015e-01, 0.0000000e+00 
6164, 1.4833708e-01, 2.0550015e-01, 1.0000000e+00 
6165, 1.0000000e+00, 6.0844798e-01, 4.3624942e-01 
6166, 0.0000000e+00, 6.0844798e-01, 4.3624942e-01 
6167, 9.1486202e-01, 1.0000000e+00, 1.4019022e-01 
6168, 9.1486202e-01, 0.0000000e+00, 1.4019022e-01 
6169, 1.0000000e+00, 1.1032144e-01, 3.3666514e-01 
6170, 0.0000000e+00, 1.1032144e-01, 3.3666514e-01 
6171, 0.0000000e+00, 2.6341528e-01, 3.6987021e-01 
6172, 1.0000000e+00, 2.6341528e-01, 3.6987021e-01 
6173, 1.4497558e-01, 1.3711180e-01, 1.0000000e+00 
6174, 1.4497558e-01, 1.3711180e-01, 0.0000000e+00 
6175, 1.4400963e-01, 1.2617632e-01, 1.0000000e+00 
6176, 1.4400963e-01, 1.2617632e-01, 0.0000000e+00 
6177, 1.4835144e-01, 1.3223666e-01, 1.0000000e+00 
6178, 1.4835144e-01, 1.3223666e-01, 0.0000000e+00 
6179, 1.0000000e+00, 1.5518804e-01, 7.5460597e-01 
6180, 0.0000000e+00, 1.5518804e-01, 7.5460597e-01 
6181, 0.0000000e+00, 3.7701898e-01, 7.8381650e-01 
6182, 1.0000000e+00, 3.7701898e-01, 7.8381650e-01 
6183, 1.3171179e-01, 1.0000000e+00, 7.4265380e-01 
6184, 1.3171179e-01, 0.0000000e+00, 7.4265380e-01 
6185, 1.0000000e+00, 4.6801254e-01, 1.8542197e-01 
6186, 0.0000000e+00, 4.6801254e-01, 1.8542197e-01 
6187, 1.0000000e+00, 8.8093814e-01, 9.6558075e-01 
6188, 0.0000000e+00, 8.8093814e-01, 9.6558075e-01 
6189, 9.9128937e-01, 1.0000000e+00, 8.3781665e-01 
6190, 9.9128937e-01, 0.0000000e+00, 8.3781665e-01 
6191, 0.0000000e+00, 7.2157642e-01, 7.9302011e-01 
6192, 1.0000000e+00, 7.2157642e-01, 7.9302011e-01 
6193, 0.0000000e+00, 7.7836905e-01, 8.4475046e-01 
6194, 1.0000000e+00, 7.7836905e-01, 8.4475046e-01 
6195, 0.0000000e+00, 6.1136700e-01, 6.1879471e-01 
6196, 1.0000000e+00, 6.1136700e-01, 6.1879471e-01 
6197, 2.3265216e-01, 3.5096215e-02, 0.0000000e+00 
6198, 2.3265216e-01, 3.5096215e-02, 1.0000000e+00 
6199, 2.3038991e-01, 0.0000000e+00, 3.4452849e-01 
6200, 2.3038991e-01, 1.0000000e+00, 3.4452849e-01 
6201, 6.1634310e-01, 2.4000643e-01, 1.0000000e+00 
6202, 6.1634310e-01, 2.4000643e-01, 0.0000000e+00 
6203, 0.0000000e+00, 8.1205126e-01, 2.0240234e-01 
6204, 1.0000000e+00, 8.1205126e-01, 2.0240234e-01 
6205, 0.0000000e+00, 4.8952068e-01, 1.3675643e-01 
6206, 1.0000000e+00, 4.8952068e-01, 1.3675643e-01 
6207, 5.7049781e-01, 1.0000000e+00, 4.3553712e-01 
6208, 5.7049781e-01, 0.0000000e+00, 4.3553712e-01 
6209, 0.0000000e+00, 5.0518419e-01, 7.1193011e-02 
6210, 1.0000000e+00, 5.0518419e-01, 7.1193011e-02 
6211, 0.0000000e+00, 5.2487675e-01, 1.5100509e-01 
6212, 1.0000000e+00, 5.2487675e-01, 1.5100509e-01 
6213, 1.0000000e+00, 9.6612985e-01, 7.1104975e-01 
6214, 4.8864061e-02, 0.0000000e+00, 6.4218582e-01 
6215, 0.0000000e+00, 8.5840064e-01, 2.6111722e-01 
6216, 1.0000000e+00, 8.5840064e-01, 2.6111722e-01 
6217, 1.0000000e+00, 9.8615874e-01, 7.5367558e-01 
6218, 0.0000000e+00, 9.8615874e-01, 7.5367558e-01 
6219, 9.5907264e-01, 1.0000000e+00, 6.6889111e-01 
6220, 9.5907264e-01, 0.0000000e+00, 6.6889111e-01 
6221, 1.0000000e+00, 4.0296859e-01, 1.2001401e-01 
6222, 0.0000000e+00, 4.0296859e-01, 1.2001401e-01 
6223, 2.6236473e-01, 3.9504229e-01, 0.0000000e+00 
6224, 2.6236473e-01, 3.9504229e-01, 1.0000000e+00 
6225, 1.0000000e+00, 8.8134426e-01, 6.8005701e-01 
6226, 0.0000000e+00, 8.8134426e-01, 6.8005701e-01 
6227, 0.0000000e+00, 7.9959320e-01, 8.0054727e-01 
6228, 1.0000000e+00, 7.9959320e-01, 8.0054727e-01 
6229, 1.0000000e+00, 8.4128058e-01, 3.4780819e-01 
6230, 0.0000000e+00, 8.4128058e-01, 3.4780819e-01 
6231, 1.0000000e+00, 8.3879399e-01, 3.6796432e-01 
6232, 0.0000000e+00, 8.3879399e-01, 3.6796432e-01 
6233, 0.0000000e+00, 1.4186692e-01, 6.4012405e-01 
6234, 1.0000000e+00, 1.4186692e-01, 6.4012405e-01 
6235, 1.0000000e+00, 4.4055323e-01, 5.8210938e-01 
6236, 0.0000000e+00, 4.4055323e-01, 5.8210938e-01 
6237, 1.0000000e+00, 1.2553102e-01, 2.7061149e-01 
6238, 0.0000000e+00, 1.2553102e-01, 2.7061149e-01 
6239, 1.9595601e-01, 0.0000000e+00, 5.0351855e-01 
6240, 1.9595601e-01, 1.0000000e+00, 5.0351855e-01 
6241, 2.3551917e-01, 0.0000000e+00, 4.8301909e-01 
6242, 2.3551917e-01, 1.0000000e+00, 4.8301909e-01 
6243, 4.2984366e-01, 4.2732476e-02, 1.0000000e+00 
6244, 4.2984366e-01, 4.2732476e-02, 0.0000000e+00 
6245, 2.2582382e-01, 5.3852242e-01, 0.0000000e+00 
6246, 2.2582382e-01, 5.3852242e-01, 1.0000000e+00 
6247, 7.1623762e-01, 0.0000000e+00, 3.3337676e-01 
6248, 7.1623762e-01, 1.0000000e+00, 3.3337676e-01 
6249, 1.0000000e+00, 9.4853903e-01, 6.5048639e-01 
6250, 0.0000000e+00, 9.4853903e-01, 6.5048639e-01 
6251, 1.0000000e+00, 9.5781444e-01, 6.6447276e-01 
6252, 0.0000000e+00, 9.5781444e-01, 6.6447276e-01 
6253, 1.0000000e+00, 8.7761093e-01, 7.5064487e-01 
6254, 0.0000000e+00, 8.7761093e-01, 7.5064487e-01 
6255, 1.0000000e+00, 9.3941912e-01, 1.0727285e-01 
6256, 0.0000000e+00, 9.3941912e-01, 1.0727285e-01 
6257, 4.3870466e-01, 1.3117854e-01, 0.0000000e+00 
6258, 4.3870466e-01, 1.3117854e-01, 1.0000000e+00 
6259, 1.3564684e-01, 7.6455784e-02, 1.3877788e-17 
6260, 1.3564684e-01, 7.6455784e-02, 1.0000000e+00 
6261, 9.6022242e-01, 3.7852463e-01, 0.0000000e+00 
6262, 9.6022242e-01, 3.7852463e-01, 1.0000000e+00 
6263, 1.0000000e+00, 6.3853855e-01, 5.3249226e-01 
6264, 0.0000000e+00, 6.3853855e-01, 5.3249226e-01 
6265, 2.2207457e-01, 1.0000000e+00, 6.9345979e-01 
6266, 2.2207457e-01, 0.0000000e+00, 6.9345979e-01 
6267, 8.5047015e-02, 1.0000000e+00, 7.0914536e-01 
6268, 8.5047015e-02, 0.0000000e+00, 7.0914536e-01 
6269, 1.0000000e+00, 4.1934228e-01, 9.2431032e-02 
6270, 0.0000000e+00, 4.1934228e-01, 9.2431032e-02 
6271, 2.2478505e-01, 1.0000000e+00, 6.8403674e-01 
6272, 2.2478505e-01, 0.0000000e+00, 6.8403674e-01 
6273, 1.2772930e-01, 1.0000000e+00, 3.2480350e-01 
6274, 1.2772930e-01, 0.0000000e+00, 3.2480350e-01 
6275, 1.3629436e-01, 0.0000000e+00, 1.1261491e-01 
6276, 1.3629436e-01, 1.0000000e+00, 1.1261491e-01 
6277, 1.7347235e-18, 9.1904926e-02, 3.9678905e-02 
6278, 1.0000000e+00, 9.1904926e-02, 3.9678905e-02 
6279, 9.4163672e-01, 1.0000000e+00, 8.8927818e-01 
6280, 0.0000000e+00, 7.4434305e-02, 9.0302888e-01 
6281, 0.0000000e+00, 5.6412096e-02, 5.6298602e-01 
6282, 1.0000000e+00, 5.6412096e-02, 5.6298602e-01 
6283, 1.0000000e+00, 8.4131138e-02, 1.7330885e-01 
6284, 0.0000000e+00, 8.4131138e-02, 1.7330885e-01 
6285, 2.1059748e-01, 3.1739483e-01, 0.0000000e+00 
6286, 2.1059748e-01, 3.1739483e-01, 1.0000000e+00 
6287, 1.8880924e-01, 2.7346884e-01, 0.0000000e+00 
6288, 1.8880924e-01, 2.7346884e-01, 1.0000000e+00 
6289, 1.0000000e+00, 1.6027266e-01, 3.3123377e-01 
6290, 0.0000000e+00, 1.6027266e-01, 3.3123377e-01 
6291, 5.2280899e-01, 0.0000000e+00, 2.8283063e-02 
6292, 5.2280899e-01, 1.0000000e+00, 2.8283063e-02 
6293, 5.2116518e-01, 6.9367476e-03, 0.0000000e+00 
6294, 5.2116518e-01, 6.9367476e-03, 1.0000000e+00 
6295, 5.2280084e-01, 0.0000000e+00, 2.8286626e-02 
6296, 5.2280084e-01, 1.0000000e+00, 2.8286626e-02 
6297, 6.8456539e-01, 1.0000000e+00, 6.2410666e-01 
6298, 6.8456539e-01, 0.0000000e+00, 6.2410666e-01 
6299, 9.5490719e-02, 7.0675993e-01, 1.0000000e+00 
6300, 9.5490719e-02, 7.0675993e-01, 0.0000000e+00 
6301, 8.6050897e-01, 3.4694470e-18, 6.7056548e-01 
6302, 8.6050897e-01, 1.0000000e+00, 6.7056548e-01 
6303, 9.8935498e-01, 0.0000000e+00, 8.5095575e-01 
6304, 9.8935498e-01, 1.0000000e+00, 8.5095575e-01 
6305, 9.9002484e-01, 0.0000000e+00, 8.7214157e-01 
6306, 9.9002484e-01, 1.0000000e+00, 8.7214157e-01 
6307, 9.3377345e-01, 0.0000000e+00, 6.9038541e-01 
6308, 9.3377345e-01, 1.0000000e+00, 6.9038541e-01 
6309, 3.8866548e-01, 5.9607516e-01, 0.0000000e+00 
6310, 3.8866548e-01, 5.9607516e-01, 1.0000000e+00 
6311, 5.5583300e-01, 3.3102751e-01, 0.0000000e+00 
6312, 5.5583300e-01, 3.3102751e-01, 1.0000000e+00 
6313, 6.0220933e-01, 3.6125585e-01, 0.0000000e+00 
6314, 6.0220933e-01, 3.6125585e-01, 1.0000000e+00 
6315, 2.3662078e-01, 7.5255828e-01, 1.0000000e+00 
6316, 2.3662078e-01, 7.5255828e-01, 0.0000000e+00 
6317, 0.0000000e+00, 8.6873144e-01, 8.2381690e-01 
6318, 1.0000000e+00, 8.6873144e-01, 8.2381690e-01 
6319, 1.9192341e-01, 5.0231752e-01, 1.0000000e+00 
6320, 1.9192341e-01, 5.0231752e-01, 0.0000000e+00 
6321, 1.2747454e-01, 0.0000000e+00, 3.5721130e-01 
6322, 1.2747454e-01, 1.0000000e+00, 3.5721130e-01 
6323, 0.0000000e+00, 9.2701677e-01, 3.0127728e-01 
6324, 1.0000000e+00, 9.2701677e-01, 3.0127728e-01 
6325, 2.7656078e-02, 1.0000000e+00, 9.8549122e-01 
6326, 2.7656078e-02, 0.0000000e+00, 9.8549122e-01 
6327, 3.5388644e-02, 1.0000000e+00, 9.8332419e-01 
6328, 3.5388644e-02, 0.0000000e+00, 9.8332419e-01 
6329, 2.6637857e-02, 1.0000000e+00, 9.8051784e-01 
6330, 1.0000000e+00, 7.5981517e-02, 9.1640173e-01 
6331, 4.5878235e-01, 2.0216022e-01, 1.0000000e+00 
6332, 4.5878235e-01, 2.0216022e-01, 0.0000000e+00 
6333, 0.0000000e+00, 6.1049664e-01, 1.0777642e-01 
6334, 1.0000000e+00, 6.1049664e-01, 1.0777642e-01 
6335, 5.9847047e-01, 0.0000000e+00, 1.5568569e-01 
6336, 5.9847047e-01, 1.0000000e+00, 1.5568569e-01 
6337, 0.0000000e+00, 3.5290357e-01, 5.2188954e-01 
6338, 1.0000000e+00, 3.5290357e-01, 5.2188954e-01 
6339, 8.9616648e-01, 2.5282444e-01, 0.0000000e+00 
6340, 8.9616648e-01, 2.5282444e-01, 1.0000000e+00 
6341, 1.0000000e+00, 5.6693197e-01, 9.3442533e-02 
6342, 0.0000000e+00, 5.6693197e-01, 9.3442533e-02 
6343, 5.3193515e-01, 1.0000000e+00, 1.8356849e-01 
6344, 5.3193515e-01, 0.0000000e+00, 1.8356849e-01 
6345, 1.6375430e-01, 0.0000000e+00, 7.7646790e-01 
6346, 1.6375430e-01, 1.0000000e+00, 7.7646790e-01 
6347, 0.0000000e+00, 6.6579413e-01, 4.3369302e-01 
6348, 1.0000000e+00, 6.6579413e-01, 4.3369302e-01 
6349, 7.5596128e-01, 1.0000000e+00, 5.2585213e-01 
6350, 7.5596128e-01, 0.0000000e+00, 5.2585213e-01 
6351, 0.0000000e+00, 6.7880408e-02, 3.7354794e-01 
6352, 1.0000000e+00, 6.7880408e-02, 3.7354794e-01 
6353, 1.0000000e+00, 6.2637838e-01, 8.0283292e-01 
6354, 0.0000000e+00, 6.2637838e-01, 8.0283292e-01 
6355, 1.8095233e-01, 3.4063403e-01, 1.0000000e+00 
6356, 1.8095233e-01, 3.4063403e-01, 0.0000000e+00 
6357, 7.1675479e-01, 1.0000000e+00, 5.3261159e-01 
6358, 7.1675479e-01, 0.0000000e+00, 5.3261159e-01 
6359, 5.0552301e-01, 0.0000000e+00, 5.7297521e-01 
6360, 5.0552301e-01, 1.0000000e+00, 5.7297521e-01 
6361, 5.3768488e-01, 2.8547321e-01, 0.0000000e+00 
6362, 5.3768488e-01, 2.8547321e-01, 1.0000000e+00 
6363, 1.0000000e+00, 6.2030943e-01, 3.3144739e-01 
6364, 0.0000000e+00, 6.2030943e-01, 3.3144739e-01 
6365, 5.5490513e-01, 1.0000000e+00, 4.2896089e-01 
6366, 5.5490513e-01, 0.0000000e+00, 4.2896089e-01 
6367, 1.0000000e+00, 3.3073189e-01, 9.4067491e-01 
6368, 0.0000000e+00, 3.3073189e-01, 9.4067491e-01 
6369, 1.2775999e-01, 1.0000000e+00, 5.7839373e-01 
6370, 1.2775999e-01, 0.0000000e+00, 5.7839373e-01 
6371, 5.2970194e-01, 1.0000000e+00, 2.3434293e-01 
6372, 5.2970194e-01, 0.0000000e+00, 2.3434293e-01 
6373, 0.0000000e+00, 4.1337427e-01, 9.0313131e-01 
6374, 1.0000000e+00, 4.1337427e-01, 9.0313131e-01 
6375, 0.0000000e+00, 4.0711837e-01, 9.0681677e-01 
6376, 1.0000000e+00, 4.0711837e-01, 9.0681677e-01 
6377, 1.0000000e+00, 2.9501183e-01, 5.4233578e-01 
6378, 0.0000000e+00, 2.9501183e-01, 5.4233578e-01 
6379, 1.9514702e-01, 1.2909145e-01, 0.0000000e+00 
6380, 1.9514702e-01, 1.2909145e-01, 1.0000000e+00 
6381, 8.1890684e-01, 3.3359874e-01, 1.0000000e+00 
6382, 8.1890684e-01, 3.3359874e-01, 0.0000000e+00 
6383, 3.6025833e-01, 1.0000000e+00, 2.7534725e-01 
6384, 3.6025833e-01, 0.0000000e+00, 2.7534725e-01 
6385, 3.0980636e-01, 1.0000000e+00, 2.3152659e-01 
6386, 3.0980636e-01, 0.0000000e+00, 2.3152659e-01 
6387, 7.0452806e-01, 1.0000000e+00, 4.1666038e-01 
6388, 7.0452806e-01, 0.0000000e+00, 4.1666038e-01 
6389, 6.0428101e-01, 1.0000000e+00, 4.2498506e-01 
6390, 6.0428101e-01, 0.0000000e+00, 4.2498506e-01 
6391, 6.7885887e-01, 1.0000000e+00, 4.0739866e-01 
6392, 6.7885887e-01, 0.0000000e+00, 4.0739866e-01 
6393, 3.7560415e-01, 1.0000000e+00, 6.7385431e-01 
6394, 3.7560415e-01, 0.0000000e+00, 6.7385431e-01 
6395, 1.0000000e+00, 3.2973012e-01, 4.2601587e-01 
6396, 0.0000000e+00, 3.2973012e-01, 4.2601587e-01 
6397, 8.4429943e-01, 8.9260744e-01, 1.0000000e+00 
6398, 8.4429943e-01, 8.9260744e-01, 0.0000000e+00 
6399, 5.6851844e-01, 3.2671191e-01, 1.0000000e+00 
6400, 5.6851844e-01, 3.2671191e-01, 0.0000000e+00 
6401, 8.2168317e-01, 1.0000000e+00, 2.0193743e-01 
6402, 8.2168317e-01, 0.0000000e+00, 2.0193743e-01 
6403, 6.4748754e-01, 1.0000000e+00, 3.6269569e-01 
6404, 6.4748754e-01, 0.0000000e+00, 3.6269569e-01 
6405, 0.0000000e+00, 1.7735534e-01, 2.9584653e-01 
6406, 1.0000000e+00, 1.7735534e-01, 2.9584653e-01 
6407, 0.0000000e+00, 9.8534188e-02, 3.2057516e-01 
6408, 1.0000000e+00, 9.8534188e-02, 3.2057516e-01 
6409, 0.0000000e+00, 1.5877839e-01, 3.2082210e-01 
6410, 1.0000000e+00, 1.5877839e-01, 3.2082210e-01 
6411, 0.0000000e+00, 5.8715969e-01, 6.7723768e-01 
6412, 1.0000000e+00, 5.8715969e-01, 6.7723768e-01 
6413, 0.0000000e+00, 5.0643542e-01, 7.4741120e-01 
6414, 1.0000000e+00, 5.0643542e-01, 7.4741120e-01 
6415, 0.0000000e+00, 8.7857188e-01, 5.5367729e-01 
6416, 1.0000000e+00, 8.7857188e-01, 5.5367729e-01 
6417, 0.0000000e+00, 8.8762065e-01, 5.8055710e-01 
6418, 1.0000000e+00, 8.8762065e-01, 5.8055710e-01 
6419, 2.6609405e-01, 8.0816014e-01, 0.0000000e+00 
6420, 2.6609405e-01, 8.0816014e-01, 1.0000000e+00 
6421, 9.4386504e-01, 5.9458692e-01, 1.0000000e+00 
6422, 9.4386504e-01, 5.9458692e-01, 0.0000000e+00 
6423, 1.0000000e+00, 6.7448957e-01, 9.8168480e-01 
6424, 1.3310020e-02, 6.7034933e-01, 0.0000000e+00 
6425, 8.0616317e-01, 4.9828788e-01, 1.0000000e+00 
6426, 8.0616317e-01, 4.9828788e-01, 0.0000000e+00 
6427, 2.1455101e-01, 0.0000000e+00, 9.9474980e-01 
6428, 2.1341298e-01, 9.8772728e-01, 0.0000000e+00 
6429, 6.8010919e-01, 1.0000000e+00, 6.6948577e-01 
6430, 6.8010919e-01, 0.0000000e+00, 6.6948577e-01 
6431, 7.5482651e-01, 1.3366559e-01, 0.0000000e+00 
6432, 7.5482651e-01, 1.3366559e-01, 1.0000000e+00 
6433, 6.1265876e-01, 7.6925168e-01, 1.0000000e+00 
6434, 6.1265876e-01, 7.6925168e-01, 0.0000000e+00 
6435, 9.0931138e-01, 3.9443024e-01, 0.0000000e+00 
6436, 9.0931138e-01, 3.9443024e-01, 1.0000000e+00 
6437, 9.9638881e-01, 3.8265168e-01, 0.0000000e+00 
6438, 0.0000000e+00, 3.8284870e-01, 9.9748888e-01 
6439, 1.0000000e+00, 6.7560544e-01, 4.5160924e-01 
6440, 0.0000000e+00, 6.7560544e-01, 4.5160924e-01 
6441, 1.0000000e+00, 6.1877298e-01, 6.0630095e-01 
6442, 0.0000000e+00, 6.1877298e-01, 6.0630095e-01 
6443, 2.8571586e-01, 2.8657749e-01, 1.0000000e+00 
6444, 2.8571586e-01, 2.8657749e-01, 0.0000000e+00 
6445, 7.9188316e-01, 1.0000000e+00, 7.4335040e-01 
6446, 7.9188316e-01, 0.0000000e+00, 7.4335040e-01 
6447, 7.9978033e-01, 1.0000000e+00, 6.8607793e-01 
6448, 7.9978033e-01, 0.0000000e+00, 6.8607793e-01 
6449, 5.9298112e-01, 0.0000000e+00, 6.0251957e-01 
6450, 5.9298112e-01, 1.0000000e+00, 6.0251957e-01 
6451, 1.0000000e+00, 9.4015694e-01, 7.5220889e-01 
6452, 0.0000000e+00, 9.4015694e-01, 7.5220889e-01 
6453, 9.3591075e-01, 1.0000000e+00, 6.6798012e-01 
6454, 9.3591075e-01, 0.0000000e+00, 6.6798012e-01 
6455, 9.8835231e-01, 1.0000000e+00, 8.5934753e-01 
6456, 9.8835231e-01, 0.0000000e+00, 8.5934753e-01 
6457, 1.0000000e+00, 5.4437610e-01, 3.4185034e-01 
6458, 0.0000000e+00, 5.4437610e-01, 3.4185034e-01 
6459, 1.0000000e+00, 4.5183143e-01, 3.3948805e-01 
6460, 0.0000000e+00, 4.5183143e-01, 3.3948805e-01 
6461, 5.6003980e-01, 0.0000000e+00, 9.3636530e-01 
6462, 5.6003980e-01, 1.0000000e+00, 9.3636530e-01 
6463, 7.5329684e-01, 5.7105678e-01, 1.0000000e+00 
6464, 7.5329684e-01, 5.7105678e-01, 0.0000000e+00 
6465, 7.6139535e-01, 0.0000000e+00, 6.6428253e-01 
6466, 7.6139535e-01, 1.0000000e+00, 6.6428253e-01 
6467, 6.5217976e-01, 1.0000000e+00, 1.6487352e-01 
6468, 6.5217976e-01, 0.0000000e+00, 1.6487352e-01 
6469, 8.3140616e-01, 9.4107137e-01, 0.0000000e+00 
6470, 8.3140616e-01, 9.4107137e-01, 1.0000000e+00 
6471, 8.0809594e-01, 9.1342148e-01, 0.0000000e+00 
6472, 8.0809594e-01, 9.1342148e-01, 1.0000000e+00 
6473, 3.2192914e-01, 0.0000000e+00, 5.8041517e-01 
6474, 3.2192914e-01, 1.0000000e+00, 5.8041517e-01 
6475, 3.6429543e-01, 0.0000000e+00, 5.2585420e-01 
6476, 3.6429543e-01, 1.0000000e+00, 5.2585420e-01 
6477, 0.0000000e+00, 6.2659226e-01, 4.3448820e-01 
6478, 1.0000000e+00, 6.2659226e-01, 4.3448820e-01 
6479, 1.9007181e-01, 7.3440465e-01, 1.0000000e+00 
6480, 1.9007181e-01, 7.3440465e-01, 0.0000000e+00 
6481, 7.5912771e-01, 2.3831040e-01, 1.0000000e+00 
6482, 7.5912771e-01, 2.3831040e-01, 0.0000000e+00 
6483, 8.0215602e-01, 2.1494059e-01, 1.0000000e+00 
6484, 8.0215602e-01, 2.1494059e-01, 0.0000000e+00 
6485, 1.1376936e-01, 0.0000000e+00, 5.6608705e-01 
6486, 1.1376936e-01, 1.0000000e+00, 5.6608705e-01 
6487, 0.0000000e+00, 1.5344329e-01, 1.5671984e-01 
6488, 1.0000000e+00, 1.5344329e-01, 1.5671984e-01 
6489, 4.6523547e-02, 0.0000000e+00, 1.9659275e-01 
6490, 4.6523547e-02, 1.0000000e+00, 1.9659275e-01 
6491, 7.2268513e-01, 7.3114449e-01, 0.0000000e+00 
6492, 7.2268513e-01, 7.3114449e-01, 1.0000000e+00 
6493, 1.4441044e-01, 5.9508254e-01, 0.0000000e+00 
6494, 1.4441044e-01, 5.9508254e-01, 1.0000000e+00 
6495, 1.0000000e+00, 9.9116686e-01, 1.2056166e-01 
6496, 1.1098607e-02, 0.0000000e+00, 1.1822848e-01 
6497, 1.0000000e+00, 9.5383673e-01, 1.5788036e-01 
6498, 0.0000000e+00, 9.5383673e-01, 1.5788036e-01 
6499, 1.0000000e+00, 9.3011979e-01, 1.2671398e-01 
6500, 0.0000000e+00, 9.3011979e-01, 1.2671398e-01 
6501, 9.6606314e-01, 1.0000000e+00, 1.4803284e-01 
6502, 9.6606314e-01, 0.0000000e+00, 1.4803284e-01 
6503, 3.3875473e-01, 1.4253734e-01, 0.0000000e+00 
6504, 3.3875473e-01, 1.4253734e-01, 1.0000000e+00 
6505, 3.3008011e-01, 1.2891303e-01, 0.0000000e+00 
6506, 3.3008011e-01, 1.2891303e-01, 1.0000000e+00 
6507, 3.5458563e-01, 1.3578556e-01, 0.0000000e+00 
6508, 3.5458563e-01, 1.3578556e-01, 1.0000000e+00 
6509, 5.3493452e-01, 8.0518772e-01, 0.0000000e+00 
6510, 5.3493452e-01, 8.0518772e-01, 1.0000000e+00 
6511, 8.2735695e-01, 4.7884064e-01, 1.0000000e+00 
6512, 8.2735695e-01, 4.7884064e-01, 0.0000000e+00 
6513, 8.0908199e-01, 4.8015569e-01, 1.0000000e+00 
6514, 8.0908199e-01, 4.8015569e-01, 0.0000000e+00 
6515, 7.9018302e-01, 3.9705051e-01, 1.0000000e+00 
6516, 7.9018302e-01, 3.9705051e-01, 0.0000000e+00 
6517, 7.7984357e-01, 7.8121031e-01, 0.0000000e+00 
6518, 7.7984357e-01, 7.8121031e-01, 1.0000000e+00 
6519, 8.0797758e-01, 7.7231684e-01, 0.0000000e+00 
6520, 8.0797758e-01, 7.7231684e-01, 1.0000000e+00 
6521, 1.0000000e+00, 5.2660807e-02, 8.7838495e-01 
6522, 0.0000000e+00, 5.2660807e-02, 8.7838495e-01 
6523, 7.9316173e-01, 0.0000000e+00, 9.6189384e-01 
6524, 7.9316173e-01, 1.0000000e+00, 9.6189384e-01 
6525, 0.0000000e+00, 8.5633122e-01, 7.7062703e-01 
6526, 1.0000000e+00, 8.5633122e-01, 7.7062703e-01 
6527, 0.0000000e+00, 8.3071155e-01, 5.8573722e-01 
6528, 1.0000000e+00, 8.3071155e-01, 5.8573722e-01 
6529, 5.0190813e-01, 0.0000000e+00, 9.1782715e-01 
6530, 5.0190813e-01, 1.0000000e+00, 9.1782715e-01 
6531, 1.4477224e-01, 1.0000000e+00, 2.1138971e-02 
6532, 1.4477224e-01, 0.0000000e+00, 2.1138971e-02 
6533, 3.4699567e-01, 8.8221512e-01, 0.0000000e+00 
6534, 3.4699567e-01, 8.8221512e-01, 1.0000000e+00 
6535, 6.4725814e-01, 1.0000000e+00, 8.9220710e-01 
6536, 6.4725814e-01, 0.0000000e+00, 8.9220710e-01 
6537, 1.0000000e+00, 8.5735269e-01, 7.7182652e-01 
6538, 0.0000000e+00, 8.5735269e-01, 7.7182652e-01 
6539, 6.7906752e-01, 1.0000000e+00, 8.9874641e-01 
6540, 6.7906752e-01, 0.0000000e+00, 8.9874641e-01 
6541, 1.0000000e+00, 9.1879687e-01, 4.5332568e-01 
6542, 0.0000000e+00, 9.1879687e-01, 4.5332568e-01 
6543, 1.0000000e+00, 9.8235223e-01, 5.2429279e-01 
6544, 0.0000000e+00, 9.8235223e-01, 5.2429279e-01 
6545, 9.4206617e-01, 1.0000000e+00, 5.1214644e-01 
6546, 9.4206617e-01, 0.0000000e+00, 5.1214644e-01 
6547, 7.8316988e-01, 0.0000000e+00, 4.4992365e-01 
6548, 7.8316988e-01, 1.0000000e+00, 4.4992365e-01 
6549, 1.0000000e+00, 2.4318677e-01, 6.1864416e-01 
6550, 0.0000000e+00, 2.4318677e-01, 6.1864416e-01 
6551, 1.0000000e+00, 1.9673411e-01, 4.7086323e-01 
6552, 0.0000000e+00, 1.9673411e-01, 4.7086323e-01 
6553, 5.6739852e-01, 6.6499679e-01, 0.0000000e+00 
6554, 5.6739852e-01, 6.6499679e-01, 1.0000000e+00 
6555, 8.4946178e-01, 0.0000000e+00, 6.4235295e-01 
6556, 8.4946178e-01, 1.0000000e+00, 6.4235295e-01 
6557, 7.3372821e-01, 0.0000000e+00, 6.8411583e-01 
6558, 7.3372821e-01, 1.0000000e+00, 6.8411583e-01 
6559, 3.7044794e-01, 2.7138105e-01, 1.0000000e+00 
6560, 3.7044794e-01, 2.7138105e-01, 0.0000000e+00 
6561, 3.2797262e-01, 6.8153421e-01, 0.0000000e+00 
6562, 3.2797262e-01, 6.8153421e-01, 1.0000000e+00 
6563, 5.2626827e-01, 0.0000000e+00, 8.6590817e-01 
6564, 5.2626827e-01, 1.0000000e+00, 8.6590817e-01 
6565, 5.1158300e-01, 0.0000000e+00, 8.2643513e-01 
6566, 5.1158300e-01, 1.0000000e+00, 8.2643513e-01 
6567, 6.9799628e-01, 7.9507799e-01, 0.0000000e+00 
6568, 6.9799628e-01, 7.9507799e-01, 1.0000000e+00 
6569, 3.6579969e-01, 1.0000000e+00, 8.8050021e-01 
6570, 3.6579969e-01, 0.0000000e+00, 8.8050021e-01 
6571, 1.2239552e-01, 0.0000000e+00, 4.2202661e-01 
6572, 1.2239552e-01, 1.0000000e+00, 4.2202661e-01 
6573, 1.0000000e+00, 3.2013464e-01, 5.2611073e-01 
6574, 0.0000000e+00, 3.2013464e-01, 5.2611073e-01 
6575, 1.0000000e+00, 3.2533690e-01, 5.0698996e-01 
6576, 0.0000000e+00, 3.2533690e-01, 5.0698996e-01 
6577, 5.8384876e-01, 1.0000000e+00, 3.1130618e-01 
6578, 5.8384876e-01, 0.0000000e+00, 3.1130618e-01 
6579, 4.1985085e-01, 1.0000000e+00, 2.5605576e-01 
6580, 4.1985085e-01, 0.0000000e+00, 2.5605576e-01 
6581, 9.3508935e-01, 3.0753121e-01, 1.0000000e+00 
6582, 9.3508935e-01, 3.0753121e-01, 0.0000000e+00 
6583, 7.6994843e-01, 1.0000000e+00, 7.4615051e-01 
6584, 7.6994843e-01, 0.0000000e+00, 7.4615051e-01 
6585, 7.0865225e-01, 1.0000000e+00, 8.2440807e-01 
6586, 7.0865225e-01, 0.0000000e+00, 8.2440807e-01 
6587, 1.0000000e+00, 8.9436093e-02, 7.0370522e-01 
6588, 0.0000000e+00, 8.9436093e-02, 7.0370522e-01 
6589, 1.0000000e+00, 1.1824484e-01, 7.3718266e-01 
6590, 0.0000000e+00, 1.1824484e-01, 7.3718266e-01 
6591, 0.0000000e+00, 8.0949462e-01, 7.2588584e-01 
6592, 1.0000000e+00, 8.0949462e-01, 7.2588584e-01 
6593, 2.7795096e-01, 6.7464607e-01, 0.0000000e+00 
6594, 2.7795096e-01, 6.7464607e-01, 1.0000000e+00 
6595, 2.7482155e-01, 5.6819267e-01, 0.0000000e+00 
6596, 2.7482155e-01, 5.6819267e-01, 1.0000000e+00 
6597, 1.0000000e+00, 3.6353329e-01, 6.5318172e-01 
6598, 0.0000000e+00, 3.6353329e-01, 6.5318172e-01 
6599, 7.8566242e-01, 1.0000000e+00, 7.6011050e-01 
6600, 7.8566242e-01, 0.0000000e+00, 7.6011050e-01 
6601, 8.7754821e-01, 4.4820404e-01, 0.0000000e+00 
6602, 8.7754821e-01, 4.4820404e-01, 1.0000000e+00 
6603, 7.5284504e-01, 4.3817888e-01, 0.0000000e+00 
6604, 7.5284504e-01, 4.3817888e-01, 1.0000000e+00 
6605, 0.0000000e+00, 7.4500396e-01, 3.2907439e-01 
6606, 1.0000000e+00, 7.4500396e-01, 3.2907439e-01 
6607, 1.0000000e+00, 6.4139375e-01, 1.0453353e-01 
6608, 0.0000000e+00, 6.4139375e-01, 1.0453353e-01 
6609, 2.0111270e-01, 1.0000000e+00, 9.3409469e-01 
6610, 2.0111270e-01, 0.0000000e+00, 9.3409469e-01 
6611, 2.5711746e-01, 0.0000000e+00, 4.4459748e-01 
6612, 2.5711746e-01, 1.0000000e+00, 4.4459748e-01 
6613, 4.2035982e-01, 1.0000000e+00, 2.5595071e-01 
6614, 4.2035982e-01, 0.0000000e+00, 2.5595071e-01 
6615, 5.3010006e-01, 0.0000000e+00, 7.9877196e-01 
6616, 5.3010006e-01, 1.0000000e+00, 7.9877196e-01 
6617, 0.0000000e+00, 2.5282962e-01, 5.1654118e-01 
6618, 1.0000000e+00, 2.5282962e-01, 5.1654118e-01 
6619, 0.0000000e+00, 2.9491741e-01, 5.2840901e-01 
6620, 1.0000000e+00, 2.9491741e-01, 5.2840901e-01 
6621, 5.3017278e-01, 7.8702204e-01, 0.0000000e+00 
6622, 5.3017278e-01, 7.8702204e-01, 1.0000000e+00 
6623, 8.8234799e-01, 0.0000000e+00, 4.3453635e-01 
6624, 8.8234799e-01, 1.0000000e+00, 4.3453635e-01 
6625, 5.7914154e-02, 0.0000000e+00, 9.1800231e-01 
6626, 5.7914154e-02, 1.0000000e+00, 9.1800231e-01 
6627, 1.0000000e+00, 7.6882600e-02, 2.8290975e-01 
6628, 0.0000000e+00, 7.6882600e-02, 2.8290975e-01 
6629, 1.0000000e+00, 8.9851303e-02, 2.5265880e-01 
6630, 0.0000000e+00, 8.9851303e-02, 2.5265880e-01 
6631, 1.0000000e+00, 3.0607143e-02, 2.6256153e-01 
6632, 0.0000000e+00, 3.0607143e-02, 2.6256153e-01 
6633, 4.9878657e-01, 1.3990201e-01, 1.0000000e+00 
6634, 4.9878657e-01, 1.3990201e-01, 0.0000000e+00 
6635, 5.5237685e-01, 0.0000000e+00, 8.5104698e-01 
6636, 5.5237685e-01, 1.0000000e+00, 8.5104698e-01 
6637, 7.8082216e-01, 0.0000000e+00, 8.3730489e-01 
6638, 7.8082216e-01, 1.0000000e+00, 8.3730489e-01 
6639, 2.3533726e-01, 5.9961184e-01, 0.0000000e+00 
6640, 2.3533726e-01, 5.9961184e-01, 1.0000000e+00 
6641, 1.0000000e+00, 8.7266201e-01, 5.2742734e-01 
6642, 0.0000000e+00, 8.7266201e-01, 5.2742734e-01 
6643, 4.4892268e-01, 1.0000000e+00, 7.9768833e-01 
6644, 4.4892268e-01, 0.0000000e+00, 7.9768833e-01 
6645, 0.0000000e+00, 4.6650742e-01, 2.0392499e-01 
6646, 1.0000000e+00, 4.6650742e-01, 2.0392499e-01 
6647, 9.6332279e-01, 9.7012121e-01, 0.0000000e+00 
6648, 9.6332279e-01, 9.7012121e-01, 1.0000000e+00 
6649, 9.5337983e-01, 1.0000000e+00, 4.0999562e-02 
6650, 9.5337983e-01, 0.0000000e+00, 4.0999562e-02 
6651, 0.0000000e+00, 6.7981088e-01, 8.9395159e-01 
6652, 1.0000000e+00, 6.7981088e-01, 8.9395159e-01 
6653, 1.0000000e+00, 8.0273638e-01, 2.5231710e-01 
6654, 0.0000000e+00, 8.0273638e-01, 2.5231710e-01 
6655, 1.0000000e+00, 6.6745846e-01, 3.0050071e-01 
6656, 0.0000000e+00, 6.6745846e-01, 3.0050071e-01 
6657, 9.5336681e-01, 5.4385920e-01, 0.0000000e+00 
6658, 9.5336681e-01, 5.4385920e-01, 1.0000000e+00 
6659, 7.2647775e-01, 0.0000000e+00, 4.1299748e-01 
6660, 7.2647775e-01, 1.0000000e+00, 4.1299748e-01 
6661, 7.2324381e-01, 0.0000000e+00, 3.3261685e-01 
6662, 7.2324381e-01, 1.0000000e+00, 3.3261685e-01 
6663, 5.3067259e-01, 1.0000000e+00, 3.8164587e-02 
6664, 5.3067259e-01, 0.0000000e+00, 3.8164587e-02 
6665, 5.3044219e-01, 1.0000000e+00, 3.8072382e-02 
6666, 5.3044219e-01, 0.0000000e+00, 3.8072382e-02 
6667, 1.0000000e+00, 5.9295150e-01, 7.2948189e-01 
6668, 0.0000000e+00, 5.9295150e-01, 7.2948189e-01 
6669, 1.0000000e+00, 8.1308109e-01, 8.6199340e-01 
6670, 0.0000000e+00, 8.1308109e-01, 8.6199340e-01 
6671, 1.0000000e+00, 7.8492212e-01, 8.7888904e-01 
6672, 0.0000000e+00, 7.8492212e-01, 8.7888904e-01 
6673, 7.6781837e-01, 6.0979530e-01, 0.0000000e+00 
6674, 7.6781837e-01, 6.0979530e-01, 1.0000000e+00 
6675, 7.6427291e-01, 6.1515560e-01, 0.0000000e+00 
6676, 7.6427291e-01, 6.1515560e-01, 1.0000000e+00 
6677, 9.1319227e-01, 1.0000000e+00, 3.4519912e-01 
6678, 9.1319227e-01, 0.0000000e+00, 3.4519912e-01 
6679, 7.7443815e-01, 1.0000000e+00, 2.4710437e-01 
6680, 7.7443815e-01, 0.0000000e+00, 2.4710437e-01 
6681, 3.7913428e-01, 0.0000000e+00, 6.2386996e-01 
6682, 3.7913428e-01, 1.0000000e+00, 6.2386996e-01 
6683, 1.0000000e+00, 9.6243180e-01, 3.4717912e-01 
6684, 0.0000000e+00, 9.6243180e-01, 3.4717912e-01 
6685, 8.6913842e-01, 1.0000000e+00, 2.3597518e-01 
6686, 8.6913842e-01, 0.0000000e+00, 2.3597518e-01 
6687, 9.6583774e-01, 1.0000000e+00, 9.3109735e-01 
6688, 0.0000000e+00, 1.3980011e-02, 9.3574255e-01 
6689, 8.1058767e-01, 9.8345049e-01, 1.0000000e+00 
6690, 8.1058767e-01, 9.8345049e-01, 0.0000000e+00 
6691, 4.6700313e-01, 0.0000000e+00, 1.4553473e-01 
6692, 4.6700313e-01, 1.0000000e+00, 1.4553473e-01 
6693, 4.6142432e-01, 0.0000000e+00, 1.5182566e-01 
6694, 4.6142432e-01, 1.0000000e+00, 1.5182566e-01 
6695, 4.6634084e-01, 0.0000000e+00, 1.4756742e-01 
6696, 4.6634084e-01, 1.0000000e+00, 1.4756742e-01 
6697, 0.0000000e+00, 4.7037222e-01, 2.6191747e-02 
6698, 1.0000000e+00, 4.7037222e-01, 2.6191747e-02 
6699, 0.0000000e+00, 5.5367569e-01, 4.7718623e-02 
6700, 1.0000000e+00, 5.5367569e-01, 4.7718623e-02 
6701, 9.6231334e-01, 7.7250294e-01, 1.0000000e+00 
6702, 0.0000000e+00, 7.7436301e-01, 3.2883407e-02 
6703, 1.0000000e+00, 7.7212305e-01, 9.9477073e-01 
6704, 0.0000000e+00, 7.7212305e-01, 9.9477073e-01 
6705, 9.5778943e-01, 7.8543550e-01, 1.0000000e+00 
6706, 9.5778943e-01, 7.8543550e-01, 0.0000000e+00 
6707, 2.3015649e-01, 1.0000000e+00, 7.1122847e-01 
6708, 2.3015649e-01, 0.0000000e+00, 7.1122847e-01 
6709, 8.9626974e-01, 0.0000000e+00, 8.8344963e-01 
6710, 8.9626974e-01, 1.0000000e+00, 8.8344963e-01 
6711, 1.0000000e+00, 4.5185747e-01, 3.8006398e-02 
6712, 0.0000000e+00, 4.5185747e-01, 3.8006398e-02 
6713, 0.0000000e+00, 1.2655544e-01, 2.9553917e-01 
6714, 1.0000000e+00, 1.2655544e-01, 2.9553917e-01 
6715, 6.3545308e-01, 2.9971002e-02, 1.0000000e+00 
6716, 6.3545308e-01, 2.9971002e-02, 0.0000000e+00 
6717, 4.2585538e-01, 3.2107737e-01, 1.0000000e+00 
6718, 4.2585538e-01, 3.2107737e-01, 0.0000000e+00 
6719, 6.5581842e-01, 1.0000000e+00, 5.8827261e-01 
6720, 6.5581842e-01, 0.0000000e+00, 5.8827261e-01 
6721, 6.0954869e-01, 4.3274450e-01, 0.0000000e+00 
6722, 6.0954869e-01, 4.3274450e-01, 1.0000000e+00 
6723, 0.0000000e+00, 9.3326181e-02, 9.9858427e-02 
6724, 1.0000000e+00, 9.3326181e-02, 9.9858427e-02 
6725, 0.0000000e+00, 2.2133654e-02, 4.7753399e-02 
6726, 9.8182473e-01, 1.0000000e+00, 5.0764346e-02 
6727, 2.2218486e-01, 4.9974907e-02, 1.0000000e+00 
6728, 2.2653187e-01, 1.0000000e+00, 6.3201969e-02 
6729, 7.7483033e-01, 1.0000000e+00, 2.4623721e-01 
6730, 7.7483033e-01, 0.0000000e+00, 2.4623721e-01 
6731, 8.3217846e-01, 1.0000000e+00, 8.4519996e-02 
6732, 8.3217846e-01, 0.0000000e+00, 8.4519996e-02 
6733, 8.7214842e-01, 9.0461560e-01, 0.0000000e+00 
6734, 8.7214842e-01, 9.0461560e-01, 1.0000000e+00 
6735, 1.0000000e+00, 7.1888421e-01, 3.3548506e-01 
6736, 0.0000000e+00, 7.1888421e-01, 3.3548506e-01 
6737, 9.1983983e-01, 7.0048358e-01, 0.0000000e+00 
6738, 9.1983983e-01, 7.0048358e-01, 1.0000000e+00 
6739, 1.3639364e-01, 4.0220803e-01, 1.0000000e+00 
6740, 1.3639364e-01, 4.0220803e-01, 0.0000000e+00 
6741, 1.2972160e-01, 3.8327289e-01, 1.0000000e+00 
6742, 1.2972160e-01, 3.8327289e-01, 0.0000000e+00 
6743, 0.0000000e+00, 9.7049675e-02, 4.4335464e-01 
6744, 1.0000000e+00, 9.7049675e-02, 4.4335464e-01 
6745, 5.7880137e-02, 0.0000000e+00, 4.3589881e-01 
6746, 5.7880137e-02, 1.0000000e+00, 4.3589881e-01 
6747, 1.0000000e+00, 4.6909799e-01, 1.8400622e-01 
6748, 0.0000000e+00, 4.6909799e-01, 1.8400622e-01 
6749, 3.0288257e-01, 0.0000000e+00, 6.0529106e-01 
6750, 3.0288257e-01, 1.0000000e+00, 6.0529106e-01 
6751, 1.0000000e+00, 7.2276442e-01, 5.3600893e-01 
6752, 0.0000000e+00, 7.2276442e-01, 5.3600893e-01 
6753, 1.0000000e+00, 6.8252780e-01, 6.4908506e-01 
6754, 0.0000000e+00, 6.8252780e-01, 6.4908506e-01 
6755, 6.1152135e-01, 0.0000000e+00, 5.7717119e-01 
6756, 6.1152135e-01, 1.0000000e+00, 5.7717119e-01 
6757, 6.3414658e-01, 0.0000000e+00, 4.7796312e-01 
6758, 6.3414658e-01, 1.0000000e+00, 4.7796312e-01 
6759, 0.0000000e+00, 7.6932538e-02, 4.6869546e-01 
6760, 1.0000000e+00, 7.6932538e-02, 4.6869546e-01 
6761, 0.0000000e+00, 9.0038576e-02, 4.5584281e-01 
6762, 1.0000000e+00, 9.0038576e-02, 4.5584281e-01 
6763, 6.5725656e-01, 2.9351731e-01, 1.0000000e+00 
6764, 6.5725656e-01, 2.9351731e-01, 0.0000000e+00 
6765, 1.0000000e+00, 6.9237726e-01, 2.2897420e-01 
6766, 0.0000000e+00, 6.9237726e-01, 2.2897420e-01 
6767, 3.7442461e-01, 0.0000000e+00, 9.7701925e-01 
6768, 3.7442461e-01, 1.0000000e+00, 9.7701925e-01 
6769, 2.0884754e-01, 1.2672088e-01, 1.0000000e+00 
6770, 2.0884754e-01, 1.2672088e-01, 0.0000000e+00 
6771, 3.5828146e-01, 1.0000000e+00, 5.1030969e-01 
6772, 3.5828146e-01, 0.0000000e+00, 5.1030969e-01 
6773, 5.9059225e-01, 0.0000000e+00, 1.8493165e-01 
6774, 5.9059225e-01, 1.0000000e+00, 1.8493165e-01 
6775, 6.8394294e-01, 0.0000000e+00, 2.8439914e-01 
6776, 6.8394294e-01, 1.0000000e+00, 2.8439914e-01 
6777, 1.0000000e+00, 5.3634989e-01, 5.7525869e-01 
6778, 0.0000000e+00, 5.3634989e-01, 5.7525869e-01 
6779, 1.0540396e-01, 7.7893980e-01, 0.0000000e+00 
6780, 1.0540396e-01, 7.7893980e-01, 1.0000000e+00 
6781, 2.1649748e-01, 8.4967033e-01, 0.0000000e+00 
6782, 2.1649748e-01, 8.4967033e-01, 1.0000000e+00 
6783, 1.7889828e-01, 0.0000000e+00, 3.8555086e-01 
6784, 1.7889828e-01, 1.0000000e+00, 3.8555086e-01 
6785, 4.6476625e-01, 1.0000000e+00, 1.9049311e-01 
6786, 4.6476625e-01, 0.0000000e+00, 1.9049311e-01 
6787, 3.6353783e-01, 1.0000000e+00, 2.6324769e-01 
6788, 3.6353783e-01, 0.0000000e+00, 2.6324769e-01 
6789, 9.8948350e-02, 4.1327590e-01, 0.0000000e+00 
6790, 9.8948350e-02, 4.1327590e-01, 1.0000000e+00 
6791, 8.0031519e-01, 8.2154978e-01, 1.0000000e+00 
6792, 8.0031519e-01, 8.2154978e-01, 0.0000000e+00 
6793, 5.7373239e-01, 4.7970942e-01, 3.4694470e-18 
6794, 5.7373239e-01, 4.7970942e-01, 1.0000000e+00 
6795, 0.0000000e+00, 1.4500081e-01, 2.1108360e-02 
6796, 9.9427991e-01, 1.3325910e-01, 1.0000000e+00 
6797, 0.0000000e+00, 1.6478758e-01, 1.3914123e-01 
6798, 1.0000000e+00, 1.6478758e-01, 1.3914123e-01 
6799, 6.5779777e-01, 6.2611208e-01, 1.0000000e+00 
6800, 6.5779777e-01, 6.2611208e-01, 0.0000000e+00 
6801, 6.0340892e-01, 0.0000000e+00, 1.5340291e-01 
6802, 6.0340892e-01, 1.0000000e+00, 1.5340291e-01 
6803, 7.0736927e-02, 9.1359930e-01, 1.0000000e+00 
6804, 7.0736927e-02, 9.1359930e-01, 0.0000000e+00 
6805, 3.8529834e-02, 8.9780841e-01, 1.0000000e+00 
6806, 1.0000000e+00, 8.8771920e-01, 2.1788330e-02 
6807, 4.4576332e-02, 1.0000000e+00, 9.6375439e-01 
6808, 4.4576332e-02, 0.0000000e+00, 9.6375439e-01 
6809, 8.5386059e-01, 5.7560059e-01, 1.0000000e+00 
6810, 8.5386059e-01, 5.7560059e-01, 0.0000000e+00 
6811, 2.8614209e-01, 2.4066494e-01, 3.4694470e-18 
6812, 2.8614209e-01, 2.4066494e-01, 1.0000000e+00 
6813, 2.8490507e-01, 5.6344818e-01, 0.0000000e+00 
6814, 2.8490507e-01, 5.6344818e-01, 1.0000000e+00 
6815, 1.9630965e-01, 5.5879009e-01, 1.0000000e+00 
6816, 1.9630965e-01, 5.5879009e-01, 0.0000000e+00 
6817, 1.8906049e-01, 5.5548688e-01, 1.0000000e+00 
6818, 1.8906049e-01, 5.5548688e-01, 0.0000000e+00 
6819, 2.3204027e-01, 4.9938917e-01, 0.0000000e+00 
6820, 2.3204027e-01, 4.9938917e-01, 1.0000000e+00 
6821, 3.9089123e-01, 8.6802195e-01, 0.0000000e+00 
6822, 3.9089123e-01, 8.6802195e-01, 1.0000000e+00 
6823, 9.3005886e-01, 6.7537990e-01, 1.0000000e+00 
6824, 0.0000000e+00, 6.4409686e-01, 9.8782614e-02 
6825, 9.2611457e-01, 6.7424747e-01, 1.0000000e+00 
6826, 9.2611457e-01, 6.7424747e-01, 0.0000000e+00 
6827, 1.0000000e+00, 6.3366594e-01, 9.5714341e-01 
6828, 0.0000000e+00, 6.3366594e-01, 9.5714341e-01 
6829, 8.0624299e-01, 1.0000000e+00, 5.9598810e-01 
6830, 8.0624299e-01, 0.0000000e+00, 5.9598810e-01 
6831, 8.9621172e-01, 1.0000000e+00, 6.9895411e-01 
6832, 8.9621172e-01, 0.0000000e+00, 6.9895411e-01 
6833, 4.6383246e-02, 0.0000000e+00, 1.9852026e-01 
6834, 4.6383246e-02, 1.0000000e+00, 1.9852026e-01 
6835, 0.0000000e+00, 9.6119556e-02, 2.2836234e-01 
6836, 1.0000000e+00, 9.6119556e-02, 2.2836234e-01 
6837, 8.9315324e-01, 9.3429727e-01, 3.4694470e-18 
6838, 8.9315324e-01, 9.3429727e-01, 1.0000000e+00 
6839, 9.1281547e-01, 9.3347679e-01, 0.0000000e+00 
6840, 9.1281547e-01, 9.3347679e-01, 1.0000000e+00 
6841, 1.0000000e+00, 7.8946802e-01, 7.4021094e-01 
6842, 0.0000000e+00, 7.8946802e-01, 7.4021094e-01 
6843, 1.0000000e+00, 7.7295653e-01, 7.3655788e-01 
6844, 0.0000000e+00, 7.7295653e-01, 7.3655788e-01 
6845, 1.0000000e+00, 3.3954477e-01, 1.9134299e-01 
6846, 0.0000000e+00, 3.3954477e-01, 1.9134299e-01 
6847, 1.0000000e+00, 5.7265495e-01, 3.3059321e-01 
6848, 0.0000000e+00, 5.7265495e-01, 3.3059321e-01 
6849, 0.0000000e+00, 5.3734486e-02, 3.4702551e-01 
6850, 9.8550195e-01, 1.0000000e+00, 3.5951008e-01 
6851, 6.6863930e-01, 8.1722644e-01, 1.0000000e+00 
6852, 6.6863930e-01, 8.1722644e-01, 0.0000000e+00 
6853, 8.7831103e-02, 1.0000000e+00, 3.6121449e-01 
6854, 8.7831103e-02, 0.0000000e+00, 3.6121449e-01 
6855, 0.0000000e+00, 8.7742837e-01, 3.6024576e-01 
6856, 1.0000000e+00, 8.7742837e-01, 3.6024576e-01 
6857, 1.0009798e-02, 1.0000000e+00, 3.4868766e-01 
6858, 1.0009798e-02, 0.0000000e+00, 3.4868766e-01 
6859, 5.6265054e-01, 1.0000000e+00, 3.6915100e-01 
6860, 5.6265054e-01, 0.0000000e+00, 3.6915100e-01 
6861, 0.0000000e+00, 3.0826040e-01, 1.9859160e-02 
6862, 9.7466644e-01, 3.0429983e-01, 1.0000000e+00 
6863, 0.0000000e+00, 3.7689203e-01, 6.4776284e-02 
6864, 1.0000000e+00, 3.7689203e-01, 6.4776284e-02 
6865, 0.0000000e+00, 7.4693907e-01, 7.4251928e-01 
6866, 1.0000000e+00, 7.4693907e-01, 7.4251928e-01 
6867, 0.0000000e+00, 7.4286575e-01, 5.6926356e-01 
6868, 1.0000000e+00, 7.4286575e-01, 5.6926356e-01 
6869, 3.7120909e-01, 0.0000000e+00, 6.8292299e-02 
6870, 3.8800197e-01, 9.7898922e-01, 1.0000000e+00 
6871, 3.6772083e-01, 0.0000000e+00, 7.1235957e-02 
6872, 3.6772083e-01, 1.0000000e+00, 7.1235957e-02 
6873, 0.0000000e+00, 8.6933694e-01, 2.5888888e-01 
6874, 1.0000000e+00, 8.6933694e-01, 2.5888888e-01 
6875, 0.0000000e+00, 8.0989981e-01, 1.6405971e-01 
6876, 1.0000000e+00, 8.0989981e-01, 1.6405971e-01 
6877, 6.7336049e-01, 0.0000000e+00, 4.1209401e-01 
6878, 6.7336049e-01, 1.0000000e+00, 4.1209401e-01 
6879, 7.1836851e-01, 0.0000000e+00, 4.2279382e-01 
6880, 7.1836851e-01, 1.0000000e+00, 4.2279382e-01 
6881, 1.6788061e-01, 2.8633316e-01, 1.0000000e+00 
6882, 1.6788061e-01, 2.8633316e-01, 0.0000000e+00 
6883, 1.0000000e+00, 3.2078853e-01, 5.3674622e-01 
6884, 0.0000000e+00, 3.2078853e-01, 5.3674622e-01 
6885, 0.0000000e+00, 2.2408892e-01, 2.7245433e-01 
6886, 1.0000000e+00, 2.2408892e-01, 2.7245433e-01 
6887, 6.2118332e-01, 0.0000000e+00, 5.8103850e-01 
6888, 6.2118332e-01, 1.0000000e+00, 5.8103850e-01 
6889, 2.1685593e-01, 3.7943450e-01, 0.0000000e+00 
6890, 2.1685593e-01, 3.7943450e-01, 1.0000000e+00 
6891, 7.6078753e-01, 3.4365749e-01, 0.0000000e+00 
6892, 7.6078753e-01, 3.4365749e-01, 1.0000000e+00 
6893, 1.0000000e+00, 6.5066001e-01, 9.2818159e-01 
6894, 0.0000000e+00, 6.5066001e-01, 9.2818159e-01 
6895, 4.3432567e-01, 6.7612941e-01, 0.0000000e+00 
6896, 4.3432567e-01, 6.7612941e-01, 1.0000000e+00 
6897, 5.3148976e-01, 6.2900819e-01, 0.0000000e+00 
6898, 5.3148976e-01, 6.2900819e-01, 1.0000000e+00 
6899, 9.3078961e-01, 7.9823754e-01, 1.0000000e+00 
6900, 0.0000000e+00, 7.6695857e-01, 7.6084346e-02 
6901, 5.2922468e-01, 1.5376785e-01, 0.0000000e+00 
6902, 5.2922468e-01, 1.5376785e-01, 1.0000000e+00 
6903, 2.9374922e-01, 1.0000000e+00, 5.9162374e-01 
6904, 2.9374922e-01, 0.0000000e+00, 5.9162374e-01 
6905, 3.0154565e-01, 1.0000000e+00, 4.6486522e-01 
6906, 3.0154565e-01, 0.0000000e+00, 4.6486522e-01 
6907, 6.7548217e-02, 5.1074718e-01, 1.0000000e+00 
6908, 6.7548217e-02, 5.1074718e-01, 0.0000000e+00 
6909, 1.6900363e-01, 4.4896555e-01, 1.0000000e+00 
6910, 1.6900363e-01, 4.4896555e-01, 0.0000000e+00 
6911, 5.9717550e-01, 0.0000000e+00, 5.2403339e-01 
6912, 5.9717550e-01, 1.0000000e+00, 5.2403339e-01 
6913, 4.6884112e-01, 0.0000000e+00, 5.0277648e-01 
6914, 4.6884112e-01, 1.0000000e+00, 5.0277648e-01 
6915, 1.2709242e-01, 0.0000000e+00, 6.1433540e-01 
6916, 1.2709242e-01, 1.0000000e+00, 6.1433540e-01 
6917, 7.7022147e-01, 1.0000000e+00, 7.9818989e-01 
6918, 7.7022147e-01, 0.0000000e+00, 7.9818989e-01 
6919, 6.6674259e-01, 1.0000000e+00, 8.7156752e-01 
6920, 6.6674259e-01, 0.0000000e+00, 8.7156752e-01 
6921, 0.0000000e+00, 6.9129493e-01, 8.0300431e-01 
6922, 1.0000000e+00, 6.9129493e-01, 8.0300431e-01 
6923, 7.5026103e-01, 3.4858472e-01, 1.0000000e+00 
6924, 7.5026103e-01, 3.4858472e-01, 0.0000000e+00 
6925, 4.2035637e-01, 2.1986414e-01, 1.0000000e+00 
6926, 4.2035637e-01, 2.1986414e-01, 0.0000000e+00 
6927, 4.4484615e-01, 1.5227128e-01, 1.0000000e+00 
6928, 4.4484615e-01, 1.5227128e-01, 0.0000000e+00 
6929, 2.3839323e-01, 0.0000000e+00, 1.5477879e-01 
6930, 2.3839323e-01, 1.0000000e+00, 1.5477879e-01 
6931, 0.0000000e+00, 2.4238638e-01, 4.6814255e-01 
6932, 1.0000000e+00, 2.4238638e-01, 4.6814255e-01 
6933, 0.0000000e+00, 2.4882344e-01, 4.5335076e-01 
6934, 1.0000000e+00, 2.4882344e-01, 4.5335076e-01 
6935, 9.3582757e-01, 6.2422772e-01, 1.0000000e+00 
6936, 9.3582757e-01, 6.2422772e-01, 0.0000000e+00 
6937, 0.0000000e+00, 2.6275441e-01, 4.8484771e-01 
6938, 1.0000000e+00, 2.6275441e-01, 4.8484771e-01 
6939, 6.9743949e-01, 7.0481160e-01, 1.0000000e+00 
6940, 6.9743949e-01, 7.0481160e-01, 0.0000000e+00 
6941, 7.4615062e-01, 6.8561732e-01, 1.0000000e+00 
6942, 7.4615062e-01, 6.8561732e-01, 0.0000000e+00 
6943, 6.8510102e-01, 6.1041275e-01, 0.0000000e+00 
6944, 6.8510102e-01, 6.1041275e-01, 1.0000000e+00 
6945, 6.8536745e-01, 6.4002292e-01, 0.0000000e+00 
6946, 6.8536745e-01, 6.4002292e-01, 1.0000000e+00 
6947, 5.9569301e-01, 5.6781405e-01, 0.0000000e+00 
6948, 5.9569301e-01, 5.6781405e-01, 1.0000000e+00 
6949, 3.5370848e-01, 1.0000000e+00, 5.9989215e-01 
6950, 3.5370848e-01, 0.0000000e+00, 5.9989215e-01 
6951, 4.4045687e-01, 9.4320841e-02, 0.0000000e+00 
6952, 4.4045687e-01, 9.4320841e-02, 1.0000000e+00 
6953, 0.0000000e+00, 4.7810982e-01, 7.1132638e-02 
6954, 1.0000000e+00, 4.7810982e-01, 7.1132638e-02 
6955, 1.3195412e-01, 4.0219950e-01, 0.0000000e+00 
6956, 1.3195412e-01, 4.0219950e-01, 1.0000000e+00 
6957, 0.0000000e+00, 8.7434791e-01, 4.4186296e-01 
6958, 1.0000000e+00, 8.7434791e-01, 4.4186296e-01 
6959, 1.7207553e-01, 1.0000000e+00, 4.9929523e-02 
6960, 1.7207553e-01, 0.0000000e+00, 4.9929523e-02 
6961, 1.0000000e+00, 8.5170970e-01, 8.3259191e-01 
6962, 0.0000000e+00, 8.5170970e-01, 8.3259191e-01 
6963, 1.0000000e+00, 6.9058747e-01, 7.0650937e-01 
6964, 0.0000000e+00, 6.9058747e-01, 7.0650937e-01 
6965, 1.2137906e-02, 7.5844662e-01, 1.0000000e+00 
6966, 1.2137906e-02, 7.5844662e-01, 0.0000000e+00 
6967, 0.0000000e+00, 7.6447658e-01, 9.6576867e-01 
6968, 9.5625839e-01, 7.9111335e-01, 0.0000000e+00 
6969, 2.5463789e-02, 7.7411436e-01, 1.0000000e+00 
6970, 2.5463789e-02, 7.7411436e-01, 0.0000000e+00 
6971, 8.0061465e-01, 8.2183277e-01, 1.0000000e+00 
6972, 8.0061465e-01, 8.2183277e-01, 0.0000000e+00 
6973, 0.0000000e+00, 2.0311958e-01, 9.6596860e-01 
6974, 1.0000000e+00, 2.0311958e-01, 9.6596860e-01 
6975, 0.0000000e+00, 3.0547696e-01, 9.1477090e-01 
6976, 1.0000000e+00, 3.0547696e-01, 9.1477090e-01 
6977, 6.0180492e-01, 2.9719737e-01, 1.0000000e+00 
6978, 6.0180492e-01, 2.9719737e-01, 0.0000000e+00 
6979, 9.6552838e-01, 0.0000000e+00, 5.5724704e-01 
6980, 0.0000000e+00, 9.9247667e-01, 5.6496405e-01 
6981, 0.0000000e+00, 4.8695242e-01, 4.9280335e-01 
6982, 1.0000000e+00, 4.8695242e-01, 4.9280335e-01 
6983, 9.1440503e-01, 1.6457806e-01, 0.0000000e+00 
6984, 9.1440503e-01, 1.6457806e-01, 1.0000000e+00 
6985, 1.0000000e+00, 2.0370925e-01, 7.6380401e-01 
6986, 0.0000000e+00, 2.0370925e-01, 7.6380401e-01 
6987, 1.0000000e+00, 5.5563588e-01, 8.0318031e-01 
6988, 0.0000000e+00, 5.5563588e-01, 8.0318031e-01 
6989, 2.3440142e-01, 1.0000000e+00, 5.3950233e-01 
6990, 2.3440142e-01, 0.0000000e+00, 5.3950233e-01 
6991, 1.9631299e-01, 1.0000000e+00, 5.5541373e-01 
6992, 1.9631299e-01, 0.0000000e+00, 5.5541373e-01 
6993, 3.2716509e-01, 1.8016013e-01, 1.0000000e+00 
6994, 3.2716509e-01, 1.8016013e-01, 0.0000000e+00 
6995, 1.0000000e+00, 2.5484570e-01, 5.5183103e-01 
6996, 0.0000000e+00, 2.5484570e-01, 5.5183103e-01 
6997, 4.6822963e-02, 1.0000000e+00, 9.1343713e-01 
6998, 4.6822963e-02, 0.0000000e+00, 9.1343713e-01 
6999, 9.7800157e-01, 7.3893759e-01, 0.0000000e+00 
7000, 9.7800157e-01, 7.3893759e-01, 1.0000000e+00 
7001, 9.5354345e-01, 0.0000000e+00, 2.2712519e-01 
7002, 9.5354345e-01, 1.0000000e+00, 2.2712519e-01 
7003, 1.0000000e+00, 5.1370126e-03, 2.8189250e-01 
7004, 3.8761865e-03, 1.0000000e+00, 2.9377620e-01 
7005, 1.0000000e+00, 6.9864521e-02, 2.2474651e-01 
7006, 0.0000000e+00, 6.9864521e-02, 2.2474651e-01 
7007, 1.0000000e+00, 4.9163450e-02, 2.6711447e-01 
7008, 0.0000000e+00, 4.9163450e-02, 2.6711447e-01 
7009, 5.1474582e-01, 0.0000000e+00, 6.8050072e-01 
7010, 5.1474582e-01, 1.0000000e+00, 6.8050072e-01 
7011, 4.8354907e-01, 0.0000000e+00, 6.9255238e-01 
7012, 4.8354907e-01, 1.0000000e+00, 6.9255238e-01 
7013, 3.0424153e-01, 4.8413722e-01, 0.0000000e+00 
7014, 3.0424153e-01, 4.8413722e-01, 1.0000000e+00 
7015, 1.1451989e-01, 1.0000000e+00, 2.2242706e-01 
7016, 1.1451989e-01, 0.0000000e+00, 2.2242706e-01 
7017, 9.0241514e-01, 0.0000000e+00, 9.7348467e-01 
7018, 0.0000000e+00, 9.6143662e-01, 9.7197217e-01 
7019, 8.2261844e-01, 1.0938813e-02, 1.0000000e+00 
7020, 8.2315770e-01, 1.0000000e+00, 1.3156447e-02 
7021, 8.4320007e-01, 4.8545511e-01, 1.0000000e+00 
7022, 8.4320007e-01, 4.8545511e-01, 0.0000000e+00 
7023, 4.0657224e-01, 0.0000000e+00, 8.1785451e-01 
7024, 4.0657224e-01, 1.0000000e+00, 8.1785451e-01 
7025, 7.1636236e-01, 2.8179087e-01, 1.0000000e+00 
7026, 7.1636236e-01, 2.8179087e-01, 0.0000000e+00 
7027, 6.5560309e-01, 3.9631609e-01, 0.0000000e+00 
7028, 6.5560309e-01, 3.9631609e-01, 1.0000000e+00 
7029, 1.0000000e+00, 5.0497228e-01, 8.2150036e-01 
7030, 0.0000000e+00, 5.0497228e-01, 8.2150036e-01 
7031, 1.0000000e+00, 8.5504047e-01, 8.6226455e-01 
7032, 0.0000000e+00, 8.5504047e-01, 8.6226455e-01 
7033, 3.8234062e-01, 0.0000000e+00, 8.3811995e-01 
7034, 3.8234062e-01, 1.0000000e+00, 8.3811995e-01 
7035, 3.6685554e-01, 7.1592691e-02, 1.0000000e+00 
7036, 3.6685554e-01, 7.1592691e-02, 0.0000000e+00 
7037, 1.5055168e-01, 0.0000000e+00, 7.8249342e-02 
7038, 1.5055168e-01, 1.0000000e+00, 7.8249342e-02 
7039, 1.6192017e-01, 1.7347235e-18, 6.2341974e-02 
7040, 1.6192017e-01, 1.0000000e+00, 6.2341974e-02 
7041, 8.6209981e-02, 6.3819768e-03, 0.0000000e+00 
7042, 8.6209981e-02, 6.3819768e-03, 1.0000000e+00 
7043, 2.5350157e-01, 0.0000000e+00, 9.6179739e-02 
7044, 2.5350157e-01, 1.0000000e+00, 9.6179739e-02 
7045, 5.0587122e-01, 1.0000000e+00, 2.6700682e-01 
7046, 5.0587122e-01, 0.0000000e+00, 2.6700682e-01 
7047, 4.3091836e-01, 1.0000000e+00, 3.5545502e-01 
7048, 4.3091836e-01, 0.0000000e+00, 3.5545502e-01 
7049, 0.0000000e+00, 1.9102949e-01, 3.8374185e-02 
7050, 9.3914182e-01, 1.8311868e-01, 1.0000000e+00 
7051, 1.0234924e-01, 2.4423407e-01, 0.0000000e+00 
7052, 1.0234924e-01, 2.4423407e-01, 1.0000000e+00 
7053, 1.0000000e+00, 2.4592072e-01, 6.6295966e-01 
7054, 0.0000000e+00, 2.4592072e-01, 6.6295966e-01 
7055, 1.0000000e+00, 3.0694981e-01, 6.6994769e-01 
7056, 0.0000000e+00, 3.0694981e-01, 6.6994769e-01 
7057, 1.0000000e+00, 3.3089715e-01, 6.7256085e-01 
7058, 0.0000000e+00, 3.3089715e-01, 6.7256085e-01 
7059, 5.8768057e-02, 1.6095718e-01, 0.0000000e+00 
7060, 5.8768057e-02, 1.6095718e-01, 1.0000000e+00 
7061, 0.0000000e+00, 1.1499776e-01, 1.8237448e-02 
7062, 1.0000000e+00, 1.1499776e-01, 1.8237448e-02 
7063, 0.0000000e+00, 1.0378051e-02, 3.4039965e-01 
7064, 1.0000000e+00, 1.0378051e-02, 3.4039965e-01 
7065, 5.8423955e-02, 0.0000000e+00, 1.2054957e-01 
7066, 5.8423955e-02, 1.0000000e+00, 1.2054957e-01 
7067, 1.2295427e-01, 0.0000000e+00, 2.4572842e-01 
7068, 1.2295427e-01, 1.0000000e+00, 2.4572842e-01 
7069, 0.0000000e+00, 7.9848343e-02, 2.5194744e-01 
7070, 1.0000000e+00, 7.9848343e-02, 2.5194744e-01 
7071, 7.2735823e-01, 1.3979971e-01, 0.0000000e+00 
7072, 7.2735823e-01, 1.3979971e-01, 1.0000000e+00 
7073, 8.2452121e-01, 4.8475793e-01, 1.0000000e+00 
7074, 8.2452121e-01, 4.8475793e-01, 0.0000000e+00 
7075, 7.0077861e-02, 8.6717429e-01, 1.0000000e+00 
7076, 7.0077861e-02, 8.6717429e-01, 0.0000000e+00 
7077, 6.8999075e-02, 1.0000000e+00, 8.9337317e-01 
7078, 6.8999075e-02, 0.0000000e+00, 8.9337317e-01 
7079, 0.0000000e+00, 8.9072644e-01, 8.6731958e-01 
7080, 1.0000000e+00, 8.9072644e-01, 8.6731958e-01 
7081, 0.0000000e+00, 9.5420561e-01, 9.3148622e-01 
7082, 1.0000000e+00, 9.5420561e-01, 9.3148622e-01 
7083, 8.0850698e-01, 1.0000000e+00, 5.3317462e-01 
7084, 8.0850698e-01, 0.0000000e+00, 5.3317462e-01 
7085, 1.7347235e-18, 9.8112345e-01, 1.6475680e-01 
7086, 9.8739307e-01, 0.0000000e+00, 1.6862746e-01 
7087, 3.6178313e-02, 1.0000000e+00, 2.9104780e-01 
7088, 3.6178313e-02, 0.0000000e+00, 2.9104780e-01 
7089, 0.0000000e+00, 9.8861449e-01, 1.7736653e-01 
7090, 9.9478481e-01, 0.0000000e+00, 1.8498845e-01 
7091, 4.7321965e-01, 2.3827558e-01, 0.0000000e+00 
7092, 4.7321965e-01, 2.3827558e-01, 1.0000000e+00 
7093, 4.2044700e-01, 1.9362965e-01, 0.0000000e+00 
7094, 4.2044700e-01, 1.9362965e-01, 1.0000000e+00 
7095, 7.7172180e-01, 0.0000000e+00, 2.5831690e-01 
7096, 7.7172180e-01, 1.0000000e+00, 2.5831690e-01 
7097, 8.9677086e-01, 0.0000000e+00, 1.8671164e-01 
7098, 8.9677086e-01, 1.0000000e+00, 1.8671164e-01 
7099, 8.0865226e-02, 0.0000000e+00, 2.0305002e-01 
7100, 8.0865226e-02, 1.0000000e+00, 2.0305002e-01 
7101, 3.6651513e-02, 0.0000000e+00, 1.9409414e-01 
7102, 3.6651513e-02, 1.0000000e+00, 1.9409414e-01 
7103, 2.1821616e-01, 0.0000000e+00, 2.0725504e-01 
7104, 2.1821616e-01, 1.0000000e+00, 2.0725504e-01 
7105, 3.0006942e-01, 6.9637593e-01, 1.0000000e+00 
7106, 3.0006942e-01, 6.9637593e-01, 0.0000000e+00 
7107, 4.4303061e-01, 7.6630982e-01, 1.0000000e+00 
7108, 4.4303061e-01, 7.6630982e-01, 0.0000000e+00 
7109, 0.0000000e+00, 1.7878928e-01, 6.1700882e-01 
7110, 1.0000000e+00, 1.7878928e-01, 6.1700882e-01 
7111, 0.0000000e+00, 2.1085481e-01, 6.3867487e-01 
7112, 1.0000000e+00, 2.1085481e-01, 6.3867487e-01 
7113, 0.0000000e+00, 2.4020363e-01, 5.0939894e-01 
7114, 1.0000000e+00, 2.4020363e-01, 5.0939894e-01 
7115, 7.3050332e-01, 6.2664437e-01, 1.0000000e+00 
7116, 7.3050332e-01, 6.2664437e-01, 0.0000000e+00 
7117, 3.3239183e-01, 1.0000000e+00, 1.3694751e-01 
7118, 3.3239183e-01, 0.0000000e+00, 1.3694751e-01 
7119, 3.9838807e-01, 3.6569721e-01, 0.0000000e+00 
7120, 3.9838807e-01, 3.6569721e-01, 1.0000000e+00 
7121, 3.3652886e-01, 2.9409010e-01, 0.0000000e+00 
7122, 3.3652886e-01, 2.9409010e-01, 1.0000000e+00 
7123, 1.0000000e+00, 4.1068410e-01, 2.4933494e-01 
7124, 0.0000000e+00, 4.1068410e-01, 2.4933494e-01 
7125, 1.0000000e+00, 2.9215027e-01, 1.7946267e-01 
7126, 0.0000000e+00, 2.9215027e-01, 1.7946267e-01 
7127, 6.3672925e-01, 0.0000000e+00, 9.5327262e-01 
7128, 6.3672925e-01, 1.0000000e+00, 9.5327262e-01 
7129, 7.9135608e-01, 1.2803336e-01, 1.0000000e+00 
7130, 7.9135608e-01, 1.2803336e-01, 0.0000000e+00 
7131, 5.4228603e-01, 1.0000000e+00, 7.6825672e-01 
7132, 5.4228603e-01, 0.0000000e+00, 7.6825672e-01 
7133, 1.8819731e-01, 1.7930751e-01, 1.0000000e+00 
7134, 1.8819731e-01, 1.7930751e-01, 0.0000000e+00 
7135, 1.0000000e+00, 7.8857642e-01, 1.2888783e-01 
7136, 0.0000000e+00, 7.8857642e-01, 1.2888783e-01 
7137, 9.2370008e-01, 1.0000000e+00, 3.1376925e-01 
7138, 9.2370008e-01, 0.0000000e+00, 3.1376925e-01 
7139, 2.9648719e-01, 6.8391542e-01, 1.0000000e+00 
7140, 2.9648719e-01, 6.8391542e-01, 0.0000000e+00 
7141, 4.2547579e-01, 4.6966396e-01, 0.0000000e+00 
7142, 4.2547579e-01, 4.6966396e-01, 1.0000000e+00 
7143, 6.3520663e-01, 0.0000000e+00, 9.8918299e-01 
7144, 6.2183164e-01, 9.5574234e-01, 0.0000000e+00 
7145, 6.6827537e-01, 5.0088548e-02, 1.0000000e+00 
7146, 6.6827537e-01, 5.0088548e-02, 0.0000000e+00 
7147, 6.8292444e-01, 0.0000000e+00, 8.5981702e-01 
7148, 6.8292444e-01, 1.0000000e+00, 8.5981702e-01 
7149, 6.5288038e-01, 6.2625548e-02, 1.0000000e+00 
7150, 6.5288038e-01, 6.2625548e-02, 0.0000000e+00 
7151, 1.5307489e-01, 2.3803136e-01, 1.0000000e+00 
7152, 1.5307489e-01, 2.3803136e-01, 0.0000000e+00 
7153, 1.0545449e-01, 2.0348831e-01, 1.0000000e+00 
7154, 1.0545449e-01, 2.0348831e-01, 0.0000000e+00 
7155, 1.0000000e+00, 7.2086482e-01, 5.2869546e-01 
7156, 0.0000000e+00, 7.2086482e-01, 5.2869546e-01 
7157, 1.7234956e-01, 0.0000000e+00, 2.8330053e-01 
7158, 1.7234956e-01, 1.0000000e+00, 2.8330053e-01 
7159, 0.0000000e+00, 6.6338771e-01, 2.8996744e-01 
7160, 1.0000000e+00, 6.6338771e-01, 2.8996744e-01 
7161, 1.7809852e-01, 1.0000000e+00, 5.4560688e-01 
7162, 1.7809852e-01, 0.0000000e+00, 5.4560688e-01 
7163, 1.8059896e-01, 1.0000000e+00, 5.9258944e-01 
7164, 1.8059896e-01, 0.0000000e+00, 5.9258944e-01 
7165, 4.4822157e-01, 1.3436799e-01, 0.0000000e+00 
7166, 4.4822157e-01, 1.3436799e-01, 1.0000000e+00 
7167, 4.7684206e-01, 1.2153313e-01, 0.0000000e+00 
7168, 4.7684206e-01, 1.2153313e-01, 1.0000000e+00 
7169, 6.0669699e-01, 5.4176325e-02, 1.7347235e-18 
7170, 6.0669699e-01, 5.4176325e-02, 1.0000000e+00 
7171, 1.0230125e-01, 2.9620028e-01, 1.0000000e+00 
7172, 1.0230125e-01, 2.9620028e-01, 0.0000000e+00 
7173, 0.0000000e+00, 6.5025601e-01, 9.3070730e-01 
7174, 1.0000000e+00, 6.5025601e-01, 9.3070730e-01 
7175, 0.0000000e+00, 4.6000136e-01, 9.8841527e-01 
7176, 9.9407166e-01, 4.5053480e-01, 0.0000000e+00 
7177, 4.5184157e-01, 0.0000000e+00, 4.4081066e-01 
7178, 4.5184157e-01, 1.0000000e+00, 4.4081066e-01 
7179, 4.8613910e-01, 8.5641838e-01, 6.9388939e-18 
7180, 4.8613910e-01, 8.5641838e-01, 1.0000000e+00 
7181, 1.0000000e+00, 8.9232983e-01, 9.8825521e-01 
7182, 2.2968929e-02, 8.9053617e-01, 0.0000000e+00 
7183, 8.4717476e-01, 1.0000000e+00, 9.2297514e-01 
7184, 8.4717476e-01, 0.0000000e+00, 9.2297514e-01 
7185, 2.7328557e-01, 5.1626701e-01, 0.0000000e+00 
7186, 2.7328557e-01, 5.1626701e-01, 1.0000000e+00 
7187, 3.0166201e-01, 5.3257910e-01, 0.0000000e+00 
7188, 3.0166201e-01, 5.3257910e-01, 1.0000000e+00 
7189, 3.2676861e-01, 5.3862059e-01, 0.0000000e+00 
7190, 3.2676861e-01, 5.3862059e-01, 1.0000000e+00 
7191, 1.0000000e+00, 2.1925142e-01, 7.5844233e-01 
7192, 0.0000000e+00, 2.1925142e-01, 7.5844233e-01 
7193, 6.0963395e-02, 1.0000000e+00, 9.7433024e-01 
7194, 6.0963395e-02, 0.0000000e+00, 9.7433024e-01 
7195, 5.4162341e-02, 1.0000000e+00, 9.9168329e-01 
7196, 5.1804240e-02, 1.1953381e-02, 0.0000000e+00 
7197, 2.1221789e-01, 2.1691655e-01, 0.0000000e+00 
7198, 2.1221789e-01, 2.1691655e-01, 1.0000000e+00 
7199, 3.3976208e-01, 2.6323510e-01, 0.0000000e+00 
7200, 3.3976208e-01, 2.6323510e-01, 1.0000000e+00 
7201, 2.8383029e-01, 2.8199935e-01, 6.9388939e-18 
7202, 2.8383029e-01, 2.8199935e-01, 1.0000000e+00 
7203, 0.0000000e+00, 2.8415201e-01, 8.7071972e-01 
7204, 1.0000000e+00, 2.8415201e-01, 8.7071972e-01 
7205, 0.0000000e+00, 3.0105773e-01, 9.1356711e-01 
7206, 1.0000000e+00, 3.0105773e-01, 9.1356711e-01 
7207, 0.0000000e+00, 3.1817883e-01, 8.7212170e-01 
7208, 1.0000000e+00, 3.1817883e-01, 8.7212170e-01 
7209, 0.0000000e+00, 2.9274317e-01, 9.2190124e-01 
7210, 9.2632859e-01, 2.5483310e-01, 0.0000000e+00 
7211, 2.1849845e-01, 5.0362076e-01, 1.0000000e+00 
7212, 2.1849845e-01, 5.0362076e-01, 0.0000000e+00 
7213, 3.1238324e-01, 8.7834861e-01, 0.0000000e+00 
7214, 3.1238324e-01, 8.7834861e-01, 1.0000000e+00 
7215, 3.6720803e-01, 9.5020923e-01, 0.0000000e+00 
7216, 3.6720803e-01, 9.5020923e-01, 1.0000000e+00 
7217, 0.0000000e+00, 7.3625274e-01, 5.9369191e-01 
7218, 1.0000000e+00, 7.3625274e-01, 5.9369191e-01 
7219, 4.7378311e-01, 3.4410692e-01, 0.0000000e+00 
7220, 4.7378311e-01, 3.4410692e-01, 1.0000000e+00 
7221, 4.2293681e-01, 4.0016640e-01, 0.0000000e+00 
7222, 4.2293681e-01, 4.0016640e-01, 1.0000000e+00 
7223, 1.0000000e+00, 4.1042370e-01, 4.9359927e-01 
7224, 0.0000000e+00, 4.1042370e-01, 4.9359927e-01 
7225, 1.0000000e+00, 4.2028345e-01, 4.8654988e-01 
7226, 0.0000000e+00, 4.2028345e-01, 4.8654988e-01 
7227, 0.0000000e+00, 5.6267199e-01, 2.1893321e-01 
7228, 1.0000000e+00, 5.6267199e-01, 2.1893321e-01 
7229, 8.3590677e-01, 6.5247888e-01, 1.0000000e+00 
7230, 8.3590677e-01, 6.5247888e-01, 0.0000000e+00 
7231, 7.8866728e-01, 6.1081260e-01, 1.0000000e+00 
7232, 7.8866728e-01, 6.1081260e-01, 0.0000000e+00 
7233, 6.1938319e-01, 7.7763014e-01, 1.0000000e+00 
7234, 6.1938319e-01, 7.7763014e-01, 0.0000000e+00 
7235, 6.1828029e-01, 7.6414637e-01, 1.0000000e+00 
7236, 6.1828029e-01, 7.6414637e-01, 0.0000000e+00 
7237, 1.0000000e+00, 7.2978759e-01, 9.8580599e-02 
7238, 0.0000000e+00, 7.2978759e-01, 9.8580599e-02 
7239, 1.0000000e+00, 7.0601843e-01, 1.5533753e-01 
7240, 0.0000000e+00, 7.0601843e-01, 1.5533753e-01 
7241, 6.5374179e-01, 0.0000000e+00, 2.2729002e-01 
7242, 6.5374179e-01, 1.0000000e+00, 2.2729002e-01 
7243, 0.0000000e+00, 6.3635751e-01, 5.2089495e-01 
7244, 1.0000000e+00, 6.3635751e-01, 5.2089495e-01 
7245, 3.5340293e-01, 8.2681825e-01, 0.0000000e+00 
7246, 3.5340293e-01, 8.2681825e-01, 1.0000000e+00 
7247, 0.0000000e+00, 2.5253142e-01, 5.7963207e-01 
7248, 1.0000000e+00, 2.5253142e-01, 5.7963207e-01 
7249, 6.8414728e-01, 9.5518796e-01, 0.0000000e+00 
7250, 6.8414728e-01, 9.5518796e-01, 1.0000000e+00 
7251, 8.8800461e-01, 3.4694470e-18, 1.6817839e-01 
7252, 8.8800461e-01, 1.0000000e+00, 1.6817839e-01 
7253, 5.6710939e-01, 1.8539759e-01, 1.0000000e+00 
7254, 5.6710939e-01, 1.8539759e-01, 0.0000000e+00 
7255, 4.9472161e-01, 0.0000000e+00, 8.8213868e-01 
7256, 4.9472161e-01, 1.0000000e+00, 8.8213868e-01 
7257, 2.2639641e-01, 6.7860803e-01, 1.0000000e+00 
7258, 2.2639641e-01, 6.7860803e-01, 0.0000000e+00 
7259, 1.6089424e-01, 6.2515949e-01, 1.0000000e+00 
7260, 1.6089424e-01, 6.2515949e-01, 0.0000000e+00 
7261, 2.0905057e-01, 1.4889564e-01, 1.0000000e+00 
7262, 2.0905057e-01, 1.4889564e-01, 0.0000000e+00 
7263, 2.0436326e-01, 4.0805199e-02, 1.0000000e+00 
7264, 2.0436326e-01, 4.0805199e-02, 0.0000000e+00 
7265, 1.4157019e-01, 0.0000000e+00, 9.8637048e-01 
7266, 1.3012652e-01, 9.8875576e-01, 0.0000000e+00 
7267, 7.4239784e-01, 1.0000000e+00, 3.1750723e-01 
7268, 7.4239784e-01, 0.0000000e+00, 3.1750723e-01 
7269, 8.3565984e-01, 1.0000000e+00, 2.9684833e-01 
7270, 8.3565984e-01, 0.0000000e+00, 2.9684833e-01 
7271, 1.0000000e+00, 3.4652416e-01, 6.1676109e-01 
7272, 0.0000000e+00, 3.4652416e-01, 6.1676109e-01 
7273, 4.1735041e-01, 2.5569939e-01, 0.0000000e+00 
7274, 4.1735041e-01, 2.5569939e-01, 1.0000000e+00 
7275, 7.5168576e-01, 3.3979215e-01, 0.0000000e+00 
7276, 7.5168576e-01, 3.3979215e-01, 1.0000000e+00 
7277, 1.0000000e+00, 9.3867333e-01, 1.9957249e-01 
7278, 0.0000000e+00, 9.3867333e-01, 1.9957249e-01 
7279, 1.0000000e+00, 9.2655284e-01, 7.7910455e-02 
7280, 0.0000000e+00, 9.2655284e-01, 7.7910455e-02 
7281, 8.6063228e-01, 0.0000000e+00, 7.0923799e-02 
7282, 8.6063228e-01, 1.0000000e+00, 7.0923799e-02 
7283, 1.0000000e+00, 1.6948131e-01, 8.8128071e-01 
7284, 0.0000000e+00, 1.6948131e-01, 8.8128071e-01 
7285, 1.0000000e+00, 1.8485070e-01, 8.8241070e-01 
7286, 0.0000000e+00, 1.8485070e-01, 8.8241070e-01 
7287, 1.0000000e+00, 4.1386838e-03, 6.8863006e-01 
7288, 6.2844368e-03, 1.0000000e+00, 6.8383409e-01 
7289, 8.8402726e-01, 0.0000000e+00, 6.5575742e-01 
7290, 8.8402726e-01, 1.0000000e+00, 6.5575742e-01 
7291, 1.9442669e-01, 1.0000000e+00, 5.5148157e-01 
7292, 1.9442669e-01, 0.0000000e+00, 5.5148157e-01 
7293, 1.9319959e-01, 1.0000000e+00, 5.5431282e-01 
7294, 1.9319959e-01, 0.0000000e+00, 5.5431282e-01 
7295, 1.9286807e-01, 1.0000000e+00, 5.5356003e-01 
7296, 1.9286807e-01, 0.0000000e+00, 5.5356003e-01 
7297, 4.7887673e-01, 1.0000000e+00, 8.2301832e-01 
7298, 4.7887673e-01, 0.0000000e+00, 8.2301832e-01 
7299, 5.8192666e-01, 9.7498403e-01, 1.0000000e+00 
7300, 6.0111371e-01, 0.0000000e+00, 1.6616465e-02 
7301, 5.5357022e-01, 1.0000000e+00, 9.9958647e-01 
7302, 5.5204250e-01, 2.4666565e-03, 0.0000000e+00 
7303, 5.4797083e-01, 1.0000000e+00, 9.7064779e-01 
7304, 5.4797083e-01, 0.0000000e+00, 9.7064779e-01 
7305, 4.3838287e-01, 4.0405509e-01, 0.0000000e+00 
7306, 4.3838287e-01, 4.0405509e-01, 1.0000000e+00 
7307, 1.0000000e+00, 2.1689796e-01, 1.2976732e-01 
7308, 0.0000000e+00, 2.1689796e-01, 1.2976732e-01 
7309, 9.2957859e-01, 0.0000000e+00, 9.6962339e-02 
7310, 9.2957859e-01, 1.0000000e+00, 9.6962339e-02 
7311, 1.0000000e+00, 9.9967344e-02, 1.6307704e-01 
7312, 0.0000000e+00, 9.9967344e-02, 1.6307704e-01 
7313, 4.0392794e-01, 1.0000000e+00, 2.9091323e-01 
7314, 4.0392794e-01, 0.0000000e+00, 2.9091323e-01 
7315, 0.0000000e+00, 2.8111367e-01, 7.6793757e-01 
7316, 1.0000000e+00, 2.8111367e-01, 7.6793757e-01 
7317, 5.8266105e-01, 0.0000000e+00, 6.3115384e-01 
7318, 5.8266105e-01, 1.0000000e+00, 6.3115384e-01 
7319, 6.0882089e-01, 1.1128728e-01, 0.0000000e+00 
7320, 6.0882089e-01, 1.1128728e-01, 1.0000000e+00 
7321, 6.2170038e-01, 1.0018618e-01, 0.0000000e+00 
7322, 6.2170038e-01, 1.0018618e-01, 1.0000000e+00 
7323, 5.6082654e-01, 0.0000000e+00, 1.4074068e-01 
7324, 5.6082654e-01, 1.0000000e+00, 1.4074068e-01 
7325, 8.3297419e-01, 2.2474896e-01, 0.0000000e+00 
7326, 8.3297419e-01, 2.2474896e-01, 1.0000000e+00 
7327, 8.4953629e-01, 2.2813154e-01, 0.0000000e+00 
7328, 0.0000000e+00, 1.9581966e-01, 8.4924987e-01 
7329, 0.0000000e+00, 6.6340609e-01, 6.1588715e-01 
7330, 1.0000000e+00, 6.6340609e-01, 6.1588715e-01 
7331, 1.0000000e+00, 1.8555433e-01, 7.5472096e-01 
7332, 0.0000000e+00, 1.8555433e-01, 7.5472096e-01 
7333, 4.8458007e-01, 3.4679154e-01, 0.0000000e+00 
7334, 4.8458007e-01, 3.4679154e-01, 1.0000000e+00 
7335, 0.0000000e+00, 9.6515096e-01, 4.5403950e-01 
7336, 9.7178781e-01, 0.0000000e+00, 4.7590235e-01 
7337, 0.0000000e+00, 9.5157746e-01, 3.7744518e-01 
7338, 1.0000000e+00, 9.5157746e-01, 3.7744518e-01 
7339, 7.2531647e-01, 1.0000000e+00, 9.2014063e-01 
7340, 7.2531647e-01, 0.0000000e+00, 9.2014063e-01 
7341, 8.1375907e-01, 9.5033685e-01, 1.0000000e+00 
7342, 8.1375907e-01, 9.5033685e-01, 0.0000000e+00 
7343, 7.2645464e-01, 1.0000000e+00, 9.1847947e-01 
7344, 7.2645464e-01, 0.0000000e+00, 9.1847947e-01 
7345, 9.4548087e-01, 7.5203430e-01, 0.0000000e+00 
7346, 9.4548087e-01, 7.5203430e-01, 1.0000000e+00 
7347, 9.9806223e-01, 1.0432583e-01, 0.0000000e+00 
7348, 0.0000000e+00, 1.0346455e-01, 9.9931772e-01 
7349, 9.9125606e-01, 4.7847884e-02, 0.0000000e+00 
7350, 2.4649894e-02, 1.0000000e+00, 9.8691301e-01 
7351, 2.3731686e-01, 2.3077735e-01, 1.0000000e+00 
7352, 2.3731686e-01, 2.3077735e-01, 0.0000000e+00 
7353, 1.5075401e-01, 2.3247760e-01, 1.0000000e+00 
7354, 1.5075401e-01, 2.3247760e-01, 0.0000000e+00 
7355, 1.0000000e+00, 6.0661523e-01, 1.3747662e-01 
7356, 0.0000000e+00, 6.0661523e-01, 1.3747662e-01 
7357, 4.4711065e-01, 1.0000000e+00, 8.3977980e-01 
7358, 4.4711065e-01, 0.0000000e+00, 8.3977980e-01 
7359, 3.7586900e-01, 1.0000000e+00, 8.4784517e-01 
7360, 3.7586900e-01, 0.0000000e+00, 8.4784517e-01 
7361, 6.6654680e-01, 0.0000000e+00, 4.9881589e-01 
7362, 6.6654680e-01, 1.0000000e+00, 4.9881589e-01 
7363, 4.4938308e-01, 0.0000000e+00, 1.3468730e-01 
7364, 4.4938308e-01, 1.0000000e+00, 1.3468730e-01 
7365, 3.4654307e-01, 0.0000000e+00, 9.8544421e-02 
7366, 3.4654307e-01, 1.0000000e+00, 9.8544421e-02 
7367, 0.0000000e+00, 4.1640297e-01, 5.2722040e-02 
7368, 1.0000000e+00, 4.1640297e-01, 5.2722040e-02 
7369, 7.9973499e-01, 5.2380990e-01, 1.0000000e+00 
7370, 7.9973499e-01, 5.2380990e-01, 0.0000000e+00 
7371, 6.0243926e-01, 3.1227701e-01, 1.0000000e+00 
7372, 6.0243926e-01, 3.1227701e-01, 0.0000000e+00 
7373, 6.0358300e-01, 2.9956756e-01, 1.0000000e+00 
7374, 6.0358300e-01, 2.9956756e-01, 0.0000000e+00 
7375, 0.0000000e+00, 4.6851707e-01, 8.4453027e-01 
7376, 1.0000000e+00, 4.6851707e-01, 8.4453027e-01 
7377, 2.5605825e-01, 1.7946634e-01, 0.0000000e+00 
7378, 2.5605825e-01, 1.7946634e-01, 1.0000000e+00 
7379, 3.3717314e-01, 2.7631318e-01, 0.0000000e+00 
7380, 3.3717314e-01, 2.7631318e-01, 1.0000000e+00 
7381, 0.0000000e+00, 9.4845904e-01, 2.3859579e-01 
7382, 1.0000000e+00, 9.4845904e-01, 2.3859579e-01 
7383, 0.0000000e+00, 2.9740125e-01, 3.1706957e-01 
7384, 1.0000000e+00, 2.9740125e-01, 3.1706957e-01 
7385, 8.2643754e-01, 8.3059857e-01, 0.0000000e+00 
7386, 8.2643754e-01, 8.3059857e-01, 1.0000000e+00 
7387, 4.6631805e-01, 1.7842407e-01, 0.0000000e+00 
7388, 4.6631805e-01, 1.7842407e-01, 1.0000000e+00 
7389, 1.0000000e+00, 1.4778009e-01, 7.9701024e-01 
7390, 0.0000000e+00, 1.4778009e-01, 7.9701024e-01 
7391, 9.4132477e-01, 0.0000000e+00, 8.8911328e-01 
7392, 9.4132477e-01, 1.0000000e+00, 8.8911328e-01 
7393, 5.7604224e-01, 1.5141244e-01, 0.0000000e+00 
7394, 5.7604224e-01, 1.5141244e-01, 1.0000000e+00 
7395, 6.6180609e-01, 2.1812111e-01, 1.0000000e+00 
7396, 6.6180609e-01, 2.1812111e-01, 0.0000000e+00 
7397, 8.2563919e-01, 2.2587522e-01, 1.0000000e+00 
7398, 8.2563919e-01, 2.2587522e-01, 0.0000000e+00 
7399, 1.0000000e+00, 9.0105511e-01, 5.2076238e-01 
7400, 0.0000000e+00, 9.0105511e-01, 5.2076238e-01 
7401, 1.9697130e-01, 9.5709388e-01, 1.0000000e+00 
7402, 1.9697130e-01, 9.5709388e-01, 0.0000000e+00 
7403, 3.4772862e-01, 1.0000000e+00, 8.9647380e-01 
7404, 3.4772862e-01, 0.0000000e+00, 8.9647380e-01 
7405, 1.3877788e-17, 6.9231490e-01, 3.5490334e-01 
7406, 1.0000000e+00, 6.9231490e-01, 3.5490334e-01 
7407, 0.0000000e+00, 6.4047446e-01, 3.7813555e-01 
7408, 1.0000000e+00, 6.4047446e-01, 3.7813555e-01 
7409, 1.0000000e+00, 8.2991153e-01, 5.5588402e-01 
7410, 0.0000000e+00, 8.2991153e-01, 5.5588402e-01 
7411, 0.0000000e+00, 5.7084485e-01, 3.5899238e-01 
7412, 1.0000000e+00, 5.7084485e-01, 3.5899238e-01 
7413, 4.7877641e-01, 2.7868345e-01, 0.0000000e+00 
7414, 4.7877641e-01, 2.7868345e-01, 1.0000000e+00 
7415, 4.9753798e-01, 0.0000000e+00, 4.7056151e-01 
7416, 4.9753798e-01, 1.0000000e+00, 4.7056151e-01 
7417, 9.0980620e-01, 4.9244089e-01, 1.0000000e+00 
7418, 9.0980620e-01, 4.9244089e-01, 0.0000000e+00 
7419, 0.0000000e+00, 5.7982036e-01, 4.3595453e-01 
7420, 1.0000000e+00, 5.7982036e-01, 4.3595453e-01 
7421, 0.0000000e+00, 7.0667774e-01, 8.7749377e-01 
7422, 1.0000000e+00, 7.0667774e-01, 8.7749377e-01 
7423, 0.0000000e+00, 6.1197379e-01, 8.0039646e-01 
7424, 1.0000000e+00, 6.1197379e-01, 8.0039646e-01 
7425, 1.0000000e+00, 3.2600720e-01, 6.2609472e-01 
7426, 0.0000000e+00, 3.2600720e-01, 6.2609472e-01 
7427, 0.0000000e+00, 6.9202090e-01, 2.3006415e-01 
7428, 1.0000000e+00, 6.9202090e-01, 2.3006415e-01 
7429, 0.0000000e+00, 2.8166025e-01, 8.1982336e-01 
7430, 1.0000000e+00, 2.8166025e-01, 8.1982336e-01 
7431, 2.1316527e-01, 8.1582487e-01, 1.0000000e+00 
7432, 2.1316527e-01, 8.1582487e-01, 0.0000000e+00 
7433, 2.9947402e-01, 6.1484988e-01, 1.0000000e+00 
7434, 2.9947402e-01, 6.1484988e-01, 0.0000000e+00 
7435, 8.4586024e-02, 1.0000000e+00, 4.3030938e-01 
7436, 8.4586024e-02, 0.0000000e+00, 4.3030938e-01 
7437, 0.0000000e+00, 9.4177210e-01, 4.9123974e-01 
7438, 1.0000000e+00, 9.4177210e-01, 4.9123974e-01 
7439, 5.8141933e-01, 1.0000000e+00, 8.5751341e-01 
7440, 5.8141933e-01, 0.0000000e+00, 8.5751341e-01 
7441, 3.2042660e-01, 9.2719487e-01, 0.0000000e+00 
7442, 2.9964594e-01, 0.0000000e+00, 9.5218046e-01 
7443, 3.6609098e-01, 1.0000000e+00, 5.0523649e-01 
7444, 3.6609098e-01, 0.0000000e+00, 5.0523649e-01 
7445, 4.9157229e-01, 1.0000000e+00, 4.7892986e-01 
7446, 4.9157229e-01, 0.0000000e+00, 4.7892986e-01 
7447, 6.1520579e-01, 4.9824550e-01, 0.0000000e+00 
7448, 6.1520579e-01, 4.9824550e-01, 1.0000000e+00 
7449, 6.4928947e-01, 6.0847642e-01, 0.0000000e+00 
7450, 6.4928947e-01, 6.0847642e-01, 1.0000000e+00 
7451, 7.6966486e-01, 0.0000000e+00, 7.4218777e-01 
7452, 7.6966486e-01, 1.0000000e+00, 7.4218777e-01 
7453, 8.1123241e-01, 0.0000000e+00, 7.1118666e-01 
7454, 8.1123241e-01, 1.0000000e+00, 7.1118666e-01 
7455, 7.7261391e-01, 3.4694470e-18, 7.6827618e-01 
7456, 7.7261391e-01, 1.0000000e+00, 7.6827618e-01 
7457, 1.0000000e+00, 1.1947171e-01, 3.8760008e-01 
7458, 0.0000000e+00, 1.1947171e-01, 3.8760008e-01 
7459, 2.8778936e-01, 0.0000000e+00, 7.7980534e-01 
7460, 2.8778936e-01, 1.0000000e+00, 7.7980534e-01 
7461, 1.4601700e-01, 1.0000000e+00, 7.1621405e-01 
7462, 1.4601700e-01, 0.0000000e+00, 7.1621405e-01 
7463, 0.0000000e+00, 9.6433973e-01, 6.9236610e-01 
7464, 1.0000000e+00, 9.6433973e-01, 6.9236610e-01 
7465, 0.0000000e+00, 3.3792694e-01, 6.5140313e-01 
7466, 1.0000000e+00, 3.3792694e-01, 6.5140313e-01 
7467, 5.9709153e-02, 0.0000000e+00, 5.1689003e-01 
7468, 5.9709153e-02, 1.0000000e+00, 5.1689003e-01 
7469, 4.3287184e-01, 7.4629222e-01, 1.0000000e+00 
7470, 4.3287184e-01, 7.4629222e-01, 0.0000000e+00 
7471, 9.3273847e-01, 7.3170156e-01, 0.0000000e+00 
7472, 9.3273847e-01, 7.3170156e-01, 1.0000000e+00 
7473, 6.9601065e-01, 6.7379843e-01, 0.0000000e+00 
7474, 6.9601065e-01, 6.7379843e-01, 1.0000000e+00 
7475, 6.7974268e-01, 6.9801117e-01, 0.0000000e+00 
7476, 6.7974268e-01, 6.9801117e-01, 1.0000000e+00 
7477, 9.2828580e-01, 6.0780155e-01, 1.0000000e+00 
7478, 9.2828580e-01, 6.0780155e-01, 0.0000000e+00 
7479, 4.0537761e-01, 1.2916247e-01, 0.0000000e+00 
7480, 4.0537761e-01, 1.2916247e-01, 1.0000000e+00 
7481, 1.3117980e-01, 1.0000000e+00, 8.9947222e-01 
7482, 1.3117980e-01, 0.0000000e+00, 8.9947222e-01 
7483, 1.1209359e-01, 1.0000000e+00, 8.6370939e-01 
7484, 1.1209359e-01, 0.0000000e+00, 8.6370939e-01 
7485, 1.6735192e-01, 1.0000000e+00, 8.4032789e-01 
7486, 1.6735192e-01, 0.0000000e+00, 8.4032789e-01 
7487, 6.8272741e-01, 1.0000000e+00, 4.8667054e-01 
7488, 6.8272741e-01, 0.0000000e+00, 4.8667054e-01 
7489, 1.4440838e-01, 1.8388690e-01, 1.0000000e+00 
7490, 1.4440838e-01, 1.8388690e-01, 0.0000000e+00 
7491, 3.7572644e-01, 2.0128759e-01, 0.0000000e+00 
7492, 3.7572644e-01, 2.0128759e-01, 1.0000000e+00 
7493, 3.8817052e-01, 1.8784122e-01, 0.0000000e+00 
7494, 3.8817052e-01, 1.8784122e-01, 1.0000000e+00 
7495, 5.6109724e-01, 1.1590712e-01, 0.0000000e+00 
7496, 5.6109724e-01, 1.1590712e-01, 1.0000000e+00 
7497, 5.6781332e-01, 1.2177915e-01, 0.0000000e+00 
7498, 5.6781332e-01, 1.2177915e-01, 1.0000000e+00 
7499, 0.0000000e+00, 5.1412034e-01, 2.2998631e-01 
7500, 1.0000000e+00, 5.1412034e-01, 2.2998631e-01 
7501, 7.8458224e-01, 1.0000000e+00, 8.3629979e-02 
7502, 8.1299900e-01, 2.4532452e-02, 1.0000000e+00 
7503, 7.7925192e-01, 1.0000000e+00, 1.0626300e-01 
7504, 7.7925192e-01, 0.0000000e+00, 1.0626300e-01 
7505, 7.7782770e-01, 1.0000000e+00, 8.1038275e-02 
7506, 7.7735529e-01, 2.0983270e-02, 1.0000000e+00 
7507, 6.3009730e-01, 5.1693291e-01, 0.0000000e+00 
7508, 6.3009730e-01, 5.1693291e-01, 1.0000000e+00 
7509, 0.0000000e+00, 6.1522336e-01, 9.3009012e-01 
7510, 1.0000000e+00, 6.1522336e-01, 9.3009012e-01 
7511, 0.0000000e+00, 6.0916998e-01, 9.5572641e-01 
7512, 9.8549262e-01, 6.2204909e-01, 0.0000000e+00 
7513, 0.0000000e+00, 5.6804027e-01, 9.1138786e-01 
7514, 1.0000000e+00, 5.6804027e-01, 9.1138786e-01 
7515, 1.0000000e+00, 1.8149630e-02, 9.4857304e-01 
7516, 4.2896947e-02, 1.0000000e+00, 9.3025752e-01 
7517, 9.8913028e-01, 5.2553455e-02, 1.0000000e+00 
7518, 0.0000000e+00, 5.6489471e-02, 8.7567177e-03 
7519, 9.3981518e-01, 9.2603614e-02, 1.0000000e+00 
7520, 9.3981518e-01, 9.2603614e-02, 0.0000000e+00 
7521, 1.0000000e+00, 1.7160547e-01, 9.9288528e-01 
7522, 9.2385880e-03, 1.7877889e-01, 0.0000000e+00 
7523, 9.9811939e-01, 1.6674795e-01, 1.0000000e+00 
7524, 0.0000000e+00, 1.6428668e-01, 1.1332551e-02 
7525, 0.0000000e+00, 2.1179061e-01, 3.6719806e-01 
7526, 1.0000000e+00, 2.1179061e-01, 3.6719806e-01 
7527, 0.0000000e+00, 2.4267511e-01, 4.5800098e-01 
7528, 1.0000000e+00, 2.4267511e-01, 4.5800098e-01 
7529, 1.1391488e-01, 6.2211008e-01, 1.0000000e+00 
7530, 1.1391488e-01, 6.2211008e-01, 0.0000000e+00 
7531, 0.0000000e+00, 9.8060726e-01, 3.9812094e-01 
7532, 1.0000000e+00, 9.8060726e-01, 3.9812094e-01 
7533, 8.4142901e-02, 1.0000000e+00, 4.8300299e-01 
7534, 8.4142901e-02, 0.0000000e+00, 4.8300299e-01 
7535, 0.0000000e+00, 2.8393024e-01, 7.1811767e-01 
7536, 1.0000000e+00, 2.8393024e-01, 7.1811767e-01 
7537, 2.9238395e-01, 2.7488515e-01, 0.0000000e+00 
7538, 2.9238395e-01, 2.7488515e-01, 1.0000000e+00 
7539, 3.3030129e-01, 0.0000000e+00, 7.8266689e-01 
7540, 3.3030129e-01, 1.0000000e+00, 7.8266689e-01 
7541, 4.0497708e-01, 0.0000000e+00, 7.5316170e-01 
7542, 4.0497708e-01, 1.0000000e+00, 7.5316170e-01 
7543, 4.1850409e-01, 0.0000000e+00, 7.1810546e-01 
7544, 4.1850409e-01, 1.0000000e+00, 7.1810546e-01 
7545, 5.0826556e-01, 7.6168963e-01, 1.0000000e+00 
7546, 5.0826556e-01, 7.6168963e-01, 0.0000000e+00 
7547, 1.0000000e+00, 8.0512498e-01, 1.1040951e-01 
7548, 0.0000000e+00, 8.0512498e-01, 1.1040951e-01 
7549, 4.9302749e-01, 0.0000000e+00, 5.2261191e-01 
7550, 4.9302749e-01, 1.0000000e+00, 5.2261191e-01 
7551, 5.7375879e-01, 0.0000000e+00, 5.9865414e-01 
7552, 5.7375879e-01, 1.0000000e+00, 5.9865414e-01 
7553, 5.8764703e-01, 0.0000000e+00, 6.7450630e-01 
7554, 5.8764703e-01, 1.0000000e+00, 6.7450630e-01 
7555, 1.1083439e-02, 1.0000000e+00, 8.4235090e-01 
7556, 1.0000000e+00, 1.7890953e-02, 8.4074675e-01 
7557, 1.0000000e+00, 2.2899740e-01, 5.6826272e-01 
7558, 0.0000000e+00, 2.2899740e-01, 5.6826272e-01 
7559, 4.4838245e-01, 0.0000000e+00, 8.9824285e-01 
7560, 4.4838245e-01, 1.0000000e+00, 8.9824285e-01 
7561, 4.0798800e-01, 0.0000000e+00, 8.9995706e-01 
7562, 4.0798800e-01, 1.0000000e+00, 8.9995706e-01 
7563, 3.1438500e-01, 1.0000000e+00, 7.4708133e-01 
7564, 3.1438500e-01, 0.0000000e+00, 7.4708133e-01 
7565, 1.0000000e+00, 2.0665445e-01, 7.7020641e-01 
7566, 0.0000000e+00, 2.0665445e-01, 7.7020641e-01 
7567, 1.0000000e+00, 2.8150216e-01, 7.4156858e-01 
7568, 0.0000000e+00, 2.8150216e-01, 7.4156858e-01 
7569, 2.5729782e-01, 8.9838115e-01, 0.0000000e+00 
7570, 2.5729782e-01, 8.9838115e-01, 1.0000000e+00 
7571, 2.4751469e-01, 1.0000000e+00, 6.0240764e-02 
7572, 2.4751469e-01, 0.0000000e+00, 6.0240764e-02 
7573, 1.0000000e+00, 2.7491075e-01, 3.5216758e-01 
7574, 0.0000000e+00, 2.7491075e-01, 3.5216758e-01 
7575, 6.6729436e-01, 1.0000000e+00, 3.8810586e-01 
7576, 6.6729436e-01, 0.0000000e+00, 3.8810586e-01 
7577, 9.4473296e-01, 0.0000000e+00, 1.3301070e-01 
7578, 9.4473296e-01, 1.0000000e+00, 1.3301070e-01 
7579, 8.2345873e-01, 2.7718420e-01, 0.0000000e+00 
7580, 8.2345873e-01, 2.7718420e-01, 1.0000000e+00 
7581, 7.6832896e-01, 1.1919120e-01, 0.0000000e+00 
7582, 7.6832896e-01, 1.1919120e-01, 1.0000000e+00 
7583, 7.8412247e-01, 9.8749485e-02, 0.0000000e+00 
7584, 7.8412247e-01, 9.8749485e-02, 1.0000000e+00 
7585, 1.0000000e+00, 7.9666423e-01, 4.0527063e-01 
7586, 0.0000000e+00, 7.9666423e-01, 4.0527063e-01 
7587, 4.5696365e-01, 1.0000000e+00, 6.1749653e-01 
7588, 4.5696365e-01, 0.0000000e+00, 6.1749653e-01 
7589, 8.9425843e-01, 7.1593448e-02, 1.0000000e+00 
7590, 8.9425843e-01, 7.1593448e-02, 0.0000000e+00 
7591, 9.3987359e-01, 0.0000000e+00, 8.6313582e-01 
7592, 9.3987359e-01, 1.0000000e+00, 8.6313582e-01 
7593, 1.0000000e+00, 7.3799498e-01, 3.7435014e-01 
7594, 0.0000000e+00, 7.3799498e-01, 3.7435014e-01 
7595, 1.0000000e+00, 7.4478208e-01, 3.7187584e-01 
7596, 0.0000000e+00, 7.4478208e-01, 3.7187584e-01 
7597, 0.0000000e+00, 6.9855354e-01, 3.8119324e-01 
7598, 1.0000000e+00, 6.9855354e-01, 3.8119324e-01 
7599, 0.0000000e+00, 8.6317926e-01, 6.2909814e-01 
7600, 1.0000000e+00, 8.6317926e-01, 6.2909814e-01 
7601, 3.5646204e-01, 0.0000000e+00, 8.6120528e-01 
7602, 3.5646204e-01, 1.0000000e+00, 8.6120528e-01 
7603, 4.2729168e-01, 0.0000000e+00, 8.9426853e-01 
7604, 4.2729168e-01, 1.0000000e+00, 8.9426853e-01 
7605, 4.7293760e-01, 0.0000000e+00, 8.1800769e-01 
7606, 4.7293760e-01, 1.0000000e+00, 8.1800769e-01 
7607, 3.1226194e-01, 0.0000000e+00, 6.6114766e-02 
7608, 3.1226194e-01, 1.0000000e+00, 6.6114766e-02 
7609, 3.2400394e-01, 0.0000000e+00, 6.6693264e-02 
7610, 3.2400394e-01, 1.0000000e+00, 6.6693264e-02 
7611, 8.1167802e-01, 1.0000000e+00, 6.6497868e-01 
7612, 8.1167802e-01, 0.0000000e+00, 6.6497868e-01 
7613, 0.0000000e+00, 8.5087848e-01, 5.4790869e-01 
7614, 1.0000000e+00, 8.5087848e-01, 5.4790869e-01 
7615, 7.6059258e-01, 0.0000000e+00, 5.1809286e-01 
7616, 7.6059258e-01, 1.0000000e+00, 5.1809286e-01 
7617, 7.7595988e-01, 1.0000000e+00, 2.1239586e-01 
7618, 7.7595988e-01, 0.0000000e+00, 2.1239586e-01 
7619, 8.4820689e-01, 1.0000000e+00, 2.6158057e-01 
7620, 8.4820689e-01, 0.0000000e+00, 2.6158057e-01 
7621, 0.0000000e+00, 6.4351121e-01, 4.9316205e-02 
7622, 1.0000000e+00, 6.4351121e-01, 4.9316205e-02 
7623, 9.6323032e-02, 6.5144915e-01, 0.0000000e+00 
7624, 9.6323032e-02, 6.5144915e-01, 1.0000000e+00 
7625, 6.1478332e-01, 9.3155942e-01, 1.0000000e+00 
7626, 6.1478332e-01, 9.3155942e-01, 0.0000000e+00 
7627, 6.3342218e-01, 4.6179088e-01, 0.0000000e+00 
7628, 6.3342218e-01, 4.6179088e-01, 1.0000000e+00 
7629, 0.0000000e+00, 6.4320265e-02, 3.2896068e-01 
7630, 1.0000000e+00, 6.4320265e-02, 3.2896068e-01 
7631, 4.1592352e-01, 6.5702987e-02, 0.0000000e+00 
7632, 4.4626987e-01, 1.0000000e+00, 9.4160877e-01 
7633, 5.2405864e-01, 5.9381406e-01, 0.0000000e+00 
7634, 5.2405864e-01, 5.9381406e-01, 1.0000000e+00 
7635, 5.0040275e-01, 5.7921754e-01, 0.0000000e+00 
7636, 5.0040275e-01, 5.7921754e-01, 1.0000000e+00 
7637, 5.3341419e-01, 6.3138653e-01, 0.0000000e+00 
7638, 5.3341419e-01, 6.3138653e-01, 1.0000000e+00 
7639, 4.9583392e-01, 7.9418628e-01, 0.0000000e+00 
7640, 4.9583392e-01, 7.9418628e-01, 1.0000000e+00 
7641, 1.0000000e+00, 1.2818347e-01, 9.8055142e-01 
7642, 0.0000000e+00, 1.2818347e-01, 9.8055142e-01 
7643, 8.8254453e-01, 1.4039089e-01, 1.0000000e+00 
7644, 8.8254453e-01, 1.4039089e-01, 0.0000000e+00 
7645, 0.0000000e+00, 4.3726086e-01, 7.9798701e-01 
7646, 1.0000000e+00, 4.3726086e-01, 7.9798701e-01 
7647, 2.5410320e-01, 2.8769664e-01, 0.0000000e+00 
7648, 2.5410320e-01, 2.8769664e-01, 1.0000000e+00 
7649, 9.9742737e-02, 4.5477273e-01, 1.0000000e+00 
7650, 9.9742737e-02, 4.5477273e-01, 0.0000000e+00 
7651, 1.4552543e-01, 4.9842769e-01, 1.0000000e+00 
7652, 1.4552543e-01, 4.9842769e-01, 0.0000000e+00 
7653, 7.1970349e-01, 1.0000000e+00, 3.2868443e-01 
7654, 7.1970349e-01, 0.0000000e+00, 3.2868443e-01 
7655, 7.2085773e-01, 1.0000000e+00, 3.2731232e-01 
7656, 7.2085773e-01, 0.0000000e+00, 3.2731232e-01 
7657, 7.2069048e-01, 1.0000000e+00, 3.2979339e-01 
7658, 7.2069048e-01, 0.0000000e+00, 3.2979339e-01 
7659, 7.1769507e-01, 1.0000000e+00, 3.2748781e-01 
7660, 7.1769507e-01, 0.0000000e+00, 3.2748781e-01 
7661, 3.7348616e-01, 0.0000000e+00, 3.2570932e-01 
7662, 3.7348616e-01, 1.0000000e+00, 3.2570932e-01 
7663, 3.7146144e-01, 0.0000000e+00, 3.0849939e-01 
7664, 3.7146144e-01, 1.0000000e+00, 3.0849939e-01 
7665, 2.8332606e-01, 9.6349016e-01, 0.0000000e+00 
7666, 2.7515650e-01, 0.0000000e+00, 9.6951222e-01 
7667, 3.0121391e-01, 9.0974696e-01, 0.0000000e+00 
7668, 3.0121391e-01, 9.0974696e-01, 1.0000000e+00 
7669, 2.6130750e-01, 9.9174961e-01, 0.0000000e+00 
7670, 2.5778395e-01, 0.0000000e+00, 9.9563252e-01 
7671, 9.3094357e-01, 1.8314794e-01, 0.0000000e+00 
7672, 9.3094357e-01, 1.8314794e-01, 1.0000000e+00 
7673, 5.2642704e-02, 0.0000000e+00, 4.4746134e-01 
7674, 5.2642704e-02, 1.0000000e+00, 4.4746134e-01 
7675, 1.9160861e-01, 0.0000000e+00, 5.5231800e-01 
7676, 1.9160861e-01, 1.0000000e+00, 5.5231800e-01 
7677, 5.6020905e-01, 5.9165026e-02, 0.0000000e+00 
7678, 5.6020905e-01, 5.9165026e-02, 1.0000000e+00 
7679, 5.8440655e-01, 0.0000000e+00, 1.3815584e-02 
7680, 5.7777053e-01, 9.7628480e-01, 1.0000000e+00 
7681, 7.7116513e-02, 4.8399495e-01, 0.0000000e+00 
7682, 7.7116513e-02, 4.8399495e-01, 1.0000000e+00 
7683, 0.0000000e+00, 5.9557322e-01, 1.4614591e-03 
7684, 9.9771147e-01, 5.9737435e-01, 1.0000000e+00 
7685, 0.0000000e+00, 5.7683479e-01, 9.4310876e-02 
7686, 1.0000000e+00, 5.7683479e-01, 9.4310876e-02 
7687, 0.0000000e+00, 9.2346742e-01, 6.8610914e-02 
7688, 1.0000000e+00, 9.2346742e-01, 6.8610914e-02 
7689, 7.4542565e-02, 8.6499886e-01, 0.0000000e+00 
7690, 7.4542565e-02, 8.6499886e-01, 1.0000000e+00 
7691, 1.0274569e-01, 9.2637115e-01, 0.0000000e+00 
7692, 1.0274569e-01, 9.2637115e-01, 1.0000000e+00 
7693, 8.9717634e-02, 8.6716878e-01, 0.0000000e+00 
7694, 8.9717634e-02, 8.6716878e-01, 1.0000000e+00 
7695, 1.0792573e-01, 6.2526149e-01, 1.0000000e+00 
7696, 1.0792573e-01, 6.2526149e-01, 0.0000000e+00 
7697, 6.8985150e-01, 1.0000000e+00, 4.9417178e-01 
7698, 6.8985150e-01, 0.0000000e+00, 4.9417178e-01 
7699, 0.0000000e+00, 4.4277928e-01, 8.5644361e-01 
7700, 1.0000000e+00, 4.4277928e-01, 8.5644361e-01 
7701, 0.0000000e+00, 6.1499240e-01, 4.9213225e-01 
7702, 1.0000000e+00, 6.1499240e-01, 4.9213225e-01 
7703, 0.0000000e+00, 6.2684854e-01, 4.6588633e-01 
7704, 1.0000000e+00, 6.2684854e-01, 4.6588633e-01 
7705, 0.0000000e+00, 6.4140917e-01, 4.6751719e-01 
7706, 1.0000000e+00, 6.4140917e-01, 4.6751719e-01 
7707, 1.0000000e+00, 2.5060712e-01, 6.2816403e-01 
7708, 0.0000000e+00, 2.5060712e-01, 6.2816403e-01 
7709, 1.0000000e+00, 2.3342126e-01, 6.6875970e-01 
7710, 0.0000000e+00, 2.3342126e-01, 6.6875970e-01 
7711, 5.0976593e-01, 3.9424333e-01, 1.0000000e+00 
7712, 5.0976593e-01, 3.9424333e-01, 0.0000000e+00 
7713, 6.9795916e-01, 9.3187243e-01, 1.0000000e+00 
7714, 6.9795916e-01, 9.3187243e-01, 0.0000000e+00 
7715, 0.0000000e+00, 9.1021131e-01, 7.4450653e-01 
7716, 1.0000000e+00, 9.1021131e-01, 7.4450653e-01 
7717, 0.0000000e+00, 9.7272027e-01, 6.3949984e-01 
7718, 1.0000000e+00, 9.7272027e-01, 6.3949984e-01 
7719, 2.8140319e-01, 1.5808117e-01, 1.0000000e+00 
7720, 2.8140319e-01, 1.5808117e-01, 0.0000000e+00 
7721, 2.8988170e-01, 1.2350448e-01, 1.0000000e+00 
7722, 2.8988170e-01, 1.2350448e-01, 0.0000000e+00 
7723, 3.0260644e-01, 1.2187809e-01, 1.0000000e+00 
7724, 3.0260644e-01, 1.2187809e-01, 0.0000000e+00 
7725, 1.0000000e+00, 9.1809423e-01, 8.2197530e-01 
7726, 0.0000000e+00, 9.1809423e-01, 8.2197530e-01 
7727, 9.2114689e-01, 1.0000000e+00, 8.6276203e-01 
7728, 9.2114689e-01, 0.0000000e+00, 8.6276203e-01 
7729, 7.8237972e-01, 1.0000000e+00, 8.0287722e-01 
7730, 7.8237972e-01, 0.0000000e+00, 8.0287722e-01 
7731, 1.0000000e+00, 9.7499249e-01, 1.9695209e-01 
7732, 0.0000000e+00, 9.7499249e-01, 1.9695209e-01 
7733, 1.0000000e+00, 9.8578435e-01, 1.7978809e-01 
7734, 0.0000000e+00, 9.8578435e-01, 1.7978809e-01 
7735, 8.7200086e-01, 8.8690105e-01, 0.0000000e+00 
7736, 8.7200086e-01, 8.8690105e-01, 1.0000000e+00 
7737, 1.0000000e+00, 9.1579407e-01, 9.5063046e-02 
7738, 0.0000000e+00, 9.1579407e-01, 9.5063046e-02 
7739, 1.0000000e+00, 2.1331418e-01, 7.0075709e-02 
7740, 0.0000000e+00, 2.1331418e-01, 7.0075709e-02 
7741, 9.8911034e-01, 1.9429519e-01, 0.0000000e+00 
7742, 0.0000000e+00, 1.9027408e-01, 9.9070462e-01 
7743, 9.4152069e-01, 2.1095411e-01, 0.0000000e+00 
7744, 9.4152069e-01, 2.1095411e-01, 1.0000000e+00 
7745, 9.8677260e-01, 1.0000000e+00, 3.5088757e-01 
7746, 9.8677260e-01, 0.0000000e+00, 3.5088757e-01 
7747, 1.0000000e+00, 8.6914837e-01, 2.4764577e-01 
7748, 0.0000000e+00, 8.6914837e-01, 2.4764577e-01 
7749, 2.3950607e-01, 4.4189773e-01, 0.0000000e+00 
7750, 2.3950607e-01, 4.4189773e-01, 1.0000000e+00 
7751, 2.4808739e-01, 4.7103083e-01, 0.0000000e+00 
7752, 2.4808739e-01, 4.7103083e-01, 1.0000000e+00 
7753, 2.2735503e-01, 5.6308597e-01, 0.0000000e+00 
7754, 2.2735503e-01, 5.6308597e-01, 1.0000000e+00 
7755, 1.4930567e-01, 4.0520689e-01, 0.0000000e+00 
7756, 1.4930567e-01, 4.0520689e-01, 1.0000000e+00 
7757, 4.8245933e-01, 0.0000000e+00, 8.8532154e-01 
7758, 4.8245933e-01, 1.0000000e+00, 8.8532154e-01 
7759, 5.0301890e-01, 0.0000000e+00, 7.6964380e-01 
7760, 5.0301890e-01, 1.0000000e+00, 7.6964380e-01 
7761, 4.8219093e-01, 0.0000000e+00, 6.9189371e-01 
7762, 4.8219093e-01, 1.0000000e+00, 6.9189371e-01 
7763, 1.0000000e+00, 9.0998037e-02, 2.7907031e-01 
7764, 0.0000000e+00, 9.0998037e-02, 2.7907031e-01 
7765, 8.5978925e-01, 6.9388939e-18, 2.9483375e-01 
7766, 8.5978925e-01, 1.0000000e+00, 2.9483375e-01 
7767, 7.7960063e-01, 2.0173717e-01, 1.0000000e+00 
7768, 7.7960063e-01, 2.0173717e-01, 0.0000000e+00 
7769, 9.6613987e-01, 6.7934346e-01, 0.0000000e+00 
7770, 0.0000000e+00, 6.7238085e-01, 9.7166845e-01 
7771, 9.5223822e-01, 6.9846987e-01, 0.0000000e+00 
7772, 0.0000000e+00, 7.7815061e-01, 8.9604091e-01 
7773, 1.0000000e+00, 7.1443529e-01, 8.0415864e-02 
7774, 0.0000000e+00, 7.1443529e-01, 8.0415864e-02 
7775, 1.2157161e-01, 0.0000000e+00, 6.1387845e-01 
7776, 1.2157161e-01, 1.0000000e+00, 6.1387845e-01 
7777, 0.0000000e+00, 8.0628688e-02, 6.4861081e-01 
7778, 1.0000000e+00, 8.0628688e-02, 6.4861081e-01 
7779, 9.3721377e-01, 1.3877788e-17, 8.1614502e-01 
7780, 9.3721377e-01, 1.0000000e+00, 8.1614502e-01 
7781, 1.0000000e+00, 7.1701548e-02, 7.3557770e-01 
7782, 0.0000000e+00, 7.1701548e-02, 7.3557770e-01 
7783, 4.8680988e-01, 1.0000000e+00, 3.7819473e-01 
7784, 4.8680988e-01, 0.0000000e+00, 3.7819473e-01 
7785, 5.1162396e-01, 1.0000000e+00, 4.7542190e-01 
7786, 5.1162396e-01, 0.0000000e+00, 4.7542190e-01 
7787, 4.6184329e-01, 1.0000000e+00, 3.8587863e-01 
7788, 4.6184329e-01, 0.0000000e+00, 3.8587863e-01 
7789, 0.0000000e+00, 1.6927394e-01, 4.5529102e-01 
7790, 1.0000000e+00, 1.6927394e-01, 4.5529102e-01 
7791, 0.0000000e+00, 1.2067720e-01, 7.2082120e-01 
7792, 1.0000000e+00, 1.2067720e-01, 7.2082120e-01 
7793, 0.0000000e+00, 1.4897462e-02, 3.8130493e-01 
7794, 9.8321197e-01, 1.0000000e+00, 3.6843963e-01 
7795, 0.0000000e+00, 7.9243447e-02, 4.4925645e-01 
7796, 1.0000000e+00, 7.9243447e-02, 4.4925645e-01 
7797, 5.2629043e-02, 0.0000000e+00, 3.4098135e-01 
7798, 5.2629043e-02, 1.0000000e+00, 3.4098135e-01 
7799, 0.0000000e+00, 6.9097343e-01, 1.9186526e-01 
7800, 1.0000000e+00, 6.9097343e-01, 1.9186526e-01 
7801, 1.0800466e-01, 0.0000000e+00, 8.1622796e-01 
7802, 1.0800466e-01, 1.0000000e+00, 8.1622796e-01 
7803, 1.3148570e-01, 0.0000000e+00, 7.7047341e-01 
7804, 1.3148570e-01, 1.0000000e+00, 7.7047341e-01 
7805, 7.8400244e-02, 0.0000000e+00, 7.8839762e-01 
7806, 7.8400244e-02, 1.0000000e+00, 7.8839762e-01 
7807, 4.2244662e-01, 1.0000000e+00, 5.6734006e-01 
7808, 4.2244662e-01, 0.0000000e+00, 5.6734006e-01 
7809, 6.2329119e-01, 0.0000000e+00, 2.5214575e-01 
7810, 6.2329119e-01, 1.0000000e+00, 2.5214575e-01 
7811, 4.7662973e-01, 0.0000000e+00, 2.8371923e-01 
7812, 4.7662973e-01, 1.0000000e+00, 2.8371923e-01 
7813, 9.8598079e-01, 1.0000000e+00, 4.4969952e-01 
7814, 0.0000000e+00, 5.7924130e-02, 4.5020685e-01 
7815, 1.0000000e+00, 8.6641340e-01, 5.3333906e-01 
7816, 0.0000000e+00, 8.6641340e-01, 5.3333906e-01 
7817, 0.0000000e+00, 4.9442613e-01, 3.1015067e-01 
7818, 1.0000000e+00, 4.9442613e-01, 3.1015067e-01 
7819, 0.0000000e+00, 5.0597348e-01, 2.1557363e-01 
7820, 1.0000000e+00, 5.0597348e-01, 2.1557363e-01 
7821, 0.0000000e+00, 4.6297858e-01, 2.6159233e-01 
7822, 1.0000000e+00, 4.6297858e-01, 2.6159233e-01 
7823, 1.8394875e-01, 0.0000000e+00, 2.5455034e-01 
7824, 1.8394875e-01, 1.0000000e+00, 2.5455034e-01 
7825, 3.1229803e-01, 1.0000000e+00, 7.6210532e-01 
7826, 3.1229803e-01, 0.0000000e+00, 7.6210532e-01 
7827, 1.7663632e-01, 1.0000000e+00, 7.7842127e-01 
7828, 1.7663632e-01, 0.0000000e+00, 7.7842127e-01 
7829, 3.5371293e-01, 1.0000000e+00, 6.3147164e-01 
7830, 3.5371293e-01, 0.0000000e+00, 6.3147164e-01 
7831, 2.6642177e-01, 4.3951171e-01, 0.0000000e+00 
7832, 2.6642177e-01, 4.3951171e-01, 1.0000000e+00 
7833, 9.5489138e-01, 1.0000000e+00, 2.7552557e-01 
7834, 9.5489138e-01, 0.0000000e+00, 2.7552557e-01 
7835, 9.6461360e-01, 1.0000000e+00, 2.6901956e-01 
7836, 0.0000000e+00, 3.4152562e-02, 2.4259060e-01 
7837, 2.1420215e-01, 6.0375678e-01, 0.0000000e+00 
7838, 2.1420215e-01, 6.0375678e-01, 1.0000000e+00 
7839, 2.6993139e-01, 1.0000000e+00, 9.7218966e-01 
7840, 2.8486403e-01, 4.7129179e-02, 0.0000000e+00 
7841, 2.4269321e-01, 1.0000000e+00, 8.8365891e-01 
7842, 2.4269321e-01, 0.0000000e+00, 8.8365891e-01 
7843, 0.0000000e+00, 3.7934644e-01, 6.6136693e-01 
7844, 1.0000000e+00, 3.7934644e-01, 6.6136693e-01 
7845, 9.2569258e-01, 7.8524790e-01, 0.0000000e+00 
7846, 9.2569258e-01, 7.8524790e-01, 1.0000000e+00 
7847, 1.0000000e+00, 7.2815269e-01, 8.2039269e-02 
7848, 0.0000000e+00, 7.2815269e-01, 8.2039269e-02 
7849, 1.0000000e+00, 7.1635939e-01, 8.7505083e-02 
7850, 0.0000000e+00, 7.1635939e-01, 8.7505083e-02 
7851, 1.0000000e+00, 6.6196579e-02, 6.0287477e-01 
7852, 0.0000000e+00, 6.6196579e-02, 6.0287477e-01 
7853, 3.7925649e-02, 1.0000000e+00, 1.9131532e-01 
7854, 3.7925649e-02, 0.0000000e+00, 1.9131532e-01 
7855, 0.0000000e+00, 3.0467817e-01, 1.1005787e-01 
7856, 1.0000000e+00, 3.0467817e-01, 1.1005787e-01 
7857, 9.6342985e-01, 0.0000000e+00, 6.3301643e-01 
7858, 9.6342985e-01, 1.0000000e+00, 6.3301643e-01 
7859, 1.0000000e+00, 1.1975123e-01, 6.9054870e-01 
7860, 0.0000000e+00, 1.1975123e-01, 6.9054870e-01 
7861, 1.0000000e+00, 1.2029746e-01, 6.8668531e-01 
7862, 0.0000000e+00, 1.2029746e-01, 6.8668531e-01 
7863, 9.3602013e-01, 1.0000000e+00, 6.9472694e-01 
7864, 9.3602013e-01, 0.0000000e+00, 6.9472694e-01 
7865, 1.0000000e+00, 9.4685059e-01, 6.8305697e-01 
7866, 0.0000000e+00, 9.4685059e-01, 6.8305697e-01 
7867, 6.4243956e-02, 4.4592023e-02, 0.0000000e+00 
7868, 6.4243956e-02, 4.4592023e-02, 1.0000000e+00 
7869, 1.1412803e-01, 1.5268248e-01, 0.0000000e+00 
7870, 1.1412803e-01, 1.5268248e-01, 1.0000000e+00 
7871, 1.9191636e-01, 9.9640305e-02, 0.0000000e+00 
7872, 1.9191636e-01, 9.9640305e-02, 1.0000000e+00 
7873, 2.6176613e-01, 1.0000000e+00, 6.6223110e-01 
7874, 2.6176613e-01, 0.0000000e+00, 6.6223110e-01 
7875, 1.0000000e+00, 9.8250737e-01, 7.1162291e-01 
7876, 4.3399906e-02, 0.0000000e+00, 6.5001898e-01 
7877, 4.7835574e-01, 1.0000000e+00, 1.8227311e-01 
7878, 4.7835574e-01, 0.0000000e+00, 1.8227311e-01 
7879, 2.2578757e-01, 0.0000000e+00, 3.0508728e-01 
7880, 2.2578757e-01, 1.0000000e+00, 3.0508728e-01 
7881, 7.2238587e-01, 0.0000000e+00, 6.7133955e-01 
7882, 7.2238587e-01, 1.0000000e+00, 6.7133955e-01 
7883, 0.0000000e+00, 4.0322684e-01, 6.9620293e-01 
7884, 1.0000000e+00, 4.0322684e-01, 6.9620293e-01 
7885, 0.0000000e+00, 3.7256663e-01, 5.3542981e-01 
7886, 1.0000000e+00, 3.7256663e-01, 5.3542981e-01 
7887, 7.1858587e-01, 8.5659072e-01, 1.0000000e+00 
7888, 7.1858587e-01, 8.5659072e-01, 0.0000000e+00 
7889, 8.0373569e-01, 8.7020548e-01, 1.0000000e+00 
7890, 8.0373569e-01, 8.7020548e-01, 0.0000000e+00 
7891, 1.0000000e+00, 4.1096487e-01, 8.7230362e-01 
7892, 0.0000000e+00, 4.1096487e-01, 8.7230362e-01 
7893, 1.0000000e+00, 5.8624629e-01, 8.4383773e-01 
7894, 0.0000000e+00, 5.8624629e-01, 8.4383773e-01 
7895, 1.9608078e-01, 4.8077165e-01, 0.0000000e+00 
7896, 1.9608078e-01, 4.8077165e-01, 1.0000000e+00 
7897, 0.0000000e+00, 4.0323179e-01, 8.8354515e-02 
7898, 1.0000000e+00, 4.0323179e-01, 8.8354515e-02 
7899, 8.0208579e-01, 2.4739842e-01, 1.0000000e+00 
7900, 8.0208579e-01, 2.4739842e-01, 0.0000000e+00 
7901, 0.0000000e+00, 7.1642649e-01, 1.5068978e-01 
7902, 1.0000000e+00, 7.1642649e-01, 1.5068978e-01 
7903, 4.3756829e-01, 0.0000000e+00, 5.2072776e-01 
7904, 4.3756829e-01, 1.0000000e+00, 5.2072776e-01 
7905, 4.4303860e-01, 0.0000000e+00, 5.0403453e-01 
7906, 4.4303860e-01, 1.0000000e+00, 5.0403453e-01 
7907, 8.0241019e-01, 1.0000000e+00, 6.4833074e-01 
7908, 8.0241019e-01, 0.0000000e+00, 6.4833074e-01 
7909, 8.6949235e-01, 2.9758353e-01, 0.0000000e+00 
7910, 8.6949235e-01, 2.9758353e-01, 1.0000000e+00 
7911, 7.6637065e-01, 1.0000000e+00, 5.1843204e-02 
7912, 7.6637065e-01, 0.0000000e+00, 5.1843204e-02 
7913, 7.9858395e-01, 1.0000000e+00, 2.4192486e-02 
7914, 7.7403309e-01, 6.4005785e-02, 1.0000000e+00 
7915, 7.4526228e-01, 1.0000000e+00, 2.2287502e-01 
7916, 7.4526228e-01, 0.0000000e+00, 2.2287502e-01 
7917, 7.0617578e-01, 1.0000000e+00, 2.2667713e-01 
7918, 7.0617578e-01, 0.0000000e+00, 2.2667713e-01 
7919, 6.4262170e-01, 1.0000000e+00, 2.1978590e-01 
7920, 6.4262170e-01, 0.0000000e+00, 2.1978590e-01 
7921, 5.8332955e-01, 2.1774922e-01, 1.0000000e+00 
7922, 5.8332955e-01, 2.1774922e-01, 0.0000000e+00 
7923, 2.8313977e-01, 8.9966813e-01, 1.0000000e+00 
7924, 2.8313977e-01, 8.9966813e-01, 0.0000000e+00 
7925, 0.0000000e+00, 2.2425873e-01, 3.6043043e-01 
7926, 1.0000000e+00, 2.2425873e-01, 3.6043043e-01 
7927, 3.9248520e-01, 2.9203099e-01, 1.0000000e+00 
7928, 3.9248520e-01, 2.9203099e-01, 0.0000000e+00 
7929, 5.0900605e-01, 0.0000000e+00, 3.8959893e-01 
7930, 5.0900605e-01, 1.0000000e+00, 3.8959893e-01 
7931, 1.8466099e-01, 0.0000000e+00, 7.1129683e-01 
7932, 1.8466099e-01, 1.0000000e+00, 7.1129683e-01 
7933, 1.8903268e-01, 1.5975899e-01, 1.0000000e+00 
7934, 1.8903268e-01, 1.5975899e-01, 0.0000000e+00 
7935, 3.7855642e-01, 0.0000000e+00, 8.3639202e-01 
7936, 3.7855642e-01, 1.0000000e+00, 8.3639202e-01 
7937, 1.3648674e-01, 1.6817832e-01, 0.0000000e+00 
7938, 1.3648674e-01, 1.6817832e-01, 1.0000000e+00 
7939, 1.5582237e-01, 6.7964659e-02, 0.0000000e+00 
7940, 1.5582237e-01, 6.7964659e-02, 1.0000000e+00 
7941, 1.5554564e-01, 1.8377967e-01, 0.0000000e+00 
7942, 1.5554564e-01, 1.8377967e-01, 1.0000000e+00 
7943, 0.0000000e+00, 1.7056431e-01, 7.2056559e-01 
7944, 1.0000000e+00, 1.7056431e-01, 7.2056559e-01 
7945, 1.4758293e-02, 8.6658505e-01, 0.0000000e+00 
7946, 1.4758293e-02, 8.6658505e-01, 1.0000000e+00 
7947, 1.1159574e-02, 8.6164338e-01, 0.0000000e+00 
7948, 1.1159574e-02, 8.6164338e-01, 1.0000000e+00 
7949, 0.0000000e+00, 8.5336651e-01, 3.2138231e-02 
7950, 1.0000000e+00, 8.5336651e-01, 3.2138231e-02 
7951, 8.8728985e-01, 9.0072028e-02, 1.0000000e+00 
7952, 8.8728985e-01, 9.0072028e-02, 0.0000000e+00 
7953, 1.0000000e+00, 1.6733345e-01, 9.7792227e-01 
7954, 0.0000000e+00, 1.6733345e-01, 9.7792227e-01 
7955, 1.0000000e+00, 4.1547897e-01, 1.3280994e-01 
7956, 0.0000000e+00, 4.1547897e-01, 1.3280994e-01 
7957, 3.4807186e-01, 1.0000000e+00, 5.6685525e-01 
7958, 3.4807186e-01, 0.0000000e+00, 5.6685525e-01 
7959, 8.2827829e-01, 1.0000000e+00, 2.3943352e-01 
7960, 8.2827829e-01, 0.0000000e+00, 2.3943352e-01 
7961, 0.0000000e+00, 8.2981420e-01, 8.2517136e-02 
7962, 1.0000000e+00, 8.2981420e-01, 8.2517136e-02 
7963, 7.1163065e-02, 7.5041503e-01, 0.0000000e+00 
7964, 7.1163065e-02, 7.5041503e-01, 1.0000000e+00 
7965, 0.0000000e+00, 9.4696994e-01, 1.5234507e-01 
7966, 1.0000000e+00, 9.4696994e-01, 1.5234507e-01 
7967, 4.5614325e-01, 0.0000000e+00, 6.5429036e-01 
7968, 4.5614325e-01, 1.0000000e+00, 6.5429036e-01 
7969, 2.4482267e-01, 3.7722150e-01, 0.0000000e+00 
7970, 2.4482267e-01, 3.7722150e-01, 1.0000000e+00 
7971, 6.5964780e-01, 8.1692261e-01, 1.0000000e+00 
7972, 6.5964780e-01, 8.1692261e-01, 0.0000000e+00 
7973, 6.3650104e-01, 7.7663061e-01, 1.0000000e+00 
7974, 6.3650104e-01, 7.7663061e-01, 0.0000000e+00 
7975, 1.0000000e+00, 1.4145037e-01, 1.3813539e-01 
7976, 0.0000000e+00, 1.4145037e-01, 1.3813539e-01 
7977, 9.2619332e-01, 0.0000000e+00, 8.6308930e-02 
7978, 9.2619332e-01, 1.0000000e+00, 8.6308930e-02 
7979, 6.8430350e-01, 7.8096062e-01, 0.0000000e+00 
7980, 6.8430350e-01, 7.8096062e-01, 1.0000000e+00 
7981, 6.1877939e-01, 6.8218102e-01, 0.0000000e+00 
7982, 6.1877939e-01, 6.8218102e-01, 1.0000000e+00 
7983, 5.1728444e-01, 0.0000000e+00, 1.5585885e-01 
7984, 5.1728444e-01, 1.0000000e+00, 1.5585885e-01 
7985, 1.0000000e+00, 5.4302721e-01, 5.8766435e-01 
7986, 0.0000000e+00, 5.4302721e-01, 5.8766435e-01 
7987, 2.3849244e-01, 1.0000000e+00, 9.6086644e-01 
7988, 2.3849244e-01, 0.0000000e+00, 9.6086644e-01 
7989, 2.5855311e-01, 9.8709416e-01, 1.0000000e+00 
7990, 2.4409171e-01, 0.0000000e+00, 1.6713863e-02 
7991, 6.9891943e-01, 7.4135391e-01, 0.0000000e+00 
7992, 6.9891943e-01, 7.4135391e-01, 1.0000000e+00 
7993, 8.6466527e-01, 8.6598534e-01, 0.0000000e+00 
7994, 8.6466527e-01, 8.6598534e-01, 1.0000000e+00 
7995, 9.9622362e-01, 1.6408594e-01, 0.0000000e+00 
7996, 0.0000000e+00, 1.6632286e-01, 9.7842414e-01 
7997, 0.0000000e+00, 3.1496473e-01, 9.3859288e-01 
7998, 1.0000000e+00, 3.1496473e-01, 9.3859288e-01 
7999, 1.3490532e-01, 2.2608583e-01, 1.0000000e+00 
8000, 1.3490532e-01, 2.2608583e-01, 0.0000000e+00 
8001, 0.0000000e+00, 1.7651352e-01, 9.8646730e-01 
8002, 1.0000000e+00, 1.7651352e-01, 9.8646730e-01 
8003, 0.0000000e+00, 3.5748864e-01, 6.0739676e-01 
8004, 1.0000000e+00, 3.5748864e-01, 6.0739676e-01 
8005, 1.9353917e-01, 2.1754978e-02, 1.0000000e+00 
8006, 1.7353595e-01, 1.0000000e+00, 3.6160752e-02 
8007, 1.9690247e-01, 1.4667974e-02, 1.0000000e+00 
8008, 2.0091497e-01, 1.0000000e+00, 3.5156235e-03 
8009, 2.0715456e-01, 0.0000000e+00, 9.8152918e-01 
8010, 2.0715456e-01, 1.0000000e+00, 9.8152918e-01 
8011, 2.2870217e-01, 0.0000000e+00, 9.8532521e-01 
8012, 2.2870217e-01, 1.0000000e+00, 9.8532521e-01 
8013, 0.0000000e+00, 3.6295884e-01, 6.5927595e-01 
8014, 1.0000000e+00, 3.6295884e-01, 6.5927595e-01 
8015, 0.0000000e+00, 2.8934536e-01, 5.6529223e-01 
8016, 1.0000000e+00, 2.8934536e-01, 5.6529223e-01 
8017, 6.4450764e-01, 6.8509967e-01, 0.0000000e+00 
8018, 6.4450764e-01, 6.8509967e-01, 1.0000000e+00 
8019, 7.2104678e-01, 5.8666486e-01, 0.0000000e+00 
8020, 7.2104678e-01, 5.8666486e-01, 1.0000000e+00 
8021, 8.5148679e-01, 9.8371694e-02, 1.0000000e+00 
8022, 8.5148679e-01, 9.8371694e-02, 0.0000000e+00 
8023, 8.0800934e-01, 6.8218640e-02, 1.0000000e+00 
8024, 8.0800934e-01, 6.8218640e-02, 0.0000000e+00 
8025, 9.4364547e-01, 5.1055211e-01, 1.0000000e+00 
8026, 9.4364547e-01, 5.1055211e-01, 0.0000000e+00 
8027, 9.4193643e-01, 5.6930188e-01, 1.0000000e+00 
8028, 9.4193643e-01, 5.6930188e-01, 0.0000000e+00 
8029, 9.2404343e-01, 2.6815114e-01, 0.0000000e+00 
8030, 9.2404343e-01, 2.6815114e-01, 1.0000000e+00 
8031, 0.0000000e+00, 7.0532115e-01, 8.1252326e-01 
8032, 1.0000000e+00, 7.0532115e-01, 8.1252326e-01 
8033, 0.0000000e+00, 6.6171696e-01, 7.9522818e-01 
8034, 1.0000000e+00, 6.6171696e-01, 7.9522818e-01 
8035, 0.0000000e+00, 6.4113971e-01, 8.8100854e-01 
8036, 1.0000000e+00, 6.4113971e-01, 8.8100854e-01 
8037, 7.1961037e-01, 1.0000000e+00, 4.9577534e-01 
8038, 7.1961037e-01, 0.0000000e+00, 4.9577534e-01 
8039, 6.8785798e-01, 1.0000000e+00, 3.2862822e-01 
8040, 6.8785798e-01, 0.0000000e+00, 3.2862822e-01 
8041, 1.1610360e-01, 0.0000000e+00, 2.3209035e-01 
8042, 1.1610360e-01, 1.0000000e+00, 2.3209035e-01 
8043, 4.0974299e-01, 4.9275574e-01, 1.0000000e+00 
8044, 4.0974299e-01, 4.9275574e-01, 0.0000000e+00 
8045, 4.4273514e-01, 1.0000000e+00, 6.5411758e-01 
8046, 4.4273514e-01, 0.0000000e+00, 6.5411758e-01 
8047, 4.3593159e-01, 1.0000000e+00, 7.6227045e-01 
8048, 4.3593159e-01, 0.0000000e+00, 7.6227045e-01 
8049, 1.0000000e+00, 7.8402371e-01, 9.1546826e-01 
8050, 0.0000000e+00, 7.8402371e-01, 9.1546826e-01 
8051, 8.6208924e-01, 7.3670449e-01, 1.0000000e+00 
8052, 8.6208924e-01, 7.3670449e-01, 0.0000000e+00 
8053, 3.1930247e-01, 1.0000000e+00, 4.7429566e-01 
8054, 3.1930247e-01, 0.0000000e+00, 4.7429566e-01 
8055, 0.0000000e+00, 6.6881549e-01, 3.2152749e-01 
8056, 1.0000000e+00, 6.6881549e-01, 3.2152749e-01 
8057, 9.6675044e-01, 1.9958274e-01, 1.0000000e+00 
8058, 0.0000000e+00, 2.1525397e-01, 5.5203277e-02 
8059, 5.4417274e-01, 1.0000000e+00, 6.9492795e-01 
8060, 5.4417274e-01, 0.0000000e+00, 6.9492795e-01 
8061, 1.0000000e+00, 4.7842877e-02, 7.3141067e-01 
8062, 3.5264116e-02, 1.0000000e+00, 8.1797718e-01 
8063, 1.0000000e+00, 2.9701422e-02, 7.4604905e-01 
8064, 5.8964883e-03, 1.0000000e+00, 7.7803488e-01 
8065, 1.0000000e+00, 5.4100697e-02, 7.2152528e-01 
8066, 0.0000000e+00, 5.4100697e-02, 7.2152528e-01 
8067, 1.0000000e+00, 8.5679594e-01, 5.5715417e-02 
8068, 0.0000000e+00, 8.5679594e-01, 5.5715417e-02 
8069, 1.0000000e+00, 8.5655425e-01, 5.6062817e-02 
8070, 0.0000000e+00, 8.5655425e-01, 5.6062817e-02 
8071, 1.0000000e+00, 2.2718170e-01, 8.1320012e-01 
8072, 0.0000000e+00, 2.2718170e-01, 8.1320012e-01 
8073, 5.6349506e-01, 2.2930041e-01, 0.0000000e+00 
8074, 5.6349506e-01, 2.2930041e-01, 1.0000000e+00 
8075, 7.8462992e-01, 7.5876676e-01, 0.0000000e+00 
8076, 7.8462992e-01, 7.5876676e-01, 1.0000000e+00 
8077, 5.0048667e-01, 6.8405483e-01, 0.0000000e+00 
8078, 5.0048667e-01, 6.8405483e-01, 1.0000000e+00 
8079, 5.3443859e-01, 7.2935702e-01, 0.0000000e+00 
8080, 5.3443859e-01, 7.2935702e-01, 1.0000000e+00 
8081, 3.2576954e-01, 9.4264092e-01, 1.0000000e+00 
8082, 3.2576954e-01, 9.4264092e-01, 0.0000000e+00 
8083, 0.0000000e+00, 4.8634689e-02, 1.6434625e-01 
8084, 1.0000000e+00, 4.8634689e-02, 1.6434625e-01 
8085, 0.0000000e+00, 5.1648143e-02, 1.2246443e-01 
8086, 1.0000000e+00, 5.1648143e-02, 1.2246443e-01 
8087, 0.0000000e+00, 2.6953116e-02, 1.5954011e-01 
8088, 1.0000000e+00, 2.6953116e-02, 1.5954011e-01 
8089, 7.0406993e-01, 2.7160741e-01, 0.0000000e+00 
8090, 7.0406993e-01, 2.7160741e-01, 1.0000000e+00 
8091, 5.5552143e-01, 0.0000000e+00, 3.1427529e-01 
8092, 5.5552143e-01, 1.0000000e+00, 3.1427529e-01 
8093, 7.6018524e-02, 1.0000000e+00, 4.2817158e-01 
8094, 7.6018524e-02, 0.0000000e+00, 4.2817158e-01 
8095, 4.9158828e-02, 1.0000000e+00, 4.5088621e-01 
8096, 4.9158828e-02, 0.0000000e+00, 4.5088621e-01 
8097, 1.1334506e-01, 0.0000000e+00, 3.5526590e-01 
8098, 1.1334506e-01, 1.0000000e+00, 3.5526590e-01 
8099, 0.0000000e+00, 1.9981616e-01, 8.1992802e-01 
8100, 1.0000000e+00, 1.9981616e-01, 8.1992802e-01 
8101, 0.0000000e+00, 2.2938649e-01, 7.1013327e-01 
8102, 1.0000000e+00, 2.2938649e-01, 7.1013327e-01 
8103, 0.0000000e+00, 1.8611190e-01, 8.4214225e-01 
8104, 1.0000000e+00, 1.8611190e-01, 8.4214225e-01 
8105, 0.0000000e+00, 9.0008806e-01, 5.7967101e-01 
8106, 1.0000000e+00, 9.0008806e-01, 5.7967101e-01 
8107, 6.9605302e-01, 0.0000000e+00, 9.7689716e-01 
8108, 6.9701337e-01, 9.3613084e-01, 0.0000000e+00 
8109, 7.3968197e-01, 0.0000000e+00, 9.7490701e-01 
8110, 7.3968197e-01, 1.0000000e+00, 9.7490701e-01 
8111, 5.7294875e-01, 1.1735218e-01, 1.0000000e+00 
8112, 5.7294875e-01, 1.1735218e-01, 0.0000000e+00 
8113, 0.0000000e+00, 2.0494105e-01, 5.8678354e-01 
8114, 1.0000000e+00, 2.0494105e-01, 5.8678354e-01 
8115, 3.2082605e-01, 2.3272311e-02, 0.0000000e+00 
8116, 3.2082605e-01, 2.3272311e-02, 1.0000000e+00 
8117, 3.1236013e-01, 0.0000000e+00, 1.1503185e-01 
8118, 3.1236013e-01, 1.0000000e+00, 1.1503185e-01 
8119, 4.6024600e-01, 0.0000000e+00, 1.8721980e-01 
8120, 4.6024600e-01, 1.0000000e+00, 1.8721980e-01 
8121, 8.9522660e-02, 3.6704730e-01, 1.0000000e+00 
8122, 8.9522660e-02, 3.6704730e-01, 0.0000000e+00 
8123, 7.8324847e-01, 4.9155453e-01, 0.0000000e+00 
8124, 7.8324847e-01, 4.9155453e-01, 1.0000000e+00 
8125, 0.0000000e+00, 5.0351232e-01, 2.1510391e-01 
8126, 1.0000000e+00, 5.0351232e-01, 2.1510391e-01 
8127, 5.0502762e-01, 6.7022270e-01, 1.0000000e+00 
8128, 5.0502762e-01, 6.7022270e-01, 0.0000000e+00 
8129, 6.7729365e-01, 3.9628180e-01, 1.0000000e+00 
8130, 6.7729365e-01, 3.9628180e-01, 0.0000000e+00 
8131, 0.0000000e+00, 7.2403412e-01, 8.1512935e-01 
8132, 1.0000000e+00, 7.2403412e-01, 8.1512935e-01 
8133, 0.0000000e+00, 8.3320614e-01, 8.2332755e-01 
8134, 1.0000000e+00, 8.3320614e-01, 8.2332755e-01 
8135, 0.0000000e+00, 7.7533009e-01, 8.1418692e-01 
8136, 1.0000000e+00, 7.7533009e-01, 8.1418692e-01 
8137, 0.0000000e+00, 8.3334372e-01, 9.6622308e-01 
8138, 1.0000000e+00, 8.3334372e-01, 9.6622308e-01 
8139, 4.9681967e-01, 1.0000000e+00, 8.4939463e-01 
8140, 4.9681967e-01, 0.0000000e+00, 8.4939463e-01 
8141, 4.3372713e-01, 1.0000000e+00, 9.0074066e-01 
8142, 4.3372713e-01, 0.0000000e+00, 9.0074066e-01 
8143, 4.5905451e-01, 1.0000000e+00, 8.8569824e-01 
8144, 4.5905451e-01, 0.0000000e+00, 8.8569824e-01 
8145, 9.5116812e-01, 0.0000000e+00, 6.1954235e-01 
8146, 9.5116812e-01, 1.0000000e+00, 6.1954235e-01 
8147, 9.4321760e-01, 0.0000000e+00, 6.2796063e-01 
8148, 9.4321760e-01, 1.0000000e+00, 6.2796063e-01 
8149, 1.0000000e+00, 4.4083677e-01, 3.6391348e-02 
8150, 0.0000000e+00, 4.4083677e-01, 3.6391348e-02 
8151, 1.0000000e+00, 4.0435771e-01, 4.0143562e-02 
8152, 0.0000000e+00, 4.0435771e-01, 4.0143562e-02 
8153, 7.6651305e-02, 3.6166156e-01, 1.0000000e+00 
8154, 7.6651305e-02, 3.6166156e-01, 0.0000000e+00 
8155, 7.2390746e-02, 7.4559740e-01, 0.0000000e+00 
8156, 7.2390746e-02, 7.4559740e-01, 1.0000000e+00 
8157, 0.0000000e+00, 6.6024022e-01, 5.6026129e-01 
8158, 1.0000000e+00, 6.6024022e-01, 5.6026129e-01 
8159, 1.0000000e+00, 8.1644504e-01, 5.7970257e-01 
8160, 0.0000000e+00, 8.1644504e-01, 5.7970257e-01 
8161, 7.0838015e-02, 6.9768091e-01, 0.0000000e+00 
8162, 7.0838015e-02, 6.9768091e-01, 1.0000000e+00 
8163, 0.0000000e+00, 6.0424986e-01, 8.1351647e-02 
8164, 1.0000000e+00, 6.0424986e-01, 8.1351647e-02 
8165, 6.0412793e-01, 1.0701299e-01, 0.0000000e+00 
8166, 6.0412793e-01, 1.0701299e-01, 1.0000000e+00 
8167, 8.5198263e-01, 8.8181452e-01, 0.0000000e+00 
8168, 8.3158622e-01, 0.0000000e+00, 9.3175414e-01 
8169, 5.2740205e-01, 0.0000000e+00, 1.2809538e-01 
8170, 5.2740205e-01, 1.0000000e+00, 1.2809538e-01 
8171, 5.7786813e-01, 1.5226233e-01, 0.0000000e+00 
8172, 5.7786813e-01, 1.5226233e-01, 1.0000000e+00 
8173, 2.1896606e-01, 0.0000000e+00, 6.3547006e-01 
8174, 2.1896606e-01, 1.0000000e+00, 6.3547006e-01 
8175, 2.2399261e-01, 4.3368087e-19, 6.3028656e-01 
8176, 2.2399261e-01, 1.0000000e+00, 6.3028656e-01 
8177, 1.0000000e+00, 3.7967201e-01, 8.5933871e-01 
8178, 0.0000000e+00, 3.7967201e-01, 8.5933871e-01 
8179, 1.2166622e-01, 1.0000000e+00, 2.1746404e-01 
8180, 1.2166622e-01, 0.0000000e+00, 2.1746404e-01 
8181, 1.3208394e-01, 1.0000000e+00, 2.5296971e-01 
8182, 1.3208394e-01, 0.0000000e+00, 2.5296971e-01 
8183, 1.0000000e+00, 3.5186827e-01, 9.4675480e-02 
8184, 0.0000000e+00, 3.5186827e-01, 9.4675480e-02 
8185, 1.0000000e+00, 2.9507633e-01, 1.0967097e-01 
8186, 0.0000000e+00, 2.9507633e-01, 1.0967097e-01 
8187, 8.1038226e-01, 9.6204206e-01, 1.0000000e+00 
8188, 8.1038226e-01, 9.6204206e-01, 0.0000000e+00 
8189, 5.3270213e-01, 1.0000000e+00, 2.3141036e-01 
8190, 5.3270213e-01, 0.0000000e+00, 2.3141036e-01 
8191, 4.7265327e-01, 1.0000000e+00, 2.3471185e-01 
8192, 4.7265327e-01, 0.0000000e+00, 2.3471185e-01 
8193, 6.1129373e-01, 0.0000000e+00, 7.4914858e-01 
8194, 6.1129373e-01, 1.0000000e+00, 7.4914858e-01 
8195, 4.2308264e-01, 0.0000000e+00, 8.0856001e-01 
8196, 4.2308264e-01, 1.0000000e+00, 8.0856001e-01 
8197, 4.4148785e-01, 0.0000000e+00, 8.4392839e-01 
8198, 4.4148785e-01, 1.0000000e+00, 8.4392839e-01 
8199, 0.0000000e+00, 1.1695585e-01, 5.5227157e-01 
8200, 1.0000000e+00, 1.1695585e-01, 5.5227157e-01 
8201, 0.0000000e+00, 6.7995486e-01, 6.9848481e-01 
8202, 1.0000000e+00, 6.7995486e-01, 6.9848481e-01 
8203, 1.0000000e+00, 7.1006650e-01, 8.3265138e-01 
8204, 0.0000000e+00, 7.1006650e-01, 8.3265138e-01 
8205, 1.0000000e+00, 8.3358370e-01, 9.6539120e-01 
8206, 0.0000000e+00, 8.3358370e-01, 9.6539120e-01 
8207, 5.6182782e-01, 0.0000000e+00, 3.7313154e-01 
8208, 5.6182782e-01, 1.0000000e+00, 3.7313154e-01 
8209, 9.4393759e-01, 0.0000000e+00, 1.0161013e-01 
8210, 9.4393759e-01, 1.0000000e+00, 1.0161013e-01 
8211, 9.4019700e-01, 0.0000000e+00, 1.3500403e-01 
8212, 9.4019700e-01, 1.0000000e+00, 1.3500403e-01 
8213, 0.0000000e+00, 7.0073592e-01, 1.5735441e-01 
8214, 1.0000000e+00, 7.0073592e-01, 1.5735441e-01 
8215, 7.1716410e-02, 6.9879876e-01, 0.0000000e+00 
8216, 7.1716410e-02, 6.9879876e-01, 1.0000000e+00 
8217, 5.7533250e-01, 0.0000000e+00, 5.2668666e-01 
8218, 5.7533250e-01, 1.0000000e+00, 5.2668666e-01 
8219, 5.7791845e-01, 0.0000000e+00, 5.2956453e-01 
8220, 5.7791845e-01, 1.0000000e+00, 5.2956453e-01 
8221, 1.0000000e+00, 7.2480764e-01, 4.9829974e-01 
8222, 0.0000000e+00, 7.2480764e-01, 4.9829974e-01 
8223, 1.0000000e+00, 6.6777281e-01, 2.9771080e-01 
8224, 0.0000000e+00, 6.6777281e-01, 2.9771080e-01 
8225, 1.2646681e-01, 8.6344867e-01, 1.0000000e+00 
8226, 1.2646681e-01, 8.6344867e-01, 0.0000000e+00 
8227, 0.0000000e+00, 7.3616472e-01, 6.4733824e-01 
8228, 1.0000000e+00, 7.3616472e-01, 6.4733824e-01 
8229, 2.3727504e-01, 1.0000000e+00, 6.8296558e-01 
8230, 2.3727504e-01, 0.0000000e+00, 6.8296558e-01 
8231, 2.6141408e-01, 1.0000000e+00, 6.7118974e-01 
8232, 2.6141408e-01, 0.0000000e+00, 6.7118974e-01 
8233, 2.4835423e-01, 1.0000000e+00, 6.1457514e-01 
8234, 2.4835423e-01, 0.0000000e+00, 6.1457514e-01 
8235, 2.6679388e-01, 1.0000000e+00, 6.6185716e-01 
8236, 2.6679388e-01, 0.0000000e+00, 6.6185716e-01 
8237, 3.1727040e-01, 1.9599293e-01, 1.0000000e+00 
8238, 3.1727040e-01, 1.9599293e-01, 0.0000000e+00 
8239, 4.2956351e-01, 1.3142903e-01, 1.0000000e+00 
8240, 4.2956351e-01, 1.3142903e-01, 0.0000000e+00 
8241, 7.0493324e-01, 0.0000000e+00, 8.1589282e-01 
8242, 7.0493324e-01, 1.0000000e+00, 8.1589282e-01 
8243, 5.6651778e-01, 2.2664632e-01, 0.0000000e+00 
8244, 5.6651778e-01, 2.2664632e-01, 1.0000000e+00 
8245, 4.5722317e-01, 2.7108017e-01, 1.0000000e+00 
8246, 4.5722317e-01, 2.7108017e-01, 0.0000000e+00 
8247, 1.0000000e+00, 7.8966329e-01, 8.5079915e-01 
8248, 0.0000000e+00, 7.8966329e-01, 8.5079915e-01 
8249, 0.0000000e+00, 9.8477291e-01, 5.8477983e-01 
8250, 1.0000000e+00, 9.8477291e-01, 5.8477983e-01 
8251, 0.0000000e+00, 8.5649217e-01, 5.6180147e-02 
8252, 1.0000000e+00, 8.5649217e-01, 5.6180147e-02 
8253, 5.5811327e-01, 4.4421400e-02, 0.0000000e+00 
8254, 5.5811327e-01, 4.4421400e-02, 1.0000000e+00 
8255, 5.4605439e-01, 0.0000000e+00, 6.3063896e-02 
8256, 5.4605439e-01, 1.0000000e+00, 6.3063896e-02 
8257, 5.5357291e-01, 0.0000000e+00, 7.3629145e-02 
8258, 5.5357291e-01, 1.0000000e+00, 7.3629145e-02 
8259, 8.1669359e-01, 1.0000000e+00, 1.8681325e-01 
8260, 8.1669359e-01, 0.0000000e+00, 1.8681325e-01 
8261, 6.8448796e-01, 1.0000000e+00, 2.0798689e-01 
8262, 6.8448796e-01, 0.0000000e+00, 2.0798689e-01 
8263, 7.6642709e-01, 1.0000000e+00, 1.6111068e-01 
8264, 7.6642709e-01, 0.0000000e+00, 1.6111068e-01 
8265, 3.5537416e-01, 1.0000000e+00, 3.0994137e-01 
8266, 3.5537416e-01, 0.0000000e+00, 3.0994137e-01 
8267, 1.5486123e-02, 5.1566021e-01, 1.0000000e+00 
8268, 1.5486123e-02, 5.1566021e-01, 0.0000000e+00 
8269, 0.0000000e+00, 8.2876056e-01, 1.4490775e-01 
8270, 1.0000000e+00, 8.2876056e-01, 1.4490775e-01 
8271, 1.0000000e+00, 7.0189664e-01, 7.5712573e-01 
8272, 0.0000000e+00, 7.0189664e-01, 7.5712573e-01 
8273, 8.8243413e-01, 2.9567905e-01, 0.0000000e+00 
8274, 8.8243413e-01, 2.9567905e-01, 1.0000000e+00 
8275, 8.6995958e-01, 3.5488172e-01, 0.0000000e+00 
8276, 8.6995958e-01, 3.5488172e-01, 1.0000000e+00 
8277, 9.6020404e-01, 0.0000000e+00, 4.7039009e-01 
8278, 9.6020404e-01, 1.0000000e+00, 4.7039009e-01 
8279, 1.0000000e+00, 1.0362368e-02, 4.2891139e-01 
8280, 1.1049067e-02, 1.0000000e+00, 4.1424985e-01 
8281, 9.9236133e-01, 0.0000000e+00, 4.0828678e-01 
8282, 9.9236133e-01, 1.0000000e+00, 4.0828678e-01 
8283, 9.7304409e-01, 0.0000000e+00, 4.0363091e-01 
8284, 9.7304409e-01, 1.0000000e+00, 4.0363091e-01 
8285, 7.0326520e-01, 8.8711187e-01, 0.0000000e+00 
8286, 7.0326520e-01, 8.8711187e-01, 1.0000000e+00 
8287, 8.0900981e-01, 7.0841709e-01, 0.0000000e+00 
8288, 8.0900981e-01, 7.0841709e-01, 1.0000000e+00 
8289, 8.9567377e-01, 3.0221234e-01, 0.0000000e+00 
8290, 8.9567377e-01, 3.0221234e-01, 1.0000000e+00 
8291, 8.9876618e-01, 3.3645899e-01, 4.3368087e-19 
8292, 8.9876618e-01, 3.3645899e-01, 1.0000000e+00 
8293, 8.9891979e-01, 2.7343412e-01, 0.0000000e+00 
8294, 8.9891979e-01, 2.7343412e-01, 1.0000000e+00 
8295, 1.8453972e-01, 0.0000000e+00, 2.8306820e-01 
8296, 1.8453972e-01, 1.0000000e+00, 2.8306820e-01 
8297, 2.0988132e-01, 0.0000000e+00, 2.7665733e-01 
8298, 2.0988132e-01, 1.0000000e+00, 2.7665733e-01 
8299, 2.4369715e-01, 0.0000000e+00, 2.7054646e-01 
8300, 2.4369715e-01, 1.0000000e+00, 2.7054646e-01 
8301, 6.2542960e-01, 2.4889656e-03, 0.0000000e+00 
8302, 6.2502057e-01, 1.0000000e+00, 9.9663228e-01 
8303, 6.4620388e-01, 0.0000000e+00, 8.6483780e-02 
8304, 6.4620388e-01, 1.0000000e+00, 8.6483780e-02 
8305, 2.0986274e-01, 5.9459012e-01, 0.0000000e+00 
8306, 2.0986274e-01, 5.9459012e-01, 1.0000000e+00 
8307, 1.0000000e+00, 6.5418409e-01, 8.9675252e-01 
8308, 0.0000000e+00, 6.5418409e-01, 8.9675252e-01 
8309, 6.0057323e-01, 1.0000000e+00, 3.7994280e-01 
8310, 6.0057323e-01, 0.0000000e+00, 3.7994280e-01 
8311, 5.7888636e-01, 1.0000000e+00, 2.7966755e-01 
8312, 5.7888636e-01, 0.0000000e+00, 2.7966755e-01 
8313, 2.1707104e-01, 1.0000000e+00, 7.7537125e-01 
8314, 2.1707104e-01, 0.0000000e+00, 7.7537125e-01 
8315, 2.3453145e-01, 1.0000000e+00, 7.2134293e-01 
8316, 2.3453145e-01, 0.0000000e+00, 7.2134293e-01 
8317, 4.2632551e-01, 3.4954616e-01, 1.0000000e+00 
8318, 4.2632551e-01, 3.4954616e-01, 0.0000000e+00 
8319, 9.0559644e-01, 1.0000000e+00, 6.2219220e-01 
8320, 9.0559644e-01, 0.0000000e+00, 6.2219220e-01 
8321, 0.0000000e+00, 9.4744115e-01, 1.2906107e-01 
8322, 1.0000000e+00, 9.4744115e-01, 1.2906107e-01 
8323, 0.0000000e+00, 9.2989882e-01, 1.1865541e-01 
8324, 1.0000000e+00, 9.2989882e-01, 1.1865541e-01 
8325, 3.9659390e-03, 8.5916956e-01, 0.0000000e+00 
8326, 3.9659390e-03, 8.5916956e-01, 1.0000000e+00 
8327, 3.4694470e-18, 1.1807226e-01, 4.7043615e-02 
8328, 1.0000000e+00, 1.1807226e-01, 4.7043615e-02 
8329, 1.7390386e-01, 1.0000000e+00, 7.7410391e-01 
8330, 1.7390386e-01, 0.0000000e+00, 7.7410391e-01 
8331, 5.0925018e-02, 1.9219903e-01, 0.0000000e+00 
8332, 5.0925018e-02, 1.9219903e-01, 1.0000000e+00 
8333, 3.1109549e-02, 1.0000000e+00, 4.4582142e-01 
8334, 1.0000000e+00, 2.5494161e-02, 4.5426356e-01 
8335, 0.0000000e+00, 1.1527439e-01, 8.6314911e-01 
8336, 1.0000000e+00, 1.1527439e-01, 8.6314911e-01 
8337, 0.0000000e+00, 2.2175189e-01, 8.4592688e-01 
8338, 1.0000000e+00, 2.2175189e-01, 8.4592688e-01 
8339, 1.1272905e-01, 1.0000000e+00, 3.1928604e-01 
8340, 1.1272905e-01, 0.0000000e+00, 3.1928604e-01 
8341, 0.0000000e+00, 8.1259865e-01, 4.3704701e-01 
8342, 1.0000000e+00, 8.1259865e-01, 4.3704701e-01 
8343, 1.8276498e-01, 0.0000000e+00, 4.6147195e-01 
8344, 1.8276498e-01, 1.0000000e+00, 4.6147195e-01 
8345, 1.3009810e-01, 0.0000000e+00, 4.7729698e-01 
8346, 1.3009810e-01, 1.0000000e+00, 4.7729698e-01 
8347, 6.9031718e-01, 3.3969653e-01, 1.0000000e+00 
8348, 6.9031718e-01, 3.3969653e-01, 0.0000000e+00 
8349, 8.5664223e-01, 0.0000000e+00, 7.5040886e-01 
8350, 8.5664223e-01, 1.0000000e+00, 7.5040886e-01 
8351, 6.3695182e-01, 1.9264650e-01, 0.0000000e+00 
8352, 6.3695182e-01, 1.9264650e-01, 1.0000000e+00 
8353, 6.6523847e-01, 1.8984227e-01, 0.0000000e+00 
8354, 6.6523847e-01, 1.8984227e-01, 1.0000000e+00 
8355, 6.8829993e-01, 8.7021566e-02, 0.0000000e+00 
8356, 6.8829993e-01, 8.7021566e-02, 1.0000000e+00 
8357, 6.3015491e-01, 2.2995476e-01, 1.7347235e-18 
8358, 6.3015491e-01, 2.2995476e-01, 1.0000000e+00 
8359, 1.0000000e+00, 6.3733209e-01, 2.3317665e-01 
8360, 0.0000000e+00, 6.3733209e-01, 2.3317665e-01 
8361, 1.0000000e+00, 2.3239052e-01, 3.2189731e-01 
8362, 0.0000000e+00, 2.3239052e-01, 3.2189731e-01 
8363, 1.9195494e-01, 0.0000000e+00, 6.2624029e-01 
8364, 1.9195494e-01, 1.0000000e+00, 6.2624029e-01 
8365, 1.0000000e+00, 6.9802271e-01, 1.5881096e-01 
8366, 0.0000000e+00, 6.9802271e-01, 1.5881096e-01 
8367, 7.7433834e-01, 5.8618774e-01, 0.0000000e+00 
8368, 7.7433834e-01, 5.8618774e-01, 1.0000000e+00 
8369, 1.0000000e+00, 2.3602217e-01, 3.1214146e-01 
8370, 0.0000000e+00, 2.3602217e-01, 3.1214146e-01 
8371, 0.0000000e+00, 3.3627468e-01, 7.4347962e-01 
8372, 1.0000000e+00, 3.3627468e-01, 7.4347962e-01 
8373, 2.9074930e-01, 0.0000000e+00, 7.7707352e-01 
8374, 2.9074930e-01, 1.0000000e+00, 7.7707352e-01 
8375, 3.8069757e-01, 0.0000000e+00, 8.3288155e-01 
8376, 3.8069757e-01, 1.0000000e+00, 8.3288155e-01 
8377, 9.4426199e-02, 1.0000000e+00, 3.6250178e-01 
8378, 9.4426199e-02, 0.0000000e+00, 3.6250178e-01 
8379, 0.0000000e+00, 8.5206606e-01, 3.2856475e-01 
8380, 1.0000000e+00, 8.5206606e-01, 3.2856475e-01 
8381, 1.0000000e+00, 9.5557037e-01, 3.8791445e-01 
8382, 0.0000000e+00, 9.5557037e-01, 3.8791445e-01 
8383, 6.4742892e-01, 1.0000000e+00, 2.2821995e-02 
8384, 6.9675399e-01, 2.6952600e-02, 1.0000000e+00 
8385, 1.2109436e-01, 5.6342618e-01, 1.0000000e+00 
8386, 1.2109436e-01, 5.6342618e-01, 0.0000000e+00 
8387, 5.2976227e-01, 0.0000000e+00, 4.5660009e-01 
8388, 5.2976227e-01, 1.0000000e+00, 4.5660009e-01 
8389, 3.5797410e-01, 1.9456005e-01, 1.0000000e+00 
8390, 3.5797410e-01, 1.9456005e-01, 0.0000000e+00 
8391, 8.5801368e-01, 0.0000000e+00, 2.6169064e-01 
8392, 8.5801368e-01, 1.0000000e+00, 2.6169064e-01 
8393, 8.7932346e-01, 0.0000000e+00, 2.7177039e-01 
8394, 8.7932346e-01, 1.0000000e+00, 2.7177039e-01 
8395, 7.9054657e-01, 3.9127718e-01, 1.0000000e+00 
8396, 7.9054657e-01, 3.9127718e-01, 0.0000000e+00 
8397, 2.3968786e-01, 2.4507480e-01, 1.0000000e+00 
8398, 2.3968786e-01, 2.4507480e-01, 0.0000000e+00 
8399, 1.6114396e-01, 3.0822465e-01, 1.0000000e+00 
8400, 1.6114396e-01, 3.0822465e-01, 0.0000000e+00 
8401, 1.3070348e-01, 2.4607691e-01, 1.0000000e+00 
8402, 1.3070348e-01, 2.4607691e-01, 0.0000000e+00 
8403, 1.8910230e-01, 3.4254586e-01, 0.0000000e+00 
8404, 1.8910230e-01, 3.4254586e-01, 1.0000000e+00 
8405, 1.0136958e-01, 1.0000000e+00, 3.6933633e-01 
8406, 1.0136958e-01, 0.0000000e+00, 3.6933633e-01 
8407, 0.0000000e+00, 9.2486941e-01, 6.6005284e-01 
8408, 1.0000000e+00, 9.2486941e-01, 6.6005284e-01 
8409, 6.7231037e-01, 0.0000000e+00, 4.1071743e-01 
8410, 6.7231037e-01, 1.0000000e+00, 4.1071743e-01 
8411, 1.0883417e-01, 8.9143938e-01, 0.0000000e+00 
8412, 4.5288950e-02, 0.0000000e+00, 9.6392580e-01 
8413, 1.2013618e-01, 8.7443774e-01, 0.0000000e+00 
8414, 1.2013618e-01, 8.7443774e-01, 1.0000000e+00 
8415, 0.0000000e+00, 9.4421826e-01, 7.0764651e-01 
8416, 1.0000000e+00, 9.4421826e-01, 7.0764651e-01 
8417, 1.0040696e-01, 1.0000000e+00, 8.1503688e-01 
8418, 1.0040696e-01, 0.0000000e+00, 8.1503688e-01 
8419, 3.4354863e-01, 1.0000000e+00, 1.4440683e-01 
8420, 3.4354863e-01, 0.0000000e+00, 1.4440683e-01 
8421, 2.8486940e-01, 0.0000000e+00, 2.9115621e-01 
8422, 2.8486940e-01, 1.0000000e+00, 2.9115621e-01 
8423, 1.0000000e+00, 8.5185672e-01, 8.0726989e-01 
8424, 0.0000000e+00, 8.5185672e-01, 8.0726989e-01 
8425, 1.0000000e+00, 7.9013866e-01, 8.0952521e-01 
8426, 0.0000000e+00, 7.9013866e-01, 8.0952521e-01 
8427, 4.6121827e-01, 1.0000000e+00, 4.9811766e-01 
8428, 4.6121827e-01, 0.0000000e+00, 4.9811766e-01 
8429, 2.9900823e-01, 1.0000000e+00, 7.2982598e-01 
8430, 2.9900823e-01, 0.0000000e+00, 7.2982598e-01 
8431, 1.2792216e-01, 0.0000000e+00, 3.3696091e-01 
8432, 1.2792216e-01, 1.0000000e+00, 3.3696091e-01 
8433, 1.0000000e+00, 2.1277319e-01, 6.9901189e-01 
8434, 0.0000000e+00, 2.1277319e-01, 6.9901189e-01 
8435, 0.0000000e+00, 2.2158621e-01, 1.9568887e-01 
8436, 1.0000000e+00, 2.2158621e-01, 1.9568887e-01 
8437, 5.2539949e-02, 0.0000000e+00, 3.2489488e-01 
8438, 5.2539949e-02, 1.0000000e+00, 3.2489488e-01 
8439, 0.0000000e+00, 7.9672083e-02, 2.0247606e-01 
8440, 1.0000000e+00, 7.9672083e-02, 2.0247606e-01 
8441, 1.0000000e+00, 2.4624401e-01, 5.7691792e-01 
8442, 0.0000000e+00, 2.4624401e-01, 5.7691792e-01 
8443, 1.0000000e+00, 2.4360170e-01, 5.7822346e-01 
8444, 0.0000000e+00, 2.4360170e-01, 5.7822346e-01 
8445, 7.3825423e-01, 0.0000000e+00, 8.0006219e-01 
8446, 7.3825423e-01, 1.0000000e+00, 8.0006219e-01 
8447, 6.6177627e-01, 1.0000000e+00, 4.1218161e-01 
8448, 6.6177627e-01, 0.0000000e+00, 4.1218161e-01 
8449, 3.1885503e-02, 3.6888493e-02, 1.0000000e+00 
8450, 3.1885503e-02, 3.6888493e-02, 0.0000000e+00 
8451, 1.5638058e-01, 0.0000000e+00, 8.6217030e-01 
8452, 1.5638058e-01, 1.0000000e+00, 8.6217030e-01 
8453, 1.0000000e+00, 8.6526177e-01, 5.0980402e-02 
8454, 0.0000000e+00, 8.6526177e-01, 5.0980402e-02 
8455, 1.0000000e+00, 8.2945384e-01, 7.1745758e-02 
8456, 0.0000000e+00, 8.2945384e-01, 7.1745758e-02 
8457, 0.0000000e+00, 9.4781524e-01, 7.1916136e-01 
8458, 1.0000000e+00, 9.4781524e-01, 7.1916136e-01 
8459, 1.9514146e-01, 5.5541480e-02, 1.0000000e+00 
8460, 1.9514146e-01, 5.5541480e-02, 0.0000000e+00 
8461, 1.9456678e-01, 0.0000000e+00, 9.7719615e-01 
8462, 1.9456678e-01, 1.0000000e+00, 9.7719615e-01 
8463, 4.0082714e-01, 0.0000000e+00, 2.3747587e-01 
8464, 4.0082714e-01, 1.0000000e+00, 2.3747587e-01 
8465, 9.2624708e-01, 4.8362150e-01, 0.0000000e+00 
8466, 9.2624708e-01, 4.8362150e-01, 1.0000000e+00 
8467, 2.7602640e-01, 1.0000000e+00, 4.3177505e-01 
8468, 2.7602640e-01, 0.0000000e+00, 4.3177505e-01 
8469, 2.5577613e-01, 1.0000000e+00, 4.3126677e-01 
8470, 2.5577613e-01, 0.0000000e+00, 4.3126677e-01 
8471, 4.4721958e-01, 3.2020448e-01, 0.0000000e+00 
8472, 4.4721958e-01, 3.2020448e-01, 1.0000000e+00 
8473, 4.3584946e-01, 3.7049392e-01, 0.0000000e+00 
8474, 4.3584946e-01, 3.7049392e-01, 1.0000000e+00 
8475, 5.6618096e-01, 3.0705724e-01, 0.0000000e+00 
8476, 5.6618096e-01, 3.0705724e-01, 1.0000000e+00 
8477, 4.4465714e-01, 1.0000000e+00, 1.6022706e-01 
8478, 4.4465714e-01, 0.0000000e+00, 1.6022706e-01 
8479, 7.9230586e-01, 6.3288429e-01, 1.0000000e+00 
8480, 7.9230586e-01, 6.3288429e-01, 0.0000000e+00 
8481, 7.8754045e-01, 4.0199411e-01, 1.0000000e+00 
8482, 7.8754045e-01, 4.0199411e-01, 0.0000000e+00 
8483, 1.0000000e+00, 7.3617334e-01, 7.3174844e-01 
8484, 0.0000000e+00, 7.3617334e-01, 7.3174844e-01 
8485, 9.3183315e-02, 7.7591327e-01, 0.0000000e+00 
8486, 9.3183315e-02, 7.7591327e-01, 1.0000000e+00 
8487, 3.9203928e-01, 0.0000000e+00, 4.6495479e-01 
8488, 3.9203928e-01, 1.0000000e+00, 4.6495479e-01 
8489, 0.0000000e+00, 8.2463480e-01, 7.0253889e-01 
8490, 1.0000000e+00, 8.2463480e-01, 7.0253889e-01 
8491, 0.0000000e+00, 2.1368746e-01, 7.5222543e-01 
8492, 1.0000000e+00, 2.1368746e-01, 7.5222543e-01 
8493, 0.0000000e+00, 2.4817561e-01, 5.7930753e-01 
8494, 1.0000000e+00, 2.4817561e-01, 5.7930753e-01 
8495, 7.3252181e-01, 6.2305648e-01, 1.0000000e+00 
8496, 7.3252181e-01, 6.2305648e-01, 0.0000000e+00 
8497, 7.1801344e-01, 7.2040222e-01, 1.0000000e+00 
8498, 7.1801344e-01, 7.2040222e-01, 0.0000000e+00 
8499, 2.9057417e-01, 0.0000000e+00, 5.8876236e-01 
8500, 2.9057417e-01, 1.0000000e+00, 5.8876236e-01 
8501, 3.1038088e-01, 0.0000000e+00, 6.3189486e-01 
8502, 3.1038088e-01, 1.0000000e+00, 6.3189486e-01 
8503, 3.4570777e-01, 9.6966977e-02, 0.0000000e+00 
8504, 3.4570777e-01, 9.6966977e-02, 1.0000000e+00 
8505, 3.3573223e-01, 9.6075367e-02, 0.0000000e+00 
8506, 3.3573223e-01, 9.6075367e-02, 1.0000000e+00 
8507, 3.0111328e-01, 0.0000000e+00, 1.0427049e-01 
8508, 3.0111328e-01, 1.0000000e+00, 1.0427049e-01 
8509, 8.5596435e-02, 7.9724922e-01, 1.0000000e+00 
8510, 8.5596435e-02, 7.9724922e-01, 0.0000000e+00 
8511, 8.7846547e-02, 9.1486721e-01, 1.0000000e+00 
8512, 8.7846547e-02, 9.1486721e-01, 0.0000000e+00 
8513, 3.4836335e-01, 5.1305086e-01, 1.0000000e+00 
8514, 3.4836335e-01, 5.1305086e-01, 0.0000000e+00 
8515, 3.2116171e-01, 5.2381424e-01, 1.0000000e+00 
8516, 3.2116171e-01, 5.2381424e-01, 0.0000000e+00 
8517, 3.1451526e-01, 5.2137497e-01, 1.0000000e+00 
8518, 3.1451526e-01, 5.2137497e-01, 0.0000000e+00 
8519, 8.9162541e-01, 1.0000000e+00, 4.4182085e-01 
8520, 8.9162541e-01, 0.0000000e+00, 4.4182085e-01 
8521, 8.0199806e-01, 0.0000000e+00, 9.7655552e-01 
8522, 8.0199806e-01, 1.0000000e+00, 9.7655552e-01 
8523, 7.5097488e-01, 0.0000000e+00, 8.9399320e-01 
8524, 7.5097488e-01, 1.0000000e+00, 8.9399320e-01 
8525, 0.0000000e+00, 2.8684146e-01, 8.2780650e-01 
8526, 1.0000000e+00, 2.8684146e-01, 8.2780650e-01 
8527, 0.0000000e+00, 2.1063860e-01, 2.9002351e-01 
8528, 1.0000000e+00, 2.1063860e-01, 2.9002351e-01 
8529, 0.0000000e+00, 1.7327035e-01, 3.2061554e-01 
8530, 1.0000000e+00, 1.7327035e-01, 3.2061554e-01 
8531, 0.0000000e+00, 1.8040202e-01, 2.9280815e-01 
8532, 1.0000000e+00, 1.8040202e-01, 2.9280815e-01 
8533, 6.7126811e-01, 2.1306118e-01, 0.0000000e+00 
8534, 6.7126811e-01, 2.1306118e-01, 1.0000000e+00 
8535, 6.3855275e-01, 3.3352859e-01, 0.0000000e+00 
8536, 6.3855275e-01, 3.3352859e-01, 1.0000000e+00 
8537, 5.6986886e-01, 2.8200129e-01, 0.0000000e+00 
8538, 5.6986886e-01, 2.8200129e-01, 1.0000000e+00 
8539, 2.5960919e-01, 2.6960334e-01, 0.0000000e+00 
8540, 2.5960919e-01, 2.6960334e-01, 1.0000000e+00 
8541, 8.6442019e-01, 7.5758761e-01, 1.0000000e+00 
8542, 8.6442019e-01, 7.5758761e-01, 0.0000000e+00 
8543, 8.8059480e-01, 6.9963407e-01, 1.0000000e+00 
8544, 8.8059480e-01, 6.9963407e-01, 0.0000000e+00 
8545, 6.3942922e-01, 5.3702830e-01, 1.0000000e+00 
8546, 6.3942922e-01, 5.3702830e-01, 0.0000000e+00 
8547, 0.0000000e+00, 4.6441242e-01, 6.8085863e-01 
8548, 1.0000000e+00, 4.6441242e-01, 6.8085863e-01 
8549, 8.1126327e-01, 5.4156052e-01, 1.0000000e+00 
8550, 8.1126327e-01, 5.4156052e-01, 0.0000000e+00 
8551, 8.3301322e-02, 1.0000000e+00, 4.5171637e-01 
8552, 8.3301322e-02, 0.0000000e+00, 4.5171637e-01 
8553, 6.7884745e-01, 3.0030336e-01, 0.0000000e+00 
8554, 6.7884745e-01, 3.0030336e-01, 1.0000000e+00 
8555, 1.0000000e+00, 1.6019816e-01, 1.6360413e-01 
8556, 0.0000000e+00, 1.6019816e-01, 1.6360413e-01 
8557, 1.0000000e+00, 1.6366635e-01, 2.9471390e-01 
8558, 0.0000000e+00, 1.6366635e-01, 2.9471390e-01 
8559, 4.7858977e-01, 0.0000000e+00, 8.1263927e-01 
8560, 4.7858977e-01, 1.0000000e+00, 8.1263927e-01 
8561, 4.5845122e-01, 0.0000000e+00, 8.0789762e-01 
8562, 4.5845122e-01, 1.0000000e+00, 8.0789762e-01 
8563, 5.2871534e-01, 0.0000000e+00, 7.6540028e-01 
8564, 5.2871534e-01, 1.0000000e+00, 7.6540028e-01 
8565, 1.0000000e+00, 5.9425316e-01, 7.8772795e-01 
8566, 0.0000000e+00, 5.9425316e-01, 7.8772795e-01 
8567, 1.0000000e+00, 6.1548974e-01, 8.0966594e-01 
8568, 0.0000000e+00, 6.1548974e-01, 8.0966594e-01 
8569, 1.0000000e+00, 6.3474788e-01, 7.5663402e-01 
8570, 0.0000000e+00, 6.3474788e-01, 7.5663402e-01 
8571, 0.0000000e+00, 1.0163355e-01, 8.6181942e-01 
8572, 1.0000000e+00, 1.0163355e-01, 8.6181942e-01 
8573, 6.5895751e-01, 2.4486037e-01, 1.0000000e+00 
8574, 6.5895751e-01, 2.4486037e-01, 0.0000000e+00 
8575, 6.5811494e-01, 2.8357940e-01, 1.0000000e+00 
8576, 6.5811494e-01, 2.8357940e-01, 0.0000000e+00 
8577, 6.3826833e-01, 2.0432710e-01, 1.0000000e+00 
8578, 6.3826833e-01, 2.0432710e-01, 0.0000000e+00 
8579, 1.0000000e+00, 2.6638484e-01, 3.5215583e-01 
8580, 0.0000000e+00, 2.6638484e-01, 3.5215583e-01 
8581, 1.0000000e+00, 2.6279469e-01, 3.8023708e-01 
8582, 0.0000000e+00, 2.6279469e-01, 3.8023708e-01 
8583, 3.4966743e-01, 8.6612637e-01, 0.0000000e+00 
8584, 3.4966743e-01, 8.6612637e-01, 1.0000000e+00 
8585, 3.7859284e-01, 8.5838271e-01, 0.0000000e+00 
8586, 3.7859284e-01, 8.5838271e-01, 1.0000000e+00 
8587, 3.3904137e-01, 8.7940504e-01, 0.0000000e+00 
8588, 3.3904137e-01, 8.7940504e-01, 1.0000000e+00 
8589, 8.5232872e-01, 0.0000000e+00, 6.2818248e-01 
8590, 8.5232872e-01, 1.0000000e+00, 6.2818248e-01 
8591, 9.7827317e-01, 0.0000000e+00, 6.4296223e-01 
8592, 0.0000000e+00, 9.8937138e-01, 6.3879872e-01 
8593, 9.6699454e-01, 0.0000000e+00, 6.4838505e-01 
8594, 0.0000000e+00, 9.2092902e-01, 6.7925677e-01 
8595, 2.6907314e-01, 1.0000000e+00, 4.4911298e-01 
8596, 2.6907314e-01, 0.0000000e+00, 4.4911298e-01 
8597, 3.3115736e-01, 1.0000000e+00, 5.1724109e-01 
8598, 3.3115736e-01, 0.0000000e+00, 5.1724109e-01 
8599, 4.9140407e-01, 9.1832011e-01, 0.0000000e+00 
8600, 4.9140407e-01, 9.1832011e-01, 1.0000000e+00 
8601, 0.0000000e+00, 2.7175377e-01, 5.0312006e-01 
8602, 1.0000000e+00, 2.7175377e-01, 5.0312006e-01 
8603, 7.1132583e-01, 1.0000000e+00, 5.8357161e-01 
8604, 7.1132583e-01, 0.0000000e+00, 5.8357161e-01 
8605, 7.0384334e-01, 1.0000000e+00, 6.7912345e-01 
8606, 7.0384334e-01, 0.0000000e+00, 6.7912345e-01 
8607, 8.0659642e-01, 1.0000000e+00, 3.1337411e-01 
8608, 8.0659642e-01, 0.0000000e+00, 3.1337411e-01 
8609, 8.0071883e-01, 1.0000000e+00, 3.2385156e-01 
8610, 8.0071883e-01, 0.0000000e+00, 3.2385156e-01 
8611, 8.1681174e-01, 9.7646605e-01, 0.0000000e+00 
8612, 8.1681174e-01, 9.7646605e-01, 1.0000000e+00 
8613, 8.4140825e-01, 1.0000000e+00, 4.7035495e-02 
8614, 8.4140825e-01, 0.0000000e+00, 4.7035495e-02 
8615, 8.7542855e-01, 1.0000000e+00, 5.7994240e-02 
8616, 0.0000000e+00, 9.5130531e-02, 3.9414146e-02 
8617, 3.8561662e-01, 0.0000000e+00, 3.0901726e-01 
8618, 3.8561662e-01, 1.0000000e+00, 3.0901726e-01 
8619, 5.7290322e-01, 9.6234083e-01, 1.0000000e+00 
8620, 5.7290322e-01, 9.6234083e-01, 0.0000000e+00 
8621, 7.8877256e-01, 6.5314007e-01, 1.0000000e+00 
8622, 7.8877256e-01, 6.5314007e-01, 0.0000000e+00 
8623, 7.5047102e-01, 7.7347935e-01, 1.0000000e+00 
8624, 7.5047102e-01, 7.7347935e-01, 0.0000000e+00 
8625, 3.8074426e-01, 5.8292130e-01, 1.0000000e+00 
8626, 3.8074426e-01, 5.8292130e-01, 0.0000000e+00 
8627, 3.6438499e-01, 6.3844906e-01, 1.0000000e+00 
8628, 3.6438499e-01, 6.3844906e-01, 0.0000000e+00 
8629, 4.1498803e-01, 6.0024196e-01, 1.0000000e+00 
8630, 4.1498803e-01, 6.0024196e-01, 0.0000000e+00 
8631, 4.0626951e-01, 7.9854699e-01, 0.0000000e+00 
8632, 4.0626951e-01, 7.9854699e-01, 1.0000000e+00 
8633, 4.0530440e-01, 7.9561166e-01, 0.0000000e+00 
8634, 4.0530440e-01, 7.9561166e-01, 1.0000000e+00 
8635, 4.0709620e-01, 7.9885456e-01, 0.0000000e+00 
8636, 4.0709620e-01, 7.9885456e-01, 1.0000000e+00 
8637, 8.3350351e-01, 0.0000000e+00, 8.8712280e-01 
8638, 8.3350351e-01, 1.0000000e+00, 8.8712280e-01 
8639, 0.0000000e+00, 7.1880835e-01, 9.4926478e-01 
8640, 1.0000000e+00, 7.1880835e-01, 9.4926478e-01 
8641, 0.0000000e+00, 5.7586908e-01, 8.5722553e-01 
8642, 1.0000000e+00, 5.7586908e-01, 8.5722553e-01 
8643, 0.0000000e+00, 6.9423956e-01, 8.9529019e-01 
8644, 1.0000000e+00, 6.9423956e-01, 8.9529019e-01 
8645, 1.0000000e+00, 7.9686133e-01, 3.1425992e-01 
8646, 0.0000000e+00, 7.9686133e-01, 3.1425992e-01 
8647, 1.8042404e-01, 1.0000000e+00, 3.0975935e-01 
8648, 1.8042404e-01, 0.0000000e+00, 3.0975935e-01 
8649, 2.4752116e-01, 1.0000000e+00, 2.7394445e-01 
8650, 2.4752116e-01, 0.0000000e+00, 2.7394445e-01 
8651, 1.0667594e-01, 1.0000000e+00, 2.4149236e-01 
8652, 1.0667594e-01, 0.0000000e+00, 2.4149236e-01 
8653, 1.0000000e+00, 7.0728844e-01, 5.2167070e-01 
8654, 0.0000000e+00, 7.0728844e-01, 5.2167070e-01 
8655, 1.0000000e+00, 6.8175261e-01, 5.0285148e-01 
8656, 0.0000000e+00, 6.8175261e-01, 5.0285148e-01 
8657, 2.3334037e-01, 7.3635972e-01, 0.0000000e+00 
8658, 2.3334037e-01, 7.3635972e-01, 1.0000000e+00 
8659, 3.4413425e-01, 8.5407787e-01, 0.0000000e+00 
8660, 3.4413425e-01, 8.5407787e-01, 1.0000000e+00 
8661, 3.3977033e-01, 8.7714430e-01, 0.0000000e+00 
8662, 3.3977033e-01, 8.7714430e-01, 1.0000000e+00 
8663, 5.5601504e-01, 0.0000000e+00, 4.0377514e-01 
8664, 5.5601504e-01, 1.0000000e+00, 4.0377514e-01 
8665, 2.9973053e-01, 0.0000000e+00, 6.2872409e-01 
8666, 2.9973053e-01, 1.0000000e+00, 6.2872409e-01 
8667, 5.5095579e-01, 0.0000000e+00, 2.8996962e-01 
8668, 5.5095579e-01, 1.0000000e+00, 2.8996962e-01 
8669, 0.0000000e+00, 3.0895094e-01, 4.5266005e-01 
8670, 1.0000000e+00, 3.0895094e-01, 4.5266005e-01 
8671, 0.0000000e+00, 2.8387956e-01, 5.2657466e-01 
8672, 1.0000000e+00, 2.8387956e-01, 5.2657466e-01 
8673, 0.0000000e+00, 2.3524730e-01, 4.5180159e-01 
8674, 1.0000000e+00, 2.3524730e-01, 4.5180159e-01 
8675, 0.0000000e+00, 9.0920456e-02, 5.1916114e-01 
8676, 1.0000000e+00, 9.0920456e-02, 5.1916114e-01 
8677, 0.0000000e+00, 8.6012406e-01, 6.9909051e-01 
8678, 1.0000000e+00, 8.6012406e-01, 6.9909051e-01 
8679, 4.7242810e-01, 0.0000000e+00, 9.4557043e-02 
8680, 4.7242810e-01, 1.0000000e+00, 9.4557043e-02 
8681, 3.5286656e-01, 0.0000000e+00, 7.4492480e-02 
8682, 3.5286656e-01, 1.0000000e+00, 7.4492480e-02 
8683, 1.0000000e+00, 8.1734127e-01, 6.9757286e-01 
8684, 0.0000000e+00, 8.1734127e-01, 6.9757286e-01 
8685, 3.8400371e-01, 2.1968619e-02, 0.0000000e+00 
8686, 3.8400371e-01, 2.1968619e-02, 1.0000000e+00 
8687, 3.4179776e-01, 0.0000000e+00, 2.0686166e-02 
8688, 3.1620671e-01, 8.9961232e-01, 1.0000000e+00 
8689, 3.3428325e-01, 0.0000000e+00, 1.3163784e-02 
8690, 3.2057290e-01, 9.8858202e-01, 1.0000000e+00 
8691, 3.4510589e-01, 0.0000000e+00, 1.5825968e-02 
8692, 3.4823059e-01, 9.8064840e-01, 1.0000000e+00 
8693, 4.1078202e-01, 1.0000000e+00, 7.9739266e-01 
8694, 4.1078202e-01, 0.0000000e+00, 7.9739266e-01 
8695, 3.8368676e-01, 1.0000000e+00, 8.1631135e-01 
8696, 3.8368676e-01, 0.0000000e+00, 8.1631135e-01 
8697, 4.4576168e-01, 1.0000000e+00, 7.4859784e-01 
8698, 4.4576168e-01, 0.0000000e+00, 7.4859784e-01 
8699, 3.5496425e-01, 8.7845907e-01, 0.0000000e+00 
8700, 3.5496425e-01, 8.7845907e-01, 1.0000000e+00 
8701, 0.0000000e+00, 6.4008866e-01, 5.9493107e-01 
8702, 1.0000000e+00, 6.4008866e-01, 5.9493107e-01 
8703, 0.0000000e+00, 7.0845355e-01, 9.5721462e-01 
8704, 1.0000000e+00, 7.0845355e-01, 9.5721462e-01 
8705, 0.0000000e+00, 6.9499969e-01, 8.3121984e-01 
8706, 1.0000000e+00, 6.9499969e-01, 8.3121984e-01 
8707, 1.0000000e+00, 3.2851712e-01, 1.8794607e-01 
8708, 0.0000000e+00, 3.2851712e-01, 1.8794607e-01 
8709, 1.0000000e+00, 2.3954897e-01, 8.9614260e-02 
8710, 0.0000000e+00, 2.3954897e-01, 8.9614260e-02 
8711, 1.0000000e+00, 5.0178898e-01, 9.2304960e-01 
8712, 0.0000000e+00, 5.0178898e-01, 9.2304960e-01 
8713, 5.9343746e-01, 6.2771962e-01, 0.0000000e+00 
8714, 5.9343746e-01, 6.2771962e-01, 1.0000000e+00 
8715, 6.6228642e-01, 7.3360300e-01, 0.0000000e+00 
8716, 6.6228642e-01, 7.3360300e-01, 1.0000000e+00 
8717, 5.8808879e-01, 0.0000000e+00, 8.8962123e-01 
8718, 5.8808879e-01, 1.0000000e+00, 8.8962123e-01 
8719, 1.0000000e+00, 4.1506017e-01, 9.0292818e-01 
8720, 0.0000000e+00, 4.1506017e-01, 9.0292818e-01 
8721, 8.3329640e-01, 7.7837962e-01, 0.0000000e+00 
8722, 8.3329640e-01, 7.7837962e-01, 1.0000000e+00 
8723, 8.8426155e-01, 6.4126838e-01, 0.0000000e+00 
8724, 8.8426155e-01, 6.4126838e-01, 1.0000000e+00 
8725, 8.6338817e-01, 5.8531220e-01, 0.0000000e+00 
8726, 8.6338817e-01, 5.8531220e-01, 1.0000000e+00 
8727, 9.2329485e-01, 9.3832153e-01, 1.0000000e+00 
8728, 9.2329485e-01, 9.3832153e-01, 0.0000000e+00 
8729, 4.8784638e-01, 6.0597599e-01, 1.7347235e-18 
8730, 4.8784638e-01, 6.0597599e-01, 1.0000000e+00 
8731, 4.9700449e-01, 5.6050741e-01, 0.0000000e+00 
8732, 4.9700449e-01, 5.6050741e-01, 1.0000000e+00 
8733, 4.9298988e-01, 5.5532913e-01, 0.0000000e+00 
8734, 4.9298988e-01, 5.5532913e-01, 1.0000000e+00 
8735, 2.3695002e-01, 1.0000000e+00, 3.4686164e-01 
8736, 2.3695002e-01, 0.0000000e+00, 3.4686164e-01 
8737, 1.4142439e-01, 1.0000000e+00, 4.0030452e-01 
8738, 1.4142439e-01, 0.0000000e+00, 4.0030452e-01 
8739, 3.0665612e-01, 8.0037505e-01, 0.0000000e+00 
8740, 3.0665612e-01, 8.0037505e-01, 1.0000000e+00 
8741, 1.9519569e-01, 0.0000000e+00, 3.4767783e-01 
8742, 1.9519569e-01, 1.0000000e+00, 3.4767783e-01 
8743, 2.6998517e-01, 0.0000000e+00, 4.1660238e-01 
8744, 2.6998517e-01, 1.0000000e+00, 4.1660238e-01 
8745, 1.0000000e+00, 3.4241528e-01, 5.2833832e-01 
8746, 0.0000000e+00, 3.4241528e-01, 5.2833832e-01 
8747, 1.0000000e+00, 3.5579709e-01, 6.3500832e-01 
8748, 0.0000000e+00, 3.5579709e-01, 6.3500832e-01 
8749, 1.0000000e+00, 4.4800628e-01, 4.8736759e-01 
8750, 0.0000000e+00, 4.4800628e-01, 4.8736759e-01 
8751, 0.0000000e+00, 3.6417653e-01, 5.2396948e-01 
8752, 1.0000000e+00, 3.6417653e-01, 5.2396948e-01 
8753, 0.0000000e+00, 4.4233075e-01, 5.5239456e-01 
8754, 1.0000000e+00, 4.4233075e-01, 5.5239456e-01 
8755, 1.0000000e+00, 7.5922510e-01, 7.9584740e-01 
8756, 0.0000000e+00, 7.5922510e-01, 7.9584740e-01 
8757, 1.0000000e+00, 7.5808615e-01, 7.9348898e-01 
8758, 0.0000000e+00, 7.5808615e-01, 7.9348898e-01 
8759, 7.3850148e-01, 1.4455026e-01, 1.0000000e+00 
8760, 7.3850148e-01, 1.4455026e-01, 0.0000000e+00 
8761, 2.4807073e-01, 6.5310156e-01, 1.6940659e-21 
8762, 2.4807073e-01, 6.5310156e-01, 1.0000000e+00 
8763, 8.0427819e-01, 1.0000000e+00, 2.4592949e-01 
8764, 8.0427819e-01, 0.0000000e+00, 2.4592949e-01 
8765, 0.0000000e+00, 5.2853427e-01, 3.4230225e-01 
8766, 1.0000000e+00, 5.2853427e-01, 3.4230225e-01 
8767, 5.6106547e-01, 1.0000000e+00, 5.4715641e-01 
8768, 5.6106547e-01, 0.0000000e+00, 5.4715641e-01 
8769, 5.8827019e-01, 0.0000000e+00, 6.4710553e-01 
8770, 5.8827019e-01, 1.0000000e+00, 6.4710553e-01 
8771, 5.2480417e-01, 6.9388939e-18, 6.7362471e-01 
8772, 5.2480417e-01, 1.0000000e+00, 6.7362471e-01 
8773, 7.4496095e-01, 9.5985570e-01, 0.0000000e+00 
8774, 7.4496095e-01, 9.5985570e-01, 1.0000000e+00 
8775, 7.6068640e-01, 1.0000000e+00, 5.4219535e-02 
8776, 7.6068640e-01, 0.0000000e+00, 5.4219535e-02 
8777, 4.5196378e-01, 1.0784556e-01, 1.0000000e+00 
8778, 4.5196378e-01, 1.0784556e-01, 0.0000000e+00 
8779, 9.4141540e-01, 0.0000000e+00, 8.8800018e-01 
8780, 9.4141540e-01, 1.0000000e+00, 8.8800018e-01 
8781, 1.0000000e+00, 5.4652776e-01, 4.7406179e-01 
8782, 0.0000000e+00, 5.4652776e-01, 4.7406179e-01 
8783, 9.0857976e-02, 1.0000000e+00, 5.9714457e-01 
8784, 9.0857976e-02, 0.0000000e+00, 5.9714457e-01 
8785, 4.2159696e-01, 1.0000000e+00, 2.9774156e-01 
8786, 4.2159696e-01, 0.0000000e+00, 2.9774156e-01 
8787, 1.0000000e+00, 3.2724937e-01, 3.2211410e-01 
8788, 0.0000000e+00, 3.2724937e-01, 3.2211410e-01 
8789, 1.0000000e+00, 2.9442421e-01, 6.1216897e-01 
8790, 0.0000000e+00, 2.9442421e-01, 6.1216897e-01 
8791, 0.0000000e+00, 8.5386739e-01, 3.3845068e-01 
8792, 1.0000000e+00, 8.5386739e-01, 3.3845068e-01 
8793, 0.0000000e+00, 7.7878149e-01, 3.5335813e-01 
8794, 1.0000000e+00, 7.7878149e-01, 3.5335813e-01 
8795, 4.2325225e-01, 5.3742920e-01, 1.0000000e+00 
8796, 4.2325225e-01, 5.3742920e-01, 0.0000000e+00 
8797, 4.0888109e-01, 5.3955896e-01, 1.0000000e+00 
8798, 4.0888109e-01, 5.3955896e-01, 0.0000000e+00 
8799, 0.0000000e+00, 7.9228269e-01, 7.4594673e-01 
8800, 1.0000000e+00, 7.9228269e-01, 7.4594673e-01 
8801, 5.1657364e-01, 8.2885678e-01, 1.0000000e+00 
8802, 5.1657364e-01, 8.2885678e-01, 0.0000000e+00 
8803, 5.4727084e-01, 7.6093995e-01, 1.0000000e+00 
8804, 5.4727084e-01, 7.6093995e-01, 0.0000000e+00 
8805, 4.9631719e-01, 9.1605810e-01, 1.0000000e+00 
8806, 4.9631719e-01, 9.1605810e-01, 0.0000000e+00 
8807, 9.7361147e-01, 1.0000000e+00, 3.8317146e-01 
8808, 0.0000000e+00, 1.8769448e-02, 4.0096008e-01 
8809, 1.0000000e+00, 4.4586949e-01, 6.5865586e-01 
8810, 0.0000000e+00, 4.4586949e-01, 6.5865586e-01 
8811, 0.0000000e+00, 9.2789755e-02, 9.2711664e-01 
8812, 1.0000000e+00, 9.2789755e-02, 9.2711664e-01 
8813, 0.0000000e+00, 9.5082986e-02, 9.3932400e-01 
8814, 1.0000000e+00, 9.5082986e-02, 9.3932400e-01 
8815, 5.8067348e-01, 0.0000000e+00, 9.2423417e-02 
8816, 5.8067348e-01, 1.0000000e+00, 9.2423417e-02 
8817, 5.9324408e-01, 0.0000000e+00, 1.1260514e-01 
8818, 5.9324408e-01, 1.0000000e+00, 1.1260514e-01 
8819, 5.8666822e-01, 0.0000000e+00, 6.6556007e-02 
8820, 5.9628469e-01, 9.8737798e-01, 1.0000000e+00 
8821, 7.7474507e-01, 1.0000000e+00, 7.8465204e-01 
8822, 7.7474507e-01, 0.0000000e+00, 7.8465204e-01 
8823, 7.4074116e-01, 1.0000000e+00, 6.0906241e-01 
8824, 7.4074116e-01, 0.0000000e+00, 6.0906241e-01 
8825, 3.0383864e-01, 0.0000000e+00, 2.2045534e-01 
8826, 3.0383864e-01, 1.0000000e+00, 2.2045534e-01 
8827, 3.5432588e-01, 7.7137578e-01, 1.0000000e+00 
8828, 3.5432588e-01, 7.7137578e-01, 0.0000000e+00 
8829, 2.4777377e-01, 6.5368927e-01, 1.0000000e+00 
8830, 2.4777377e-01, 6.5368927e-01, 0.0000000e+00 
8831, 7.8719907e-01, 7.8417126e-01, 1.0000000e+00 
8832, 7.8719907e-01, 7.8417126e-01, 0.0000000e+00 
8833, 2.7566307e-01, 2.5974237e-01, 1.0000000e+00 
8834, 2.7566307e-01, 2.5974237e-01, 0.0000000e+00 
8835, 9.3255875e-01, 2.1154237e-01, 1.0000000e+00 
8836, 9.3255875e-01, 2.1154237e-01, 0.0000000e+00 
8837, 8.9697235e-01, 3.0274229e-01, 1.0000000e+00 
8838, 8.9697235e-01, 3.0274229e-01, 0.0000000e+00 
8839, 2.1019080e-01, 0.0000000e+00, 7.2290609e-01 
8840, 2.1019080e-01, 1.0000000e+00, 7.2290609e-01 
8841, 1.1743167e-01, 0.0000000e+00, 7.4964293e-01 
8842, 1.1743167e-01, 1.0000000e+00, 7.4964293e-01 
8843, 0.0000000e+00, 4.5378315e-01, 1.8936035e-01 
8844, 1.0000000e+00, 4.5378315e-01, 1.8936035e-01 
8845, 1.0000000e+00, 1.6694459e-01, 9.1779995e-01 
8846, 0.0000000e+00, 1.6694459e-01, 9.1779995e-01 
8847, 8.7583035e-01, 2.9404207e-01, 1.0000000e+00 
8848, 8.7583035e-01, 2.9404207e-01, 0.0000000e+00 
8849, 8.7016206e-01, 1.6792254e-01, 0.0000000e+00 
8850, 8.7016206e-01, 1.6792254e-01, 1.0000000e+00 
8851, 8.8600121e-01, 2.0339383e-01, 0.0000000e+00 
8852, 8.8600121e-01, 2.0339383e-01, 1.0000000e+00 
8853, 7.7865841e-01, 3.7140796e-02, 6.9388939e-18 
8854, 7.6516300e-01, 1.0000000e+00, 9.8015361e-01 
8855, 2.8930243e-01, 9.0136192e-01, 1.0000000e+00 
8856, 2.8930243e-01, 9.0136192e-01, 0.0000000e+00 
8857, 7.8009571e-01, 0.0000000e+00, 9.0008107e-01 
8858, 7.8009571e-01, 1.0000000e+00, 9.0008107e-01 
8859, 7.7687003e-01, 0.0000000e+00, 8.4256227e-01 
8860, 7.7687003e-01, 1.0000000e+00, 8.4256227e-01 
8861, 1.0000000e+00, 9.6334814e-01, 7.8785448e-01 
8862, 0.0000000e+00, 9.6334814e-01, 7.8785448e-01 
8863, 9.7760714e-01, 1.0000000e+00, 7.3093062e-01 
8864, 9.7760714e-01, 0.0000000e+00, 7.3093062e-01 
8865, 9.7645248e-01, 1.0000000e+00, 7.2813606e-01 
8866, 9.7645248e-01, 0.0000000e+00, 7.2813606e-01 
8867, 9.7859331e-01, 1.0000000e+00, 7.3270583e-01 
8868, 9.7859331e-01, 0.0000000e+00, 7.3270583e-01 
8869, 3.8992881e-01, 6.1920918e-01, 0.0000000e+00 
8870, 3.8992881e-01, 6.1920918e-01, 1.0000000e+00 
8871, 1.0000000e+00, 9.1853500e-01, 7.4412671e-01 
8872, 7.8634004e-02, 0.0000000e+00, 7.4835105e-01 
8873, 1.0000000e+00, 7.8209030e-01, 7.1833221e-01 
8874, 0.0000000e+00, 7.8209030e-01, 7.1833221e-01 
8875, 1.0000000e+00, 8.2450297e-01, 6.9998523e-01 
8876, 0.0000000e+00, 8.2450297e-01, 6.9998523e-01 
8877, 9.9661289e-02, 7.7482770e-01, 0.0000000e+00 
8878, 9.9661289e-02, 7.7482770e-01, 1.0000000e+00 
8879, 0.0000000e+00, 7.7154571e-01, 7.8529086e-01 
8880, 1.0000000e+00, 7.7154571e-01, 7.8529086e-01 
8881, 8.0613856e-01, 1.0000000e+00, 6.4612122e-01 
8882, 8.0613856e-01, 0.0000000e+00, 6.4612122e-01 
8883, 7.5212158e-01, 1.0000000e+00, 6.4407297e-01 
8884, 7.5212158e-01, 0.0000000e+00, 6.4407297e-01 
8885, 2.8757135e-01, 1.0000000e+00, 2.3251502e-01 
8886, 2.8757135e-01, 0.0000000e+00, 2.3251502e-01 
8887, 3.9832568e-01, 4.4601063e-01, 1.0000000e+00 
8888, 3.9832568e-01, 4.4601063e-01, 0.0000000e+00 
8889, 1.6421296e-01, 0.0000000e+00, 5.7797505e-01 
8890, 1.6421296e-01, 1.0000000e+00, 5.7797505e-01 
8891, 2.0127436e-01, 0.0000000e+00, 6.3502710e-01 
8892, 2.0127436e-01, 1.0000000e+00, 6.3502710e-01 
8893, 1.3338678e-01, 0.0000000e+00, 6.4035500e-01 
8894, 1.3338678e-01, 1.0000000e+00, 6.4035500e-01 
8895, 1.3289711e-01, 0.0000000e+00, 5.7317916e-01 
8896, 1.3289711e-01, 1.0000000e+00, 5.7317916e-01 
8897, 3.5100059e-01, 1.0000000e+00, 2.7832037e-01 
8898, 3.5100059e-01, 0.0000000e+00, 2.7832037e-01 
8899, 3.7925655e-01, 1.0000000e+00, 2.0939301e-01 
8900, 3.7925655e-01, 0.0000000e+00, 2.0939301e-01 
8901, 7.0243528e-01, 0.0000000e+00, 6.9495842e-01 
8902, 7.0243528e-01, 1.0000000e+00, 6.9495842e-01 
8903, 7.0214146e-01, 0.0000000e+00, 6.2263523e-01 
8904, 7.0214146e-01, 1.0000000e+00, 6.2263523e-01 
8905, 0.0000000e+00, 4.3443589e-01, 4.6830851e-01 
8906, 1.0000000e+00, 4.3443589e-01, 4.6830851e-01 
8907, 6.9388939e-18, 3.3305067e-01, 4.6722606e-01 
8908, 1.0000000e+00, 3.3305067e-01, 4.6722606e-01 
8909, 4.5979319e-01, 2.2689784e-01, 0.0000000e+00 
8910, 4.5979319e-01, 2.2689784e-01, 1.0000000e+00 
8911, 4.2940764e-01, 3.6038672e-01, 0.0000000e+00 
8912, 4.2940764e-01, 3.6038672e-01, 1.0000000e+00 
8913, 0.0000000e+00, 2.3572172e-01, 7.5159923e-01 
8914, 1.0000000e+00, 2.3572172e-01, 7.5159923e-01 
8915, 0.0000000e+00, 2.2866748e-01, 7.6477900e-01 
8916, 1.0000000e+00, 2.2866748e-01, 7.6477900e-01 
8917, 6.7360467e-01, 0.0000000e+00, 7.8455169e-01 
8918, 6.7360467e-01, 1.0000000e+00, 7.8455169e-01 
8919, 2.0717741e-01, 3.7824474e-01, 0.0000000e+00 
8920, 2.0717741e-01, 3.7824474e-01, 1.0000000e+00 
8921, 2.1542006e-01, 3.9855870e-01, 0.0000000e+00 
8922, 2.1542006e-01, 3.9855870e-01, 1.0000000e+00 
8923, 1.0000000e+00, 4.8761058e-01, 4.5842967e-01 
8924, 0.0000000e+00, 4.8761058e-01, 4.5842967e-01 
8925, 1.0000000e+00, 6.5988316e-01, 7.5036907e-01 
8926, 0.0000000e+00, 6.5988316e-01, 7.5036907e-01 
8927, 0.0000000e+00, 2.7288271e-01, 2.8246199e-01 
8928, 1.0000000e+00, 2.7288271e-01, 2.8246199e-01 
8929, 5.6260318e-01, 1.9557336e-01, 1.0000000e+00 
8930, 5.6260318e-01, 1.9557336e-01, 0.0000000e+00 
8931, 0.0000000e+00, 6.1795647e-01, 8.1318828e-01 
8932, 1.0000000e+00, 6.1795647e-01, 8.1318828e-01 
8933, 7.7787602e-01, 1.0000000e+00, 7.9896155e-01 
8934, 7.7787602e-01, 0.0000000e+00, 7.9896155e-01 
8935, 0.0000000e+00, 3.1557596e-01, 1.5639987e-01 
8936, 1.0000000e+00, 3.1557596e-01, 1.5639987e-01 
8937, 3.8748164e-01, 0.0000000e+00, 5.1242536e-01 
8938, 3.8748164e-01, 1.0000000e+00, 5.1242536e-01 
8939, 3.0333394e-01, 0.0000000e+00, 5.2893370e-01 
8940, 3.0333394e-01, 1.0000000e+00, 5.2893370e-01 
8941, 1.2750861e-01, 3.6740948e-01, 1.0000000e+00 
8942, 1.2750861e-01, 3.6740948e-01, 0.0000000e+00 
8943, 8.0850154e-02, 3.3317635e-01, 1.0000000e+00 
8944, 8.0850154e-02, 3.3317635e-01, 0.0000000e+00 
8945, 2.3686422e-02, 3.4901934e-01, 1.0000000e+00 
8946, 1.0000000e+00, 3.5097197e-01, 1.3367736e-02 
8947, 1.7036446e-01, 3.8520693e-01, 1.0000000e+00 
8948, 1.7036446e-01, 3.8520693e-01, 0.0000000e+00 
8949, 6.6388259e-01, 4.6607451e-01, 0.0000000e+00 
8950, 6.6388259e-01, 4.6607451e-01, 1.0000000e+00 
8951, 7.9159211e-01, 4.9187711e-01, 0.0000000e+00 
8952, 7.9159211e-01, 4.9187711e-01, 1.0000000e+00 
8953, 4.6690849e-01, 7.7396145e-03, 0.0000000e+00 
8954, 4.6417110e-01, 1.0000000e+00, 9.8977769e-01 
8955, 4.8991130e-01, 4.1939475e-02, 0.0000000e+00 
8956, 4.8991130e-01, 4.1939475e-02, 1.0000000e+00 
8957, 4.5188024e-01, 0.0000000e+00, 3.9607829e-03 
8958, 4.4684562e-01, 9.9434876e-01, 1.0000000e+00 
8959, 7.9089109e-01, 1.0000000e+00, 4.6525004e-01 
8960, 7.9089109e-01, 0.0000000e+00, 4.6525004e-01 
8961, 6.8360831e-01, 1.0000000e+00, 6.7030441e-01 
8962, 6.8360831e-01, 0.0000000e+00, 6.7030441e-01 
8963, 1.0000000e+00, 6.6189459e-01, 3.1484344e-01 
8964, 0.0000000e+00, 6.6189459e-01, 3.1484344e-01 
8965, 9.3100805e-01, 3.8017407e-01, 1.0000000e+00 
8966, 9.3100805e-01, 3.8017407e-01, 0.0000000e+00 
8967, 3.9898145e-01, 1.0000000e+00, 3.4819272e-01 
8968, 3.9898145e-01, 0.0000000e+00, 3.4819272e-01 
8969, 1.0000000e+00, 6.0233656e-01, 6.8995373e-01 
8970, 0.0000000e+00, 6.0233656e-01, 6.8995373e-01 
8971, 1.0000000e+00, 5.9865275e-01, 6.8750213e-01 
8972, 0.0000000e+00, 5.9865275e-01, 6.8750213e-01 
8973, 1.0000000e+00, 4.6922515e-01, 1.8516016e-01 
8974, 0.0000000e+00, 4.6922515e-01, 1.8516016e-01 
8975, 7.9987536e-01, 1.0000000e+00, 4.7612467e-01 
8976, 7.9987536e-01, 0.0000000e+00, 4.7612467e-01 
8977, 5.9246667e-01, 5.6757963e-01, 0.0000000e+00 
8978, 5.9246667e-01, 5.6757963e-01, 1.0000000e+00 
8979, 5.1611738e-01, 5.9211708e-01, 0.0000000e+00 
8980, 5.1611738e-01, 5.9211708e-01, 1.0000000e+00 
8981, 1.9442108e-01, 9.0060354e-01, 0.0000000e+00 
8982, 1.9442108e-01, 9.0060354e-01, 1.0000000e+00 
8983, 4.0654188e-01, 6.8391897e-01, 1.0000000e+00 
8984, 4.0654188e-01, 6.8391897e-01, 0.0000000e+00 
8985, 9.0377801e-03, 1.0000000e+00, 3.4734034e-01 
8986, 9.0377801e-03, 0.0000000e+00, 3.4734034e-01 
8987, 0.0000000e+00, 9.6876587e-01, 3.8177791e-01 
8988, 1.0000000e+00, 9.6876587e-01, 3.8177791e-01 
8989, 0.0000000e+00, 9.7587482e-01, 3.6439663e-01 
8990, 1.0000000e+00, 9.7587482e-01, 3.6439663e-01 
8991, 8.4580669e-02, 0.0000000e+00, 4.9440903e-01 
8992, 8.4580669e-02, 1.0000000e+00, 4.9440903e-01 
8993, 1.4009582e-01, 0.0000000e+00, 4.5079884e-01 
8994, 1.4009582e-01, 1.0000000e+00, 4.5079884e-01 
8995, 8.9406211e-02, 0.0000000e+00, 5.4359374e-01 
8996, 8.9406211e-02, 1.0000000e+00, 5.4359374e-01 
8997, 1.0000000e+00, 3.2244507e-02, 4.0257830e-01 
8998, 0.0000000e+00, 3.2244507e-02, 4.0257830e-01 
8999, 1.0000000e+00, 8.5408757e-02, 3.4134972e-01 
9000, 0.0000000e+00, 8.5408757e-02, 3.4134972e-01 
9001, 1.0000000e+00, 1.8941599e-01, 3.0801906e-01 
9002, 0.0000000e+00, 1.8941599e-01, 3.0801906e-01 
9003, 1.0000000e+00, 6.4807811e-02, 3.7010315e-01 
9004, 4.9310920e-02, 1.0000000e+00, 3.3557126e-01 
9005, 1.5258506e-01, 4.7616947e-01, 1.0000000e+00 
9006, 1.5258506e-01, 4.7616947e-01, 0.0000000e+00 
9007, 3.8462149e-01, 0.0000000e+00, 9.0462071e-01 
9008, 3.8462149e-01, 1.0000000e+00, 9.0462071e-01 
9009, 2.2977590e-01, 0.0000000e+00, 7.0542267e-02 
9010, 2.2977590e-01, 1.0000000e+00, 7.0542267e-02 
9011, 3.1190728e-01, 5.9942457e-02, 0.0000000e+00 
9012, 3.1190728e-01, 5.9942457e-02, 1.0000000e+00 
9013, 7.7553730e-01, 1.0000000e+00, 4.7908453e-01 
9014, 7.7553730e-01, 0.0000000e+00, 4.7908453e-01 
9015, 5.5647073e-01, 4.5450648e-01, 0.0000000e+00 
9016, 5.5647073e-01, 4.5450648e-01, 1.0000000e+00 
9017, 5.9011406e-01, 3.9203132e-01, 0.0000000e+00 
9018, 5.9011406e-01, 3.9203132e-01, 1.0000000e+00 
9019, 7.5085607e-01, 0.0000000e+00, 9.6783477e-03 
9020, 7.5085607e-01, 1.0000000e+00, 9.6783477e-03 
9021, 2.4694250e-01, 0.0000000e+00, 6.3637396e-01 
9022, 2.4694250e-01, 1.0000000e+00, 6.3637396e-01 
9023, 0.0000000e+00, 3.5749889e-01, 2.4521721e-01 
9024, 1.0000000e+00, 3.5749889e-01, 2.4521721e-01 
9025, 0.0000000e+00, 2.9105427e-01, 2.3628782e-01 
9026, 1.0000000e+00, 2.9105427e-01, 2.3628782e-01 
9027, 1.8075610e-01, 7.4439776e-01, 1.0000000e+00 
9028, 1.8075610e-01, 7.4439776e-01, 0.0000000e+00 
9029, 2.6333361e-01, 7.3063015e-01, 1.0000000e+00 
9030, 2.6333361e-01, 7.3063015e-01, 0.0000000e+00 
9031, 1.8729927e-01, 8.0688193e-01, 1.0000000e+00 
9032, 1.8729927e-01, 8.0688193e-01, 0.0000000e+00 
9033, 1.3631653e-01, 7.4749584e-01, 0.0000000e+00 
9034, 1.3631653e-01, 7.4749584e-01, 1.0000000e+00 
9035, 6.4376667e-02, 1.7347235e-18, 8.8649095e-01 
9036, 6.4376667e-02, 1.0000000e+00, 8.8649095e-01 
9037, 7.7223636e-02, 0.0000000e+00, 9.1364108e-01 
9038, 1.1995336e-01, 8.9605347e-01, 0.0000000e+00 
9039, 3.6545205e-01, 1.0000000e+00, 3.2027705e-01 
9040, 3.6545205e-01, 0.0000000e+00, 3.2027705e-01 
9041, 3.4170796e-01, 1.0000000e+00, 3.0080026e-01 
9042, 3.4170796e-01, 0.0000000e+00, 3.0080026e-01 
9043, 3.0447440e-01, 1.0000000e+00, 3.1560611e-01 
9044, 3.0447440e-01, 0.0000000e+00, 3.1560611e-01 
9045, 0.0000000e+00, 5.2036666e-01, 7.2083555e-01 
9046, 1.0000000e+00, 5.2036666e-01, 7.2083555e-01 
9047, 1.0000000e+00, 6.5777127e-01, 3.1190731e-01 
9048, 0.0000000e+00, 6.5777127e-01, 3.1190731e-01 
9049, 1.0000000e+00, 6.6533942e-01, 3.2613382e-01 
9050, 0.0000000e+00, 6.6533942e-01, 3.2613382e-01 
9051, 9.5684695e-01, 1.0000000e+00, 3.7000296e-01 
9052, 9.5684695e-01, 0.0000000e+00, 3.7000296e-01 
9053, 1.0000000e+00, 9.3582108e-01, 2.9427408e-01 
9054, 0.0000000e+00, 9.3582108e-01, 2.9427408e-01 
9055, 1.0000000e+00, 9.3944637e-01, 3.2384929e-01 
9056, 0.0000000e+00, 9.3944637e-01, 3.2384929e-01 
9057, 0.0000000e+00, 2.8176276e-01, 8.7671499e-01 
9058, 1.0000000e+00, 2.8176276e-01, 8.7671499e-01 
9059, 5.7606846e-01, 1.8270039e-01, 0.0000000e+00 
9060, 5.7606846e-01, 1.8270039e-01, 1.0000000e+00 
9061, 1.0000000e+00, 3.2933595e-01, 1.0575543e-01 
9062, 0.0000000e+00, 3.2933595e-01, 1.0575543e-01 
9063, 0.0000000e+00, 9.5424139e-01, 6.8798319e-01 
9064, 1.0000000e+00, 9.5424139e-01, 6.8798319e-01 
9065, 3.3607527e-02, 1.0000000e+00, 6.9488189e-01 
9066, 3.3607527e-02, 0.0000000e+00, 6.9488189e-01 
9067, 8.0041324e-03, 1.0000000e+00, 6.9887038e-01 
9068, 1.0000000e+00, 5.0694676e-02, 6.9405180e-01 
9069, 4.3428183e-01, 1.0000000e+00, 8.3787933e-01 
9070, 4.3428183e-01, 0.0000000e+00, 8.3787933e-01 
9071, 3.6940719e-01, 1.0000000e+00, 8.8199221e-01 
9072, 3.6940719e-01, 0.0000000e+00, 8.8199221e-01 
9073, 3.7929243e-01, 1.0000000e+00, 8.6198280e-01 
9074, 3.7929243e-01, 0.0000000e+00, 8.6198280e-01 
9075, 9.9191134e-01, 3.7656562e-01, 1.0000000e+00 
9076, 9.9191134e-01, 3.7656562e-01, 0.0000000e+00 
9077, 9.7655230e-01, 3.4279808e-01, 1.0000000e+00 
9078, 9.7655230e-01, 3.4279808e-01, 0.0000000e+00 
9079, 1.0000000e+00, 3.5851286e-01, 9.9741979e-01 
9080, 1.1198096e-03, 3.6098304e-01, 0.0000000e+00 
9081, 0.0000000e+00, 2.1446434e-01, 8.5395917e-01 
9082, 1.0000000e+00, 2.1446434e-01, 8.5395917e-01 
9083, 6.1216464e-02, 2.1497825e-01, 1.0000000e+00 
9084, 6.1216464e-02, 2.1497825e-01, 0.0000000e+00 
9085, 5.9054740e-01, 1.6105512e-01, 0.0000000e+00 
9086, 5.9054740e-01, 1.6105512e-01, 1.0000000e+00 
9087, 6.0079110e-01, 1.3428891e-01, 0.0000000e+00 
9088, 6.0079110e-01, 1.3428891e-01, 1.0000000e+00 
9089, 0.0000000e+00, 3.4007229e-01, 6.9507727e-01 
9090, 1.0000000e+00, 3.4007229e-01, 6.9507727e-01 
9091, 0.0000000e+00, 3.3710322e-01, 7.2374512e-01 
9092, 1.0000000e+00, 3.3710322e-01, 7.2374512e-01 
9093, 1.0000000e+00, 2.0487511e-01, 6.3378259e-01 
9094, 0.0000000e+00, 2.0487511e-01, 6.3378259e-01 
9095, 4.2376031e-01, 1.5558683e-01, 0.0000000e+00 
9096, 4.2376031e-01, 1.5558683e-01, 1.0000000e+00 
9097, 2.3578295e-01, 4.4775640e-02, 0.0000000e+00 
9098, 2.3578295e-01, 4.4775640e-02, 1.0000000e+00 
9099, 4.7509088e-01, 1.0000000e+00, 1.8204543e-01 
9100, 4.7509088e-01, 0.0000000e+00, 1.8204543e-01 
9101, 7.9108783e-01, 6.3704293e-01, 1.0000000e+00 
9102, 7.9108783e-01, 6.3704293e-01, 0.0000000e+00 
9103, 6.2996179e-01, 6.1382476e-01, 1.0000000e+00 
9104, 6.2996179e-01, 6.1382476e-01, 0.0000000e+00 
9105, 6.8375951e-01, 7.3329961e-01, 0.0000000e+00 
9106, 6.8375951e-01, 7.3329961e-01, 1.0000000e+00 
$bonds
1, 2315, 1 
2, 4941, 1 
3, 178, 2 
4, 3113, 2 
5, 3503, 2 
6, 4159, 2 
7, 1402, 3 
8, 3555, 3 
9, 3635, 3 
10, 4929, 3 
11, 23, 4 
12, 3479, 4 
13, 964, 5 
14, 2603, 5 
15, 4534, 5 
16, 4600, 6 
17, 4988, 6 
18, 1273, 7 
19, 2427, 7 
20, 3312, 7 
21, 1038, 8 
22, 1161, 8 
23, 3797, 8 
24, 2904, 9 
25, 3133, 9 
26, 3487, 9 
27, 4964, 9 
28, 462, 10 
29, 1633, 10 
30, 3568, 10 
31, 4615, 10 
32, 1406, 11 
33, 2737, 11 
34, 4201, 11 
35, 1705, 12 
36, 2999, 12 
37, 3249, 12 
38, 4974, 12 
39, 224, 13 
40, 2403, 13 
41, 2520, 13 
42, 3727, 13 
43, 800, 14 
44, 1426, 14 
45, 1759, 14 
46, 4975, 14 
47, 259, 16 
48, 479, 16 
49, 2064, 16 
50, 2447, 16 
51, 721, 17 
52, 168, 18 
53, 647, 19 
54, 1582, 19 
55, 2537, 19 
56, 4444, 19 
57, 1759, 20 
58, 4570, 20 
59, 2693, 21 
60, 4251, 21 
61, 1201, 22 
62, 2262, 22 
63, 4187, 22 
64, 187, 23 
65, 948, 23 
66, 3448, 23 
67, 279, 24 
68, 900, 25 
69, 1439, 25 
70, 4920, 25 
71, 2476, 26 
72, 2872, 26 
73, 2901, 26 
74, 4186, 26 
75, 144, 27 
76, 1196, 27 
77, 2086, 27 
78, 3032, 27 
79, 2643, 28 
80, 2755, 28 
81, 3219, 28 
82, 3907, 28 
83, 635, 29 
84, 2979, 29 
85, 3487, 29 
86, 4135, 29 
87, 45, 30 
88, 3045, 30 
89, 3413, 31 
90, 3945, 31 
91, 4021, 31 
92, 4339, 31 
93, 4610, 32 
94, 4717, 32 
95, 4752, 32 
96, 4962, 32 
97, 318, 33 
98, 1628, 33 
99, 4546, 33 
100, 4620, 33 
101, 874, 34 
102, 1314, 34 
103, 1358, 34 
104, 4176, 34 
105, 2322, 35 
106, 2797, 35 
107, 2806, 35 
108, 4632, 35 
109, 528, 36 
110, 4557, 36 
111, 1708, 37 
112, 2377, 37 
113, 3324, 37 
114, 4826, 37 
115, 1570, 38 
116, 1849, 38 
117, 2625, 38 
118, 4934, 38 
119, 483, 39 
120, 4265, 39 
121, 4965, 39 
122, 480, 40 
123, 1222, 40 
124, 1654, 40 
125, 1711, 40 
126, 1512, 41 
127, 2179, 41 
128, 2834, 41 
129, 3072, 41 
130, 2181, 42 
131, 3263, 42 
132, 437, 43 
133, 768, 43 
134, 1906, 43 
135, 620, 44 
136, 1962, 44 
137, 3237, 44 
138, 3513, 44 
139, 1415, 45 
140, 1828, 45 
141, 4611, 45 
142, 582, 46 
143, 2249, 46 
144, 3190, 46 
145, 4522, 46 
146, 2422, 47 
147, 3814, 47 
148, 1209, 48 
149, 2240, 48 
150, 1272, 49 
151, 1517, 49 
152, 1584, 49 
153, 4682, 49 
154, 3933, 50 
155, 272, 51 
156, 1127, 51 
157, 2799, 51 
158, 4908, 51 
159, 1974, 52 
160, 1816, 53 
161, 4207, 53 
162, 4580, 53 
163, 4798, 53 
164, 136, 54 
165, 1823, 54 
166, 3217, 54 
167, 3786, 54 
168, 3705, 55 
169, 4687, 55 
170, 1351, 56 
171, 3266, 56 
172, 3358, 56 
173, 3945, 56 
174, 357, 57 
175, 4465, 57 
176, 4477, 57 
177, 4189, 58 
178, 4943, 58 
179, 4981, 58 
180, 944, 59 
181, 2371, 59 
182, 888, 60 
183, 1629, 60 
184, 4616, 60 
185, 1416, 61 
186, 1983, 61 
187, 2265, 61 
188, 3258, 61 
189, 930, 62 
190, 1176, 62 
191, 4271, 62 
192, 4292, 62 
193, 589, 63 
194, 1876, 63 
195, 2948, 63 
196, 3641, 63 
197, 3426, 64 
198, 3822, 64 
199, 127, 65 
200, 641, 65 
201, 685, 65 
202, 768, 66 
203, 1050, 66 
204, 262, 68 
205, 1921, 68 
206, 2241, 68 
207, 3222, 68 
208, 683, 69 
209, 4406, 69 
210, 372, 70 
211, 2863, 70 
212, 4489, 70 
213, 2086, 71 
214, 2501, 71 
215, 2805, 71 
216, 3994, 71 
217, 3458, 72 
218, 3554, 72 
219, 4730, 72 
220, 2454, 73 
221, 3044, 73 
222, 4679, 73 
223, 2431, 74 
224, 3277, 74 
225, 4193, 74 
226, 4659, 74 
227, 199, 75 
228, 2741, 75 
229, 3309, 75 
230, 1004, 76 
231, 810, 77 
232, 2189, 77 
233, 3987, 77 
234, 4025, 77 
235, 271, 78 
236, 4048, 78 
237, 414, 79 
238, 1656, 79 
239, 1926, 79 
240, 2618, 79 
241, 1466, 80 
242, 2194, 80 
243, 2654, 80 
244, 2885, 80 
245, 211, 81 
246, 317, 81 
247, 950, 81 
248, 1264, 81 
249, 1344, 82 
250, 997, 83 
251, 2639, 83 
252, 2353, 84 
253, 3406, 84 
254, 3896, 84 
255, 1871, 85 
256, 4187, 85 
257, 4786, 85 
258, 4871, 85 
259, 2644, 86 
260, 3680, 86 
261, 2320, 87 
262, 2467, 87 
263, 3401, 87 
264, 814, 88 
265, 1562, 88 
266, 4263, 88 
267, 178, 89 
268, 3734, 89 
269, 4130, 89 
270, 4733, 89 
271, 539, 90 
272, 2140, 90 
273, 3289, 90 
274, 3466, 90 
275, 2128, 91 
276, 2470, 91 
277, 3331, 91 
278, 4050, 91 
279, 616, 92 
280, 1699, 92 
281, 3299, 92 
282, 634, 93 
283, 1698, 93 
284, 2117, 95 
285, 3280, 95 
286, 4118, 95 
287, 461, 96 
288, 1069, 96 
289, 2739, 96 
290, 4598, 96 
291, 1490, 97 
292, 1654, 97 
293, 1780, 97 
294, 3471, 97 
295, 172, 98 
296, 519, 98 
297, 2241, 98 
298, 4819, 98 
299, 2211, 99 
300, 2642, 99 
301, 3304, 99 
302, 3359, 99 
303, 2226, 100 
304, 3346, 100 
305, 1520, 101 
306, 1980, 101 
307, 2280, 101 
308, 4010, 101 
309, 585, 102 
310, 1570, 102 
311, 3378, 102 
312, 4368, 102 
313, 2049, 103 
314, 3163, 103 
315, 3849, 103 
316, 1132, 104 
317, 1203, 104 
318, 2633, 104 
319, 3063, 104 
320, 757, 105 
321, 2870, 105 
322, 4576, 105 
323, 2680, 106 
324, 3961, 106 
325, 4518, 106 
326, 4759, 106 
327, 516, 107 
328, 2624, 107 
329, 1851, 108 
330, 4257, 108 
331, 2272, 109 
332, 3560, 109 
333, 3031, 110 
334, 769, 111 
335, 1455, 111 
336, 2022, 112 
337, 4801, 112 
338, 4960, 112 
339, 1572, 113 
340, 2436, 113 
341, 4302, 113 
342, 4552, 113 
343, 293, 114 
344, 4868, 115 
345, 2699, 117 
346, 4489, 117 
347, 1380, 118 
348, 1829, 118 
349, 2143, 118 
350, 4786, 118 
351, 3515, 119 
352, 3763, 119 
353, 2146, 120 
354, 4546, 120 
355, 2626, 121 
356, 3257, 121 
357, 4568, 121 
358, 4719, 121 
359, 1118, 122 
360, 1420, 122 
361, 3131, 122 
362, 4672, 122 
363, 3709, 123 
364, 4180, 123 
365, 658, 124 
366, 1639, 124 
367, 4045, 124 
368, 4126, 124 
369, 593, 125 
370, 2569, 125 
371, 2869, 125 
372, 3684, 125 
373, 1606, 126 
374, 3392, 126 
375, 3556, 126 
376, 3994, 126 
377, 694, 127 
378, 4689, 127 
379, 2527, 128 
380, 3262, 128 
381, 3283, 128 
382, 4298, 128 
383, 868, 129 
384, 1983, 129 
385, 2039, 129 
386, 4881, 129 
387, 3589, 130 
388, 4089, 130 
389, 4262, 130 
390, 1601, 131 
391, 2108, 131 
392, 4433, 131 
393, 4523, 131 
394, 1436, 132 
395, 2058, 132 
396, 3277, 132 
397, 3393, 132 
398, 2875, 133 
399, 2879, 133 
400, 710, 134 
401, 1138, 134 
402, 1653, 134 
403, 4379, 134 
404, 506, 135 
405, 3584, 135 
406, 3826, 135 
407, 4922, 135 
408, 4564, 136 
409, 4713, 136 
410, 4863, 136 
411, 1068, 137 
412, 3710, 137 
413, 4182, 137 
414, 447, 138 
415, 3917, 138 
416, 4689, 138 
417, 4784, 138 
418, 1183, 139 
419, 2075, 139 
420, 3737, 139 
421, 4566, 139 
422, 1598, 140 
423, 3925, 140 
424, 166, 141 
425, 1669, 141 
426, 3484, 141 
427, 1614, 142 
428, 1822, 142 
429, 1911, 142 
430, 4856, 142 
431, 3512, 143 
432, 4782, 143 
433, 1677, 144 
434, 2765, 144 
435, 4577, 144 
436, 162, 145 
437, 2006, 145 
438, 2099, 145 
439, 2792, 145 
440, 420, 146 
441, 4560, 146 
442, 4644, 146 
443, 4904, 146 
444, 703, 147 
445, 1870, 147 
446, 4451, 147 
447, 4992, 147 
448, 3092, 148 
449, 4931, 148 
450, 4973, 148 
451, 2771, 149 
452, 4324, 149 
453, 4738, 149 
454, 3379, 150 
455, 4854, 150 
456, 512, 151 
457, 698, 152 
458, 2089, 152 
459, 2841, 152 
460, 4417, 152 
461, 897, 153 
462, 4239, 153 
463, 4892, 153 
464, 4022, 154 
465, 2003, 155 
466, 2944, 155 
467, 3070, 155 
468, 1428, 156 
469, 1493, 156 
470, 1768, 156 
471, 1856, 156 
472, 1466, 157 
473, 575, 158 
474, 2599, 158 
475, 3362, 158 
476, 1066, 159 
477, 2933, 159 
478, 3208, 160 
479, 3290, 160 
480, 3332, 160 
481, 2398, 161 
482, 3101, 161 
483, 1025, 162 
484, 3490, 162 
485, 3500, 163 
486, 1621, 164 
487, 2183, 164 
488, 3095, 164 
489, 4080, 164 
490, 517, 165 
491, 817, 165 
492, 2963, 165 
493, 3608, 165 
494, 1936, 166 
495, 2682, 166 
496, 489, 167 
497, 559, 167 
498, 728, 167 
499, 1027, 167 
500, 2031, 168 
501, 3543, 168 
502, 3674, 168 
503, 2508, 169 
504, 2804, 169 
505, 3670, 169 
506, 4592, 169 
507, 2686, 170 
508, 3668, 170 
509, 4794, 170 
510, 4970, 170 
511, 3776, 171 
512, 3928, 171 
513, 485, 172 
514, 1724, 172 
515, 4823, 172 
516, 2559, 173 
517, 3447, 173 
518, 4574, 173 
519, 4744, 173 
520, 1860, 174 
521, 2914, 174 
522, 263, 175 
523, 347, 175 
524, 952, 176 
525, 1583, 176 
526, 2227, 176 
527, 3580, 176 
528, 1857, 177 
529, 3259, 177 
530, 2084, 178 
531, 3719, 178 
532, 1821, 179 
533, 3352, 179 
534, 3639, 179 
535, 4463, 179 
536, 250, 180 
537, 1779, 180 
538, 3386, 180 
539, 3753, 180 
540, 3406, 181 
541, 4408, 181 
542, 2997, 182 
543, 3106, 182 
544, 3910, 182 
545, 4971, 182 
546, 761, 183 
547, 1565, 183 
548, 2727, 183 
549, 3375, 183 
550, 1143, 184 
551, 1379, 184 
552, 3480, 184 
553, 4962, 184 
554, 784, 185 
555, 2386, 185 
556, 4072, 185 
557, 4162, 186 
558, 4222, 186 
559, 4907, 186 
560, 2596, 187 
561, 1061, 188 
562, 2463, 188 
563, 3445, 188 
564, 2098, 189 
565, 2884, 190 
566, 1542, 191 
567, 2070, 191 
568, 3091, 191 
569, 3763, 191 
570, 1090, 192 
571, 2782, 192 
572, 3604, 192 
573, 3878, 192 
574, 561, 193 
575, 726, 193 
576, 1673, 193 
577, 1813, 194 
578, 3418, 194 
579, 3995, 194 
580, 1987, 195 
581, 2821, 195 
582, 3323, 195 
583, 4061, 195 
584, 1307, 196 
585, 1352, 196 
586, 3214, 196 
587, 4405, 196 
588, 4615, 197 
589, 4650, 197 
590, 1587, 198 
591, 2189, 198 
592, 4665, 198 
593, 4766, 198 
594, 2634, 199 
595, 3953, 199 
596, 1029, 200 
597, 2535, 200 
598, 896, 201 
599, 2631, 201 
600, 2815, 201 
601, 3626, 201 
602, 1922, 202 
603, 934, 203 
604, 1288, 203 
605, 3167, 203 
606, 4610, 203 
607, 506, 204 
608, 2130, 204 
609, 3764, 204 
610, 4932, 204 
611, 2195, 205 
612, 2578, 205 
613, 3562, 205 
614, 4914, 205 
615, 388, 206 
616, 2310, 206 
617, 1761, 207 
618, 2045, 207 
619, 4520, 207 
620, 1409, 208 
621, 3590, 208 
622, 3680, 208 
623, 596, 209 
624, 4418, 209 
625, 3632, 210 
626, 4746, 210 
627, 4753, 210 
628, 4776, 210 
629, 283, 211 
630, 3901, 211 
631, 646, 212 
632, 1643, 212 
633, 2543, 212 
634, 3547, 212 
635, 943, 213 
636, 2961, 213 
637, 3689, 213 
638, 3700, 213 
639, 429, 214 
640, 2033, 214 
641, 3076, 214 
642, 1746, 215 
643, 3434, 215 
644, 4817, 215 
645, 273, 216 
646, 1220, 216 
647, 1846, 216 
648, 2256, 216 
649, 1633, 218 
650, 2766, 218 
651, 3039, 218 
652, 3664, 218 
653, 4354, 219 
654, 4627, 219 
655, 4702, 219 
656, 936, 220 
657, 2956, 220 
658, 3025, 220 
659, 3620, 220 
660, 1312, 221 
661, 1765, 221 
662, 2551, 221 
663, 2828, 221 
664, 1788, 222 
665, 2091, 222 
666, 2676, 222 
667, 3646, 222 
668, 372, 223 
669, 756, 223 
670, 1059, 223 
671, 578, 224 
672, 4332, 224 
673, 4366, 224 
674, 3793, 225 
675, 1385, 226 
676, 1438, 226 
677, 3073, 226 
678, 4976, 226 
679, 2285, 227 
680, 2416, 227 
681, 2775, 227 
682, 4115, 228 
683, 4200, 228 
684, 4273, 228 
685, 4740, 228 
686, 2205, 229 
687, 2661, 230 
688, 2922, 230 
689, 3499, 230 
690, 2442, 232 
691, 3472, 232 
692, 4136, 232 
693, 4058, 233 
694, 4540, 233 
695, 4573, 233 
696, 1231, 234 
697, 1260, 234 
698, 1345, 234 
699, 3686, 234 
700, 924, 235 
701, 1325, 235 
702, 1555, 235 
703, 4706, 235 
704, 458, 236 
705, 1392, 236 
706, 2063, 236 
707, 2612, 236 
708, 510, 237 
709, 886, 237 
710, 1341, 237 
711, 2877, 237 
712, 2733, 238 
713, 799, 239 
714, 2314, 239 
715, 3116, 239 
716, 2509, 240 
717, 4224, 240 
718, 1774, 241 
719, 1848, 241 
720, 3075, 241 
721, 4455, 241 
722, 3632, 242 
723, 880, 243 
724, 947, 243 
725, 2183, 243 
726, 4269, 243 
727, 1825, 244 
728, 2939, 244 
729, 674, 246 
730, 2096, 246 
731, 4540, 246 
732, 4778, 246 
733, 1115, 247 
734, 1154, 247 
735, 2350, 247 
736, 4082, 247 
737, 865, 248 
738, 1609, 248 
739, 2235, 248 
740, 2318, 249 
741, 3753, 250 
742, 3837, 250 
743, 4150, 250 
744, 990, 251 
745, 1475, 251 
746, 1833, 251 
747, 2607, 251 
748, 1032, 252 
749, 1131, 252 
750, 1239, 252 
751, 2749, 252 
752, 3089, 253 
753, 3528, 253 
754, 4231, 253 
755, 4646, 253 
756, 903, 254 
757, 3297, 254 
758, 4954, 254 
759, 542, 255 
760, 829, 255 
761, 2848, 255 
762, 4856, 255 
763, 1004, 256 
764, 2034, 256 
765, 2228, 256 
766, 4641, 256 
767, 1128, 257 
768, 1314, 257 
769, 1949, 257 
770, 2883, 257 
771, 887, 258 
772, 1235, 258 
773, 1615, 258 
774, 4111, 258 
775, 1584, 259 
776, 3173, 259 
777, 691, 260 
778, 1158, 260 
779, 2174, 260 
780, 4191, 260 
781, 463, 261 
782, 2029, 261 
783, 4437, 261 
784, 4882, 261 
785, 2452, 262 
786, 3422, 262 
787, 1748, 263 
788, 1933, 263 
789, 1664, 264 
790, 1824, 264 
791, 2231, 264 
792, 3129, 264 
793, 1336, 265 
794, 1502, 265 
795, 1797, 265 
796, 3288, 265 
797, 697, 266 
798, 946, 266 
799, 3080, 266 
800, 2213, 267 
801, 2766, 267 
802, 2790, 267 
803, 3467, 267 
804, 2522, 268 
805, 3253, 268 
806, 3924, 268 
807, 4276, 268 
808, 420, 269 
809, 580, 269 
810, 792, 269 
811, 2470, 269 
812, 386, 270 
813, 1986, 270 
814, 2640, 270 
815, 3764, 270 
816, 2442, 271 
817, 3531, 271 
818, 1453, 272 
819, 2453, 272 
820, 3199, 272 
821, 3072, 273 
822, 3083, 273 
823, 4533, 273 
824, 313, 274 
825, 1063, 274 
826, 2311, 274 
827, 3019, 274 
828, 1362, 275 
829, 1780, 275 
830, 3813, 275 
831, 4161, 275 
832, 4259, 276 
833, 382, 277 
834, 423, 277 
835, 2144, 277 
836, 2200, 277 
837, 934, 278 
838, 1265, 278 
839, 1808, 278 
840, 3453, 278 
841, 1258, 279 
842, 1794, 279 
843, 3213, 279 
844, 460, 280 
845, 826, 280 
846, 2300, 280 
847, 2858, 280 
848, 922, 281 
849, 2914, 281 
850, 2986, 281 
851, 3812, 281 
852, 2067, 282 
853, 3258, 282 
854, 1043, 283 
855, 4170, 283 
856, 1571, 284 
857, 2254, 284 
858, 3716, 284 
859, 990, 285 
860, 1154, 285 
861, 1388, 285 
862, 1874, 286 
863, 3134, 286 
864, 3759, 286 
865, 4514, 286 
866, 1316, 287 
867, 1562, 287 
868, 1583, 287 
869, 3211, 287 
870, 1363, 288 
871, 3988, 288 
872, 4188, 288 
873, 4535, 288 
874, 618, 289 
875, 2194, 290 
876, 4106, 290 
877, 1364, 291 
878, 3519, 291 
879, 4289, 291 
880, 4649, 291 
881, 1571, 292 
882, 2921, 292 
883, 3268, 292 
884, 4505, 292 
885, 1779, 293 
886, 3326, 293 
887, 3356, 293 
888, 2289, 294 
889, 4765, 294 
890, 601, 295 
891, 2242, 295 
892, 4315, 295 
893, 1315, 296 
894, 1621, 296 
895, 3204, 296 
896, 4282, 296 
897, 4001, 297 
898, 4663, 297 
899, 2274, 298 
900, 2382, 298 
901, 3408, 298 
902, 3806, 298 
903, 641, 299 
904, 1545, 299 
905, 2555, 300 
906, 3278, 300 
907, 3374, 300 
908, 4333, 300 
909, 850, 301 
910, 2185, 301 
911, 3389, 301 
912, 4226, 301 
913, 1889, 302 
914, 2858, 302 
915, 4911, 302 
916, 2195, 303 
917, 3611, 303 
918, 3927, 303 
919, 4762, 303 
920, 2420, 304 
921, 4448, 304 
922, 2450, 305 
923, 3410, 305 
924, 1538, 306 
925, 3671, 306 
926, 3917, 306 
927, 4689, 306 
928, 818, 307 
929, 1731, 307 
930, 3229, 307 
931, 3105, 308 
932, 3159, 308 
933, 4169, 308 
934, 4507, 308 
935, 1784, 309 
936, 2275, 309 
937, 3654, 309 
938, 4532, 309 
939, 767, 310 
940, 1714, 310 
941, 2519, 310 
942, 563, 311 
943, 3922, 311 
944, 4050, 311 
945, 4563, 311 
946, 1769, 312 
947, 4492, 312 
948, 523, 313 
949, 1978, 313 
950, 2963, 313 
951, 698, 314 
952, 3452, 314 
953, 3818, 314 
954, 4430, 314 
955, 800, 315 
956, 902, 315 
957, 1622, 315 
958, 2686, 315 
959, 2266, 317 
960, 3646, 317 
961, 1816, 318 
962, 422, 319 
963, 1874, 319 
964, 3424, 319 
965, 4788, 319 
966, 3473, 320 
967, 4467, 320 
968, 4675, 320 
969, 4865, 320 
970, 443, 321 
971, 1728, 321 
972, 2235, 321 
973, 2602, 322 
974, 2704, 322 
975, 3465, 322 
976, 3736, 322 
977, 2410, 323 
978, 2740, 323 
979, 2841, 323 
980, 3123, 323 
981, 1413, 324 
982, 1854, 324 
983, 3689, 324 
984, 795, 325 
985, 1978, 325 
986, 2051, 325 
987, 3645, 325 
988, 2906, 326 
989, 3535, 326 
990, 4298, 326 
991, 332, 327 
992, 1304, 327 
993, 1673, 327 
994, 3505, 327 
995, 466, 328 
996, 561, 328 
997, 1129, 328 
998, 1785, 328 
999, 1280, 329 
1000, 1886, 329 
1001, 4579, 329 
1002, 4954, 329 
1003, 1171, 330 
1004, 2662, 330 
1005, 3273, 330 
1006, 4567, 330 
1007, 652, 331 
1008, 3793, 331 
1009, 4501, 331 
1010, 1302, 332 
1011, 2502, 332 
1012, 3291, 332 
1013, 554, 333 
1014, 2951, 333 
1015, 3443, 333 
1016, 4028, 333 
1017, 1433, 334 
1018, 1613, 334 
1019, 3846, 334 
1020, 3863, 334 
1021, 1559, 335 
1022, 2121, 335 
1023, 4081, 335 
1024, 823, 336 
1025, 1283, 336 
1026, 978, 337 
1027, 1146, 337 
1028, 4709, 337 
1029, 1399, 338 
1030, 2381, 338 
1031, 2960, 338 
1032, 3138, 338 
1033, 913, 339 
1034, 1725, 339 
1035, 4444, 339 
1036, 4971, 339 
1037, 356, 340 
1038, 1342, 341 
1039, 2871, 341 
1040, 4159, 341 
1041, 4497, 341 
1042, 2289, 342 
1043, 2335, 342 
1044, 2756, 342 
1045, 3144, 342 
1046, 857, 343 
1047, 1279, 343 
1048, 4319, 343 
1049, 4636, 343 
1050, 357, 344 
1051, 1188, 344 
1052, 1592, 344 
1053, 2160, 344 
1054, 4512, 345 
1055, 4747, 345 
1056, 4749, 345 
1057, 1324, 346 
1058, 2159, 346 
1059, 3577, 346 
1060, 734, 347 
1061, 3675, 347 
1062, 1348, 348 
1063, 3875, 348 
1064, 4872, 348 
1065, 412, 349 
1066, 2429, 349 
1067, 4245, 349 
1068, 4919, 349 
1069, 3707, 350 
1070, 2617, 351 
1071, 3132, 351 
1072, 4418, 351 
1073, 393, 352 
1074, 3260, 352 
1075, 4621, 352 
1076, 4864, 352 
1077, 430, 353 
1078, 1724, 353 
1079, 962, 354 
1080, 3959, 354 
1081, 4893, 354 
1082, 1235, 355 
1083, 1987, 355 
1084, 3299, 355 
1085, 4257, 355 
1086, 4033, 356 
1087, 4141, 356 
1088, 4337, 356 
1089, 1820, 357 
1090, 1495, 358 
1091, 2630, 358 
1092, 2910, 358 
1093, 4241, 358 
1094, 1296, 359 
1095, 3402, 359 
1096, 3746, 359 
1097, 4016, 359 
1098, 615, 360 
1099, 1472, 360 
1100, 2849, 360 
1101, 980, 361 
1102, 2624, 361 
1103, 4123, 361 
1104, 2490, 362 
1105, 2829, 362 
1106, 3810, 362 
1107, 4185, 362 
1108, 2188, 363 
1109, 2361, 363 
1110, 2960, 363 
1111, 3474, 363 
1112, 2221, 364 
1113, 4640, 364 
1114, 4893, 364 
1115, 367, 365 
1116, 1216, 365 
1117, 2379, 365 
1118, 3444, 365 
1119, 560, 366 
1120, 3097, 366 
1121, 3905, 366 
1122, 4810, 366 
1123, 3247, 367 
1124, 4998, 367 
1125, 1637, 368 
1126, 2440, 368 
1127, 964, 369 
1128, 1568, 369 
1129, 2850, 369 
1130, 3834, 369 
1131, 2515, 370 
1132, 2660, 370 
1133, 2702, 371 
1134, 2845, 371 
1135, 2942, 371 
1136, 3178, 371 
1137, 3124, 372 
1138, 537, 373 
1139, 2376, 373 
1140, 3651, 373 
1141, 4676, 373 
1142, 1477, 374 
1143, 1464, 375 
1144, 2514, 375 
1145, 3718, 375 
1146, 4489, 375 
1147, 395, 376 
1148, 593, 376 
1149, 924, 376 
1150, 2991, 376 
1151, 1903, 377 
1152, 4588, 377 
1153, 4625, 377 
1154, 4852, 377 
1155, 839, 378 
1156, 2961, 378 
1157, 2772, 380 
1158, 3033, 380 
1159, 3043, 380 
1160, 1644, 381 
1161, 1788, 381 
1162, 2634, 381 
1163, 4783, 381 
1164, 868, 382 
1165, 1142, 382 
1166, 2291, 382 
1167, 532, 383 
1168, 777, 383 
1169, 1791, 383 
1170, 1896, 383 
1171, 2947, 384 
1172, 3307, 385 
1173, 3418, 385 
1174, 4406, 385 
1175, 4414, 385 
1176, 1064, 386 
1177, 1403, 386 
1178, 4139, 386 
1179, 602, 387 
1180, 1412, 387 
1181, 2186, 387 
1182, 4289, 387 
1183, 4297, 388 
1184, 1095, 389 
1185, 1249, 389 
1186, 3213, 389 
1187, 3944, 389 
1188, 520, 390 
1189, 1204, 390 
1190, 2021, 390 
1191, 4379, 390 
1192, 1405, 391 
1193, 1674, 391 
1194, 1809, 391 
1195, 2835, 391 
1196, 4181, 393 
1197, 4418, 393 
1198, 2290, 394 
1199, 4100, 394 
1200, 4775, 394 
1201, 4853, 394 
1202, 972, 395 
1203, 2408, 395 
1204, 2969, 395 
1205, 1985, 396 
1206, 2689, 396 
1207, 3844, 396 
1208, 4178, 396 
1209, 1261, 397 
1210, 1432, 397 
1211, 3214, 397 
1212, 1411, 398 
1213, 2378, 398 
1214, 4425, 398 
1215, 2927, 399 
1216, 4523, 399 
1217, 3274, 400 
1218, 3419, 400 
1219, 4462, 400 
1220, 1109, 401 
1221, 2753, 401 
1222, 3029, 401 
1223, 3745, 401 
1224, 1991, 402 
1225, 941, 403 
1226, 969, 403 
1227, 2942, 403 
1228, 3826, 403 
1229, 879, 404 
1230, 2002, 404 
1231, 2546, 405 
1232, 2565, 405 
1233, 1762, 406 
1234, 2818, 406 
1235, 576, 407 
1236, 768, 407 
1237, 2176, 407 
1238, 4908, 407 
1239, 1695, 408 
1240, 1193, 409 
1241, 1673, 409 
1242, 3207, 409 
1243, 4403, 409 
1244, 3700, 410 
1245, 3735, 410 
1246, 3882, 410 
1247, 1189, 411 
1248, 2904, 411 
1249, 3655, 411 
1250, 4680, 411 
1251, 3044, 412 
1252, 3137, 412 
1253, 4196, 412 
1254, 414, 413 
1255, 3534, 413 
1256, 3868, 413 
1257, 3935, 413 
1258, 1500, 414 
1259, 1571, 414 
1260, 2485, 415 
1261, 3711, 415 
1262, 4722, 415 
1263, 4752, 415 
1264, 2586, 416 
1265, 1018, 417 
1266, 4492, 417 
1267, 718, 418 
1268, 756, 418 
1269, 2780, 418 
1270, 4196, 418 
1271, 1194, 419 
1272, 2028, 419 
1273, 2784, 419 
1274, 571, 420 
1275, 4551, 420 
1276, 3998, 421 
1277, 4428, 421 
1278, 993, 422 
1279, 1156, 422 
1280, 4830, 422 
1281, 626, 423 
1282, 1081, 423 
1283, 2144, 423 
1284, 1264, 424 
1285, 2544, 424 
1286, 3355, 424 
1287, 3954, 424 
1288, 2638, 425 
1289, 4390, 425 
1290, 1843, 427 
1291, 2060, 427 
1292, 3301, 427 
1293, 4139, 427 
1294, 1775, 428 
1295, 3839, 428 
1296, 4845, 428 
1297, 1970, 429 
1298, 4476, 429 
1299, 4755, 430 
1300, 778, 431 
1301, 827, 431 
1302, 2530, 431 
1303, 1073, 432 
1304, 2116, 432 
1305, 4174, 432 
1306, 4524, 432 
1307, 563, 433 
1308, 1374, 433 
1309, 2429, 433 
1310, 4196, 433 
1311, 4235, 434 
1312, 850, 435 
1313, 2090, 435 
1314, 2422, 435 
1315, 2900, 435 
1316, 438, 436 
1317, 2053, 436 
1318, 3162, 436 
1319, 3694, 436 
1320, 994, 438 
1321, 4105, 438 
1322, 4856, 438 
1323, 530, 439 
1324, 639, 439 
1325, 737, 439 
1326, 1630, 439 
1327, 520, 440 
1328, 1981, 440 
1329, 2137, 440 
1330, 4080, 440 
1331, 492, 441 
1332, 563, 441 
1333, 2755, 441 
1334, 3620, 441 
1335, 1638, 442 
1336, 4199, 442 
1337, 4477, 442 
1338, 4723, 443 
1339, 1727, 444 
1340, 2513, 444 
1341, 2695, 444 
1342, 4518, 444 
1343, 904, 445 
1344, 1946, 445 
1345, 2548, 445 
1346, 4254, 445 
1347, 1741, 446 
1348, 2300, 446 
1349, 3085, 446 
1350, 4729, 446 
1351, 3189, 447 
1352, 3473, 447 
1353, 4202, 447 
1354, 878, 448 
1355, 1423, 448 
1356, 1602, 448 
1357, 3599, 448 
1358, 941, 449 
1359, 1348, 449 
1360, 1823, 449 
1361, 2046, 449 
1362, 2611, 450 
1363, 3723, 450 
1364, 4691, 450 
1365, 4810, 450 
1366, 533, 451 
1367, 2521, 451 
1368, 3416, 451 
1369, 1039, 452 
1370, 2225, 452 
1371, 2871, 452 
1372, 542, 453 
1373, 3066, 453 
1374, 4469, 453 
1375, 1197, 454 
1376, 1920, 454 
1377, 2052, 454 
1378, 4684, 454 
1379, 1223, 455 
1380, 1780, 455 
1381, 1949, 455 
1382, 4701, 455 
1383, 3020, 456 
1384, 1166, 457 
1385, 3205, 457 
1386, 3542, 457 
1387, 4664, 457 
1388, 3887, 458 
1389, 4155, 458 
1390, 4525, 458 
1391, 3389, 459 
1392, 4444, 459 
1393, 4503, 459 
1394, 1375, 460 
1395, 2900, 460 
1396, 4127, 460 
1397, 885, 461 
1398, 2894, 461 
1399, 3832, 461 
1400, 824, 462 
1401, 2816, 462 
1402, 3662, 462 
1403, 2518, 463 
1404, 3769, 463 
1405, 4488, 463 
1406, 2278, 464 
1407, 4063, 464 
1408, 4138, 464 
1409, 723, 465 
1410, 1853, 465 
1411, 4008, 465 
1412, 2360, 466 
1413, 3011, 466 
1414, 4916, 466 
1415, 1040, 467 
1416, 2341, 467 
1417, 3818, 467 
1418, 4701, 467 
1419, 662, 468 
1420, 1361, 469 
1421, 1795, 469 
1422, 2129, 470 
1423, 771, 471 
1424, 969, 472 
1425, 1688, 472 
1426, 3394, 472 
1427, 4369, 472 
1428, 1810, 473 
1429, 2725, 473 
1430, 3613, 473 
1431, 3614, 473 
1432, 1093, 474 
1433, 2404, 474 
1434, 4832, 474 
1435, 2738, 475 
1436, 4119, 475 
1437, 2413, 476 
1438, 2417, 476 
1439, 2435, 476 
1440, 2508, 476 
1441, 2818, 477 
1442, 3772, 477 
1443, 2410, 479 
1444, 2500, 479 
1445, 2886, 479 
1446, 2018, 480 
1447, 4004, 480 
1448, 4421, 480 
1449, 1831, 481 
1450, 2597, 481 
1451, 2825, 481 
1452, 2266, 482 
1453, 2599, 482 
1454, 2616, 482 
1455, 4758, 482 
1456, 1332, 484 
1457, 4737, 484 
1458, 3273, 485 
1459, 3980, 485 
1460, 4240, 485 
1461, 3187, 486 
1462, 3206, 486 
1463, 3295, 486 
1464, 4103, 486 
1465, 994, 487 
1466, 1589, 487 
1467, 2187, 487 
1468, 4802, 487 
1469, 1904, 488 
1470, 2537, 488 
1471, 3365, 488 
1472, 3382, 488 
1473, 1330, 489 
1474, 3056, 490 
1475, 3077, 490 
1476, 3190, 490 
1477, 4165, 490 
1478, 2120, 491 
1479, 3516, 491 
1480, 3812, 491 
1481, 1558, 492 
1482, 1801, 492 
1483, 2735, 492 
1484, 1448, 493 
1485, 1712, 493 
1486, 1858, 493 
1487, 2843, 493 
1488, 575, 494 
1489, 2108, 494 
1490, 3340, 494 
1491, 4739, 494 
1492, 508, 495 
1493, 2387, 495 
1494, 4806, 495 
1495, 746, 496 
1496, 1473, 496 
1497, 4746, 496 
1498, 1997, 497 
1499, 2350, 499 
1500, 3255, 499 
1501, 4431, 499 
1502, 4904, 499 
1503, 1330, 500 
1504, 2301, 500 
1505, 3913, 500 
1506, 4119, 500 
1507, 606, 501 
1508, 2042, 501 
1509, 3109, 501 
1510, 992, 502 
1511, 2251, 502 
1512, 3459, 502 
1513, 2454, 503 
1514, 2805, 503 
1515, 3171, 503 
1516, 3319, 503 
1517, 2323, 504 
1518, 3087, 504 
1519, 3782, 504 
1520, 1823, 505 
1521, 2842, 505 
1522, 3967, 505 
1523, 4939, 505 
1524, 2047, 506 
1525, 4872, 506 
1526, 558, 508 
1527, 1276, 508 
1528, 3236, 508 
1529, 1452, 509 
1530, 1469, 509 
1531, 1224, 510 
1532, 2648, 510 
1533, 4871, 510 
1534, 3282, 511 
1535, 4873, 511 
1536, 2001, 512 
1537, 2497, 513 
1538, 2823, 513 
1539, 4090, 513 
1540, 4690, 513 
1541, 2015, 514 
1542, 2859, 514 
1543, 3247, 514 
1544, 4255, 514 
1545, 1346, 515 
1546, 1480, 515 
1547, 1535, 515 
1548, 3462, 515 
1549, 2329, 516 
1550, 930, 517 
1551, 1303, 517 
1552, 1488, 517 
1553, 2709, 518 
1554, 4351, 518 
1555, 4441, 518 
1556, 1400, 519 
1557, 2135, 519 
1558, 4100, 519 
1559, 2922, 520 
1560, 3814, 520 
1561, 3976, 521 
1562, 4153, 521 
1563, 4455, 521 
1564, 1841, 522 
1565, 2892, 522 
1566, 3315, 522 
1567, 4345, 522 
1568, 2271, 523 
1569, 2963, 523 
1570, 4556, 523 
1571, 3339, 524 
1572, 1901, 525 
1573, 2491, 525 
1574, 2745, 525 
1575, 3269, 525 
1576, 551, 526 
1577, 2281, 526 
1578, 2417, 526 
1579, 2905, 526 
1580, 733, 527 
1581, 2485, 527 
1582, 3554, 527 
1583, 3851, 527 
1584, 2027, 528 
1585, 4856, 528 
1586, 900, 529 
1587, 1245, 529 
1588, 3981, 529 
1589, 635, 530 
1590, 1412, 530 
1591, 1620, 530 
1592, 740, 531 
1593, 2017, 531 
1594, 3077, 531 
1595, 4538, 531 
1596, 2249, 532 
1597, 3366, 532 
1598, 3381, 532 
1599, 1669, 533 
1600, 3948, 533 
1601, 4890, 533 
1602, 3390, 534 
1603, 3522, 534 
1604, 918, 535 
1605, 3311, 535 
1606, 816, 536 
1607, 4170, 536 
1608, 1752, 537 
1609, 2895, 537 
1610, 3934, 537 
1611, 1080, 538 
1612, 1902, 538 
1613, 1907, 538 
1614, 3413, 538 
1615, 1718, 539 
1616, 3256, 539 
1617, 4639, 539 
1618, 1966, 540 
1619, 2428, 540 
1620, 4023, 540 
1621, 4719, 540 
1622, 578, 541 
1623, 867, 541 
1624, 3069, 541 
1625, 3947, 541 
1626, 1753, 542 
1627, 2802, 542 
1628, 2300, 543 
1629, 2553, 543 
1630, 2952, 543 
1631, 4337, 543 
1632, 2299, 544 
1633, 692, 545 
1634, 1136, 545 
1635, 1872, 545 
1636, 2599, 545 
1637, 1439, 546 
1638, 2024, 546 
1639, 1814, 547 
1640, 2575, 547 
1641, 4447, 547 
1642, 1871, 548 
1643, 3137, 548 
1644, 3324, 548 
1645, 4910, 548 
1646, 1828, 549 
1647, 4085, 549 
1648, 1869, 550 
1649, 2879, 550 
1650, 3607, 550 
1651, 1229, 551 
1652, 1572, 551 
1653, 4941, 551 
1654, 3203, 552 
1655, 3604, 552 
1656, 3852, 552 
1657, 4549, 552 
1658, 1885, 554 
1659, 3466, 554 
1660, 2228, 555 
1661, 4411, 555 
1662, 4846, 555 
1663, 4873, 555 
1664, 1227, 556 
1665, 1502, 556 
1666, 3223, 556 
1667, 3287, 556 
1668, 2149, 557 
1669, 2278, 557 
1670, 4194, 557 
1671, 4136, 558 
1672, 4460, 558 
1673, 4783, 558 
1674, 867, 559 
1675, 1383, 559 
1676, 4054, 559 
1677, 2277, 560 
1678, 4043, 560 
1679, 2185, 561 
1680, 2434, 562 
1681, 3825, 562 
1682, 4007, 563 
1683, 2620, 565 
1684, 2852, 565 
1685, 3138, 565 
1686, 4829, 565 
1687, 2281, 566 
1688, 3986, 566 
1689, 1525, 567 
1690, 3353, 567 
1691, 4759, 567 
1692, 4943, 567 
1693, 1181, 568 
1694, 3295, 568 
1695, 4341, 568 
1696, 4346, 568 
1697, 640, 569 
1698, 868, 569 
1699, 2111, 569 
1700, 2729, 569 
1701, 2010, 570 
1702, 2163, 570 
1703, 2429, 571 
1704, 3057, 571 
1705, 4137, 571 
1706, 1141, 572 
1707, 1426, 572 
1708, 4498, 572 
1709, 1592, 573 
1710, 4767, 573 
1711, 613, 574 
1712, 2141, 574 
1713, 3147, 574 
1714, 4204, 574 
1715, 1181, 575 
1716, 2352, 575 
1717, 1783, 576 
1718, 1796, 576 
1719, 2341, 576 
1720, 958, 577 
1721, 1394, 577 
1722, 2247, 577 
1723, 3810, 577 
1724, 4290, 578 
1725, 1913, 579 
1726, 2378, 579 
1727, 823, 580 
1728, 1324, 580 
1729, 4318, 580 
1730, 1742, 581 
1731, 2760, 581 
1732, 2802, 581 
1733, 3633, 581 
1734, 665, 582 
1735, 4083, 582 
1736, 4135, 582 
1737, 1024, 583 
1738, 1349, 583 
1739, 3266, 583 
1740, 3453, 583 
1741, 2453, 584 
1742, 3779, 584 
1743, 1876, 585 
1744, 2945, 585 
1745, 3923, 585 
1746, 1218, 586 
1747, 1835, 586 
1748, 2985, 586 
1749, 3000, 586 
1750, 595, 587 
1751, 1972, 587 
1752, 2128, 587 
1753, 3528, 587 
1754, 1905, 588 
1755, 2968, 588 
1756, 3424, 588 
1757, 4612, 588 
1758, 806, 589 
1759, 1426, 589 
1760, 2364, 590 
1761, 2961, 590 
1762, 3994, 590 
1763, 4496, 590 
1764, 1786, 591 
1765, 2096, 591 
1766, 2572, 591 
1767, 4259, 591 
1768, 1463, 592 
1769, 2306, 592 
1770, 3602, 592 
1771, 4320, 592 
1772, 3263, 593 
1773, 4671, 593 
1774, 807, 594 
1775, 997, 594 
1776, 1549, 594 
1777, 3967, 594 
1778, 2327, 595 
1779, 3281, 595 
1780, 4939, 595 
1781, 3765, 596 
1782, 3972, 596 
1783, 4536, 596 
1784, 1978, 597 
1785, 3188, 597 
1786, 4669, 597 
1787, 665, 598 
1788, 3187, 598 
1789, 3383, 598 
1790, 4219, 598 
1791, 2000, 599 
1792, 4034, 599 
1793, 1092, 600 
1794, 1372, 600 
1795, 1943, 600 
1796, 3211, 600 
1797, 3188, 601 
1798, 3687, 601 
1799, 2527, 602 
1800, 3120, 602 
1801, 3597, 602 
1802, 709, 603 
1803, 2274, 603 
1804, 3602, 603 
1805, 1200, 604 
1806, 1257, 604 
1807, 1772, 604 
1808, 4905, 604 
1809, 1283, 605 
1810, 2844, 605 
1811, 3916, 605 
1812, 4814, 605 
1813, 2575, 606 
1814, 3556, 606 
1815, 4036, 606 
1816, 2875, 607 
1817, 4186, 607 
1818, 4928, 607 
1819, 1436, 608 
1820, 3083, 608 
1821, 4366, 608 
1822, 1137, 609 
1823, 1835, 609 
1824, 3013, 609 
1825, 3513, 609 
1826, 817, 610 
1827, 1370, 610 
1828, 1465, 611 
1829, 3363, 611 
1830, 3380, 611 
1831, 3800, 611 
1832, 3861, 612 
1833, 644, 613 
1834, 853, 613 
1835, 1808, 613 
1836, 1945, 614 
1837, 3437, 614 
1838, 2169, 616 
1839, 4857, 616 
1840, 4864, 616 
1841, 1990, 617 
1842, 3004, 617 
1843, 3736, 617 
1844, 3903, 617 
1845, 1080, 618 
1846, 1301, 618 
1847, 3910, 618 
1848, 683, 619 
1849, 1526, 619 
1850, 1647, 619 
1851, 2923, 619 
1852, 2723, 620 
1853, 3771, 620 
1854, 4909, 620 
1855, 956, 621 
1856, 1319, 621 
1857, 4529, 621 
1858, 2152, 622 
1859, 2984, 622 
1860, 3497, 622 
1861, 4143, 622 
1862, 3847, 623 
1863, 4111, 623 
1864, 4284, 623 
1865, 4421, 623 
1866, 1290, 624 
1867, 2612, 624 
1868, 2775, 624 
1869, 4854, 624 
1870, 1219, 626 
1871, 1698, 626 
1872, 4341, 626 
1873, 3699, 627 
1874, 4225, 627 
1875, 4333, 627 
1876, 4993, 627 
1877, 1283, 628 
1878, 1533, 628 
1879, 3868, 628 
1880, 2803, 629 
1881, 3386, 629 
1882, 3456, 629 
1883, 3868, 629 
1884, 1368, 630 
1885, 1474, 630 
1886, 4674, 630 
1887, 645, 631 
1888, 1196, 631 
1889, 2847, 632 
1890, 4420, 632 
1891, 3086, 633 
1892, 4059, 634 
1893, 4739, 634 
1894, 2855, 635 
1895, 3732, 635 
1896, 2095, 636 
1897, 2916, 636 
1898, 4033, 636 
1899, 4540, 636 
1900, 1326, 637 
1901, 1501, 637 
1902, 3546, 637 
1903, 4776, 637 
1904, 1793, 638 
1905, 2124, 639 
1906, 2542, 639 
1907, 4964, 639 
1908, 1542, 640 
1909, 2008, 640 
1910, 4814, 640 
1911, 1535, 641 
1912, 3298, 641 
1913, 1140, 642 
1914, 1655, 642 
1915, 4674, 642 
1916, 4884, 642 
1917, 1162, 643 
1918, 1262, 643 
1919, 2995, 643 
1920, 4747, 643 
1921, 1114, 644 
1922, 1603, 644 
1923, 3752, 644 
1924, 1160, 645 
1925, 1533, 645 
1926, 3126, 645 
1927, 777, 646 
1928, 3165, 646 
1929, 3880, 646 
1930, 2717, 647 
1931, 3578, 647 
1932, 4686, 647 
1933, 1528, 648 
1934, 3039, 648 
1935, 3423, 648 
1936, 4144, 648 
1937, 765, 649 
1938, 797, 650 
1939, 1750, 650 
1940, 4714, 650 
1941, 4909, 650 
1942, 734, 651 
1943, 2578, 651 
1944, 3533, 651 
1945, 1931, 652 
1946, 2142, 652 
1947, 4502, 652 
1948, 1761, 653 
1949, 2847, 654 
1950, 1107, 655 
1951, 1980, 655 
1952, 4107, 655 
1953, 4276, 655 
1954, 803, 656 
1955, 1658, 656 
1956, 2052, 656 
1957, 2708, 656 
1958, 1444, 657 
1959, 2499, 657 
1960, 2718, 657 
1961, 3784, 657 
1962, 1783, 658 
1963, 4039, 658 
1964, 4109, 658 
1965, 2882, 659 
1966, 3628, 659 
1967, 827, 660 
1968, 843, 660 
1969, 1208, 660 
1970, 1357, 660 
1971, 2887, 661 
1972, 4206, 661 
1973, 4499, 661 
1974, 4093, 662 
1975, 1731, 664 
1976, 4349, 664 
1977, 4177, 665 
1978, 4179, 665 
1979, 2674, 666 
1980, 3233, 666 
1981, 2294, 667 
1982, 3282, 667 
1983, 3365, 667 
1984, 3855, 667 
1985, 1989, 668 
1986, 2360, 668 
1987, 4715, 668 
1988, 743, 669 
1989, 2794, 669 
1990, 3093, 669 
1991, 705, 670 
1992, 4244, 670 
1993, 1325, 671 
1994, 2573, 671 
1995, 2723, 671 
1996, 4519, 671 
1997, 730, 672 
1998, 2184, 672 
1999, 3519, 672 
2000, 4831, 672 
2001, 729, 673 
2002, 949, 673 
2003, 3650, 673 
2004, 1747, 674 
2005, 4259, 674 
2006, 4412, 675 
2007, 1182, 676 
2008, 3739, 676 
2009, 4114, 676 
2010, 1992, 677 
2011, 2168, 677 
2012, 2411, 677 
2013, 3658, 677 
2014, 2991, 678 
2015, 3428, 678 
2016, 3489, 678 
2017, 4901, 678 
2018, 1360, 679 
2019, 3090, 679 
2020, 3537, 679 
2021, 749, 680 
2022, 979, 680 
2023, 2123, 680 
2024, 3749, 680 
2025, 1219, 681 
2026, 2804, 681 
2027, 2840, 681 
2028, 4576, 681 
2029, 1378, 682 
2030, 2576, 682 
2031, 1509, 683 
2032, 1335, 684 
2033, 2025, 684 
2034, 2210, 684 
2035, 4500, 684 
2036, 983, 685 
2037, 874, 686 
2038, 4590, 686 
2039, 1897, 687 
2040, 3262, 687 
2041, 3270, 687 
2042, 3993, 687 
2043, 2009, 688 
2044, 2084, 688 
2045, 2195, 688 
2046, 2668, 688 
2047, 2267, 689 
2048, 2626, 689 
2049, 4228, 689 
2050, 4613, 689 
2051, 1125, 690 
2052, 2457, 690 
2053, 3720, 691 
2054, 3780, 691 
2055, 4426, 691 
2056, 1883, 692 
2057, 3100, 692 
2058, 3357, 692 
2059, 828, 693 
2060, 2679, 693 
2061, 4157, 693 
2062, 4739, 693 
2063, 1068, 694 
2064, 1515, 694 
2065, 1549, 694 
2066, 963, 695 
2067, 3627, 695 
2068, 3789, 695 
2069, 4728, 695 
2070, 934, 696 
2071, 1732, 696 
2072, 3641, 696 
2073, 4995, 696 
2074, 2534, 697 
2075, 4326, 697 
2076, 4670, 697 
2077, 1910, 698 
2078, 2841, 698 
2079, 2261, 699 
2080, 2858, 699 
2081, 1471, 700 
2082, 3623, 700 
2083, 4801, 700 
2084, 4975, 700 
2085, 1599, 701 
2086, 1790, 701 
2087, 2749, 701 
2088, 3044, 701 
2089, 1487, 702 
2090, 1595, 702 
2091, 3863, 702 
2092, 4855, 702 
2093, 1069, 703 
2094, 2070, 703 
2095, 3745, 703 
2096, 1641, 704 
2097, 3553, 704 
2098, 3593, 704 
2099, 2371, 705 
2100, 3009, 705 
2101, 4705, 705 
2102, 1862, 706 
2103, 3428, 706 
2104, 940, 707 
2105, 3612, 707 
2106, 4997, 707 
2107, 1835, 708 
2108, 2645, 708 
2109, 2663, 708 
2110, 3916, 708 
2111, 2888, 709 
2112, 3320, 709 
2113, 4332, 709 
2114, 772, 710 
2115, 2965, 710 
2116, 4039, 710 
2117, 3870, 711 
2118, 3908, 711 
2119, 3913, 711 
2120, 4822, 711 
2121, 1576, 712 
2122, 2945, 712 
2123, 4368, 712 
2124, 4874, 712 
2125, 1287, 713 
2126, 1289, 713 
2127, 2739, 713 
2128, 1496, 714 
2129, 3181, 714 
2130, 4811, 714 
2131, 3325, 715 
2132, 1157, 716 
2133, 1938, 716 
2134, 2503, 716 
2135, 1259, 717 
2136, 1752, 717 
2137, 2630, 717 
2138, 2689, 717 
2139, 1170, 718 
2140, 2302, 719 
2141, 3162, 719 
2142, 3828, 719 
2143, 4707, 719 
2144, 986, 720 
2145, 4048, 720 
2146, 2761, 721 
2147, 4184, 721 
2148, 4550, 721 
2149, 759, 722 
2150, 3293, 722 
2151, 4116, 722 
2152, 4894, 722 
2153, 1902, 723 
2154, 2567, 723 
2155, 4361, 723 
2156, 1619, 724 
2157, 3747, 724 
2158, 1429, 725 
2159, 4217, 725 
2160, 4395, 725 
2161, 4694, 725 
2162, 1488, 726 
2163, 4323, 726 
2164, 4365, 726 
2165, 1695, 727 
2166, 1852, 727 
2167, 2083, 727 
2168, 2130, 727 
2169, 2289, 728 
2170, 2937, 728 
2171, 845, 729 
2172, 3661, 729 
2173, 4587, 729 
2174, 1414, 730 
2175, 2735, 730 
2176, 3156, 730 
2177, 2936, 731 
2178, 2043, 732 
2179, 3918, 733 
2180, 4270, 734 
2181, 1014, 735 
2182, 3106, 735 
2183, 3153, 735 
2184, 4167, 735 
2185, 1188, 736 
2186, 1684, 736 
2187, 2532, 736 
2188, 3161, 736 
2189, 2873, 737 
2190, 3669, 737 
2191, 4178, 737 
2192, 822, 738 
2193, 2173, 738 
2194, 1244, 739 
2195, 3600, 739 
2196, 4230, 739 
2197, 4471, 739 
2198, 1397, 740 
2199, 3023, 740 
2200, 4049, 740 
2201, 4617, 741 
2202, 1757, 742 
2203, 2104, 742 
2204, 2727, 742 
2205, 3674, 742 
2206, 959, 743 
2207, 3452, 743 
2208, 4416, 743 
2209, 1162, 744 
2210, 1796, 744 
2211, 2341, 744 
2212, 4049, 744 
2213, 2211, 745 
2214, 2281, 745 
2215, 3037, 745 
2216, 3921, 745 
2217, 2109, 746 
2218, 4413, 746 
2219, 4962, 746 
2220, 1776, 747 
2221, 2212, 747 
2222, 3035, 747 
2223, 3653, 747 
2224, 3086, 748 
2225, 1984, 749 
2226, 2573, 749 
2227, 3563, 749 
2228, 1292, 750 
2229, 2327, 750 
2230, 2844, 750 
2231, 3697, 750 
2232, 2589, 751 
2233, 3195, 751 
2234, 3485, 751 
2235, 1096, 753 
2236, 1520, 753 
2237, 4160, 753 
2238, 3558, 754 
2239, 2400, 755 
2240, 3853, 755 
2241, 4781, 756 
2242, 2927, 757 
2243, 2663, 758 
2244, 2843, 758 
2245, 1844, 759 
2246, 2060, 759 
2247, 3475, 759 
2248, 1275, 760 
2249, 2126, 760 
2250, 4665, 760 
2251, 2005, 761 
2252, 2379, 761 
2253, 3968, 762 
2254, 2846, 763 
2255, 3946, 763 
2256, 4427, 763 
2257, 4541, 763 
2258, 4518, 764 
2259, 1584, 765 
2260, 4166, 765 
2261, 1227, 766 
2262, 3785, 766 
2263, 3900, 766 
2264, 4032, 766 
2265, 3955, 767 
2266, 948, 768 
2267, 1226, 769 
2268, 3850, 769 
2269, 815, 770 
2270, 1024, 771 
2271, 2276, 771 
2272, 2285, 771 
2273, 1190, 772 
2274, 2018, 772 
2275, 3654, 772 
2276, 1587, 773 
2277, 2982, 774 
2278, 3048, 774 
2279, 3072, 774 
2280, 3813, 774 
2281, 2002, 775 
2282, 4161, 775 
2283, 859, 776 
2284, 1386, 776 
2285, 1689, 776 
2286, 2930, 776 
2287, 3865, 777 
2288, 4369, 777 
2289, 1116, 778 
2290, 1161, 778 
2291, 2145, 778 
2292, 803, 779 
2293, 2552, 779 
2294, 2721, 779 
2295, 3104, 779 
2296, 937, 780 
2297, 1490, 780 
2298, 1654, 780 
2299, 4532, 780 
2300, 3294, 781 
2301, 3409, 781 
2302, 3808, 781 
2303, 4477, 781 
2304, 799, 783 
2305, 1567, 783 
2306, 1806, 783 
2307, 2978, 783 
2308, 3803, 784 
2309, 3245, 785 
2310, 4091, 785 
2311, 4690, 785 
2312, 2898, 786 
2313, 3450, 786 
2314, 4761, 786 
2315, 885, 787 
2316, 1521, 787 
2317, 1069, 788 
2318, 2719, 788 
2319, 2930, 788 
2320, 3538, 788 
2321, 1600, 789 
2322, 1961, 789 
2323, 2033, 789 
2324, 2054, 789 
2325, 2322, 790 
2326, 4688, 790 
2327, 1766, 791 
2328, 1244, 792 
2329, 3600, 792 
2330, 3817, 792 
2331, 2795, 793 
2332, 3414, 793 
2333, 3835, 793 
2334, 2135, 794 
2335, 2580, 794 
2336, 3919, 794 
2337, 4716, 794 
2338, 875, 795 
2339, 2065, 795 
2340, 1000, 796 
2341, 2308, 796 
2342, 3483, 796 
2343, 3791, 796 
2344, 1007, 797 
2345, 2917, 797 
2346, 3539, 797 
2347, 2348, 799 
2348, 4508, 799 
2349, 2994, 800 
2350, 1829, 801 
2351, 2180, 801 
2352, 4115, 801 
2353, 4921, 801 
2354, 973, 802 
2355, 1014, 802 
2356, 1626, 802 
2357, 1301, 803 
2358, 4895, 803 
2359, 3665, 804 
2360, 1179, 805 
2361, 1799, 805 
2362, 2431, 805 
2363, 4659, 805 
2364, 1480, 806 
2365, 1604, 806 
2366, 3507, 806 
2367, 1577, 807 
2368, 2060, 807 
2369, 2083, 807 
2370, 1751, 808 
2371, 2516, 808 
2372, 2747, 808 
2373, 3677, 808 
2374, 2510, 809 
2375, 1588, 810 
2376, 1681, 810 
2377, 3943, 810 
2378, 2012, 811 
2379, 4875, 811 
2380, 4915, 811 
2381, 1524, 812 
2382, 3027, 812 
2383, 4795, 812 
2384, 1918, 813 
2385, 2493, 813 
2386, 4637, 814 
2387, 4965, 814 
2388, 2020, 815 
2389, 2828, 815 
2390, 1865, 816 
2391, 3924, 816 
2392, 1470, 817 
2393, 4621, 817 
2394, 2550, 818 
2395, 4979, 818 
2396, 2093, 819 
2397, 2732, 819 
2398, 3804, 819 
2399, 2219, 820 
2400, 2775, 820 
2401, 3724, 820 
2402, 4664, 820 
2403, 3345, 821 
2404, 3939, 821 
2405, 4067, 821 
2406, 2884, 822 
2407, 3335, 822 
2408, 2332, 823 
2409, 4734, 823 
2410, 2623, 824 
2411, 2781, 824 
2412, 2845, 824 
2413, 2348, 825 
2414, 4475, 825 
2415, 1302, 826 
2416, 2213, 826 
2417, 4876, 826 
2418, 1289, 827 
2419, 4059, 828 
2420, 3354, 829 
2421, 4380, 829 
2422, 4419, 829 
2423, 1251, 830 
2424, 1122, 831 
2425, 1211, 831 
2426, 3959, 831 
2427, 2166, 832 
2428, 3371, 832 
2429, 2846, 833 
2430, 2862, 833 
2431, 3844, 833 
2432, 4689, 833 
2433, 1791, 834 
2434, 3018, 834 
2435, 3216, 834 
2436, 4618, 834 
2437, 863, 835 
2438, 2591, 835 
2439, 3001, 835 
2440, 4394, 835 
2441, 2037, 836 
2442, 2091, 836 
2443, 3135, 836 
2444, 4004, 836 
2445, 1053, 837 
2446, 3798, 837 
2447, 3893, 837 
2448, 4710, 837 
2449, 2791, 838 
2450, 2850, 838 
2451, 4328, 838 
2452, 4731, 838 
2453, 3460, 840 
2454, 1845, 841 
2455, 1898, 841 
2456, 3044, 841 
2457, 4901, 841 
2458, 3619, 842 
2459, 4470, 842 
2460, 2652, 843 
2461, 4738, 843 
2462, 1127, 844 
2463, 2821, 844 
2464, 3415, 844 
2465, 3148, 845 
2466, 3377, 845 
2467, 4625, 845 
2468, 3033, 846 
2469, 3191, 846 
2470, 3215, 846 
2471, 1743, 847 
2472, 4222, 847 
2473, 4530, 847 
2474, 4581, 847 
2475, 1048, 848 
2476, 2770, 848 
2477, 3170, 848 
2478, 4793, 848 
2479, 1447, 849 
2480, 2079, 849 
2481, 2713, 849 
2482, 2757, 849 
2483, 1931, 850 
2484, 2051, 850 
2485, 1680, 851 
2486, 1924, 851 
2487, 3975, 851 
2488, 1900, 852 
2489, 3590, 852 
2490, 4040, 852 
2491, 3967, 853 
2492, 4105, 853 
2493, 977, 854 
2494, 1548, 854 
2495, 4887, 854 
2496, 1166, 855 
2497, 1400, 855 
2498, 4683, 855 
2499, 4862, 855 
2500, 1265, 856 
2501, 3063, 856 
2502, 4754, 856 
2503, 2131, 858 
2504, 2593, 858 
2505, 4070, 858 
2506, 4836, 858 
2507, 3627, 859 
2508, 3901, 859 
2509, 4397, 859 
2510, 1432, 860 
2511, 3672, 860 
2512, 4198, 860 
2513, 2564, 861 
2514, 2972, 861 
2515, 1053, 862 
2516, 949, 863 
2517, 3021, 863 
2518, 4385, 863 
2519, 1518, 864 
2520, 4527, 864 
2521, 2300, 865 
2522, 3397, 865 
2523, 4323, 865 
2524, 1446, 866 
2525, 2548, 866 
2526, 2796, 866 
2527, 3077, 866 
2528, 991, 867 
2529, 3241, 867 
2530, 4515, 868 
2531, 2317, 869 
2532, 2549, 869 
2533, 1229, 870 
2534, 4282, 870 
2535, 4645, 870 
2536, 4910, 870 
2537, 936, 871 
2538, 1115, 871 
2539, 2998, 871 
2540, 4884, 871 
2541, 1934, 872 
2542, 2774, 872 
2543, 1777, 873 
2544, 2959, 873 
2545, 3696, 873 
2546, 1719, 874 
2547, 4757, 874 
2548, 2928, 875 
2549, 4156, 875 
2550, 4372, 875 
2551, 2568, 877 
2552, 2967, 877 
2553, 4669, 877 
2554, 1631, 878 
2555, 3855, 878 
2556, 4034, 878 
2557, 3391, 880 
2558, 4243, 880 
2559, 1358, 881 
2560, 1739, 881 
2561, 2500, 881 
2562, 4642, 881 
2563, 2269, 882 
2564, 2789, 882 
2565, 3286, 882 
2566, 4210, 882 
2567, 2233, 883 
2568, 3800, 883 
2569, 4057, 883 
2570, 1740, 884 
2571, 2469, 884 
2572, 3180, 884 
2573, 4377, 884 
2574, 2321, 885 
2575, 2737, 885 
2576, 1021, 886 
2577, 2911, 886 
2578, 3439, 886 
2579, 2571, 887 
2580, 3181, 887 
2581, 3811, 887 
2582, 4869, 888 
2583, 4903, 888 
2584, 3130, 889 
2585, 3737, 889 
2586, 4561, 889 
2587, 4589, 889 
2588, 1777, 890 
2589, 2257, 890 
2590, 4468, 890 
2591, 950, 891 
2592, 2321, 891 
2593, 2610, 891 
2594, 4165, 891 
2595, 1269, 892 
2596, 2282, 892 
2597, 2293, 892 
2598, 2537, 892 
2599, 2304, 893 
2600, 3707, 893 
2601, 1843, 894 
2602, 3837, 894 
2603, 4006, 894 
2604, 4169, 894 
2605, 2698, 895 
2606, 3160, 895 
2607, 1928, 896 
2608, 3369, 896 
2609, 3815, 896 
2610, 3314, 897 
2611, 3416, 897 
2612, 4595, 897 
2613, 1751, 898 
2614, 2697, 898 
2615, 3548, 898 
2616, 3695, 898 
2617, 1714, 899 
2618, 4410, 899 
2619, 4634, 900 
2620, 2465, 901 
2621, 2658, 901 
2622, 3157, 901 
2623, 1457, 902 
2624, 2855, 902 
2625, 4192, 902 
2626, 3210, 903 
2627, 1485, 904 
2628, 3355, 904 
2629, 4500, 904 
2630, 1490, 905 
2631, 1536, 905 
2632, 2004, 906 
2633, 3878, 906 
2634, 4821, 906 
2635, 2331, 907 
2636, 2981, 907 
2637, 4231, 908 
2638, 3802, 909 
2639, 2304, 910 
2640, 3194, 910 
2641, 3092, 911 
2642, 4154, 911 
2643, 4357, 911 
2644, 1738, 912 
2645, 3881, 912 
2646, 4767, 912 
2647, 3643, 913 
2648, 3791, 913 
2649, 3855, 913 
2650, 3537, 914 
2651, 3603, 914 
2652, 4471, 914 
2653, 4872, 914 
2654, 1102, 915 
2655, 1321, 915 
2656, 4396, 915 
2657, 4759, 915 
2658, 1037, 916 
2659, 1111, 916 
2660, 2661, 916 
2661, 3120, 916 
2662, 2335, 917 
2663, 4751, 917 
2664, 4845, 917 
2665, 1510, 918 
2666, 4420, 918 
2667, 4429, 918 
2668, 1631, 919 
2669, 3739, 919 
2670, 4249, 919 
2671, 1253, 920 
2672, 1937, 921 
2673, 2632, 921 
2674, 3592, 921 
2675, 3852, 921 
2676, 3550, 922 
2677, 3654, 922 
2678, 4401, 922 
2679, 2816, 923 
2680, 2986, 923 
2681, 4563, 923 
2682, 4942, 923 
2683, 3179, 924 
2684, 3929, 924 
2685, 1094, 925 
2686, 1530, 925 
2687, 4163, 925 
2688, 4654, 925 
2689, 3704, 926 
2690, 4750, 926 
2691, 4956, 926 
2692, 2453, 927 
2693, 2459, 927 
2694, 4549, 927 
2695, 2303, 928 
2696, 4207, 928 
2697, 4361, 928 
2698, 4952, 928 
2699, 1328, 929 
2700, 3471, 930 
2701, 4659, 930 
2702, 1065, 931 
2703, 3201, 931 
2704, 4383, 931 
2705, 1755, 932 
2706, 2156, 932 
2707, 3042, 932 
2708, 4271, 932 
2709, 1005, 933 
2710, 1227, 933 
2711, 2068, 933 
2712, 2716, 933 
2713, 4721, 934 
2714, 1680, 935 
2715, 2660, 935 
2716, 3078, 935 
2717, 2657, 936 
2718, 2964, 936 
2719, 1543, 937 
2720, 2750, 937 
2721, 3118, 937 
2722, 1535, 938 
2723, 2142, 939 
2724, 3030, 939 
2725, 4478, 939 
2726, 2147, 940 
2727, 3009, 940 
2728, 3146, 940 
2729, 1842, 941 
2730, 2347, 941 
2731, 2646, 942 
2732, 2781, 942 
2733, 2856, 942 
2734, 3444, 942 
2735, 2538, 943 
2736, 3021, 943 
2737, 3961, 943 
2738, 3918, 944 
2739, 2036, 945 
2740, 2063, 945 
2741, 2184, 945 
2742, 3655, 945 
2743, 1113, 946 
2744, 1579, 946 
2745, 1684, 946 
2746, 1544, 947 
2747, 3731, 947 
2748, 4797, 947 
2749, 2164, 948 
2750, 3325, 948 
2751, 1204, 949 
2752, 3169, 949 
2753, 4417, 950 
2754, 4464, 950 
2755, 1143, 951 
2756, 1905, 951 
2757, 2388, 951 
2758, 3627, 951 
2759, 1035, 952 
2760, 1142, 952 
2761, 4490, 952 
2762, 1582, 953 
2763, 2000, 953 
2764, 1580, 954 
2765, 2495, 954 
2766, 4271, 954 
2767, 4927, 954 
2768, 1172, 955 
2769, 3062, 955 
2770, 3528, 955 
2771, 4774, 955 
2772, 4544, 956 
2773, 2789, 957 
2774, 4729, 957 
2775, 1201, 958 
2776, 2315, 958 
2777, 3625, 958 
2778, 968, 959 
2779, 3082, 959 
2780, 4785, 959 
2781, 1068, 960 
2782, 1743, 960 
2783, 2405, 960 
2784, 3232, 960 
2785, 1163, 961 
2786, 1248, 961 
2787, 3416, 961 
2788, 1445, 962 
2789, 4777, 962 
2790, 2316, 963 
2791, 2935, 963 
2792, 4839, 963 
2793, 3287, 964 
2794, 4169, 964 
2795, 1760, 965 
2796, 1878, 965 
2797, 3097, 965 
2798, 1939, 966 
2799, 3776, 966 
2800, 1357, 967 
2801, 1869, 967 
2802, 2511, 967 
2803, 3403, 967 
2804, 2599, 968 
2805, 3383, 968 
2806, 1177, 969 
2807, 1842, 969 
2808, 1612, 970 
2809, 2248, 970 
2810, 2266, 970 
2811, 3867, 970 
2812, 1991, 971 
2813, 2152, 971 
2814, 2874, 971 
2815, 4048, 971 
2816, 3489, 972 
2817, 3503, 972 
2818, 4703, 972 
2819, 1048, 973 
2820, 3690, 973 
2821, 3841, 973 
2822, 1009, 974 
2823, 2613, 974 
2824, 3546, 974 
2825, 2510, 975 
2826, 3089, 975 
2827, 1072, 976 
2828, 2482, 976 
2829, 4547, 976 
2830, 4847, 976 
2831, 1856, 977 
2832, 2627, 977 
2833, 3945, 978 
2834, 4633, 978 
2835, 4995, 978 
2836, 3087, 979 
2837, 4409, 979 
2838, 1330, 980 
2839, 3913, 980 
2840, 4443, 980 
2841, 1773, 981 
2842, 1852, 981 
2843, 2130, 981 
2844, 1652, 982 
2845, 1721, 982 
2846, 2812, 982 
2847, 3071, 982 
2848, 1151, 983 
2849, 1480, 983 
2850, 1833, 984 
2851, 3269, 984 
2852, 2810, 985 
2853, 4397, 985 
2854, 4482, 985 
2855, 4638, 985 
2856, 1872, 986 
2857, 3454, 986 
2858, 4176, 986 
2859, 2306, 987 
2860, 2754, 987 
2861, 3619, 987 
2862, 4279, 987 
2863, 3051, 988 
2864, 4394, 988 
2865, 4876, 988 
2866, 4917, 988 
2867, 1414, 989 
2868, 2895, 989 
2869, 4316, 989 
2870, 3124, 990 
2871, 3508, 990 
2872, 4820, 991 
2873, 1491, 992 
2874, 2941, 992 
2875, 4780, 992 
2876, 1397, 993 
2877, 3046, 993 
2878, 3197, 993 
2879, 1345, 994 
2880, 3678, 994 
2881, 1168, 996 
2882, 3043, 996 
2883, 1115, 997 
2884, 1465, 997 
2885, 1669, 998 
2886, 2811, 998 
2887, 3254, 998 
2888, 1359, 999 
2889, 3943, 999 
2890, 4733, 999 
2891, 4875, 999 
2892, 4205, 1000 
2893, 3758, 1001 
2894, 4481, 1001 
2895, 4399, 1002 
2896, 3364, 1003 
2897, 3775, 1003 
2898, 4424, 1003 
2899, 4842, 1003 
2900, 3574, 1005 
2901, 4219, 1005 
2902, 4756, 1005 
2903, 1654, 1006 
2904, 1881, 1006 
2905, 2488, 1006 
2906, 3359, 1006 
2907, 2321, 1007 
2908, 3206, 1007 
2909, 4314, 1007 
2910, 1332, 1008 
2911, 3251, 1008 
2912, 3777, 1008 
2913, 4773, 1008 
2914, 1770, 1009 
2915, 2170, 1009 
2916, 4249, 1009 
2917, 3560, 1010 
2918, 3702, 1010 
2919, 4012, 1010 
2920, 4840, 1010 
2921, 3152, 1011 
2922, 4958, 1011 
2923, 2898, 1012 
2924, 3226, 1012 
2925, 4758, 1012 
2926, 4963, 1012 
2927, 1630, 1013 
2928, 2590, 1013 
2929, 4452, 1013 
2930, 4509, 1013 
2931, 3608, 1014 
2932, 3727, 1014 
2933, 1422, 1015 
2934, 3462, 1015 
2935, 3850, 1015 
2936, 3228, 1016 
2937, 3063, 1017 
2938, 1516, 1018 
2939, 1578, 1018 
2940, 4492, 1018 
2941, 2795, 1019 
2942, 1243, 1020 
2943, 1565, 1020 
2944, 4674, 1020 
2945, 3126, 1021 
2946, 2788, 1022 
2947, 1301, 1023 
2948, 1512, 1023 
2949, 3140, 1023 
2950, 4199, 1023 
2951, 3403, 1024 
2952, 3834, 1024 
2953, 2470, 1025 
2954, 3819, 1025 
2955, 1216, 1026 
2956, 1450, 1026 
2957, 2646, 1026 
2958, 4792, 1026 
2959, 4807, 1028 
2960, 4972, 1028 
2961, 1432, 1029 
2962, 1851, 1029 
2963, 2970, 1029 
2964, 1750, 1030 
2965, 2796, 1030 
2966, 3571, 1030 
2967, 3832, 1030 
2968, 2114, 1031 
2969, 2232, 1031 
2970, 2504, 1031 
2971, 3486, 1031 
2972, 3388, 1032 
2973, 3849, 1033 
2974, 1432, 1034 
2975, 2407, 1034 
2976, 3065, 1034 
2977, 3950, 1034 
2978, 1290, 1035 
2979, 1392, 1035 
2980, 2964, 1035 
2981, 1208, 1036 
2982, 2197, 1036 
2983, 2601, 1036 
2984, 3392, 1037 
2985, 4233, 1037 
2986, 4888, 1037 
2987, 2556, 1038 
2988, 4619, 1038 
2989, 1154, 1039 
2990, 1184, 1039 
2991, 3549, 1039 
2992, 1212, 1040 
2993, 1596, 1040 
2994, 3127, 1040 
2995, 1947, 1041 
2996, 4330, 1041 
2997, 1739, 1042 
2998, 2598, 1042 
2999, 3292, 1042 
3000, 3685, 1042 
3001, 1777, 1043 
3002, 1962, 1043 
3003, 4819, 1043 
3004, 2816, 1044 
3005, 2892, 1044 
3006, 2906, 1044 
3007, 3826, 1044 
3008, 1625, 1045 
3009, 2720, 1045 
3010, 3139, 1045 
3011, 3192, 1045 
3012, 3901, 1046 
3013, 4300, 1046 
3014, 4740, 1046 
3015, 1329, 1047 
3016, 1411, 1047 
3017, 1975, 1048 
3018, 4335, 1048 
3019, 1507, 1049 
3020, 1945, 1049 
3021, 1855, 1050 
3022, 3433, 1050 
3023, 1606, 1051 
3024, 2387, 1051 
3025, 2776, 1051 
3026, 4616, 1051 
3027, 1777, 1052 
3028, 2223, 1052 
3029, 3741, 1053 
3030, 1274, 1054 
3031, 3907, 1054 
3032, 4012, 1054 
3033, 4644, 1054 
3034, 2167, 1055 
3035, 2729, 1055 
3036, 3481, 1055 
3037, 4236, 1055 
3038, 2484, 1057 
3039, 4079, 1057 
3040, 4917, 1057 
3041, 3154, 1058 
3042, 3356, 1058 
3043, 4495, 1058 
3044, 4626, 1058 
3045, 2219, 1059 
3046, 1969, 1060 
3047, 4025, 1060 
3048, 4144, 1060 
3049, 4994, 1060 
3050, 1403, 1061 
3051, 1952, 1061 
3052, 4280, 1061 
3053, 4356, 1062 
3054, 3784, 1063 
3055, 4271, 1063 
3056, 4336, 1063 
3057, 1516, 1064 
3058, 1911, 1064 
3059, 2636, 1064 
3060, 3786, 1065 
3061, 4622, 1065 
3062, 4677, 1065 
3063, 1692, 1066 
3064, 3100, 1066 
3065, 3235, 1066 
3066, 3862, 1067 
3067, 4354, 1067 
3068, 1151, 1068 
3069, 4202, 1069 
3070, 1880, 1070 
3071, 2578, 1070 
3072, 4362, 1070 
3073, 1137, 1071 
3074, 1547, 1071 
3075, 2161, 1071 
3076, 3745, 1071 
3077, 2777, 1072 
3078, 3073, 1072 
3079, 3571, 1072 
3080, 1847, 1073 
3081, 3659, 1073 
3082, 4944, 1073 
3083, 1234, 1074 
3084, 1367, 1074 
3085, 1475, 1074 
3086, 3726, 1074 
3087, 1402, 1075 
3088, 1454, 1075 
3089, 3809, 1075 
3090, 1297, 1076 
3091, 3396, 1076 
3092, 4016, 1076 
3093, 3281, 1077 
3094, 3363, 1077 
3095, 3428, 1077 
3096, 3800, 1077 
3097, 2349, 1078 
3098, 2770, 1078 
3099, 4145, 1078 
3100, 4604, 1078 
3101, 2440, 1079 
3102, 3222, 1079 
3103, 1562, 1080 
3104, 3352, 1080 
3105, 1505, 1081 
3106, 2111, 1081 
3107, 3024, 1081 
3108, 2609, 1082 
3109, 3327, 1082 
3110, 2433, 1083 
3111, 3751, 1083 
3112, 4175, 1083 
3113, 1101, 1084 
3114, 1655, 1084 
3115, 2938, 1084 
3116, 4808, 1084 
3117, 1546, 1085 
3118, 3464, 1085 
3119, 3704, 1085 
3120, 2423, 1086 
3121, 3417, 1086 
3122, 3460, 1086 
3123, 1996, 1087 
3124, 1138, 1088 
3125, 2426, 1088 
3126, 2585, 1088 
3127, 4275, 1088 
3128, 3053, 1089 
3129, 1229, 1090 
3130, 2164, 1090 
3131, 4821, 1090 
3132, 2666, 1091 
3133, 3301, 1092 
3134, 4629, 1092 
3135, 4932, 1092 
3136, 2409, 1093 
3137, 4038, 1093 
3138, 2125, 1094 
3139, 3315, 1094 
3140, 4120, 1094 
3141, 1268, 1095 
3142, 2118, 1095 
3143, 3684, 1095 
3144, 1680, 1096 
3145, 3476, 1096 
3146, 3864, 1096 
3147, 1166, 1097 
3148, 3185, 1097 
3149, 4823, 1097 
3150, 1905, 1098 
3151, 4746, 1098 
3152, 3538, 1099 
3153, 3675, 1099 
3154, 2364, 1100 
3155, 3935, 1100 
3156, 4447, 1100 
3157, 1467, 1101 
3158, 3798, 1101 
3159, 4073, 1101 
3160, 3076, 1104 
3161, 4911, 1104 
3162, 1187, 1105 
3163, 1357, 1105 
3164, 3461, 1105 
3165, 4835, 1105 
3166, 1451, 1106 
3167, 2138, 1106 
3168, 1259, 1107 
3169, 2461, 1107 
3170, 4467, 1107 
3171, 1790, 1108 
3172, 2415, 1108 
3173, 1178, 1109 
3174, 1557, 1109 
3175, 2529, 1109 
3176, 1719, 1110 
3177, 1857, 1110 
3178, 2246, 1110 
3179, 2255, 1111 
3180, 3135, 1111 
3181, 4234, 1111 
3182, 2155, 1112 
3183, 2437, 1112 
3184, 2810, 1112 
3185, 4538, 1112 
3186, 1893, 1113 
3187, 1999, 1113 
3188, 4479, 1113 
3189, 1189, 1114 
3190, 4073, 1114 
3191, 4306, 1114 
3192, 3122, 1115 
3193, 3542, 1116 
3194, 4072, 1116 
3195, 3040, 1117 
3196, 4775, 1119 
3197, 1815, 1120 
3198, 3615, 1120 
3199, 2615, 1121 
3200, 2874, 1121 
3201, 4601, 1121 
3202, 4805, 1121 
3203, 1835, 1122 
3204, 2040, 1122 
3205, 2168, 1122 
3206, 2332, 1123 
3207, 2797, 1123 
3208, 3057, 1123 
3209, 3569, 1123 
3210, 2381, 1124 
3211, 3414, 1124 
3212, 2555, 1125 
3213, 4562, 1125 
3214, 3203, 1126 
3215, 4282, 1126 
3216, 4513, 1126 
3217, 4825, 1126 
3218, 3058, 1127 
3219, 3023, 1128 
3220, 3616, 1128 
3221, 3734, 1128 
3222, 2261, 1129 
3223, 1288, 1130 
3224, 1718, 1130 
3225, 3373, 1130 
3226, 4473, 1130 
3227, 3244, 1131 
3228, 3919, 1131 
3229, 3338, 1132 
3230, 4253, 1132 
3231, 4991, 1132 
3232, 1765, 1133 
3233, 1999, 1133 
3234, 2068, 1133 
3235, 4307, 1133 
3236, 1473, 1134 
3237, 2176, 1134 
3238, 2642, 1134 
3239, 2889, 1134 
3240, 1457, 1135 
3241, 2148, 1135 
3242, 2276, 1135 
3243, 2390, 1135 
3244, 2061, 1136 
3245, 3367, 1137 
3246, 4807, 1137 
3247, 2199, 1138 
3248, 4421, 1138 
3249, 1684, 1139 
3250, 4129, 1139 
3251, 4312, 1139 
3252, 1994, 1140 
3253, 4313, 1140 
3254, 1982, 1141 
3255, 2320, 1141 
3256, 4684, 1141 
3257, 1843, 1142 
3258, 3168, 1142 
3259, 1872, 1143 
3260, 3592, 1143 
3261, 2336, 1144 
3262, 4125, 1144 
3263, 2010, 1145 
3264, 2446, 1145 
3265, 2509, 1146 
3266, 2325, 1147 
3267, 1374, 1148 
3268, 1898, 1148 
3269, 2225, 1148 
3270, 3549, 1148 
3271, 2711, 1149 
3272, 4141, 1149 
3273, 4295, 1149 
3274, 4636, 1149 
3275, 1831, 1150 
3276, 2464, 1150 
3277, 4235, 1150 
3278, 2197, 1151 
3279, 4573, 1152 
3280, 2335, 1153 
3281, 4128, 1153 
3282, 3432, 1154 
3283, 1875, 1155 
3284, 2787, 1155 
3285, 1711, 1156 
3286, 2974, 1156 
3287, 4109, 1156 
3288, 2767, 1157 
3289, 2855, 1157 
3290, 4508, 1157 
3291, 2751, 1158 
3292, 3228, 1158 
3293, 2811, 1159 
3294, 1710, 1160 
3295, 2600, 1160 
3296, 3062, 1160 
3297, 1400, 1161 
3298, 1743, 1161 
3299, 1543, 1162 
3300, 4414, 1162 
3301, 1964, 1163 
3302, 1998, 1164 
3303, 2099, 1164 
3304, 1251, 1165 
3305, 4862, 1166 
3306, 1815, 1167 
3307, 2068, 1167 
3308, 3015, 1167 
3309, 2506, 1168 
3310, 2860, 1168 
3311, 1494, 1169 
3312, 2648, 1170 
3313, 3283, 1170 
3314, 3346, 1170 
3315, 1408, 1171 
3316, 3521, 1171 
3317, 3732, 1171 
3318, 1412, 1172 
3319, 4485, 1172 
3320, 4799, 1172 
3321, 1179, 1173 
3322, 2793, 1173 
3323, 2980, 1173 
3324, 3669, 1173 
3325, 2345, 1174 
3326, 3311, 1174 
3327, 2229, 1175 
3328, 2645, 1175 
3329, 2295, 1176 
3330, 4153, 1176 
3331, 4252, 1176 
3332, 4163, 1177 
3333, 4193, 1177 
3334, 4942, 1177 
3335, 1644, 1178 
3336, 2529, 1178 
3337, 3526, 1178 
3338, 4227, 1179 
3339, 4891, 1179 
3340, 1505, 1180 
3341, 1538, 1180 
3342, 2993, 1180 
3343, 3175, 1180 
3344, 3422, 1181 
3345, 1821, 1182 
3346, 1920, 1182 
3347, 2698, 1182 
3348, 1599, 1183 
3349, 1990, 1184 
3350, 3094, 1184 
3351, 3212, 1184 
3352, 3484, 1185 
3353, 1632, 1186 
3354, 3208, 1186 
3355, 3443, 1186 
3356, 3711, 1186 
3357, 3463, 1188 
3358, 4311, 1189 
3359, 4471, 1189 
3360, 2801, 1190 
3361, 4548, 1190 
3362, 4900, 1190 
3363, 2274, 1191 
3364, 4845, 1191 
3365, 3918, 1192 
3366, 1979, 1193 
3367, 4391, 1193 
3368, 1846, 1194 
3369, 2028, 1194 
3370, 1370, 1195 
3371, 3152, 1195 
3372, 1611, 1196 
3373, 4491, 1196 
3374, 1661, 1197 
3375, 2042, 1198 
3376, 3769, 1198 
3377, 2101, 1199 
3378, 4575, 1199 
3379, 1518, 1200 
3380, 4037, 1200 
3381, 4601, 1200 
3382, 3685, 1201 
3383, 1542, 1202 
3384, 1717, 1202 
3385, 2221, 1202 
3386, 2270, 1202 
3387, 1583, 1203 
3388, 3475, 1203 
3389, 4164, 1203 
3390, 2695, 1204 
3391, 3713, 1204 
3392, 2287, 1205 
3393, 3409, 1205 
3394, 3715, 1205 
3395, 2216, 1206 
3396, 4046, 1206 
3397, 4299, 1206 
3398, 2649, 1207 
3399, 3375, 1207 
3400, 3568, 1207 
3401, 4188, 1207 
3402, 1914, 1208 
3403, 1265, 1210 
3404, 3417, 1210 
3405, 4101, 1210 
3406, 1322, 1211 
3407, 2987, 1211 
3408, 2076, 1212 
3409, 2112, 1212 
3410, 3616, 1212 
3411, 1921, 1213 
3412, 2840, 1213 
3413, 3919, 1213 
3414, 1720, 1214 
3415, 1751, 1214 
3416, 4613, 1214 
3417, 4654, 1214 
3418, 1328, 1215 
3419, 1461, 1215 
3420, 2994, 1215 
3421, 3004, 1216 
3422, 3960, 1216 
3423, 2176, 1217 
3424, 3132, 1217 
3425, 3547, 1217 
3426, 4058, 1217 
3427, 3212, 1218 
3428, 3429, 1218 
3429, 1296, 1219 
3430, 4451, 1219 
3431, 3678, 1220 
3432, 4118, 1220 
3433, 4809, 1220 
3434, 1381, 1221 
3435, 2074, 1221 
3436, 2428, 1221 
3437, 2880, 1221 
3438, 1235, 1222 
3439, 1718, 1222 
3440, 4522, 1222 
3441, 1279, 1223 
3442, 3691, 1223 
3443, 4459, 1223 
3444, 1561, 1224 
3445, 4124, 1224 
3446, 3395, 1225 
3447, 3469, 1225 
3448, 3610, 1225 
3449, 1502, 1227 
3450, 1576, 1228 
3451, 2167, 1228 
3452, 3770, 1228 
3453, 4507, 1228 
3454, 4878, 1229 
3455, 1392, 1230 
3456, 1735, 1230 
3457, 3147, 1230 
3458, 4393, 1230 
3459, 1737, 1231 
3460, 1934, 1231 
3461, 4940, 1231 
3462, 3852, 1232 
3463, 3990, 1232 
3464, 4216, 1232 
3465, 4749, 1232 
3466, 3186, 1233 
3467, 3639, 1233 
3468, 4262, 1233 
3469, 4596, 1233 
3470, 2111, 1234 
3471, 2868, 1234 
3472, 4964, 1234 
3473, 1536, 1235 
3474, 1907, 1236 
3475, 3045, 1236 
3476, 4266, 1236 
3477, 1993, 1237 
3478, 3110, 1237 
3479, 3159, 1237 
3480, 1393, 1238 
3481, 4321, 1238 
3482, 2899, 1239 
3483, 4222, 1239 
3484, 4581, 1239 
3485, 2719, 1240 
3486, 3768, 1240 
3487, 4434, 1240 
3488, 4835, 1240 
3489, 2046, 1241 
3490, 3599, 1241 
3491, 4041, 1241 
3492, 4880, 1241 
3493, 1589, 1242 
3494, 2425, 1242 
3495, 2636, 1242 
3496, 4164, 1242 
3497, 1799, 1243 
3498, 2714, 1243 
3499, 1994, 1244 
3500, 2198, 1244 
3501, 3231, 1245 
3502, 1373, 1246 
3503, 4720, 1246 
3504, 2709, 1248 
3505, 1687, 1249 
3506, 2181, 1249 
3507, 3907, 1249 
3508, 1995, 1250 
3509, 4528, 1250 
3510, 2474, 1251 
3511, 1310, 1252 
3512, 1691, 1252 
3513, 1727, 1252 
3514, 2082, 1252 
3515, 1309, 1253 
3516, 4350, 1253 
3517, 1396, 1254 
3518, 2286, 1254 
3519, 2490, 1254 
3520, 3217, 1255 
3521, 3481, 1255 
3522, 4164, 1255 
3523, 4677, 1255 
3524, 1551, 1256 
3525, 2058, 1256 
3526, 3225, 1256 
3527, 2986, 1257 
3528, 3931, 1257 
3529, 4124, 1257 
3530, 1859, 1258 
3531, 2480, 1258 
3532, 3218, 1258 
3533, 3539, 1259 
3534, 4273, 1259 
3535, 2191, 1260 
3536, 4469, 1260 
3537, 2717, 1261 
3538, 3966, 1261 
3539, 4244, 1261 
3540, 2033, 1262 
3541, 3141, 1262 
3542, 3566, 1262 
3543, 1939, 1263 
3544, 3339, 1263 
3545, 3662, 1263 
3546, 2528, 1264 
3547, 4631, 1264 
3548, 1585, 1266 
3549, 4769, 1266 
3550, 1856, 1267 
3551, 3684, 1267 
3552, 4098, 1267 
3553, 4887, 1267 
3554, 1293, 1268 
3555, 2181, 1268 
3556, 1384, 1269 
3557, 2437, 1270 
3558, 2712, 1270 
3559, 4218, 1270 
3560, 4631, 1270 
3561, 1468, 1271 
3562, 2970, 1271 
3563, 3858, 1271 
3564, 4249, 1271 
3565, 2935, 1272 
3566, 3343, 1272 
3567, 2713, 1273 
3568, 2600, 1274 
3569, 2938, 1274 
3570, 3270, 1274 
3571, 3060, 1275 
3572, 4252, 1275 
3573, 2080, 1276 
3574, 4616, 1276 
3575, 2550, 1277 
3576, 4432, 1277 
3577, 4054, 1278 
3578, 4287, 1278 
3579, 1807, 1279 
3580, 2655, 1279 
3581, 2961, 1280 
3582, 3391, 1280 
3583, 3419, 1281 
3584, 3787, 1281 
3585, 4038, 1281 
3586, 4769, 1281 
3587, 3537, 1282 
3588, 4437, 1282 
3589, 4447, 1282 
3590, 4968, 1282 
3591, 3372, 1283 
3592, 1356, 1284 
3593, 1913, 1284 
3594, 4458, 1285 
3595, 4480, 1285 
3596, 2193, 1286 
3597, 2736, 1286 
3598, 3196, 1286 
3599, 1289, 1287 
3600, 3461, 1287 
3601, 2605, 1288 
3602, 4610, 1288 
3603, 4270, 1289 
3604, 3098, 1290 
3605, 3269, 1290 
3606, 2448, 1291 
3607, 2475, 1291 
3608, 3374, 1291 
3609, 1339, 1292 
3610, 1374, 1292 
3611, 1751, 1292 
3612, 2159, 1293 
3613, 3766, 1293 
3614, 1637, 1294 
3615, 2346, 1294 
3616, 2733, 1294 
3617, 2804, 1294 
3618, 3296, 1295 
3619, 3606, 1295 
3620, 4212, 1295 
3621, 4967, 1295 
3622, 4240, 1296 
3623, 4718, 1296 
3624, 2983, 1297 
3625, 4409, 1297 
3626, 2719, 1298 
3627, 2814, 1298 
3628, 3310, 1298 
3629, 3864, 1298 
3630, 2577, 1299 
3631, 3413, 1299 
3632, 3857, 1299 
3633, 1560, 1300 
3634, 2307, 1301 
3635, 1470, 1302 
3636, 3291, 1302 
3637, 2892, 1303 
3638, 3204, 1303 
3639, 3722, 1303 
3640, 2207, 1304 
3641, 2218, 1304 
3642, 2706, 1304 
3643, 1327, 1305 
3644, 1795, 1305 
3645, 2170, 1305 
3646, 2264, 1305 
3647, 1399, 1306 
3648, 1459, 1306 
3649, 3972, 1306 
3650, 4741, 1306 
3651, 1399, 1307 
3652, 2102, 1307 
3653, 2920, 1307 
3654, 1947, 1308 
3655, 2517, 1308 
3656, 4813, 1308 
3657, 4970, 1309 
3658, 1941, 1310 
3659, 3935, 1310 
3660, 4153, 1310 
3661, 1477, 1311 
3662, 3038, 1311 
3663, 3334, 1311 
3664, 1957, 1312 
3665, 4219, 1312 
3666, 4791, 1312 
3667, 1743, 1313 
3668, 1767, 1313 
3669, 2019, 1313 
3670, 3390, 1313 
3671, 1499, 1314 
3672, 4486, 1314 
3673, 3107, 1315 
3674, 3556, 1315 
3675, 3941, 1315 
3676, 1892, 1316 
3677, 3593, 1316 
3678, 1491, 1317 
3679, 1805, 1317 
3680, 2004, 1317 
3681, 2276, 1318 
3682, 3440, 1318 
3683, 3850, 1318 
3684, 4032, 1318 
3685, 1460, 1319 
3686, 2707, 1319 
3687, 2743, 1319 
3688, 1768, 1320 
3689, 3412, 1320 
3690, 3820, 1320 
3691, 2699, 1321 
3692, 4972, 1321 
3693, 5000, 1321 
3694, 2168, 1322 
3695, 3372, 1322 
3696, 4807, 1322 
3697, 2069, 1323 
3698, 4272, 1323 
3699, 3005, 1326 
3700, 4524, 1326 
3701, 4947, 1326 
3702, 3443, 1327 
3703, 4002, 1327 
3704, 2805, 1329 
3705, 3516, 1329 
3706, 4742, 1329 
3707, 2763, 1330 
3708, 2733, 1331 
3709, 2295, 1332 
3710, 4245, 1332 
3711, 2559, 1333 
3712, 3041, 1333 
3713, 3255, 1333 
3714, 4698, 1333 
3715, 2784, 1334 
3716, 1601, 1335 
3717, 2197, 1335 
3718, 3273, 1335 
3719, 1484, 1337 
3720, 1566, 1337 
3721, 3178, 1337 
3722, 4543, 1337 
3723, 1950, 1338 
3724, 2736, 1338 
3725, 3138, 1338 
3726, 2373, 1339 
3727, 2895, 1339 
3728, 3004, 1339 
3729, 1418, 1340 
3730, 2581, 1340 
3731, 1363, 1341 
3732, 2171, 1341 
3733, 3976, 1341 
3734, 4117, 1342 
3735, 4537, 1342 
3736, 4764, 1342 
3737, 3495, 1343 
3738, 4169, 1343 
3739, 4598, 1343 
3740, 4881, 1343 
3741, 1492, 1344 
3742, 4333, 1345 
3743, 1601, 1346 
3744, 3611, 1346 
3745, 4619, 1346 
3746, 2135, 1347 
3747, 4001, 1347 
3748, 4363, 1347 
3749, 4456, 1347 
3750, 1417, 1348 
3751, 3394, 1348 
3752, 1416, 1349 
3753, 1430, 1349 
3754, 1890, 1349 
3755, 2738, 1350 
3756, 4225, 1350 
3757, 4392, 1350 
3758, 3232, 1351 
3759, 4494, 1351 
3760, 2821, 1352 
3761, 4844, 1352 
3762, 4950, 1352 
3763, 1902, 1353 
3764, 2700, 1353 
3765, 4798, 1353 
3766, 2354, 1354 
3767, 2749, 1354 
3768, 1514, 1357 
3769, 1446, 1358 
3770, 2461, 1358 
3771, 1716, 1359 
3772, 2103, 1359 
3773, 4839, 1359 
3774, 1935, 1360 
3775, 4773, 1360 
3776, 1582, 1361 
3777, 2667, 1361 
3778, 4083, 1361 
3779, 1867, 1362 
3780, 3230, 1362 
3781, 3591, 1362 
3782, 3425, 1363 
3783, 3493, 1363 
3784, 1414, 1364 
3785, 1505, 1364 
3786, 1818, 1364 
3787, 3342, 1365 
3788, 3472, 1365 
3789, 4415, 1365 
3790, 1757, 1366 
3791, 1912, 1366 
3792, 2009, 1367 
3793, 2934, 1367 
3794, 4229, 1367 
3795, 2201, 1368 
3796, 3405, 1368 
3797, 4082, 1368 
3798, 1528, 1369 
3799, 1903, 1369 
3800, 3707, 1369 
3801, 1838, 1370 
3802, 4134, 1370 
3803, 1688, 1372 
3804, 4578, 1372 
3805, 2178, 1373 
3806, 4680, 1373 
3807, 3094, 1374 
3808, 2757, 1375 
3809, 2838, 1375 
3810, 4747, 1375 
3811, 4448, 1376 
3812, 1619, 1377 
3813, 2089, 1378 
3814, 4875, 1378 
3815, 1917, 1379 
3816, 3005, 1379 
3817, 3892, 1379 
3818, 1559, 1380 
3819, 1715, 1380 
3820, 3480, 1380 
3821, 2845, 1381 
3822, 4292, 1381 
3823, 4298, 1381 
3824, 2201, 1382 
3825, 3600, 1382 
3826, 2505, 1383 
3827, 3114, 1384 
3828, 4049, 1385 
3829, 4257, 1385 
3830, 4876, 1385 
3831, 3559, 1386 
3832, 4996, 1386 
3833, 1627, 1387 
3834, 2555, 1387 
3835, 2759, 1388 
3836, 3846, 1388 
3837, 1398, 1389 
3838, 3415, 1389 
3839, 4572, 1389 
3840, 3267, 1391 
3841, 3623, 1391 
3842, 4095, 1392 
3843, 3518, 1394 
3844, 1728, 1395 
3845, 2541, 1395 
3846, 4531, 1395 
3847, 1563, 1396 
3848, 1716, 1396 
3849, 2730, 1396 
3850, 1904, 1397 
3851, 2717, 1397 
3852, 2218, 1398 
3853, 4466, 1398 
3854, 2034, 1399 
3855, 2504, 1400 
3856, 2497, 1402 
3857, 2838, 1402 
3858, 2445, 1403 
3859, 2893, 1403 
3860, 1489, 1404 
3861, 1849, 1404 
3862, 3074, 1404 
3863, 3637, 1404 
3864, 2919, 1405 
3865, 3710, 1406 
3866, 1431, 1407 
3867, 4652, 1407 
3868, 4734, 1407 
3869, 1707, 1408 
3870, 2873, 1408 
3871, 3104, 1408 
3872, 1812, 1410 
3873, 2579, 1410 
3874, 3435, 1412 
3875, 1656, 1413 
3876, 3234, 1413 
3877, 4158, 1413 
3878, 3171, 1414 
3879, 1573, 1415 
3880, 2133, 1415 
3881, 4990, 1415 
3882, 2135, 1416 
3883, 3175, 1416 
3884, 2842, 1417 
3885, 3543, 1417 
3886, 4939, 1417 
3887, 4980, 1418 
3888, 2366, 1419 
3889, 3592, 1419 
3890, 1496, 1420 
3891, 2410, 1420 
3892, 1604, 1421 
3893, 1834, 1421 
3894, 2320, 1421 
3895, 4328, 1421 
3896, 3969, 1422 
3897, 2038, 1423 
3898, 2690, 1423 
3899, 1543, 1424 
3900, 2171, 1424 
3901, 3377, 1424 
3902, 3713, 1424 
3903, 1944, 1425 
3904, 2726, 1425 
3905, 3970, 1425 
3906, 4044, 1425 
3907, 4620, 1426 
3908, 4057, 1427 
3909, 4242, 1427 
3910, 1934, 1428 
3911, 3543, 1428 
3912, 2513, 1429 
3913, 2648, 1429 
3914, 2677, 1430 
3915, 3313, 1430 
3916, 4991, 1430 
3917, 1676, 1433 
3918, 3957, 1433 
3919, 4117, 1433 
3920, 2260, 1434 
3921, 2647, 1434 
3922, 4488, 1434 
3923, 2177, 1435 
3924, 2512, 1435 
3925, 4555, 1435 
3926, 4639, 1435 
3927, 2944, 1436 
3928, 4360, 1436 
3929, 3076, 1437 
3930, 4422, 1437 
3931, 1884, 1438 
3932, 3990, 1438 
3933, 4789, 1438 
3934, 4505, 1439 
3935, 2139, 1440 
3936, 4846, 1440 
3937, 1950, 1441 
3938, 2867, 1441 
3939, 3115, 1441 
3940, 1476, 1442 
3941, 2949, 1442 
3942, 1721, 1444 
3943, 2725, 1444 
3944, 3216, 1444 
3945, 2680, 1445 
3946, 2895, 1445 
3947, 2975, 1445 
3948, 3302, 1446 
3949, 3364, 1446 
3950, 2957, 1447 
3951, 3566, 1447 
3952, 3249, 1448 
3953, 3844, 1448 
3954, 3934, 1448 
3955, 1644, 1449 
3956, 2112, 1449 
3957, 3691, 1449 
3958, 4719, 1449 
3959, 2746, 1450 
3960, 1807, 1451 
3961, 3013, 1452 
3962, 3452, 1452 
3963, 3476, 1452 
3964, 2417, 1453 
3965, 4060, 1453 
3966, 4074, 1453 
3967, 1484, 1454 
3968, 2357, 1454 
3969, 3720, 1454 
3970, 2700, 1455 
3971, 2889, 1456 
3972, 3058, 1456 
3973, 3816, 1457 
3974, 2989, 1458 
3975, 3532, 1458 
3976, 4782, 1458 
3977, 3348, 1460 
3978, 4216, 1460 
3979, 4717, 1460 
3980, 3652, 1461 
3981, 2315, 1462 
3982, 3804, 1462 
3983, 3958, 1462 
3984, 1979, 1463 
3985, 2363, 1464 
3986, 4537, 1465 
3987, 1773, 1467 
3988, 3528, 1467 
3989, 3828, 1467 
3990, 2849, 1468 
3991, 4614, 1468 
3992, 2100, 1469 
3993, 4907, 1469 
3994, 3809, 1470 
3995, 4261, 1470 
3996, 3421, 1471 
3997, 1541, 1473 
3998, 3546, 1473 
3999, 1818, 1474 
4000, 1864, 1474 
4001, 4237, 1474 
4002, 2036, 1475 
4003, 4567, 1475 
4004, 4297, 1476 
4005, 2532, 1477 
4006, 2220, 1478 
4007, 3883, 1478 
4008, 4252, 1478 
4009, 3311, 1479 
4010, 4594, 1479 
4011, 2864, 1480 
4012, 3075, 1481 
4013, 3774, 1481 
4014, 3026, 1482 
4015, 2305, 1483 
4016, 2301, 1484 
4017, 3897, 1484 
4018, 2182, 1485 
4019, 2630, 1485 
4020, 3200, 1485 
4021, 2149, 1486 
4022, 2469, 1486 
4023, 2480, 1487 
4024, 2672, 1487 
4025, 3273, 1487 
4026, 1836, 1488 
4027, 3908, 1488 
4028, 4340, 1489 
4029, 1668, 1490 
4030, 3891, 1491 
4031, 4000, 1491 
4032, 3099, 1493 
4033, 4356, 1493 
4034, 2182, 1495 
4035, 3093, 1495 
4036, 4172, 1495 
4037, 3902, 1496 
4038, 1513, 1497 
4039, 2620, 1497 
4040, 3362, 1497 
4041, 3422, 1498 
4042, 2017, 1499 
4043, 2886, 1499 
4044, 4045, 1499 
4045, 1706, 1500 
4046, 2860, 1500 
4047, 4673, 1500 
4048, 1559, 1501 
4049, 3015, 1502 
4050, 3284, 1503 
4051, 3858, 1503 
4052, 4938, 1503 
4053, 4945, 1503 
4054, 3030, 1504 
4055, 1890, 1505 
4056, 1880, 1506 
4057, 2835, 1506 
4058, 2836, 1506 
4059, 3797, 1506 
4060, 4516, 1507 
4061, 4627, 1507 
4062, 2873, 1508 
4063, 2948, 1508 
4064, 3355, 1508 
4065, 3869, 1508 
4066, 4062, 1509 
4067, 4263, 1509 
4068, 4547, 1509 
4069, 4476, 1510 
4070, 4861, 1510 
4071, 1805, 1511 
4072, 2497, 1511 
4073, 3459, 1511 
4074, 4826, 1511 
4075, 2815, 1512 
4076, 3952, 1512 
4077, 4109, 1513 
4078, 4472, 1513 
4079, 2936, 1514 
4080, 3259, 1514 
4081, 3419, 1514 
4082, 2150, 1515 
4083, 2628, 1515 
4084, 2855, 1515 
4085, 1577, 1516 
4086, 2606, 1517 
4087, 3411, 1517 
4088, 3729, 1517 
4089, 4037, 1518 
4090, 4357, 1518 
4091, 1521, 1519 
4092, 2955, 1519 
4093, 3663, 1519 
4094, 4480, 1519 
4095, 1560, 1520 
4096, 3540, 1520 
4097, 2679, 1521 
4098, 3024, 1522 
4099, 3400, 1522 
4100, 4241, 1522 
4101, 4784, 1522 
4102, 2514, 1523 
4103, 3168, 1523 
4104, 3863, 1523 
4105, 4992, 1523 
4106, 4890, 1524 
4107, 1998, 1525 
4108, 4289, 1525 
4109, 4626, 1525 
4110, 3898, 1526 
4111, 4614, 1526 
4112, 2284, 1527 
4113, 3037, 1527 
4114, 3173, 1527 
4115, 4638, 1527 
4116, 2023, 1528 
4117, 1944, 1529 
4118, 3033, 1529 
4119, 4445, 1529 
4120, 2661, 1530 
4121, 3731, 1530 
4122, 3891, 1530 
4123, 1803, 1531 
4124, 2033, 1531 
4125, 3704, 1531 
4126, 4394, 1531 
4127, 1789, 1532 
4128, 4074, 1532 
4129, 4176, 1532 
4130, 4513, 1532 
4131, 4518, 1533 
4132, 4919, 1533 
4133, 2745, 1534 
4134, 3486, 1534 
4135, 4567, 1534 
4136, 2018, 1536 
4137, 2711, 1536 
4138, 2391, 1537 
4139, 2971, 1537 
4140, 4214, 1537 
4141, 4632, 1537 
4142, 1815, 1538 
4143, 3024, 1538 
4144, 2575, 1539 
4145, 2695, 1539 
4146, 2878, 1539 
4147, 4797, 1539 
4148, 3015, 1540 
4149, 3313, 1540 
4150, 3509, 1540 
4151, 4148, 1540 
4152, 2974, 1541 
4153, 3116, 1541 
4154, 3289, 1541 
4155, 4627, 1542 
4156, 3586, 1543 
4157, 3370, 1544 
4158, 3534, 1544 
4159, 3549, 1544 
4160, 2148, 1545 
4161, 4053, 1545 
4162, 3505, 1546 
4163, 4372, 1546 
4164, 4470, 1546 
4165, 2252, 1547 
4166, 3032, 1547 
4167, 3771, 1547 
4168, 2233, 1548 
4169, 3854, 1548 
4170, 3669, 1549 
4171, 4995, 1549 
4172, 2087, 1551 
4173, 3393, 1551 
4174, 3704, 1551 
4175, 2937, 1552 
4176, 1742, 1553 
4177, 2903, 1553 
4178, 3174, 1553 
4179, 3389, 1553 
4180, 1929, 1554 
4181, 1833, 1555 
4182, 2363, 1555 
4183, 3741, 1555 
4184, 4843, 1556 
4185, 2645, 1557 
4186, 3313, 1557 
4187, 4103, 1557 
4188, 3503, 1558 
4189, 3569, 1558 
4190, 3957, 1558 
4191, 4756, 1559 
4192, 2273, 1562 
4193, 2295, 1565 
4194, 3425, 1565 
4195, 1841, 1566 
4196, 2498, 1566 
4197, 3277, 1566 
4198, 1573, 1567 
4199, 3630, 1567 
4200, 4449, 1567 
4201, 3732, 1568 
4202, 4224, 1568 
4203, 2126, 1569 
4204, 3926, 1569 
4205, 3517, 1570 
4206, 4830, 1570 
4207, 2646, 1571 
4208, 3146, 1572 
4209, 1661, 1573 
4210, 3458, 1573 
4211, 4370, 1574 
4212, 2539, 1575 
4213, 3896, 1575 
4214, 4897, 1575 
4215, 3521, 1576 
4216, 4328, 1576 
4217, 1986, 1577 
4218, 3655, 1577 
4219, 2050, 1578 
4220, 2233, 1578 
4221, 4098, 1578 
4222, 1695, 1579 
4223, 2323, 1579 
4224, 3193, 1579 
4225, 3584, 1580 
4226, 3795, 1580 
4227, 2218, 1581 
4228, 2396, 1581 
4229, 3836, 1581 
4230, 3985, 1581 
4231, 2644, 1582 
4232, 4105, 1583 
4233, 2153, 1584 
4234, 2409, 1585 
4235, 3142, 1585 
4236, 3787, 1585 
4237, 3617, 1586 
4238, 4027, 1586 
4239, 4779, 1586 
4240, 2216, 1587 
4241, 4309, 1587 
4242, 1644, 1588 
4243, 1895, 1588 
4244, 4679, 1588 
4245, 4333, 1589 
4246, 4595, 1589 
4247, 2203, 1590 
4248, 4504, 1590 
4249, 2610, 1591 
4250, 2833, 1591 
4251, 3759, 1591 
4252, 2053, 1592 
4253, 1908, 1593 
4254, 2399, 1593 
4255, 2880, 1593 
4256, 3163, 1593 
4257, 3839, 1594 
4258, 2607, 1595 
4259, 2745, 1595 
4260, 3435, 1595 
4261, 2358, 1596 
4262, 2492, 1596 
4263, 3903, 1596 
4264, 1696, 1597 
4265, 1721, 1597 
4266, 4246, 1597 
4267, 4708, 1597 
4268, 2001, 1598 
4269, 3847, 1598 
4270, 3872, 1598 
4271, 3519, 1599 
4272, 3845, 1600 
4273, 3911, 1600 
4274, 4311, 1600 
4275, 2509, 1601 
4276, 2552, 1602 
4277, 3080, 1602 
4278, 2090, 1603 
4279, 4585, 1603 
4280, 2025, 1604 
4281, 3884, 1604 
4282, 4291, 1605 
4283, 1782, 1606 
4284, 2309, 1606 
4285, 2183, 1608 
4286, 3987, 1608 
4287, 4455, 1608 
4288, 1671, 1609 
4289, 2831, 1609 
4290, 4715, 1609 
4291, 1965, 1610 
4292, 2237, 1610 
4293, 2891, 1610 
4294, 4997, 1610 
4295, 2844, 1611 
4296, 2878, 1611 
4297, 3271, 1611 
4298, 1827, 1612 
4299, 1865, 1612 
4300, 2243, 1613 
4301, 2991, 1613 
4302, 4117, 1613 
4303, 2773, 1614 
4304, 3166, 1614 
4305, 4382, 1614 
4306, 1778, 1615 
4307, 3604, 1615 
4308, 4905, 1615 
4309, 1738, 1616 
4310, 3112, 1616 
4311, 4024, 1616 
4312, 2674, 1617 
4313, 3196, 1619 
4314, 1701, 1620 
4315, 1754, 1620 
4316, 4140, 1620 
4317, 2661, 1621 
4318, 4942, 1621 
4319, 1759, 1622 
4320, 3803, 1623 
4321, 4848, 1624 
4322, 4878, 1624 
4323, 2367, 1625 
4324, 1961, 1626 
4325, 4656, 1628 
4326, 2752, 1630 
4327, 2948, 1630 
4328, 3401, 1631 
4329, 1636, 1632 
4330, 1877, 1632 
4331, 4650, 1633 
4332, 2641, 1634 
4333, 2092, 1635 
4334, 2710, 1635 
4335, 3596, 1635 
4336, 2166, 1636 
4337, 3085, 1636 
4338, 4873, 1636 
4339, 4796, 1637 
4340, 1925, 1638 
4341, 2162, 1638 
4342, 3593, 1638 
4343, 2095, 1639 
4344, 2889, 1639 
4345, 4569, 1639 
4346, 1813, 1640 
4347, 2038, 1640 
4348, 3307, 1640 
4349, 4618, 1640 
4350, 2306, 1641 
4351, 4261, 1643 
4352, 4379, 1643 
4353, 4701, 1643 
4354, 2825, 1645 
4355, 2969, 1645 
4356, 4840, 1645 
4357, 3594, 1647 
4358, 4205, 1647 
4359, 1881, 1648 
4360, 2894, 1648 
4361, 4293, 1648 
4362, 4950, 1648 
4363, 3290, 1649 
4364, 3365, 1650 
4365, 3678, 1651 
4366, 3992, 1651 
4367, 1753, 1652 
4368, 2053, 1652 
4369, 2256, 1652 
4370, 2251, 1653 
4371, 3586, 1653 
4372, 3635, 1653 
4373, 3819, 1655 
4374, 3052, 1656 
4375, 2322, 1657 
4376, 2369, 1657 
4377, 2699, 1657 
4378, 2755, 1657 
4379, 3022, 1658 
4380, 3706, 1658 
4381, 4580, 1658 
4382, 2592, 1659 
4383, 4116, 1659 
4384, 4809, 1659 
4385, 2326, 1660 
4386, 2626, 1660 
4387, 2778, 1660 
4388, 3682, 1660 
4389, 2151, 1661 
4390, 3998, 1661 
4391, 2072, 1662 
4392, 3404, 1662 
4393, 4795, 1662 
4394, 3743, 1663 
4395, 4561, 1663 
4396, 4855, 1663 
4397, 1981, 1664 
4398, 2174, 1664 
4399, 2914, 1664 
4400, 2013, 1665 
4401, 3978, 1665 
4402, 4584, 1665 
4403, 4623, 1665 
4404, 2051, 1666 
4405, 2754, 1666 
4406, 3341, 1666 
4407, 3591, 1666 
4408, 1741, 1667 
4409, 2213, 1667 
4410, 2997, 1667 
4411, 4876, 1667 
4412, 3009, 1668 
4413, 3323, 1668 
4414, 3840, 1668 
4415, 4297, 1669 
4416, 3587, 1670 
4417, 4859, 1670 
4418, 1885, 1671 
4419, 2235, 1671 
4420, 2077, 1672 
4421, 4315, 1672 
4422, 4911, 1673 
4423, 2525, 1674 
4424, 3091, 1674 
4425, 3915, 1674 
4426, 2210, 1675 
4427, 3005, 1675 
4428, 4273, 1675 
4429, 4450, 1675 
4430, 1734, 1676 
4431, 2318, 1676 
4432, 3098, 1676 
4433, 2199, 1677 
4434, 2899, 1677 
4435, 4773, 1677 
4436, 2419, 1678 
4437, 2560, 1678 
4438, 3358, 1678 
4439, 2437, 1679 
4440, 3067, 1679 
4441, 3403, 1679 
4442, 4832, 1679 
4443, 3203, 1680 
4444, 4316, 1681 
4445, 4577, 1681 
4446, 4743, 1681 
4447, 2452, 1682 
4448, 2486, 1682 
4449, 4819, 1682 
4450, 2078, 1683 
4451, 3965, 1683 
4452, 4983, 1683 
4453, 2897, 1684 
4454, 1884, 1685 
4455, 2334, 1686 
4456, 2932, 1687 
4457, 3212, 1687 
4458, 1984, 1688 
4459, 3770, 1688 
4460, 1800, 1689 
4461, 4232, 1689 
4462, 1727, 1690 
4463, 1926, 1690 
4464, 1969, 1690 
4465, 4158, 1690 
4466, 3804, 1691 
4467, 4878, 1691 
4468, 4987, 1691 
4469, 3494, 1692 
4470, 3838, 1692 
4471, 4805, 1692 
4472, 2354, 1693 
4473, 3439, 1693 
4474, 4679, 1693 
4475, 2216, 1694 
4476, 3109, 1694 
4477, 3035, 1696 
4478, 4062, 1696 
4479, 4524, 1696 
4480, 2915, 1698 
4481, 4157, 1698 
4482, 1971, 1699 
4483, 2269, 1700 
4484, 3683, 1700 
4485, 2409, 1701 
4486, 3419, 1701 
4487, 4530, 1701 
4488, 2382, 1702 
4489, 3839, 1703 
4490, 4128, 1703 
4491, 4352, 1703 
4492, 2447, 1704 
4493, 2573, 1705 
4494, 4671, 1705 
4495, 4838, 1705 
4496, 2234, 1707 
4497, 2567, 1707 
4498, 3198, 1707 
4499, 1854, 1708 
4500, 2138, 1708 
4501, 2231, 1708 
4502, 3441, 1709 
4503, 2112, 1710 
4504, 2561, 1710 
4505, 2899, 1710 
4506, 3876, 1711 
4507, 4281, 1711 
4508, 2200, 1712 
4509, 2993, 1712 
4510, 3400, 1712 
4511, 2472, 1713 
4512, 3172, 1713 
4513, 3618, 1713 
4514, 2386, 1714 
4515, 3114, 1715 
4516, 4081, 1715 
4517, 4386, 1716 
4518, 2318, 1717 
4519, 3718, 1717 
4520, 4215, 1718 
4521, 2401, 1719 
4522, 2803, 1720 
4523, 3677, 1720 
4524, 3922, 1720 
4525, 2105, 1721 
4526, 3812, 1722 
4527, 4023, 1722 
4528, 2000, 1723 
4529, 3554, 1723 
4530, 3906, 1723 
4531, 4506, 1723 
4532, 2824, 1725 
4533, 3509, 1725 
4534, 4450, 1725 
4535, 4670, 1726 
4536, 4990, 1726 
4537, 4438, 1727 
4538, 4033, 1728 
4539, 4641, 1728 
4540, 2089, 1729 
4541, 4250, 1729 
4542, 1767, 1730 
4543, 2419, 1730 
4544, 3834, 1730 
4545, 4260, 1730 
4546, 4018, 1731 
4547, 3512, 1732 
4548, 3785, 1732 
4549, 4507, 1732 
4550, 2827, 1734 
4551, 3717, 1734 
4552, 4519, 1734 
4553, 3482, 1735 
4554, 3615, 1735 
4555, 3967, 1735 
4556, 3652, 1736 
4557, 4975, 1736 
4558, 2998, 1737 
4559, 3278, 1737 
4560, 2271, 1738 
4561, 2081, 1739 
4562, 2508, 1739 
4563, 3865, 1740 
4564, 3974, 1740 
4565, 4736, 1740 
4566, 2038, 1741 
4567, 4446, 1741 
4568, 3523, 1742 
4569, 4119, 1742 
4570, 1915, 1744 
4571, 3938, 1744 
4572, 4177, 1744 
4573, 4327, 1744 
4574, 2436, 1745 
4575, 3181, 1745 
4576, 4768, 1745 
4577, 3142, 1746 
4578, 4566, 1746 
4579, 4586, 1746 
4580, 2988, 1747 
4581, 3074, 1747 
4582, 4424, 1747 
4583, 1995, 1749 
4584, 2277, 1750 
4585, 4640, 1750 
4586, 3771, 1752 
4587, 4241, 1752 
4588, 2209, 1753 
4589, 4889, 1753 
4590, 2405, 1754 
4591, 2051, 1755 
4592, 2502, 1755 
4593, 4864, 1755 
4594, 3751, 1756 
4595, 1799, 1757 
4596, 4123, 1758 
4597, 4391, 1758 
4598, 2277, 1760 
4599, 3305, 1760 
4600, 4458, 1760 
4601, 1762, 1761 
4602, 4237, 1761 
4603, 2597, 1762 
4604, 3679, 1762 
4605, 2403, 1763 
4606, 3752, 1763 
4607, 3807, 1763 
4608, 3948, 1763 
4609, 3635, 1764 
4610, 3949, 1764 
4611, 4385, 1764 
4612, 4929, 1764 
4613, 3046, 1765 
4614, 3134, 1765 
4615, 2918, 1767 
4616, 4005, 1767 
4617, 3587, 1768 
4618, 3694, 1768 
4619, 4493, 1769 
4620, 3905, 1770 
4621, 3921, 1770 
4622, 4089, 1770 
4623, 2342, 1771 
4624, 2880, 1771 
4625, 4019, 1771 
4626, 4912, 1771 
4627, 1814, 1772 
4628, 2506, 1772 
4629, 3367, 1772 
4630, 1808, 1773 
4631, 2705, 1773 
4632, 3740, 1774 
4633, 3892, 1776 
4634, 1789, 1778 
4635, 3811, 1778 
4636, 4397, 1778 
4637, 3062, 1779 
4638, 3335, 1779 
4639, 4031, 1780 
4640, 3912, 1781 
4641, 4891, 1781 
4642, 2035, 1782 
4643, 2268, 1782 
4644, 2387, 1782 
4645, 3779, 1783 
4646, 2428, 1784 
4647, 3204, 1784 
4648, 4877, 1784 
4649, 3174, 1785 
4650, 3496, 1785 
4651, 3243, 1786 
4652, 4393, 1787 
4653, 2883, 1788 
4654, 4459, 1788 
4655, 1796, 1789 
4656, 2517, 1789 
4657, 3124, 1790 
4658, 4838, 1790 
4659, 1916, 1791 
4660, 3859, 1791 
4661, 3361, 1792 
4662, 4422, 1792 
4663, 4482, 1793 
4664, 4642, 1793 
4665, 3760, 1794 
4666, 4350, 1795 
4667, 4691, 1795 
4668, 4045, 1796 
4669, 2999, 1797 
4670, 3117, 1797 
4671, 4139, 1797 
4672, 2880, 1798 
4673, 3285, 1798 
4674, 3299, 1798 
4675, 4385, 1798 
4676, 2198, 1799 
4677, 3658, 1800 
4678, 4107, 1800 
4679, 4416, 1800 
4680, 2612, 1801 
4681, 3618, 1801 
4682, 3697, 1801 
4683, 3445, 1802 
4684, 3460, 1802 
4685, 2301, 1803 
4686, 2543, 1803 
4687, 3510, 1803 
4688, 2416, 1804 
4689, 4855, 1804 
4690, 2524, 1805 
4691, 4090, 1805 
4692, 2748, 1806 
4693, 2767, 1806 
4694, 3938, 1806 
4695, 2953, 1807 
4696, 3949, 1807 
4697, 3279, 1808 
4698, 2036, 1809 
4699, 4456, 1809 
4700, 2477, 1810 
4701, 3216, 1810 
4702, 4596, 1810 
4703, 2654, 1811 
4704, 3681, 1811 
4705, 4667, 1811 
4706, 3399, 1812 
4707, 4495, 1812 
4708, 2482, 1813 
4709, 2690, 1813 
4710, 2026, 1814 
4711, 4968, 1814 
4712, 4508, 1816 
4713, 1953, 1817 
4714, 3703, 1817 
4715, 2491, 1818 
4716, 3402, 1818 
4717, 2728, 1820 
4718, 2273, 1821 
4719, 2583, 1821 
4720, 2425, 1822 
4721, 3071, 1822 
4722, 2812, 1823 
4723, 2344, 1824 
4724, 3030, 1824 
4725, 3132, 1824 
4726, 4005, 1825 
4727, 4203, 1825 
4728, 2421, 1826 
4729, 3176, 1826 
4730, 2544, 1827 
4731, 3200, 1827 
4732, 3750, 1827 
4733, 3757, 1828 
4734, 4322, 1828 
4735, 4433, 1829 
4736, 4635, 1829 
4737, 3128, 1830 
4738, 3729, 1830 
4739, 4603, 1830 
4740, 3766, 1831 
4741, 4800, 1831 
4742, 1986, 1832 
4743, 4338, 1832 
4744, 4471, 1832 
4745, 4525, 1832 
4746, 1878, 1834 
4747, 2390, 1834 
4748, 2788, 1834 
4749, 2394, 1836 
4750, 2798, 1836 
4751, 4226, 1836 
4752, 2108, 1837 
4753, 3008, 1837 
4754, 3024, 1837 
4755, 4538, 1837 
4756, 2957, 1838 
4757, 3468, 1838 
4758, 4092, 1838 
4759, 2037, 1839 
4760, 2052, 1839 
4761, 3190, 1839 
4762, 4212, 1839 
4763, 2244, 1840 
4764, 4412, 1840 
4765, 2744, 1841 
4766, 2760, 1841 
4767, 2702, 1842 
4768, 3315, 1842 
4769, 3249, 1843 
4770, 1930, 1844 
4771, 3930, 1844 
4772, 2651, 1845 
4773, 2843, 1845 
4774, 3372, 1845 
4775, 2893, 1846 
4776, 2854, 1847 
4777, 3589, 1847 
4778, 4381, 1847 
4779, 2610, 1849 
4780, 4647, 1849 
4781, 2195, 1850 
4782, 3663, 1850 
4783, 3638, 1851 
4784, 3749, 1852 
4785, 2742, 1853 
4786, 2203, 1854 
4787, 4445, 1854 
4788, 1963, 1855 
4789, 2973, 1855 
4790, 4827, 1856 
4791, 2121, 1857 
4792, 2039, 1858 
4793, 2753, 1858 
4794, 4596, 1858 
4795, 3684, 1859 
4796, 4388, 1859 
4797, 4710, 1859 
4798, 3635, 1860 
4799, 2664, 1861 
4800, 2118, 1862 
4801, 2259, 1862 
4802, 3489, 1862 
4803, 2621, 1863 
4804, 2391, 1864 
4805, 4854, 1864 
4806, 4949, 1864 
4807, 2581, 1865 
4808, 2332, 1866 
4809, 3430, 1866 
4810, 3679, 1866 
4811, 4485, 1866 
4812, 3395, 1867 
4813, 3809, 1867 
4814, 3841, 1867 
4815, 2309, 1868 
4816, 3127, 1868 
4817, 3324, 1868 
4818, 4804, 1868 
4819, 2519, 1869 
4820, 3850, 1869 
4821, 2241, 1870 
4822, 3726, 1870 
4823, 4142, 1870 
4824, 2890, 1871 
4825, 3601, 1872 
4826, 2124, 1873 
4827, 2676, 1873 
4828, 2894, 1873 
4829, 3102, 1873 
4830, 2611, 1874 
4831, 3303, 1874 
4832, 2716, 1876 
4833, 3114, 1876 
4834, 2485, 1877 
4835, 2109, 1878 
4836, 2483, 1879 
4837, 3136, 1879 
4838, 3423, 1879 
4839, 3256, 1881 
4840, 4486, 1881 
4841, 2761, 1882 
4842, 3857, 1882 
4843, 4380, 1882 
4844, 3558, 1883 
4845, 2535, 1885 
4846, 4246, 1885 
4847, 3109, 1886 
4848, 4131, 1887 
4849, 4815, 1887 
4850, 3451, 1888 
4851, 4114, 1888 
4852, 4858, 1888 
4853, 4965, 1888 
4854, 2142, 1889 
4855, 2206, 1889 
4856, 3619, 1889 
4857, 3539, 1890 
4858, 4865, 1890 
4859, 2313, 1891 
4860, 2747, 1891 
4861, 3994, 1891 
4862, 4234, 1891 
4863, 2062, 1892 
4864, 4971, 1892 
4865, 4077, 1893 
4866, 4546, 1893 
4867, 4894, 1893 
4868, 1955, 1894 
4869, 2676, 1895 
4870, 4635, 1895 
4871, 4963, 1895 
4872, 2113, 1896 
4873, 3207, 1896 
4874, 3842, 1897 
4875, 2492, 1898 
4876, 4577, 1898 
4877, 3175, 1899 
4878, 3402, 1899 
4879, 2303, 1900 
4880, 3895, 1900 
4881, 4684, 1900 
4882, 2720, 1901 
4883, 2907, 1901 
4884, 3980, 1901 
4885, 1981, 1903 
4886, 3017, 1904 
4887, 3921, 1905 
4888, 3646, 1906 
4889, 4254, 1906 
4890, 4387, 1906 
4891, 2577, 1907 
4892, 4952, 1907 
4893, 2921, 1908 
4894, 3987, 1908 
4895, 4648, 1908 
4896, 2484, 1909 
4897, 3059, 1909 
4898, 3107, 1909 
4899, 2238, 1910 
4900, 3411, 1910 
4901, 4681, 1910 
4902, 3167, 1911 
4903, 3869, 1911 
4904, 2851, 1912 
4905, 4194, 1912 
4906, 2939, 1914 
4907, 3567, 1914 
4908, 2239, 1915 
4909, 3167, 1915 
4910, 3482, 1915 
4911, 2499, 1916 
4912, 3306, 1916 
4913, 4161, 1916 
4914, 3382, 1917 
4915, 3816, 1919 
4916, 2348, 1920 
4917, 3833, 1920 
4918, 3719, 1921 
4919, 3768, 1921 
4920, 2258, 1922 
4921, 2422, 1923 
4922, 4400, 1923 
4923, 4765, 1923 
4924, 2442, 1924 
4925, 4015, 1924 
4926, 4460, 1924 
4927, 3201, 1925 
4928, 4795, 1925 
4929, 4828, 1926 
4930, 3472, 1927 
4931, 2523, 1928 
4932, 2995, 1928 
4933, 4564, 1928 
4934, 2171, 1929 
4935, 3417, 1930 
4936, 4557, 1930 
4937, 4392, 1931 
4938, 2989, 1932 
4939, 2067, 1933 
4940, 3347, 1934 
4941, 2857, 1936 
4942, 4280, 1936 
4943, 2438, 1937 
4944, 4293, 1937 
4945, 4635, 1937 
4946, 2292, 1939 
4947, 2692, 1940 
4948, 2801, 1940 
4949, 3326, 1941 
4950, 4872, 1941 
4951, 2385, 1942 
4952, 2976, 1942 
4953, 3259, 1942 
4954, 2521, 1943 
4955, 2848, 1943 
4956, 4076, 1943 
4957, 4080, 1944 
4958, 2229, 1945 
4959, 2934, 1946 
4960, 3119, 1946 
4961, 4103, 1946 
4962, 3628, 1948 
4963, 2559, 1949 
4964, 4385, 1949 
4965, 3631, 1950 
4966, 2832, 1951 
4967, 2852, 1951 
4968, 3143, 1951 
4969, 4789, 1951 
4970, 4469, 1952 
4971, 3703, 1953 
4972, 4618, 1953 
4973, 4971, 1953 
4974, 3153, 1954 
4975, 4175, 1954 
4976, 4861, 1954 
4977, 3192, 1955 
4978, 3434, 1955 
4979, 4301, 1955 
4980, 2979, 1956 
4981, 3041, 1956 
4982, 3932, 1956 
4983, 4306, 1956 
4984, 2119, 1957 
4985, 3777, 1958 
4986, 2215, 1959 
4987, 2359, 1959 
4988, 2865, 1959 
4989, 3656, 1960 
4990, 3749, 1960 
4991, 4303, 1960 
4992, 2014, 1961 
4993, 4727, 1961 
4994, 4865, 1962 
4995, 4909, 1962 
4996, 2316, 1963 
4997, 3986, 1963 
4998, 4745, 1963 
4999, 2244, 1964 
5000, 3999, 1964 
5001, 3319, 1965 
5002, 4459, 1965 
5003, 4668, 1965 
5004, 3689, 1966 
5005, 4453, 1966 
5006, 3215, 1967 
5007, 3309, 1967 
5008, 4766, 1967 
5009, 3018, 1968 
5010, 4490, 1968 
5011, 4558, 1968 
5012, 4574, 1968 
5013, 2189, 1969 
5014, 4255, 1969 
5015, 3756, 1970 
5016, 4017, 1970 
5017, 2235, 1971 
5018, 2543, 1971 
5019, 4181, 1971 
5020, 3430, 1972 
5021, 4098, 1972 
5022, 4764, 1972 
5023, 2838, 1973 
5024, 2931, 1973 
5025, 3505, 1973 
5026, 4531, 1973 
5027, 3061, 1974 
5028, 4072, 1974 
5029, 2594, 1975 
5030, 3649, 1976 
5031, 2588, 1977 
5032, 2964, 1977 
5033, 4587, 1977 
5034, 4774, 1977 
5035, 2798, 1978 
5036, 4226, 1979 
5037, 4715, 1979 
5038, 2576, 1980 
5039, 3695, 1980 
5040, 4373, 1981 
5041, 2179, 1982 
5042, 2551, 1982 
5043, 4503, 1982 
5044, 2919, 1983 
5045, 4456, 1983 
5046, 3615, 1984 
5047, 4802, 1984 
5048, 3084, 1985 
5049, 3216, 1985 
5050, 4485, 1985 
5051, 3984, 1986 
5052, 2343, 1987 
5053, 2572, 1987 
5054, 2687, 1988 
5055, 2852, 1989 
5056, 3282, 1989 
5057, 3825, 1989 
5058, 3120, 1990 
5059, 4563, 1990 
5060, 3086, 1991 
5061, 4009, 1991 
5062, 3292, 1992 
5063, 2480, 1993 
5064, 3162, 1993 
5065, 3974, 1993 
5066, 3761, 1994 
5067, 4237, 1994 
5068, 2685, 1996 
5069, 3272, 1997 
5070, 2792, 1998 
5071, 4337, 2001 
5072, 4381, 2002 
5073, 2446, 2003 
5074, 4690, 2004 
5075, 4959, 2004 
5076, 2021, 2005 
5077, 3090, 2006 
5078, 2622, 2007 
5079, 2656, 2007 
5080, 3027, 2007 
5081, 3968, 2007 
5082, 2199, 2008 
5083, 2492, 2008 
5084, 3102, 2008 
5085, 4268, 2009 
5086, 4581, 2009 
5087, 2011, 2010 
5088, 4175, 2010 
5089, 4539, 2011 
5090, 2420, 2012 
5091, 3937, 2012 
5092, 3893, 2013 
5093, 2494, 2014 
5094, 4151, 2014 
5095, 2646, 2015 
5096, 3126, 2015 
5097, 4066, 2015 
5098, 2143, 2016 
5099, 2529, 2016 
5100, 2839, 2016 
5101, 4463, 2016 
5102, 2489, 2017 
5103, 4938, 2017 
5104, 4905, 2018 
5105, 2590, 2019 
5106, 4633, 2019 
5107, 4731, 2019 
5108, 2314, 2020 
5109, 2824, 2020 
5110, 3436, 2020 
5111, 2495, 2021 
5112, 4144, 2021 
5113, 3896, 2022 
5114, 2654, 2023 
5115, 2088, 2025 
5116, 4248, 2025 
5117, 3774, 2026 
5118, 3909, 2026 
5119, 3940, 2026 
5120, 2349, 2027 
5121, 3072, 2027 
5122, 4383, 2027 
5123, 4297, 2028 
5124, 2579, 2029 
5125, 5000, 2030 
5126, 3270, 2031 
5127, 3667, 2031 
5128, 2283, 2032 
5129, 2323, 2032 
5130, 2557, 2032 
5131, 3022, 2032 
5132, 3457, 2034 
5133, 4554, 2034 
5134, 2280, 2035 
5135, 2432, 2035 
5136, 4187, 2035 
5137, 3402, 2036 
5138, 3517, 2037 
5139, 4384, 2037 
5140, 3683, 2038 
5141, 4006, 2039 
5142, 4974, 2039 
5143, 2100, 2040 
5144, 4893, 2040 
5145, 2049, 2041 
5146, 2087, 2041 
5147, 2621, 2042 
5148, 2473, 2043 
5149, 3737, 2043 
5150, 4238, 2043 
5151, 3311, 2044 
5152, 4594, 2044 
5153, 4849, 2044 
5154, 3122, 2045 
5155, 4317, 2045 
5156, 3141, 2046 
5157, 3307, 2046 
5158, 2055, 2047 
5159, 3499, 2047 
5160, 3633, 2047 
5161, 2782, 2049 
5162, 3240, 2050 
5163, 3963, 2050 
5164, 2439, 2052 
5165, 2242, 2053 
5166, 2384, 2054 
5167, 2591, 2054 
5168, 3083, 2054 
5169, 2909, 2055 
5170, 3150, 2055 
5171, 4325, 2055 
5172, 2650, 2056 
5173, 4434, 2056 
5174, 2088, 2057 
5175, 2353, 2057 
5176, 4372, 2058 
5177, 4695, 2058 
5178, 2507, 2059 
5179, 2784, 2059 
5180, 3347, 2059 
5181, 4377, 2059 
5182, 3063, 2060 
5183, 2211, 2061 
5184, 3330, 2061 
5185, 4740, 2061 
5186, 3048, 2062 
5187, 4199, 2062 
5188, 4366, 2062 
5189, 2327, 2063 
5190, 3854, 2063 
5191, 2660, 2064 
5192, 2347, 2065 
5193, 2884, 2065 
5194, 2302, 2066 
5195, 3140, 2066 
5196, 4306, 2066 
5197, 4507, 2066 
5198, 2556, 2067 
5199, 3567, 2068 
5200, 4291, 2069 
5201, 3714, 2070 
5202, 3726, 2070 
5203, 2558, 2071 
5204, 3254, 2071 
5205, 2415, 2073 
5206, 2513, 2073 
5207, 2932, 2073 
5208, 4011, 2073 
5209, 2311, 2074 
5210, 2499, 2074 
5211, 3989, 2074 
5212, 3955, 2075 
5213, 4100, 2075 
5214, 4775, 2075 
5215, 3189, 2076 
5216, 3239, 2076 
5217, 4014, 2076 
5218, 2913, 2077 
5219, 3633, 2077 
5220, 2169, 2078 
5221, 3925, 2078 
5222, 4597, 2078 
5223, 3619, 2079 
5224, 3831, 2079 
5225, 4446, 2079 
5226, 3191, 2080 
5227, 4115, 2081 
5228, 4200, 2081 
5229, 4250, 2082 
5230, 4743, 2082 
5231, 3381, 2083 
5232, 3854, 2083 
5233, 2993, 2084 
5234, 3145, 2084 
5235, 3700, 2085 
5236, 4120, 2086 
5237, 4602, 2086 
5238, 4031, 2087 
5239, 4666, 2087 
5240, 2785, 2088 
5241, 3595, 2088 
5242, 3959, 2089 
5243, 2963, 2090 
5244, 4779, 2090 
5245, 2200, 2091 
5246, 4866, 2091 
5247, 3902, 2093 
5248, 2498, 2094 
5249, 2967, 2094 
5250, 3642, 2094 
5251, 4132, 2094 
5252, 2807, 2095 
5253, 3055, 2095 
5254, 4102, 2096 
5255, 4830, 2096 
5256, 3309, 2097 
5257, 4223, 2097 
5258, 3251, 2099 
5259, 4559, 2100 
5260, 2503, 2101 
5261, 4035, 2101 
5262, 2988, 2102 
5263, 3115, 2102 
5264, 4387, 2102 
5265, 2584, 2104 
5266, 4560, 2104 
5267, 2373, 2105 
5268, 2760, 2105 
5269, 2812, 2105 
5270, 3304, 2106 
5271, 2213, 2107 
5272, 2790, 2107 
5273, 3713, 2107 
5274, 4036, 2107 
5275, 3205, 2108 
5276, 4413, 2109 
5277, 2640, 2111 
5278, 2750, 2112 
5279, 2362, 2113 
5280, 4391, 2113 
5281, 2672, 2114 
5282, 3830, 2114 
5283, 4519, 2114 
5284, 2324, 2116 
5285, 3266, 2116 
5286, 4260, 2116 
5287, 2565, 2118 
5288, 3679, 2118 
5289, 3440, 2119 
5290, 4081, 2119 
5291, 4180, 2119 
5292, 2549, 2120 
5293, 3774, 2120 
5294, 3440, 2121 
5295, 4980, 2121 
5296, 2178, 2123 
5297, 4537, 2123 
5298, 4731, 2123 
5299, 2438, 2124 
5300, 4635, 2124 
5301, 3799, 2125 
5302, 4560, 2125 
5303, 4699, 2125 
5304, 4358, 2126 
5305, 2687, 2127 
5306, 2900, 2127 
5307, 3751, 2127 
5308, 4364, 2127 
5309, 2714, 2128 
5310, 4231, 2128 
5311, 2705, 2130 
5312, 2353, 2131 
5313, 2419, 2131 
5314, 2978, 2131 
5315, 3626, 2132 
5316, 3932, 2132 
5317, 4132, 2132 
5318, 4699, 2132 
5319, 3401, 2133 
5320, 2582, 2134 
5321, 3420, 2134 
5322, 3517, 2134 
5323, 4330, 2134 
5324, 3381, 2136 
5325, 3859, 2136 
5326, 4331, 2136 
5327, 4564, 2136 
5328, 3101, 2137 
5329, 4191, 2138 
5330, 4319, 2138 
5331, 3065, 2139 
5332, 2974, 2140 
5333, 3197, 2140 
5334, 3775, 2140 
5335, 2918, 2141 
5336, 3923, 2141 
5337, 4338, 2141 
5338, 2846, 2143 
5339, 3480, 2143 
5340, 2245, 2144 
5341, 2531, 2144 
5342, 2297, 2145 
5343, 3937, 2145 
5344, 4268, 2145 
5345, 2296, 2146 
5346, 4794, 2146 
5347, 2517, 2147 
5348, 4513, 2147 
5349, 4790, 2147 
5350, 2809, 2149 
5351, 2601, 2150 
5352, 3303, 2150 
5353, 4624, 2150 
5354, 3739, 2151 
5355, 4165, 2151 
5356, 4752, 2151 
5357, 3181, 2152 
5358, 2634, 2153 
5359, 3173, 2153 
5360, 3531, 2153 
5361, 3252, 2154 
5362, 3605, 2154 
5363, 3018, 2155 
5364, 4490, 2155 
5365, 4799, 2155 
5366, 3001, 2156 
5367, 3571, 2156 
5368, 3598, 2156 
5369, 3597, 2157 
5370, 4163, 2157 
5371, 4325, 2157 
5372, 2546, 2159 
5373, 4018, 2159 
5374, 3111, 2160 
5375, 4029, 2160 
5376, 2898, 2161 
5377, 3879, 2161 
5378, 4642, 2161 
5379, 3469, 2162 
5380, 2382, 2163 
5381, 3034, 2163 
5382, 4669, 2163 
5383, 2182, 2164 
5384, 2395, 2164 
5385, 4693, 2166 
5386, 4753, 2166 
5387, 2778, 2167 
5388, 4368, 2167 
5389, 2223, 2168 
5390, 2396, 2169 
5391, 3504, 2169 
5392, 4691, 2170 
5393, 4756, 2170 
5394, 2174, 2171 
5395, 4380, 2172 
5396, 4961, 2174 
5397, 2307, 2175 
5398, 3302, 2176 
5399, 2293, 2177 
5400, 2547, 2177 
5401, 3965, 2177 
5402, 3351, 2178 
5403, 2249, 2179 
5404, 3275, 2179 
5405, 3119, 2180 
5406, 4530, 2180 
5407, 4835, 2180 
5408, 4293, 2182 
5409, 3940, 2183 
5410, 3537, 2184 
5411, 4551, 2184 
5412, 2356, 2185 
5413, 3831, 2185 
5414, 3508, 2186 
5415, 3279, 2187 
5416, 3314, 2187 
5417, 4629, 2187 
5418, 2434, 2188 
5419, 3158, 2188 
5420, 3474, 2188 
5421, 4951, 2189 
5422, 2780, 2190 
5423, 4014, 2190 
5424, 2520, 2191 
5425, 3610, 2191 
5426, 4123, 2191 
5427, 2336, 2192 
5428, 2528, 2192 
5429, 3295, 2192 
5430, 3437, 2192 
5431, 3511, 2193 
5432, 3016, 2197 
5433, 3667, 2198 
5434, 4120, 2198 
5435, 2298, 2199 
5436, 4796, 2200 
5437, 3099, 2202 
5438, 3363, 2202 
5439, 3702, 2202 
5440, 3733, 2203 
5441, 4096, 2203 
5442, 2495, 2204 
5443, 2554, 2204 
5444, 3885, 2204 
5445, 3303, 2205 
5446, 3559, 2205 
5447, 4847, 2207 
5448, 2389, 2208 
5449, 4534, 2209 
5450, 4647, 2210 
5451, 4962, 2210 
5452, 2886, 2211 
5453, 4040, 2212 
5454, 4498, 2212 
5455, 2682, 2214 
5456, 2684, 2214 
5457, 4465, 2214 
5458, 2721, 2215 
5459, 4948, 2215 
5460, 3940, 2216 
5461, 3767, 2217 
5462, 4051, 2218 
5463, 4122, 2219 
5464, 3227, 2220 
5465, 4082, 2220 
5466, 5000, 2220 
5467, 3934, 2221 
5468, 2696, 2222 
5469, 4747, 2222 
5470, 4763, 2222 
5471, 4966, 2222 
5472, 4125, 2223 
5473, 4591, 2223 
5474, 3066, 2224 
5475, 3322, 2224 
5476, 3449, 2224 
5477, 2369, 2226 
5478, 2593, 2227 
5479, 2637, 2227 
5480, 3539, 2227 
5481, 3765, 2228 
5482, 3985, 2228 
5483, 2253, 2229 
5484, 2981, 2229 
5485, 2319, 2230 
5486, 3975, 2230 
5487, 2471, 2231 
5488, 3670, 2231 
5489, 2445, 2233 
5490, 4070, 2234 
5491, 3040, 2236 
5492, 4173, 2236 
5493, 4844, 2237 
5494, 4969, 2237 
5495, 3242, 2238 
5496, 4681, 2238 
5497, 3484, 2239 
5498, 4479, 2239 
5499, 4696, 2239 
5500, 4594, 2240 
5501, 2257, 2241 
5502, 2793, 2242 
5503, 3523, 2242 
5504, 3156, 2243 
5505, 3171, 2243 
5506, 3957, 2243 
5507, 3180, 2244 
5508, 3007, 2245 
5509, 3120, 2245 
5510, 4171, 2245 
5511, 3239, 2247 
5512, 4223, 2247 
5513, 4294, 2247 
5514, 2461, 2248 
5515, 4218, 2248 
5516, 4991, 2248 
5517, 3865, 2249 
5518, 2392, 2250 
5519, 2483, 2250 
5520, 4529, 2250 
5521, 4849, 2250 
5522, 3970, 2251 
5523, 2426, 2252 
5524, 2542, 2252 
5525, 4558, 2252 
5526, 3329, 2253 
5527, 4664, 2253 
5528, 4037, 2254 
5529, 4804, 2254 
5530, 3000, 2255 
5531, 3916, 2255 
5532, 4491, 2255 
5533, 4029, 2256 
5534, 4164, 2256 
5535, 3538, 2257 
5536, 4523, 2257 
5537, 3649, 2259 
5538, 3933, 2259 
5539, 3151, 2260 
5540, 4046, 2260 
5541, 4626, 2260 
5542, 4320, 2261 
5543, 4344, 2261 
5544, 2891, 2262 
5545, 2908, 2262 
5546, 4015, 2262 
5547, 3176, 2263 
5548, 2723, 2265 
5549, 3551, 2265 
5550, 3917, 2265 
5551, 4162, 2266 
5552, 2506, 2267 
5553, 3285, 2267 
5554, 3891, 2267 
5555, 2432, 2268 
5556, 3093, 2268 
5557, 2574, 2269 
5558, 2668, 2270 
5559, 4565, 2270 
5560, 3241, 2271 
5561, 4669, 2271 
5562, 3651, 2272 
5563, 2839, 2273 
5564, 4327, 2273 
5565, 2446, 2274 
5566, 2790, 2275 
5567, 2892, 2275 
5568, 3904, 2275 
5569, 4201, 2276 
5570, 2709, 2278 
5571, 2355, 2279 
5572, 2667, 2279 
5573, 3938, 2279 
5574, 4427, 2279 
5575, 3902, 2280 
5576, 4131, 2281 
5577, 2943, 2282 
5578, 4139, 2283 
5579, 4351, 2283 
5580, 4377, 2283 
5581, 2786, 2284 
5582, 4456, 2285 
5583, 2411, 2286 
5584, 4371, 2286 
5585, 4724, 2286 
5586, 3715, 2287 
5587, 4889, 2287 
5588, 3312, 2288 
5589, 4429, 2288 
5590, 4923, 2288 
5591, 4625, 2289 
5592, 3671, 2290 
5593, 4662, 2290 
5594, 3429, 2291 
5595, 4155, 2291 
5596, 4318, 2291 
5597, 4013, 2293 
5598, 4028, 2293 
5599, 4165, 2294 
5600, 4614, 2294 
5601, 4797, 2295 
5602, 3874, 2296 
5603, 2939, 2297 
5604, 4514, 2297 
5605, 4631, 2297 
5606, 3239, 2298 
5607, 3548, 2298 
5608, 4417, 2298 
5609, 4051, 2299 
5610, 4090, 2301 
5611, 2633, 2302 
5612, 3828, 2302 
5613, 2557, 2303 
5614, 2416, 2305 
5615, 3486, 2305 
5616, 3746, 2305 
5617, 4600, 2307 
5618, 4918, 2308 
5619, 3093, 2309 
5620, 3598, 2309 
5621, 2533, 2310 
5622, 3398, 2311 
5623, 4379, 2311 
5624, 2742, 2312 
5625, 2477, 2313 
5626, 3189, 2313 
5627, 3447, 2313 
5628, 2828, 2314 
5629, 3630, 2314 
5630, 4910, 2315 
5631, 2658, 2318 
5632, 2741, 2319 
5633, 4203, 2320 
5634, 4757, 2321 
5635, 3470, 2323 
5636, 3147, 2324 
5637, 3477, 2324 
5638, 4248, 2324 
5639, 2530, 2325 
5640, 4986, 2325 
5641, 2358, 2326 
5642, 3424, 2326 
5643, 3811, 2326 
5644, 3490, 2327 
5645, 3552, 2329 
5646, 4608, 2330 
5647, 3061, 2331 
5648, 2734, 2332 
5649, 3434, 2336 
5650, 3573, 2336 
5651, 2458, 2337 
5652, 3438, 2337 
5653, 4852, 2337 
5654, 4877, 2337 
5655, 2837, 2338 
5656, 4078, 2338 
5657, 3914, 2339 
5658, 2870, 2340 
5659, 3823, 2340 
5660, 3646, 2341 
5661, 3245, 2342 
5662, 3784, 2342 
5663, 3815, 2342 
5664, 2777, 2343 
5665, 3250, 2343 
5666, 3821, 2343 
5667, 2823, 2344 
5668, 4877, 2344 
5669, 3492, 2345 
5670, 4429, 2345 
5671, 2368, 2346 
5672, 2629, 2347 
5673, 2893, 2347 
5674, 2951, 2348 
5675, 4528, 2349 
5676, 4012, 2350 
5677, 4230, 2350 
5678, 3078, 2351 
5679, 4131, 2351 
5680, 3867, 2352 
5681, 4603, 2352 
5682, 4814, 2354 
5683, 2451, 2355 
5684, 2583, 2355 
5685, 3599, 2355 
5686, 2997, 2356 
5687, 3389, 2356 
5688, 4976, 2356 
5689, 4375, 2357 
5690, 4615, 2357 
5691, 4779, 2357 
5692, 3377, 2358 
5693, 4599, 2358 
5694, 2700, 2359 
5695, 2773, 2359 
5696, 4483, 2360 
5697, 2366, 2361 
5698, 3494, 2361 
5699, 3463, 2362 
5700, 4335, 2362 
5701, 3846, 2363 
5702, 3535, 2364 
5703, 4943, 2364 
5704, 3431, 2365 
5705, 2416, 2367 
5706, 3145, 2368 
5707, 4559, 2368 
5708, 2971, 2369 
5709, 4882, 2369 
5710, 4240, 2370 
5711, 4709, 2370 
5712, 4800, 2370 
5713, 4424, 2371 
5714, 2624, 2372 
5715, 3335, 2372 
5716, 4779, 2372 
5717, 3722, 2373 
5718, 4490, 2373 
5719, 3148, 2374 
5720, 3367, 2374 
5721, 4254, 2374 
5722, 4888, 2374 
5723, 3008, 2375 
5724, 4238, 2375 
5725, 4714, 2375 
5726, 4819, 2375 
5727, 3090, 2376 
5728, 4066, 2376 
5729, 4773, 2376 
5730, 3439, 2377 
5731, 3640, 2377 
5732, 4613, 2377 
5733, 4358, 2378 
5734, 2495, 2379 
5735, 4994, 2379 
5736, 3816, 2380 
5737, 2384, 2382 
5738, 2625, 2383 
5739, 3284, 2383 
5740, 3398, 2384 
5741, 3897, 2384 
5742, 3712, 2385 
5743, 2437, 2386 
5744, 3844, 2386 
5745, 2635, 2387 
5746, 3531, 2388 
5747, 4387, 2388 
5748, 4977, 2388 
5749, 2823, 2389 
5750, 3059, 2389 
5751, 3588, 2390 
5752, 4182, 2390 
5753, 4256, 2391 
5754, 4646, 2391 
5755, 4913, 2392 
5756, 2563, 2393 
5757, 4185, 2393 
5758, 4941, 2393 
5759, 2910, 2395 
5760, 3789, 2395 
5761, 4464, 2395 
5762, 3397, 2396 
5763, 4849, 2396 
5764, 2616, 2397 
5765, 2886, 2397 
5766, 3526, 2397 
5767, 3864, 2397 
5768, 2653, 2398 
5769, 3602, 2398 
5770, 4958, 2398 
5771, 4913, 2399 
5772, 4617, 2400 
5773, 2810, 2401 
5774, 2730, 2402 
5775, 3479, 2402 
5776, 4009, 2402 
5777, 4143, 2402 
5778, 2475, 2403 
5779, 4699, 2403 
5780, 2409, 2404 
5781, 4182, 2404 
5782, 3728, 2405 
5783, 4100, 2405 
5784, 3506, 2406 
5785, 4498, 2406 
5786, 4637, 2406 
5787, 3138, 2407 
5788, 2863, 2408 
5789, 4497, 2408 
5790, 2786, 2410 
5791, 4553, 2411 
5792, 4785, 2411 
5793, 2874, 2413 
5794, 3058, 2413 
5795, 3100, 2413 
5796, 3075, 2414 
5797, 3735, 2414 
5798, 3981, 2414 
5799, 4220, 2414 
5800, 3572, 2415 
5801, 4464, 2417 
5802, 2589, 2418 
5803, 3164, 2418 
5804, 4771, 2418 
5805, 4928, 2418 
5806, 2962, 2419 
5807, 4130, 2420 
5808, 4462, 2421 
5809, 3749, 2423 
5810, 3664, 2424 
5811, 4401, 2424 
5812, 4545, 2424 
5813, 4727, 2424 
5814, 4168, 2425 
5815, 2454, 2426 
5816, 3616, 2426 
5817, 4352, 2427 
5818, 2856, 2428 
5819, 4289, 2429 
5820, 3553, 2431 
5821, 4383, 2431 
5822, 2944, 2433 
5823, 4352, 2433 
5824, 4244, 2434 
5825, 4544, 2434 
5826, 2515, 2435 
5827, 2587, 2435 
5828, 4785, 2435 
5829, 3012, 2436 
5830, 3682, 2436 
5831, 2559, 2438 
5832, 4346, 2438 
5833, 2552, 2439 
5834, 4083, 2439 
5835, 3417, 2441 
5836, 3644, 2441 
5837, 4142, 2443 
5838, 4298, 2444 
5839, 4887, 2445 
5840, 2925, 2446 
5841, 3494, 2447 
5842, 3973, 2448 
5843, 2715, 2449 
5844, 3507, 2449 
5845, 3778, 2449 
5846, 4526, 2449 
5847, 3996, 2450 
5848, 3755, 2451 
5849, 4543, 2451 
5850, 3788, 2452 
5851, 4346, 2452 
5852, 4172, 2454 
5853, 4213, 2455 
5854, 2809, 2456 
5855, 2629, 2457 
5856, 4029, 2457 
5857, 3136, 2458 
5858, 3730, 2458 
5859, 2647, 2460 
5860, 2878, 2460 
5861, 3624, 2460 
5862, 3777, 2460 
5863, 2796, 2461 
5864, 2594, 2462 
5865, 3983, 2462 
5866, 2926, 2463 
5867, 4145, 2463 
5868, 3708, 2464 
5869, 4520, 2464 
5870, 4247, 2465 
5871, 2903, 2466 
5872, 3880, 2466 
5873, 4099, 2466 
5874, 4127, 2466 
5875, 2902, 2467 
5876, 3160, 2467 
5877, 3643, 2467 
5878, 4517, 2468 
5879, 3827, 2469 
5880, 3968, 2469 
5881, 4325, 2470 
5882, 3261, 2471 
5883, 2564, 2473 
5884, 4399, 2474 
5885, 3587, 2475 
5886, 4377, 2475 
5887, 3116, 2476 
5888, 4405, 2476 
5889, 3029, 2477 
5890, 4525, 2477 
5891, 2727, 2478 
5892, 3826, 2478 
5893, 4551, 2478 
5894, 4651, 2478 
5895, 3430, 2479 
5896, 2912, 2480 
5897, 2678, 2481 
5898, 2809, 2481 
5899, 2820, 2481 
5900, 3977, 2482 
5901, 4874, 2482 
5902, 3438, 2483 
5903, 4861, 2483 
5904, 2992, 2484 
5905, 3163, 2484 
5906, 3143, 2485 
5907, 3388, 2486 
5908, 2534, 2487 
5909, 2865, 2487 
5910, 3183, 2487 
5911, 4239, 2487 
5912, 3186, 2488 
5913, 3578, 2488 
5914, 4319, 2488 
5915, 3424, 2489 
5916, 4283, 2489 
5917, 4757, 2489 
5918, 4354, 2490 
5919, 4655, 2490 
5920, 3168, 2491 
5921, 3384, 2491 
5922, 2542, 2492 
5923, 3397, 2493 
5924, 2757, 2494 
5925, 3659, 2496 
5926, 4431, 2497 
5927, 2754, 2498 
5928, 4877, 2498 
5929, 3064, 2499 
5930, 3962, 2500 
5931, 4300, 2500 
5932, 3151, 2501 
5933, 3439, 2501 
5934, 4046, 2501 
5935, 3859, 2502 
5936, 4401, 2502 
5937, 3833, 2503 
5938, 2672, 2504 
5939, 2745, 2504 
5940, 2992, 2506 
5941, 4889, 2507 
5942, 2801, 2508 
5943, 3557, 2509 
5944, 2764, 2510 
5945, 3172, 2510 
5946, 3414, 2512 
5947, 3995, 2512 
5948, 4215, 2512 
5949, 4447, 2513 
5950, 3718, 2514 
5951, 4001, 2514 
5952, 4131, 2515 
5953, 2626, 2516 
5954, 3962, 2516 
5955, 4548, 2516 
5956, 4977, 2517 
5957, 4180, 2519 
5958, 3322, 2520 
5959, 2770, 2521 
5960, 3351, 2521 
5961, 3573, 2522 
5962, 3286, 2523 
5963, 3727, 2523 
5964, 4643, 2523 
5965, 4019, 2524 
5966, 4267, 2524 
5967, 4937, 2524 
5968, 4348, 2525 
5969, 4407, 2525 
5970, 2830, 2527 
5971, 3984, 2527 
5972, 3026, 2528 
5973, 4276, 2528 
5974, 2725, 2529 
5975, 4222, 2530 
5976, 4362, 2530 
5977, 3728, 2531 
5978, 4530, 2531 
5979, 4716, 2531 
5980, 3617, 2532 
5981, 4932, 2532 
5982, 2865, 2534 
5983, 3117, 2534 
5984, 3474, 2535 
5985, 4056, 2536 
5986, 4034, 2537 
5987, 2600, 2538 
5988, 3628, 2538 
5989, 4676, 2538 
5990, 2825, 2540 
5991, 4584, 2540 
5992, 4210, 2541 
5993, 4729, 2541 
5994, 3084, 2542 
5995, 4749, 2543 
5996, 4005, 2544 
5997, 4360, 2545 
5998, 2553, 2547 
5999, 3906, 2547 
6000, 3950, 2547 
6001, 3119, 2548 
6002, 4433, 2548 
6003, 4674, 2550 
6004, 3898, 2551 
6005, 4885, 2551 
6006, 4494, 2552 
6007, 3348, 2553 
6008, 3019, 2554 
6009, 3662, 2554 
6010, 4951, 2554 
6011, 4898, 2555 
6012, 4586, 2556 
6013, 2978, 2557 
6014, 4205, 2558 
6015, 4712, 2558 
6016, 3140, 2560 
6017, 3287, 2560 
6018, 3495, 2560 
6019, 3519, 2561 
6020, 4777, 2561 
6021, 4968, 2561 
6022, 4457, 2562 
6023, 4828, 2562 
6024, 4166, 2563 
6025, 2873, 2567 
6026, 4709, 2567 
6027, 3608, 2568 
6028, 3859, 2568 
6029, 4345, 2568 
6030, 2597, 2569 
6031, 3156, 2569 
6032, 4671, 2569 
6033, 2909, 2570 
6034, 3317, 2570 
6035, 3118, 2571 
6036, 4568, 2571 
6037, 3199, 2572 
6038, 4126, 2572 
6039, 3620, 2573 
6040, 2777, 2574 
6041, 3429, 2575 
6042, 3476, 2576 
6043, 4308, 2576 
6044, 3121, 2577 
6045, 3387, 2577 
6046, 4862, 2578 
6047, 4688, 2579 
6048, 3139, 2580 
6049, 4516, 2580 
6050, 3542, 2581 
6051, 4314, 2581 
6052, 3977, 2582 
6053, 4966, 2582 
6054, 3190, 2583 
6055, 4246, 2583 
6056, 2937, 2584 
6057, 3883, 2584 
6058, 4094, 2584 
6059, 2722, 2585 
6060, 2822, 2585 
6061, 4416, 2585 
6062, 2732, 2587 
6063, 4785, 2587 
6064, 3057, 2588 
6065, 3219, 2588 
6066, 3837, 2588 
6067, 3440, 2589 
6068, 2619, 2590 
6069, 2778, 2590 
6070, 4233, 2591 
6071, 4487, 2591 
6072, 4147, 2592 
6073, 4409, 2592 
6074, 4179, 2593 
6075, 4229, 2593 
6076, 4955, 2594 
6077, 3699, 2595 
6078, 4101, 2595 
6079, 3953, 2598 
6080, 2803, 2600 
6081, 2677, 2601 
6082, 2850, 2601 
6083, 4123, 2602 
6084, 4699, 2602 
6085, 4462, 2603 
6086, 3049, 2604 
6087, 4247, 2604 
6088, 3964, 2605 
6089, 4013, 2605 
6090, 4966, 2605 
6091, 3787, 2607 
6092, 3687, 2608 
6093, 3996, 2608 
6094, 4400, 2608 
6095, 4834, 2608 
6096, 3111, 2609 
6097, 4262, 2610 
6098, 3383, 2611 
6099, 4500, 2611 
6100, 3384, 2612 
6101, 3256, 2613 
6102, 3589, 2613 
6103, 4717, 2613 
6104, 3787, 2614 
6105, 4407, 2614 
6106, 3433, 2615 
6107, 3838, 2615 
6108, 3879, 2616 
6109, 4387, 2616 
6110, 4527, 2617 
6111, 3052, 2618 
6112, 2848, 2619 
6113, 3453, 2619 
6114, 4708, 2619 
6115, 3362, 2620 
6116, 3731, 2621 
6117, 4121, 2621 
6118, 3334, 2622 
6119, 3973, 2622 
6120, 3465, 2623 
6121, 4336, 2623 
6122, 4587, 2623 
6123, 4340, 2625 
6124, 4938, 2625 
6125, 2675, 2627 
6126, 4442, 2627 
6127, 4720, 2627 
6128, 2785, 2628 
6129, 3248, 2628 
6130, 4816, 2628 
6131, 3807, 2629 
6132, 3598, 2630 
6133, 4306, 2631 
6134, 4486, 2631 
6135, 4654, 2631 
6136, 2953, 2632 
6137, 4549, 2632 
6138, 3488, 2633 
6139, 4105, 2633 
6140, 4285, 2634 
6141, 2770, 2636 
6142, 3794, 2636 
6143, 3446, 2637 
6144, 3551, 2637 
6145, 4328, 2637 
6146, 3708, 2638 
6147, 4317, 2639 
6148, 4887, 2639 
6149, 3133, 2640 
6150, 3887, 2640 
6151, 2817, 2641 
6152, 3848, 2641 
6153, 4424, 2642 
6154, 3432, 2643 
6155, 3984, 2643 
6156, 4974, 2643 
6157, 4583, 2644 
6158, 4835, 2645 
6159, 4906, 2647 
6160, 2975, 2648 
6161, 3375, 2649 
6162, 3976, 2649 
6163, 4367, 2649 
6164, 3068, 2650 
6165, 3768, 2651 
6166, 4843, 2651 
6167, 4170, 2652 
6168, 2957, 2654 
6169, 2910, 2655 
6170, 3598, 2655 
6171, 4154, 2655 
6172, 3694, 2656 
6173, 3899, 2656 
6174, 4859, 2656 
6175, 2912, 2657 
6176, 3281, 2657 
6177, 3951, 2657 
6178, 2694, 2658 
6179, 3933, 2658 
6180, 3917, 2659 
6181, 4561, 2659 
6182, 2956, 2662 
6183, 3557, 2662 
6184, 4598, 2662 
6185, 3174, 2665 
6186, 3328, 2665 
6187, 3821, 2665 
6188, 4643, 2665 
6189, 2933, 2666 
6190, 3755, 2667 
6191, 4684, 2667 
6192, 3318, 2668 
6193, 3437, 2669 
6194, 4308, 2669 
6195, 2994, 2670 
6196, 3358, 2670 
6197, 3390, 2670 
6198, 3373, 2671 
6199, 3762, 2671 
6200, 4683, 2672 
6201, 2688, 2673 
6202, 3737, 2673 
6203, 3082, 2674 
6204, 4989, 2675 
6205, 3734, 2676 
6206, 2753, 2677 
6207, 3567, 2677 
6208, 3014, 2679 
6209, 3205, 2679 
6210, 2780, 2680 
6211, 3345, 2681 
6212, 4438, 2681 
6213, 4288, 2682 
6214, 3263, 2683 
6215, 3384, 2683 
6216, 3944, 2683 
6217, 3890, 2684 
6218, 4076, 2684 
6219, 3274, 2686 
6220, 3462, 2686 
6221, 3498, 2687 
6222, 4658, 2687 
6223, 2837, 2688 
6224, 2979, 2689 
6225, 3008, 2689 
6226, 3898, 2690 
6227, 3950, 2690 
6228, 4002, 2691 
6229, 4192, 2691 
6230, 4944, 2691 
6231, 3186, 2692 
6232, 4060, 2692 
6233, 4728, 2692 
6234, 2807, 2693 
6235, 3972, 2693 
6236, 4854, 2694 
6237, 4036, 2695 
6238, 3703, 2696 
6239, 3370, 2697 
6240, 4154, 2697 
6241, 4228, 2697 
6242, 3421, 2698 
6243, 4798, 2698 
6244, 4897, 2700 
6245, 2935, 2701 
6246, 3238, 2701 
6247, 3666, 2702 
6248, 4608, 2703 
6249, 2744, 2704 
6250, 3752, 2704 
6251, 4563, 2704 
6252, 4063, 2705 
6253, 4677, 2705 
6254, 4149, 2707 
6255, 3121, 2708 
6256, 3991, 2708 
6257, 3211, 2710 
6258, 2920, 2711 
6259, 2936, 2712 
6260, 4468, 2712 
6261, 4087, 2713 
6262, 3582, 2714 
6263, 3799, 2714 
6264, 4816, 2715 
6265, 4178, 2716 
6266, 4253, 2716 
6267, 3546, 2717 
6268, 3250, 2718 
6269, 3377, 2718 
6270, 4233, 2718 
6271, 3572, 2719 
6272, 3192, 2720 
6273, 4122, 2720 
6274, 3071, 2721 
6275, 4697, 2721 
6276, 2782, 2722 
6277, 2829, 2722 
6278, 4568, 2722 
6279, 4238, 2723 
6280, 2756, 2724 
6281, 4332, 2724 
6282, 4344, 2724 
6283, 3571, 2725 
6284, 3118, 2726 
6285, 3062, 2727 
6286, 4556, 2728 
6287, 3559, 2729 
6288, 4212, 2729 
6289, 4553, 2730 
6290, 3566, 2731 
6291, 4787, 2731 
6292, 4926, 2731 
6293, 4576, 2733 
6294, 2768, 2734 
6295, 2881, 2734 
6296, 3032, 2735 
6297, 3041, 2735 
6298, 3728, 2737 
6299, 3856, 2737 
6300, 4073, 2738 
6301, 4346, 2739 
6302, 4640, 2739 
6303, 3975, 2740 
6304, 4143, 2740 
6305, 4837, 2740 
6306, 4201, 2742 
6307, 4013, 2743 
6308, 4381, 2743 
6309, 2980, 2744 
6310, 4698, 2744 
6311, 4906, 2746 
6312, 3204, 2747 
6313, 3753, 2747 
6314, 2767, 2748 
6315, 4093, 2748 
6316, 4431, 2750 
6317, 4474, 2750 
6318, 3126, 2751 
6319, 4278, 2751 
6320, 4634, 2751 
6321, 3553, 2752 
6322, 3977, 2752 
6323, 4863, 2752 
6324, 4574, 2753 
6325, 4751, 2754 
6326, 4840, 2755 
6327, 3369, 2756 
6328, 4315, 2756 
6329, 3393, 2757 
6330, 2945, 2758 
6331, 3207, 2758 
6332, 3956, 2758 
6333, 4236, 2758 
6334, 4256, 2759 
6335, 3536, 2760 
6336, 4883, 2762 
6337, 4110, 2763 
6338, 3944, 2764 
6339, 3148, 2765 
6340, 3215, 2765 
6341, 4228, 2765 
6342, 3713, 2766 
6343, 4951, 2766 
6344, 2792, 2768 
6345, 4214, 2768 
6346, 4919, 2768 
6347, 4837, 2769 
6348, 3274, 2771 
6349, 3920, 2771 
6350, 3796, 2772 
6351, 4542, 2772 
6352, 2978, 2773 
6353, 4534, 2773 
6354, 3648, 2774 
6355, 4022, 2774 
6356, 3089, 2775 
6357, 4030, 2776 
6358, 4302, 2776 
6359, 4828, 2776 
6360, 4639, 2777 
6361, 4450, 2778 
6362, 3238, 2779 
6363, 3540, 2779 
6364, 4837, 2779 
6365, 4882, 2780 
6366, 3386, 2781 
6367, 4094, 2781 
6368, 3132, 2782 
6369, 3485, 2783 
6370, 4038, 2783 
6371, 4883, 2783 
6372, 4085, 2785 
6373, 4918, 2785 
6374, 4010, 2786 
6375, 4074, 2786 
6376, 3928, 2787 
6377, 4364, 2787 
6378, 4375, 2787 
6379, 3298, 2788 
6380, 4462, 2788 
6381, 2903, 2789 
6382, 3438, 2790 
6383, 3435, 2791 
6384, 4671, 2791 
6385, 4764, 2791 
6386, 2815, 2793 
6387, 4659, 2793 
6388, 2950, 2794 
6389, 3137, 2794 
6390, 3135, 2796 
6391, 3951, 2797 
6392, 2888, 2798 
6393, 3341, 2798 
6394, 3638, 2799 
6395, 3949, 2799 
6396, 4421, 2799 
6397, 3972, 2800 
6398, 3970, 2801 
6399, 3275, 2802 
6400, 3786, 2802 
6401, 3988, 2803 
6402, 2959, 2804 
6403, 4577, 2805 
6404, 3817, 2806 
6405, 4454, 2807 
6406, 3152, 2808 
6407, 4658, 2808 
6408, 2930, 2810 
6409, 3799, 2812 
6410, 3008, 2814 
6411, 3879, 2814 
6412, 4559, 2814 
6413, 4369, 2815 
6414, 4336, 2816 
6415, 3176, 2817 
6416, 3334, 2820 
6417, 3873, 2822 
6418, 4886, 2822 
6419, 4997, 2822 
6420, 4690, 2823 
6421, 3506, 2824 
6422, 4260, 2824 
6423, 3412, 2826 
6424, 3007, 2827 
6425, 3029, 2827 
6426, 3435, 2827 
6427, 3005, 2828 
6428, 2905, 2829 
6429, 4152, 2831 
6430, 4536, 2831 
6431, 3056, 2832 
6432, 4776, 2832 
6433, 3632, 2833 
6434, 4583, 2833 
6435, 2903, 2834 
6436, 3506, 2834 
6437, 3527, 2834 
6438, 4516, 2835 
6439, 3051, 2838 
6440, 3140, 2839 
6441, 3923, 2839 
6442, 3310, 2840 
6443, 3329, 2840 
6444, 4552, 2841 
6445, 3963, 2842 
6446, 4802, 2842 
6447, 4865, 2843 
6448, 4014, 2844 
6449, 4177, 2846 
6450, 3180, 2848 
6451, 2943, 2849 
6452, 4957, 2849 
6453, 4148, 2850 
6454, 4536, 2853 
6455, 4617, 2853 
6456, 3778, 2854 
6457, 4934, 2854 
6458, 3021, 2856 
6459, 3231, 2856 
6460, 4280, 2857 
6461, 3624, 2859 
6462, 3625, 2859 
6463, 4504, 2859 
6464, 3812, 2860 
6465, 4025, 2860 
6466, 3954, 2862 
6467, 4647, 2862 
6468, 4866, 2862 
6469, 3168, 2863 
6470, 3016, 2864 
6471, 4836, 2864 
6472, 3794, 2865 
6473, 2925, 2866 
6474, 4287, 2866 
6475, 2904, 2868 
6476, 3000, 2868 
6477, 4525, 2868 
6478, 3798, 2869 
6479, 3714, 2870 
6480, 3864, 2870 
6481, 3212, 2871 
6482, 3603, 2871 
6483, 3195, 2872 
6484, 3905, 2872 
6485, 4624, 2872 
6486, 4728, 2874 
6487, 3134, 2875 
6488, 3595, 2875 
6489, 3706, 2876 
6490, 4118, 2876 
6491, 4382, 2876 
6492, 2946, 2877 
6493, 4367, 2877 
6494, 4927, 2877 
6495, 2911, 2878 
6496, 4189, 2881 
6497, 3227, 2882 
6498, 3518, 2883 
6499, 4900, 2883 
6500, 2992, 2885 
6501, 4080, 2885 
6502, 4976, 2888 
6503, 4569, 2889 
6504, 3285, 2890 
6505, 3579, 2890 
6506, 3092, 2891 
6507, 4030, 2891 
6508, 4867, 2893 
6509, 3771, 2894 
6510, 2944, 2896 
6511, 3947, 2896 
6512, 4092, 2896 
6513, 4956, 2896 
6514, 4006, 2899 
6515, 4751, 2900 
6516, 3224, 2901 
6517, 4458, 2901 
6518, 4816, 2902 
6519, 3470, 2904 
6520, 3261, 2905 
6521, 3410, 2906 
6522, 4922, 2906 
6523, 3557, 2907 
6524, 4374, 2907 
6525, 3234, 2908 
6526, 4920, 2908 
6527, 4987, 2908 
6528, 3682, 2910 
6529, 4046, 2911 
6530, 2998, 2912 
6531, 4388, 2912 
6532, 3999, 2913 
6533, 4054, 2913 
6534, 4097, 2913 
6535, 3742, 2915 
6536, 3085, 2916 
6537, 4617, 2916 
6538, 3709, 2917 
6539, 4197, 2917 
6540, 4953, 2917 
6541, 3447, 2918 
6542, 4020, 2918 
6543, 2972, 2919 
6544, 3746, 2919 
6545, 3780, 2920 
6546, 4705, 2920 
6547, 3730, 2922 
6548, 4188, 2922 
6549, 4516, 2924 
6550, 4092, 2925 
6551, 3020, 2927 
6552, 4728, 2930 
6553, 3647, 2931 
6554, 4582, 2931 
6555, 3718, 2932 
6556, 4647, 2934 
6557, 4980, 2934 
6558, 3184, 2935 
6559, 3142, 2936 
6560, 2942, 2937 
6561, 3642, 2938 
6562, 3971, 2938 
6563, 4076, 2940 
6564, 4419, 2940 
6565, 4955, 2940 
6566, 4193, 2942 
6567, 4730, 2943 
6568, 4509, 2945 
6569, 2950, 2946 
6570, 4172, 2946 
6571, 4999, 2946 
6572, 3407, 2947 
6573, 4009, 2947 
6574, 4724, 2947 
6575, 3630, 2948 
6576, 4011, 2950 
6577, 4869, 2950 
6578, 3464, 2952 
6579, 4284, 2953 
6580, 4466, 2953 
6581, 3871, 2954 
6582, 4953, 2955 
6583, 3907, 2956 
6584, 4242, 2956 
6585, 4630, 2958 
6586, 2968, 2960 
6587, 3835, 2960 
6588, 3507, 2962 
6589, 4408, 2962 
6590, 4007, 2964 
6591, 4037, 2965 
6592, 4805, 2965 
6593, 3978, 2966 
6594, 4840, 2966 
6595, 3306, 2967 
6596, 4698, 2967 
6597, 3229, 2969 
6598, 3957, 2969 
6599, 3304, 2970 
6600, 4935, 2972 
6601, 3558, 2973 
6602, 4825, 2973 
6603, 4746, 2974 
6604, 3595, 2976 
6605, 4791, 2976 
6606, 3309, 2977 
6607, 3448, 2977 
6608, 3338, 2979 
6609, 3870, 2980 
6610, 3989, 2980 
6611, 3253, 2981 
6612, 3388, 2981 
6613, 4184, 2982 
6614, 4760, 2982 
6615, 4948, 2982 
6616, 3446, 2983 
6617, 4649, 2985 
6618, 3524, 2986 
6619, 3012, 2987 
6620, 3349, 2987 
6621, 3497, 2987 
6622, 4398, 2988 
6623, 4486, 2988 
6624, 3099, 2990 
6625, 3219, 2990 
6626, 3570, 2990 
6627, 4979, 2990 
6628, 3620, 2991 
6629, 3059, 2992 
6630, 4866, 2993 
6631, 3591, 2995 
6632, 4473, 2995 
6633, 3788, 2996 
6634, 3879, 2996 
6635, 4793, 2997 
6636, 3893, 2998 
6637, 3660, 2999 
6638, 4732, 2999 
6639, 3629, 3000 
6640, 3845, 3001 
6641, 4090, 3001 
6642, 3915, 3002 
6643, 4683, 3002 
6644, 3987, 3003 
6645, 4422, 3003 
6646, 4937, 3003 
6647, 3367, 3004 
6648, 3355, 3007 
6649, 3400, 3007 
6650, 4569, 3009 
6651, 3248, 3010 
6652, 3512, 3010 
6653, 3821, 3011 
6654, 4543, 3011 
6655, 4521, 3012 
6656, 4805, 3012 
6657, 4627, 3013 
6658, 4843, 3013 
6659, 3050, 3014 
6660, 4894, 3015 
6661, 3884, 3016 
6662, 4034, 3017 
6663, 4506, 3017 
6664, 4273, 3018 
6665, 3605, 3019 
6666, 4625, 3019 
6667, 4234, 3021 
6668, 4021, 3022 
6669, 3639, 3023 
6670, 4397, 3023 
6671, 3317, 3025 
6672, 4231, 3025 
6673, 4493, 3025 
6674, 3422, 3026 
6675, 4638, 3026 
6676, 4230, 3028 
6677, 4269, 3028 
6678, 4772, 3028 
6679, 4946, 3028 
6680, 3124, 3029 
6681, 4911, 3030 
6682, 3545, 3031 
6683, 4999, 3032 
6684, 3939, 3033 
6685, 3337, 3034 
6686, 4110, 3034 
6687, 3606, 3035 
6688, 4503, 3035 
6689, 4060, 3037 
6690, 4978, 3037 
6691, 3545, 3039 
6692, 3099, 3040 
6693, 3217, 3040 
6694, 4007, 3041 
6695, 3524, 3042 
6696, 3629, 3042 
6697, 4701, 3042 
6698, 4190, 3043 
6699, 4255, 3043 
6700, 3808, 3045 
6701, 4670, 3045 
6702, 3097, 3046 
6703, 3378, 3046 
6704, 3326, 3047 
6705, 3328, 3047 
6706, 3667, 3047 
6707, 4431, 3047 
6708, 3105, 3048 
6709, 4403, 3048 
6710, 3278, 3049 
6711, 3649, 3049 
6712, 3911, 3051 
6713, 4863, 3051 
6714, 3926, 3052 
6715, 3645, 3053 
6716, 3964, 3053 
6717, 3233, 3054 
6718, 3502, 3054 
6719, 3959, 3054 
6720, 4386, 3054 
6721, 3985, 3055 
6722, 4454, 3055 
6723, 4741, 3055 
6724, 4137, 3057 
6725, 3838, 3058 
6726, 4959, 3059 
6727, 3442, 3064 
6728, 4367, 3064 
6729, 4857, 3064 
6730, 3763, 3068 
6731, 4468, 3068 
6732, 3106, 3069 
6733, 4052, 3069 
6734, 4868, 3069 
6735, 3174, 3071 
6736, 3964, 3073 
6737, 4880, 3073 
6738, 4541, 3074 
6739, 4938, 3074 
6740, 4358, 3075 
6741, 3252, 3076 
6742, 3296, 3077 
6743, 3351, 3079 
6744, 3871, 3079 
6745, 4578, 3079 
6746, 3413, 3080 
6747, 3576, 3080 
6748, 3350, 3081 
6749, 3817, 3081 
6750, 4870, 3081 
6751, 4954, 3081 
6752, 3862, 3082 
6753, 4279, 3083 
6754, 4047, 3084 
6755, 4463, 3084 
6756, 4349, 3090 
6757, 4282, 3092 
6758, 3487, 3094 
6759, 3724, 3094 
6760, 3493, 3095 
6761, 4994, 3095 
6762, 4363, 3096 
6763, 4853, 3096 
6764, 3724, 3098 
6765, 4137, 3098 
6766, 4285, 3100 
6767, 4593, 3102 
6768, 4744, 3102 
6769, 4378, 3103 
6770, 4611, 3104 
6771, 4944, 3104 
6772, 4184, 3105 
6773, 4382, 3105 
6774, 3881, 3106 
6775, 3194, 3107 
6776, 3122, 3108 
6777, 3157, 3108 
6778, 3331, 3108 
6779, 4731, 3108 
6780, 3183, 3110 
6781, 4116, 3110 
6782, 3178, 3112 
6783, 3657, 3112 
6784, 3661, 3112 
6785, 3688, 3113 
6786, 3929, 3113 
6787, 4850, 3114 
6788, 4984, 3115 
6789, 4089, 3116 
6790, 4339, 3117 
6791, 4924, 3118 
6792, 3982, 3119 
6793, 4382, 3121 
6794, 4712, 3121 
6795, 3430, 3122 
6796, 3526, 3123 
6797, 3878, 3123 
6798, 4548, 3123 
6799, 3385, 3125 
6800, 4042, 3125 
6801, 4395, 3127 
6802, 4535, 3127 
6803, 3383, 3128 
6804, 3982, 3128 
6805, 4963, 3128 
6806, 3257, 3129 
6807, 4142, 3130 
6808, 4157, 3130 
6809, 4007, 3133 
6810, 4388, 3133 
6811, 3946, 3134 
6812, 4452, 3135 
6813, 4000, 3136 
6814, 4373, 3136 
6815, 4396, 3137 
6816, 4402, 3141 
6817, 4763, 3141 
6818, 3515, 3142 
6819, 3653, 3143 
6820, 4392, 3144 
6821, 4016, 3147 
6822, 3319, 3148 
6823, 3244, 3149 
6824, 4823, 3149 
6825, 4245, 3150 
6826, 3943, 3151 
6827, 3468, 3152 
6828, 3701, 3154 
6829, 3352, 3155 
6830, 4281, 3155 
6831, 4753, 3155 
6832, 4776, 3155 
6833, 3583, 3156 
6834, 4605, 3157 
6835, 4764, 3157 
6836, 3561, 3158 
6837, 4791, 3160 
6838, 4798, 3160 
6839, 3387, 3161 
6840, 4858, 3161 
6841, 3351, 3162 
6842, 3920, 3164 
6843, 4180, 3164 
6844, 3307, 3165 
6845, 3488, 3165 
6846, 4708, 3165 
6847, 4533, 3167 
6848, 3545, 3169 
6849, 3338, 3170 
6850, 4331, 3170 
6851, 4383, 3170 
6852, 4999, 3171 
6853, 3679, 3172 
6854, 4140, 3175 
6855, 4071, 3177 
6856, 3608, 3178 
6857, 4736, 3180 
6858, 4653, 3182 
6859, 4995, 3183 
6860, 4096, 3184 
6861, 4548, 3184 
6862, 4601, 3184 
6863, 4662, 3185 
6864, 4935, 3185 
6865, 3364, 3186 
6866, 3630, 3187 
6867, 4179, 3187 
6868, 4375, 3188 
6869, 4254, 3189 
6870, 4828, 3191 
6871, 3801, 3192 
6872, 3930, 3193 
6873, 4168, 3193 
6874, 4754, 3193 
6875, 3931, 3194 
6876, 4422, 3194 
6877, 4794, 3195 
6878, 4953, 3195 
6879, 4310, 3196 
6880, 4216, 3197 
6881, 4614, 3197 
6882, 3232, 3198 
6883, 3758, 3198 
6884, 4813, 3199 
6885, 4592, 3200 
6886, 4740, 3200 
6887, 3610, 3201 
6888, 3740, 3202 
6889, 4950, 3203 
6890, 3237, 3205 
6891, 4032, 3206 
6892, 4810, 3206 
6893, 3366, 3207 
6894, 3829, 3208 
6895, 3271, 3209 
6896, 3786, 3211 
6897, 3847, 3214 
6898, 4555, 3214 
6899, 3670, 3215 
6900, 3279, 3217 
6901, 4016, 3218 
6902, 4799, 3218 
6903, 4800, 3218 
6904, 3764, 3219 
6905, 3320, 3220 
6906, 3408, 3220 
6907, 4110, 3220 
6908, 4648, 3221 
6909, 4107, 3222 
6910, 3785, 3223 
6911, 4207, 3223 
6912, 4546, 3223 
6913, 4043, 3224 
6914, 4472, 3224 
6915, 4925, 3224 
6916, 3398, 3225 
6917, 4151, 3225 
6918, 4861, 3225 
6919, 4630, 3226 
6920, 4187, 3228 
6921, 3951, 3229 
6922, 4901, 3229 
6923, 3491, 3230 
6924, 3870, 3230 
6925, 3881, 3230 
6926, 3444, 3231 
6927, 3407, 3233 
6928, 4308, 3233 
6929, 3540, 3235 
6930, 3960, 3236 
6931, 3961, 3236 
6932, 4294, 3236 
6933, 3313, 3237 
6934, 3340, 3237 
6935, 4825, 3238 
6936, 4878, 3238 
6937, 4459, 3239 
6938, 4762, 3244 
6939, 3904, 3245 
6940, 4780, 3245 
6941, 3391, 3246 
6942, 3971, 3246 
6943, 4132, 3246 
6944, 4772, 3246 
6945, 3689, 3247 
6946, 4064, 3247 
6947, 4897, 3248 
6948, 3432, 3249 
6949, 4319, 3250 
6950, 4830, 3250 
6951, 3510, 3252 
6952, 4044, 3252 
6953, 3542, 3253 
6954, 4451, 3253 
6955, 3991, 3254 
6956, 4150, 3255 
6957, 4772, 3255 
6958, 3555, 3256 
6959, 4091, 3257 
6960, 4554, 3257 
6961, 4738, 3258 
6962, 3647, 3260 
6963, 3836, 3260 
6964, 4750, 3260 
6965, 4044, 3261 
6966, 3499, 3262 
6967, 3766, 3263 
6968, 4091, 3264 
6969, 4286, 3264 
6970, 4527, 3264 
6971, 4741, 3264 
6972, 3732, 3266 
6973, 4517, 3267 
6974, 3557, 3269 
6975, 3887, 3270 
6976, 3958, 3271 
6977, 3731, 3272 
6978, 4571, 3272 
6979, 4035, 3274 
6980, 4812, 3275 
6981, 4822, 3275 
6982, 3286, 3277 
6983, 4898, 3278 
6984, 4802, 3279 
6985, 4691, 3282 
6986, 4685, 3283 
6987, 3305, 3284 
6988, 4969, 3285 
6989, 3824, 3286 
6990, 4696, 3287 
6991, 4700, 3288 
6992, 3296, 3289 
6993, 3811, 3289 
6994, 4198, 3290 
6995, 4399, 3290 
6996, 4512, 3291 
6997, 4956, 3291 
6998, 3980, 3293 
6999, 4612, 3296 
7000, 3346, 3297 
7001, 3702, 3300 
7002, 4442, 3300 
7003, 4949, 3300 
7004, 3841, 3301 
7005, 4793, 3301 
7006, 3637, 3302 
7007, 4126, 3302 
7008, 4953, 3303 
7009, 4314, 3305 
7010, 4945, 3305 
7011, 3465, 3306 
7012, 4104, 3306 
7013, 3781, 3308 
7014, 4591, 3310 
7015, 3475, 3314 
7016, 3974, 3314 
7017, 3912, 3315 
7018, 3426, 3316 
7019, 3738, 3316 
7020, 3721, 3317 
7021, 4578, 3317 
7022, 4706, 3318 
7023, 3640, 3319 
7024, 4279, 3320 
7025, 4545, 3321 
7026, 4795, 3322 
7027, 3876, 3323 
7028, 4572, 3323 
7029, 4969, 3324 
7030, 3330, 3325 
7031, 3564, 3327 
7032, 3664, 3328 
7033, 3795, 3328 
7034, 3714, 3329 
7035, 4784, 3329 
7036, 4412, 3331 
7037, 4300, 3333 
7038, 4434, 3333 
7039, 3458, 3336 
7040, 4428, 3336 
7041, 4054, 3337 
7042, 4443, 3337 
7043, 4227, 3338 
7044, 3996, 3339 
7045, 4140, 3340 
7046, 4909, 3340 
7047, 4092, 3341 
7048, 4127, 3341 
7049, 3585, 3344 
7050, 3715, 3347 
7051, 4247, 3347 
7052, 3851, 3348 
7053, 4753, 3348 
7054, 4626, 3350 
7055, 4524, 3352 
7056, 4084, 3354 
7057, 4841, 3356 
7058, 3558, 3357 
7059, 4782, 3358 
7060, 3986, 3359 
7061, 4045, 3359 
7062, 4529, 3360 
7063, 3858, 3362 
7064, 4949, 3363 
7065, 4569, 3364 
7066, 3659, 3365 
7067, 3813, 3366 
7068, 4533, 3366 
7069, 4890, 3368 
7070, 3491, 3369 
7071, 3498, 3369 
7072, 4685, 3370 
7073, 4927, 3370 
7074, 4540, 3371 
7075, 4702, 3372 
7076, 4478, 3373 
7077, 4654, 3375 
7078, 3492, 3376 
7079, 4344, 3376 
7080, 4186, 3378 
7081, 4219, 3378 
7082, 3396, 3380 
7083, 4605, 3380 
7084, 3669, 3381 
7085, 3652, 3382 
7086, 3569, 3384 
7087, 3508, 3385 
7088, 4649, 3385 
7089, 3524, 3386 
7090, 3675, 3388 
7091, 3588, 3390 
7092, 4304, 3391 
7093, 3695, 3392 
7094, 4593, 3392 
7095, 4502, 3393 
7096, 3952, 3394 
7097, 4351, 3394 
7098, 4760, 3395 
7099, 4767, 3395 
7100, 4706, 3396 
7101, 4599, 3397 
7102, 4394, 3398 
7103, 4488, 3399 
7104, 4870, 3399 
7105, 3572, 3400 
7106, 3636, 3401 
7107, 3866, 3403 
7108, 3999, 3404 
7109, 4097, 3404 
7110, 4646, 3405 
7111, 4981, 3405 
7112, 3816, 3406 
7113, 4168, 3409 
7114, 4477, 3409 
7115, 3656, 3412 
7116, 4722, 3414 
7117, 4194, 3416 
7118, 4244, 3418 
7119, 4411, 3418 
7120, 3998, 3420 
7121, 4449, 3421 
7122, 4818, 3421 
7123, 4309, 3423 
7124, 4245, 3425 
7125, 4304, 3425 
7126, 3963, 3426 
7127, 4680, 3426 
7128, 3717, 3427 
7129, 3822, 3427 
7130, 4781, 3428 
7131, 4602, 3429 
7132, 3936, 3431 
7133, 3603, 3432 
7134, 3533, 3434 
7135, 4174, 3436 
7136, 3814, 3438 
7137, 4094, 3442 
7138, 4267, 3442 
7139, 4309, 3442 
7140, 3829, 3443 
7141, 3730, 3444 
7142, 3596, 3445 
7143, 3551, 3446 
7144, 4314, 3446 
7145, 3837, 3447 
7146, 3494, 3448 
7147, 4482, 3448 
7148, 4076, 3449 
7149, 3901, 3450 
7150, 4815, 3450 
7151, 3706, 3451 
7152, 4948, 3451 
7153, 4892, 3453 
7154, 3627, 3454 
7155, 3534, 3455 
7156, 3861, 3456 
7157, 4685, 3456 
7158, 3840, 3457 
7159, 3876, 3457 
7160, 4885, 3458 
7161, 4061, 3459 
7162, 4398, 3459 
7163, 4362, 3461 
7164, 4771, 3462 
7165, 4501, 3464 
7166, 4560, 3465 
7167, 3950, 3466 
7168, 4522, 3466 
7169, 3947, 3467 
7170, 4210, 3467 
7171, 4643, 3467 
7172, 4288, 3469 
7173, 4419, 3469 
7174, 3952, 3470 
7175, 4493, 3470 
7176, 3555, 3471 
7177, 4127, 3471 
7178, 3924, 3473 
7179, 4982, 3473 
7180, 4829, 3474 
7181, 3482, 3475 
7182, 3832, 3477 
7183, 3869, 3477 
7184, 3952, 3477 
7185, 4866, 3480 
7186, 4311, 3481 
7187, 4736, 3481 
7188, 4534, 3482 
7189, 3636, 3483 
7190, 3596, 3484 
7191, 4881, 3487 
7192, 3580, 3488 
7193, 4463, 3488 
7194, 4703, 3489 
7195, 4632, 3490 
7196, 4841, 3490 
7197, 3661, 3491 
7198, 4104, 3491 
7199, 4658, 3492 
7200, 4880, 3492 
7201, 4230, 3493 
7202, 4826, 3493 
7203, 4047, 3495 
7204, 4732, 3495 
7205, 4263, 3496 
7206, 4353, 3496 
7207, 4806, 3497 
7208, 4811, 3497 
7209, 4287, 3498 
7210, 3584, 3499 
7211, 3741, 3500 
7212, 3726, 3501 
7213, 3742, 3501 
7214, 4511, 3502 
7215, 4735, 3502 
7216, 4389, 3503 
7217, 4286, 3504 
7218, 3904, 3505 
7219, 3512, 3509 
7220, 4186, 3509 
7221, 4261, 3510 
7222, 4929, 3510 
7223, 4198, 3511 
7224, 3719, 3513 
7225, 4992, 3513 
7226, 4011, 3514 
7227, 4759, 3514 
7228, 4985, 3515 
7229, 4571, 3516 
7230, 4874, 3517 
7231, 4124, 3518 
7232, 4950, 3518 
7233, 4135, 3521 
7234, 4967, 3521 
7235, 4374, 3522 
7236, 4556, 3523 
7237, 4474, 3524 
7238, 4574, 3526 
7239, 3755, 3527 
7240, 4266, 3527 
7241, 4503, 3527 
7242, 3888, 3529 
7243, 3693, 3530 
7244, 4059, 3530 
7245, 4907, 3530 
7246, 4010, 3531 
7247, 4035, 3532 
7248, 4836, 3532 
7249, 4496, 3534 
7250, 3727, 3536 
7251, 4119, 3536 
7252, 4564, 3536 
7253, 4782, 3541 
7254, 3941, 3545 
7255, 4365, 3547 
7256, 4705, 3547 
7257, 4376, 3548 
7258, 4744, 3548 
7259, 3629, 3549 
7260, 4401, 3550 
7261, 3717, 3551 
7262, 4208, 3552 
7263, 3869, 3553 
7264, 4506, 3554 
7265, 4049, 3555 
7266, 4437, 3556 
7267, 4218, 3559 
7268, 4703, 3560 
7269, 3747, 3561 
7270, 4722, 3561 
7271, 4978, 3561 
7272, 3758, 3563 
7273, 4510, 3563 
7274, 4881, 3563 
7275, 3947, 3566 
7276, 4624, 3567 
7277, 4061, 3568 
7278, 4151, 3568 
7279, 3817, 3569 
7280, 3819, 3570 
7281, 4718, 3572 
7282, 4735, 3573 
7283, 4696, 3574 
7284, 4812, 3574 
7285, 4822, 3574 
7286, 4307, 3576 
7287, 4580, 3576 
7288, 3877, 3577 
7289, 4173, 3577 
7290, 4939, 3577 
7291, 3956, 3578 
7292, 4450, 3578 
7293, 4294, 3579 
7294, 4969, 3579 
7295, 4596, 3580 
7296, 4982, 3580 
7297, 3656, 3582 
7298, 4243, 3584 
7299, 4044, 3586 
7300, 4302, 3586 
7301, 4883, 3588 
7302, 4985, 3588 
7303, 4192, 3590 
7304, 4934, 3590 
7305, 4502, 3591 
7306, 4203, 3595 
7307, 3974, 3596 
7308, 3603, 3597 
7309, 3984, 3597 
7310, 4847, 3599 
7311, 4676, 3600 
7312, 3693, 3601 
7313, 4675, 3601 
7314, 4128, 3602 
7315, 3622, 3604 
7316, 4151, 3605 
7317, 4174, 3606 
7318, 4403, 3606 
7319, 4985, 3607 
7320, 3856, 3609 
7321, 4103, 3609 
7322, 4197, 3609 
7323, 4624, 3609 
7324, 4332, 3610 
7325, 3915, 3611 
7326, 4823, 3611 
7327, 4886, 3612 
7328, 4047, 3613 
7329, 4405, 3613 
7330, 4464, 3613 
7331, 3865, 3614 
7332, 4193, 3614 
7333, 4233, 3614 
7334, 4183, 3615 
7335, 4336, 3616 
7336, 4726, 3622 
7337, 4499, 3623 
7338, 4056, 3624 
7339, 4369, 3626 
7340, 4474, 3626 
7341, 4954, 3628 
7342, 3922, 3629 
7343, 4074, 3631 
7344, 4112, 3631 
7345, 4978, 3631 
7346, 3966, 3637 
7347, 4612, 3637 
7348, 4058, 3638 
7349, 4522, 3638 
7350, 4047, 3639 
7351, 4972, 3640 
7352, 4606, 3641 
7353, 4895, 3641 
7354, 4094, 3642 
7355, 4155, 3642 
7356, 4330, 3643 
7357, 4696, 3643 
7358, 4930, 3644 
7359, 4713, 3650 
7360, 4808, 3650 
7361, 4932, 3650 
7362, 3697, 3651 
7363, 4040, 3653 
7364, 3970, 3654 
7365, 4891, 3655 
7366, 3792, 3656 
7367, 3913, 3657 
7368, 4360, 3657 
7369, 4366, 3657 
7370, 3862, 3658 
7371, 4511, 3658 
7372, 4510, 3660 
7373, 4892, 3660 
7374, 3815, 3661 
7375, 3997, 3663 
7376, 4589, 3663 
7377, 4917, 3664 
7378, 4371, 3665 
7379, 4027, 3667 
7380, 4327, 3668 
7381, 4944, 3668 
7382, 4982, 3668 
7383, 3691, 3670 
7384, 3801, 3671 
7385, 3805, 3672 
7386, 4029, 3673 
7387, 4440, 3674 
7388, 4651, 3674 
7389, 3734, 3677 
7390, 4275, 3677 
7391, 4249, 3680 
7392, 4375, 3681 
7393, 3750, 3682 
7394, 4483, 3683 
7395, 4166, 3685 
7396, 4294, 3685 
7397, 4073, 3686 
7398, 3692, 3687 
7399, 4315, 3687 
7400, 4901, 3688 
7401, 4355, 3690 
7402, 4502, 3690 
7403, 4376, 3691 
7404, 3720, 3692 
7405, 4052, 3692 
7406, 4345, 3692 
7407, 4194, 3694 
7408, 4593, 3695 
7409, 4313, 3697 
7410, 4097, 3699 
7411, 4879, 3699 
7412, 4521, 3700 
7413, 3885, 3705 
7414, 3941, 3705 
7415, 4836, 3709 
7416, 4038, 3710 
7417, 4059, 3714 
7418, 3968, 3715 
7419, 4023, 3716 
7420, 4709, 3717 
7421, 3776, 3720 
7422, 3792, 3721 
7423, 4940, 3721 
7424, 3880, 3722 
7425, 3971, 3722 
7426, 3773, 3723 
7427, 4508, 3723 
7428, 4485, 3724 
7429, 3978, 3725 
7430, 4943, 3725 
7431, 4979, 3725 
7432, 4363, 3728 
7433, 3788, 3729 
7434, 3982, 3729 
7435, 4588, 3730 
7436, 4124, 3733 
7437, 4223, 3733 
7438, 4694, 3733 
7439, 4108, 3735 
7440, 4150, 3736 
7441, 4311, 3736 
7442, 3808, 3738 
7443, 4707, 3738 
7444, 4721, 3738 
7445, 4885, 3739 
7446, 4855, 3743 
7447, 4451, 3745 
7448, 4242, 3746 
7449, 3982, 3750 
7450, 4482, 3750 
7451, 4221, 3751 
7452, 4331, 3753 
7453, 3978, 3754 
7454, 3898, 3755 
7455, 4326, 3757 
7456, 4005, 3759 
7457, 4283, 3759 
7458, 3910, 3762 
7459, 4402, 3762 
7460, 4256, 3766 
7461, 4645, 3768 
7462, 3796, 3769 
7463, 4697, 3770 
7464, 4895, 3770 
7465, 4542, 3774 
7466, 4109, 3775 
7467, 4192, 3778 
7468, 4350, 3778 
7469, 4628, 3780 
7470, 4636, 3780 
7471, 4607, 3782 
7472, 3948, 3783 
7473, 3845, 3784 
7474, 4982, 3785 
7475, 4112, 3789 
7476, 4924, 3789 
7477, 4620, 3791 
7478, 4658, 3793 
7479, 4879, 3794 
7480, 3891, 3795 
7481, 4106, 3795 
7482, 3860, 3796 
7483, 4586, 3797 
7484, 4824, 3797 
7485, 4027, 3799 
7486, 4240, 3800 
7487, 3893, 3802 
7488, 4703, 3802 
7489, 3831, 3806 
7490, 4225, 3807 
7491, 4721, 3808 
7492, 4704, 3809 
7493, 4783, 3810 
7494, 3885, 3814 
7495, 4474, 3815 
7496, 4552, 3818 
7497, 4825, 3818 
7498, 4646, 3819 
7499, 4173, 3820 
7500, 4651, 3820 
7501, 4793, 3821 
7502, 4480, 3823 
7503, 4547, 3824 
7504, 4846, 3825 
7505, 4101, 3827 
7506, 4147, 3827 
7507, 4338, 3828 
7508, 4229, 3832 
7509, 4258, 3833 
7510, 4936, 3834 
7511, 4880, 3841 
7512, 3883, 3842 
7513, 4182, 3843 
7514, 4763, 3845 
7515, 4039, 3847 
7516, 4970, 3848 
7517, 4111, 3849 
7518, 4924, 3849 
7519, 3990, 3851 
7520, 4583, 3851 
7521, 4031, 3852 
7522, 3903, 3854 
7523, 4980, 3856 
7524, 4542, 3860 
7525, 4838, 3863 
7526, 4020, 3866 
7527, 4140, 3866 
7528, 4683, 3866 
7529, 4417, 3867 
7530, 4908, 3867 
7531, 4904, 3868 
7532, 3989, 3870 
7533, 4803, 3871 
7534, 4457, 3873 
7535, 4521, 3873 
7536, 4570, 3874 
7537, 4918, 3874 
7538, 4778, 3876 
7539, 4234, 3878 
7540, 4822, 3880 
7541, 4081, 3884 
7542, 4413, 3884 
7543, 4748, 3885 
7544, 3906, 3886 
7545, 4884, 3887 
7546, 4824, 3889 
7547, 4472, 3892 
7548, 4512, 3894 
7549, 4093, 3895 
7550, 4517, 3896 
7551, 4414, 3897 
7552, 4621, 3897 
7553, 4063, 3899 
7554, 4993, 3899 
7555, 4055, 3902 
7556, 4050, 3903 
7557, 4487, 3904 
7558, 3910, 3908 
7559, 4403, 3908 
7560, 4495, 3909 
7561, 4384, 3911 
7562, 4618, 3911 
7563, 3922, 3912 
7564, 4808, 3912 
7565, 4716, 3916 
7566, 4340, 3921 
7567, 4611, 3923 
7568, 4657, 3924 
7569, 4190, 3926 
7570, 4678, 3926 
7571, 4817, 3927 
7572, 4117, 3929 
7573, 4239, 3930 
7574, 4351, 3930 
7575, 4195, 3931 
7576, 4132, 3932 
7577, 4888, 3932 
7578, 4171, 3934 
7579, 3976, 3935 
7580, 4656, 3936 
7581, 4448, 3937 
7582, 4576, 3937 
7583, 4327, 3938 
7584, 4457, 3939 
7585, 4903, 3939 
7586, 4685, 3940 
7587, 4650, 3941 
7588, 4800, 3944 
7589, 4116, 3945 
7590, 4368, 3946 
7591, 4791, 3946 
7592, 4167, 3948 
7593, 4660, 3951 
7594, 4645, 3953 
7595, 4804, 3953 
7596, 4925, 3954 
7597, 4945, 3954 
7598, 4281, 3956 
7599, 4472, 3956 
7600, 3961, 3960 
7601, 4220, 3960 
7602, 4172, 3962 
7603, 4300, 3962 
7604, 4008, 3963 
7605, 4483, 3966 
7606, 4842, 3966 
7607, 4698, 3971 
7608, 4916, 3977 
7609, 4723, 3979 
7610, 4360, 3983 
7611, 4470, 3985 
7612, 4334, 3988 
7613, 4150, 3989 
7614, 4532, 3990 
7615, 4084, 3991 
7616, 4902, 3992 
7617, 4411, 3995 
7618, 4752, 3995 
7619, 4650, 4000 
7620, 4913, 4000 
7621, 4146, 4001 
7622, 4031, 4004 
7623, 4705, 4004 
7624, 4974, 4006 
7625, 4430, 4010 
7626, 4602, 4011 
7627, 4440, 4012 
7628, 4847, 4013 
7629, 4871, 4014 
7630, 4030, 4015 
7631, 4724, 4015 
7632, 4389, 4018 
7633, 4531, 4019 
7634, 4363, 4020 
7635, 4515, 4020 
7636, 4106, 4023 
7637, 4766, 4025 
7638, 4808, 4027 
7639, 4410, 4032 
7640, 4583, 4033 
7641, 4904, 4036 
7642, 4636, 4039 
7643, 4407, 4042 
7644, 4788, 4043 
7645, 4891, 4050 
7646, 4834, 4052 
7647, 4868, 4052 
7648, 4204, 4057 
7649, 4595, 4057 
7650, 4414, 4058 
7651, 4232, 4060 
7652, 4857, 4061 
7653, 4812, 4062 
7654, 4965, 4062 
7655, 4440, 4063 
7656, 4770, 4064 
7657, 4870, 4066 
7658, 4906, 4066 
7659, 4936, 4069 
7660, 4652, 4071 
7661, 4952, 4077 
7662, 4163, 4082 
7663, 4253, 4083 
7664, 4700, 4084 
7665, 4712, 4085 
7666, 4868, 4087 
7667, 4722, 4089 
7668, 4209, 4093 
7669, 4359, 4095 
7670, 4898, 4097 
7671, 4989, 4098 
7672, 4713, 4104 
7673, 4188, 4106 
7674, 4511, 4107 
7675, 4903, 4108 
7676, 4531, 4111 
7677, 4176, 4112 
7678, 4977, 4112 
7679, 4786, 4115 
7680, 4321, 4118 
7681, 4772, 4120 
7682, 4714, 4125 
7683, 4758, 4125 
7684, 4916, 4126 
7685, 4465, 4129 
7686, 4468, 4130 
7687, 4558, 4130 
7688, 4156, 4134 
7689, 4309, 4134 
7690, 4505, 4134 
7691, 4148, 4135 
7692, 4389, 4137 
7693, 4741, 4141 
7694, 4898, 4145 
7695, 4481, 4146 
7696, 4662, 4146 
7697, 4435, 4147 
7698, 4550, 4147 
7699, 4633, 4148 
7700, 4265, 4149 
7701, 4555, 4152 
7702, 4597, 4152 
7703, 4998, 4153 
7704, 4357, 4154 
7705, 4535, 4155 
7706, 4588, 4156 
7707, 4917, 4156 
7708, 4692, 4157 
7709, 4304, 4158 
7710, 4542, 4158 
7711, 4688, 4159 
7712, 4838, 4159 
7713, 4415, 4160 
7714, 4763, 4161 
7715, 4804, 4166 
7716, 4721, 4168 
7717, 4467, 4171 
7718, 4581, 4171 
7719, 4551, 4173 
7720, 4384, 4174 
7721, 4967, 4177 
7722, 4229, 4178 
7723, 4260, 4179 
7724, 4473, 4181 
7725, 4929, 4181 
7726, 4338, 4183 
7727, 4435, 4184 
7728, 4886, 4185 
7729, 4223, 4191 
7730, 4987, 4191 
7731, 4602, 4196 
7732, 4810, 4197 
7733, 4316, 4200 
7734, 4668, 4200 
7735, 4307, 4201 
7736, 4558, 4202 
7737, 4921, 4202 
7738, 4605, 4204 
7739, 4897, 4206 
7740, 4449, 4207 
7741, 4960, 4209 
7742, 4446, 4210 
7743, 4923, 4211 
7744, 4509, 4212 
7745, 4692, 4213 
7746, 4549, 4215 
7747, 4717, 4216 
7748, 4275, 4217 
7749, 4316, 4217 
7750, 4999, 4217 
7751, 4675, 4218 
7752, 4927, 4220 
7753, 4410, 4224 
7754, 4246, 4226 
7755, 4633, 4227 
7756, 4697, 4227 
7757, 4668, 4228 
7758, 4253, 4236 
7759, 4874, 4236 
7760, 4317, 4237 
7761, 4649, 4238 
7762, 4550, 4239 
7763, 4921, 4241 
7764, 4515, 4242 
7765, 4449, 4248 
7766, 4494, 4248 
7767, 4900, 4250 
7768, 4411, 4257 
7769, 4829, 4259 
7770, 4345, 4261 
7771, 4452, 4262 
7772, 4711, 4265 
7773, 4860, 4266 
7774, 4302, 4267 
7775, 4367, 4267 
7776, 4341, 4268 
7777, 4921, 4268 
7778, 4434, 4272 
7779, 4841, 4274 
7780, 4807, 4275 
7781, 4592, 4276 
7782, 4844, 4278 
7783, 4842, 4281 
7784, 4925, 4283 
7785, 4912, 4286 
7786, 4820, 4288 
7787, 4914, 4291 
7788, 4668, 4292 
7789, 4797, 4292 
7790, 4964, 4293 
7791, 4398, 4295 
7792, 4914, 4296 
7793, 4914, 4301 
7794, 4440, 4303 
7795, 4831, 4303 
7796, 4400, 4305 
7797, 4590, 4308 
7798, 4334, 4313 
7799, 4389, 4318 
7800, 4831, 4318 
7801, 4708, 4331 
7802, 4841, 4334 
7803, 4820, 4335 
7804, 4604, 4339 
7805, 4889, 4339 
7806, 4343, 4342 
7807, 4663, 4348 
7808, 4406, 4353 
7809, 4547, 4353 
7810, 4443, 4355 
7811, 4628, 4357 
7812, 4423, 4359 
7813, 4572, 4365 
7814, 4621, 4365 
7815, 4432, 4370 
7816, 4857, 4372 
7817, 4985, 4374 
7818, 4405, 4376 
7819, 4509, 4376 
7820, 4606, 4378 
7821, 4406, 4384 
7822, 4792, 4395 
7823, 4931, 4395 
7824, 4527, 4398 
7825, 4976, 4402 
7826, 4493, 4409 
7827, 4745, 4415 
7828, 4733, 4416 
7829, 4461, 4420 
7830, 4959, 4426 
7831, 4732, 4427 
7832, 4967, 4427 
7833, 4592, 4433 
7834, 4736, 4435 
7835, 4879, 4435 
7836, 4882, 4437 
7837, 4947, 4444 
7838, 4920, 4445 
7839, 4937, 4445 
7840, 4532, 4446 
7841, 4757, 4452 
7842, 4959, 4453 
7843, 4998, 4455 
7844, 4665, 4457 
7845, 4848, 4460 
7846, 4714, 4467 
7847, 4641, 4473 
7848, 4860, 4475 
7849, 4723, 4478 
7850, 4589, 4481 
7851, 4916, 4483 
7852, 4666, 4487 
7853, 4723, 4487 
7854, 4676, 4491 
7855, 4888, 4491 
7856, 4677, 4492 
7857, 4899, 4496 
7858, 4660, 4497 
7859, 4947, 4500 
7860, 4931, 4504 
7861, 4515, 4510 
7862, 4591, 4511 
7863, 4599, 4513 
7864, 4850, 4514 
7865, 4928, 4514 
7866, 4799, 4519 
7867, 4869, 4521 
7868, 4629, 4528 
7869, 4613, 4535 
7870, 4601, 4538 
7871, 4958, 4539 
7872, 4756, 4541 
7873, 4864, 4543 
7874, 4956, 4545 
7875, 4811, 4552 
7876, 4834, 4556 
7877, 4733, 4559 
7878, 4692, 4566 
7879, 4749, 4572 
7880, 4597, 4573 
7881, 4899, 4579 
7882, 5000, 4579 
7883, 4688, 4584 
7884, 4781, 4584 
7885, 4762, 4586 
7886, 4651, 4587 
7887, 4935, 4589 
7888, 4786, 4593 
7889, 4991, 4598 
7890, 4628, 4599 
7891, 4700, 4604 
7892, 4895, 4604 
7893, 4710, 4605 
7894, 4863, 4610 
7895, 4637, 4611 
7896, 4850, 4612 
7897, 4912, 4615 
7898, 4821, 4628 
7899, 4981, 4632 
7900, 4719, 4634 
7901, 4826, 4634 
7902, 4789, 4639 
7903, 4718, 4640 
7904, 4963, 4642 
7905, 4787, 4643 
7906, 4884, 4644 
7907, 4743, 4645 
7908, 4937, 4648 
7909, 4951, 4648 
7910, 4818, 4656 
7911, 4667, 4661 
7912, 4716, 4664 
7913, 4673, 4665 
7914, 4821, 4672 
7915, 4996, 4675 
7916, 4900, 4679 
7917, 4682, 4681 
7918, 4871, 4694 
7919, 4732, 4697 
7920, 4707, 4700 
7921, 4774, 4713 
7922, 4935, 4718 
7923, 4923, 4727 
7924, 4758, 4735 
7925, 4783, 4743 
7926, 4945, 4744 
7927, 4815, 4745 
7928, 4844, 4768 
7929, 4924, 4768 
7930, 4970, 4771 
7931, 4946, 4774 
7932, 4893, 4777 
7933, 4912, 4780 
7934, 4869, 4792 
7935, 4928, 4794 
7936, 4814, 4796 
7937, 4948, 4812 
7938, 4942, 4831 
7939, 4873, 4842 
7940, 4915, 4843 
7941, 4947, 4908 
7942, 4931, 4910 
7943, 4988, 4918 
7944, 4978, 4977 
7945, 4997, 4987 
7946, 5001, 86 
7947, 5002, 47 
7948, 5003, 114 
7949, 5004, 93 
7950, 5005, 141 
7951, 5006, 42 
7952, 5007, 155 
7953, 5008, 94 
7954, 5009, 217 
7955, 5010, 82 
7956, 5011, 229 
7957, 5012, 18 
7958, 5013, 232 
7959, 5014, 194 
7960, 5015, 245 
7961, 5016, 189 
7962, 5017, 263 
7963, 5018, 82 
7964, 5019, 283 
7965, 5020, 18 
7966, 5021, 299 
7967, 5022, 190 
7968, 5023, 316 
7969, 5024, 50 
7970, 5025, 374 
7971, 5026, 120 
7972, 5027, 425 
7973, 5028, 82 
7974, 5029, 453 
7975, 5030, 42 
7976, 5031, 468 
7977, 5032, 245 
7978, 5033, 470 
7979, 5034, 137 
7980, 5035, 484 
7981, 5036, 402 
7982, 5037, 498 
7983, 5038, 67 
7984, 5039, 512 
7985, 5040, 468 
7986, 5041, 524 
7987, 5042, 59 
7988, 5043, 528 
7989, 5044, 498 
7990, 5045, 534 
7991, 5046, 108 
7992, 5047, 536 
7993, 5048, 470 
7994, 5049, 553 
7995, 5050, 112 
7996, 5051, 566 
7997, 5052, 521 
7998, 5053, 570 
7999, 5054, 100 
8000, 5055, 573 
8001, 5056, 336 
8002, 5057, 589 
8003, 5058, 374 
8004, 5059, 607 
8005, 5060, 190 
8006, 5061, 608 
8007, 5062, 378 
8008, 5063, 614 
8009, 5064, 516 
8010, 5065, 615 
8011, 5066, 238 
8012, 5067, 615 
8013, 5068, 426 
8014, 5069, 633 
8015, 5070, 8 
8016, 5071, 638 
8017, 5072, 230 
8018, 5073, 638 
8019, 5074, 290 
8020, 5075, 649 
8021, 5076, 282 
8022, 5077, 662 
8023, 5078, 516 
8024, 5079, 664 
8025, 5080, 57 
8026, 5081, 728 
8027, 5082, 663 
8028, 5083, 757 
8029, 5084, 599 
8030, 5085, 758 
8031, 5086, 95 
8032, 5087, 758 
8033, 5088, 459 
8034, 5089, 785 
8035, 5090, 417 
8036, 5091, 791 
8037, 5092, 615 
8038, 5093, 798 
8039, 5094, 25 
8040, 5095, 800 
8041, 5096, 200 
8042, 5097, 802 
8043, 5098, 663 
8044, 5099, 804 
8045, 5100, 782 
8046, 5101, 809 
8047, 5102, 443 
8048, 5103, 809 
8049, 5104, 549 
8050, 5105, 813 
8051, 5106, 64 
8052, 5107, 816 
8053, 5108, 675 
8054, 5109, 818 
8055, 5110, 787 
8056, 5111, 825 
8057, 5112, 399 
8058, 5113, 827 
8059, 5114, 4 
8060, 5115, 828 
8061, 5116, 58 
8062, 5117, 839 
8063, 5118, 804 
8064, 5119, 840 
8065, 5120, 731 
8066, 5121, 864 
8067, 5122, 400 
8068, 5123, 929 
8069, 5124, 553 
8070, 5125, 935 
8071, 5126, 217 
8072, 5127, 956 
8073, 5128, 116 
8074, 5129, 966 
8075, 5130, 437 
8076, 5131, 966 
8077, 5132, 830 
8078, 5133, 974 
8079, 5134, 475 
8080, 5135, 975 
8081, 5136, 174 
8082, 5137, 984 
8083, 5138, 174 
8084, 5139, 989 
8085, 5140, 573 
8086, 5141, 995 
8087, 5142, 862 
8088, 5143, 1000 
8089, 5144, 119 
8090, 5145, 1004 
8091, 5146, 116 
8092, 5147, 1017 
8093, 5148, 103 
8094, 5149, 1019 
8095, 5150, 111 
8096, 5151, 1027 
8097, 5152, 496 
8098, 5153, 1027 
8099, 5154, 770 
8100, 5155, 1028 
8101, 5156, 957 
8102, 5157, 1033 
8103, 5158, 465 
8104, 5159, 1033 
8105, 5160, 883 
8106, 5161, 1036 
8107, 5162, 908 
8108, 5163, 1041 
8109, 5164, 475 
8110, 5165, 1056 
8111, 5166, 107 
8112, 5167, 1056 
8113, 5168, 361 
8114, 5169, 1067 
8115, 5170, 1002 
8116, 5171, 1082 
8117, 5172, 659 
8118, 5173, 1089 
8119, 5174, 547 
8120, 5175, 1091 
8121, 5176, 497 
8122, 5177, 1098 
8123, 5178, 597 
8124, 5179, 1103 
8125, 5180, 21 
8126, 5181, 1117 
8127, 5182, 502 
8128, 5183, 1118 
8129, 5184, 553 
8130, 5185, 1129 
8131, 5186, 764 
8132, 5187, 1145 
8133, 5188, 507 
8134, 5189, 1147 
8135, 5190, 478 
8136, 5191, 1151 
8137, 5192, 584 
8138, 5193, 1153 
8139, 5194, 276 
8140, 5195, 1155 
8141, 5196, 312 
8142, 5197, 1159 
8143, 5198, 245 
8144, 5199, 1159 
8145, 5200, 379 
8146, 5201, 1164 
8147, 5202, 912 
8148, 5203, 1165 
8149, 5204, 752 
8150, 5205, 1165 
8151, 5206, 1091 
8152, 5207, 1169 
8153, 5208, 304 
8154, 5209, 1169 
8155, 5210, 1079 
8156, 5211, 1174 
8157, 5212, 491 
8158, 5213, 1183 
8159, 5214, 289 
8160, 5215, 1183 
8161, 5216, 483 
8162, 5217, 1191 
8163, 5218, 839 
8164, 5219, 1192 
8165, 5220, 48 
8166, 5221, 1199 
8167, 5222, 741 
8168, 5223, 1201 
8169, 5224, 297 
8170, 5225, 1209 
8171, 5226, 1192 
8172, 5227, 1218 
8173, 5228, 1193 
8174, 5229, 1243 
8175, 5230, 1110 
8176, 5231, 1245 
8177, 5232, 24 
8178, 5233, 1246 
8179, 5234, 197 
8180, 5235, 1254 
8181, 5236, 404 
8182, 5237, 1272 
8183, 5238, 564 
8184, 5239, 1278 
8185, 5240, 659 
8186, 5241, 1284 
8187, 5242, 752 
8188, 5243, 1285 
8189, 5244, 18 
8190, 5245, 1287 
8191, 5246, 392 
8192, 5247, 1299 
8193, 5248, 430 
8194, 5249, 1300 
8195, 5250, 562 
8196, 5251, 1308 
8197, 5252, 877 
8198, 5253, 1309 
8199, 5254, 961 
8200, 5255, 1317 
8201, 5256, 1297 
8202, 5257, 1323 
8203, 5258, 790 
8204, 5259, 1324 
8205, 5260, 828 
8206, 5261, 1325 
8207, 5262, 529 
8208, 5263, 1325 
8209, 5264, 1158 
8210, 5265, 1334 
8211, 5266, 478 
8212, 5267, 1338 
8213, 5268, 610 
8214, 5269, 1340 
8215, 5270, 1020 
8216, 5271, 1344 
8217, 5272, 907 
8218, 5273, 1356 
8219, 5274, 929 
8220, 5275, 1360 
8221, 5276, 991 
8222, 5277, 1366 
8223, 5278, 229 
8224, 5279, 1366 
8225, 5280, 244 
8226, 5281, 1371 
8227, 5282, 316 
8228, 5283, 1371 
8229, 5284, 1118 
8230, 5285, 1372 
8231, 5286, 1057 
8232, 5287, 1377 
8233, 5288, 612 
8234, 5289, 1382 
8235, 5290, 1116 
8236, 5291, 1390 
8237, 5292, 193 
8238, 5293, 1390 
8239, 5294, 331 
8240, 5295, 1390 
8241, 5296, 699 
8242, 5297, 1401 
8243, 5298, 426 
8244, 5299, 1401 
8245, 5300, 839 
8246, 5301, 1409 
8247, 5302, 822 
8248, 5303, 1418 
8249, 5304, 1320 
8250, 5305, 1427 
8251, 5306, 773 
8252, 5307, 1431 
8253, 5308, 1238 
8254, 5309, 1441 
8255, 5310, 716 
8256, 5311, 1443 
8257, 5312, 304 
8258, 5313, 1443 
8259, 5314, 1323 
8260, 5315, 1447 
8261, 5316, 1210 
8262, 5317, 1450 
8263, 5318, 625 
8264, 5319, 1450 
8265, 5320, 762 
8266, 5321, 1451 
8267, 5322, 853 
8268, 5323, 1455 
8269, 5324, 276 
8270, 5325, 1461 
8271, 5326, 812 
8272, 5327, 1462 
8273, 5328, 1355 
8274, 5329, 1463 
8275, 5330, 846 
8276, 5331, 1464 
8277, 5332, 451 
8278, 5333, 1468 
8279, 5334, 795 
8280, 5335, 1469 
8281, 5336, 392 
8282, 5337, 1472 
8283, 5338, 50 
8284, 5339, 1476 
8285, 5340, 632 
8286, 5341, 1479 
8287, 5342, 151 
8288, 5343, 1482 
8289, 5344, 1443 
8290, 5345, 1486 
8291, 5346, 632 
8292, 5347, 1492 
8293, 5348, 52 
8294, 5349, 1492 
8295, 5350, 160 
8296, 5351, 1492 
8297, 5352, 996 
8298, 5353, 1496 
8299, 5354, 337 
8300, 5355, 1498 
8301, 5356, 554 
8302, 5357, 1516 
8303, 5358, 214 
8304, 5359, 1545 
8305, 5360, 190 
8306, 5361, 1548 
8307, 5362, 1529 
8308, 5363, 1552 
8309, 5364, 663 
8310, 5365, 1556 
8311, 5366, 599 
8312, 5367, 1561 
8313, 5368, 699 
8314, 5369, 1563 
8315, 5370, 189 
8316, 5371, 1569 
8317, 5372, 1062 
8318, 5373, 1590 
8319, 5374, 1355 
8320, 5375, 1592 
8321, 5376, 117 
8322, 5377, 1594 
8323, 5378, 1422 
8324, 5379, 1607 
8325, 5380, 206 
8326, 5381, 1607 
8327, 5382, 1250 
8328, 5383, 1608 
8329, 5384, 715 
8330, 5385, 1618 
8331, 5386, 880 
8332, 5387, 1622 
8333, 5388, 52 
8334, 5389, 1623 
8335, 5390, 675 
8336, 5391, 1623 
8337, 5392, 1428 
8338, 5393, 1625 
8339, 5394, 888 
8340, 5395, 1627 
8341, 5396, 524 
8342, 5397, 1628 
8343, 5398, 175 
8344, 5399, 1628 
8345, 5400, 1144 
8346, 5401, 1631 
8347, 5402, 1376 
8348, 5403, 1635 
8349, 5404, 1195 
8350, 5405, 1642 
8351, 5406, 1344 
8352, 5407, 1646 
8353, 5408, 105 
8354, 5409, 1646 
8355, 5410, 890 
8356, 5411, 1650 
8357, 5412, 115 
8358, 5413, 1659 
8359, 5414, 1075 
8360, 5415, 1662 
8361, 5416, 920 
8362, 5417, 1670 
8363, 5418, 171 
8364, 5419, 1672 
8365, 5420, 1384 
8366, 5421, 1682 
8367, 5422, 1575 
8368, 5423, 1683 
8369, 5424, 20 
8370, 5425, 1685 
8371, 5426, 368 
8372, 5427, 1685 
8373, 5428, 509 
8374, 5429, 1686 
8375, 5430, 944 
8376, 5431, 1686 
8377, 5432, 1627 
8378, 5433, 1697 
8379, 5434, 43 
8380, 5435, 1697 
8381, 5436, 437 
8382, 5437, 1700 
8383, 5438, 1354 
8384, 5439, 1702 
8385, 5440, 100 
8386, 5441, 1702 
8387, 5442, 666 
8388, 5443, 1703 
8389, 5444, 276 
8390, 5445, 1709 
8391, 5446, 872 
8392, 5447, 1714 
8393, 5448, 187 
8394, 5449, 1722 
8395, 5450, 854 
8396, 5451, 1724 
8397, 5452, 1353 
8398, 5453, 1733 
8399, 5454, 17 
8400, 5455, 1733 
8401, 5456, 1125 
8402, 5457, 1737 
8403, 5458, 1535 
8404, 5459, 1748 
8405, 5460, 760 
8406, 5461, 1748 
8407, 5462, 996 
8408, 5463, 1748 
8409, 5464, 1618 
8410, 5465, 1749 
8411, 5466, 1622 
8412, 5467, 1754 
8413, 5468, 66 
8414, 5469, 1756 
8415, 5470, 17 
8416, 5471, 1756 
8417, 5472, 762 
8418, 5473, 1758 
8419, 5474, 1650 
8420, 5475, 1766 
8421, 5476, 426 
8422, 5477, 1766 
8423, 5478, 1047 
8424, 5479, 1766 
8425, 5480, 1472 
8426, 5481, 1775 
8427, 5482, 670 
8428, 5483, 1786 
8429, 5484, 1103 
8430, 5485, 1787 
8431, 5486, 1722 
8432, 5487, 1792 
8433, 5488, 1769 
8434, 5489, 1792 
8435, 5490, 1787 
8436, 5491, 1793 
8437, 5492, 1694 
8438, 5493, 1802 
8439, 5494, 429 
8440, 5495, 1804 
8441, 5496, 67 
8442, 5497, 1809 
8443, 5498, 1 
8444, 5499, 1811 
8445, 5500, 1086 
8446, 5501, 1815 
8447, 5502, 1033 
8448, 5503, 1817 
8449, 5504, 962 
8450, 5505, 1817 
8451, 5506, 1429 
8452, 5507, 1819 
8453, 5508, 430 
8454, 5509, 1822 
8455, 5510, 1564 
8456, 5511, 1826 
8457, 5512, 1563 
8458, 5513, 1840 
8459, 5514, 1226 
8460, 5515, 1840 
8461, 5516, 1406 
8462, 5517, 1846 
8463, 5518, 1510 
8464, 5519, 1850 
8465, 5520, 754 
8466, 5521, 1851 
8467, 5522, 1634 
8468, 5523, 1863 
8469, 5524, 1401 
8470, 5525, 1865 
8471, 5526, 1277 
8472, 5527, 1875 
8473, 5528, 249 
8474, 5529, 1875 
8475, 5530, 1238 
8476, 5531, 1882 
8477, 5532, 248 
8478, 5533, 1883 
8479, 5534, 761 
8480, 5535, 1883 
8481, 5536, 1694 
8482, 5537, 1884 
8483, 5538, 1498 
8484, 5539, 1886 
8485, 5540, 753 
8486, 5541, 1887 
8487, 5542, 843 
8488, 5543, 1887 
8489, 5544, 1062 
8490, 5545, 1894 
8491, 5546, 664 
8492, 5547, 1896 
8493, 5548, 628 
8494, 5549, 1897 
8495, 5550, 299 
8496, 5551, 1897 
8497, 5552, 965 
8498, 5553, 1899 
8499, 5554, 1276 
8500, 5555, 1899 
8501, 5556, 1394 
8502, 5557, 1909 
8503, 5558, 1695 
8504, 5559, 1913 
8505, 5560, 1618 
8506, 5561, 1914 
8507, 5562, 154 
8508, 5563, 1918 
8509, 5564, 1265 
8510, 5565, 1919 
8511, 5566, 140 
8512, 5567, 1922 
8513, 5568, 21 
8514, 5569, 1922 
8515, 5570, 1481 
8516, 5571, 1927 
8517, 5572, 1481 
8518, 5573, 1927 
8519, 5574, 1642 
8520, 5575, 1931 
8521, 5576, 631 
8522, 5577, 1932 
8523, 5578, 840 
8524, 5579, 1933 
8525, 5580, 649 
8526, 5581, 1935 
8527, 5582, 704 
8528, 5583, 1939 
8529, 5584, 685 
8530, 5585, 1940 
8531, 5586, 1247 
8532, 5587, 1941 
8533, 5588, 638 
8534, 5589, 1942 
8535, 5590, 1670 
8536, 5591, 1944 
8537, 5592, 231 
8538, 5593, 1947 
8539, 5594, 601 
8540, 5595, 1947 
8541, 5596, 673 
8542, 5597, 1948 
8543, 5598, 1605 
8544, 5599, 1952 
8545, 5600, 1686 
8546, 5601, 1958 
8547, 5602, 991 
8548, 5603, 1964 
8549, 5604, 1957 
8550, 5605, 1974 
8551, 5606, 346 
8552, 5607, 1975 
8553, 5608, 1434 
8554, 5609, 1976 
8555, 5610, 157 
8556, 5611, 1988 
8557, 5612, 360 
8558, 5613, 1992 
8559, 5614, 1355 
8560, 5615, 1995 
8561, 5616, 1948 
8562, 5617, 1996 
8563, 5618, 1334 
8564, 5619, 2001 
8565, 5620, 1199 
8566, 5621, 2003 
8567, 5622, 1159 
8568, 5623, 2003 
8569, 5624, 1365 
8570, 5625, 2006 
8571, 5626, 931 
8572, 5627, 2013 
8573, 5628, 1857 
8574, 5629, 2022 
8575, 5630, 1952 
8576, 5631, 2023 
8577, 5632, 149 
8578, 5633, 2024 
8579, 5634, 979 
8580, 5635, 2028 
8581, 5636, 163 
8582, 5637, 2030 
8583, 5638, 1052 
8584, 5639, 2040 
8585, 5640, 469 
8586, 5641, 2042 
8587, 5642, 238 
8588, 5643, 2048 
8589, 5644, 819 
8590, 5645, 2057 
8591, 5646, 741 
8592, 5647, 2057 
8593, 5648, 1786 
8594, 5649, 2064 
8595, 5650, 282 
8596, 5651, 2064 
8597, 5652, 1356 
8598, 5653, 2065 
8599, 5654, 919 
8600, 5655, 2067 
8601, 5656, 1466 
8602, 5657, 2069 
8603, 5658, 815 
8604, 5659, 2072 
8605, 5660, 1997 
8606, 5661, 2072 
8607, 5662, 2030 
8608, 5663, 2077 
8609, 5664, 770 
8610, 5665, 2080 
8611, 5666, 1625 
8612, 5667, 2081 
8613, 5668, 1423 
8614, 5669, 2092 
8615, 5670, 769 
8616, 5671, 2098 
8617, 5672, 1311 
8618, 5673, 2098 
8619, 5674, 1649 
8620, 5675, 2099 
8621, 5676, 1556 
8622, 5677, 2100 
8623, 5678, 676 
8624, 5679, 2103 
8625, 5680, 50 
8626, 5681, 2103 
8627, 5682, 94 
8628, 5683, 2103 
8629, 5684, 1371 
8630, 5685, 2104 
8631, 5686, 158 
8632, 5687, 2106 
8633, 5688, 612 
8634, 5689, 2106 
8635, 5690, 1093 
8636, 5691, 2106 
8637, 5692, 1466 
8638, 5693, 2110 
8639, 5694, 564 
8640, 5695, 2110 
8641, 5696, 579 
8642, 5697, 2110 
8643, 5698, 1150 
8644, 5699, 2113 
8645, 5700, 2006 
8646, 5701, 2115 
8647, 5702, 1880 
8648, 5703, 2117 
8649, 5704, 1574 
8650, 5705, 2117 
8651, 5706, 1717 
8652, 5707, 2120 
8653, 5708, 2011 
8654, 5709, 2122 
8655, 5710, 36 
8656, 5711, 2122 
8657, 5712, 1194 
8658, 5713, 2122 
8659, 5714, 1442 
8660, 5715, 2129 
8661, 5716, 1285 
8662, 5717, 2129 
8663, 5718, 1709 
8664, 5719, 2133 
8665, 5720, 1032 
8666, 5721, 2133 
8667, 5722, 1894 
8668, 5723, 2137 
8669, 5724, 1513 
8670, 5725, 2139 
8671, 5726, 1336 
8672, 5727, 2142 
8673, 5728, 1224 
8674, 5729, 2154 
8675, 5730, 1852 
8676, 5731, 2157 
8677, 5732, 1052 
8678, 5733, 2158 
8679, 5734, 1146 
8680, 5735, 2158 
8681, 5736, 1568 
8682, 5737, 2160 
8683, 5738, 1948 
8684, 5739, 2162 
8685, 5740, 478 
8686, 5741, 2165 
8687, 5742, 305 
8688, 5743, 2172 
8689, 5744, 653 
8690, 5745, 2172 
8691, 5746, 842 
8692, 5747, 2173 
8693, 5748, 2109 
8694, 5749, 2175 
8695, 5750, 452 
8696, 5751, 2181 
8697, 5752, 1476 
8698, 5753, 2186 
8699, 5754, 1819 
8700, 5755, 2190 
8701, 5756, 1641 
8702, 5757, 2194 
8703, 5758, 1124 
8704, 5759, 2194 
8705, 5760, 1497 
8706, 5761, 2196 
8707, 5762, 1174 
8708, 5763, 2201 
8709, 5764, 1181 
8710, 5765, 2201 
8711, 5766, 1825 
8712, 5767, 2202 
8713, 5768, 546 
8714, 5769, 2205 
8715, 5770, 1586 
8716, 5771, 2208 
8717, 5772, 1293 
8718, 5773, 2212 
8719, 5774, 2012 
8720, 5775, 2217 
8721, 5776, 1038 
8722, 5777, 2217 
8723, 5778, 1754 
8724, 5779, 2219 
8725, 5780, 2097 
8726, 5781, 2221 
8727, 5782, 1726 
8728, 5783, 2224 
8729, 5784, 756 
8730, 5785, 2226 
8731, 5786, 876 
8732, 5787, 2226 
8733, 5788, 1820 
8734, 5789, 2230 
8735, 5790, 119 
8736, 5791, 2232 
8737, 5792, 1819 
8738, 5793, 2234 
8739, 5794, 2158 
8740, 5795, 2236 
8741, 5796, 2024 
8742, 5797, 2240 
8743, 5798, 316 
8744, 5799, 2240 
8745, 5800, 340 
8746, 5801, 2258 
8747, 5802, 995 
8748, 5803, 2263 
8749, 5804, 1405 
8750, 5805, 2264 
8751, 5806, 1376 
8752, 5807, 2264 
8753, 5808, 1729 
8754, 5809, 2269 
8755, 5810, 1028 
8756, 5811, 2272 
8757, 5812, 1250 
8758, 5813, 2277 
8759, 5814, 738 
8760, 5815, 2282 
8761, 5816, 791 
8762, 5817, 2282 
8763, 5818, 1758 
8764, 5819, 2284 
8765, 5820, 1848 
8766, 5821, 2285 
8767, 5822, 1860 
8768, 5823, 2287 
8769, 5824, 1574 
8770, 5825, 2288 
8771, 5826, 1192 
8772, 5827, 2296 
8773, 5828, 907 
8774, 5829, 2310 
8775, 5830, 2272 
8776, 5831, 2312 
8777, 5832, 707 
8778, 5833, 2312 
8779, 5834, 765 
8780, 5835, 2316 
8781, 5836, 1097 
8782, 5837, 2316 
8783, 5838, 1642 
8784, 5839, 2317 
8785, 5840, 370 
8786, 5841, 2317 
8787, 5842, 752 
8788, 5843, 2317 
8789, 5844, 2259 
8790, 5845, 2328 
8791, 5846, 20 
8792, 5847, 2329 
8793, 5848, 117 
8794, 5849, 2331 
8795, 5850, 895 
8796, 5851, 2333 
8797, 5852, 474 
8798, 5853, 2333 
8799, 5854, 767 
8800, 5855, 2333 
8801, 5856, 899 
8802, 5857, 2334 
8803, 5858, 553 
8804, 5859, 2334 
8805, 5860, 2310 
8806, 5861, 2335 
8807, 5862, 1251 
8808, 5863, 2338 
8809, 5864, 318 
8810, 5865, 2339 
8811, 5866, 2237 
8812, 5867, 2339 
8813, 5868, 2254 
8814, 5869, 2344 
8815, 5870, 504 
8816, 5871, 2345 
8817, 5872, 2085 
8818, 5873, 2346 
8819, 5874, 2000 
8820, 5875, 2351 
8821, 5876, 1933 
8822, 5877, 2353 
8823, 5878, 1152 
8824, 5879, 2359 
8825, 5880, 1175 
8826, 5881, 2361 
8827, 5882, 1697 
8828, 5883, 2362 
8829, 5884, 1958 
8830, 5885, 2363 
8831, 5886, 625 
8832, 5887, 2365 
8833, 5888, 351 
8834, 5889, 2365 
8835, 5890, 2041 
8836, 5891, 2366 
8837, 5892, 1552 
8838, 5893, 2367 
8839, 5894, 1629 
8840, 5895, 2371 
8841, 5896, 1697 
8842, 5897, 2380 
8843, 5898, 161 
8844, 5899, 2383 
8845, 5900, 1027 
8846, 5901, 2383 
8847, 5902, 1781 
8848, 5903, 2385 
8849, 5904, 1627 
8850, 5905, 2389 
8851, 5906, 2236 
8852, 5907, 2393 
8853, 5908, 975 
8854, 5909, 2394 
8855, 5910, 1021 
8856, 5911, 2407 
8857, 5912, 1103 
8858, 5913, 2407 
8859, 5914, 1634 
8860, 5915, 2408 
8861, 5916, 2080 
8862, 5917, 2415 
8863, 5918, 2175 
8864, 5919, 2420 
8865, 5920, 2264 
8866, 5921, 2422 
8867, 5922, 72 
8868, 5923, 2423 
8869, 5924, 2014 
8870, 5925, 2425 
8871, 5926, 1464 
8872, 5927, 2427 
8873, 5928, 830 
8874, 5929, 2432 
8875, 5930, 2394 
8876, 5931, 2439 
8877, 5932, 1729 
8878, 5933, 2440 
8879, 5934, 2029 
8880, 5935, 2441 
8881, 5936, 844 
8882, 5937, 2441 
8883, 5938, 1104 
8884, 5939, 2442 
8885, 5940, 1685 
8886, 5941, 2443 
8887, 5942, 1759 
8888, 5943, 2443 
8889, 5944, 1816 
8890, 5945, 2444 
8891, 5946, 262 
8892, 5947, 2445 
8893, 5948, 2304 
8894, 5949, 2447 
8895, 5950, 1929 
8896, 5951, 2448 
8897, 5952, 2023 
8898, 5953, 2450 
8899, 5954, 242 
8900, 5955, 2451 
8901, 5956, 1108 
8902, 5957, 2453 
8903, 5958, 534 
8904, 5959, 2455 
8905, 5960, 909 
8906, 5961, 2456 
8907, 5962, 654 
8908, 5963, 2457 
8909, 5964, 379 
8910, 5965, 2458 
8911, 5966, 1246 
8912, 5967, 2459 
8913, 5968, 143 
8914, 5969, 2459 
8915, 5970, 685 
8916, 5971, 2462 
8917, 5972, 1650 
8918, 5973, 2463 
8919, 5974, 2044 
8920, 5975, 2465 
8921, 5976, 197 
8922, 5977, 2468 
8923, 5978, 1960 
8924, 5979, 2468 
8925, 5980, 2092 
8926, 5981, 2471 
8927, 5982, 1247 
8928, 5983, 2472 
8929, 5984, 1892 
8930, 5985, 2472 
8931, 5986, 2349 
8932, 5987, 2473 
8933, 5988, 6 
8934, 5989, 2474 
8935, 5990, 171 
8936, 5991, 2474 
8937, 5992, 1256 
8938, 5993, 2476 
8939, 5994, 294 
8940, 5995, 2479 
8941, 5996, 1393 
8942, 5997, 2479 
8943, 5998, 2126 
8944, 5999, 2481 
8945, 6000, 1407 
8946, 6001, 2486 
8947, 6002, 825 
8948, 6003, 2486 
8949, 6004, 852 
8950, 6005, 2493 
8951, 6006, 1247 
8952, 6007, 2494 
8953, 6008, 17 
8954, 6009, 2496 
8955, 6010, 1383 
8956, 6011, 2496 
8957, 6012, 1524 
8958, 6013, 2503 
8959, 6014, 1649 
8960, 6015, 2505 
8961, 6016, 242 
8962, 6017, 2505 
8963, 6018, 770 
8964, 6019, 2505 
8965, 6020, 1904 
8966, 6021, 2507 
8967, 6022, 1016 
8968, 6023, 2511 
8969, 6024, 633 
8970, 6025, 2511 
8971, 6026, 1050 
8972, 6027, 2518 
8973, 6028, 489 
8974, 6029, 2518 
8975, 6030, 570 
8976, 6031, 2522 
8977, 6032, 1382 
8978, 6033, 2525 
8979, 6034, 2071 
8980, 6035, 2526 
8981, 6036, 1022 
8982, 6037, 2526 
8983, 6038, 2312 
8984, 6039, 2533 
8985, 6040, 225 
8986, 6041, 2533 
8987, 6042, 1391 
8988, 6043, 2533 
8989, 6044, 2196 
8990, 6045, 2536 
8991, 6046, 202 
8992, 6047, 2536 
8993, 6048, 477 
8994, 6049, 2539 
8995, 6050, 2253 
8996, 6051, 2540 
8997, 6052, 1188 
8998, 6053, 2541 
8999, 6054, 1102 
9000, 6055, 2545 
9001, 6056, 1482 
9002, 6057, 2546 
9003, 6058, 215 
9004, 6059, 2550 
9005, 6060, 1418 
9006, 6061, 2556 
9007, 6062, 869 
9008, 6063, 2557 
9009, 6064, 1699 
9010, 6065, 2562 
9011, 6066, 150 
9012, 6067, 2562 
9013, 6068, 393 
9014, 6069, 2565 
9015, 6070, 767 
9016, 6071, 2566 
9017, 6072, 784 
9018, 6073, 2566 
9019, 6074, 1569 
9020, 6075, 2570 
9021, 6076, 1457 
9022, 6077, 2574 
9023, 6078, 811 
9024, 6079, 2579 
9025, 6080, 1605 
9026, 6081, 2586 
9027, 6082, 497 
9028, 6083, 2586 
9029, 6084, 953 
9030, 6085, 2595 
9031, 6086, 1733 
9032, 6087, 2596 
9033, 6088, 434 
9034, 6089, 2596 
9035, 6090, 1119 
9036, 6091, 2596 
9037, 6092, 2404 
9038, 6093, 2598 
9039, 6094, 2553 
9040, 6095, 2602 
9041, 6096, 1917 
9042, 6097, 2603 
9043, 6098, 200 
9044, 6099, 2603 
9045, 6100, 755 
9046, 6101, 2604 
9047, 6102, 2292 
9048, 6103, 2606 
9049, 6104, 1198 
9050, 6105, 2606 
9051, 6106, 1280 
9052, 6107, 2607 
9053, 6108, 1572 
9054, 6109, 2609 
9055, 6110, 2146 
9056, 6111, 2620 
9057, 6112, 350 
9058, 6113, 2622 
9059, 6114, 1970 
9060, 6115, 2624 
9061, 6116, 1917 
9062, 6117, 2632 
9063, 6118, 1351 
9064, 6119, 2635 
9065, 6120, 1129 
9066, 6121, 2638 
9067, 6122, 151 
9068, 6123, 2642 
9069, 6124, 1938 
9070, 6125, 2644 
9071, 6126, 2137 
9072, 6127, 2647 
9073, 6128, 782 
9074, 6129, 2650 
9075, 6130, 469 
9076, 6131, 2651 
9077, 6132, 2582 
9078, 6133, 2653 
9079, 6134, 860 
9080, 6135, 2653 
9081, 6136, 944 
9082, 6137, 2660 
9083, 6138, 564 
9084, 6139, 2663 
9085, 6140, 289 
9086, 6141, 2663 
9087, 6142, 442 
9088, 6143, 2664 
9089, 6144, 956 
9090, 6145, 2666 
9091, 6146, 1886 
9092, 6147, 2668 
9093, 6148, 2093 
9094, 6149, 2669 
9095, 6150, 679 
9096, 6151, 2669 
9097, 6152, 1410 
9098, 6153, 2670 
9099, 6154, 2459 
9100, 6155, 2671 
9101, 6156, 1102 
9102, 6157, 2671 
9103, 6158, 1211 
9104, 6159, 2673 
9105, 6160, 1959 
9106, 6161, 2675 
9107, 6162, 1554 
9108, 6163, 2678 
9109, 6164, 2308 
9110, 6165, 2680 
9111, 6166, 957 
9112, 6167, 2681 
9113, 6168, 2479 
9114, 6169, 2683 
9115, 6170, 1486 
9116, 6171, 2684 
9117, 6172, 2186 
9118, 6173, 2685 
9119, 6174, 188 
9120, 6175, 2685 
9121, 6176, 1248 
9122, 6177, 2685 
9123, 6178, 2278 
9124, 6179, 2688 
9125, 6180, 1000 
9126, 6181, 2691 
9127, 6182, 1099 
9128, 6183, 2693 
9129, 6184, 2303 
9130, 6185, 2699 
9131, 6186, 876 
9132, 6187, 2701 
9133, 6188, 1472 
9134, 6189, 2701 
9135, 6190, 2338 
9136, 6191, 2703 
9137, 6192, 1067 
9138, 6193, 2703 
9139, 6194, 1716 
9140, 6195, 2707 
9141, 6196, 1637 
9142, 6197, 2709 
9143, 6198, 2380 
9144, 6199, 2710 
9145, 6200, 1104 
9146, 6201, 2712 
9147, 6202, 908 
9148, 6203, 2713 
9149, 6204, 579 
9150, 6205, 2724 
9151, 6206, 1958 
9152, 6207, 2726 
9153, 6208, 1076 
9154, 6209, 2728 
9155, 6210, 1410 
9156, 6211, 2728 
9157, 6212, 2518 
9158, 6213, 2730 
9159, 6214, 1336 
9160, 6215, 2731 
9161, 6216, 324 
9162, 6217, 2732 
9163, 6218, 1152 
9164, 6219, 2732 
9165, 6220, 2673 
9166, 6221, 2734 
9167, 6222, 1820 
9168, 6223, 2738 
9169, 6224, 208 
9170, 6225, 2741 
9171, 6226, 443 
9172, 6227, 2743 
9173, 6228, 2280 
9174, 6229, 2746 
9175, 6230, 578 
9176, 6231, 2746 
9177, 6232, 2394 
9178, 6233, 2748 
9179, 6234, 1483 
9180, 6235, 2749 
9181, 6236, 683 
9182, 6237, 2759 
9183, 6238, 166 
9184, 6239, 2761 
9185, 6240, 92 
9186, 6241, 2761 
9187, 6242, 1389 
9188, 6243, 2762 
9189, 6244, 2448 
9190, 6245, 2763 
9191, 6246, 1269 
9192, 6247, 2764 
9193, 6248, 1966 
9194, 6249, 2769 
9195, 6250, 321 
9196, 6251, 2769 
9197, 6252, 1004 
9198, 6253, 2769 
9199, 6254, 1440 
9200, 6255, 2772 
9201, 6256, 2258 
9202, 6257, 2774 
9203, 6258, 123 
9204, 6259, 2784 
9205, 6260, 2098 
9206, 6261, 2792 
9207, 6262, 1605 
9208, 6263, 2794 
9209, 6264, 69 
9210, 6265, 2800 
9211, 6266, 116 
9212, 6267, 2800 
9213, 6268, 1826 
9214, 6269, 2806 
9215, 6270, 115 
9216, 6271, 2807 
9217, 6272, 116 
9218, 6273, 2808 
9219, 6274, 1185 
9220, 6275, 2809 
9221, 6276, 225 
9222, 6277, 2811 
9223, 6278, 862 
9224, 6279, 2813 
9225, 6280, 2296 
9226, 6281, 2817 
9227, 6282, 353 
9228, 6283, 2818 
9229, 6284, 690 
9230, 6285, 2820 
9231, 6286, 1056 
9232, 6287, 2820 
9233, 6288, 1607 
9234, 6289, 2825 
9235, 6290, 2708 
9236, 6291, 2826 
9237, 6292, 55 
9238, 6293, 2826 
9239, 6294, 983 
9240, 6295, 2826 
9241, 6296, 2292 
9242, 6297, 2829 
9243, 6298, 2614 
9244, 6299, 2832 
9245, 6300, 1702 
9246, 6301, 2835 
9247, 6302, 1624 
9248, 6303, 2836 
9249, 6304, 2664 
9250, 6305, 2836 
9251, 6306, 2779 
9252, 6307, 2837 
9253, 6308, 1624 
9254, 6309, 2845 
9255, 6310, 1591 
9256, 6311, 2851 
9257, 6312, 133 
9258, 6313, 2851 
9259, 6314, 1340 
9260, 6315, 2852 
9261, 6316, 1626 
9262, 6317, 2853 
9263, 6318, 1560 
9264, 6319, 2854 
9265, 6320, 2763 
9266, 6321, 2857 
9267, 6322, 2392 
9268, 6323, 2858 
9269, 6324, 2085 
9270, 6325, 2861 
9271, 6326, 929 
9272, 6327, 2861 
9273, 6328, 1087 
9274, 6329, 2861 
9275, 6330, 1880 
9276, 6331, 2864 
9277, 6332, 1493 
9278, 6333, 2866 
9279, 6334, 903 
9280, 6335, 2869 
9281, 6336, 893 
9282, 6337, 2876 
9283, 6338, 1564 
9284, 6339, 2881 
9285, 6340, 347 
9286, 6341, 2882 
9287, 6342, 2462 
9288, 6343, 2885 
9289, 6344, 1794 
9290, 6345, 2887 
9291, 6346, 2800 
9292, 6347, 2888 
9293, 6348, 2190 
9294, 6349, 2890 
9295, 6350, 2370 
9296, 6351, 2897 
9297, 6352, 653 
9298, 6353, 2898 
9299, 6354, 1776 
9300, 6355, 2902 
9301, 6356, 1925 
9302, 6357, 2905 
9303, 6358, 471 
9304, 6359, 2907 
9305, 6360, 1860 
9306, 6361, 2909 
9307, 6362, 938 
9308, 6363, 2911 
9309, 6364, 561 
9310, 6365, 2914 
9311, 6366, 1120 
9312, 6367, 2915 
9313, 6368, 1736 
9314, 6369, 2916 
9315, 6370, 266 
9316, 6371, 2921 
9317, 6372, 1373 
9318, 6373, 2923 
9319, 6374, 2056 
9320, 6375, 2923 
9321, 6376, 2915 
9322, 6377, 2924 
9323, 6378, 1726 
9324, 6379, 2926 
9325, 6380, 120 
9326, 6381, 2927 
9327, 6382, 1324 
9328, 6383, 2928 
9329, 6384, 417 
9330, 6385, 2928 
9331, 6386, 518 
9332, 6387, 2929 
9333, 6388, 150 
9334, 6389, 2929 
9335, 6390, 1120 
9336, 6391, 2929 
9337, 6392, 2045 
9338, 6393, 2931 
9339, 6394, 2234 
9340, 6395, 2932 
9341, 6396, 39 
9342, 6397, 2933 
9343, 6398, 1356 
9344, 6399, 2939 
9345, 6400, 2851 
9346, 6401, 2941 
9347, 6402, 798 
9348, 6403, 2941 
9349, 6404, 1787 
9350, 6405, 2949 
9351, 6406, 109 
9352, 6407, 2949 
9353, 6408, 2694 
9354, 6409, 2949 
9355, 6410, 2863 
9356, 6411, 2951 
9357, 6412, 1354 
9358, 6413, 2951 
9359, 6414, 2368 
9360, 6415, 2952 
9361, 6416, 60 
9362, 6417, 2952 
9363, 6418, 2093 
9364, 6419, 2957 
9365, 6420, 830 
9366, 6421, 2958 
9367, 6422, 2029 
9368, 6423, 2958 
9369, 6424, 2586 
9370, 6425, 2959 
9371, 6426, 114 
9372, 6427, 2962 
9373, 6428, 524 
9374, 6429, 2965 
9375, 6430, 1001 
9376, 6431, 2966 
9377, 6432, 2652 
9378, 6433, 2968 
9379, 6434, 612 
9380, 6435, 2971 
9381, 6436, 399 
9382, 6437, 2971 
9383, 6438, 2496 
9384, 6439, 2975 
9385, 6440, 775 
9386, 6441, 2975 
9387, 6442, 2707 
9388, 6443, 2976 
9389, 6444, 981 
9390, 6445, 2977 
9391, 6446, 217 
9392, 6447, 2977 
9393, 6448, 861 
9394, 6449, 2983 
9395, 6450, 857 
9396, 6451, 2984 
9397, 6452, 2400 
9398, 6453, 2984 
9399, 6454, 2564 
9400, 6455, 2984 
9401, 6456, 2836 
9402, 6457, 2985 
9403, 6458, 1089 
9404, 6459, 2985 
9405, 6460, 1225 
9406, 6461, 2989 
9407, 6462, 1619 
9408, 6463, 2996 
9409, 6464, 2444 
9410, 6465, 3002 
9411, 6466, 1420 
9412, 6467, 3003 
9413, 6468, 909 
9414, 6469, 3006 
9415, 6470, 748 
9416, 6471, 3006 
9417, 6472, 2933 
9418, 6473, 3010 
9419, 6474, 1918 
9420, 6475, 3010 
9421, 6476, 2493 
9422, 6477, 3011 
9423, 6478, 73 
9424, 6479, 3017 
9425, 6480, 2427 
9426, 6481, 3020 
9427, 6482, 630 
9428, 6483, 3020 
9429, 6484, 2546 
9430, 6485, 3022 
9431, 6486, 1459 
9432, 6487, 3027 
9433, 6488, 1645 
9434, 6489, 3027 
9435, 6490, 2206 
9436, 6491, 3031 
9437, 6492, 2284 
9438, 6493, 3034 
9439, 6494, 953 
9440, 6495, 3036 
9441, 6496, 690 
9442, 6497, 3036 
9443, 6498, 1733 
9444, 6499, 3036 
9445, 6500, 2011 
9446, 6501, 3036 
9447, 6502, 2818 
9448, 6503, 3038 
9449, 6504, 11 
9450, 6505, 3038 
9451, 6506, 181 
9452, 6507, 3038 
9453, 6508, 1226 
9454, 6509, 3039 
9455, 6510, 1419 
9456, 6511, 3050 
9457, 6512, 1646 
9458, 6513, 3050 
9459, 6514, 2444 
9460, 6515, 3050 
9461, 6516, 2830 
9462, 6517, 3060 
9463, 6518, 1046 
9464, 6519, 3060 
9465, 6520, 1331 
9466, 6521, 3061 
9467, 6522, 318 
9468, 6523, 3061 
9469, 6524, 2566 
9470, 6525, 3065 
9471, 6526, 1861 
9472, 6527, 3065 
9473, 6528, 1871 
9474, 6529, 3067 
9475, 6530, 724 
9476, 6531, 3070 
9477, 6532, 1248 
9478, 6533, 3070 
9479, 6534, 2795 
9480, 6535, 3078 
9481, 6536, 2511 
9482, 6537, 3082 
9483, 6538, 1440 
9484, 6539, 3086 
9485, 6540, 1932 
9486, 6541, 3088 
9487, 6542, 842 
9488, 6543, 3088 
9489, 6544, 1459 
9490, 6545, 3088 
9491, 6546, 2367 
9492, 6547, 3089 
9493, 6548, 2097 
9494, 6549, 3091 
9495, 6550, 572 
9496, 6551, 3091 
9497, 6552, 1819 
9498, 6553, 3095 
9499, 6554, 2165 
9500, 6555, 3096 
9501, 6556, 1629 
9502, 6557, 3096 
9503, 6558, 1855 
9504, 6559, 3097 
9505, 6560, 1477 
9506, 6561, 3101 
9507, 6562, 663 
9508, 6563, 3103 
9509, 6564, 1950 
9510, 6565, 3103 
9511, 6566, 2526 
9512, 6567, 3109 
9513, 6568, 159 
9514, 6569, 3115 
9515, 6570, 1938 
9516, 6571, 3117 
9517, 6572, 1504 
9518, 6573, 3125 
9519, 6574, 1236 
9520, 6575, 3125 
9521, 6576, 2940 
9522, 6577, 3129 
9523, 6578, 1427 
9524, 6579, 3129 
9525, 6580, 3087 
9526, 6581, 3130 
9527, 6582, 2322 
9528, 6583, 3131 
9529, 6584, 861 
9530, 6585, 3131 
9531, 6586, 1850 
9532, 6587, 3139 
9533, 6588, 2263 
9534, 6589, 3139 
9535, 6590, 2539 
9536, 6591, 3143 
9537, 6592, 2587 
9538, 6593, 3144 
9539, 6594, 242 
9540, 6595, 3144 
9541, 6596, 3056 
9542, 6597, 3145 
9543, 6598, 2175 
9544, 6599, 3146 
9545, 6600, 217 
9546, 6601, 3150 
9547, 6602, 757 
9548, 6603, 3150 
9549, 6604, 2522 
9550, 6605, 3153 
9551, 6606, 1706 
9552, 6607, 3154 
9553, 6608, 782 
9554, 6609, 3158 
9555, 6610, 2101 
9556, 6611, 3159 
9557, 6612, 1504 
9558, 6613, 3163 
9559, 6614, 3087 
9560, 6615, 3164 
9561, 6616, 1456 
9562, 6617, 3166 
9563, 6618, 1059 
9564, 6619, 3166 
9565, 6620, 3113 
9566, 6621, 3169 
9567, 6622, 1377 
9568, 6623, 3172 
9569, 6624, 22 
9570, 6625, 3176 
9571, 6626, 2328 
9572, 6627, 3177 
9573, 6628, 625 
9574, 6629, 3177 
9575, 6630, 1936 
9576, 6631, 3177 
9577, 6632, 2456 
9578, 6633, 3182 
9579, 6634, 872 
9580, 6635, 3182 
9581, 6636, 2217 
9582, 6637, 3185 
9583, 6638, 649 
9584, 6639, 3188 
9585, 6640, 1494 
9586, 6641, 3191 
9587, 6642, 1355 
9588, 6643, 3199 
9589, 6644, 143 
9590, 6645, 3201 
9591, 6646, 1935 
9592, 6647, 3202 
9593, 6648, 78 
9594, 6649, 3202 
9595, 6650, 405 
9596, 6651, 3208 
9597, 6652, 509 
9598, 6653, 3209 
9599, 6654, 1083 
9600, 6655, 3209 
9601, 6656, 1641 
9602, 6657, 3210 
9603, 6658, 1482 
9604, 6659, 3213 
9605, 6660, 1 
9606, 6661, 3213 
9607, 6662, 773 
9608, 6663, 3221 
9609, 6664, 2675 
9610, 6665, 3221 
9611, 6666, 2954 
9612, 6667, 3222 
9613, 6668, 1700 
9614, 6669, 3226 
9615, 6670, 733 
9616, 6671, 3226 
9617, 6672, 832 
9618, 6673, 3227 
9619, 6674, 1689 
9620, 6675, 3227 
9621, 6676, 2606 
9622, 6677, 3228 
9623, 6678, 2819 
9624, 6679, 3231 
9625, 6680, 24 
9626, 6681, 3232 
9627, 6682, 2617 
9628, 6683, 3234 
9629, 6684, 544 
9630, 6685, 3234 
9631, 6686, 706 
9632, 6687, 3235 
9633, 6688, 468 
9634, 6689, 3235 
9635, 6690, 3006 
9636, 6691, 3240 
9637, 6692, 55 
9638, 6693, 3240 
9639, 6694, 1879 
9640, 6695, 3240 
9641, 6696, 1929 
9642, 6697, 3241 
9643, 6698, 1443 
9644, 6699, 3241 
9645, 6700, 1997 
9646, 6701, 3242 
9647, 6702, 416 
9648, 6703, 3242 
9649, 6704, 507 
9650, 6705, 3242 
9651, 6706, 1411 
9652, 6707, 3243 
9653, 6708, 1919 
9654, 6709, 3244 
9655, 6710, 78 
9656, 6711, 3251 
9657, 6712, 1738 
9658, 6713, 3254 
9659, 6714, 406 
9660, 6715, 3258 
9661, 6716, 840 
9662, 6717, 3259 
9663, 6718, 2173 
9664, 6719, 3261 
9665, 6720, 2339 
9666, 6721, 3262 
9667, 6722, 244 
9668, 6723, 3265 
9669, 6724, 2196 
9670, 6725, 3265 
9671, 6726, 2549 
9672, 6727, 3267 
9673, 6728, 654 
9674, 6729, 3268 
9675, 6730, 24 
9676, 6731, 3268 
9677, 6732, 434 
9678, 6733, 3268 
9679, 6734, 2110 
9680, 6735, 3271 
9681, 6736, 3053 
9682, 6737, 3272 
9683, 6738, 1331 
9684, 6739, 3276 
9685, 6740, 1616 
9686, 6741, 3276 
9687, 6742, 1749 
9688, 6743, 3280 
9689, 6744, 1804 
9690, 6745, 3280 
9691, 6746, 2706 
9692, 6747, 3283 
9693, 6748, 876 
9694, 6749, 3288 
9695, 6750, 2617 
9696, 6751, 3292 
9697, 6752, 2048 
9698, 6753, 3292 
9699, 6754, 2207 
9700, 6755, 3293 
9701, 6756, 857 
9702, 6757, 3293 
9703, 6758, 906 
9704, 6759, 3294 
9705, 6760, 353 
9706, 6761, 3294 
9707, 6762, 1483 
9708, 6763, 3295 
9709, 6764, 470 
9710, 6765, 3297 
9711, 6766, 2306 
9712, 6767, 3298 
9713, 6768, 1286 
9714, 6769, 3298 
9715, 6770, 2926 
9716, 6771, 3299 
9717, 6772, 1017 
9718, 6773, 3300 
9719, 6774, 546 
9720, 6775, 3308 
9721, 6776, 2941 
9722, 6777, 3310 
9723, 6778, 69 
9724, 6779, 3312 
9725, 6780, 507 
9726, 6781, 3312 
9727, 6782, 3158 
9728, 6783, 3316 
9729, 6784, 1504 
9730, 6785, 3321 
9731, 6786, 231 
9732, 6787, 3321 
9733, 6788, 1291 
9734, 6789, 3322 
9735, 6790, 392 
9736, 6791, 3325 
9737, 6792, 1848 
9738, 6793, 3326 
9739, 6794, 229 
9740, 6795, 3327 
9741, 6796, 245 
9742, 6797, 3327 
9743, 6798, 2196 
9744, 6799, 3330 
9745, 6800, 1757 
9746, 6801, 3331 
9747, 6802, 893 
9748, 6803, 3332 
9749, 6804, 225 
9750, 6805, 3332 
9751, 6806, 1284 
9752, 6807, 3332 
9753, 6808, 2115 
9754, 6809, 3333 
9755, 6810, 501 
9756, 6811, 3334 
9757, 6812, 1409 
9758, 6813, 3335 
9759, 6814, 3056 
9760, 6815, 3336 
9761, 6816, 47 
9762, 6817, 3336 
9763, 6818, 2702 
9764, 6819, 3337 
9765, 6820, 2294 
9766, 6821, 3339 
9767, 6822, 1419 
9768, 6823, 3342 
9769, 6824, 782 
9770, 6825, 3342 
9771, 6826, 903 
9772, 6827, 3342 
9773, 6828, 1169 
9774, 6829, 3343 
9775, 6830, 227 
9776, 6831, 3343 
9777, 6832, 1405 
9778, 6833, 3344 
9779, 6834, 2206 
9780, 6835, 3344 
9781, 6836, 2819 
9782, 6837, 3345 
9783, 6838, 4 
9784, 6839, 3345 
9785, 6840, 2813 
9786, 6841, 3349 
9787, 6842, 2207 
9788, 6843, 3349 
9789, 6844, 2360 
9790, 6845, 3350 
9791, 6846, 2682 
9792, 6847, 3353 
9793, 6848, 1089 
9794, 6849, 3354 
9795, 6850, 1561 
9796, 6851, 3357 
9797, 6852, 350 
9798, 6853, 3360 
9799, 6854, 1185 
9800, 6855, 3360 
9801, 6856, 1706 
9802, 6857, 3360 
9803, 6858, 3354 
9804, 6859, 3361 
9805, 6860, 2869 
9806, 6861, 3368 
9807, 6862, 614 
9808, 6863, 3368 
9809, 6864, 3210 
9810, 6865, 3371 
9811, 6866, 1560 
9812, 6867, 3373 
9813, 6868, 669 
9814, 6869, 3374 
9815, 6870, 2412 
9816, 6871, 3374 
9817, 6872, 2430 
9818, 6873, 3376 
9819, 6874, 1656 
9820, 6875, 3376 
9821, 6876, 3346 
9822, 6877, 3379 
9823, 6878, 284 
9824, 6879, 3380 
9825, 6880, 1967 
9826, 6881, 3382 
9827, 6882, 2629 
9828, 6883, 3385 
9829, 6884, 3166 
9830, 6885, 3387 
9831, 6886, 109 
9832, 6887, 3396 
9833, 6888, 1745 
9834, 6889, 3404 
9835, 6890, 87 
9836, 6891, 3405 
9837, 6892, 3014 
9838, 6893, 3407 
9839, 6894, 668 
9840, 6895, 3410 
9841, 6896, 1489 
9842, 6897, 3410 
9843, 6898, 3284 
9844, 6899, 3411 
9845, 6900, 1273 
9846, 6901, 3412 
9847, 6902, 15 
9848, 6903, 3415 
9849, 6904, 1999 
9850, 6905, 3415 
9851, 6906, 3159 
9852, 6907, 3420 
9853, 6908, 1278 
9854, 6909, 3420 
9855, 6910, 2520 
9856, 6911, 3427 
9857, 6912, 1394 
9858, 6913, 3427 
9859, 6914, 2049 
9860, 6915, 3431 
9861, 6916, 1398 
9862, 6917, 3433 
9863, 6918, 1550 
9864, 6919, 3433 
9865, 6920, 1932 
9866, 6921, 3436 
9867, 6922, 1617 
9868, 6923, 3437 
9869, 6924, 1277 
9870, 6925, 3441 
9871, 6926, 1912 
9872, 6927, 3441 
9873, 6928, 2954 
9874, 6929, 3445 
9875, 6930, 48 
9876, 6931, 3449 
9877, 6932, 2924 
9878, 6933, 3449 
9879, 6934, 3179 
9880, 6935, 3450 
9881, 6936, 497 
9882, 6937, 3451 
9883, 6938, 2924 
9884, 6939, 3454 
9885, 6940, 290 
9886, 6941, 3454 
9887, 6942, 1198 
9888, 6943, 3455 
9889, 6944, 968 
9890, 6945, 3455 
9891, 6946, 3357 
9892, 6947, 3456 
9893, 6948, 1136 
9894, 6949, 3457 
9895, 6950, 1999 
9896, 6951, 3460 
9897, 6952, 1226 
9898, 6953, 3463 
9899, 6954, 790 
9900, 6955, 3463 
9901, 6956, 3276 
9902, 6957, 3464 
9903, 6958, 1561 
9904, 6959, 3468 
9905, 6960, 2149 
9906, 6961, 3472 
9907, 6962, 2535 
9908, 6963, 3476 
9909, 6964, 2002 
9910, 6965, 3478 
9911, 6966, 1273 
9912, 6967, 3478 
9913, 6968, 1774 
9914, 6969, 3478 
9915, 6970, 1988 
9916, 6971, 3479 
9917, 6972, 1848 
9918, 6973, 3483 
9919, 6974, 456 
9920, 6975, 3483 
9921, 6976, 2056 
9922, 6977, 3485 
9923, 6978, 2031 
9924, 6979, 3486 
9925, 6980, 1459 
9926, 6981, 3496 
9927, 6982, 1108 
9928, 6983, 3500 
9929, 6984, 1147 
9930, 6985, 3501 
9931, 6986, 661 
9932, 6987, 3502 
9933, 6988, 1526 
9934, 6989, 3504 
9935, 6990, 5 
9936, 6991, 3504 
9937, 6992, 3431 
9938, 6993, 3507 
9939, 6994, 464 
9940, 6995, 3508 
9941, 6996, 2209 
9942, 6997, 3511 
9943, 6998, 189 
9944, 6999, 3516 
9945, 7000, 384 
9946, 7001, 3520 
9947, 7002, 410 
9948, 7003, 3520 
9949, 7004, 544 
9950, 7005, 3520 
9951, 7006, 2214 
9952, 7007, 3520 
9953, 7008, 2897 
9954, 7009, 3522 
9955, 7010, 1127 
9956, 7011, 3522 
9957, 7012, 1783 
9958, 7013, 3523 
9959, 7014, 1501 
9960, 7015, 3525 
9961, 7016, 2456 
9962, 7017, 3529 
9963, 7018, 151 
9964, 7019, 3529 
9965, 7020, 2681 
9966, 7021, 3530 
9967, 7022, 114 
9968, 7023, 3532 
9969, 7024, 927 
9970, 7025, 3533 
9971, 7026, 162 
9972, 7027, 3535 
9973, 7028, 1719 
9974, 7029, 3538 
9975, 7030, 421 
9976, 7031, 3540 
9977, 7032, 733 
9978, 7033, 3541 
9979, 7034, 2867 
9980, 7035, 3541 
9981, 7036, 3079 
9982, 7037, 3544 
9983, 7038, 535 
9984, 7039, 3544 
9985, 7040, 1153 
9986, 7041, 3544 
9987, 7042, 2115 
9988, 7043, 3544 
9989, 7044, 2430 
9990, 7045, 3550 
9991, 7046, 1117 
9992, 7047, 3550 
9993, 7048, 1769 
9994, 7049, 3552 
9995, 7050, 456 
9996, 7051, 3552 
9997, 7052, 1607 
9998, 7053, 3562 
9999, 7054, 30 
10000, 7055, 3562 
10001, 7056, 2307 
10002, 7057, 3562 
10003, 7058, 3506 
10004, 7059, 3564 
10005, 7060, 1736 
10006, 7061, 3564 
10007, 7062, 2638 
10008, 7063, 3565 
10009, 7064, 249 
10010, 7065, 3565 
10011, 7066, 1479 
10012, 7067, 3565 
10013, 7068, 2494 
10014, 7069, 3565 
10015, 7070, 2759 
10016, 7071, 3570 
10017, 7072, 2652 
10018, 7073, 3573 
10019, 7074, 1646 
10020, 7075, 3575 
10021, 7076, 7 
10022, 7077, 3575 
10023, 7078, 1328 
10024, 7079, 3575 
10025, 7080, 1861 
10026, 7081, 3575 
10027, 7082, 1927 
10028, 7083, 3579 
10029, 7084, 984 
10030, 7085, 3581 
10031, 7086, 163 
10032, 7087, 3581 
10033, 7088, 762 
10034, 7089, 3581 
10035, 7090, 1431 
10036, 7091, 3582 
10037, 7092, 2589 
10038, 7093, 3582 
10039, 7094, 3441 
10040, 7095, 3583 
10041, 7096, 773 
10042, 7097, 3583 
10043, 7098, 821 
10044, 7099, 3585 
10045, 7100, 1155 
10046, 7101, 3585 
10047, 7102, 2258 
10048, 7103, 3587 
10049, 7104, 1195 
10050, 7105, 3589 
10051, 7106, 428 
10052, 7107, 3592 
10053, 7108, 2005 
10054, 7109, 3594 
10055, 7110, 1724 
10056, 7111, 3594 
10057, 7112, 2659 
10058, 7113, 3594 
10059, 7114, 3179 
10060, 7115, 3601 
10061, 7116, 484 
10062, 7117, 3605 
10063, 7118, 1802 
10064, 7119, 3617 
10065, 7120, 133 
10066, 7121, 3617 
10067, 7122, 1878 
10068, 7123, 3618 
10069, 7124, 1975 
10070, 7125, 3618 
10071, 7126, 2162 
10072, 7127, 3621 
10073, 7128, 633 
10074, 7129, 3621 
10075, 7130, 2333 
10076, 7131, 3622 
10077, 7132, 2519 
10078, 7133, 3623 
10079, 7134, 557 
10080, 7135, 3624 
10081, 7136, 416 
10082, 7137, 3625 
10083, 7138, 2819 
10084, 7139, 3632 
10085, 7140, 1552 
10086, 7141, 3633 
10087, 7142, 1715 
10088, 7143, 3634 
10089, 7144, 1554 
10090, 7145, 3634 
10091, 7146, 1976 
10092, 7147, 3634 
10093, 7148, 3131 
10094, 7149, 3634 
10095, 7150, 3570 
10096, 7151, 3636 
10097, 7152, 2926 
10098, 7153, 3636 
10099, 7154, 3564 
10100, 7155, 3640 
10101, 7156, 2048 
10102, 7157, 3644 
10103, 7158, 2808 
10104, 7159, 3645 
10105, 7160, 1102 
10106, 7161, 3647 
10107, 7162, 2215 
10108, 7163, 3647 
10109, 7164, 2421 
10110, 7165, 3648 
10111, 7166, 2148 
10112, 7167, 3648 
10113, 7168, 3182 
10114, 7169, 3649 
10115, 7170, 1208 
10116, 7171, 3652 
10117, 7172, 1749 
10118, 7173, 3653 
10119, 7174, 3407 
10120, 7175, 3659 
10121, 7176, 1731 
10122, 7177, 3660 
10123, 7178, 1451 
10124, 7179, 3662 
10125, 7180, 2736 
10126, 7181, 3665 
10127, 7182, 1145 
10128, 7183, 3665 
10129, 7184, 3149 
10130, 7185, 3666 
10131, 7186, 1056 
10132, 7187, 3666 
10133, 7188, 1501 
10134, 7189, 3666 
10135, 7190, 2401 
10136, 7191, 3671 
10137, 7192, 6 
10138, 7193, 3672 
10139, 7194, 379 
10140, 7195, 3672 
10141, 7196, 3265 
10142, 7197, 3673 
10143, 7198, 1309 
10144, 7199, 3673 
10145, 7200, 2468 
10146, 7201, 3673 
10147, 7202, 2879 
10148, 7203, 3676 
10149, 7204, 1131 
10150, 7205, 3676 
10151, 7206, 2325 
10152, 7207, 3676 
10153, 7208, 2650 
10154, 7209, 3676 
10155, 7210, 2881 
10156, 7211, 3680 
10157, 7212, 295 
10158, 7213, 3681 
10159, 7214, 2193 
10160, 7215, 3681 
10161, 7216, 2412 
10162, 7217, 3683 
10163, 7218, 1992 
10164, 7219, 3686 
10165, 7220, 177 
10166, 7221, 3686 
10167, 7222, 2246 
10168, 7223, 3688 
10169, 7224, 1316 
10170, 7225, 3688 
10171, 7226, 1785 
10172, 7227, 3690 
10173, 7228, 3399 
10174, 7229, 3693 
10175, 7230, 1047 
10176, 7231, 3693 
10177, 7232, 1100 
10178, 7233, 3696 
10179, 7234, 1633 
10180, 7235, 3696 
10181, 7236, 2204 
10182, 7237, 3701 
10183, 7238, 1401 
10184, 7239, 3701 
10185, 7240, 3320 
10186, 7241, 3702 
10187, 7242, 2208 
10188, 7243, 3703 
10189, 7244, 219 
10190, 7245, 3705 
10191, 7246, 793 
10192, 7247, 3706 
10193, 7248, 732 
10194, 7249, 3707 
10195, 7250, 187 
10196, 7251, 3708 
10197, 7252, 1245 
10198, 7253, 3709 
10199, 7254, 154 
10200, 7255, 3710 
10201, 7256, 584 
10202, 7257, 3711 
10203, 7258, 1626 
10204, 7259, 3711 
10205, 7260, 2866 
10206, 7261, 3712 
10207, 7262, 1345 
10208, 7263, 3712 
10209, 7264, 1651 
10210, 7265, 3712 
10211, 7266, 2847 
10212, 7267, 3716 
10213, 7268, 2764 
10214, 7269, 3716 
10215, 7270, 2819 
10216, 7271, 3719 
10217, 7272, 483 
10218, 7273, 3721 
10219, 7274, 751 
10220, 7275, 3725 
10221, 7276, 3014 
10222, 7277, 3735 
10223, 7278, 3581 
10224, 7279, 3740 
10225, 7280, 202 
10226, 7281, 3741 
10227, 7282, 398 
10228, 7283, 3742 
10229, 7284, 1215 
10230, 7285, 3742 
10231, 7286, 1461 
10232, 7287, 3743 
10233, 7288, 209 
10234, 7289, 3743 
10235, 7290, 1629 
10236, 7291, 3744 
10237, 7292, 64 
10238, 7293, 3744 
10239, 7294, 2421 
10240, 7295, 3744 
10241, 7296, 2558 
10242, 7297, 3747 
10243, 7298, 2762 
10244, 7299, 3748 
10245, 7300, 909 
10246, 7301, 3748 
10247, 7302, 2954 
10248, 7303, 3748 
10249, 7304, 3067 
10250, 7305, 3752 
10251, 7306, 2246 
10252, 7307, 3754 
10253, 7308, 1082 
10254, 7309, 3754 
10255, 7310, 2549 
10256, 7311, 3754 
10257, 7312, 3344 
10258, 7313, 3756 
10259, 7314, 408 
10260, 7315, 3757 
10261, 7316, 1049 
10262, 7317, 3758 
10263, 7318, 857 
10264, 7319, 3760 
10265, 7320, 310 
10266, 7321, 3760 
10267, 7322, 784 
10268, 7323, 3760 
10269, 7324, 3423 
10270, 7325, 3761 
10271, 7326, 651 
10272, 7327, 3761 
10273, 7328, 2539 
10274, 7329, 3762 
10275, 7330, 1378 
10276, 7331, 3763 
10277, 7332, 895 
10278, 7333, 3764 
10279, 7334, 177 
10280, 7335, 3765 
10281, 7336, 297 
10282, 7337, 3765 
10283, 7338, 2618 
10284, 7339, 3767 
10285, 7340, 185 
10286, 7341, 3767 
10287, 7342, 869 
10288, 7343, 3767 
10289, 7344, 899 
10290, 7345, 3769 
10291, 7346, 426 
10292, 7347, 3772 
10293, 7348, 1087 
10294, 7349, 3772 
10295, 7350, 2861 
10296, 7351, 3773 
10297, 7352, 1163 
10298, 7353, 3773 
10299, 7354, 3066 
10300, 7355, 3777 
10301, 7356, 2925 
10302, 7357, 3779 
10303, 7358, 240 
10304, 7359, 3779 
10305, 7360, 1103 
10306, 7361, 3781 
10307, 7362, 911 
10308, 7363, 3782 
10309, 7364, 2304 
10310, 7365, 3782 
10311, 7366, 3776 
10312, 7367, 3783 
10313, 7368, 3210 
10314, 7369, 3788 
10315, 7370, 2882 
10316, 7371, 3790 
10317, 7372, 1655 
10318, 7373, 3790 
10319, 7374, 2909 
10320, 7375, 3791 
10321, 7376, 1376 
10322, 7377, 3792 
10323, 7378, 2385 
10324, 7379, 3792 
10325, 7380, 2879 
10326, 7381, 3793 
10327, 7382, 380 
10328, 7383, 3794 
10329, 7384, 2797 
10330, 7385, 3796 
10331, 7386, 2238 
10332, 7387, 3798 
10333, 7388, 550 
10334, 7389, 3801 
10335, 7390, 1471 
10336, 7391, 3801 
10337, 7392, 2813 
10338, 7393, 3802 
10339, 7394, 3607 
10340, 7395, 3803 
10341, 7396, 908 
10342, 7397, 3803 
10343, 7398, 3761 
10344, 7399, 3804 
10345, 7400, 2299 
10346, 7401, 3805 
10347, 7402, 1011 
10348, 7403, 3805 
10349, 7404, 1938 
10350, 7405, 3806 
10351, 7406, 764 
10352, 7407, 3806 
10353, 7408, 3151 
10354, 7409, 3810 
10355, 7410, 621 
10356, 7411, 3813 
10357, 7412, 3353 
10358, 7413, 3820 
10359, 7414, 1709 
10360, 7415, 3822 
10361, 7416, 3361 
10362, 7417, 3823 
10363, 7418, 1812 
10364, 7419, 3824 
10365, 7420, 1693 
10366, 7421, 3825 
10367, 7422, 238 
10368, 7423, 3829 
10369, 7424, 368 
10370, 7425, 3830 
10371, 7426, 483 
10372, 7427, 3831 
10373, 7428, 3297 
10374, 7429, 3833 
10375, 7430, 1049 
10376, 7431, 3835 
10377, 7432, 1209 
10378, 7433, 3835 
10379, 7434, 1672 
10380, 7435, 3836 
10381, 7436, 2172 
10382, 7437, 3836 
10383, 7438, 2635 
10384, 7439, 3838 
10385, 7440, 3103 
10386, 7441, 3839 
10387, 7442, 181 
10388, 7443, 3840 
10389, 7444, 153 
10390, 7445, 3840 
10391, 7446, 3822 
10392, 7447, 3842 
10393, 7448, 2352 
10394, 7449, 3842 
10395, 7450, 3330 
10396, 7451, 3843 
10397, 7452, 199 
10398, 7453, 3843 
10399, 7454, 2230 
10400, 7455, 3843 
10401, 7456, 2973 
10402, 7457, 3846 
10403, 7458, 2897 
10404, 7459, 3848 
10405, 7460, 741 
10406, 7461, 3853 
10407, 7462, 1902 
10408, 7463, 3853 
10409, 7464, 3698 
10410, 7465, 3855 
10411, 7466, 1213 
10412, 7467, 3857 
10413, 7468, 233 
10414, 7469, 3858 
10415, 7470, 2005 
10416, 7471, 3860 
10417, 7472, 384 
10418, 7473, 3861 
10419, 7474, 317 
10420, 7475, 3861 
10421, 7476, 3696 
10422, 7477, 3862 
10423, 7478, 2030 
10424, 7479, 3871 
10425, 7480, 123 
10426, 7481, 3872 
10427, 7482, 1087 
10428, 7483, 3872 
10429, 7484, 1328 
10430, 7485, 3872 
10431, 7486, 1634 
10432, 7487, 3873 
10433, 7488, 3781 
10434, 7489, 3874 
10435, 7490, 3678 
10436, 7491, 3875 
10437, 7492, 3016 
10438, 7493, 3875 
10439, 7494, 3856 
10440, 7495, 3877 
10441, 7496, 2762 
10442, 7497, 3877 
10443, 7498, 2783 
10444, 7499, 3881 
10445, 7500, 1935 
10446, 7501, 3882 
10447, 7502, 3529 
10448, 7503, 3882 
10449, 7504, 3560 
10450, 7505, 3882 
10451, 7506, 3621 
10452, 7507, 3883 
10453, 7508, 2955 
10454, 7509, 3886 
10455, 7510, 1331 
10456, 7511, 3886 
10457, 7512, 1863 
10458, 7513, 3886 
10459, 7514, 2340 
10460, 7515, 3888 
10461, 7516, 2328 
10462, 7517, 3888 
10463, 7518, 3265 
10464, 7519, 3888 
10465, 7520, 3772 
10466, 7521, 3889 
10467, 7522, 388 
10468, 7523, 3889 
10469, 7524, 1139 
10470, 7525, 3890 
10471, 7526, 1713 
10472, 7527, 3890 
10473, 7528, 3179 
10474, 7529, 3892 
10475, 7530, 2545 
10476, 7531, 3894 
10477, 7532, 1016 
10478, 7533, 3894 
10479, 7534, 2071 
10480, 7535, 3895 
10481, 7536, 3068 
10482, 7537, 3899 
10483, 7538, 2715 
10484, 7539, 3900 
10485, 7540, 140 
10486, 7541, 3900 
10487, 7542, 674 
10488, 7543, 3900 
10489, 7544, 2821 
10490, 7545, 3905 
10491, 7546, 305 
10492, 7547, 3909 
10493, 7548, 1988 
10494, 7549, 3914 
10495, 7550, 2251 
10496, 7551, 3914 
10497, 7552, 2571 
10498, 7553, 3914 
10499, 7554, 3612 
10500, 7555, 3918 
10501, 7556, 2443 
10502, 7557, 3919 
10503, 7558, 289 
10504, 7559, 3920 
10505, 7560, 1704 
10506, 7561, 3920 
10507, 7562, 2412 
10508, 7563, 3925 
10509, 7564, 1022 
10510, 7565, 3927 
10511, 7566, 1471 
10512, 7567, 3927 
10513, 7568, 3895 
10514, 7569, 3928 
10515, 7570, 59 
10516, 7571, 3928 
10517, 7572, 1387 
10518, 7573, 3929 
10519, 7574, 3593 
10520, 7575, 3931 
10521, 7576, 3379 
10522, 7577, 3933 
10523, 7578, 995 
10524, 7579, 3942 
10525, 7580, 93 
10526, 7581, 3942 
10527, 7582, 2455 
10528, 7583, 3942 
10529, 7584, 3621 
10530, 7585, 3943 
10531, 7586, 1463 
10532, 7587, 3949 
10533, 7588, 2742 
10534, 7589, 3955 
10535, 7590, 477 
10536, 7591, 3955 
10537, 7592, 1118 
10538, 7593, 3958 
10539, 7594, 3153 
10540, 7595, 3958 
10541, 7596, 3408 
10542, 7597, 3964 
10543, 7598, 764 
10544, 7599, 3965 
10545, 7600, 2268 
10546, 7601, 3969 
10547, 7602, 1019 
10548, 7603, 3969 
10549, 7604, 1704 
10550, 7605, 3969 
10551, 7606, 3747 
10552, 7607, 3973 
10553, 7608, 161 
10554, 7609, 3973 
10555, 7610, 2292 
10556, 7611, 3975 
10557, 7612, 2580 
10558, 7613, 3979 
10559, 7614, 1590 
10560, 7615, 3980 
10561, 7616, 495 
10562, 7617, 3981 
10563, 7618, 207 
10564, 7619, 3981 
10565, 7620, 2597 
10566, 7621, 3983 
10567, 7622, 1863 
10568, 7623, 3983 
10569, 7624, 2833 
10570, 7625, 3986 
10571, 7626, 1554 
10572, 7627, 3988 
10573, 7628, 686 
10574, 7629, 3991 
10575, 7630, 2694 
10576, 7631, 3992 
10577, 7632, 1704 
10578, 7633, 3993 
10579, 7634, 130 
10580, 7635, 3993 
10581, 7636, 2401 
10582, 7637, 3993 
10583, 7638, 2968 
10584, 7639, 3996 
10585, 7640, 1377 
10586, 7641, 3997 
10587, 7642, 379 
10588, 7643, 3997 
10589, 7644, 1053 
10590, 7645, 3998 
10591, 7646, 186 
10592, 7647, 3999 
10593, 7648, 2715 
10594, 7649, 4002 
10595, 7650, 107 
10596, 7651, 4002 
10597, 7652, 1350 
10598, 7653, 4003 
10599, 7654, 285 
10600, 7655, 4003 
10601, 7656, 1268 
10602, 7657, 4003 
10603, 7658, 1833 
10604, 7659, 4003 
10605, 7660, 3281 
10606, 7661, 4008 
10607, 7662, 3321 
10608, 7663, 4008 
10609, 7664, 3756 
10610, 7665, 4017 
10611, 7666, 84 
10612, 7667, 4017 
10613, 7668, 1019 
10614, 7669, 4017 
10615, 7670, 3267 
10616, 7671, 4018 
10617, 7672, 456 
10618, 7673, 4021 
10619, 7674, 2706 
10620, 7675, 4021 
10621, 7676, 3744 
10622, 7677, 4022 
10623, 7678, 3067 
10624, 7679, 4022 
10625, 7680, 3748 
10626, 7681, 4024 
10627, 7682, 392 
10628, 7683, 4024 
10629, 7684, 666 
10630, 7685, 4024 
10631, 7686, 3514 
10632, 7687, 4026 
10633, 7688, 94 
10634, 7689, 4026 
10635, 7690, 1165 
10636, 7691, 4026 
10637, 7692, 1371 
10638, 7693, 4026 
10639, 7694, 2943 
10640, 7695, 4028 
10641, 7696, 2545 
10642, 7697, 4030 
10643, 7698, 3781 
10644, 7699, 4040 
10645, 7700, 1099 
10646, 7701, 4041 
10647, 7702, 354 
10648, 7703, 4041 
10649, 7704, 631 
10650, 7705, 4041 
10651, 7706, 2082 
10652, 7707, 4042 
10653, 7708, 814 
10654, 7709, 4042 
10655, 7710, 3757 
10656, 7711, 4043 
10657, 7712, 3543 
10658, 7713, 4048 
10659, 7714, 157 
10660, 7715, 4051 
10661, 7716, 1300 
10662, 7717, 4051 
10663, 7718, 3698 
10664, 7719, 4053 
10665, 7720, 1163 
10666, 7721, 4053 
10667, 7722, 2092 
10668, 7723, 4053 
10669, 7724, 3992 
10670, 7725, 4055 
10671, 7726, 76 
10672, 7727, 4055 
10673, 7728, 1119 
10674, 7729, 4055 
10675, 7730, 1550 
10676, 7731, 4056 
10677, 7732, 1875 
10678, 7733, 4056 
10679, 7734, 2206 
10680, 7735, 4064 
10681, 7736, 748 
10682, 7737, 4064 
10683, 7738, 752 
10684, 7739, 4065 
10685, 7740, 206 
10686, 7741, 4065 
10687, 7742, 2334 
10688, 7743, 4065 
10689, 7744, 3461 
10690, 7745, 4067 
10691, 7746, 249 
10692, 7747, 4067 
10693, 7748, 2433 
10694, 7749, 4068 
10695, 7750, 239 
10696, 7751, 4068 
10697, 7752, 1269 
10698, 7753, 4068 
10699, 7754, 1494 
10700, 7755, 4068 
10701, 7756, 3276 
10702, 7757, 4069 
10703, 7758, 724 
10704, 7759, 4069 
10705, 7760, 864 
10706, 7761, 4070 
10707, 7762, 1940 
10708, 7763, 4071 
10709, 7764, 625 
10710, 7765, 4071 
10711, 7766, 900 
10712, 7767, 4072 
10713, 7768, 3942 
10714, 7769, 4075 
10715, 7770, 511 
10716, 7771, 4075 
10717, 7772, 832 
10718, 7773, 4075 
10719, 7774, 3220 
10720, 7775, 4077 
10721, 7776, 2400 
10722, 7777, 4077 
10723, 7778, 2473 
10724, 7779, 4078 
10725, 7780, 1563 
10726, 7781, 4078 
10727, 7782, 3936 
10728, 7783, 4079 
10729, 7784, 1117 
10730, 7785, 4079 
10731, 7786, 1853 
10732, 7787, 4079 
10733, 7788, 2710 
10734, 7789, 4084 
10735, 7790, 1059 
10736, 7791, 4085 
10737, 7792, 2688 
10738, 7793, 4086 
10739, 7794, 1016 
10740, 7795, 4086 
10741, 7796, 1483 
10742, 7797, 4086 
10743, 7798, 3525 
10744, 7799, 4087 
10745, 7800, 3209 
10746, 7801, 4088 
10747, 7802, 562 
10748, 7803, 4088 
10749, 7804, 755 
10750, 7805, 4088 
10751, 7806, 2853 
10752, 7807, 4091 
10753, 7808, 1167 
10754, 7809, 4095 
10755, 7810, 2208 
10756, 7811, 4095 
10757, 7812, 2399 
10758, 7813, 4096 
10759, 7814, 3294 
10760, 7815, 4096 
10761, 7816, 3979 
10762, 7817, 4099 
10763, 7818, 336 
10764, 7819, 4099 
10765, 7820, 718 
10766, 7821, 4099 
10767, 7822, 1998 
10768, 7823, 4101 
10769, 7824, 2122 
10770, 7825, 4102 
10771, 7826, 1022 
10772, 7827, 4102 
10773, 7828, 2887 
10774, 7829, 4102 
10775, 7830, 3198 
10776, 7831, 4104 
10777, 7832, 1384 
10778, 7833, 4108 
10779, 7834, 1388 
10780, 7835, 4108 
10781, 7836, 1393 
10782, 7837, 4110 
10783, 7838, 1494 
10784, 7839, 4113 
10785, 7840, 1387 
10786, 7841, 4113 
10787, 7842, 2994 
10788, 7843, 4114 
10789, 7844, 3830 
10790, 7845, 4121 
10791, 7846, 3411 
10792, 7847, 4121 
10793, 7848, 3498 
10794, 7849, 4121 
10795, 7850, 4087 
10796, 7851, 4122 
10797, 7852, 549 
10798, 7853, 4128 
10799, 7854, 3585 
10800, 7855, 4129 
10801, 7856, 307 
10802, 7857, 4133 
10803, 7858, 2319 
10804, 7859, 4133 
10805, 7860, 2767 
10806, 7861, 4133 
10807, 7862, 3576 
10808, 7863, 4136 
10809, 7864, 2837 
10810, 7865, 4136 
10811, 7866, 3965 
10812, 7867, 4138 
10813, 7868, 316 
10814, 7869, 4138 
10815, 7870, 478 
10816, 7871, 4138 
10817, 7872, 1996 
10818, 7873, 4141 
10819, 7874, 2365 
10820, 7875, 4143 
10821, 7876, 1336 
10822, 7877, 4144 
10823, 7878, 231 
10824, 7879, 4145 
10825, 7880, 302 
10826, 7881, 4146 
10827, 7882, 3612 
10828, 7883, 4149 
10829, 7884, 1175 
10830, 7885, 4149 
10831, 7886, 1564 
10832, 7887, 4160 
10833, 7888, 1275 
10834, 7889, 4160 
10835, 7890, 1913 
10836, 7891, 4162 
10837, 7892, 1197 
10838, 7893, 4162 
10839, 7894, 3829 
10840, 7895, 4167 
10841, 7896, 1041 
10842, 7897, 4167 
10843, 7898, 2806 
10844, 7899, 4170 
10845, 7900, 1025 
10846, 7901, 4175 
10847, 7902, 378 
10848, 7903, 4183 
10849, 7904, 905 
10850, 7905, 4183 
10851, 7906, 4019 
10852, 7907, 4185 
10853, 7908, 3002 
10854, 7909, 4189 
10855, 7910, 1144 
10856, 7911, 4190 
10857, 7912, 1976 
10858, 7913, 4190 
10859, 7914, 2455 
10860, 7915, 4195 
10861, 7916, 706 
10862, 7917, 4195 
10863, 7918, 901 
10864, 7919, 4195 
10865, 7920, 1794 
10866, 7921, 4197 
10867, 7922, 154 
10868, 7923, 4198 
10869, 7924, 1775 
10870, 7925, 4199 
10871, 7926, 406 
10872, 7927, 4203 
10873, 7928, 348 
10874, 7929, 4204 
10875, 7930, 1106 
10876, 7931, 4205 
10877, 7932, 2831 
10878, 7933, 4206 
10879, 7934, 2678 
10880, 7935, 4206 
10881, 7936, 2867 
10882, 7937, 4208 
10883, 7938, 2308 
10884, 7939, 4208 
10885, 7940, 3406 
10886, 7941, 4208 
10887, 7942, 3773 
10888, 7943, 4209 
10889, 7944, 2659 
10890, 7945, 4211 
10891, 7946, 340 
10892, 7947, 4211 
10893, 7948, 1002 
10894, 7949, 4211 
10895, 7950, 3909 
10896, 7951, 4213 
10897, 7952, 434 
10898, 7953, 4213 
10899, 7954, 920 
10900, 7955, 4214 
10901, 7956, 2594 
10902, 7957, 4215 
10903, 7958, 1237 
10904, 7959, 4220 
10905, 7960, 3583 
10906, 7961, 4221 
10907, 7962, 1411 
10908, 7963, 4221 
10909, 7964, 2330 
10910, 7965, 4221 
10911, 7966, 2536 
10912, 7967, 4224 
10913, 7968, 2158 
10914, 7969, 4225 
10915, 7970, 1957 
10916, 7971, 4232 
10917, 7972, 350 
10918, 7973, 4232 
10919, 7974, 3169 
10920, 7975, 4235 
10921, 7976, 1995 
10922, 7977, 4235 
10923, 7978, 2378 
10924, 7979, 4243 
10925, 7980, 159 
10926, 7981, 4243 
10927, 7982, 2165 
10928, 7983, 4247 
10929, 7984, 1903 
10930, 7985, 4250 
10931, 7986, 2574 
10932, 7987, 4251 
10933, 7988, 1391 
10934, 7989, 4251 
10935, 7990, 1651 
10936, 7991, 4252 
10937, 7992, 873 
10938, 7993, 4255 
10939, 7994, 748 
10940, 7995, 4256 
10941, 7996, 2022 
10942, 7997, 4258 
10943, 7998, 1894 
10944, 7999, 4258 
10945, 8000, 2678 
10946, 8001, 4258 
10947, 8002, 3889 
10948, 8003, 4263 
10949, 8004, 3830 
10950, 8005, 4264 
10951, 8006, 535 
10952, 8007, 4264 
10953, 8008, 3070 
10954, 8009, 4264 
10955, 8010, 4113 
10956, 8011, 4264 
10957, 8012, 4251 
10958, 8013, 4265 
10959, 8014, 3145 
10960, 8015, 4266 
10961, 8016, 2225 
10962, 8017, 4269 
10963, 8018, 402 
10964, 8019, 4269 
10965, 8020, 2996 
10966, 8021, 4270 
10967, 8022, 405 
10968, 8023, 4270 
10969, 8024, 425 
10970, 8025, 4272 
10971, 8026, 1164 
10972, 8027, 4272 
10973, 8028, 4075 
10974, 8029, 4274 
10975, 8030, 1187 
10976, 8031, 4277 
10977, 8032, 786 
10978, 8033, 4277 
10979, 8034, 1079 
10980, 8035, 4277 
10981, 8036, 2674 
10982, 8037, 4278 
10983, 8038, 471 
10984, 8039, 4278 
10985, 8040, 3308 
10986, 8041, 4280 
10987, 8042, 1756 
10988, 8043, 4283 
10989, 8044, 1781 
10990, 8045, 4284 
10991, 8046, 1247 
10992, 8047, 4284 
10993, 8048, 1266 
10994, 8049, 4285 
10995, 8050, 1002 
10996, 8051, 4285 
10997, 8052, 3860 
10998, 8053, 4286 
10999, 8054, 3110 
11000, 8055, 4290 
11001, 8056, 254 
11002, 8057, 4291 
11003, 8058, 3111 
11004, 8059, 4295 
11005, 8060, 1146 
11006, 8061, 4296 
11007, 8062, 1152 
11008, 8063, 4296 
11009, 8064, 1642 
11010, 8065, 4296 
11011, 8066, 4088 
11012, 8067, 4299 
11013, 8068, 1011 
11014, 8069, 4299 
11015, 8070, 1954 
11016, 8071, 4301 
11017, 8072, 4209 
11018, 8073, 4303 
11019, 8074, 15 
11020, 8075, 4304 
11021, 8076, 4009 
11022, 8077, 4305 
11023, 8078, 437 
11024, 8079, 4305 
11025, 8080, 566 
11026, 8081, 4310 
11027, 8082, 1594 
11028, 8083, 4312 
11029, 8084, 163 
11030, 8085, 4312 
11031, 8086, 3500 
11032, 8087, 4312 
11033, 8088, 3708 
11034, 8089, 4313 
11035, 8090, 3533 
11036, 8091, 4317 
11037, 8092, 1437 
11038, 8093, 4320 
11039, 8094, 3280 
11040, 8095, 4320 
11041, 8096, 3857 
11042, 8097, 4321 
11043, 8098, 498 
11044, 8099, 4322 
11045, 8100, 1070 
11046, 8101, 4322 
11047, 8102, 1507 
11048, 8103, 4322 
11049, 8104, 1945 
11050, 8105, 4323 
11051, 8106, 2598 
11052, 8107, 4324 
11053, 8108, 157 
11054, 8109, 4324 
11055, 8110, 1618 
11056, 8111, 4324 
11057, 8112, 3877 
11058, 8113, 4326 
11059, 8114, 732 
11060, 8115, 4329 
11061, 8116, 111 
11062, 8117, 4329 
11063, 8118, 2430 
11064, 8119, 4329 
11065, 8120, 2921 
11066, 8121, 4330 
11067, 8122, 1524 
11068, 8123, 4334 
11069, 8124, 211 
11070, 8125, 4335 
11071, 8126, 718 
11072, 8127, 4340 
11073, 8128, 4305 
11074, 8129, 4341 
11075, 8130, 3535 
11076, 8131, 4342 
11077, 8132, 1617 
11078, 8133, 4342 
11079, 8134, 1861 
11080, 8135, 4342 
11081, 8136, 3452 
11082, 8137, 4343 
11083, 8138, 1091 
11084, 8139, 4347 
11085, 8140, 240 
11086, 8141, 4347 
11087, 8142, 1422 
11088, 8143, 4347 
11089, 8144, 4069 
11090, 8145, 4348 
11091, 8146, 2319 
11092, 8147, 4348 
11093, 8148, 2563 
11094, 8149, 4349 
11095, 8150, 2072 
11096, 8151, 4349 
11097, 8152, 3783 
11098, 8153, 4350 
11099, 8154, 3368 
11100, 8155, 4352 
11101, 8156, 2330 
11102, 8157, 4353 
11103, 8158, 1021 
11104, 8159, 4354 
11105, 8160, 3979 
11106, 8161, 4355 
11107, 8162, 1877 
11108, 8163, 4355 
11109, 8164, 3514 
11110, 8165, 4356 
11111, 8166, 2989 
11112, 8167, 4358 
11113, 8168, 3149 
11114, 8169, 4359 
11115, 8170, 910 
11116, 8171, 4359 
11117, 8172, 1623 
11118, 8173, 4361 
11119, 8174, 397 
11120, 8175, 4361 
11121, 8176, 905 
11122, 8177, 4362 
11123, 8178, 1197 
11124, 8179, 4364 
11125, 8180, 1393 
11126, 8181, 4364 
11127, 8182, 3827 
11128, 8183, 4370 
11129, 8184, 2329 
11130, 8185, 4370 
11131, 8186, 4129 
11132, 8187, 4371 
11133, 8188, 3006 
11134, 8189, 4373 
11135, 8190, 2465 
11136, 8191, 4373 
11137, 8192, 2639 
11138, 8193, 4374 
11139, 8194, 66 
11140, 8195, 4378 
11141, 8196, 2381 
11142, 8197, 4378 
11143, 8198, 4347 
11144, 8199, 4380 
11145, 8200, 4122 
11146, 8201, 4381 
11147, 8202, 831 
11148, 8203, 4386 
11149, 8204, 879 
11150, 8205, 4386 
11151, 8206, 4343 
11152, 8207, 4388 
11153, 8208, 3361 
11154, 8209, 4390 
11155, 8210, 94 
11156, 8211, 4390 
11157, 8212, 995 
11158, 8213, 4391 
11159, 8214, 3701 
11160, 8215, 4392 
11161, 8216, 1877 
11162, 8217, 4393 
11163, 8218, 2471 
11164, 8219, 4393 
11165, 8220, 4295 
11166, 8221, 4396 
11167, 8222, 2048 
11168, 8223, 4396 
11169, 8224, 3645 
11170, 8225, 4399 
11171, 8226, 1209 
11172, 8227, 4402 
11173, 8228, 2432 
11174, 8229, 4404 
11175, 8230, 1919 
11176, 8231, 4404 
11177, 8232, 3248 
11178, 8233, 4404 
11179, 8234, 3288 
11180, 8235, 4404 
11181, 8236, 4307 
11182, 8237, 4408 
11183, 8238, 2244 
11184, 8239, 4408 
11185, 8240, 3648 
11186, 8241, 4410 
11187, 8242, 2152 
11188, 8243, 4412 
11189, 8244, 3485 
11190, 8245, 4413 
11191, 8246, 2570 
11192, 8247, 4415 
11193, 8248, 2703 
11194, 8249, 4418 
11195, 8250, 3698 
11196, 8251, 4420 
11197, 8252, 4299 
11198, 8253, 4423 
11199, 8254, 65 
11200, 8255, 4423 
11201, 8256, 1263 
11202, 8257, 4423 
11203, 8258, 3107 
11204, 8259, 4425 
11205, 8260, 798 
11206, 8261, 4425 
11207, 8262, 977 
11208, 8263, 4425 
11209, 8264, 2966 
11210, 8265, 4426 
11211, 8266, 1844 
11212, 8267, 4428 
11213, 8268, 115 
11214, 8269, 4429 
11215, 8270, 1206 
11216, 8271, 4430 
11217, 8272, 4277 
11218, 8273, 4432 
11219, 8274, 1187 
11220, 8275, 4432 
11221, 8276, 2340 
11222, 8277, 4436 
11223, 8278, 75 
11224, 8279, 4436 
11225, 8280, 939 
11226, 8281, 4436 
11227, 8282, 2618 
11228, 8283, 4436 
11229, 8284, 3625 
11230, 8285, 4438 
11231, 8286, 259 
11232, 8287, 4438 
11233, 8288, 2666 
11234, 8289, 4439 
11235, 8290, 734 
11236, 8291, 4439 
11237, 8292, 3823 
11238, 8293, 4439 
11239, 8294, 3997 
11240, 8295, 4441 
11241, 8296, 498 
11242, 8297, 4441 
11243, 8298, 926 
11244, 8299, 4441 
11245, 8300, 3756 
11246, 8301, 4442 
11247, 8302, 720 
11248, 8303, 4442 
11249, 8304, 1439 
11250, 8305, 4443 
11251, 8306, 86 
11252, 8307, 4448 
11253, 8308, 511 
11254, 8309, 4453 
11255, 8310, 83 
11256, 8311, 4453 
11257, 8312, 1465 
11258, 8313, 4454 
11259, 8314, 1455 
11260, 8315, 4454 
11261, 8316, 2641 
11262, 8317, 4458 
11263, 8318, 2173 
11264, 8319, 4460 
11265, 8320, 2564 
11266, 8321, 4461 
11267, 8322, 3052 
11268, 8323, 4461 
11269, 8324, 3740 
11270, 8325, 4461 
11271, 8326, 4343 
11272, 8327, 4465 
11273, 8328, 862 
11274, 8329, 4466 
11275, 8330, 2887 
11276, 8331, 4469 
11277, 8332, 920 
11278, 8333, 4470 
11279, 8334, 2232 
11280, 8335, 4475 
11281, 8336, 1119 
11282, 8337, 4475 
11283, 8338, 4301 
11284, 8339, 4476 
11285, 8340, 1930 
11286, 8341, 4478 
11287, 8342, 1926 
11288, 8343, 4479 
11289, 8344, 1395 
11290, 8345, 4479 
11291, 8346, 3894 
11292, 8347, 4480 
11293, 8348, 4325 
11294, 8349, 4481 
11295, 8350, 271 
11296, 8351, 4484 
11297, 8352, 127 
11298, 8353, 4484 
11299, 8354, 431 
11300, 8355, 4484 
11301, 8356, 731 
11302, 8357, 4484 
11303, 8358, 3790 
11304, 8359, 4488 
11305, 8360, 4344 
11306, 8361, 4489 
11307, 8362, 1205 
11308, 8363, 4494 
11309, 8364, 4337 
11310, 8365, 4495 
11311, 8366, 603 
11312, 8367, 4496 
11313, 8368, 2959 
11314, 8369, 4497 
11315, 8370, 2117 
11316, 8371, 4498 
11317, 8372, 713 
11318, 8373, 4499 
11319, 8374, 108 
11320, 8375, 4499 
11321, 8376, 2867 
11322, 8377, 4501 
11323, 8378, 1185 
11324, 8379, 4501 
11325, 8380, 2085 
11326, 8381, 4504 
11327, 8382, 544 
11328, 8383, 4505 
11329, 8384, 731 
11330, 8385, 4506 
11331, 8386, 489 
11332, 8387, 4510 
11333, 8388, 2726 
11334, 8389, 4517 
11335, 8390, 3875 
11336, 8391, 4520 
11337, 8392, 1168 
11338, 8393, 4520 
11339, 8394, 4067 
11340, 8395, 4523 
11341, 8396, 2830 
11342, 8397, 4526 
11343, 8398, 374 
11344, 8399, 4526 
11345, 8400, 1260 
11346, 8401, 4526 
11347, 8402, 2609 
11348, 8403, 4528 
11349, 8404, 2902 
11350, 8405, 4529 
11351, 8406, 2857 
11352, 8407, 4536 
11353, 8408, 3698 
11354, 8409, 4537 
11355, 8410, 2929 
11356, 8411, 4539 
11357, 8412, 2115 
11358, 8413, 4539 
11359, 8414, 2328 
11360, 8415, 4544 
11361, 8416, 2664 
11362, 8417, 4544 
11363, 8418, 3936 
11364, 8419, 4545 
11365, 8420, 4329 
11366, 8421, 4550 
11367, 8422, 2154 
11368, 8423, 4553 
11369, 8424, 76 
11370, 8425, 4553 
11371, 8426, 879 
11372, 8427, 4554 
11373, 8428, 1853 
11374, 8429, 4555 
11375, 8430, 3848 
11376, 8431, 4557 
11377, 8432, 4476 
11378, 8433, 4561 
11379, 8434, 1647 
11380, 8435, 4562 
11381, 8436, 1574 
11382, 8437, 4562 
11383, 8438, 3525 
11384, 8439, 4562 
11385, 8440, 4390 
11386, 8441, 4565 
11387, 8442, 2209 
11388, 8443, 4565 
11389, 8444, 4326 
11390, 8445, 4566 
11391, 8446, 2515 
11392, 8447, 4568 
11393, 8448, 3379 
11394, 8449, 4570 
11395, 8450, 419 
11396, 8451, 4570 
11397, 8452, 1649 
11398, 8453, 4571 
11399, 8454, 202 
11400, 8455, 4571 
11401, 8456, 1191 
11402, 8457, 4573 
11403, 8458, 1300 
11404, 8459, 4575 
11405, 8460, 1334 
11406, 8461, 4575 
11407, 8462, 3511 
11408, 8463, 4578 
11409, 8464, 2399 
11410, 8465, 4579 
11411, 8466, 634 
11412, 8467, 4582 
11413, 8468, 3183 
11414, 8469, 4582 
11415, 8470, 4557 
11416, 8471, 4585 
11417, 8472, 335 
11418, 8473, 4585 
11419, 8474, 560 
11420, 8475, 4585 
11421, 8476, 3790 
11422, 8477, 4588 
11423, 8478, 2423 
11424, 8479, 4590 
11425, 8480, 110 
11426, 8481, 4590 
11427, 8482, 2830 
11428, 8483, 4591 
11429, 8484, 3371 
11430, 8485, 4594 
11431, 8486, 507 
11432, 8487, 4595 
11433, 8488, 4554 
11434, 8489, 4597 
11435, 8490, 4430 
11436, 8491, 4600 
11437, 8492, 3501 
11438, 8493, 4600 
11439, 8494, 4565 
11440, 8495, 4603 
11441, 8496, 1478 
11442, 8497, 4603 
11443, 8498, 3031 
11444, 8499, 4606 
11445, 8500, 813 
11446, 8501, 4606 
11447, 8502, 1918 
11448, 8503, 4607 
11449, 8504, 1015 
11450, 8505, 4607 
11451, 8506, 2148 
11452, 8507, 4607 
11453, 8508, 2430 
11454, 8509, 4608 
11455, 8510, 791 
11456, 8511, 4608 
11457, 8512, 2847 
11458, 8513, 4609 
11459, 8514, 738 
11460, 8515, 4609 
11461, 8516, 1923 
11462, 8517, 4609 
11463, 8518, 4287 
11464, 8519, 4616 
11465, 8520, 809 
11466, 8521, 4619 
11467, 8522, 370 
11468, 8523, 4619 
11469, 8524, 3479 
11470, 8525, 4620 
11471, 8526, 1032 
11472, 8527, 4622 
11473, 8528, 70 
11474, 8529, 4622 
11475, 8530, 481 
11476, 8531, 4622 
11477, 8532, 1431 
11478, 8533, 4623 
11479, 8534, 536 
11480, 8535, 4623 
11481, 8536, 787 
11482, 8537, 4623 
11483, 8538, 938 
11484, 8539, 4629 
11485, 8540, 1409 
11486, 8541, 4630 
11487, 8542, 1774 
11488, 8543, 4630 
11489, 8544, 3154 
11490, 8545, 4631 
11491, 8546, 3455 
11492, 8547, 4637 
11493, 8548, 682 
11494, 8549, 4638 
11495, 8550, 3356 
11496, 8551, 4641 
11497, 8552, 4086 
11498, 8553, 4644 
11499, 8554, 1521 
11500, 8555, 4652 
11501, 8556, 998 
11502, 8557, 4652 
11503, 8558, 4419 
11504, 8559, 4653 
11505, 8560, 1456 
11506, 8561, 4653 
11507, 8562, 2526 
11508, 8563, 4653 
11509, 8564, 3622 
11510, 8565, 4655 
11511, 8566, 421 
11512, 8567, 4655 
11513, 8568, 1327 
11514, 8569, 4655 
11515, 8570, 1884 
11516, 8571, 4656 
11517, 8572, 2331 
11518, 8573, 4657 
11519, 8574, 1140 
11520, 8575, 4657 
11521, 8576, 2013 
11522, 8577, 4657 
11523, 8578, 4356 
11524, 8579, 4660 
11525, 8580, 3161 
11526, 8581, 4660 
11527, 8582, 3890 
11528, 8583, 4661 
11529, 8584, 670 
11530, 8585, 4661 
11531, 8586, 3196 
11532, 8587, 4661 
11533, 8588, 3805 
11534, 8589, 4662 
11535, 8590, 3343 
11536, 8591, 4663 
11537, 8592, 209 
11538, 8593, 4663 
11539, 8594, 2139 
11540, 8595, 4666 
11541, 8596, 856 
11542, 8597, 4666 
11543, 8598, 1017 
11544, 8599, 4667 
11545, 8600, 1124 
11546, 8601, 4670 
11547, 8602, 223 
11548, 8603, 4672 
11549, 8604, 471 
11550, 8605, 4672 
11551, 8606, 3515 
11552, 8607, 4673 
11553, 8608, 798 
11554, 8609, 4673 
11555, 8610, 3308 
11556, 8611, 4678 
11557, 8612, 754 
11558, 8613, 4678 
11559, 8614, 1062 
11560, 8615, 4678 
11561, 8616, 2811 
11562, 8617, 4680 
11563, 8618, 4426 
11564, 8619, 4681 
11565, 8620, 3221 
11566, 8621, 4682 
11567, 8622, 110 
11568, 8623, 4682 
11569, 8624, 367 
11570, 8625, 4686 
11571, 8626, 294 
11572, 8627, 4686 
11573, 8628, 3101 
11574, 8629, 4686 
11575, 8630, 4400 
11576, 8631, 4687 
11577, 8632, 1098 
11578, 8633, 4687 
11579, 8634, 1489 
11580, 8635, 4687 
11581, 8636, 3775 
11582, 8637, 4692 
11583, 8638, 4371 
11584, 8639, 4693 
11585, 8640, 804 
11586, 8641, 4693 
11587, 8642, 2440 
11588, 8643, 4693 
11589, 8644, 2958 
11590, 8645, 4694 
11591, 8646, 3408 
11592, 8647, 4695 
11593, 8648, 36 
11594, 8649, 4695 
11595, 8650, 2592 
11596, 8651, 4695 
11597, 8652, 2595 
11598, 8653, 4702 
11599, 8654, 775 
11600, 8655, 4702 
11601, 8656, 3824 
11602, 8657, 4704 
11603, 8658, 1632 
11604, 8659, 4704 
11605, 8660, 2736 
11606, 8661, 4704 
11607, 8662, 3304 
11608, 8663, 4706 
11609, 8664, 1106 
11610, 8665, 4707 
11611, 8666, 3925 
11612, 8667, 4710 
11613, 8668, 1437 
11614, 8669, 4711 
11615, 8670, 372 
11616, 8671, 4711 
11617, 8672, 732 
11618, 8673, 4711 
11619, 8674, 2270 
11620, 8675, 4712 
11621, 8676, 2232 
11622, 8677, 4715 
11623, 8678, 2741 
11624, 8679, 4720 
11625, 8680, 910 
11626, 8681, 4720 
11627, 8682, 1594 
11628, 8683, 4724 
11629, 8684, 3085 
11630, 8685, 4725 
11631, 8686, 1458 
11632, 8687, 4725 
11633, 8688, 2193 
11634, 8689, 4725 
11635, 8690, 4113 
11636, 8691, 4725 
11637, 8692, 4310 
11638, 8693, 4726 
11639, 8694, 1678 
11640, 8695, 4726 
11641, 8696, 4035 
11642, 8697, 4726 
11643, 8698, 4070 
11644, 8699, 4727 
11645, 8700, 2795 
11646, 8701, 4729 
11647, 8702, 682 
11648, 8703, 4730 
11649, 8704, 384 
11650, 8705, 4730 
11651, 8706, 1617 
11652, 8707, 4734 
11653, 8708, 357 
11654, 8709, 4734 
11655, 8710, 3111 
11656, 8711, 4735 
11657, 8712, 4428 
11658, 8713, 4737 
11659, 8714, 1830 
11660, 8715, 4737 
11661, 8716, 3173 
11662, 8717, 4738 
11663, 8718, 720 
11664, 8719, 4739 
11665, 8720, 2923 
11666, 8721, 4742 
11667, 8722, 715 
11668, 8723, 4742 
11669, 8724, 1556 
11670, 8725, 4742 
11671, 8726, 3333 
11672, 8727, 4745 
11673, 8728, 3202 
11674, 8729, 4748 
11675, 8730, 2366 
11676, 8731, 4748 
11677, 8732, 2544 
11678, 8733, 4748 
11679, 8734, 2901 
11680, 8735, 4750 
11681, 8736, 3316 
11682, 8737, 4750 
11683, 8738, 4321 
11684, 8739, 4751 
11685, 8740, 2970 
11686, 8741, 4754 
11687, 8742, 2392 
11688, 8743, 4754 
11689, 8744, 4582 
11690, 8745, 4755 
11691, 8746, 88 
11692, 8747, 4755 
11693, 8748, 1602 
11694, 8749, 4755 
11695, 8750, 2696 
11696, 8751, 4760 
11697, 8752, 1564 
11698, 8753, 4760 
11699, 8754, 2354 
11700, 8755, 4761 
11701, 8756, 879 
11702, 8757, 4761 
11703, 8758, 3906 
11704, 8759, 4762 
11705, 8760, 675 
11706, 8761, 4765 
11707, 8762, 4609 
11708, 8763, 4766 
11709, 8764, 2464 
11710, 8765, 4767 
11711, 8766, 3353 
11712, 8767, 4768 
11713, 8768, 2983 
11714, 8769, 4769 
11715, 8770, 714 
11716, 8771, 4769 
11717, 8772, 2711 
11718, 8773, 4770 
11719, 8774, 2351 
11720, 8775, 4770 
11721, 8776, 2565 
11722, 8777, 4771 
11723, 8778, 3049 
11724, 8779, 4775 
11725, 8780, 2813 
11726, 8781, 4777 
11727, 8782, 2789 
11728, 8783, 4778 
11729, 8784, 4580 
11730, 8785, 4780 
11731, 8786, 2178 
11732, 8787, 4781 
11733, 8788, 4533 
11734, 8789, 4784 
11735, 8790, 2406 
11736, 8791, 4787 
11737, 8792, 1390 
11738, 8793, 4787 
11739, 8794, 1706 
11740, 8795, 4788 
11741, 8796, 326 
11742, 8797, 4788 
11743, 8798, 2372 
11744, 8799, 4789 
11745, 8800, 3349 
11746, 8801, 4790 
11747, 8802, 1528 
11748, 8803, 4790 
11749, 8804, 1580 
11750, 8805, 4790 
11751, 8806, 4667 
11752, 8807, 4792 
11753, 8808, 67 
11754, 8809, 4796 
11755, 8810, 4114 
11756, 8811, 4801 
11757, 8812, 52 
11758, 8813, 4801 
11759, 8814, 564 
11760, 8815, 4803 
11761, 8816, 1369 
11762, 8817, 4803 
11763, 8818, 2024 
11764, 8819, 4803 
11765, 8820, 3078 
11766, 8821, 4806 
11767, 8822, 1550 
11768, 8823, 4806 
11769, 8824, 4567 
11770, 8825, 4809 
11771, 8826, 2928 
11772, 8827, 4813 
11773, 8828, 610 
11774, 8829, 4813 
11775, 8830, 4765 
11776, 8831, 4815 
11777, 8832, 3060 
11778, 8833, 4816 
11779, 8834, 3807 
11780, 8835, 4817 
11781, 8836, 4065 
11782, 8837, 4817 
11783, 8838, 4439 
11784, 8839, 4818 
11785, 8840, 3243 
11786, 8841, 4818 
11787, 8842, 3853 
11788, 8843, 4820 
11789, 8844, 3651 
11790, 8845, 4824 
11791, 8846, 662 
11792, 8847, 4824 
11793, 8848, 4189 
11794, 8849, 4827 
11795, 8850, 1147 
11796, 8851, 4827 
11797, 8852, 1187 
11798, 8853, 4827 
11799, 8854, 2566 
11800, 8855, 4829 
11801, 8856, 1775 
11802, 8857, 4832 
11803, 8858, 754 
11804, 8859, 4832 
11805, 8860, 851 
11806, 8861, 4833 
11807, 8862, 512 
11808, 8863, 4833 
11809, 8864, 2290 
11810, 8865, 4833 
11811, 8866, 2972 
11812, 8867, 4833 
11813, 8868, 4078 
11814, 8869, 4834 
11815, 8870, 4541 
11816, 8871, 4837 
11817, 8872, 2263 
11818, 8873, 4839 
11819, 8874, 404 
11820, 8875, 4839 
11821, 8876, 1671 
11822, 8877, 4845 
11823, 8878, 3478 
11824, 8879, 4846 
11825, 8880, 4761 
11826, 8881, 4848 
11827, 8882, 1534 
11828, 8883, 4848 
11829, 8884, 2614 
11830, 8885, 4849 
11831, 8886, 4809 
11832, 8887, 4850 
11833, 8888, 1603 
11834, 8889, 4851 
11835, 8890, 345 
11836, 8891, 4851 
11837, 8892, 3243 
11838, 8893, 4851 
11839, 8894, 4152 
11840, 8895, 4851 
11841, 8896, 4323 
11842, 8897, 4852 
11843, 8898, 312 
11844, 8899, 4852 
11845, 8900, 2604 
11846, 8901, 4853 
11847, 8902, 2615 
11848, 8903, 4853 
11849, 8904, 4811 
11850, 8905, 4858 
11851, 8906, 1599 
11852, 8907, 4858 
11853, 8908, 2225 
11854, 8909, 4859 
11855, 8910, 15 
11856, 8911, 4859 
11857, 8912, 2246 
11858, 8913, 4860 
11859, 8914, 3915 
11860, 8915, 4860 
11861, 8916, 4142 
11862, 8917, 4862 
11863, 8918, 3146 
11864, 8919, 4867 
11865, 8920, 1253 
11866, 8921, 4867 
11867, 8922, 3723 
11868, 8923, 4870 
11869, 8924, 2696 
11870, 8925, 4875 
11871, 8926, 4028 
11872, 8927, 4879 
11873, 8928, 2472 
11874, 8929, 4883 
11875, 8930, 2129 
11876, 8931, 4885 
11877, 8932, 1498 
11878, 8933, 4886 
11879, 8934, 1550 
11880, 8935, 4890 
11881, 8936, 4214 
11882, 8937, 4892 
11883, 8938, 1699 
11884, 8939, 4894 
11885, 8940, 2041 
11886, 8941, 4896 
11887, 8942, 2884 
11888, 8943, 4896 
11889, 8944, 3066 
11890, 8945, 4896 
11891, 8946, 4274 
11892, 8947, 4896 
11893, 8948, 4867 
11894, 8949, 4899 
11895, 8950, 686 
11896, 8951, 4899 
11897, 8952, 1386 
11898, 8953, 4902 
11899, 8954, 2381 
11900, 8955, 4902 
11901, 8956, 3607 
11902, 8957, 4902 
11903, 8958, 4310 
11904, 8959, 4903 
11905, 8960, 3318 
11906, 8961, 4905 
11907, 8962, 1001 
11908, 8963, 4906 
11909, 8964, 4279 
11910, 8965, 4907 
11911, 8966, 4274 
11912, 8967, 4913 
11913, 8968, 408 
11914, 8969, 4915 
11915, 8970, 1776 
11916, 8971, 4915 
11917, 8972, 3436 
11918, 8973, 4919 
11919, 8974, 876 
11920, 8975, 4920 
11921, 8976, 4407 
11922, 8977, 4922 
11923, 8978, 1136 
11924, 8979, 4922 
11925, 8980, 2165 
11926, 8981, 4923 
11927, 8982, 340 
11928, 8983, 4925 
11929, 8984, 2450 
11930, 8985, 4926 
11931, 8986, 2507 
11932, 8987, 4926 
11933, 8988, 2635 
11934, 8989, 4926 
11935, 8990, 3088 
11936, 8991, 4930 
11937, 8992, 2299 
11938, 8993, 4930 
11939, 8994, 4512 
11940, 8995, 4930 
11941, 8996, 4778 
11942, 8997, 4933 
11943, 8998, 67 
11944, 8999, 4933 
11945, 9000, 1442 
11946, 9001, 4933 
11947, 9002, 3387 
11948, 9003, 4933 
11949, 9004, 3525 
11950, 9005, 4934 
11951, 9006, 1383 
11952, 9007, 4936 
11953, 9008, 2412 
11954, 9009, 4940 
11955, 9010, 654 
11956, 9011, 4940 
11957, 9012, 4575 
11958, 9013, 4941 
11959, 9014, 3318 
11960, 9015, 4946 
11961, 9016, 1612 
11962, 9017, 4946 
11963, 9018, 2955 
11964, 9019, 4949 
11965, 9020, 4770 
11966, 9021, 4952 
11967, 9022, 4466 
11968, 9023, 4955 
11969, 9024, 1687 
11970, 9025, 4955 
11971, 9026, 2540 
11972, 9027, 4957 
11973, 9028, 416 
11974, 9029, 4957 
11975, 9030, 917 
11976, 9031, 4957 
11977, 9032, 3468 
11978, 9033, 4958 
11979, 9034, 2330 
11980, 9035, 4960 
11981, 9036, 76 
11982, 9037, 4960 
11983, 9038, 2653 
11984, 9039, 4961 
11985, 9040, 408 
11986, 9041, 4961 
11987, 9042, 2050 
11988, 9043, 4961 
11989, 9044, 3644 
11990, 9045, 4966 
11991, 9046, 2346 
11992, 9047, 4968 
11993, 9048, 4290 
11994, 9049, 4972 
11995, 9050, 4290 
11996, 9051, 4973 
11997, 9052, 653 
11998, 9053, 4973 
11999, 9054, 1085 
12000, 9055, 4973 
12001, 9056, 2706 
12002, 9057, 4975 
12003, 9058, 3675 
12004, 9059, 4979 
12005, 9060, 15 
12006, 9061, 4981 
12007, 9062, 4288 
12008, 9063, 4983 
12009, 9064, 2563 
12010, 9065, 4983 
12011, 9066, 2817 
12012, 9067, 4983 
12013, 9068, 4133 
12014, 9069, 4984 
12015, 9070, 1266 
12016, 9071, 4984 
12017, 9072, 3541 
12018, 9073, 4984 
12019, 9074, 4936 
12020, 9075, 4986 
12021, 9076, 3251 
12022, 9077, 4986 
12023, 9078, 3350 
12024, 9079, 4986 
12025, 9080, 3783 
12026, 9081, 4988 
12027, 9082, 175 
12028, 9083, 4988 
12029, 9084, 388 
12030, 9085, 4989 
12031, 9086, 938 
12032, 9087, 4989 
12033, 9088, 2771 
12034, 9089, 4990 
12035, 9090, 364 
12036, 9091, 4990 
12037, 9092, 2069 
12038, 9093, 4992 
12039, 9094, 30 
12040, 9095, 4993 
12041, 9096, 1406 
12042, 9097, 4993 
12043, 9098, 2380 
12044, 9099, 4994 
12045, 9100, 231 
12046, 9101, 4996 
12047, 9102, 110 
12048, 9103, 4996 
12049, 9104, 4737 
12050, 9105, 4998 
12051, 9106, 402 
$boundary
5001 5002 5003 5004 5005 5006 5007 5008 5009 5010 5011 5012 5013 5014 5015 5016 5017 5018 5019 5020 5021 5022 5023 5024 5025 5026 5027 5028 5029 5030 5031 5032 5033 5034 5035 5036 5037 5038 5039 5040 5041 5042 5043 5044 5045 5046 5047 5048 5049 5050 5051 5052 5053 5054 5055 5056 5057 5058 5059 5060 5061 5062 5063 5064 5065 5066 5067 5068 5069 5070 5071 5072 5073 5074 5075 5076 5077 5078 5079 5080 5081 5082 5083 5084 5085 5086 5087 5088 5089 5090 5091 5092 5093 5094 5095 5096 5097 5098 5099 5100 5101 5102 5103 5104 5105 5106 5107 5108 5109 5110 5111 5112 5113 5114 5115 5116 5117 5118 5119 5120 5121 5122 5123 5124 5125 5126 5127 5128 5129 5130 5131 5132 5133 5134 5135 5136 5137 5138 5139 5140 5141 5142 5143 5144 5145 5146 5147 5148 5149 5150 5151 5152 5153 5154 5155 5156 5157 5158 5159 5160 5161 5162 5163 5164 5165 5166 5167 5168 5169 5170 5171 5172 5173 5174 5175 5176 5177 5178 5179 5180 5181 5182 5183 5184 5185 5186 5187 5188 5189 5190 5191 5192 5193 5194 5195 5196 5197 5198 5199 5200 5201 5202 5203 5204 5205 5206 5207 5208 5209 5210 5211 5212 5213 5214 5215 5216 5217 5218 5219 5220 5221 5222 5223 5224 5225 5226 5227 5228 5229 5230 5231 5232 5233 5234 5235 5236 5237 5238 5239 5240 5241 5242 5243 5244 5245 5246 5247 5248 5249 5250 5251 5252 5253 5254 5255 5256 5257 5258 5259 5260 5261 5262 5263 5264 5265 5266 5267 5268 5269 5270 5271 5272 5273 5274 5275 5276 5277 5278 5279 5280 5281 5282 5283 5284 5285 5286 5287 5288 5289 5290 5291 5292 5293 5294 5295 5296 5297 5298 5299 5300 5301 5302 5303 5304 5305 5306 5307 5308 5309 5310 5311 5312 5313 5314 5315 5316 5317 5318 5319 5320 5321 5322 5323 5324 5325 5326 5327 5328 5329 5330 5331 5332 5333 5334 5335 5336 5337 5338 5339 5340 5341 5342 5343 5344 5345 5346 5347 5348 5349 5350 5351 5352 5353 5354 5355 5356 5357 5358 5359 5360 5361 5362 5363 5364 5365 5366 5367 5368 5369 5370 5371 5372 5373 5374 5375 5376 5377 5378 5379 5380 5381 5382 5383 5384 5385 5386 5387 5388 5389 5390 5391 5392 5393 5394 5395 5396 5397 5398 5399 5400 5401 5402 5403 5404 5405 5406 5407 5408 5409 5410 5411 5412 5413 5414 5415 5416 5417 5418 5419 5420 5421 5422 5423 5424 5425 5426 5427 5428 5429 5430 5431 5432 5433 5434 5435 5436 5437 5438 5439 5440 5441 5442 5443 5444 5445 5446 5447 5448 5449 5450 5451 5452 5453 5454 5455 5456 5457 5458 5459 5460 5461 5462 5463 5464 5465 5466 5467 5468 5469 5470 5471 5472 5473 5474 5475 5476 5477 5478 5479 5480 5481 5482 5483 5484 5485 5486 5487 5488 5489 5490 5491 5492 5493 5494 5495 5496 5497 5498 5499 5500 5501 5502 5503 5504 5505 5506 5507 5508 5509 5510 5511 5512 5513 5514 5515 5516 5517 5518 5519 5520 5521 5522 5523 5524 5525 5526 5527 5528 5529 5530 5531 5532 5533 5534 5535 5536 5537 5538 5539 5540 5541 5542 5543 5544 5545 5546 5547 5548 5549 5550 5551 5552 5553 5554 5555 5556 5557 5558 5559 5560 5561 5562 5563 5564 5565 5566 5567 5568 5569 5570 5571 5572 5573 5574 5575 5576 5577 5578 5579 5580 5581 5582 5583 5584 5585 5586 5587 5588 5589 5590 5591 5592 5593 5594 5595 5596 5597 5598 5599 5600 5601 5602 5603 5604 5605 5606 5607 5608 5609 5610 5611 5612 5613 5614 5615 5616 5617 5618 5619 5620 5621 5622 5623 5624 5625 5626 5627 5628 5629 5630 5631 5632 5633 5634 5635 5636 5637 5638 5639 5640 5641 5642 5643 5644 5645 5646 5647 5648 5649 5650 5651 5652 5653 5654 5655 5656 5657 5658 5659 5660 5661 5662 5663 5664 5665 5666 5667 5668 5669 5670 5671 5672 5673 5674 5675 5676 5677 5678 5679 5680 5681 5682 5683 5684 5685 5686 5687 5688 5689 5690 5691 5692 5693 5694 5695 5696 5697 5698 5699 5700 5701 5702 5703 5704 5705 5706 5707 5708 5709 5710 5711 5712 5713 5714 5715 5716 5717 5718 5719 5720 5721 5722 5723 5724 5725 5726 5727 5728 5729 5730 5731 5732 5733 5734 5735 5736 5737 5738 5739 5740 5741 5742 5743 5744 5745 5746 5747 5748 5749 5750 5751 5752 5753 5754 5755 5756 5757 5758 5759 5760 5761 5762 5763 5764 5765 5766 5767 5768 5769 5770 5771 5772 5773 5774 5775 5776 5777 5778 5779 5780 5781 5782 5783 5784 5785 5786 5787 5788 5789 5790 5791 5792 5793 5794 5795 5796 5797 5798 5799 5800 5801 5802 5803 5804 5805 5806 5807 5808 5809 5810 5811 5812 5813 5814 5815 5816 5817 5818 5819 5820 5821 5822 5823 5824 5825 5826 5827 5828 5829 5830 5831 5832 5833 5834 5835 5836 5837 5838 5839 5840 5841 5842 5843 5844 5845 5846 5847 5848 5849 5850 5851 5852 5853 5854 5855 5856 5857 5858 5859 5860 5861 5862 5863 5864 5865 5866 5867 5868 5869 5870 5871 5872 5873 5874 5875 5876 5877 5878 5879 5880 5881 5882 5883 5884 5885 5886 5887 5888 5889 5890 5891 5892 5893 5894 5895 5896 5897 5898 5899 5900 5901 5902 5903 5904 5905 5906 5907 5908 5909 5910 5911 5912 5913 5914 5915 5916 5917 5918 5919 5920 5921 5922 5923 5924 5925 5926 5927 5928 5929 5930 5931 5932 5933 5934 5935 5936 5937 5938 5939 5940 5941 5942 5943 5944 5945 5946 5947 5948 5949 5950 5951 5952 5953 5954 5955 5956 5957 5958 5959 5960 5961 5962 5963 5964 5965 5966 5967 5968 5969 5970 5971 5972 5973 5974 5975 5976 5977 5978 5979 5980 5981 5982 5983 5984 5985 5986 5987 5988 5989 5990 5991 5992 5993 5994 5995 5996 5997 5998 5999 6000 6001 6002 6003 6004 6005 6006 6007 6008 6009 6010 6011 6012 6013 6014 6015 6016 6017 6018 6019 6020 6021 6022 6023 6024 6025 6026 6027 6028 6029 6030 6031 6032 6033 6034 6035 6036 6037 6038 6039 6040 6041 6042 6043 6044 6045 6046 6047 6048 6049 6050 6051 6052 6053 6054 6055 6056 6057 6058 6059 6060 6061 6062 6063 6064 6065 6066 6067 6068 6069 6070 6071 6072 6073 6074 6075 6076 6077 6078 6079 6080 6081 6082 6083 6084 6085 6086 6087 6088 6089 6090 6091 6092 6093 6094 6095 6096 6097 6098 6099 6100 6101 6102 6103 6104 6105 6106 6107 6108 6109 6110 6111 6112 6113 6114 6115 6116 6117 6118 6119 6120 6121 6122 6123 6124 6125 6126 6127 6128 6129 6130 6131 6132 6133 6134 6135 6136 6137 6138 6139 6140 6141 6142 6143 6144 6145 6146 6147 6148 6149 6150 6151 6152 6153 6154 6155 6156 6157 6158 6159 6160 6161 6162 6163 6164 6165 6166 6167 6168 6169 6170 6171 6172 6173 6174 6175 6176 6177 6178 6179 6180 6181 6182 6183 6184 6185 6186 6187 6188 6189 6190 6191 6192 6193 6194 6195 6196 6197 6198 6199 6200 6201 6202 6203 6204 6205 6206 6207 6208 6209 6210 6211 6212 6213 6214 6215 6216 6217 6218 6219 6220 6221 6222 6223 6224 6225 6226 6227 6228 6229 6230 6231 6232 6233 6234 6235 6236 6237 6238 6239 6240 6241 6242 6243 6244 6245 6246 6247 6248 6249 6250 6251 6252 6253 6254 6255 6256 6257 6258 6259 6260 6261 6262 6263 6264 6265 6266 6267 6268 6269 6270 6271 6272 6273 6274 6275 6276 6277 6278 6279 6280 6281 6282 6283 6284 6285 6286 6287 6288 6289 6290 6291 6292 6293 6294 6295 6296 6297 6298 6299 6300 6301 6302 6303 6304 6305 6306 6307 6308 6309 6310 6311 6312 6313 6314 6315 6316 6317 6318 6319 6320 6321 6322 6323 6324 6325 6326 6327 6328 6329 6330 6331 6332 6333 6334 6335 6336 6337 6338 6339 6340 6341 6342 6343 6344 6345 6346 6347 6348 6349 6350 6351 6352 6353 6354 6355 6356 6357 6358 6359 6360 6361 6362 6363 6364 6365 6366 6367 6368 6369 6370 6371 6372 6373 6374 6375 6376 6377 6378 6379 6380 6381 6382 6383 6384 6385 6386 6387 6388 6389 6390 6391 6392 6393 6394 6395 6396 6397 6398 6399 6400 6401 6402 6403 6404 6405 6406 6407 6408 6409 6410 6411 6412 6413 6414 6415 6416 6417 6418 6419 6420 6421 6422 6423 6424 6425 6426 6427 6428 6429 6430 6431 6432 6433 6434 6435 6436 6437 6438 6439 6440 6441 6442 6443 6444 6445 6446 6447 6448 6449 6450 6451 6452 6453 6454 6455 6456 6457 6458 6459 6460 6461 6462 6463 6464 6465 6466 6467 6468 6469 6470 6471 6472 6473 6474 6475 6476 6477 6478 6479 6480 6481 6482 6483 6484 6485 6486 6487 6488 6489 6490 6491 6492 6493 6494 6495 6496 6497 6498 6499 6500 6501 6502 6503 6504 6505 6506 6507 6508 6509 6510 6511 6512 6513 6514 6515 6516 6517 6518 6519 6520 6521 6522 6523 6524 6525 6526 6527 6528 6529 6530 6531 6532 6533 6534 6535 6536 6537 6538 6539 6540 6541 6542 6543 6544 6545 6546 6547 6548 6549 6550 6551 6552 6553 6554 6555 6556 6557 6558 6559 6560 6561 6562 6563 6564 6565 6566 6567 6568 6569 6570 6571 6572 6573 6574 6575 6576 6577 6578 6579 6580 6581 6582 6583 6584 6585 6586 6587 6588 6589 6590 6591 6592 6593 6594 6595 6596 6597 6598 6599 6600 6601 6602 6603 6604 6605 6606 6607 6608 6609 6610 6611 6612 6613 6614 6615 6616 6617 6618 6619 6620 6621 6622 6623 6624 6625 6626 6627 6628 6629 6630 6631 6632 6633 6634 6635 6636 6637 6638 6639 6640 6641 6642 6643 6644 6645 6646 6647 6648 6649 6650 6651 6652 6653 6654 6655 6656 6657 6658 6659 6660 6661 6662 6663 6664 6665 6666 6667 6668 6669 6670 6671 6672 6673 6674 6675 6676 6677 6678 6679 6680 6681 6682 6683 6684 6685 6686 6687 6688 6689 6690 6691 6692 6693 6694 6695 6696 6697 6698 6699 6700 6701 6702 6703 6704 6705 6706 6707 6708 6709 6710 6711 6712 6713 6714 6715 6716 6717 6718 6719 6720 6721 6722 6723 6724 6725 6726 6727 6728 6729 6730 6731 6732 6733 6734 6735 6736 6737 6738 6739 6740 6741 6742 6743 6744 6745 6746 6747 6748 6749 6750 6751 6752 6753 6754 6755 6756 6757 6758 6759 6760 6761 6762 6763 6764 6765 6766 6767 6768 6769 6770 6771 6772 6773 6774 6775 6776 6777 6778 6779 6780 6781 6782 6783 6784 6785 6786 6787 6788 6789 6790 6791 6792 6793 6794 6795 6796 6797 6798 6799 6800 6801 6802 6803 6804 6805 6806 6807 6808 6809 6810 6811 6812 6813 6814 6815 6816 6817 6818 6819 6820 6821 6822 6823 6824 6825 6826 6827 6828 6829 6830 6831 6832 6833 6834 6835 6836 6837 6838 6839 6840 6841 6842 6843 6844 6845 6846 6847 6848 6849 6850 6851 6852 6853 6854 6855 6856 6857 6858 6859 6860 6861 6862 6863 6864 6865 6866 6867 6868 6869 6870 6871 6872 6873 6874 6875 6876 6877 6878 6879 6880 6881 6882 6883 6884 6885 6886 6887 6888 6889 6890 6891 6892 6893 6894 6895 6896 6897 6898 6899 6900 6901 6902 6903 6904 6905 6906 6907 6908 6909 6910 6911 6912 6913 6914 6915 6916 6917 6918 6919 6920 6921 6922 6923 6924 6925 6926 6927 6928 6929 6930 6931 6932 6933 6934 6935 6936 6937 6938 6939 6940 6941 6942 6943 6944 6945 6946 6947 6948 6949 6950 6951 6952 6953 6954 6955 6956 6957 6958 6959 6960 6961 6962 6963 6964 6965 6966 6967 6968 6969 6970 6971 6972 6973 6974 6975 6976 6977 6978 6979 6980 6981 6982 6983 6984 6985 6986 6987 6988 6989 6990 6991 6992 6993 6994 6995 6996 6997 6998 6999 7000 7001 7002 7003 7004 7005 7006 7007 7008 7009 7010 7011 7012 7013 7014 7015 7016 7017 7018 7019 7020 7021 7022 7023 7024 7025 7026 7027 7028 7029 7030 7031 7032 7033 7034 7035 7036 7037 7038 7039 7040 7041 7042 7043 7044 7045 7046 7047 7048 7049 7050 7051 7052 7053 7054 7055 7056 7057 7058 7059 7060 7061 7062 7063 7064 7065 7066 7067 7068 7069 7070 7071 7072 7073 7074 7075 7076 7077 7078 7079 7080 7081 7082 7083 7084 7085 7086 7087 7088 7089 7090 7091 7092 7093 7094 7095 7096 7097 7098 7099 7100 7101 7102 7103 7104 7105 7106 7107 7108 7109 7110 7111 7112 7113 7114 7115 7116 7117 7118 7119 7120 7121 7122 7123 7124 7125 7126 7127 7128 7129 7130 7131 7132 7133 7134 7135 7136 7137 7138 7139 7140 7141 7142 7143 7144 7145 7146 7147 7148 7149 7150 7151 7152 7153 7154 7155 7156 7157 7158 7159 7160 7161 7162 7163 7164 7165 7166 7167 7168 7169 7170 7171 7172 7173 7174 7175 7176 7177 7178 7179 7180 7181 7182 7183 7184 7185 7186 7187 7188 7189 7190 7191 7192 7193 7194 7195 7196 7197 7198 7199 7200 7201 7202 7203 7204 7205 7206 7207 7208 7209 7210 7211 7212 7213 7214 7215 7216 7217 7218 7219 7220 7221 7222 7223 7224 7225 7226 7227 7228 7229 7230 7231 7232 7233 7234 7235 7236 7237 7238 7239 7240 7241 7242 7243 7244 7245 7246 7247 7248 7249 7250 7251 7252 7253 7254 7255 7256 7257 7258 7259 7260 7261 7262 7263 7264 7265 7266 7267 7268 7269 7270 7271 7272 7273 7274 7275 7276 7277 7278 7279 7280 7281 7282 7283 7284 7285 7286 7287 7288 7289 7290 7291 7292 7293 7294 7295 7296 7297 7298 7299 7300 7301 7302 7303 7304 7305 7306 7307 7308 7309 7310 7311 7312 7313 7314 7315 7316 7317 7318 7319 7320 7321 7322 7323 7324 7325 7326 7327 7328 7329 7330 7331 7332 7333 7334 7335 7336 7337 7338 7339 7340 7341 7342 7343 7344 7345 7346 7347 7348 7349 7350 7351 7352 7353 7354 7355 7356 7357 7358 7359 7360 7361 7362 7363 7364 7365 7366 7367 7368 7369 7370 7371 7372 7373 7374 7375 7376 7377 7378 7379 7380 7381 7382 7383 7384 7385 7386 7387 7388 7389 7390 7391 7392 7393 7394 7395 7396 7397 7398 7399 7400 7401 7402 7403 7404 7405 7406 7407 7408 7409 7410 7411 7412 7413 7414 7415 7416 7417 7418 7419 7420 7421 7422 7423 7424 7425 7426 7427 7428 7429 7430 7431 7432 7433 7434 7435 7436 7437 7438 7439 7440 7441 7442 7443 7444 7445 7446 7447 7448 7449 7450 7451 7452 7453 7454 7455 7456 7457 7458 7459 7460 7461 7462 7463 7464 7465 7466 7467 7468 7469 7470 7471 7472 7473 7474 7475 7476 7477 7478 7479 7480 7481 7482 7483 7484 7485 7486 7487 7488 7489 7490 7491 7492 7493 7494 7495 7496 7497 7498 7499 7500 7501 7502 7503 7504 7505 7506 7507 7508 7509 7510 7511 7512 7513 7514 7515 7516 7517 7518 7519 7520 7521 7522 7523 7524 7525 7526 7527 7528 7529 7530 7531 7532 7533 7534 7535 7536 7537 7538 7539 7540 7541 7542 7543 7544 7545 7546 7547 7548 7549 7550 7551 7552 7553 7554 7555 7556 7557 7558 7559 7560 7561 7562 7563 7564 7565 7566 7567 7568 7569 7570 7571 7572 7573 7574 7575 7576 7577 7578 7579 7580 7581 7582 7583 7584 7585 7586 7587 7588 7589 7590 7591 7592 7593 7594 7595 7596 7597 7598 7599 7600 7601 7602 7603 7604 7605 7606 7607 7608 7609 7610 7611 7612 7613 7614 7615 7616 7617 7618 7619 7620 7621 7622 7623 7624 7625 7626 7627 7628 7629 7630 7631 7632 7633 7634 7635 7636 7637 7638 7639 7640 7641 7642 7643 7644 7645 7646 7647 7648 7649 7650 7651 7652 7653 7654 7655 7656 7657 7658 7659 7660 7661 7662 7663 7664 7665 7666 7667 7668 7669 7670 7671 7672 7673 7674 7675 7676 7677 7678 7679 7680 7681 7682 7683 7684 7685 7686 7687 7688 7689 7690 7691 7692 7693 7694 7695 7696 7697 7698 7699 7700 7701 7702 7703 7704 7705 7706 7707 7708 7709 7710 7711 7712 7713 7714 7715 7716 7717 7718 7719 7720 7721 7722 7723 7724 7725 7726 7727 7728 7729 7730 7731 7732 7733 7734 7735 7736 7737 7738 7739 7740 7741 7742 7743 7744 7745 7746 7747 7748 7749 7750 7751 7752 7753 7754 7755 7756 7757 7758 7759 7760 7761 7762 7763 7764 7765 7766 7767 7768 7769 7770 7771 7772 7773 7774 7775 7776 7777 7778 7779 7780 7781 7782 7783 7784 7785 7786 7787 7788 7789 7790 7791 7792 7793 7794 7795 7796 7797 7798 7799 7800 7801 7802 7803 7804 7805 7806 7807 7808 7809 7810 7811 7812 7813 7814 7815 7816 7817 7818 7819 7820 7821 7822 7823 7824 7825 7826 7827 7828 7829 7830 7831 7832 7833 7834 7835 7836 7837 7838 7839 7840 7841 7842 7843 7844 7845 7846 7847 7848 7849 7850 7851 7852 7853 7854 7855 7856 7857 7858 7859 7860 7861 7862 7863 7864 7865 7866 7867 7868 7869 7870 7871 7872 7873 7874 7875 7876 7877 7878 7879 7880 7881 7882 7883 7884 7885 7886 7887 7888 7889 7890 7891 7892 7893 7894 7895 7896 7897 7898 7899 7900 7901 7902 7903 7904 7905 7906 7907 7908 7909 7910 7911 7912 7913 7914 7915 7916 7917 7918 7919 7920 7921 7922 7923 7924 7925 7926 7927 7928 7929 7930 7931 7932 7933 7934 7935 7936 7937 7938 7939 7940 7941 7942 7943 7944 7945 7946 7947 7948 7949 7950 7951 7952 7953 7954 7955 7956 7957 7958 7959 7960 7961 7962 7963 7964 7965 7966 7967 7968 7969 7970 7971 7972 7973 7974 7975 7976 7977 7978 7979 7980 7981 7982 7983 7984 7985 7986 7987 7988 7989 7990 7991 7992 7993 7994 7995 7996 7997 7998 7999 8000 8001 8002 8003 8004 8005 8006 8007 8008 8009 8010 8011 8012 8013 8014 8015 8016 8017 8018 8019 8020 8021 8022 8023 8024 8025 8026 8027 8028 8029 8030 8031 8032 8033 8034 8035 8036 8037 8038 8039 8040 8041 8042 8043 8044 8045 8046 8047 8048 8049 8050 8051 8052 8053 8054 8055 8056 8057 8058 8059 8060 8061 8062 8063 8064 8065 8066 8067 8068 8069 8070 8071 8072 8073 8074 8075 8076 8077 8078 8079 8080 8081 8082 8083 8084 8085 8086 8087 8088 8089 8090 8091 8092 8093 8094 8095 8096 8097 8098 8099 8100 8101 8102 8103 8104 8105 8106 8107 8108 8109 8110 8111 8112 8113 8114 8115 8116 8117 8118 8119 8120 8121 8122 8123 8124 8125 8126 8127 8128 8129 8130 8131 8132 8133 8134 8135 8136 8137 8138 8139 8140 8141 8142 8143 8144 8145 8146 8147 8148 8149 8150 8151 8152 8153 8154 8155 8156 8157 8158 8159 8160 8161 8162 8163 8164 8165 8166 8167 8168 8169 8170 8171 8172 8173 8174 8175 8176 8177 8178 8179 8180 8181 8182 8183 8184 8185 8186 8187 8188 8189 8190 8191 8192 8193 8194 8195 8196 8197 8198 8199 8200 8201 8202 8203 8204 8205 8206 8207 8208 8209 8210 8211 8212 8213 8214 8215 8216 8217 8218 8219 8220 8221 8222 8223 8224 8225 8226 8227 8228 8229 8230 8231 8232 8233 8234 8235 8236 8237 8238 8239 8240 8241 8242 8243 8244 8245 8246 8247 8248 8249 8250 8251 8252 8253 8254 8255 8256 8257 8258 8259 8260 8261 8262 8263 8264 8265 8266 8267 8268 8269 8270 8271 8272 8273 8274 8275 8276 8277 8278 8279 8280 8281 8282 8283 8284 8285 8286 8287 8288 8289 8290 8291 8292 8293 8294 8295 8296 8297 8298 8299 8300 8301 8302 8303 8304 8305 8306 8307 8308 8309 8310 8311 8312 8313 8314 8315 8316 8317 8318 8319 8320 8321 8322 8323 8324 8325 8326 8327 8328 8329 8330 8331 8332 8333 8334 8335 8336 8337 8338 8339 8340 8341 8342 8343 8344 8345 8346 8347 8348 8349 8350 8351 8352 8353 8354 8355 8356 8357 8358 8359 8360 8361 8362 8363 8364 8365 8366 8367 8368 8369 8370 8371 8372 8373 8374 8375 8376 8377 8378 8379 8380 8381 8382 8383 8384 8385 8386 8387 8388 8389 8390 8391 8392 8393 8394 8395 8396 8397 8398 8399 8400 8401 8402 8403 8404 8405 8406 8407 8408 8409 8410 8411 8412 8413 8414 8415 8416 8417 8418 8419 8420 8421 8422 8423 8424 8425 8426 8427 8428 8429 8430 8431 8432 8433 8434 8435 8436 8437 8438 8439 8440 8441 8442 8443 8444 8445 8446 8447 8448 8449 8450 8451 8452 8453 8454 8455 8456 8457 8458 8459 8460 8461 8462 8463 8464 8465 8466 8467 8468 8469 8470 8471 8472 8473 8474 8475 8476 8477 8478 8479 8480 8481 8482 8483 8484 8485 8486 8487 8488 8489 8490 8491 8492 8493 8494 8495 8496 8497 8498 8499 8500 8501 8502 8503 8504 8505 8506 8507 8508 8509 8510 8511 8512 8513 8514 8515 8516 8517 8518 8519 8520 8521 8522 8523 8524 8525 8526 8527 8528 8529 8530 8531 8532 8533 8534 8535 8536 8537 8538 8539 8540 8541 8542 8543 8544 8545 8546 8547 8548 8549 8550 8551 8552 8553 8554 8555 8556 8557 8558 8559 8560 8561 8562 8563 8564 8565 8566 8567 8568 8569 8570 8571 8572 8573 8574 8575 8576 8577 8578 8579 8580 8581 8582 8583 8584 8585 8586 8587 8588 8589 8590 8591 8592 8593 8594 8595 8596 8597 8598 8599 8600 8601 8602 8603 8604 8605 8606 8607 8608 8609 8610 8611 8612 8613 8614 8615 8616 8617 8618 8619 8620 8621 8622 8623 8624 8625 8626 8627 8628 8629 8630 8631 8632 8633 8634 8635 8636 8637 8638 8639 8640 8641 8642 8643 8644 8645 8646 8647 8648 8649 8650 8651 8652 8653 8654 8655 8656 8657 8658 8659 8660 8661 8662 8663 8664 8665 8666 8667 8668 8669 8670 8671 8672 8673 8674 8675 8676 8677 8678 8679 8680 8681 8682 8683 8684 8685 8686 8687 8688 8689 8690 8691 8692 8693 8694 8695 8696 8697 8698 8699 8700 8701 8702 8703 8704 8705 8706 8707 8708 8709 8710 8711 8712 8713 8714 8715 8716 8717 8718 8719 8720 8721 8722 8723 8724 8725 8726 8727 8728 8729 8730 8731 8732 8733 8734 8735 8736 8737 8738 8739 8740 8741 8742 8743 8744 8745 8746 8747 8748 8749 8750 8751 8752 8753 8754 8755 8756 8757 8758 8759 8760 8761 8762 8763 8764 8765 8766 8767 8768 8769 8770 8771 8772 8773 8774 8775 8776 8777 8778 8779 8780 8781 8782 8783 8784 8785 8786 8787 8788 8789 8790 8791 8792 8793 8794 8795 8796 8797 8798 8799 8800 8801 8802 8803 8804 8805 8806 8807 8808 8809 8810 8811 8812 8813 8814 8815 8816 8817 8818 8819 8820 8821 8822 8823 8824 8825 8826 8827 8828 8829 8830 8831 8832 8833 8834 8835 8836 8837 8838 8839 8840 8841 8842 8843 8844 8845 8846 8847 8848 8849 8850 8851 8852 8853 8854 8855 8856 8857 8858 8859 8860 8861 8862 8863 8864 8865 8866 8867 8868 8869 8870 8871 8872 8873 8874 8875 8876 8877 8878 8879 8880 8881 8882 8883 8884 8885 8886 8887 8888 8889 8890 8891 8892 8893 8894 8895 8896 8897 8898 8899 8900 8901 8902 8903 8904 8905 8906 8907 8908 8909 8910 8911 8912 8913 8914 8915 8916 8917 8918 8919 8920 8921 8922 8923 8924 8925 8926 8927 8928 8929 8930 8931 8932 8933 8934 8935 8936 8937 8938 8939 8940 8941 8942 8943 8944 8945 8946 8947 8948 8949 8950 8951 8952 8953 8954 8955 8956 8957 8958 8959 8960 8961 8962 8963 8964 8965 8966 8967 8968 8969 8970 8971 8972 8973 8974 8975 8976 8977 8978 8979 8980 8981 8982 8983 8984 8985 8986 8987 8988 8989 8990 8991 8992 8993 8994 8995 8996 8997 8998 8999 9000 9001 9002 9003 9004 9005 9006 9007 9008 9009 9010 9011 9012 9013 9014 9015 9016 9017 9018 9019 9020 9021 9022 9023 9024 9025 9026 9027 9028 9029 9030 9031 9032 9033 9034 9035 9036 9037 9038 9039 9040 9041 9042 9043 9044 9045 9046 9047 9048 9049 9050 9051 9052 9053 9054 9055 9056 9057 9058 9059 9060 9061 9062 9063 9064 9065 9066 9067 9068 9069 9070 9071 9072 9073 9074 9075 9076 9077 9078 9079 9080 9081 9082 9083 9084 9085 9086 9087 9088 9089 9090 9091 9092 9093 9094 9095 9096 9097 9098 9099 9100 9101 9102 9103 9104 9105 9106 
$BondTypes
1, 400 
2, 400 
3, 400 
4, 400 
5, 400 
6, 400 
7, 400 
8, 400 
9, 400 
10, 400 
11, 400 
12, 400 
13, 400 
14, 400 
15, 400 
16, 400 
17, 400 
18, 400 
19, 400 
20, 400 
21, 400 
22, 400 
23, 400 
24, 400 
25, 400 
26, 400 
27, 400 
28, 400 
29, 400 
30, 400 
31, 400 
32, 400 
33, 400 
34, 400 
35, 400 
36, 400 
37, 400 
38, 400 
39, 400 
40, 400 
41, 400 
42, 400 
43, 400 
44, 400 
45, 400 
46, 400 
47, 400 
48, 400 
49, 400 
50, 400 
51, 400 
52, 400 
53, 400 
54, 400 
55, 400 
56, 400 
57, 400 
58, 400 
59, 400 
60, 400 
61, 400 
62, 400 
63, 400 
64, 400 
65, 400 
66, 400 
67, 400 
68, 400 
69, 400 
70, 400 
71, 400 
72, 400 
73, 400 
74, 400 
75, 400 
76, 400 
77, 400 
78, 400 
79, 400 
80, 400 
81, 400 
82, 400 
83, 400 
84, 400 
85, 400 
86, 400 
87, 400 
88, 400 
89, 400 
90, 400 
91, 400 
92, 400 
93, 400 
94, 400 
95, 400 
96, 400 
97, 400 
98, 400 
99, 400 
100, 400 
101, 400 
102, 400 
103, 400 
104, 400 
105, 400 
106, 400 
107, 400 
108, 400 
109, 400 
110, 400 
111, 400 
112, 400 
113, 400 
114, 400 
115, 400 
116, 400 
117, 400 
118, 400 
119, 400 
120, 400 
121, 400 
122, 400 
123, 400 
124, 400 
125, 400 
126, 400 
127, 400 
128, 400 
129, 400 
130, 400 
131, 400 
132, 400 
133, 400 
134, 400 
135, 400 
136, 400 
137, 400 
138, 400 
139, 400 
140, 400 
141, 400 
142, 400 
143, 400 
144, 400 
145, 400 
146, 400 
147, 400 
148, 400 
149, 400 
150, 400 
151, 400 
152, 400 
153, 400 
154, 400 
155, 400 
156, 400 
157, 400 
158, 400 
159, 400 
160, 400 
161, 400 
162, 400 
163, 400 
164, 400 
165, 400 
166, 400 
167, 400 
168, 400 
169, 400 
170, 400 
171, 400 
172, 400 
173, 400 
174, 400 
175, 400 
176, 400 
177, 400 
178, 400 
179, 400 
180, 400 
181, 400 
182, 400 
183, 400 
184, 400 
185, 400 
186, 400 
187, 400 
188, 400 
189, 400 
190, 400 
191, 400 
192, 400 
193, 400 
194, 400 
195, 400 
196, 400 
197, 400 
198, 400 
199, 400 
200, 400 
201, 400 
202, 400 
203, 400 
204, 400 
205, 400 
206, 400 
207, 400 
208, 400 
209, 400 
210, 400 
211, 400 
212, 400 
213, 400 
214, 400 
215, 400 
216, 400 
217, 400 
218, 400 
219, 400 
220, 400 
221, 400 
222, 400 
223, 400 
224, 400 
225, 400 
226, 400 
227, 400 
228, 400 
229, 400 
230, 400 
231, 400 
232, 400 
233, 400 
234, 400 
235, 400 
236, 400 
237, 400 
238, 400 
239, 400 
240, 400 
241, 400 
242, 400 
243, 400 
244, 400 
245, 400 
246, 400 
247, 400 
248, 400 
249, 400 
250, 400 
251, 400 
252, 400 
253, 400 
254, 400 
255, 400 
256, 400 
257, 400 
258, 400 
259, 400 
260, 400 
261, 400 
262, 400 
263, 400 
264, 400 
265, 400 
266, 400 
267, 400 
268, 400 
269, 400 
270, 400 
271, 400 
272, 400 
273, 400 
274, 400 
275, 400 
276, 400 
277, 400 
278, 400 
279, 400 
280, 400 
281, 400 
282, 400 
283, 400 
284, 400 
285, 400 
286, 400 
287, 400 
288, 400 
289, 400 
290, 400 
291, 400 
292, 400 
293, 400 
294, 400 
295, 400 
296, 400 
297, 400 
298, 400 
299, 400 
300, 400 
301, 400 
302, 400 
303, 400 
304, 400 
305, 400 
306, 400 
307, 400 
308, 400 
309, 400 
310, 400 
311, 400 
312, 400 
313, 400 
314, 400 
315, 400 
316, 400 
317, 400 
318, 400 
319, 400 
320, 400 
321, 400 
322, 400 
323, 400 
324, 400 
325, 400 
326, 400 
327, 400 
328, 400 
329, 400 
330, 400 
331, 400 
332, 400 
333, 400 
334, 400 
335, 400 
336, 400 
337, 400 
338, 400 
339, 400 
340, 400 
341, 400 
342, 400 
343, 400 
344, 400 
345, 400 
346, 400 
347, 400 
348, 400 
349, 400 
350, 400 
351, 400 
352, 400 
353, 400 
354, 400 
355, 400 
356, 400 
357, 400 
358, 400 
359, 400 
360, 400 
361, 400 
362, 400 
363, 400 
364, 400 
365, 400 
366, 400 
367, 400 
368, 400 
369, 400 
370, 400 
371, 400 
372, 400 
373, 400 
374, 400 
375, 400 
376, 400 
377, 400 
378, 400 
379, 400 
380, 400 
381, 400 
382, 400 
383, 400 
384, 400 
385, 400 
386, 400 
387, 400 
388, 400 
389, 400 
390, 400 
391, 400 
392, 400 
393, 400 
394, 400 
395, 400 
396, 400 
397, 400 
398, 400 
399, 400 
400, 400 
401, 400 
402, 400 
403, 400 
404, 400 
405, 400 
406, 400 
407, 400 
408, 400 
409, 400 
410, 400 
411, 400 
412, 400 
413, 400 
414, 400 
415, 400 
416, 400 
417, 400 
418, 400 
419, 400 
420, 400 
421, 400 
422, 400 
423, 400 
424, 400 
425, 400 
426, 400 
427, 400 
428, 400 
429, 400 
430, 400 
431, 400 
432, 400 
433, 400 
434, 400 
435, 400 
436, 400 
437, 400 
438, 400 
439, 400 
440, 400 
441, 400 
442, 400 
443, 400 
444, 400 
445, 400 
446, 400 
447, 400 
448, 400 
449, 400 
450, 400 
451, 400 
452, 400 
453, 400 
454, 400 
455, 400 
456, 400 
457, 400 
458, 400 
459, 400 
460, 400 
461, 400 
462, 400 
463, 400 
464, 400 
465, 400 
466, 400 
467, 400 
468, 400 
469, 400 
470, 400 
471, 400 
472, 400 
473, 400 
474, 400 
475, 400 
476, 400 
477, 400 
478, 400 
479, 400 
480, 400 
481, 400 
482, 400 
483, 400 
484, 400 
485, 400 
486, 400 
487, 400 
488, 400 
489, 400 
490, 400 
491, 400 
492, 400 
493, 400 
494, 400 
495, 400 
496, 400 
497, 400 
498, 400 
499, 400 
500, 400 
501, 400 
502, 400 
503, 400 
504, 400 
505, 400 
506, 400 
507, 400 
508, 400 
509, 400 
510, 400 
511, 400 
512, 400 
513, 400 
514, 400 
515, 400 
516, 400 
517, 400 
518, 400 
519, 400 
520, 400 
521, 400 
522, 400 
523, 400 
524, 400 
525, 400 
526, 400 
527, 400 
528, 400 
529, 400 
530, 400 
531, 400 
532, 400 
533, 400 
534, 400 
535, 400 
536, 400 
537, 400 
538, 400 
539, 400 
540, 400 
541, 400 
542, 400 
543, 400 
544, 400 
545, 400 
546, 400 
547, 400 
548, 400 
549, 400 
550, 400 
551, 400 
552, 400 
553, 400 
554, 400 
555, 400 
556, 400 
557, 400 
558, 400 
559, 400 
560, 400 
561, 400 
562, 400 
563, 400 
564, 400 
565, 400 
566, 400 
567, 400 
568, 400 
569, 400 
570, 400 
571, 400 
572, 400 
573, 400 
574, 400 
575, 400 
576, 400 
577, 400 
578, 400 
579, 400 
580, 400 
581, 400 
582, 400 
583, 400 
584, 400 
585, 400 
586, 400 
587, 400 
588, 400 
589, 400 
590, 400 
591, 400 
592, 400 
593, 400 
594, 400 
595, 400 
596, 400 
597, 400 
598, 400 
599, 400 
600, 400 
601, 400 
602, 400 
603, 400 
604, 400 
605, 400 
606, 400 
607, 400 
608, 400 
609, 400 
610, 400 
611, 400 
612, 400 
613, 400 
614, 400 
615, 400 
616, 400 
617, 400 
618, 400 
619, 400 
620, 400 
621, 400 
622, 400 
623, 400 
624, 400 
625, 400 
626, 400 
627, 400 
628, 400 
629, 400 
630, 400 
631, 400 
632, 400 
633, 400 
634, 400 
635, 400 
636, 400 
637, 400 
638, 400 
639, 400 
640, 400 
641, 400 
642, 400 
643, 400 
644, 400 
645, 400 
646, 400 
647, 400 
648, 400 
649, 400 
650, 400 
651, 400 
652, 400 
653, 400 
654, 400 
655, 400 
656, 400 
657, 400 
658, 400 
659, 400 
660, 400 
661, 400 
662, 400 
663, 400 
664, 400 
665, 400 
666, 400 
667, 400 
668, 400 
669, 400 
670, 400 
671, 400 
672, 400 
673, 400 
674, 400 
675, 400 
676, 400 
677, 400 
678, 400 
679, 400 
680, 400 
681, 400 
682, 400 
683, 400 
684, 400 
685, 400 
686, 400 
687, 400 
688, 400 
689, 400 
690, 400 
691, 400 
692, 400 
693, 400 
694, 400 
695, 400 
696, 400 
697, 400 
698, 400 
699, 400 
700, 400 
701, 400 
702, 400 
703, 400 
704, 400 
705, 400 
706, 400 
707, 400 
708, 400 
709, 400 
710, 400 
711, 400 
712, 400 
713, 400 
714, 400 
715, 400 
716, 400 
717, 400 
718, 400 
719, 400 
720, 400 
721, 400 
722, 400 
723, 400 
724, 400 
725, 400 
726, 400 
727, 400 
728, 400 
729, 400 
730, 400 
731, 400 
732, 400 
733, 400 
734, 400 
735, 400 
736, 400 
737, 400 
738, 400 
739, 400 
740, 400 
741, 400 
742, 400 
743, 400 
744, 400 
745, 400 
746, 400 
747, 400 
748, 400 
749, 400 
750, 400 
751, 400 
752, 400 
753, 400 
754, 400 
755, 400 
756, 400 
757, 400 
758, 400 
759, 400 
760, 400 
761, 400 
762, 400 
763, 400 
764, 400 
765, 400 
766, 400 
767, 400 
768, 400 
769, 400 
770, 400 
771, 400 
772, 400 
773, 400 
774, 400 
775, 400 
776, 400 
777, 400 
778, 400 
779, 400 
780, 400 
781, 400 
782, 400 
783, 400 
784, 400 
785, 400 
786, 400 
787, 400 
788, 400 
789, 400 
790, 400 
791, 400 
792, 400 
793, 400 
794, 400 
795, 400 
796, 400 
797, 400 
798, 400 
799, 400 
800, 400 
801, 400 
802, 400 
803, 400 
804, 400 
805, 400 
806, 400 
807, 400 
808, 400 
809, 400 
810, 400 
811, 400 
812, 400 
813, 400 
814, 400 
815, 400 
816, 400 
817, 400 
818, 400 
819, 400 
820, 400 
821, 400 
822, 400 
823, 400 
824, 400 
825, 400 
826, 400 
827, 400 
828, 400 
829, 400 
830, 400 
831, 400 
832, 400 
833, 400 
834, 400 
835, 400 
836, 400 
837, 400 
838, 400 
839, 400 
840, 400 
841, 400 
842, 400 
843, 400 
844, 400 
845, 400 
846, 400 
847, 400 
848, 400 
849, 400 
850, 400 
851, 400 
852, 400 
853, 400 
854, 400 
855, 400 
856, 400 
857, 400 
858, 400 
859, 400 
860, 400 
861, 400 
862, 400 
863, 400 
864, 400 
865, 400 
866, 400 
867, 400 
868, 400 
869, 400 
870, 400 
871, 400 
872, 400 
873, 400 
874, 400 
875, 400 
876, 400 
877, 400 
878, 400 
879, 400 
880, 400 
881, 400 
882, 400 
883, 400 
884, 400 
885, 400 
886, 400 
887, 400 
888, 400 
889, 400 
890, 400 
891, 400 
892, 400 
893, 400 
894, 400 
895, 400 
896, 400 
897, 400 
898, 400 
899, 400 
900, 400 
901, 400 
902, 400 
903, 400 
904, 400 
905, 400 
906, 400 
907, 400 
908, 400 
909, 400 
910, 400 
911, 400 
912, 400 
913, 400 
914, 400 
915, 400 
916, 400 
917, 400 
918, 400 
919, 400 
920, 400 
921, 400 
922, 400 
923, 400 
924, 400 
925, 400 
926, 400 
927, 400 
928, 400 
929, 400 
930, 400 
931, 400 
932, 400 
933, 400 
934, 400 
935, 400 
936, 400 
937, 400 
938, 400 
939, 400 
940, 400 
941, 400 
942, 400 
943, 400 
944, 400 
945, 400 
946, 400 
947, 400 
948, 400 
949, 400 
950, 400 
951, 400 
952, 400 
953, 400 
954, 400 
955, 400 
956, 400 
957, 400 
958, 400 
959, 400 
960, 400 
961, 400 
962, 400 
963, 400 
964, 400 
965, 400 
966, 400 
967, 400 
968, 400 
969, 400 
970, 400 
971, 400 
972, 400 
973, 400 
974, 400 
975, 400 
976, 400 
977, 400 
978, 400 
979, 400 
980, 400 
981, 400 
982, 400 
983, 400 
984, 400 
985, 400 
986, 400 
987, 400 
988, 400 
989, 400 
990, 400 
991, 400 
992, 400 
993, 400 
994, 400 
995, 400 
996, 400 
997, 400 
998, 400 
999, 400 
1000, 400 
1001, 400 
1002, 400 
1003, 400 
1004, 400 
1005, 400 
1006, 400 
1007, 400 
1008, 400 
1009, 400 
1010, 400 
1011, 400 
1012, 400 
1013, 400 
1014, 400 
1015, 400 
1016, 400 
1017, 400 
1018, 400 
1019, 400 
1020, 400 
1021, 400 
1022, 400 
1023, 400 
1024, 400 
1025, 400 
1026, 400 
1027, 400 
1028, 400 
1029, 400 
1030, 400 
1031, 400 
1032, 400 
1033, 400 
1034, 400 
1035, 400 
1036, 400 
1037, 400 
1038, 400 
1039, 400 
1040, 400 
1041, 400 
1042, 400 
1043, 400 
1044, 400 
1045, 400 
1046, 400 
1047, 400 
1048, 400 
1049, 400 
1050, 400 
1051, 400 
1052, 400 
1053, 400 
1054, 400 
1055, 400 
1056, 400 
1057, 400 
1058, 400 
1059, 400 
1060, 400 
1061, 400 
1062, 400 
1063, 400 
1064, 400 
1065, 400 
1066, 400 
1067, 400 
1068, 400 
1069, 400 
1070, 400 
1071, 400 
1072, 400 
1073, 400 
1074, 400 
1075, 400 
1076, 400 
1077, 400 
1078, 400 
1079, 400 
1080, 400 
1081, 400 
1082, 400 
1083, 400 
1084, 400 
1085, 400 
1086, 400 
1087, 400 
1088, 400 
1089, 400 
1090, 400 
1091, 400 
1092, 400 
1093, 400 
1094, 400 
1095, 400 
1096, 400 
1097, 400 
1098, 400 
1099, 400 
1100, 400 
1101, 400 
1102, 400 
1103, 400 
1104, 400 
1105, 400 
1106, 400 
1107, 400 
1108, 400 
1109, 400 
1110, 400 
1111, 400 
1112, 400 
1113, 400 
1114, 400 
1115, 400 
1116, 400 
1117, 400 
1118, 400 
1119, 400 
1120, 400 
1121, 400 
1122, 400 
1123, 400 
1124, 400 
1125, 400 
1126, 400 
1127, 400 
1128, 400 
1129, 400 
1130, 400 
1131, 400 
1132, 400 
1133, 400 
1134, 400 
1135, 400 
1136, 400 
1137, 400 
1138, 400 
1139, 400 
1140, 400 
1141, 400 
1142, 400 
1143, 400 
1144, 400 
1145, 400 
1146, 400 
1147, 400 
1148, 400 
1149, 400 
1150, 400 
1151, 400 
1152, 400 
1153, 400 
1154, 400 
1155, 400 
1156, 400 
1157, 400 
1158, 400 
1159, 400 
1160, 400 
1161, 400 
1162, 400 
1163, 400 
1164, 400 
1165, 400 
1166, 400 
1167, 400 
1168, 400 
1169, 400 
1170, 400 
1171, 400 
1172, 400 
1173, 400 
1174, 400 
1175, 400 
1176, 400 
1177, 400 
1178, 400 
1179, 400 
1180, 400 
1181, 400 
1182, 400 
1183, 400 
1184, 400 
1185, 400 
1186, 400 
1187, 400 
1188, 400 
1189, 400 
1190, 400 
1191, 400 
1192, 400 
1193, 400 
1194, 400 
1195, 400 
1196, 400 
1197, 400 
1198, 400 
1199, 400 
1200, 400 
1201, 400 
1202, 400 
1203, 400 
1204, 400 
1205, 400 
1206, 400 
1207, 400 
1208, 400 
1209, 400 
1210, 400 
1211, 400 
1212, 400 
1213, 400 
1214, 400 
1215, 400 
1216, 400 
1217, 400 
1218, 400 
1219, 400 
1220, 400 
1221, 400 
1222, 400 
1223, 400 
1224, 400 
1225, 400 
1226, 400 
1227, 400 
1228, 400 
1229, 400 
1230, 400 
1231, 400 
1232, 400 
1233, 400 
1234, 400 
1235, 400 
1236, 400 
1237, 400 
1238, 400 
1239, 400 
1240, 400 
1241, 400 
1242, 400 
1243, 400 
1244, 400 
1245, 400 
1246, 400 
1247, 400 
1248, 400 
1249, 400 
1250, 400 
1251, 400 
1252, 400 
1253, 400 
1254, 400 
1255, 400 
1256, 400 
1257, 400 
1258, 400 
1259, 400 
1260, 400 
1261, 400 
1262, 400 
1263, 400 
1264, 400 
1265, 400 
1266, 400 
1267, 400 
1268, 400 
1269, 400 
1270, 400 
1271, 400 
1272, 400 
1273, 400 
1274, 400 
1275, 400 
1276, 400 
1277, 400 
1278, 400 
1279, 400 
1280, 400 
1281, 400 
1282, 400 
1283, 400 
1284, 400 
1285, 400 
1286, 400 
1287, 400 
1288, 400 
1289, 400 
1290, 400 
1291, 400 
1292, 400 
1293, 400 
1294, 400 
1295, 400 
1296, 400 
1297, 400 
1298, 400 
1299, 400 
1300, 400 
1301, 400 
1302, 400 
1303, 400 
1304, 400 
1305, 400 
1306, 400 
1307, 400 
1308, 400 
1309, 400 
1310, 400 
1311, 400 
1312, 400 
1313, 400 
1314, 400 
1315, 400 
1316, 400 
1317, 400 
1318, 400 
1319, 400 
1320, 400 
1321, 400 
1322, 400 
1323, 400 
1324, 400 
1325, 400 
1326, 400 
1327, 400 
1328, 400 
1329, 400 
1330, 400 
1331, 400 
1332, 400 
1333, 400 
1334, 400 
1335, 400 
1336, 400 
1337, 400 
1338, 400 
1339, 400 
1340, 400 
1341, 400 
1342, 400 
1343, 400 
1344, 400 
1345, 400 
1346, 400 
1347, 400 
1348, 400 
1349, 400 
1350, 400 
1351, 400 
1352, 400 
1353, 400 
1354, 400 
1355, 400 
1356, 400 
1357, 400 
1358, 400 
1359, 400 
1360, 400 
1361, 400 
1362, 400 
1363, 400 
1364, 400 
1365, 400 
1366, 400 
1367, 400 
1368, 400 
1369, 400 
1370, 400 
1371, 400 
1372, 400 
1373, 400 
1374, 400 
1375, 400 
1376, 400 
1377, 400 
1378, 400 
1379, 400 
1380, 400 
1381, 400 
1382, 400 
1383, 400 
1384, 400 
1385, 400 
1386, 400 
1387, 400 
1388, 400 
1389, 400 
1390, 400 
1391, 400 
1392, 400 
1393, 400 
1394, 400 
1395, 400 
1396, 400 
1397, 400 
1398, 400 
1399, 400 
1400, 400 
1401, 400 
1402, 400 
1403, 400 
1404, 400 
1405, 400 
1406, 400 
1407, 400 
1408, 400 
1409, 400 
1410, 400 
1411, 400 
1412, 400 
1413, 400 
1414, 400 
1415, 400 
1416, 400 
1417, 400 
1418, 400 
1419, 400 
1420, 400 
1421, 400 
1422, 400 
1423, 400 
1424, 400 
1425, 400 
1426, 400 
1427, 400 
1428, 400 
1429, 400 
1430, 400 
1431, 400 
1432, 400 
1433, 400 
1434, 400 
1435, 400 
1436, 400 
1437, 400 
1438, 400 
1439, 400 
1440, 400 
1441, 400 
1442, 400 
1443, 400 
1444, 400 
1445, 400 
1446, 400 
1447, 400 
1448, 400 
1449, 400 
1450, 400 
1451, 400 
1452, 400 
1453, 400 
1454, 400 
1455, 400 
1456, 400 
1457, 400 
1458, 400 
1459, 400 
1460, 400 
1461, 400 
1462, 400 
1463, 400 
1464, 400 
1465, 400 
1466, 400 
1467, 400 
1468, 400 
1469, 400 
1470, 400 
1471, 400 
1472, 400 
1473, 400 
1474, 400 
1475, 400 
1476, 400 
1477, 400 
1478, 400 
1479, 400 
1480, 400 
1481, 400 
1482, 400 
1483, 400 
1484, 400 
1485, 400 
1486, 400 
1487, 400 
1488, 400 
1489, 400 
1490, 400 
1491, 400 
1492, 400 
1493, 400 
1494, 400 
1495, 400 
1496, 400 
1497, 400 
1498, 400 
1499, 400 
1500, 400 
1501, 400 
1502, 400 
1503, 400 
1504, 400 
1505, 400 
1506, 400 
1507, 400 
1508, 400 
1509, 400 
1510, 400 
1511, 400 
1512, 400 
1513, 400 
1514, 400 
1515, 400 
1516, 400 
1517, 400 
1518, 400 
1519, 400 
1520, 400 
1521, 400 
1522, 400 
1523, 400 
1524, 400 
1525, 400 
1526, 400 
1527, 400 
1528, 400 
1529, 400 
1530, 400 
1531, 400 
1532, 400 
1533, 400 
1534, 400 
1535, 400 
1536, 400 
1537, 400 
1538, 400 
1539, 400 
1540, 400 
1541, 400 
1542, 400 
1543, 400 
1544, 400 
1545, 400 
1546, 400 
1547, 400 
1548, 400 
1549, 400 
1550, 400 
1551, 400 
1552, 400 
1553, 400 
1554, 400 
1555, 400 
1556, 400 
1557, 400 
1558, 400 
1559, 400 
1560, 400 
1561, 400 
1562, 400 
1563, 400 
1564, 400 
1565, 400 
1566, 400 
1567, 400 
1568, 400 
1569, 400 
1570, 400 
1571, 400 
1572, 400 
1573, 400 
1574, 400 
1575, 400 
1576, 400 
1577, 400 
1578, 400 
1579, 400 
1580, 400 
1581, 400 
1582, 400 
1583, 400 
1584, 400 
1585, 400 
1586, 400 
1587, 400 
1588, 400 
1589, 400 
1590, 400 
1591, 400 
1592, 400 
1593, 400 
1594, 400 
1595, 400 
1596, 400 
1597, 400 
1598, 400 
1599, 400 
1600, 400 
1601, 400 
1602, 400 
1603, 400 
1604, 400 
1605, 400 
1606, 400 
1607, 400 
1608, 400 
1609, 400 
1610, 400 
1611, 400 
1612, 400 
1613, 400 
1614, 400 
1615, 400 
1616, 400 
1617, 400 
1618, 400 
1619, 400 
1620, 400 
1621, 400 
1622, 400 
1623, 400 
1624, 400 
1625, 400 
1626, 400 
1627, 400 
1628, 400 
1629, 400 
1630, 400 
1631, 400 
1632, 400 
1633, 400 
1634, 400 
1635, 400 
1636, 400 
1637, 400 
1638, 400 
1639, 400 
1640, 400 
1641, 400 
1642, 400 
1643, 400 
1644, 400 
1645, 400 
1646, 400 
1647, 400 
1648, 400 
1649, 400 
1650, 400 
1651, 400 
1652, 400 
1653, 400 
1654, 400 
1655, 400 
1656, 400 
1657, 400 
1658, 400 
1659, 400 
1660, 400 
1661, 400 
1662, 400 
1663, 400 
1664, 400 
1665, 400 
1666, 400 
1667, 400 
1668, 400 
1669, 400 
1670, 400 
1671, 400 
1672, 400 
1673, 400 
1674, 400 
1675, 400 
1676, 400 
1677, 400 
1678, 400 
1679, 400 
1680, 400 
1681, 400 
1682, 400 
1683, 400 
1684, 400 
1685, 400 
1686, 400 
1687, 400 
1688, 400 
1689, 400 
1690, 400 
1691, 400 
1692, 400 
1693, 400 
1694, 400 
1695, 400 
1696, 400 
1697, 400 
1698, 400 
1699, 400 
1700, 400 
1701, 400 
1702, 400 
1703, 400 
1704, 400 
1705, 400 
1706, 400 
1707, 400 
1708, 400 
1709, 400 
1710, 400 
1711, 400 
1712, 400 
1713, 400 
1714, 400 
1715, 400 
1716, 400 
1717, 400 
1718, 400 
1719, 400 
1720, 400 
1721, 400 
1722, 400 
1723, 400 
1724, 400 
1725, 400 
1726, 400 
1727, 400 
1728, 400 
1729, 400 
1730, 400 
1731, 400 
1732, 400 
1733, 400 
1734, 400 
1735, 400 
1736, 400 
1737, 400 
1738, 400 
1739, 400 
1740, 400 
1741, 400 
1742, 400 
1743, 400 
1744, 400 
1745, 400 
1746, 400 
1747, 400 
1748, 400 
1749, 400 
1750, 400 
1751, 400 
1752, 400 
1753, 400 
1754, 400 
1755, 400 
1756, 400 
1757, 400 
1758, 400 
1759, 400 
1760, 400 
1761, 400 
1762, 400 
1763, 400 
1764, 400 
1765, 400 
1766, 400 
1767, 400 
1768, 400 
1769, 400 
1770, 400 
1771, 400 
1772, 400 
1773, 400 
1774, 400 
1775, 400 
1776, 400 
1777, 400 
1778, 400 
1779, 400 
1780, 400 
1781, 400 
1782, 400 
1783, 400 
1784, 400 
1785, 400 
1786, 400 
1787, 400 
1788, 400 
1789, 400 
1790, 400 
1791, 400 
1792, 400 
1793, 400 
1794, 400 
1795, 400 
1796, 400 
1797, 400 
1798, 400 
1799, 400 
1800, 400 
1801, 400 
1802, 400 
1803, 400 
1804, 400 
1805, 400 
1806, 400 
1807, 400 
1808, 400 
1809, 400 
1810, 400 
1811, 400 
1812, 400 
1813, 400 
1814, 400 
1815, 400 
1816, 400 
1817, 400 
1818, 400 
1819, 400 
1820, 400 
1821, 400 
1822, 400 
1823, 400 
1824, 400 
1825, 400 
1826, 400 
1827, 400 
1828, 400 
1829, 400 
1830, 400 
1831, 400 
1832, 400 
1833, 400 
1834, 400 
1835, 400 
1836, 400 
1837, 400 
1838, 400 
1839, 400 
1840, 400 
1841, 400 
1842, 400 
1843, 400 
1844, 400 
1845, 400 
1846, 400 
1847, 400 
1848, 400 
1849, 400 
1850, 400 
1851, 400 
1852, 400 
1853, 400 
1854, 400 
1855, 400 
1856, 400 
1857, 400 
1858, 400 
1859, 400 
1860, 400 
1861, 400 
1862, 400 
1863, 400 
1864, 400 
1865, 400 
1866, 400 
1867, 400 
1868, 400 
1869, 400 
1870, 400 
1871, 400 
1872, 400 
1873, 400 
1874, 400 
1875, 400 
1876, 400 
1877, 400 
1878, 400 
1879, 400 
1880, 400 
1881, 400 
1882, 400 
1883, 400 
1884, 400 
1885, 400 
1886, 400 
1887, 400 
1888, 400 
1889, 400 
1890, 400 
1891, 400 
1892, 400 
1893, 400 
1894, 400 
1895, 400 
1896, 400 
1897, 400 
1898, 400 
1899, 400 
1900, 400 
1901, 400 
1902, 400 
1903, 400 
1904, 400 
1905, 400 
1906, 400 
1907, 400 
1908, 400 
1909, 400 
1910, 400 
1911, 400 
1912, 400 
1913, 400 
1914, 400 
1915, 400 
1916, 400 
1917, 400 
1918, 400 
1919, 400 
1920, 400 
1921, 400 
1922, 400 
1923, 400 
1924, 400 
1925, 400 
1926, 400 
1927, 400 
1928, 400 
1929, 400 
1930, 400 
1931, 400 
1932, 400 
1933, 400 
1934, 400 
1935, 400 
1936, 400 
1937, 400 
1938, 400 
1939, 400 
1940, 400 
1941, 400 
1942, 400 
1943, 400 
1944, 400 
1945, 400 
1946, 400 
1947, 400 
1948, 400 
1949, 400 
1950, 400 
1951, 400 
1952, 400 
1953, 400 
1954, 400 
1955, 400 
1956, 400 
1957, 400 
1958, 400 
1959, 400 
1960, 400 
1961, 400 
1962, 400 
1963, 400 
1964, 400 
1965, 400 
1966, 400 
1967, 400 
1968, 400 
1969, 400 
1970, 400 
1971, 400 
1972, 400 
1973, 400 
1974, 400 
1975, 400 
1976, 400 
1977, 400 
1978, 400 
1979, 400 
1980, 400 
1981, 400 
1982, 400 
1983, 400 
1984, 400 
1985, 400 
1986, 400 
1987, 400 
1988, 400 
1989, 400 
1990, 400 
1991, 400 
1992, 400 
1993, 400 
1994, 400 
1995, 400 
1996, 400 
1997, 400 
1998, 400 
1999, 400 
2000, 400 
2001, 400 
2002, 400 
2003, 400 
2004, 400 
2005, 400 
2006, 400 
2007, 400 
2008, 400 
2009, 400 
2010, 400 
2011, 400 
2012, 400 
2013, 400 
2014, 400 
2015, 400 
2016, 400 
2017, 400 
2018, 400 
2019, 400 
2020, 400 
2021, 400 
2022, 400 
2023, 400 
2024, 400 
2025, 400 
2026, 400 
2027, 400 
2028, 400 
2029, 400 
2030, 400 
2031, 400 
2032, 400 
2033, 400 
2034, 400 
2035, 400 
2036, 400 
2037, 400 
2038, 400 
2039, 400 
2040, 400 
2041, 400 
2042, 400 
2043, 400 
2044, 400 
2045, 400 
2046, 400 
2047, 400 
2048, 400 
2049, 400 
2050, 400 
2051, 400 
2052, 400 
2053, 400 
2054, 400 
2055, 400 
2056, 400 
2057, 400 
2058, 400 
2059, 400 
2060, 400 
2061, 400 
2062, 400 
2063, 400 
2064, 400 
2065, 400 
2066, 400 
2067, 400 
2068, 400 
2069, 400 
2070, 400 
2071, 400 
2072, 400 
2073, 400 
2074, 400 
2075, 400 
2076, 400 
2077, 400 
2078, 400 
2079, 400 
2080, 400 
2081, 400 
2082, 400 
2083, 400 
2084, 400 
2085, 400 
2086, 400 
2087, 400 
2088, 400 
2089, 400 
2090, 400 
2091, 400 
2092, 400 
2093, 400 
2094, 400 
2095, 400 
2096, 400 
2097, 400 
2098, 400 
2099, 400 
2100, 400 
2101, 400 
2102, 400 
2103, 400 
2104, 400 
2105, 400 
2106, 400 
2107, 400 
2108, 400 
2109, 400 
2110, 400 
2111, 400 
2112, 400 
2113, 400 
2114, 400 
2115, 400 
2116, 400 
2117, 400 
2118, 400 
2119, 400 
2120, 400 
2121, 400 
2122, 400 
2123, 400 
2124, 400 
2125, 400 
2126, 400 
2127, 400 
2128, 400 
2129, 400 
2130, 400 
2131, 400 
2132, 400 
2133, 400 
2134, 400 
2135, 400 
2136, 400 
2137, 400 
2138, 400 
2139, 400 
2140, 400 
2141, 400 
2142, 400 
2143, 400 
2144, 400 
2145, 400 
2146, 400 
2147, 400 
2148, 400 
2149, 400 
2150, 400 
2151, 400 
2152, 400 
2153, 400 
2154, 400 
2155, 400 
2156, 400 
2157, 400 
2158, 400 
2159, 400 
2160, 400 
2161, 400 
2162, 400 
2163, 400 
2164, 400 
2165, 400 
2166, 400 
2167, 400 
2168, 400 
2169, 400 
2170, 400 
2171, 400 
2172, 400 
2173, 400 
2174, 400 
2175, 400 
2176, 400 
2177, 400 
2178, 400 
2179, 400 
2180, 400 
2181, 400 
2182, 400 
2183, 400 
2184, 400 
2185, 400 
2186, 400 
2187, 400 
2188, 400 
2189, 400 
2190, 400 
2191, 400 
2192, 400 
2193, 400 
2194, 400 
2195, 400 
2196, 400 
2197, 400 
2198, 400 
2199, 400 
2200, 400 
2201, 400 
2202, 400 
2203, 400 
2204, 400 
2205, 400 
2206, 400 
2207, 400 
2208, 400 
2209, 400 
2210, 400 
2211, 400 
2212, 400 
2213, 400 
2214, 400 
2215, 400 
2216, 400 
2217, 400 
2218, 400 
2219, 400 
2220, 400 
2221, 400 
2222, 400 
2223, 400 
2224, 400 
2225, 400 
2226, 400 
2227, 400 
2228, 400 
2229, 400 
2230, 400 
2231, 400 
2232, 400 
2233, 400 
2234, 400 
2235, 400 
2236, 400 
2237, 400 
2238, 400 
2239, 400 
2240, 400 
2241, 400 
2242, 400 
2243, 400 
2244, 400 
2245, 400 
2246, 400 
2247, 400 
2248, 400 
2249, 400 
2250, 400 
2251, 400 
2252, 400 
2253, 400 
2254, 400 
2255, 400 
2256, 400 
2257, 400 
2258, 400 
2259, 400 
2260, 400 
2261, 400 
2262, 400 
2263, 400 
2264, 400 
2265, 400 
2266, 400 
2267, 400 
2268, 400 
2269, 400 
2270, 400 
2271, 400 
2272, 400 
2273, 400 
2274, 400 
2275, 400 
2276, 400 
2277, 400 
2278, 400 
2279, 400 
2280, 400 
2281, 400 
2282, 400 
2283, 400 
2284, 400 
2285, 400 
2286, 400 
2287, 400 
2288, 400 
2289, 400 
2290, 400 
2291, 400 
2292, 400 
2293, 400 
2294, 400 
2295, 400 
2296, 400 
2297, 400 
2298, 400 
2299, 400 
2300, 400 
2301, 400 
2302, 400 
2303, 400 
2304, 400 
2305, 400 
2306, 400 
2307, 400 
2308, 400 
2309, 400 
2310, 400 
2311, 400 
2312, 400 
2313, 400 
2314, 400 
2315, 400 
2316, 400 
2317, 400 
2318, 400 
2319, 400 
2320, 400 
2321, 400 
2322, 400 
2323, 400 
2324, 400 
2325, 400 
2326, 400 
2327, 400 
2328, 400 
2329, 400 
2330, 400 
2331, 400 
2332, 400 
2333, 400 
2334, 400 
2335, 400 
2336, 400 
2337, 400 
2338, 400 
2339, 400 
2340, 400 
2341, 400 
2342, 400 
2343, 400 
2344, 400 
2345, 400 
2346, 400 
2347, 400 
2348, 400 
2349, 400 
2350, 400 
2351, 400 
2352, 400 
2353, 400 
2354, 400 
2355, 400 
2356, 400 
2357, 400 
2358, 400 
2359, 400 
2360, 400 
2361, 400 
2362, 400 
2363, 400 
2364, 400 
2365, 400 
2366, 400 
2367, 400 
2368, 400 
2369, 400 
2370, 400 
2371, 400 
2372, 400 
2373, 400 
2374, 400 
2375, 400 
2376, 400 
2377, 400 
2378, 400 
2379, 400 
2380, 400 
2381, 400 
2382, 400 
2383, 400 
2384, 400 
2385, 400 
2386, 400 
2387, 400 
2388, 400 
2389, 400 
2390, 400 
2391, 400 
2392, 400 
2393, 400 
2394, 400 
2395, 400 
2396, 400 
2397, 400 
2398, 400 
2399, 400 
2400, 400 
2401, 400 
2402, 400 
2403, 400 
2404, 400 
2405, 400 
2406, 400 
2407, 400 
2408, 400 
2409, 400 
2410, 400 
2411, 400 
2412, 400 
2413, 400 
2414, 400 
2415, 400 
2416, 400 
2417, 400 
2418, 400 
2419, 400 
2420, 400 
2421, 400 
2422, 400 
2423, 400 
2424, 400 
2425, 400 
2426, 400 
2427, 400 
2428, 400 
2429, 400 
2430, 400 
2431, 400 
2432, 400 
2433, 400 
2434, 400 
2435, 400 
2436, 400 
2437, 400 
2438, 400 
2439, 400 
2440, 400 
2441, 400 
2442, 400 
2443, 400 
2444, 400 
2445, 400 
2446, 400 
2447, 400 
2448, 400 
2449, 400 
2450, 400 
2451, 400 
2452, 400 
2453, 400 
2454, 400 
2455, 400 
2456, 400 
2457, 400 
2458, 400 
2459, 400 
2460, 400 
2461, 400 
2462, 400 
2463, 400 
2464, 400 
2465, 400 
2466, 400 
2467, 400 
2468, 400 
2469, 400 
2470, 400 
2471, 400 
2472, 400 
2473, 400 
2474, 400 
2475, 400 
2476, 400 
2477, 400 
2478, 400 
2479, 400 
2480, 400 
2481, 400 
2482, 400 
2483, 400 
2484, 400 
2485, 400 
2486, 400 
2487, 400 
2488, 400 
2489, 400 
2490, 400 
2491, 400 
2492, 400 
2493, 400 
2494, 400 
2495, 400 
2496, 400 
2497, 400 
2498, 400 
2499, 400 
2500, 400 
2501, 400 
2502, 400 
2503, 400 
2504, 400 
2505, 400 
2506, 400 
2507, 400 
2508, 400 
2509, 400 
2510, 400 
2511, 400 
2512, 400 
2513, 400 
2514, 400 
2515, 400 
2516, 400 
2517, 400 
2518, 400 
2519, 400 
2520, 400 
2521, 400 
2522, 400 
2523, 400 
2524, 400 
2525, 400 
2526, 400 
2527, 400 
2528, 400 
2529, 400 
2530, 400 
2531, 400 
2532, 400 
2533, 400 
2534, 400 
2535, 400 
2536, 400 
2537, 400 
2538, 400 
2539, 400 
2540, 400 
2541, 400 
2542, 400 
2543, 400 
2544, 400 
2545, 400 
2546, 400 
2547, 400 
2548, 400 
2549, 400 
2550, 400 
2551, 400 
2552, 400 
2553, 400 
2554, 400 
2555, 400 
2556, 400 
2557, 400 
2558, 400 
2559, 400 
2560, 400 
2561, 400 
2562, 400 
2563, 400 
2564, 400 
2565, 400 
2566, 400 
2567, 400 
2568, 400 
2569, 400 
2570, 400 
2571, 400 
2572, 400 
2573, 400 
2574, 400 
2575, 400 
2576, 400 
2577, 400 
2578, 400 
2579, 400 
2580, 400 
2581, 400 
2582, 400 
2583, 400 
2584, 400 
2585, 400 
2586, 400 
2587, 400 
2588, 400 
2589, 400 
2590, 400 
2591, 400 
2592, 400 
2593, 400 
2594, 400 
2595, 400 
2596, 400 
2597, 400 
2598, 400 
2599, 400 
2600, 400 
2601, 400 
2602, 400 
2603, 400 
2604, 400 
2605, 400 
2606, 400 
2607, 400 
2608, 400 
2609, 400 
2610, 400 
2611, 400 
2612, 400 
2613, 400 
2614, 400 
2615, 400 
2616, 400 
2617, 400 
2618, 400 
2619, 400 
2620, 400 
2621, 400 
2622, 400 
2623, 400 
2624, 400 
2625, 400 
2626, 400 
2627, 400 
2628, 400 
2629, 400 
2630, 400 
2631, 400 
2632, 400 
2633, 400 
2634, 400 
2635, 400 
2636, 400 
2637, 400 
2638, 400 
2639, 400 
2640, 400 
2641, 400 
2642, 400 
2643, 400 
2644, 400 
2645, 400 
2646, 400 
2647, 400 
2648, 400 
2649, 400 
2650, 400 
2651, 400 
2652, 400 
2653, 400 
2654, 400 
2655, 400 
2656, 400 
2657, 400 
2658, 400 
2659, 400 
2660, 400 
2661, 400 
2662, 400 
2663, 400 
2664, 400 
2665, 400 
2666, 400 
2667, 400 
2668, 400 
2669, 400 
2670, 400 
2671, 400 
2672, 400 
2673, 400 
2674, 400 
2675, 400 
2676, 400 
2677, 400 
2678, 400 
2679, 400 
2680, 400 
2681, 400 
2682, 400 
2683, 400 
2684, 400 
2685, 400 
2686, 400 
2687, 400 
2688, 400 
2689, 400 
2690, 400 
2691, 400 
2692, 400 
2693, 400 
2694, 400 
2695, 400 
2696, 400 
2697, 400 
2698, 400 
2699, 400 
2700, 400 
2701, 400 
2702, 400 
2703, 400 
2704, 400 
2705, 400 
2706, 400 
2707, 400 
2708, 400 
2709, 400 
2710, 400 
2711, 400 
2712, 400 
2713, 400 
2714, 400 
2715, 400 
2716, 400 
2717, 400 
2718, 400 
2719, 400 
2720, 400 
2721, 400 
2722, 400 
2723, 400 
2724, 400 
2725, 400 
2726, 400 
2727, 400 
2728, 400 
2729, 400 
2730, 400 
2731, 400 
2732, 400 
2733, 400 
2734, 400 
2735, 400 
2736, 400 
2737, 400 
2738, 400 
2739, 400 
2740, 400 
2741, 400 
2742, 400 
2743, 400 
2744, 400 
2745, 400 
2746, 400 
2747, 400 
2748, 400 
2749, 400 
2750, 400 
2751, 400 
2752, 400 
2753, 400 
2754, 400 
2755, 400 
2756, 400 
2757, 400 
2758, 400 
2759, 400 
2760, 400 
2761, 400 
2762, 400 
2763, 400 
2764, 400 
2765, 400 
2766, 400 
2767, 400 
2768, 400 
2769, 400 
2770, 400 
2771, 400 
2772, 400 
2773, 400 
2774, 400 
2775, 400 
2776, 400 
2777, 400 
2778, 400 
2779, 400 
2780, 400 
2781, 400 
2782, 400 
2783, 400 
2784, 400 
2785, 400 
2786, 400 
2787, 400 
2788, 400 
2789, 400 
2790, 400 
2791, 400 
2792, 400 
2793, 400 
2794, 400 
2795, 400 
2796, 400 
2797, 400 
2798, 400 
2799, 400 
2800, 400 
2801, 400 
2802, 400 
2803, 400 
2804, 400 
2805, 400 
2806, 400 
2807, 400 
2808, 400 
2809, 400 
2810, 400 
2811, 400 
2812, 400 
2813, 400 
2814, 400 
2815, 400 
2816, 400 
2817, 400 
2818, 400 
2819, 400 
2820, 400 
2821, 400 
2822, 400 
2823, 400 
2824, 400 
2825, 400 
2826, 400 
2827, 400 
2828, 400 
2829, 400 
2830, 400 
2831, 400 
2832, 400 
2833, 400 
2834, 400 
2835, 400 
2836, 400 
2837, 400 
2838, 400 
2839, 400 
2840, 400 
2841, 400 
2842, 400 
2843, 400 
2844, 400 
2845, 400 
2846, 400 
2847, 400 
2848, 400 
2849, 400 
2850, 400 
2851, 400 
2852, 400 
2853, 400 
2854, 400 
2855, 400 
2856, 400 
2857, 400 
2858, 400 
2859, 400 
2860, 400 
2861, 400 
2862, 400 
2863, 400 
2864, 400 
2865, 400 
2866, 400 
2867, 400 
2868, 400 
2869, 400 
2870, 400 
2871, 400 
2872, 400 
2873, 400 
2874, 400 
2875, 400 
2876, 400 
2877, 400 
2878, 400 
2879, 400 
2880, 400 
2881, 400 
2882, 400 
2883, 400 
2884, 400 
2885, 400 
2886, 400 
2887, 400 
2888, 400 
2889, 400 
2890, 400 
2891, 400 
2892, 400 
2893, 400 
2894, 400 
2895, 400 
2896, 400 
2897, 400 
2898, 400 
2899, 400 
2900, 400 
2901, 400 
2902, 400 
2903, 400 
2904, 400 
2905, 400 
2906, 400 
2907, 400 
2908, 400 
2909, 400 
2910, 400 
2911, 400 
2912, 400 
2913, 400 
2914, 400 
2915, 400 
2916, 400 
2917, 400 
2918, 400 
2919, 400 
2920, 400 
2921, 400 
2922, 400 
2923, 400 
2924, 400 
2925, 400 
2926, 400 
2927, 400 
2928, 400 
2929, 400 
2930, 400 
2931, 400 
2932, 400 
2933, 400 
2934, 400 
2935, 400 
2936, 400 
2937, 400 
2938, 400 
2939, 400 
2940, 400 
2941, 400 
2942, 400 
2943, 400 
2944, 400 
2945, 400 
2946, 400 
2947, 400 
2948, 400 
2949, 400 
2950, 400 
2951, 400 
2952, 400 
2953, 400 
2954, 400 
2955, 400 
2956, 400 
2957, 400 
2958, 400 
2959, 400 
2960, 400 
2961, 400 
2962, 400 
2963, 400 
2964, 400 
2965, 400 
2966, 400 
2967, 400 
2968, 400 
2969, 400 
2970, 400 
2971, 400 
2972, 400 
2973, 400 
2974, 400 
2975, 400 
2976, 400 
2977, 400 
2978, 400 
2979, 400 
2980, 400 
2981, 400 
2982, 400 
2983, 400 
2984, 400 
2985, 400 
2986, 400 
2987, 400 
2988, 400 
2989, 400 
2990, 400 
2991, 400 
2992, 400 
2993, 400 
2994, 400 
2995, 400 
2996, 400 
2997, 400 
2998, 400 
2999, 400 
3000, 400 
3001, 400 
3002, 400 
3003, 400 
3004, 400 
3005, 400 
3006, 400 
3007, 400 
3008, 400 
3009, 400 
3010, 400 
3011, 400 
3012, 400 
3013, 400 
3014, 400 
3015, 400 
3016, 400 
3017, 400 
3018, 400 
3019, 400 
3020, 400 
3021, 400 
3022, 400 
3023, 400 
3024, 400 
3025, 400 
3026, 400 
3027, 400 
3028, 400 
3029, 400 
3030, 400 
3031, 400 
3032, 400 
3033, 400 
3034, 400 
3035, 400 
3036, 400 
3037, 400 
3038, 400 
3039, 400 
3040, 400 
3041, 400 
3042, 400 
3043, 400 
3044, 400 
3045, 400 
3046, 400 
3047, 400 
3048, 400 
3049, 400 
3050, 400 
3051, 400 
3052, 400 
3053, 400 
3054, 400 
3055, 400 
3056, 400 
3057, 400 
3058, 400 
3059, 400 
3060, 400 
3061, 400 
3062, 400 
3063, 400 
3064, 400 
3065, 400 
3066, 400 
3067, 400 
3068, 400 
3069, 400 
3070, 400 
3071, 400 
3072, 400 
3073, 400 
3074, 400 
3075, 400 
3076, 400 
3077, 400 
3078, 400 
3079, 400 
3080, 400 
3081, 400 
3082, 400 
3083, 400 
3084, 400 
3085, 400 
3086, 400 
3087, 400 
3088, 400 
3089, 400 
3090, 400 
3091, 400 
3092, 400 
3093, 400 
3094, 400 
3095, 400 
3096, 400 
3097, 400 
3098, 400 
3099, 400 
3100, 400 
3101, 400 
3102, 400 
3103, 400 
3104, 400 
3105, 400 
3106, 400 
3107, 400 
3108, 400 
3109, 400 
3110, 400 
3111, 400 
3112, 400 
3113, 400 
3114, 400 
3115, 400 
3116, 400 
3117, 400 
3118, 400 
3119, 400 
3120, 400 
3121, 400 
3122, 400 
3123, 400 
3124, 400 
3125, 400 
3126, 400 
3127, 400 
3128, 400 
3129, 400 
3130, 400 
3131, 400 
3132, 400 
3133, 400 
3134, 400 
3135, 400 
3136, 400 
3137, 400 
3138, 400 
3139, 400 
3140, 400 
3141, 400 
3142, 400 
3143, 400 
3144, 400 
3145, 400 
3146, 400 
3147, 400 
3148, 400 
3149, 400 
3150, 400 
3151, 400 
3152, 400 
3153, 400 
3154, 400 
3155, 400 
3156, 400 
3157, 400 
3158, 400 
3159, 400 
3160, 400 
3161, 400 
3162, 400 
3163, 400 
3164, 400 
3165, 400 
3166, 400 
3167, 400 
3168, 400 
3169, 400 
3170, 400 
3171, 400 
3172, 400 
3173, 400 
3174, 400 
3175, 400 
3176, 400 
3177, 400 
3178, 400 
3179, 400 
3180, 400 
3181, 400 
3182, 400 
3183, 400 
3184, 400 
3185, 400 
3186, 400 
3187, 400 
3188, 400 
3189, 400 
3190, 400 
3191, 400 
3192, 400 
3193, 400 
3194, 400 
3195, 400 
3196, 400 
3197, 400 
3198, 400 
3199, 400 
3200, 400 
3201, 400 
3202, 400 
3203, 400 
3204, 400 
3205, 400 
3206, 400 
3207, 400 
3208, 400 
3209, 400 
3210, 400 
3211, 400 
3212, 400 
3213, 400 
3214, 400 
3215, 400 
3216, 400 
3217, 400 
3218, 400 
3219, 400 
3220, 400 
3221, 400 
3222, 400 
3223, 400 
3224, 400 
3225, 400 
3226, 400 
3227, 400 
3228, 400 
3229, 400 
3230, 400 
3231, 400 
3232, 400 
3233, 400 
3234, 400 
3235, 400 
3236, 400 
3237, 400 
3238, 400 
3239, 400 
3240, 400 
3241, 400 
3242, 400 
3243, 400 
3244, 400 
3245, 400 
3246, 400 
3247, 400 
3248, 400 
3249, 400 
3250, 400 
3251, 400 
3252, 400 
3253, 400 
3254, 400 
3255, 400 
3256, 400 
3257, 400 
3258, 400 
3259, 400 
3260, 400 
3261, 400 
3262, 400 
3263, 400 
3264, 400 
3265, 400 
3266, 400 
3267, 400 
3268, 400 
3269, 400 
3270, 400 
3271, 400 
3272, 400 
3273, 400 
3274, 400 
3275, 400 
3276, 400 
3277, 400 
3278, 400 
3279, 400 
3280, 400 
3281, 400 
3282, 400 
3283, 400 
3284, 400 
3285, 400 
3286, 400 
3287, 400 
3288, 400 
3289, 400 
3290, 400 
3291, 400 
3292, 400 
3293, 400 
3294, 400 
3295, 400 
3296, 400 
3297, 400 
3298, 400 
3299, 400 
3300, 400 
3301, 400 
3302, 400 
3303, 400 
3304, 400 
3305, 400 
3306, 400 
3307, 400 
3308, 400 
3309, 400 
3310, 400 
3311, 400 
3312, 400 
3313, 400 
3314, 400 
3315, 400 
3316, 400 
3317, 400 
3318, 400 
3319, 400 
3320, 400 
3321, 400 
3322, 400 
3323, 400 
3324, 400 
3325, 400 
3326, 400 
3327, 400 
3328, 400 
3329, 400 
3330, 400 
3331, 400 
3332, 400 
3333, 400 
3334, 400 
3335, 400 
3336, 400 
3337, 400 
3338, 400 
3339, 400 
3340, 400 
3341, 400 
3342, 400 
3343, 400 
3344, 400 
3345, 400 
3346, 400 
3347, 400 
3348, 400 
3349, 400 
3350, 400 
3351, 400 
3352, 400 
3353, 400 
3354, 400 
3355, 400 
3356, 400 
3357, 400 
3358, 400 
3359, 400 
3360, 400 
3361, 400 
3362, 400 
3363, 400 
3364, 400 
3365, 400 
3366, 400 
3367, 400 
3368, 400 
3369, 400 
3370, 400 
3371, 400 
3372, 400 
3373, 400 
3374, 400 
3375, 400 
3376, 400 
3377, 400 
3378, 400 
3379, 400 
3380, 400 
3381, 400 
3382, 400 
3383, 400 
3384, 400 
3385, 400 
3386, 400 
3387, 400 
3388, 400 
3389, 400 
3390, 400 
3391, 400 
3392, 400 
3393, 400 
3394, 400 
3395, 400 
3396, 400 
3397, 400 
3398, 400 
3399, 400 
3400, 400 
3401, 400 
3402, 400 
3403, 400 
3404, 400 
3405, 400 
3406, 400 
3407, 400 
3408, 400 
3409, 400 
3410, 400 
3411, 400 
3412, 400 
3413, 400 
3414, 400 
3415, 400 
3416, 400 
3417, 400 
3418, 400 
3419, 400 
3420, 400 
3421, 400 
3422, 400 
3423, 400 
3424, 400 
3425, 400 
3426, 400 
3427, 400 
3428, 400 
3429, 400 
3430, 400 
3431, 400 
3432, 400 
3433, 400 
3434, 400 
3435, 400 
3436, 400 
3437, 400 
3438, 400 
3439, 400 
3440, 400 
3441, 400 
3442, 400 
3443, 400 
3444, 400 
3445, 400 
3446, 400 
3447, 400 
3448, 400 
3449, 400 
3450, 400 
3451, 400 
3452, 400 
3453, 400 
3454, 400 
3455, 400 
3456, 400 
3457, 400 
3458, 400 
3459, 400 
3460, 400 
3461, 400 
3462, 400 
3463, 400 
3464, 400 
3465, 400 
3466, 400 
3467, 400 
3468, 400 
3469, 400 
3470, 400 
3471, 400 
3472, 400 
3473, 400 
3474, 400 
3475, 400 
3476, 400 
3477, 400 
3478, 400 
3479, 400 
3480, 400 
3481, 400 
3482, 400 
3483, 400 
3484, 400 
3485, 400 
3486, 400 
3487, 400 
3488, 400 
3489, 400 
3490, 400 
3491, 400 
3492, 400 
3493, 400 
3494, 400 
3495, 400 
3496, 400 
3497, 400 
3498, 400 
3499, 400 
3500, 400 
3501, 400 
3502, 400 
3503, 400 
3504, 400 
3505, 400 
3506, 400 
3507, 400 
3508, 400 
3509, 400 
3510, 400 
3511, 400 
3512, 400 
3513, 400 
3514, 400 
3515, 400 
3516, 400 
3517, 400 
3518, 400 
3519, 400 
3520, 400 
3521, 400 
3522, 400 
3523, 400 
3524, 400 
3525, 400 
3526, 400 
3527, 400 
3528, 400 
3529, 400 
3530, 400 
3531, 400 
3532, 400 
3533, 400 
3534, 400 
3535, 400 
3536, 400 
3537, 400 
3538, 400 
3539, 400 
3540, 400 
3541, 400 
3542, 400 
3543, 400 
3544, 400 
3545, 400 
3546, 400 
3547, 400 
3548, 400 
3549, 400 
3550, 400 
3551, 400 
3552, 400 
3553, 400 
3554, 400 
3555, 400 
3556, 400 
3557, 400 
3558, 400 
3559, 400 
3560, 400 
3561, 400 
3562, 400 
3563, 400 
3564, 400 
3565, 400 
3566, 400 
3567, 400 
3568, 400 
3569, 400 
3570, 400 
3571, 400 
3572, 400 
3573, 400 
3574, 400 
3575, 400 
3576, 400 
3577, 400 
3578, 400 
3579, 400 
3580, 400 
3581, 400 
3582, 400 
3583, 400 
3584, 400 
3585, 400 
3586, 400 
3587, 400 
3588, 400 
3589, 400 
3590, 400 
3591, 400 
3592, 400 
3593, 400 
3594, 400 
3595, 400 
3596, 400 
3597, 400 
3598, 400 
3599, 400 
3600, 400 
3601, 400 
3602, 400 
3603, 400 
3604, 400 
3605, 400 
3606, 400 
3607, 400 
3608, 400 
3609, 400 
3610, 400 
3611, 400 
3612, 400 
3613, 400 
3614, 400 
3615, 400 
3616, 400 
3617, 400 
3618, 400 
3619, 400 
3620, 400 
3621, 400 
3622, 400 
3623, 400 
3624, 400 
3625, 400 
3626, 400 
3627, 400 
3628, 400 
3629, 400 
3630, 400 
3631, 400 
3632, 400 
3633, 400 
3634, 400 
3635, 400 
3636, 400 
3637, 400 
3638, 400 
3639, 400 
3640, 400 
3641, 400 
3642, 400 
3643, 400 
3644, 400 
3645, 400 
3646, 400 
3647, 400 
3648, 400 
3649, 400 
3650, 400 
3651, 400 
3652, 400 
3653, 400 
3654, 400 
3655, 400 
3656, 400 
3657, 400 
3658, 400 
3659, 400 
3660, 400 
3661, 400 
3662, 400 
3663, 400 
3664, 400 
3665, 400 
3666, 400 
3667, 400 
3668, 400 
3669, 400 
3670, 400 
3671, 400 
3672, 400 
3673, 400 
3674, 400 
3675, 400 
3676, 400 
3677, 400 
3678, 400 
3679, 400 
3680, 400 
3681, 400 
3682, 400 
3683, 400 
3684, 400 
3685, 400 
3686, 400 
3687, 400 
3688, 400 
3689, 400 
3690, 400 
3691, 400 
3692, 400 
3693, 400 
3694, 400 
3695, 400 
3696, 400 
3697, 400 
3698, 400 
3699, 400 
3700, 400 
3701, 400 
3702, 400 
3703, 400 
3704, 400 
3705, 400 
3706, 400 
3707, 400 
3708, 400 
3709, 400 
3710, 400 
3711, 400 
3712, 400 
3713, 400 
3714, 400 
3715, 400 
3716, 400 
3717, 400 
3718, 400 
3719, 400 
3720, 400 
3721, 400 
3722, 400 
3723, 400 
3724, 400 
3725, 400 
3726, 400 
3727, 400 
3728, 400 
3729, 400 
3730, 400 
3731, 400 
3732, 400 
3733, 400 
3734, 400 
3735, 400 
3736, 400 
3737, 400 
3738, 400 
3739, 400 
3740, 400 
3741, 400 
3742, 400 
3743, 400 
3744, 400 
3745, 400 
3746, 400 
3747, 400 
3748, 400 
3749, 400 
3750, 400 
3751, 400 
3752, 400 
3753, 400 
3754, 400 
3755, 400 
3756, 400 
3757, 400 
3758, 400 
3759, 400 
3760, 400 
3761, 400 
3762, 400 
3763, 400 
3764, 400 
3765, 400 
3766, 400 
3767, 400 
3768, 400 
3769, 400 
3770, 400 
3771, 400 
3772, 400 
3773, 400 
3774, 400 
3775, 400 
3776, 400 
3777, 400 
3778, 400 
3779, 400 
3780, 400 
3781, 400 
3782, 400 
3783, 400 
3784, 400 
3785, 400 
3786, 400 
3787, 400 
3788, 400 
3789, 400 
3790, 400 
3791, 400 
3792, 400 
3793, 400 
3794, 400 
3795, 400 
3796, 400 
3797, 400 
3798, 400 
3799, 400 
3800, 400 
3801, 400 
3802, 400 
3803, 400 
3804, 400 
3805, 400 
3806, 400 
3807, 400 
3808, 400 
3809, 400 
3810, 400 
3811, 400 
3812, 400 
3813, 400 
3814, 400 
3815, 400 
3816, 400 
3817, 400 
3818, 400 
3819, 400 
3820, 400 
3821, 400 
3822, 400 
3823, 400 
3824, 400 
3825, 400 
3826, 400 
3827, 400 
3828, 400 
3829, 400 
3830, 400 
3831, 400 
3832, 400 
3833, 400 
3834, 400 
3835, 400 
3836, 400 
3837, 400 
3838, 400 
3839, 400 
3840, 400 
3841, 400 
3842, 400 
3843, 400 
3844, 400 
3845, 400 
3846, 400 
3847, 400 
3848, 400 
3849, 400 
3850, 400 
3851, 400 
3852, 400 
3853, 400 
3854, 400 
3855, 400 
3856, 400 
3857, 400 
3858, 400 
3859, 400 
3860, 400 
3861, 400 
3862, 400 
3863, 400 
3864, 400 
3865, 400 
3866, 400 
3867, 400 
3868, 400 
3869, 400 
3870, 400 
3871, 400 
3872, 400 
3873, 400 
3874, 400 
3875, 400 
3876, 400 
3877, 400 
3878, 400 
3879, 400 
3880, 400 
3881, 400 
3882, 400 
3883, 400 
3884, 400 
3885, 400 
3886, 400 
3887, 400 
3888, 400 
3889, 400 
3890, 400 
3891, 400 
3892, 400 
3893, 400 
3894, 400 
3895, 400 
3896, 400 
3897, 400 
3898, 400 
3899, 400 
3900, 400 
3901, 400 
3902, 400 
3903, 400 
3904, 400 
3905, 400 
3906, 400 
3907, 400 
3908, 400 
3909, 400 
3910, 400 
3911, 400 
3912, 400 
3913, 400 
3914, 400 
3915, 400 
3916, 400 
3917, 400 
3918, 400 
3919, 400 
3920, 400 
3921, 400 
3922, 400 
3923, 400 
3924, 400 
3925, 400 
3926, 400 
3927, 400 
3928, 400 
3929, 400 
3930, 400 
3931, 400 
3932, 400 
3933, 400 
3934, 400 
3935, 400 
3936, 400 
3937, 400 
3938, 400 
3939, 400 
3940, 400 
3941, 400 
3942, 400 
3943, 400 
3944, 400 
3945, 400 
3946, 400 
3947, 400 
3948, 400 
3949, 400 
3950, 400 
3951, 400 
3952, 400 
3953, 400 
3954, 400 
3955, 400 
3956, 400 
3957, 400 
3958, 400 
3959, 400 
3960, 400 
3961, 400 
3962, 400 
3963, 400 
3964, 400 
3965, 400 
3966, 400 
3967, 400 
3968, 400 
3969, 400 
3970, 400 
3971, 400 
3972, 400 
3973, 400 
3974, 400 
3975, 400 
3976, 400 
3977, 400 
3978, 400 
3979, 400 
3980, 400 
3981, 400 
3982, 400 
3983, 400 
3984, 400 
3985, 400 
3986, 400 
3987, 400 
3988, 400 
3989, 400 
3990, 400 
3991, 400 
3992, 400 
3993, 400 
3994, 400 
3995, 400 
3996, 400 
3997, 400 
3998, 400 
3999, 400 
4000, 400 
4001, 400 
4002, 400 
4003, 400 
4004, 400 
4005, 400 
4006, 400 
4007, 400 
4008, 400 
4009, 400 
4010, 400 
4011, 400 
4012, 400 
4013, 400 
4014, 400 
4015, 400 
4016, 400 
4017, 400 
4018, 400 
4019, 400 
4020, 400 
4021, 400 
4022, 400 
4023, 400 
4024, 400 
4025, 400 
4026, 400 
4027, 400 
4028, 400 
4029, 400 
4030, 400 
4031, 400 
4032, 400 
4033, 400 
4034, 400 
4035, 400 
4036, 400 
4037, 400 
4038, 400 
4039, 400 
4040, 400 
4041, 400 
4042, 400 
4043, 400 
4044, 400 
4045, 400 
4046, 400 
4047, 400 
4048, 400 
4049, 400 
4050, 400 
4051, 400 
4052, 400 
4053, 400 
4054, 400 
4055, 400 
4056, 400 
4057, 400 
4058, 400 
4059, 400 
4060, 400 
4061, 400 
4062, 400 
4063, 400 
4064, 400 
4065, 400 
4066, 400 
4067, 400 
4068, 400 
4069, 400 
4070, 400 
4071, 400 
4072, 400 
4073, 400 
4074, 400 
4075, 400 
4076, 400 
4077, 400 
4078, 400 
4079, 400 
4080, 400 
4081, 400 
4082, 400 
4083, 400 
4084, 400 
4085, 400 
4086, 400 
4087, 400 
4088, 400 
4089, 400 
4090, 400 
4091, 400 
4092, 400 
4093, 400 
4094, 400 
4095, 400 
4096, 400 
4097, 400 
4098, 400 
4099, 400 
4100, 400 
4101, 400 
4102, 400 
4103, 400 
4104, 400 
4105, 400 
4106, 400 
4107, 400 
4108, 400 
4109, 400 
4110, 400 
4111, 400 
4112, 400 
4113, 400 
4114, 400 
4115, 400 
4116, 400 
4117, 400 
4118, 400 
4119, 400 
4120, 400 
4121, 400 
4122, 400 
4123, 400 
4124, 400 
4125, 400 
4126, 400 
4127, 400 
4128, 400 
4129, 400 
4130, 400 
4131, 400 
4132, 400 
4133, 400 
4134, 400 
4135, 400 
4136, 400 
4137, 400 
4138, 400 
4139, 400 
4140, 400 
4141, 400 
4142, 400 
4143, 400 
4144, 400 
4145, 400 
4146, 400 
4147, 400 
4148, 400 
4149, 400 
4150, 400 
4151, 400 
4152, 400 
4153, 400 
4154, 400 
4155, 400 
4156, 400 
4157, 400 
4158, 400 
4159, 400 
4160, 400 
4161, 400 
4162, 400 
4163, 400 
4164, 400 
4165, 400 
4166, 400 
4167, 400 
4168, 400 
4169, 400 
4170, 400 
4171, 400 
4172, 400 
4173, 400 
4174, 400 
4175, 400 
4176, 400 
4177, 400 
4178, 400 
4179, 400 
4180, 400 
4181, 400 
4182, 400 
4183, 400 
4184, 400 
4185, 400 
4186, 400 
4187, 400 
4188, 400 
4189, 400 
4190, 400 
4191, 400 
4192, 400 
4193, 400 
4194, 400 
4195, 400 
4196, 400 
4197, 400 
4198, 400 
4199, 400 
4200, 400 
4201, 400 
4202, 400 
4203, 400 
4204, 400 
4205, 400 
4206, 400 
4207, 400 
4208, 400 
4209, 400 
4210, 400 
4211, 400 
4212, 400 
4213, 400 
4214, 400 
4215, 400 
4216, 400 
4217, 400 
4218, 400 
4219, 400 
4220, 400 
4221, 400 
4222, 400 
4223, 400 
4224, 400 
4225, 400 
4226, 400 
4227, 400 
4228, 400 
4229, 400 
4230, 400 
4231, 400 
4232, 400 
4233, 400 
4234, 400 
4235, 400 
4236, 400 
4237, 400 
4238, 400 
4239, 400 
4240, 400 
4241, 400 
4242, 400 
4243, 400 
4244, 400 
4245, 400 
4246, 400 
4247, 400 
4248, 400 
4249, 400 
4250, 400 
4251, 400 
4252, 400 
4253, 400 
4254, 400 
4255, 400 
4256, 400 
4257, 400 
4258, 400 
4259, 400 
4260, 400 
4261, 400 
4262, 400 
4263, 400 
4264, 400 
4265, 400 
4266, 400 
4267, 400 
4268, 400 
4269, 400 
4270, 400 
4271, 400 
4272, 400 
4273, 400 
4274, 400 
4275, 400 
4276, 400 
4277, 400 
4278, 400 
4279, 400 
4280, 400 
4281, 400 
4282, 400 
4283, 400 
4284, 400 
4285, 400 
4286, 400 
4287, 400 
4288, 400 
4289, 400 
4290, 400 
4291, 400 
4292, 400 
4293, 400 
4294, 400 
4295, 400 
4296, 400 
4297, 400 
4298, 400 
4299, 400 
4300, 400 
4301, 400 
4302, 400 
4303, 400 
4304, 400 
4305, 400 
4306, 400 
4307, 400 
4308, 400 
4309, 400 
4310, 400 
4311, 400 
4312, 400 
4313, 400 
4314, 400 
4315, 400 
4316, 400 
4317, 400 
4318, 400 
4319, 400 
4320, 400 
4321, 400 
4322, 400 
4323, 400 
4324, 400 
4325, 400 
4326, 400 
4327, 400 
4328, 400 
4329, 400 
4330, 400 
4331, 400 
4332, 400 
4333, 400 
4334, 400 
4335, 400 
4336, 400 
4337, 400 
4338, 400 
4339, 400 
4340, 400 
4341, 400 
4342, 400 
4343, 400 
4344, 400 
4345, 400 
4346, 400 
4347, 400 
4348, 400 
4349, 400 
4350, 400 
4351, 400 
4352, 400 
4353, 400 
4354, 400 
4355, 400 
4356, 400 
4357, 400 
4358, 400 
4359, 400 
4360, 400 
4361, 400 
4362, 400 
4363, 400 
4364, 400 
4365, 400 
4366, 400 
4367, 400 
4368, 400 
4369, 400 
4370, 400 
4371, 400 
4372, 400 
4373, 400 
4374, 400 
4375, 400 
4376, 400 
4377, 400 
4378, 400 
4379, 400 
4380, 400 
4381, 400 
4382, 400 
4383, 400 
4384, 400 
4385, 400 
4386, 400 
4387, 400 
4388, 400 
4389, 400 
4390, 400 
4391, 400 
4392, 400 
4393, 400 
4394, 400 
4395, 400 
4396, 400 
4397, 400 
4398, 400 
4399, 400 
4400, 400 
4401, 400 
4402, 400 
4403, 400 
4404, 400 
4405, 400 
4406, 400 
4407, 400 
4408, 400 
4409, 400 
4410, 400 
4411, 400 
4412, 400 
4413, 400 
4414, 400 
4415, 400 
4416, 400 
4417, 400 
4418, 400 
4419, 400 
4420, 400 
4421, 400 
4422, 400 
4423, 400 
4424, 400 
4425, 400 
4426, 400 
4427, 400 
4428, 400 
4429, 400 
4430, 400 
4431, 400 
4432, 400 
4433, 400 
4434, 400 
4435, 400 
4436, 400 
4437, 400 
4438, 400 
4439, 400 
4440, 400 
4441, 400 
4442, 400 
4443, 400 
4444, 400 
4445, 400 
4446, 400 
4447, 400 
4448, 400 
4449, 400 
4450, 400 
4451, 400 
4452, 400 
4453, 400 
4454, 400 
4455, 400 
4456, 400 
4457, 400 
4458, 400 
4459, 400 
4460, 400 
4461, 400 
4462, 400 
4463, 400 
4464, 400 
4465, 400 
4466, 400 
4467, 400 
4468, 400 
4469, 400 
4470, 400 
4471, 400 
4472, 400 
4473, 400 
4474, 400 
4475, 400 
4476, 400 
4477, 400 
4478, 400 
4479, 400 
4480, 400 
4481, 400 
4482, 400 
4483, 400 
4484, 400 
4485, 400 
4486, 400 
4487, 400 
4488, 400 
4489, 400 
4490, 400 
4491, 400 
4492, 400 
4493, 400 
4494, 400 
4495, 400 
4496, 400 
4497, 400 
4498, 400 
4499, 400 
4500, 400 
4501, 400 
4502, 400 
4503, 400 
4504, 400 
4505, 400 
4506, 400 
4507, 400 
4508, 400 
4509, 400 
4510, 400 
4511, 400 
4512, 400 
4513, 400 
4514, 400 
4515, 400 
4516, 400 
4517, 400 
4518, 400 
4519, 400 
4520, 400 
4521, 400 
4522, 400 
4523, 400 
4524, 400 
4525, 400 
4526, 400 
4527, 400 
4528, 400 
4529, 400 
4530, 400 
4531, 400 
4532, 400 
4533, 400 
4534, 400 
4535, 400 
4536, 400 
4537, 400 
4538, 400 
4539, 400 
4540, 400 
4541, 400 
4542, 400 
4543, 400 
4544, 400 
4545, 400 
4546, 400 
4547, 400 
4548, 400 
4549, 400 
4550, 400 
4551, 400 
4552, 400 
4553, 400 
4554, 400 
4555, 400 
4556, 400 
4557, 400 
4558, 400 
4559, 400 
4560, 400 
4561, 400 
4562, 400 
4563, 400 
4564, 400 
4565, 400 
4566, 400 
4567, 400 
4568, 400 
4569, 400 
4570, 400 
4571, 400 
4572, 400 
4573, 400 
4574, 400 
4575, 400 
4576, 400 
4577, 400 
4578, 400 
4579, 400 
4580, 400 
4581, 400 
4582, 400 
4583, 400 
4584, 400 
4585, 400 
4586, 400 
4587, 400 
4588, 400 
4589, 400 
4590, 400 
4591, 400 
4592, 400 
4593, 400 
4594, 400 
4595, 400 
4596, 400 
4597, 400 
4598, 400 
4599, 400 
4600, 400 
4601, 400 
4602, 400 
4603, 400 
4604, 400 
4605, 400 
4606, 400 
4607, 400 
4608, 400 
4609, 400 
4610, 400 
4611, 400 
4612, 400 
4613, 400 
4614, 400 
4615, 400 
4616, 400 
4617, 400 
4618, 400 
4619, 400 
4620, 400 
4621, 400 
4622, 400 
4623, 400 
4624, 400 
4625, 400 
4626, 400 
4627, 400 
4628, 400 
4629, 400 
4630, 400 
4631, 400 
4632, 400 
4633, 400 
4634, 400 
4635, 400 
4636, 400 
4637, 400 
4638, 400 
4639, 400 
4640, 400 
4641, 400 
4642, 400 
4643, 400 
4644, 400 
4645, 400 
4646, 400 
4647, 400 
4648, 400 
4649, 400 
4650, 400 
4651, 400 
4652, 400 
4653, 400 
4654, 400 
4655, 400 
4656, 400 
4657, 400 
4658, 400 
4659, 400 
4660, 400 
4661, 400 
4662, 400 
4663, 400 
4664, 400 
4665, 400 
4666, 400 
4667, 400 
4668, 400 
4669, 400 
4670, 400 
4671, 400 
4672, 400 
4673, 400 
4674, 400 
4675, 400 
4676, 400 
4677, 400 
4678, 400 
4679, 400 
4680, 400 
4681, 400 
4682, 400 
4683, 400 
4684, 400 
4685, 400 
4686, 400 
4687, 400 
4688, 400 
4689, 400 
4690, 400 
4691, 400 
4692, 400 
4693, 400 
4694, 400 
4695, 400 
4696, 400 
4697, 400 
4698, 400 
4699, 400 
4700, 400 
4701, 400 
4702, 400 
4703, 400 
4704, 400 
4705, 400 
4706, 400 
4707, 400 
4708, 400 
4709, 400 
4710, 400 
4711, 400 
4712, 400 
4713, 400 
4714, 400 
4715, 400 
4716, 400 
4717, 400 
4718, 400 
4719, 400 
4720, 400 
4721, 400 
4722, 400 
4723, 400 
4724, 400 
4725, 400 
4726, 400 
4727, 400 
4728, 400 
4729, 400 
4730, 400 
4731, 400 
4732, 400 
4733, 400 
4734, 400 
4735, 400 
4736, 400 
4737, 400 
4738, 400 
4739, 400 
4740, 400 
4741, 400 
4742, 400 
4743, 400 
4744, 400 
4745, 400 
4746, 400 
4747, 400 
4748, 400 
4749, 400 
4750, 400 
4751, 400 
4752, 400 
4753, 400 
4754, 400 
4755, 400 
4756, 400 
4757, 400 
4758, 400 
4759, 400 
4760, 400 
4761, 400 
4762, 400 
4763, 400 
4764, 400 
4765, 400 
4766, 400 
4767, 400 
4768, 400 
4769, 400 
4770, 400 
4771, 400 
4772, 400 
4773, 400 
4774, 400 
4775, 400 
4776, 400 
4777, 400 
4778, 400 
4779, 400 
4780, 400 
4781, 400 
4782, 400 
4783, 400 
4784, 400 
4785, 400 
4786, 400 
4787, 400 
4788, 400 
4789, 400 
4790, 400 
4791, 400 
4792, 400 
4793, 400 
4794, 400 
4795, 400 
4796, 400 
4797, 400 
4798, 400 
4799, 400 
4800, 400 
4801, 400 
4802, 400 
4803, 400 
4804, 400 
4805, 400 
4806, 400 
4807, 400 
4808, 400 
4809, 400 
4810, 400 
4811, 400 
4812, 400 
4813, 400 
4814, 400 
4815, 400 
4816, 400 
4817, 400 
4818, 400 
4819, 400 
4820, 400 
4821, 400 
4822, 400 
4823, 400 
4824, 400 
4825, 400 
4826, 400 
4827, 400 
4828, 400 
4829, 400 
4830, 400 
4831, 400 
4832, 400 
4833, 400 
4834, 400 
4835, 400 
4836, 400 
4837, 400 
4838, 400 
4839, 400 
4840, 400 
4841, 400 
4842, 400 
4843, 400 
4844, 400 
4845, 400 
4846, 400 
4847, 400 
4848, 400 
4849, 400 
4850, 400 
4851, 400 
4852, 400 
4853, 400 
4854, 400 
4855, 400 
4856, 400 
4857, 400 
4858, 400 
4859, 400 
4860, 400 
4861, 400 
4862, 400 
4863, 400 
4864, 400 
4865, 400 
4866, 400 
4867, 400 
4868, 400 
4869, 400 
4870, 400 
4871, 400 
4872, 400 
4873, 400 
4874, 400 
4875, 400 
4876, 400 
4877, 400 
4878, 400 
4879, 400 
4880, 400 
4881, 400 
4882, 400 
4883, 400 
4884, 400 
4885, 400 
4886, 400 
4887, 400 
4888, 400 
4889, 400 
4890, 400 
4891, 400 
4892, 400 
4893, 400 
4894, 400 
4895, 400 
4896, 400 
4897, 400 
4898, 400 
4899, 400 
4900, 400 
4901, 400 
4902, 400 
4903, 400 
4904, 400 
4905, 400 
4906, 400 
4907, 400 
4908, 400 
4909, 400 
4910, 400 
4911, 400 
4912, 400 
4913, 400 
4914, 400 
4915, 400 
4916, 400 
4917, 400 
4918, 400 
4919, 400 
4920, 400 
4921, 400 
4922, 400 
4923, 400 
4924, 400 
4925, 400 
4926, 400 
4927, 400 
4928, 400 
4929, 400 
4930, 400 
4931, 400 
4932, 400 
4933, 400 
4934, 400 
4935, 400 
4936, 400 
4937, 400 
4938, 400 
4939, 400 
4940, 400 
4941, 400 
4942, 400 
4943, 400 
4944, 400 
4945, 400 
4946, 400 
4947, 400 
4948, 400 
4949, 400 
4950, 400 
4951, 400 
4952, 400 
4953, 400 
4954, 400 
4955, 400 
4956, 400 
4957, 400 
4958, 400 
4959, 400 
4960, 400 
4961, 400 
4962, 400 
4963, 400 
4964, 400 
4965, 400 
4966, 400 
4967, 400 
4968, 400 
4969, 400 
4970, 400 
4971, 400 
4972, 400 
4973, 400 
4974, 400 
4975, 400 
4976, 400 
4977, 400 
4978, 400 
4979, 400 
4980, 400 
4981, 400 
4982, 400 
4983, 400 
4984, 400 
4985, 400 
4986, 400 
4987, 400 
4988, 400 
4989, 400 
4990, 400 
4991, 400 
4992, 400 
4993, 400 
4994, 400 
4995, 400 
4996, 400 
4997, 400 
4998, 400 
4999, 400 
5000, 400 
5001, 400 
5002, 400 
5003, 400 
5004, 400 
5005, 400 
5006, 400 
5007, 400 
5008, 400 
5009, 400 
5010, 400 
5011, 400 
5012, 400 
5013, 400 
5014, 400 
5015, 400 
5016, 400 
5017, 400 
5018, 400 
5019, 400 
5020, 400 
5021, 400 
5022, 400 
5023, 400 
5024, 400 
5025, 400 
5026, 400 
5027, 400 
5028, 400 
5029, 400 
5030, 400 
5031, 400 
5032, 400 
5033, 400 
5034, 400 
5035, 400 
5036, 400 
5037, 400 
5038, 400 
5039, 400 
5040, 400 
5041, 400 
5042, 400 
5043, 400 
5044, 400 
5045, 400 
5046, 400 
5047, 400 
5048, 400 
5049, 400 
5050, 400 
5051, 400 
5052, 400 
5053, 400 
5054, 400 
5055, 400 
5056, 400 
5057, 400 
5058, 400 
5059, 400 
5060, 400 
5061, 400 
5062, 400 
5063, 400 
5064, 400 
5065, 400 
5066, 400 
5067, 400 
5068, 400 
5069, 400 
5070, 400 
5071, 400 
5072, 400 
5073, 400 
5074, 400 
5075, 400 
5076, 400 
5077, 400 
5078, 400 
5079, 400 
5080, 400 
5081, 400 
5082, 400 
5083, 400 
5084, 400 
5085, 400 
5086, 400 
5087, 400 
5088, 400 
5089, 400 
5090, 400 
5091, 400 
5092, 400 
5093, 400 
5094, 400 
5095, 400 
5096, 400 
5097, 400 
5098, 400 
5099, 400 
5100, 400 
5101, 400 
5102, 400 
5103, 400 
5104, 400 
5105, 400 
5106, 400 
5107, 400 
5108, 400 
5109, 400 
5110, 400 
5111, 400 
5112, 400 
5113, 400 
5114, 400 
5115, 400 
5116, 400 
5117, 400 
5118, 400 
5119, 400 
5120, 400 
5121, 400 
5122, 400 
5123, 400 
5124, 400 
5125, 400 
5126, 400 
5127, 400 
5128, 400 
5129, 400 
5130, 400 
5131, 400 
5132, 400 
5133, 400 
5134, 400 
5135, 400 
5136, 400 
5137, 400 
5138, 400 
5139, 400 
5140, 400 
5141, 400 
5142, 400 
5143, 400 
5144, 400 
5145, 400 
5146, 400 
5147, 400 
5148, 400 
5149, 400 
5150, 400 
5151, 400 
5152, 400 
5153, 400 
5154, 400 
5155, 400 
5156, 400 
5157, 400 
5158, 400 
5159, 400 
5160, 400 
5161, 400 
5162, 400 
5163, 400 
5164, 400 
5165, 400 
5166, 400 
5167, 400 
5168, 400 
5169, 400 
5170, 400 
5171, 400 
5172, 400 
5173, 400 
5174, 400 
5175, 400 
5176, 400 
5177, 400 
5178, 400 
5179, 400 
5180, 400 
5181, 400 
5182, 400 
5183, 400 
5184, 400 
5185, 400 
5186, 400 
5187, 400 
5188, 400 
5189, 400 
5190, 400 
5191, 400 
5192, 400 
5193, 400 
5194, 400 
5195, 400 
5196, 400 
5197, 400 
5198, 400 
5199, 400 
5200, 400 
5201, 400 
5202, 400 
5203, 400 
5204, 400 
5205, 400 
5206, 400 
5207, 400 
5208, 400 
5209, 400 
5210, 400 
5211, 400 
5212, 400 
5213, 400 
5214, 400 
5215, 400 
5216, 400 
5217, 400 
5218, 400 
5219, 400 
5220, 400 
5221, 400 
5222, 400 
5223, 400 
5224, 400 
5225, 400 
5226, 400 
5227, 400 
5228, 400 
5229, 400 
5230, 400 
5231, 400 
5232, 400 
5233, 400 
5234, 400 
5235, 400 
5236, 400 
5237, 400 
5238, 400 
5239, 400 
5240, 400 
5241, 400 
5242, 400 
5243, 400 
5244, 400 
5245, 400 
5246, 400 
5247, 400 
5248, 400 
5249, 400 
5250, 400 
5251, 400 
5252, 400 
5253, 400 
5254, 400 
5255, 400 
5256, 400 
5257, 400 
5258, 400 
5259, 400 
5260, 400 
5261, 400 
5262, 400 
5263, 400 
5264, 400 
5265, 400 
5266, 400 
5267, 400 
5268, 400 
5269, 400 
5270, 400 
5271, 400 
5272, 400 
5273, 400 
5274, 400 
5275, 400 
5276, 400 
5277, 400 
5278, 400 
5279, 400 
5280, 400 
5281, 400 
5282, 400 
5283, 400 
5284, 400 
5285, 400 
5286, 400 
5287, 400 
5288, 400 
5289, 400 
5290, 400 
5291, 400 
5292, 400 
5293, 400 
5294, 400 
5295, 400 
5296, 400 
5297, 400 
5298, 400 
5299, 400 
5300, 400 
5301, 400 
5302, 400 
5303, 400 
5304, 400 
5305, 400 
5306, 400 
5307, 400 
5308, 400 
5309, 400 
5310, 400 
5311, 400 
5312, 400 
5313, 400 
5314, 400 
5315, 400 
5316, 400 
5317, 400 
5318, 400 
5319, 400 
5320, 400 
5321, 400 
5322, 400 
5323, 400 
5324, 400 
5325, 400 
5326, 400 
5327, 400 
5328, 400 
5329, 400 
5330, 400 
5331, 400 
5332, 400 
5333, 400 
5334, 400 
5335, 400 
5336, 400 
5337, 400 
5338, 400 
5339, 400 
5340, 400 
5341, 400 
5342, 400 
5343, 400 
5344, 400 
5345, 400 
5346, 400 
5347, 400 
5348, 400 
5349, 400 
5350, 400 
5351, 400 
5352, 400 
5353, 400 
5354, 400 
5355, 400 
5356, 400 
5357, 400 
5358, 400 
5359, 400 
5360, 400 
5361, 400 
5362, 400 
5363, 400 
5364, 400 
5365, 400 
5366, 400 
5367, 400 
5368, 400 
5369, 400 
5370, 400 
5371, 400 
5372, 400 
5373, 400 
5374, 400 
5375, 400 
5376, 400 
5377, 400 
5378, 400 
5379, 400 
5380, 400 
5381, 400 
5382, 400 
5383, 400 
5384, 400 
5385, 400 
5386, 400 
5387, 400 
5388, 400 
5389, 400 
5390, 400 
5391, 400 
5392, 400 
5393, 400 
5394, 400 
5395, 400 
5396, 400 
5397, 400 
5398, 400 
5399, 400 
5400, 400 
5401, 400 
5402, 400 
5403, 400 
5404, 400 
5405, 400 
5406, 400 
5407, 400 
5408, 400 
5409, 400 
5410, 400 
5411, 400 
5412, 400 
5413, 400 
5414, 400 
5415, 400 
5416, 400 
5417, 400 
5418, 400 
5419, 400 
5420, 400 
5421, 400 
5422, 400 
5423, 400 
5424, 400 
5425, 400 
5426, 400 
5427, 400 
5428, 400 
5429, 400 
5430, 400 
5431, 400 
5432, 400 
5433, 400 
5434, 400 
5435, 400 
5436, 400 
5437, 400 
5438, 400 
5439, 400 
5440, 400 
5441, 400 
5442, 400 
5443, 400 
5444, 400 
5445, 400 
5446, 400 
5447, 400 
5448, 400 
5449, 400 
5450, 400 
5451, 400 
5452, 400 
5453, 400 
5454, 400 
5455, 400 
5456, 400 
5457, 400 
5458, 400 
5459, 400 
5460, 400 
5461, 400 
5462, 400 
5463, 400 
5464, 400 
5465, 400 
5466, 400 
5467, 400 
5468, 400 
5469, 400 
5470, 400 
5471, 400 
5472, 400 
5473, 400 
5474, 400 
5475, 400 
5476, 400 
5477, 400 
5478, 400 
5479, 400 
5480, 400 
5481, 400 
5482, 400 
5483, 400 
5484, 400 
5485, 400 
5486, 400 
5487, 400 
5488, 400 
5489, 400 
5490, 400 
5491, 400 
5492, 400 
5493, 400 
5494, 400 
5495, 400 
5496, 400 
5497, 400 
5498, 400 
5499, 400 
5500, 400 
5501, 400 
5502, 400 
5503, 400 
5504, 400 
5505, 400 
5506, 400 
5507, 400 
5508, 400 
5509, 400 
5510, 400 
5511, 400 
5512, 400 
5513, 400 
5514, 400 
5515, 400 
5516, 400 
5517, 400 
5518, 400 
5519, 400 
5520, 400 
5521, 400 
5522, 400 
5523, 400 
5524, 400 
5525, 400 
5526, 400 
5527, 400 
5528, 400 
5529, 400 
5530, 400 
5531, 400 
5532, 400 
5533, 400 
5534, 400 
5535, 400 
5536, 400 
5537, 400 
5538, 400 
5539, 400 
5540, 400 
5541, 400 
5542, 400 
5543, 400 
5544, 400 
5545, 400 
5546, 400 
5547, 400 
5548, 400 
5549, 400 
5550, 400 
5551, 400 
5552, 400 
5553, 400 
5554, 400 
5555, 400 
5556, 400 
5557, 400 
5558, 400 
5559, 400 
5560, 400 
5561, 400 
5562, 400 
5563, 400 
5564, 400 
5565, 400 
5566, 400 
5567, 400 
5568, 400 
5569, 400 
5570, 400 
5571, 400 
5572, 400 
5573, 400 
5574, 400 
5575, 400 
5576, 400 
5577, 400 
5578, 400 
5579, 400 
5580, 400 
5581, 400 
5582, 400 
5583, 400 
5584, 400 
5585, 400 
5586, 400 
5587, 400 
5588, 400 
5589, 400 
5590, 400 
5591, 400 
5592, 400 
5593, 400 
5594, 400 
5595, 400 
5596, 400 
5597, 400 
5598, 400 
5599, 400 
5600, 400 
5601, 400 
5602, 400 
5603, 400 
5604, 400 
5605, 400 
5606, 400 
5607, 400 
5608, 400 
5609, 400 
5610, 400 
5611, 400 
5612, 400 
5613, 400 
5614, 400 
5615, 400 
5616, 400 
5617, 400 
5618, 400 
5619, 400 
5620, 400 
5621, 400 
5622, 400 
5623, 400 
5624, 400 
5625, 400 
5626, 400 
5627, 400 
5628, 400 
5629, 400 
5630, 400 
5631, 400 
5632, 400 
5633, 400 
5634, 400 
5635, 400 
5636, 400 
5637, 400 
5638, 400 
5639, 400 
5640, 400 
5641, 400 
5642, 400 
5643, 400 
5644, 400 
5645, 400 
5646, 400 
5647, 400 
5648, 400 
5649, 400 
5650, 400 
5651, 400 
5652, 400 
5653, 400 
5654, 400 
5655, 400 
5656, 400 
5657, 400 
5658, 400 
5659, 400 
5660, 400 
5661, 400 
5662, 400 
5663, 400 
5664, 400 
5665, 400 
5666, 400 
5667, 400 
5668, 400 
5669, 400 
5670, 400 
5671, 400 
5672, 400 
5673, 400 
5674, 400 
5675, 400 
5676, 400 
5677, 400 
5678, 400 
5679, 400 
5680, 400 
5681, 400 
5682, 400 
5683, 400 
5684, 400 
5685, 400 
5686, 400 
5687, 400 
5688, 400 
5689, 400 
5690, 400 
5691, 400 
5692, 400 
5693, 400 
5694, 400 
5695, 400 
5696, 400 
5697, 400 
5698, 400 
5699, 400 
5700, 400 
5701, 400 
5702, 400 
5703, 400 
5704, 400 
5705, 400 
5706, 400 
5707, 400 
5708, 400 
5709, 400 
5710, 400 
5711, 400 
5712, 400 
5713, 400 
5714, 400 
5715, 400 
5716, 400 
5717, 400 
5718, 400 
5719, 400 
5720, 400 
5721, 400 
5722, 400 
5723, 400 
5724, 400 
5725, 400 
5726, 400 
5727, 400 
5728, 400 
5729, 400 
5730, 400 
5731, 400 
5732, 400 
5733, 400 
5734, 400 
5735, 400 
5736, 400 
5737, 400 
5738, 400 
5739, 400 
5740, 400 
5741, 400 
5742, 400 
5743, 400 
5744, 400 
5745, 400 
5746, 400 
5747, 400 
5748, 400 
5749, 400 
5750, 400 
5751, 400 
5752, 400 
5753, 400 
5754, 400 
5755, 400 
5756, 400 
5757, 400 
5758, 400 
5759, 400 
5760, 400 
5761, 400 
5762, 400 
5763, 400 
5764, 400 
5765, 400 
5766, 400 
5767, 400 
5768, 400 
5769, 400 
5770, 400 
5771, 400 
5772, 400 
5773, 400 
5774, 400 
5775, 400 
5776, 400 
5777, 400 
5778, 400 
5779, 400 
5780, 400 
5781, 400 
5782, 400 
5783, 400 
5784, 400 
5785, 400 
5786, 400 
5787, 400 
5788, 400 
5789, 400 
5790, 400 
5791, 400 
5792, 400 
5793, 400 
5794, 400 
5795, 400 
5796, 400 
5797, 400 
5798, 400 
5799, 400 
5800, 400 
5801, 400 
5802, 400 
5803, 400 
5804, 400 
5805, 400 
5806, 400 
5807, 400 
5808, 400 
5809, 400 
5810, 400 
5811, 400 
5812, 400 
5813, 400 
5814, 400 
5815, 400 
5816, 400 
5817, 400 
5818, 400 
5819, 400 
5820, 400 
5821, 400 
5822, 400 
5823, 400 
5824, 400 
5825, 400 
5826, 400 
5827, 400 
5828, 400 
5829, 400 
5830, 400 
5831, 400 
5832, 400 
5833, 400 
5834, 400 
5835, 400 
5836, 400 
5837, 400 
5838, 400 
5839, 400 
5840, 400 
5841, 400 
5842, 400 
5843, 400 
5844, 400 
5845, 400 
5846, 400 
5847, 400 
5848, 400 
5849, 400 
5850, 400 
5851, 400 
5852, 400 
5853, 400 
5854, 400 
5855, 400 
5856, 400 
5857, 400 
5858, 400 
5859, 400 
5860, 400 
5861, 400 
5862, 400 
5863, 400 
5864, 400 
5865, 400 
5866, 400 
5867, 400 
5868, 400 
5869, 400 
5870, 400 
5871, 400 
5872, 400 
5873, 400 
5874, 400 
5875, 400 
5876, 400 
5877, 400 
5878, 400 
5879, 400 
5880, 400 
5881, 400 
5882, 400 
5883, 400 
5884, 400 
5885, 400 
5886, 400 
5887, 400 
5888, 400 
5889, 400 
5890, 400 
5891, 400 
5892, 400 
5893, 400 
5894, 400 
5895, 400 
5896, 400 
5897, 400 
5898, 400 
5899, 400 
5900, 400 
5901, 400 
5902, 400 
5903, 400 
5904, 400 
5905, 400 
5906, 400 
5907, 400 
5908, 400 
5909, 400 
5910, 400 
5911, 400 
5912, 400 
5913, 400 
5914, 400 
5915, 400 
5916, 400 
5917, 400 
5918, 400 
5919, 400 
5920, 400 
5921, 400 
5922, 400 
5923, 400 
5924, 400 
5925, 400 
5926, 400 
5927, 400 
5928, 400 
5929, 400 
5930, 400 
5931, 400 
5932, 400 
5933, 400 
5934, 400 
5935, 400 
5936, 400 
5937, 400 
5938, 400 
5939, 400 
5940, 400 
5941, 400 
5942, 400 
5943, 400 
5944, 400 
5945, 400 
5946, 400 
5947, 400 
5948, 400 
5949, 400 
5950, 400 
5951, 400 
5952, 400 
5953, 400 
5954, 400 
5955, 400 
5956, 400 
5957, 400 
5958, 400 
5959, 400 
5960, 400 
5961, 400 
5962, 400 
5963, 400 
5964, 400 
5965, 400 
5966, 400 
5967, 400 
5968, 400 
5969, 400 
5970, 400 
5971, 400 
5972, 400 
5973, 400 
5974, 400 
5975, 400 
5976, 400 
5977, 400 
5978, 400 
5979, 400 
5980, 400 
5981, 400 
5982, 400 
5983, 400 
5984, 400 
5985, 400 
5986, 400 
5987, 400 
5988, 400 
5989, 400 
5990, 400 
5991, 400 
5992, 400 
5993, 400 
5994, 400 
5995, 400 
5996, 400 
5997, 400 
5998, 400 
5999, 400 
6000, 400 
6001, 400 
6002, 400 
6003, 400 
6004, 400 
6005, 400 
6006, 400 
6007, 400 
6008, 400 
6009, 400 
6010, 400 
6011, 400 
6012, 400 
6013, 400 
6014, 400 
6015, 400 
6016, 400 
6017, 400 
6018, 400 
6019, 400 
6020, 400 
6021, 400 
6022, 400 
6023, 400 
6024, 400 
6025, 400 
6026, 400 
6027, 400 
6028, 400 
6029, 400 
6030, 400 
6031, 400 
6032, 400 
6033, 400 
6034, 400 
6035, 400 
6036, 400 
6037, 400 
6038, 400 
6039, 400 
6040, 400 
6041, 400 
6042, 400 
6043, 400 
6044, 400 
6045, 400 
6046, 400 
6047, 400 
6048, 400 
6049, 400 
6050, 400 
6051, 400 
6052, 400 
6053, 400 
6054, 400 
6055, 400 
6056, 400 
6057, 400 
6058, 400 
6059, 400 
6060, 400 
6061, 400 
6062, 400 
6063, 400 
6064, 400 
6065, 400 
6066, 400 
6067, 400 
6068, 400 
6069, 400 
6070, 400 
6071, 400 
6072, 400 
6073, 400 
6074, 400 
6075, 400 
6076, 400 
6077, 400 
6078, 400 
6079, 400 
6080, 400 
6081, 400 
6082, 400 
6083, 400 
6084, 400 
6085, 400 
6086, 400 
6087, 400 
6088, 400 
6089, 400 
6090, 400 
6091, 400 
6092, 400 
6093, 400 
6094, 400 
6095, 400 
6096, 400 
6097, 400 
6098, 400 
6099, 400 
6100, 400 
6101, 400 
6102, 400 
6103, 400 
6104, 400 
6105, 400 
6106, 400 
6107, 400 
6108, 400 
6109, 400 
6110, 400 
6111, 400 
6112, 400 
6113, 400 
6114, 400 
6115, 400 
6116, 400 
6117, 400 
6118, 400 
6119, 400 
6120, 400 
6121, 400 
6122, 400 
6123, 400 
6124, 400 
6125, 400 
6126, 400 
6127, 400 
6128, 400 
6129, 400 
6130, 400 
6131, 400 
6132, 400 
6133, 400 
6134, 400 
6135, 400 
6136, 400 
6137, 400 
6138, 400 
6139, 400 
6140, 400 
6141, 400 
6142, 400 
6143, 400 
6144, 400 
6145, 400 
6146, 400 
6147, 400 
6148, 400 
6149, 400 
6150, 400 
6151, 400 
6152, 400 
6153, 400 
6154, 400 
6155, 400 
6156, 400 
6157, 400 
6158, 400 
6159, 400 
6160, 400 
6161, 400 
6162, 400 
6163, 400 
6164, 400 
6165, 400 
6166, 400 
6167, 400 
6168, 400 
6169, 400 
6170, 400 
6171, 400 
6172, 400 
6173, 400 
6174, 400 
6175, 400 
6176, 400 
6177, 400 
6178, 400 
6179, 400 
6180, 400 
6181, 400 
6182, 400 
6183, 400 
6184, 400 
6185, 400 
6186, 400 
6187, 400 
6188, 400 
6189, 400 
6190, 400 
6191, 400 
6192, 400 
6193, 400 
6194, 400 
6195, 400 
6196, 400 
6197, 400 
6198, 400 
6199, 400 
6200, 400 
6201, 400 
6202, 400 
6203, 400 
6204, 400 
6205, 400 
6206, 400 
6207, 400 
6208, 400 
6209, 400 
6210, 400 
6211, 400 
6212, 400 
6213, 400 
6214, 400 
6215, 400 
6216, 400 
6217, 400 
6218, 400 
6219, 400 
6220, 400 
6221, 400 
6222, 400 
6223, 400 
6224, 400 
6225, 400 
6226, 400 
6227, 400 
6228, 400 
6229, 400 
6230, 400 
6231, 400 
6232, 400 
6233, 400 
6234, 400 
6235, 400 
6236, 400 
6237, 400 
6238, 400 
6239, 400 
6240, 400 
6241, 400 
6242, 400 
6243, 400 
6244, 400 
6245, 400 
6246, 400 
6247, 400 
6248, 400 
6249, 400 
6250, 400 
6251, 400 
6252, 400 
6253, 400 
6254, 400 
6255, 400 
6256, 400 
6257, 400 
6258, 400 
6259, 400 
6260, 400 
6261, 400 
6262, 400 
6263, 400 
6264, 400 
6265, 400 
6266, 400 
6267, 400 
6268, 400 
6269, 400 
6270, 400 
6271, 400 
6272, 400 
6273, 400 
6274, 400 
6275, 400 
6276, 400 
6277, 400 
6278, 400 
6279, 400 
6280, 400 
6281, 400 
6282, 400 
6283, 400 
6284, 400 
6285, 400 
6286, 400 
6287, 400 
6288, 400 
6289, 400 
6290, 400 
6291, 400 
6292, 400 
6293, 400 
6294, 400 
6295, 400 
6296, 400 
6297, 400 
6298, 400 
6299, 400 
6300, 400 
6301, 400 
6302, 400 
6303, 400 
6304, 400 
6305, 400 
6306, 400 
6307, 400 
6308, 400 
6309, 400 
6310, 400 
6311, 400 
6312, 400 
6313, 400 
6314, 400 
6315, 400 
6316, 400 
6317, 400 
6318, 400 
6319, 400 
6320, 400 
6321, 400 
6322, 400 
6323, 400 
6324, 400 
6325, 400 
6326, 400 
6327, 400 
6328, 400 
6329, 400 
6330, 400 
6331, 400 
6332, 400 
6333, 400 
6334, 400 
6335, 400 
6336, 400 
6337, 400 
6338, 400 
6339, 400 
6340, 400 
6341, 400 
6342, 400 
6343, 400 
6344, 400 
6345, 400 
6346, 400 
6347, 400 
6348, 400 
6349, 400 
6350, 400 
6351, 400 
6352, 400 
6353, 400 
6354, 400 
6355, 400 
6356, 400 
6357, 400 
6358, 400 
6359, 400 
6360, 400 
6361, 400 
6362, 400 
6363, 400 
6364, 400 
6365, 400 
6366, 400 
6367, 400 
6368, 400 
6369, 400 
6370, 400 
6371, 400 
6372, 400 
6373, 400 
6374, 400 
6375, 400 
6376, 400 
6377, 400 
6378, 400 
6379, 400 
6380, 400 
6381, 400 
6382, 400 
6383, 400 
6384, 400 
6385, 400 
6386, 400 
6387, 400 
6388, 400 
6389, 400 
6390, 400 
6391, 400 
6392, 400 
6393, 400 
6394, 400 
6395, 400 
6396, 400 
6397, 400 
6398, 400 
6399, 400 
6400, 400 
6401, 400 
6402, 400 
6403, 400 
6404, 400 
6405, 400 
6406, 400 
6407, 400 
6408, 400 
6409, 400 
6410, 400 
6411, 400 
6412, 400 
6413, 400 
6414, 400 
6415, 400 
6416, 400 
6417, 400 
6418, 400 
6419, 400 
6420, 400 
6421, 400 
6422, 400 
6423, 400 
6424, 400 
6425, 400 
6426, 400 
6427, 400 
6428, 400 
6429, 400 
6430, 400 
6431, 400 
6432, 400 
6433, 400 
6434, 400 
6435, 400 
6436, 400 
6437, 400 
6438, 400 
6439, 400 
6440, 400 
6441, 400 
6442, 400 
6443, 400 
6444, 400 
6445, 400 
6446, 400 
6447, 400 
6448, 400 
6449, 400 
6450, 400 
6451, 400 
6452, 400 
6453, 400 
6454, 400 
6455, 400 
6456, 400 
6457, 400 
6458, 400 
6459, 400 
6460, 400 
6461, 400 
6462, 400 
6463, 400 
6464, 400 
6465, 400 
6466, 400 
6467, 400 
6468, 400 
6469, 400 
6470, 400 
6471, 400 
6472, 400 
6473, 400 
6474, 400 
6475, 400 
6476, 400 
6477, 400 
6478, 400 
6479, 400 
6480, 400 
6481, 400 
6482, 400 
6483, 400 
6484, 400 
6485, 400 
6486, 400 
6487, 400 
6488, 400 
6489, 400 
6490, 400 
6491, 400 
6492, 400 
6493, 400 
6494, 400 
6495, 400 
6496, 400 
6497, 400 
6498, 400 
6499, 400 
6500, 400 
6501, 400 
6502, 400 
6503, 400 
6504, 400 
6505, 400 
6506, 400 
6507, 400 
6508, 400 
6509, 400 
6510, 400 
6511, 400 
6512, 400 
6513, 400 
6514, 400 
6515, 400 
6516, 400 
6517, 400 
6518, 400 
6519, 400 
6520, 400 
6521, 400 
6522, 400 
6523, 400 
6524, 400 
6525, 400 
6526, 400 
6527, 400 
6528, 400 
6529, 400 
6530, 400 
6531, 400 
6532, 400 
6533, 400 
6534, 400 
6535, 400 
6536, 400 
6537, 400 
6538, 400 
6539, 400 
6540, 400 
6541, 400 
6542, 400 
6543, 400 
6544, 400 
6545, 400 
6546, 400 
6547, 400 
6548, 400 
6549, 400 
6550, 400 
6551, 400 
6552, 400 
6553, 400 
6554, 400 
6555, 400 
6556, 400 
6557, 400 
6558, 400 
6559, 400 
6560, 400 
6561, 400 
6562, 400 
6563, 400 
6564, 400 
6565, 400 
6566, 400 
6567, 400 
6568, 400 
6569, 400 
6570, 400 
6571, 400 
6572, 400 
6573, 400 
6574, 400 
6575, 400 
6576, 400 
6577, 400 
6578, 400 
6579, 400 
6580, 400 
6581, 400 
6582, 400 
6583, 400 
6584, 400 
6585, 400 
6586, 400 
6587, 400 
6588, 400 
6589, 400 
6590, 400 
6591, 400 
6592, 400 
6593, 400 
6594, 400 
6595, 400 
6596, 400 
6597, 400 
6598, 400 
6599, 400 
6600, 400 
6601, 400 
6602, 400 
6603, 400 
6604, 400 
6605, 400 
6606, 400 
6607, 400 
6608, 400 
6609, 400 
6610, 400 
6611, 400 
6612, 400 
6613, 400 
6614, 400 
6615, 400 
6616, 400 
6617, 400 
6618, 400 
6619, 400 
6620, 400 
6621, 400 
6622, 400 
6623, 400 
6624, 400 
6625, 400 
6626, 400 
6627, 400 
6628, 400 
6629, 400 
6630, 400 
6631, 400 
6632, 400 
6633, 400 
6634, 400 
6635, 400 
6636, 400 
6637, 400 
6638, 400 
6639, 400 
6640, 400 
6641, 400 
6642, 400 
6643, 400 
6644, 400 
6645, 400 
6646, 400 
6647, 400 
6648, 400 
6649, 400 
6650, 400 
6651, 400 
6652, 400 
6653, 400 
6654, 400 
6655, 400 
6656, 400 
6657, 400 
6658, 400 
6659, 400 
6660, 400 
6661, 400 
6662, 400 
6663, 400 
6664, 400 
6665, 400 
6666, 400 
6667, 400 
6668, 400 
6669, 400 
6670, 400 
6671, 400 
6672, 400 
6673, 400 
6674, 400 
6675, 400 
6676, 400 
6677, 400 
6678, 400 
6679, 400 
6680, 400 
6681, 400 
6682, 400 
6683, 400 
6684, 400 
6685, 400 
6686, 400 
6687, 400 
6688, 400 
6689, 400 
6690, 400 
6691, 400 
6692, 400 
6693, 400 
6694, 400 
6695, 400 
6696, 400 
6697, 400 
6698, 400 
6699, 400 
6700, 400 
6701, 400 
6702, 400 
6703, 400 
6704, 400 
6705, 400 
6706, 400 
6707, 400 
6708, 400 
6709, 400 
6710, 400 
6711, 400 
6712, 400 
6713, 400 
6714, 400 
6715, 400 
6716, 400 
6717, 400 
6718, 400 
6719, 400 
6720, 400 
6721, 400 
6722, 400 
6723, 400 
6724, 400 
6725, 400 
6726, 400 
6727, 400 
6728, 400 
6729, 400 
6730, 400 
6731, 400 
6732, 400 
6733, 400 
6734, 400 
6735, 400 
6736, 400 
6737, 400 
6738, 400 
6739, 400 
6740, 400 
6741, 400 
6742, 400 
6743, 400 
6744, 400 
6745, 400 
6746, 400 
6747, 400 
6748, 400 
6749, 400 
6750, 400 
6751, 400 
6752, 400 
6753, 400 
6754, 400 
6755, 400 
6756, 400 
6757, 400 
6758, 400 
6759, 400 
6760, 400 
6761, 400 
6762, 400 
6763, 400 
6764, 400 
6765, 400 
6766, 400 
6767, 400 
6768, 400 
6769, 400 
6770, 400 
6771, 400 
6772, 400 
6773, 400 
6774, 400 
6775, 400 
6776, 400 
6777, 400 
6778, 400 
6779, 400 
6780, 400 
6781, 400 
6782, 400 
6783, 400 
6784, 400 
6785, 400 
6786, 400 
6787, 400 
6788, 400 
6789, 400 
6790, 400 
6791, 400 
6792, 400 
6793, 400 
6794, 400 
6795, 400 
6796, 400 
6797, 400 
6798, 400 
6799, 400 
6800, 400 
6801, 400 
6802, 400 
6803, 400 
6804, 400 
6805, 400 
6806, 400 
6807, 400 
6808, 400 
6809, 400 
6810, 400 
6811, 400 
6812, 400 
6813, 400 
6814, 400 
6815, 400 
6816, 400 
6817, 400 
6818, 400 
6819, 400 
6820, 400 
6821, 400 
6822, 400 
6823, 400 
6824, 400 
6825, 400 
6826, 400 
6827, 400 
6828, 400 
6829, 400 
6830, 400 
6831, 400 
6832, 400 
6833, 400 
6834, 400 
6835, 400 
6836, 400 
6837, 400 
6838, 400 
6839, 400 
6840, 400 
6841, 400 
6842, 400 
6843, 400 
6844, 400 
6845, 400 
6846, 400 
6847, 400 
6848, 400 
6849, 400 
6850, 400 
6851, 400 
6852, 400 
6853, 400 
6854, 400 
6855, 400 
6856, 400 
6857, 400 
6858, 400 
6859, 400 
6860, 400 
6861, 400 
6862, 400 
6863, 400 
6864, 400 
6865, 400 
6866, 400 
6867, 400 
6868, 400 
6869, 400 
6870, 400 
6871, 400 
6872, 400 
6873, 400 
6874, 400 
6875, 400 
6876, 400 
6877, 400 
6878, 400 
6879, 400 
6880, 400 
6881, 400 
6882, 400 
6883, 400 
6884, 400 
6885, 400 
6886, 400 
6887, 400 
6888, 400 
6889, 400 
6890, 400 
6891, 400 
6892, 400 
6893, 400 
6894, 400 
6895, 400 
6896, 400 
6897, 400 
6898, 400 
6899, 400 
6900, 400 
6901, 400 
6902, 400 
6903, 400 
6904, 400 
6905, 400 
6906, 400 
6907, 400 
6908, 400 
6909, 400 
6910, 400 
6911, 400 
6912, 400 
6913, 400 
6914, 400 
6915, 400 
6916, 400 
6917, 400 
6918, 400 
6919, 400 
6920, 400 
6921, 400 
6922, 400 
6923, 400 
6924, 400 
6925, 400 
6926, 400 
6927, 400 
6928, 400 
6929, 400 
6930, 400 
6931, 400 
6932, 400 
6933, 400 
6934, 400 
6935, 400 
6936, 400 
6937, 400 
6938, 400 
6939, 400 
6940, 400 
6941, 400 
6942, 400 
6943, 400 
6944, 400 
6945, 400 
6946, 400 
6947, 400 
6948, 400 
6949, 400 
6950, 400 
6951, 400 
6952, 400 
6953, 400 
6954, 400 
6955, 400 
6956, 400 
6957, 400 
6958, 400 
6959, 400 
6960, 400 
6961, 400 
6962, 400 
6963, 400 
6964, 400 
6965, 400 
6966, 400 
6967, 400 
6968, 400 
6969, 400 
6970, 400 
6971, 400 
6972, 400 
6973, 400 
6974, 400 
6975, 400 
6976, 400 
6977, 400 
6978, 400 
6979, 400 
6980, 400 
6981, 400 
6982, 400 
6983, 400 
6984, 400 
6985, 400 
6986, 400 
6987, 400 
6988, 400 
6989, 400 
6990, 400 
6991, 400 
6992, 400 
6993, 400 
6994, 400 
6995, 400 
6996, 400 
6997, 400 
6998, 400 
6999, 400 
7000, 400 
7001, 400 
7002, 400 
7003, 400 
7004, 400 
7005, 400 
7006, 400 
7007, 400 
7008, 400 
7009, 400 
7010, 400 
7011, 400 
7012, 400 
7013, 400 
7014, 400 
7015, 400 
7016, 400 
7017, 400 
7018, 400 
7019, 400 
7020, 400 
7021, 400 
7022, 400 
7023, 400 
7024, 400 
7025, 400 
7026, 400 
7027, 400 
7028, 400 
7029, 400 
7030, 400 
7031, 400 
7032, 400 
7033, 400 
7034, 400 
7035, 400 
7036, 400 
7037, 400 
7038, 400 
7039, 400 
7040, 400 
7041, 400 
7042, 400 
7043, 400 
7044, 400 
7045, 400 
7046, 400 
7047, 400 
7048, 400 
7049, 400 
7050, 400 
7051, 400 
7052, 400 
7053, 400 
7054, 400 
7055, 400 
7056, 400 
7057, 400 
7058, 400 
7059, 400 
7060, 400 
7061, 400 
7062, 400 
7063, 400 
7064, 400 
7065, 400 
7066, 400 
7067, 400 
7068, 400 
7069, 400 
7070, 400 
7071, 400 
7072, 400 
7073, 400 
7074, 400 
7075, 400 
7076, 400 
7077, 400 
7078, 400 
7079, 400 
7080, 400 
7081, 400 
7082, 400 
7083, 400 
7084, 400 
7085, 400 
7086, 400 
7087, 400 
7088, 400 
7089, 400 
7090, 400 
7091, 400 
7092, 400 
7093, 400 
7094, 400 
7095, 400 
7096, 400 
7097, 400 
7098, 400 
7099, 400 
7100, 400 
7101, 400 
7102, 400 
7103, 400 
7104, 400 
7105, 400 
7106, 400 
7107, 400 
7108, 400 
7109, 400 
7110, 400 
7111, 400 
7112, 400 
7113, 400 
7114, 400 
7115, 400 
7116, 400 
7117, 400 
7118, 400 
7119, 400 
7120, 400 
7121, 400 
7122, 400 
7123, 400 
7124, 400 
7125, 400 
7126, 400 
7127, 400 
7128, 400 
7129, 400 
7130, 400 
7131, 400 
7132, 400 
7133, 400 
7134, 400 
7135, 400 
7136, 400 
7137, 400 
7138, 400 
7139, 400 
7140, 400 
7141, 400 
7142, 400 
7143, 400 
7144, 400 
7145, 400 
7146, 400 
7147, 400 
7148, 400 
7149, 400 
7150, 400 
7151, 400 
7152, 400 
7153, 400 
7154, 400 
7155, 400 
7156, 400 
7157, 400 
7158, 400 
7159, 400 
7160, 400 
7161, 400 
7162, 400 
7163, 400 
7164, 400 
7165, 400 
7166, 400 
7167, 400 
7168, 400 
7169, 400 
7170, 400 
7171, 400 
7172, 400 
7173, 400 
7174, 400 
7175, 400 
7176, 400 
7177, 400 
7178, 400 
7179, 400 
7180, 400 
7181, 400 
7182, 400 
7183, 400 
7184, 400 
7185, 400 
7186, 400 
7187, 400 
7188, 400 
7189, 400 
7190, 400 
7191, 400 
7192, 400 
7193, 400 
7194, 400 
7195, 400 
7196, 400 
7197, 400 
7198, 400 
7199, 400 
7200, 400 
7201, 400 
7202, 400 
7203, 400 
7204, 400 
7205, 400 
7206, 400 
7207, 400 
7208, 400 
7209, 400 
7210, 400 
7211, 400 
7212, 400 
7213, 400 
7214, 400 
7215, 400 
7216, 400 
7217, 400 
7218, 400 
7219, 400 
7220, 400 
7221, 400 
7222, 400 
7223, 400 
7224, 400 
7225, 400 
7226, 400 
7227, 400 
7228, 400 
7229, 400 
7230, 400 
7231, 400 
7232, 400 
7233, 400 
7234, 400 
7235, 400 
7236, 400 
7237, 400 
7238, 400 
7239, 400 
7240, 400 
7241, 400 
7242, 400 
7243, 400 
7244, 400 
7245, 400 
7246, 400 
7247, 400 
7248, 400 
7249, 400 
7250, 400 
7251, 400 
7252, 400 
7253, 400 
7254, 400 
7255, 400 
7256, 400 
7257, 400 
7258, 400 
7259, 400 
7260, 400 
7261, 400 
7262, 400 
7263, 400 
7264, 400 
7265, 400 
7266, 400 
7267, 400 
7268, 400 
7269, 400 
7270, 400 
7271, 400 
7272, 400 
7273, 400 
7274, 400 
7275, 400 
7276, 400 
7277, 400 
7278, 400 
7279, 400 
7280, 400 
7281, 400 
7282, 400 
7283, 400 
7284, 400 
7285, 400 
7286, 400 
7287, 400 
7288, 400 
7289, 400 
7290, 400 
7291, 400 
7292, 400 
7293, 400 
7294, 400 
7295, 400 
7296, 400 
7297, 400 
7298, 400 
7299, 400 
7300, 400 
7301, 400 
7302, 400 
7303, 400 
7304, 400 
7305, 400 
7306, 400 
7307, 400 
7308, 400 
7309, 400 
7310, 400 
7311, 400 
7312, 400 
7313, 400 
7314, 400 
7315, 400 
7316, 400 
7317, 400 
7318, 400 
7319, 400 
7320, 400 
7321, 400 
7322, 400 
7323, 400 
7324, 400 
7325, 400 
7326, 400 
7327, 400 
7328, 400 
7329, 400 
7330, 400 
7331, 400 
7332, 400 
7333, 400 
7334, 400 
7335, 400 
7336, 400 
7337, 400 
7338, 400 
7339, 400 
7340, 400 
7341, 400 
7342, 400 
7343, 400 
7344, 400 
7345, 400 
7346, 400 
7347, 400 
7348, 400 
7349, 400 
7350, 400 
7351, 400 
7352, 400 
7353, 400 
7354, 400 
7355, 400 
7356, 400 
7357, 400 
7358, 400 
7359, 400 
7360, 400 
7361, 400 
7362, 400 
7363, 400 
7364, 400 
7365, 400 
7366, 400 
7367, 400 
7368, 400 
7369, 400 
7370, 400 
7371, 400 
7372, 400 
7373, 400 
7374, 400 
7375, 400 
7376, 400 
7377, 400 
7378, 400 
7379, 400 
7380, 400 
7381, 400 
7382, 400 
7383, 400 
7384, 400 
7385, 400 
7386, 400 
7387, 400 
7388, 400 
7389, 400 
7390, 400 
7391, 400 
7392, 400 
7393, 400 
7394, 400 
7395, 400 
7396, 400 
7397, 400 
7398, 400 
7399, 400 
7400, 400 
7401, 400 
7402, 400 
7403, 400 
7404, 400 
7405, 400 
7406, 400 
7407, 400 
7408, 400 
7409, 400 
7410, 400 
7411, 400 
7412, 400 
7413, 400 
7414, 400 
7415, 400 
7416, 400 
7417, 400 
7418, 400 
7419, 400 
7420, 400 
7421, 400 
7422, 400 
7423, 400 
7424, 400 
7425, 400 
7426, 400 
7427, 400 
7428, 400 
7429, 400 
7430, 400 
7431, 400 
7432, 400 
7433, 400 
7434, 400 
7435, 400 
7436, 400 
7437, 400 
7438, 400 
7439, 400 
7440, 400 
7441, 400 
7442, 400 
7443, 400 
7444, 400 
7445, 400 
7446, 400 
7447, 400 
7448, 400 
7449, 400 
7450, 400 
7451, 400 
7452, 400 
7453, 400 
7454, 400 
7455, 400 
7456, 400 
7457, 400 
7458, 400 
7459, 400 
7460, 400 
7461, 400 
7462, 400 
7463, 400 
7464, 400 
7465, 400 
7466, 400 
7467, 400 
7468, 400 
7469, 400 
7470, 400 
7471, 400 
7472, 400 
7473, 400 
7474, 400 
7475, 400 
7476, 400 
7477, 400 
7478, 400 
7479, 400 
7480, 400 
7481, 400 
7482, 400 
7483, 400 
7484, 400 
7485, 400 
7486, 400 
7487, 400 
7488, 400 
7489, 400 
7490, 400 
7491, 400 
7492, 400 
7493, 400 
7494, 400 
7495, 400 
7496, 400 
7497, 400 
7498, 400 
7499, 400 
7500, 400 
7501, 400 
7502, 400 
7503, 400 
7504, 400 
7505, 400 
7506, 400 
7507, 400 
7508, 400 
7509, 400 
7510, 400 
7511, 400 
7512, 400 
7513, 400 
7514, 400 
7515, 400 
7516, 400 
7517, 400 
7518, 400 
7519, 400 
7520, 400 
7521, 400 
7522, 400 
7523, 400 
7524, 400 
7525, 400 
7526, 400 
7527, 400 
7528, 400 
7529, 400 
7530, 400 
7531, 400 
7532, 400 
7533, 400 
7534, 400 
7535, 400 
7536, 400 
7537, 400 
7538, 400 
7539, 400 
7540, 400 
7541, 400 
7542, 400 
7543, 400 
7544, 400 
7545, 400 
7546, 400 
7547, 400 
7548, 400 
7549, 400 
7550, 400 
7551, 400 
7552, 400 
7553, 400 
7554, 400 
7555, 400 
7556, 400 
7557, 400 
7558, 400 
7559, 400 
7560, 400 
7561, 400 
7562, 400 
7563, 400 
7564, 400 
7565, 400 
7566, 400 
7567, 400 
7568, 400 
7569, 400 
7570, 400 
7571, 400 
7572, 400 
7573, 400 
7574, 400 
7575, 400 
7576, 400 
7577, 400 
7578, 400 
7579, 400 
7580, 400 
7581, 400 
7582, 400 
7583, 400 
7584, 400 
7585, 400 
7586, 400 
7587, 400 
7588, 400 
7589, 400 
7590, 400 
7591, 400 
7592, 400 
7593, 400 
7594, 400 
7595, 400 
7596, 400 
7597, 400 
7598, 400 
7599, 400 
7600, 400 
7601, 400 
7602, 400 
7603, 400 
7604, 400 
7605, 400 
7606, 400 
7607, 400 
7608, 400 
7609, 400 
7610, 400 
7611, 400 
7612, 400 
7613, 400 
7614, 400 
7615, 400 
7616, 400 
7617, 400 
7618, 400 
7619, 400 
7620, 400 
7621, 400 
7622, 400 
7623, 400 
7624, 400 
7625, 400 
7626, 400 
7627, 400 
7628, 400 
7629, 400 
7630, 400 
7631, 400 
7632, 400 
7633, 400 
7634, 400 
7635, 400 
7636, 400 
7637, 400 
7638, 400 
7639, 400 
7640, 400 
7641, 400 
7642, 400 
7643, 400 
7644, 400 
7645, 400 
7646, 400 
7647, 400 
7648, 400 
7649, 400 
7650, 400 
7651, 400 
7652, 400 
7653, 400 
7654, 400 
7655, 400 
7656, 400 
7657, 400 
7658, 400 
7659, 400 
7660, 400 
7661, 400 
7662, 400 
7663, 400 
7664, 400 
7665, 400 
7666, 400 
7667, 400 
7668, 400 
7669, 400 
7670, 400 
7671, 400 
7672, 400 
7673, 400 
7674, 400 
7675, 400 
7676, 400 
7677, 400 
7678, 400 
7679, 400 
7680, 400 
7681, 400 
7682, 400 
7683, 400 
7684, 400 
7685, 400 
7686, 400 
7687, 400 
7688, 400 
7689, 400 
7690, 400 
7691, 400 
7692, 400 
7693, 400 
7694, 400 
7695, 400 
7696, 400 
7697, 400 
7698, 400 
7699, 400 
7700, 400 
7701, 400 
7702, 400 
7703, 400 
7704, 400 
7705, 400 
7706, 400 
7707, 400 
7708, 400 
7709, 400 
7710, 400 
7711, 400 
7712, 400 
7713, 400 
7714, 400 
7715, 400 
7716, 400 
7717, 400 
7718, 400 
7719, 400 
7720, 400 
7721, 400 
7722, 400 
7723, 400 
7724, 400 
7725, 400 
7726, 400 
7727, 400 
7728, 400 
7729, 400 
7730, 400 
7731, 400 
7732, 400 
7733, 400 
7734, 400 
7735, 400 
7736, 400 
7737, 400 
7738, 400 
7739, 400 
7740, 400 
7741, 400 
7742, 400 
7743, 400 
7744, 400 
7745, 400 
7746, 400 
7747, 400 
7748, 400 
7749, 400 
7750, 400 
7751, 400 
7752, 400 
7753, 400 
7754, 400 
7755, 400 
7756, 400 
7757, 400 
7758, 400 
7759, 400 
7760, 400 
7761, 400 
7762, 400 
7763, 400 
7764, 400 
7765, 400 
7766, 400 
7767, 400 
7768, 400 
7769, 400 
7770, 400 
7771, 400 
7772, 400 
7773, 400 
7774, 400 
7775, 400 
7776, 400 
7777, 400 
7778, 400 
7779, 400 
7780, 400 
7781, 400 
7782, 400 
7783, 400 
7784, 400 
7785, 400 
7786, 400 
7787, 400 
7788, 400 
7789, 400 
7790, 400 
7791, 400 
7792, 400 
7793, 400 
7794, 400 
7795, 400 
7796, 400 
7797, 400 
7798, 400 
7799, 400 
7800, 400 
7801, 400 
7802, 400 
7803, 400 
7804, 400 
7805, 400 
7806, 400 
7807, 400 
7808, 400 
7809, 400 
7810, 400 
7811, 400 
7812, 400 
7813, 400 
7814, 400 
7815, 400 
7816, 400 
7817, 400 
7818, 400 
7819, 400 
7820, 400 
7821, 400 
7822, 400 
7823, 400 
7824, 400 
7825, 400 
7826, 400 
7827, 400 
7828, 400 
7829, 400 
7830, 400 
7831, 400 
7832, 400 
7833, 400 
7834, 400 
7835, 400 
7836, 400 
7837, 400 
7838, 400 
7839, 400 
7840, 400 
7841, 400 
7842, 400 
7843, 400 
7844, 400 
7845, 400 
7846, 400 
7847, 400 
7848, 400 
7849, 400 
7850, 400 
7851, 400 
7852, 400 
7853, 400 
7854, 400 
7855, 400 
7856, 400 
7857, 400 
7858, 400 
7859, 400 
7860, 400 
7861, 400 
7862, 400 
7863, 400 
7864, 400 
7865, 400 
7866, 400 
7867, 400 
7868, 400 
7869, 400 
7870, 400 
7871, 400 
7872, 400 
7873, 400 
7874, 400 
7875, 400 
7876, 400 
7877, 400 
7878, 400 
7879, 400 
7880, 400 
7881, 400 
7882, 400 
7883, 400 
7884, 400 
7885, 400 
7886, 400 
7887, 400 
7888, 400 
7889, 400 
7890, 400 
7891, 400 
7892, 400 
7893, 400 
7894, 400 
7895, 400 
7896, 400 
7897, 400 
7898, 400 
7899, 400 
7900, 400 
7901, 400 
7902, 400 
7903, 400 
7904, 400 
7905, 400 
7906, 400 
7907, 400 
7908, 400 
7909, 400 
7910, 400 
7911, 400 
7912, 400 
7913, 400 
7914, 400 
7915, 400 
7916, 400 
7917, 400 
7918, 400 
7919, 400 
7920, 400 
7921, 400 
7922, 400 
7923, 400 
7924, 400 
7925, 400 
7926, 400 
7927, 400 
7928, 400 
7929, 400 
7930, 400 
7931, 400 
7932, 400 
7933, 400 
7934, 400 
7935, 400 
7936, 400 
7937, 400 
7938, 400 
7939, 400 
7940, 400 
7941, 400 
7942, 400 
7943, 400 
7944, 400 
7945, 400 
7946, 118.615 
7947, 281.385 
7948, 334.404 
7949, 65.5959 
7950, 13.889 
7951, 386.111 
7952, 384.523 
7953, 15.4767 
7954, 117.303 
7955, 282.697 
7956, 217.089 
7957, 182.911 
7958, 238.288 
7959, 161.712 
7960, 105.541 
7961, 294.459 
7962, 327.385 
7963, 72.6154 
7964, 314.687 
7965, 85.3129 
7966, 378.759 
7967, 21.2412 
7968, 118.584 
7969, 281.416 
7970, 66.2155 
7971, 333.784 
7972, 180.088 
7973, 219.912 
7974, 232.391 
7975, 167.609 
7976, 273.574 
7977, 126.426 
7978, 39.6336 
7979, 360.366 
7980, 206.792 
7981, 193.208 
7982, 220.413 
7983, 179.587 
7984, 284.277 
7985, 115.723 
7986, 102.692 
7987, 297.308 
7988, 324.424 
7989, 75.5762 
7990, 39.7112 
7991, 360.289 
7992, 289.19 
7993, 110.81 
7994, 93.5091 
7995, 306.491 
7996, 166.409 
7997, 233.591 
7998, 380.145 
7999, 19.8547 
8000, 89.5567 
8001, 310.443 
8002, 340.981 
8003, 59.0185 
8004, 396.839 
8005, 3.16134 
8006, 302.788 
8007, 97.2121 
8008, 234.404 
8009, 165.596 
8010, 388.261 
8011, 11.7387 
8012, 349.319 
8013, 50.6815 
8014, 22.9436 
8015, 377.056 
8016, 182.012 
8017, 217.988 
8018, 80.9736 
8019, 319.026 
8020, 81.9062 
8021, 318.094 
8022, 301.669 
8023, 98.331 
8024, 145.911 
8025, 254.089 
8026, 248.822 
8027, 151.178 
8028, 253.992 
8029, 146.008 
8030, 142.247 
8031, 257.753 
8032, 58.0842 
8033, 341.916 
8034, 224.644 
8035, 175.356 
8036, 88.6207 
8037, 311.379 
8038, 81.2525 
8039, 318.748 
8040, 259.275 
8041, 140.725 
8042, 247.851 
8043, 152.149 
8044, 181.057 
8045, 218.943 
8046, 292.499 
8047, 107.501 
8048, 303.433 
8049, 96.5667 
8050, 154.476 
8051, 245.524 
8052, 241.58 
8053, 158.42 
8054, 201.386 
8055, 198.614 
8056, 48.8141 
8057, 351.186 
8058, 339.137 
8059, 60.863 
8060, 59.2372 
8061, 340.763 
8062, 293.401 
8063, 106.599 
8064, 325.448 
8065, 74.5521 
8066, 3.84713 
8067, 396.153 
8068, 79.9674 
8069, 320.033 
8070, 358.93 
8071, 41.0698 
8072, 148.042 
8073, 251.958 
8074, 24.5903 
8075, 375.41 
8076, 56.2946 
8077, 343.705 
8078, 50.3839 
8079, 349.616 
8080, 325.23 
8081, 74.7704 
8082, 365.818 
8083, 34.1823 
8084, 351.948 
8085, 48.0521 
8086, 117.567 
8087, 282.433 
8088, 119.26 
8089, 280.74 
8090, 372.391 
8091, 27.6086 
8092, 134.284 
8093, 265.716 
8094, 339.847 
8095, 60.1528 
8096, 38.1412 
8097, 361.859 
8098, 91.3234 
8099, 308.677 
8100, 43.8989 
8101, 356.101 
8102, 82.9371 
8103, 317.063 
8104, 87.4926 
8105, 312.507 
8106, 255.498 
8107, 144.502 
8108, 69.1519 
8109, 330.848 
8110, 153.776 
8111, 246.224 
8112, 112.403 
8113, 287.597 
8114, 171.836 
8115, 228.164 
8116, 26.7398 
8117, 373.26 
8118, 149.067 
8119, 250.933 
8120, 399.521 
8121, 0.479228 
8122, 289.924 
8123, 110.076 
8124, 104.581 
8125, 295.419 
8126, 124.762 
8127, 275.238 
8128, 105.437 
8129, 294.563 
8130, 62.9661 
8131, 337.034 
8132, 254.486 
8133, 145.514 
8134, 207.604 
8135, 192.396 
8136, 180.817 
8137, 219.183 
8138, 146.438 
8139, 253.562 
8140, 15.5082 
8141, 384.492 
8142, 356.278 
8143, 43.7215 
8144, 313.593 
8145, 86.4074 
8146, 101.658 
8147, 298.342 
8148, 105.394 
8149, 294.606 
8150, 214.84 
8151, 185.16 
8152, 190.023 
8153, 209.977 
8154, 287.28 
8155, 112.72 
8156, 320.657 
8157, 79.3432 
8158, 199.14 
8159, 200.86 
8160, 271.721 
8161, 128.279 
8162, 260.605 
8163, 139.395 
8164, 51.3501 
8165, 348.65 
8166, 230.673 
8167, 169.327 
8168, 316.408 
8169, 83.592 
8170, 211.989 
8171, 188.011 
8172, 291.479 
8173, 108.521 
8174, 139.929 
8175, 260.071 
8176, 395.931 
8177, 4.06883 
8178, 116.687 
8179, 283.313 
8180, 198.712 
8181, 201.288 
8182, 396.076 
8183, 3.92362 
8184, 210.994 
8185, 189.006 
8186, 345.289 
8187, 54.7111 
8188, 348.016 
8189, 51.9839 
8190, 91.3232 
8191, 308.677 
8192, 200.479 
8193, 199.521 
8194, 47.1686 
8195, 352.831 
8196, 32.307 
8197, 367.693 
8198, 202.113 
8199, 197.887 
8200, 356.285 
8201, 43.7151 
8202, 148.818 
8203, 251.182 
8204, 278.748 
8205, 121.252 
8206, 344.899 
8207, 55.101 
8208, 80.5886 
8209, 319.411 
8210, 114.676 
8211, 285.324 
8212, 126.857 
8213, 273.143 
8214, 97.9074 
8215, 302.093 
8216, 12.3251 
8217, 387.675 
8218, 236.674 
8219, 163.326 
8220, 334.281 
8221, 65.7192 
8222, 243.016 
8223, 156.984 
8224, 316.319 
8225, 83.6806 
8226, 25.6629 
8227, 374.337 
8228, 257.613 
8229, 142.387 
8230, 386.459 
8231, 13.5408 
8232, 346.555 
8233, 53.4454 
8234, 169.958 
8235, 230.042 
8236, 123.723 
8237, 276.277 
8238, 132.198 
8239, 267.802 
8240, 63.3469 
8241, 336.653 
8242, 112.226 
8243, 287.774 
8244, 39.5484 
8245, 360.452 
8246, 180.478 
8247, 219.522 
8248, 36.0241 
8249, 363.976 
8250, 70.2863 
8251, 329.714 
8252, 226.573 
8253, 173.427 
8254, 393.287 
8255, 6.71335 
8256, 100.192 
8257, 299.808 
8258, 102.382 
8259, 297.618 
8260, 383.15 
8261, 16.8496 
8262, 211.603 
8263, 188.397 
8264, 294.233 
8265, 105.767 
8266, 10.4893 
8267, 389.511 
8268, 50.9437 
8269, 349.056 
8270, 359.855 
8271, 40.1453 
8272, 173.05 
8273, 226.95 
8274, 39.5812 
8275, 360.419 
8276, 22.1973 
8277, 377.803 
8278, 151.072 
8279, 248.928 
8280, 18.4322 
8281, 381.568 
8282, 208.537 
8283, 191.463 
8284, 373.619 
8285, 26.3811 
8286, 299.027 
8287, 100.973 
8288, 106.008 
8289, 293.992 
8290, 353.121 
8291, 46.8789 
8292, 251.275 
8293, 148.725 
8294, 127.849 
8295, 272.151 
8296, 249.082 
8297, 150.918 
8298, 22.5435 
8299, 377.456 
8300, 218.778 
8301, 181.222 
8302, 331.806 
8303, 68.1944 
8304, 392.843 
8305, 7.1572 
8306, 315.349 
8307, 84.651 
8308, 215.976 
8309, 184.024 
8310, 297.047 
8311, 102.953 
8312, 76.6585 
8313, 323.341 
8314, 303.256 
8315, 96.744 
8316, 326.508 
8317, 73.4925 
8318, 257.482 
8319, 142.518 
8320, 198.648 
8321, 201.352 
8322, 147.9 
8323, 252.1 
8324, 86.1285 
8325, 313.871 
8326, 122.651 
8327, 277.349 
8328, 353.791 
8329, 46.2089 
8330, 51.2147 
8331, 348.785 
8332, 305.073 
8333, 94.927 
8334, 1.27691 
8335, 398.723 
8336, 0.735688 
8337, 399.264 
8338, 228.895 
8339, 171.105 
8340, 271.019 
8341, 128.981 
8342, 136.688 
8343, 263.312 
8344, 134.461 
8345, 265.539 
8346, 283.793 
8347, 116.207 
8348, 339.805 
8349, 60.1953 
8350, 223.972 
8351, 176.028 
8352, 185.845 
8353, 214.155 
8354, 100.656 
8355, 299.344 
8356, 19.0544 
8357, 380.946 
8358, 20.0196 
8359, 379.98 
8360, 317.368 
8361, 82.6322 
8362, 287.907 
8363, 112.093 
8364, 90.8104 
8365, 309.19 
8366, 211.757 
8367, 188.243 
8368, 269.555 
8369, 130.445 
8370, 79.3028 
8371, 320.697 
8372, 65.2293 
8373, 334.771 
8374, 364.562 
8375, 35.4379 
8376, 96.4955 
8377, 303.504 
8378, 99.7357 
8379, 300.264 
8380, 108.636 
8381, 291.364 
8382, 120.927 
8383, 279.073 
8384, 360.604 
8385, 39.3957 
8386, 170.782 
8387, 229.218 
8388, 183.108 
8389, 216.892 
8390, 72.0015 
8391, 327.998 
8392, 197.197 
8393, 202.803 
8394, 42.5598 
8395, 357.44 
8396, 144.7 
8397, 255.3 
8398, 352.909 
8399, 47.091 
8400, 291.245 
8401, 108.755 
8402, 257.788 
8403, 142.212 
8404, 70.1992 
8405, 329.801 
8406, 40.3975 
8407, 359.603 
8408, 25.6796 
8409, 374.32 
8410, 69.8117 
8411, 330.188 
8412, 309.633 
8413, 90.3673 
8414, 368.515 
8415, 31.4847 
8416, 387.124 
8417, 12.876 
8418, 376.082 
8419, 23.9184 
8420, 207.258 
8421, 192.742 
8422, 46.1597 
8423, 353.84 
8424, 316.874 
8425, 83.1259 
8426, 36.5307 
8427, 363.469 
8428, 318.054 
8429, 81.9458 
8430, 112.127 
8431, 287.873 
8432, 118.336 
8433, 281.664 
8434, 122.602 
8435, 277.398 
8436, 208.113 
8437, 191.887 
8438, 54.369 
8439, 345.631 
8440, 353.773 
8441, 46.2272 
8442, 364.485 
8443, 35.5149 
8444, 74.3283 
8445, 325.672 
8446, 368.978 
8447, 31.0217 
8448, 207.817 
8449, 192.183 
8450, 270.185 
8451, 129.815 
8452, 130.36 
8453, 269.64 
8454, 388.511 
8455, 11.489 
8456, 178.447 
8457, 221.553 
8458, 55.9878 
8459, 344.012 
8460, 261.068 
8461, 138.932 
8462, 348.743 
8463, 51.2567 
8464, 308.316 
8465, 91.6837 
8466, 136.514 
8467, 263.486 
8468, 350.791 
8469, 49.2091 
8470, 149.423 
8471, 250.577 
8472, 284.483 
8473, 115.517 
8474, 242.714 
8475, 157.286 
8476, 91.831 
8477, 308.169 
8478, 75.4874 
8479, 324.513 
8480, 118.006 
8481, 281.994 
8482, 136.415 
8483, 263.585 
8484, 115.964 
8485, 284.036 
8486, 342.141 
8487, 57.8585 
8488, 342.581 
8489, 57.419 
8490, 129.249 
8491, 270.751 
8492, 297.841 
8493, 102.159 
8494, 132.06 
8495, 267.94 
8496, 29.5183 
8497, 370.482 
8498, 389.545 
8499, 10.4549 
8500, 226.153 
8501, 173.847 
8502, 143.836 
8503, 256.164 
8504, 351.321 
8505, 48.6795 
8506, 347.85 
8507, 52.1495 
8508, 211.225 
8509, 188.775 
8510, 351.32 
8511, 48.6803 
8512, 115.573 
8513, 284.427 
8514, 97.8684 
8515, 302.132 
8516, 333.334 
8517, 66.6656 
8518, 290.645 
8519, 109.355 
8520, 88.693 
8521, 311.307 
8522, 315.528 
8523, 84.472 
8524, 228.194 
8525, 171.806 
8526, 79.6748 
8527, 320.325 
8528, 103.055 
8529, 296.945 
8530, 362.335 
8531, 37.6654 
8532, 339.445 
8533, 60.5554 
8534, 184.113 
8535, 215.887 
8536, 388.365 
8537, 11.6345 
8538, 69.4944 
8539, 330.506 
8540, 101.214 
8541, 298.786 
8542, 343.19 
8543, 56.8105 
8544, 244.111 
8545, 155.889 
8546, 157.141 
8547, 242.859 
8548, 157.892 
8549, 242.108 
8550, 69.841 
8551, 330.159 
8552, 10.9314 
8553, 389.069 
8554, 173.078 
8555, 226.922 
8556, 258.015 
8557, 141.985 
8558, 184.404 
8559, 215.596 
8560, 332.68 
8561, 67.3203 
8562, 388.957 
8563, 11.0434 
8564, 94.6968 
8565, 305.303 
8566, 325.845 
8567, 74.1549 
8568, 136.211 
8569, 263.789 
8570, 1.02588 
8571, 398.974 
8572, 267.206 
8573, 132.794 
8574, 244.623 
8575, 155.377 
8576, 308.157 
8577, 91.8429 
8578, 205.306 
8579, 194.694 
8580, 115.985 
8581, 284.015 
8582, 182.627 
8583, 217.373 
8584, 340.632 
8585, 59.3678 
8586, 2.72537 
8587, 397.275 
8588, 232.912 
8589, 167.088 
8590, 300.778 
8591, 99.2225 
8592, 153.783 
8593, 246.217 
8594, 133.688 
8595, 266.312 
8596, 295.565 
8597, 104.435 
8598, 222.855 
8599, 177.145 
8600, 196.246 
8601, 203.754 
8602, 122.353 
8603, 277.647 
8604, 216.786 
8605, 183.214 
8606, 117.157 
8607, 282.843 
8608, 113.825 
8609, 286.175 
8610, 138.615 
8611, 261.385 
8612, 293.45 
8613, 106.55 
8614, 74.7105 
8615, 325.289 
8616, 339.4 
8617, 60.6003 
8618, 359.707 
8619, 40.2929 
8620, 138.535 
8621, 261.465 
8622, 157.579 
8623, 242.421 
8624, 334.611 
8625, 65.3888 
8626, 250.688 
8627, 149.312 
8628, 134.2 
8629, 265.8 
8630, 226.524 
8631, 173.476 
8632, 360.026 
8633, 39.9741 
8634, 269.666 
8635, 130.334 
8636, 35.5365 
8637, 364.463 
8638, 398.323 
8639, 1.67717 
8640, 31.3379 
8641, 368.662 
8642, 218.399 
8643, 181.601 
8644, 387.334 
8645, 12.6664 
8646, 325.984 
8647, 74.0164 
8648, 262.557 
8649, 137.443 
8650, 106.582 
8651, 293.418 
8652, 311.405 
8653, 88.5954 
8654, 302.792 
8655, 97.2084 
8656, 355.017 
8657, 44.9829 
8658, 226.502 
8659, 173.498 
8660, 104.305 
8661, 295.695 
8662, 291.329 
8663, 108.671 
8664, 23.1661 
8665, 376.834 
8666, 36.6159 
8667, 363.384 
8668, 2.91031 
8669, 397.09 
8670, 382.145 
8671, 17.8552 
8672, 136.592 
8673, 263.408 
8674, 37.108 
8675, 362.892 
8676, 206.335 
8677, 193.665 
8678, 79.7899 
8679, 320.21 
8680, 60.5874 
8681, 339.413 
8682, 356.139 
8683, 43.8612 
8684, 378.766 
8685, 21.2336 
8686, 375.019 
8687, 24.9808 
8688, 39.6522 
8689, 360.348 
8690, 76.6243 
8691, 323.376 
8692, 55.6089 
8693, 344.391 
8694, 66.6257 
8695, 333.374 
8696, 86.0736 
8697, 313.926 
8698, 223.256 
8699, 176.744 
8700, 98.5134 
8701, 301.487 
8702, 177.058 
8703, 222.942 
8704, 166.646 
8705, 233.354 
8706, 264.867 
8707, 135.133 
8708, 147.38 
8709, 252.62 
8710, 111.571 
8711, 288.429 
8712, 188.716 
8713, 211.284 
8714, 170.635 
8715, 229.365 
8716, 160.073 
8717, 239.927 
8718, 72.6244 
8719, 327.376 
8720, 93.9091 
8721, 306.091 
8722, 51.5912 
8723, 348.409 
8724, 251.963 
8725, 148.037 
8726, 360.576 
8727, 39.4244 
8728, 190.513 
8729, 209.487 
8730, 391.858 
8731, 8.14182 
8732, 269.336 
8733, 130.664 
8734, 80.0417 
8735, 319.958 
8736, 196.132 
8737, 203.868 
8738, 270.037 
8739, 129.963 
8740, 293.548 
8741, 106.452 
8742, 351.056 
8743, 48.9445 
8744, 109.652 
8745, 290.348 
8746, 232.441 
8747, 167.559 
8748, 195.584 
8749, 204.416 
8750, 31.681 
8751, 368.319 
8752, 29.9728 
8753, 370.027 
8754, 295.031 
8755, 104.969 
8756, 215.458 
8757, 184.542 
8758, 362.559 
8759, 37.4411 
8760, 70.7199 
8761, 329.28 
8762, 35.8912 
8763, 364.109 
8764, 397.239 
8765, 2.7609 
8766, 388.642 
8767, 11.3582 
8768, 367.029 
8769, 32.9712 
8770, 278.212 
8771, 121.788 
8772, 301.759 
8773, 98.2405 
8774, 246.18 
8775, 153.82 
8776, 63.2963 
8777, 336.704 
8778, 146.05 
8779, 253.95 
8780, 227.776 
8781, 172.224 
8782, 338.851 
8783, 61.1494 
8784, 348.839 
8785, 51.161 
8786, 352.617 
8787, 47.3828 
8788, 144.641 
8789, 255.359 
8790, 71.4284 
8791, 328.572 
8792, 39.8728 
8793, 360.127 
8794, 217.805 
8795, 182.195 
8796, 46.0727 
8797, 353.927 
8798, 43.32 
8799, 356.68 
8800, 25.6561 
8801, 374.344 
8802, 241.41 
8803, 158.59 
8804, 179.61 
8805, 220.39 
8806, 296.324 
8807, 103.676 
8808, 10.08 
8809, 389.92 
8810, 15.52 
8811, 384.48 
8812, 16.4692 
8813, 383.531 
8814, 220.275 
8815, 179.725 
8816, 96.3706 
8817, 303.629 
8818, 20.429 
8819, 379.571 
8820, 282.921 
8821, 117.079 
8822, 378.364 
8823, 21.6365 
8824, 355.944 
8825, 44.0565 
8826, 300.438 
8827, 99.5617 
8828, 353.512 
8829, 46.4877 
8830, 306.795 
8831, 93.2053 
8832, 126.065 
8833, 273.935 
8834, 135.971 
8835, 264.029 
8836, 224.331 
8837, 175.669 
8838, 376.994 
8839, 23.006 
8840, 304.305 
8841, 95.6953 
8842, 65.707 
8843, 334.293 
8844, 309.632 
8845, 90.3678 
8846, 117.069 
8847, 282.931 
8848, 81.7177 
8849, 318.282 
8850, 77.4391 
8851, 322.561 
8852, 77.1695 
8853, 322.83 
8854, 221.472 
8855, 178.528 
8856, 293.287 
8857, 106.713 
8858, 188.906 
8859, 211.094 
8860, 288.291 
8861, 111.709 
8862, 329.448 
8863, 70.552 
8864, 389.22 
8865, 10.7804 
8866, 115.761 
8867, 284.239 
8868, 304.77 
8869, 95.2302 
8870, 375.647 
8871, 24.3534 
8872, 217.592 
8873, 182.408 
8874, 75.553 
8875, 324.447 
8876, 285.103 
8877, 114.897 
8878, 372.547 
8879, 27.4531 
8880, 195.538 
8881, 204.462 
8882, 304.75 
8883, 95.2503 
8884, 342.918 
8885, 57.0822 
8886, 98.9929 
8887, 301.007 
8888, 178.158 
8889, 221.842 
8890, 223.069 
8891, 176.931 
8892, 359.893 
8893, 40.1068 
8894, 106.19 
8895, 293.81 
8896, 267.193 
8897, 132.807 
8898, 372.201 
8899, 27.7991 
8900, 280.916 
8901, 119.084 
8902, 372.967 
8903, 27.0332 
8904, 67.2383 
8905, 332.762 
8906, 68.2779 
8907, 331.722 
8908, 236.667 
8909, 163.333 
8910, 209.35 
8911, 190.65 
8912, 124.331 
8913, 275.669 
8914, 91.986 
8915, 308.014 
8916, 378.7 
8917, 21.2996 
8918, 234.213 
8919, 165.787 
8920, 10.2784 
8921, 389.722 
8922, 44.9289 
8923, 355.071 
8924, 51.5369 
8925, 348.463 
8926, 340.849 
8927, 59.1508 
8928, 93.4502 
8929, 306.55 
8930, 47.4713 
8931, 352.529 
8932, 259.261 
8933, 140.739 
8934, 213.666 
8935, 186.334 
8936, 39.794 
8937, 360.206 
8938, 364.906 
8939, 35.0942 
8940, 189.096 
8941, 210.904 
8942, 51.7772 
8943, 348.223 
8944, 270.025 
8945, 129.975 
8946, 327.109 
8947, 72.8908 
8948, 211.326 
8949, 188.674 
8950, 194.604 
8951, 205.396 
8952, 351.155 
8953, 48.8448 
8954, 124.842 
8955, 275.158 
8956, 394.746 
8957, 5.25436 
8958, 362.692 
8959, 37.3085 
8960, 223.849 
8961, 176.151 
8962, 53.0626 
8963, 346.937 
8964, 13.4976 
8965, 386.502 
8966, 282.774 
8967, 117.226 
8968, 357.571 
8969, 42.4288 
8970, 306.619 
8971, 93.3808 
8972, 18.4183 
8973, 381.582 
8974, 20.7691 
8975, 379.231 
8976, 186.296 
8977, 213.704 
8978, 187.398 
8979, 212.602 
8980, 342.878 
8981, 57.1218 
8982, 241.312 
8983, 158.688 
8984, 372.505 
8985, 27.4945 
8986, 287.051 
8987, 112.949 
8988, 274.653 
8989, 125.347 
8990, 67.4255 
8991, 332.574 
8992, 135.276 
8993, 264.724 
8994, 42.1994 
8995, 357.801 
8996, 141.592 
8997, 258.408 
8998, 152.571 
8999, 247.429 
9000, 245.772 
9001, 154.228 
9002, 122.058 
9003, 277.942 
9004, 349.933 
9005, 50.0666 
9006, 140.337 
9007, 259.663 
9008, 231.906 
9009, 168.094 
9010, 252.207 
9011, 147.793 
9012, 82.3469 
9013, 317.653 
9014, 196.403 
9015, 203.597 
9016, 37.2183 
9017, 362.782 
9018, 253.414 
9019, 146.586 
9020, 156.994 
9021, 243.006 
9022, 13.965 
9023, 386.035 
9024, 151.833 
9025, 248.167 
9026, 159.944 
9027, 240.056 
9028, 122.325 
9029, 277.675 
9030, 158.81 
9031, 241.19 
9032, 198.563 
9033, 201.437 
9034, 218.994 
9035, 181.006 
9036, 138.374 
9037, 261.626 
9038, 209.864 
9039, 190.136 
9040, 333.921 
9041, 66.0789 
9042, 186.859 
9043, 213.141 
9044, 125.185 
9045, 274.815 
9046, 102.094 
9047, 297.906 
9048, 271.646 
9049, 128.354 
9050, 138.342 
9051, 261.658 
9052, 205.869 
9053, 194.131 
9054, 185.554 
9055, 214.446 
9056, 217.237 
9057, 182.763 
9058, 248.877 
9059, 151.123 
9060, 305.51 
9061, 94.4899 
9062, 244.343 
9063, 155.657 
9064, 252.267 
9065, 147.733 
9066, 285.627 
9067, 114.373 
9068, 393.687 
9069, 6.31307 
9070, 397.415 
9071, 2.58539 
9072, 327.627 
9073, 72.3725 
9074, 235.172 
9075, 164.828 
9076, 65.9121 
9077, 334.088 
9078, 68.9048 
9079, 331.095 
9080, 27.0742 
9081, 372.926 
9082, 398.356 
9083, 1.6436 
9084, 119.967 
9085, 280.033 
9086, 131.128 
9087, 268.872 
9088, 48.0783 
9089, 351.922 
9090, 28.6783 
9091, 371.322 
9092, 319.902 
9093, 80.0978 
9094, 70.296 
9095, 329.704 
9096, 107.668 
9097, 292.332 
9098, 33.0537 
9099, 366.946 
9100, 38.4371 
9101, 361.563 
9102, 28.0753 
9103, 371.925 
9104, 15.7703 
9105, 384.23 
9106, 121.933 
9107, 278.067 
9108, 173.741 
9109, 226.259 
9110, 124.939 
9111, 275.061 
9112, 315.889 
9113, 84.1106 
9114, 100.395 
9115, 299.605 
9116, 239.871 
9117, 160.129 
9118, 5.27425 
9119, 394.726 
9120, 34.5749 
9121, 365.425 
9122, 26.0895 
9123, 373.911 
9124, 228.909 
9125, 171.091 
9126, 260.194 
9127, 139.806 
9128, 154.323 
9129, 245.677 
9130, 393.924 
9131, 6.07632 
9132, 369.403 
9133, 30.5966 
9134, 327.118 
9135, 72.8825 
9136, 329.61 
9137, 70.3896 
9138, 52.5363 
9139, 347.464 
9140, 22.8371 
9141, 377.163 
9142, 370.355 
9143, 29.6448 
9144, 328.018 
9145, 71.9822 
9146, 267.856 
9147, 132.144 
9148, 63.3142 
9149, 336.686 
9150, 349.505 
9151, 50.4949 
9152, 207.231 
9153, 192.769 
9154, 317.482 
9155, 82.5178 
9156, 378.864 
9157, 21.136 
9158, 277.681 
9159, 122.319 
9160, 85.6258 
9161, 314.374 
9162, 221.075 
9163, 178.925 
9164, 56.5593 
9165, 343.441 
9166, 248.353 
9167, 151.647 
9168, 209.43 
9169, 190.57 
9170, 62.1659 
9171, 337.834 
9172, 149.042 
9173, 250.958 
9174, 26.8236 
9175, 373.176 
9176, 40.8118 
9177, 359.188 
9178, 42.3382 
9179, 357.662 
9180, 317.771 
9181, 82.2293 
9182, 114.356 
9183, 285.644 
9184, 146.94 
9185, 253.06 
9186, 227.247 
9187, 172.753 
9188, 280.203 
9189, 119.797 
9190, 197.875 
9191, 202.125 
9192, 190.961 
9193, 209.039 
9194, 39.2058 
9195, 360.794 
9196, 13.9798 
9197, 386.02 
9198, 324.185 
9199, 75.8148 
9200, 67.4179 
9201, 332.582 
9202, 250.267 
9203, 149.733 
9204, 225.203 
9205, 174.797 
9206, 322.292 
9207, 77.7082 
9208, 85.8736 
9209, 314.126 
9210, 356.227 
9211, 43.7727 
9212, 228.411 
9213, 171.589 
9214, 57.3533 
9215, 342.647 
9216, 358.248 
9217, 41.7522 
9218, 233.813 
9219, 166.187 
9220, 370.567 
9221, 29.4327 
9222, 66.0824 
9223, 333.918 
9224, 91.9329 
9225, 308.067 
9226, 303.9 
9227, 96.0998 
9228, 147.463 
9229, 252.537 
9230, 99.2292 
9231, 300.771 
9232, 107.967 
9233, 292.033 
9234, 17.5939 
9235, 382.406 
9236, 0.0176108 
9237, 399.982 
9238, 80.4067 
9239, 319.593 
9240, 0.025063 
9241, 399.975 
9242, 311.919 
9243, 88.0812 
9244, 259.132 
9245, 140.868 
9246, 104.883 
9247, 295.117 
9248, 52.7463 
9249, 347.254 
9250, 31.5024 
9251, 368.498 
9252, 13.1637 
9253, 386.836 
9254, 259.062 
9255, 140.938 
9256, 29.0239 
9257, 370.976 
9258, 130.6 
9259, 269.4 
9260, 162.128 
9261, 237.872 
9262, 274.043 
9263, 125.957 
9264, 253.696 
9265, 146.304 
9266, 207.661 
9267, 192.339 
9268, 94.5452 
9269, 305.455 
9270, 18.1355 
9271, 381.865 
9272, 36.166 
9273, 363.834 
9274, 158.445 
9275, 241.555 
9276, 47.3002 
9277, 352.7 
9278, 296.022 
9279, 103.978 
9280, 384.016 
9281, 15.984 
9282, 376.538 
9283, 23.4623 
9284, 68.9914 
9285, 331.009 
9286, 376.784 
9287, 23.2161 
9288, 295.24 
9289, 104.76 
9290, 51.0759 
9291, 348.924 
9292, 358.609 
9293, 41.391 
9294, 291.18 
9295, 108.82 
9296, 174.863 
9297, 225.137 
9298, 219.278 
9299, 180.722 
9300, 52.7014 
9301, 347.299 
9302, 370.051 
9303, 29.9487 
9304, 391.931 
9305, 8.06906 
9306, 338.132 
9307, 61.8683 
9308, 98.0359 
9309, 301.964 
9310, 368.861 
9311, 31.1385 
9312, 320.09 
9313, 79.91 
9314, 111.668 
9315, 288.332 
9316, 143.55 
9317, 256.45 
9318, 130.395 
9319, 269.605 
9320, 85.8365 
9321, 314.163 
9322, 276.694 
9323, 123.306 
9324, 37.778 
9325, 362.222 
9326, 282.565 
9327, 117.435 
9328, 201.54 
9329, 198.46 
9330, 100.689 
9331, 299.311 
9332, 99.2808 
9333, 300.719 
9334, 223.176 
9335, 176.824 
9336, 45.5826 
9337, 354.417 
9338, 322.265 
9339, 77.7354 
9340, 46.4107 
9341, 353.589 
9342, 104.706 
9343, 295.294 
9344, 387.714 
9345, 12.2862 
9346, 331.437 
9347, 68.563 
9348, 368.473 
9349, 31.5268 
9350, 77.9046 
9351, 322.095 
9352, 197.015 
9353, 202.985 
9354, 90.8843 
9355, 309.116 
9356, 260.754 
9357, 139.246 
9358, 208.246 
9359, 191.754 
9360, 194.752 
9361, 205.248 
9362, 139.19 
9363, 260.81 
9364, 334.471 
9365, 65.5287 
9366, 363.267 
9367, 36.7326 
9368, 263.285 
9369, 136.715 
9370, 274.488 
9371, 125.512 
9372, 310.838 
9373, 89.1624 
9374, 383.941 
9375, 16.0587 
9376, 309.479 
9377, 90.5206 
9378, 394.831 
9379, 5.16851 
9380, 335.296 
9381, 64.7043 
9382, 341.703 
9383, 58.2972 
9384, 235.441 
9385, 164.559 
9386, 384.135 
9387, 15.865 
9388, 33.5885 
9389, 366.412 
9390, 341.835 
9391, 58.1646 
9392, 315.688 
9393, 84.3122 
9394, 271.699 
9395, 128.301 
9396, 92.0133 
9397, 307.987 
9398, 248.863 
9399, 151.137 
9400, 343.908 
9401, 56.092 
9402, 215.501 
9403, 184.499 
9404, 299.682 
9405, 100.318 
9406, 117.092 
9407, 282.908 
9408, 58.4035 
9409, 341.597 
9410, 202.464 
9411, 197.536 
9412, 6.74537 
9413, 393.255 
9414, 163.847 
9415, 236.153 
9416, 259.308 
9417, 140.692 
9418, 316.122 
9419, 83.8776 
9420, 361.91 
9421, 38.0905 
9422, 330.139 
9423, 69.8613 
9424, 290.591 
9425, 109.409 
9426, 23.5623 
9427, 376.438 
9428, 162.501 
9429, 237.499 
9430, 297.023 
9431, 102.977 
9432, 333.742 
9433, 66.2583 
9434, 393.163 
9435, 6.83697 
9436, 46.7371 
9437, 353.263 
9438, 155.862 
9439, 244.138 
9440, 94.5119 
9441, 305.488 
9442, 155.017 
9443, 244.983 
9444, 178.204 
9445, 221.796 
9446, 97.3668 
9447, 302.633 
9448, 23.5596 
9449, 376.44 
9450, 46.2502 
9451, 353.75 
9452, 73.3191 
9453, 326.681 
9454, 126.19 
9455, 273.81 
9456, 226.709 
9457, 173.291 
9458, 156.794 
9459, 243.206 
9460, 377.254 
9461, 22.7462 
9462, 24.268 
9463, 375.732 
9464, 57.9029 
9465, 342.097 
9466, 251.571 
9467, 148.429 
9468, 319.408 
9469, 80.5916 
9470, 270.337 
9471, 129.663 
9472, 254.742 
9473, 145.258 
9474, 161.966 
9475, 238.034 
9476, 384.919 
9477, 15.0809 
9478, 360.564 
9479, 39.4362 
9480, 169.096 
9481, 230.904 
9482, 394.9 
9483, 5.10044 
9484, 354.72 
9485, 45.2798 
9486, 266.296 
9487, 133.704 
9488, 130.755 
9489, 269.245 
9490, 49.2774 
9491, 350.723 
9492, 280.466 
9493, 119.534 
9494, 158.366 
9495, 241.634 
9496, 268.987 
9497, 131.013 
9498, 265.73 
9499, 134.27 
9500, 347.121 
9501, 52.8786 
9502, 203.962 
9503, 196.038 
9504, 384.074 
9505, 15.926 
9506, 268.681 
9507, 131.319 
9508, 101.814 
9509, 298.186 
9510, 148.868 
9511, 251.132 
9512, 323.02 
9513, 76.9798 
9514, 385.058 
9515, 14.9424 
9516, 378.297 
9517, 21.7029 
9518, 50.2244 
9519, 349.776 
9520, 52.0168 
9521, 347.983 
9522, 344.472 
9523, 55.5283 
9524, 358.286 
9525, 41.714 
9526, 317.495 
9527, 82.5051 
9528, 231.817 
9529, 168.183 
9530, 57.7944 
9531, 342.206 
9532, 14.2277 
9533, 385.772 
9534, 102.119 
9535, 297.881 
9536, 296.623 
9537, 103.377 
9538, 365.092 
9539, 34.9075 
9540, 380.276 
9541, 19.724 
9542, 17.1258 
9543, 382.874 
9544, 350.186 
9545, 49.8143 
9546, 264.42 
9547, 135.58 
9548, 156.48 
9549, 243.52 
9550, 218.542 
9551, 181.458 
9552, 324.867 
9553, 75.1329 
9554, 379.853 
9555, 20.1475 
9556, 102.652 
9557, 297.348 
9558, 369.921 
9559, 30.0794 
9560, 222.592 
9561, 177.408 
9562, 195.736 
9563, 204.264 
9564, 166.746 
9565, 233.254 
9566, 304.97 
9567, 95.0303 
9568, 338.887 
9569, 61.1135 
9570, 381.771 
9571, 18.229 
9572, 268.184 
9573, 131.816 
9574, 221.666 
9575, 178.334 
9576, 82.4185 
9577, 317.581 
9578, 174.346 
9579, 225.654 
9580, 355.294 
9581, 44.7058 
9582, 326.954 
9583, 73.0461 
9584, 362.912 
9585, 37.0884 
9586, 213.399 
9587, 186.601 
9588, 306.496 
9589, 93.5038 
9590, 318.995 
9591, 81.0052 
9592, 86.7558 
9593, 313.244 
9594, 124.745 
9595, 275.255 
9596, 216.98 
9597, 183.02 
9598, 344.738 
9599, 55.2624 
9600, 259.155 
9601, 140.845 
9602, 367.778 
9603, 32.2217 
9604, 220.128 
9605, 179.872 
9606, 100.065 
9607, 299.935 
9608, 1.16842 
9609, 398.832 
9610, 0.360649 
9611, 399.639 
9612, 359.219 
9613, 40.7807 
9614, 292.907 
9615, 107.093 
9616, 358.915 
9617, 41.085 
9618, 26.5222 
9619, 373.478 
9620, 50.3825 
9621, 349.617 
9622, 227.318 
9623, 172.682 
9624, 396.868 
9625, 3.13211 
9626, 346.633 
9627, 53.3672 
9628, 310.817 
9629, 89.1833 
9630, 205.409 
9631, 194.591 
9632, 314.581 
9633, 85.4191 
9634, 320.359 
9635, 79.6411 
9636, 16.4124 
9637, 383.588 
9638, 20.1995 
9639, 379.801 
9640, 17.3081 
9641, 382.692 
9642, 338.159 
9643, 61.8408 
9644, 263.966 
9645, 136.034 
9646, 77.7318 
9647, 322.268 
9648, 124.444 
9649, 275.556 
9650, 55.9908 
9651, 344.009 
9652, 181.638 
9653, 218.362 
9654, 380.722 
9655, 19.2783 
9656, 46.5018 
9657, 353.498 
9658, 296.675 
9659, 103.325 
9660, 279.103 
9661, 120.897 
9662, 301.447 
9663, 98.5526 
9664, 366.783 
9665, 33.2173 
9666, 305.571 
9667, 94.4293 
9668, 207.637 
9669, 192.363 
9670, 172.337 
9671, 227.663 
9672, 278.515 
9673, 121.485 
9674, 395.78 
9675, 4.22004 
9676, 225.972 
9677, 174.028 
9678, 368.146 
9679, 31.8536 
9680, 284.628 
9681, 115.372 
9682, 294.307 
9683, 105.693 
9684, 8.80274 
9685, 391.197 
9686, 52.6332 
9687, 347.367 
9688, 280.684 
9689, 119.316 
9690, 225.64 
9691, 174.36 
9692, 394.882 
9693, 5.11811 
9694, 195.77 
9695, 204.23 
9696, 375.354 
9697, 24.6459 
9698, 224.183 
9699, 175.817 
9700, 263.383 
9701, 136.617 
9702, 249.594 
9703, 150.406 
9704, 96.0537 
9705, 303.946 
9706, 45.0592 
9707, 354.941 
9708, 354.184 
9709, 45.8161 
9710, 1.00608 
9711, 398.994 
9712, 325.024 
9713, 74.9759 
9714, 335.281 
9715, 64.7187 
9716, 328.83 
9717, 71.1695 
9718, 218.982 
9719, 181.018 
9720, 200.815 
9721, 199.185 
9722, 278.676 
9723, 121.324 
9724, 359.779 
9725, 40.2211 
9726, 152.135 
9727, 247.865 
9728, 219.594 
9729, 180.406 
9730, 368.6 
9731, 31.4002 
9732, 93.6185 
9733, 306.382 
9734, 321.422 
9735, 78.578 
9736, 398.4 
9737, 1.59983 
9738, 259.536 
9739, 140.464 
9740, 334.6 
9741, 65.4002 
9742, 174.574 
9743, 225.426 
9744, 44.0837 
9745, 355.916 
9746, 383.704 
9747, 16.296 
9748, 43.7894 
9749, 356.211 
9750, 116.189 
9751, 283.811 
9752, 392.675 
9753, 7.32498 
9754, 88.9423 
9755, 311.058 
9756, 233.711 
9757, 166.289 
9758, 386.527 
9759, 13.4734 
9760, 25.9677 
9761, 374.032 
9762, 12.3488 
9763, 387.651 
9764, 18.4204 
9765, 381.58 
9766, 225.96 
9767, 174.04 
9768, 180.226 
9769, 219.774 
9770, 25.5998 
9771, 374.4 
9772, 216.347 
9773, 183.653 
9774, 251.941 
9775, 148.059 
9776, 339.298 
9777, 60.7019 
9778, 393.793 
9779, 6.20689 
9780, 146.667 
9781, 253.333 
9782, 103.554 
9783, 296.446 
9784, 79.0224 
9785, 320.978 
9786, 27.5955 
9787, 372.405 
9788, 72.2844 
9789, 327.716 
9790, 322.147 
9791, 77.8531 
9792, 155.318 
9793, 244.682 
9794, 121.152 
9795, 278.848 
9796, 283.433 
9797, 116.567 
9798, 351.371 
9799, 48.6288 
9800, 101.358 
9801, 298.642 
9802, 244.411 
9803, 155.589 
9804, 11.0441 
9805, 388.956 
9806, 192.387 
9807, 207.613 
9808, 182.89 
9809, 217.11 
9810, 39.413 
9811, 360.587 
9812, 145.945 
9813, 254.055 
9814, 104.11 
9815, 295.89 
9816, 17.9012 
9817, 382.099 
9818, 140.256 
9819, 259.744 
9820, 174.328 
9821, 225.672 
9822, 52.9581 
9823, 347.042 
9824, 197.965 
9825, 202.035 
9826, 217.143 
9827, 182.857 
9828, 291.381 
9829, 108.619 
9830, 34.9344 
9831, 365.066 
9832, 80.6559 
9833, 319.344 
9834, 245.189 
9835, 154.811 
9836, 353.895 
9837, 46.1055 
9838, 13.5165 
9839, 386.484 
9840, 210.174 
9841, 189.826 
9842, 62.3523 
9843, 337.648 
9844, 230.32 
9845, 169.68 
9846, 272.127 
9847, 127.873 
9848, 102.312 
9849, 297.688 
9850, 364.488 
9851, 35.512 
9852, 264.175 
9853, 135.825 
9854, 224.724 
9855, 175.276 
9856, 181.876 
9857, 218.124 
9858, 298.233 
9859, 101.767 
9860, 127.242 
9861, 272.758 
9862, 376.112 
9863, 23.8881 
9864, 323.139 
9865, 76.8614 
9866, 339.291 
9867, 60.7089 
9868, 234.4 
9869, 165.6 
9870, 122.197 
9871, 277.803 
9872, 144.099 
9873, 255.901 
9874, 148.238 
9875, 251.762 
9876, 267.885 
9877, 132.115 
9878, 306.359 
9879, 93.641 
9880, 399.564 
9881, 0.435597 
9882, 307.168 
9883, 92.8325 
9884, 64.2074 
9885, 335.793 
9886, 145.211 
9887, 254.789 
9888, 51.4481 
9889, 348.552 
9890, 79.126 
9891, 320.874 
9892, 396.573 
9893, 3.42701 
9894, 140.31 
9895, 259.69 
9896, 270.92 
9897, 129.08 
9898, 42.8517 
9899, 357.148 
9900, 386.748 
9901, 13.2521 
9902, 35.9098 
9903, 364.09 
9904, 282.275 
9905, 117.725 
9906, 139.038 
9907, 260.962 
9908, 220.652 
9909, 179.348 
9910, 136.094 
9911, 263.906 
9912, 123.417 
9913, 276.583 
9914, 142.58 
9915, 257.42 
9916, 399.341 
9917, 0.659314 
9918, 185.134 
9919, 214.866 
9920, 209.573 
9921, 190.427 
9922, 181.909 
9923, 218.091 
9924, 138.188 
9925, 261.812 
9926, 65.2658 
9927, 334.734 
9928, 308.862 
9929, 91.1378 
9930, 31.379 
9931, 368.621 
9932, 19.8826 
9933, 380.117 
9934, 69.929 
9935, 330.071 
9936, 106.864 
9937, 293.136 
9938, 153.559 
9939, 246.441 
9940, 81.6204 
9941, 318.38 
9942, 334.055 
9943, 65.9448 
9944, 314.747 
9945, 85.2526 
9946, 90.9899 
9947, 309.01 
9948, 162.335 
9949, 237.665 
9950, 105.06 
9951, 294.94 
9952, 115.051 
9953, 284.949 
9954, 75.9145 
9955, 324.086 
9956, 123.133 
9957, 276.867 
9958, 143.226 
9959, 256.774 
9960, 351.366 
9961, 48.634 
9962, 273.755 
9963, 126.245 
9964, 102.247 
9965, 297.753 
9966, 112.999 
9967, 287.001 
9968, 204.939 
9969, 195.061 
9970, 81.6109 
9971, 318.389 
9972, 53.1107 
9973, 346.889 
9974, 256.249 
9975, 143.751 
9976, 316.608 
9977, 83.3919 
9978, 378.622 
9979, 21.3777 
9980, 204.275 
9981, 195.725 
9982, 70.4562 
9983, 329.544 
9984, 59.2907 
9985, 340.709 
9986, 253.475 
9987, 146.525 
9988, 270.692 
9989, 129.308 
9990, 258.306 
9991, 141.694 
9992, 368.135 
9993, 31.8652 
9994, 305.329 
9995, 94.6712 
9996, 294.556 
9997, 105.444 
9998, 175.274 
9999, 224.726 
10000, 71.3002 
10001, 328.7 
10002, 122.025 
10003, 277.975 
10004, 9.26512 
10005, 390.735 
10006, 188.869 
10007, 211.131 
10008, 357.316 
10009, 42.6835 
10010, 280.696 
10011, 119.304 
10012, 147.274 
10013, 252.726 
10014, 294.805 
10015, 105.195 
10016, 316.126 
10017, 83.8737 
10018, 295.735 
10019, 104.265 
10020, 215.569 
10021, 184.431 
10022, 269.99 
10023, 130.01 
10024, 244.719 
10025, 155.281 
10026, 175.352 
10027, 224.648 
10028, 90.2265 
10029, 309.773 
10030, 80.0358 
10031, 319.964 
10032, 360.885 
10033, 39.115 
10034, 100.482 
10035, 299.518 
10036, 240.489 
10037, 159.511 
10038, 365.534 
10039, 34.4655 
10040, 198.84 
10041, 201.16 
10042, 345.685 
10043, 54.3145 
10044, 151.85 
10045, 248.15 
10046, 4.21688 
10047, 395.783 
10048, 390.61 
10049, 9.39031 
10050, 215.948 
10051, 184.052 
10052, 348.327 
10053, 51.6732 
10054, 155.746 
10055, 244.254 
10056, 191.25 
10057, 208.75 
10058, 241.216 
10059, 158.784 
10060, 282.379 
10061, 117.621 
10062, 347.33 
10063, 52.6699 
10064, 217.559 
10065, 182.441 
10066, 251.052 
10067, 148.948 
10068, 378.758 
10069, 21.2424 
10070, 239.681 
10071, 160.319 
10072, 349.12 
10073, 50.8797 
10074, 307.462 
10075, 92.5383 
10076, 49.2908 
10077, 350.709 
10078, 346.504 
10079, 53.496 
10080, 188.063 
10081, 211.937 
10082, 199.433 
10083, 200.567 
10084, 225.827 
10085, 174.173 
10086, 4.21432 
10087, 395.786 
10088, 249.992 
10089, 150.008 
10090, 111.665 
10091, 288.335 
10092, 284.883 
10093, 115.117 
10094, 64.4693 
10095, 335.531 
10096, 33.2785 
10097, 366.721 
10098, 196.023 
10099, 203.977 
10100, 378.19 
10101, 21.8102 
10102, 336.601 
10103, 63.3993 
10104, 27.8277 
10105, 372.172 
10106, 89.9547 
10107, 310.045 
10108, 166.969 
10109, 233.031 
10110, 59.2481 
10111, 340.752 
10112, 106.161 
10113, 293.839 
10114, 64.8441 
10115, 335.156 
10116, 269.422 
10117, 130.578 
10118, 390.805 
10119, 9.19532 
10120, 120.679 
10121, 279.321 
10122, 385.358 
10123, 14.6422 
10124, 186.902 
10125, 213.098 
10126, 279.998 
10127, 120.002 
10128, 315.558 
10129, 84.4418 
10130, 86.2349 
10131, 313.765 
10132, 41.4541 
10133, 358.546 
10134, 82.3183 
10135, 317.682 
10136, 333.254 
10137, 66.7457 
10138, 73.3363 
10139, 326.664 
10140, 132.05 
10141, 267.95 
10142, 170.508 
10143, 229.492 
10144, 374.059 
10145, 25.9407 
10146, 202.26 
10147, 197.74 
10148, 130.427 
10149, 269.573 
10150, 27.4423 
10151, 372.558 
10152, 130.728 
10153, 269.272 
10154, 169.859 
10155, 230.141 
10156, 145.045 
10157, 254.955 
10158, 352.913 
10159, 47.0867 
10160, 165.351 
10161, 234.649 
10162, 223.468 
10163, 176.532 
10164, 372.201 
10165, 27.7986 
10166, 311.615 
10167, 88.3845 
10168, 34.4402 
10169, 365.56 
10170, 34.4418 
10171, 365.558 
10172, 90.2262 
10173, 309.774 
10174, 170.312 
10175, 229.688 
10176, 41.3487 
10177, 358.651 
10178, 103.32 
10179, 296.68 
10180, 58.4976 
10181, 341.502 
10182, 178.937 
10183, 221.063 
10184, 17.3782 
10185, 382.622 
10186, 338.326 
10187, 61.6735 
10188, 77.0982 
10189, 322.902 
10190, 117.725 
10191, 282.275 
10192, 273.734 
10193, 126.266 
10194, 290.175 
10195, 109.825 
10196, 110.563 
10197, 289.437 
10198, 270.801 
10199, 129.199 
10200, 243.675 
10201, 156.325 
10202, 125.954 
10203, 274.046 
10204, 205.831 
10205, 194.169 
10206, 261.306 
10207, 138.694 
10208, 233.867 
10209, 166.133 
10210, 241.505 
10211, 158.495 
10212, 124.48 
10213, 275.52 
10214, 188.678 
10215, 211.322 
10216, 314.65 
10217, 85.3505 
10218, 212.221 
10219, 187.779 
10220, 359.638 
10221, 40.3623 
10222, 288.454 
10223, 111.546 
10224, 262.702 
10225, 137.298 
10226, 196.626 
10227, 203.374 
10228, 43.3585 
10229, 356.642 
10230, 62.1868 
10231, 337.813 
10232, 102.306 
10233, 297.694 
10234, 323.27 
10235, 76.7303 
10236, 6.07327 
10237, 393.927 
10238, 4.12856 
10239, 395.871 
10240, 2.08624 
10241, 397.914 
10242, 33.0889 
10243, 366.911 
10244, 82.5871 
10245, 317.413 
10246, 112.011 
10247, 287.989 
10248, 148.561 
10249, 251.439 
10250, 304.598 
10251, 95.4024 
10252, 389.8 
10253, 10.1997 
10254, 185.086 
10255, 214.914 
10256, 229.638 
10257, 170.362 
10258, 185.862 
10259, 214.138 
10260, 255.57 
10261, 144.43 
10262, 280.78 
10263, 119.22 
10264, 193.597 
10265, 206.403 
10266, 302.472 
10267, 97.5282 
10268, 299.456 
10269, 100.544 
10270, 41.009 
10271, 358.991 
10272, 197.884 
10273, 202.116 
10274, 330.214 
10275, 69.786 
10276, 72.3895 
10277, 327.61 
10278, 378.125 
10279, 21.8751 
10280, 140.477 
10281, 259.523 
10282, 218.367 
10283, 181.633 
10284, 17.997 
10285, 382.003 
10286, 304.645 
10287, 95.3548 
10288, 24.0837 
10289, 375.916 
10290, 186.997 
10291, 213.003 
10292, 157.921 
10293, 242.079 
10294, 315.192 
10295, 84.808 
10296, 194.863 
10297, 205.137 
10298, 73.6216 
10299, 326.378 
10300, 61.7814 
10301, 338.219 
10302, 104.423 
10303, 295.577 
10304, 84.4923 
10305, 315.508 
10306, 58.8026 
10307, 341.197 
10308, 316.668 
10309, 83.3324 
10310, 154.23 
10311, 245.77 
10312, 106.088 
10313, 293.912 
10314, 87.3996 
10315, 312.6 
10316, 77.082 
10317, 322.918 
10318, 79.2004 
10319, 320.8 
10320, 303.407 
10321, 96.5931 
10322, 330.261 
10323, 69.7386 
10324, 213.32 
10325, 186.68 
10326, 135.911 
10327, 264.089 
10328, 112.651 
10329, 287.349 
10330, 198.143 
10331, 201.857 
10332, 107.684 
10333, 292.316 
10334, 304.15 
10335, 95.8504 
10336, 399.206 
10337, 0.794076 
10338, 228.324 
10339, 171.676 
10340, 196.474 
10341, 203.526 
10342, 345.392 
10343, 54.6079 
10344, 397.11 
10345, 2.89003 
10346, 149.484 
10347, 250.516 
10348, 340.879 
10349, 59.1209 
10350, 309.569 
10351, 90.4314 
10352, 371.159 
10353, 28.8407 
10354, 209.703 
10355, 190.297 
10356, 329.328 
10357, 70.6719 
10358, 370.765 
10359, 29.2348 
10360, 31.2299 
10361, 368.77 
10362, 49.8856 
10363, 350.114 
10364, 215.04 
10365, 184.96 
10366, 365.697 
10367, 34.3035 
10368, 156.162 
10369, 243.838 
10370, 265.4 
10371, 134.6 
10372, 396.095 
10373, 3.90525 
10374, 323.604 
10375, 76.3961 
10376, 316.741 
10377, 83.2591 
10378, 349.663 
10379, 50.3375 
10380, 22.2344 
10381, 377.766 
10382, 356.384 
10383, 43.6163 
10384, 280.604 
10385, 119.396 
10386, 165.125 
10387, 234.875 
10388, 214.145 
10389, 185.855 
10390, 398.419 
10391, 1.58128 
10392, 149.446 
10393, 250.554 
10394, 312.566 
10395, 87.4339 
10396, 71.5559 
10397, 328.444 
10398, 211.235 
10399, 188.765 
10400, 79.2415 
10401, 320.759 
10402, 275.961 
10403, 124.039 
10404, 336.228 
10405, 63.7717 
10406, 233.728 
10407, 166.272 
10408, 196.425 
10409, 203.575 
10410, 358.19 
10411, 41.8101 
10412, 121.852 
10413, 278.148 
10414, 314.487 
10415, 85.5128 
10416, 238.735 
10417, 161.265 
10418, 21.7869 
10419, 378.213 
10420, 95.4367 
10421, 304.563 
10422, 287.246 
10423, 112.754 
10424, 274.847 
10425, 125.153 
10426, 161.174 
10427, 238.826 
10428, 208.278 
10429, 191.722 
10430, 136.562 
10431, 263.438 
10432, 354.76 
10433, 45.2404 
10434, 36.6908 
10435, 363.309 
10436, 59.4541 
10437, 340.546 
10438, 85.0886 
10439, 314.911 
10440, 15.1012 
10441, 384.899 
10442, 17.5086 
10443, 382.491 
10444, 304.632 
10445, 95.3678 
10446, 191.023 
10447, 208.977 
10448, 13.1837 
10449, 386.816 
10450, 183.938 
10451, 216.062 
10452, 51.5432 
10453, 348.457 
10454, 62.7157 
10455, 337.284 
10456, 156.222 
10457, 243.778 
10458, 93.7168 
10459, 306.283 
10460, 258.722 
10461, 141.278 
10462, 195.072 
10463, 204.928 
10464, 225.79 
10465, 174.21 
10466, 50.6545 
10467, 349.346 
10468, 45.2387 
10469, 354.761 
10470, 222.978 
10471, 177.022 
10472, 308.819 
10473, 91.1814 
10474, 379.224 
10475, 20.7757 
10476, 280.649 
10477, 119.351 
10478, 95.2612 
10479, 304.739 
10480, 210.754 
10481, 189.246 
10482, 229.048 
10483, 170.952 
10484, 325.439 
10485, 74.561 
10486, 136.102 
10487, 263.898 
10488, 86.0278 
10489, 313.972 
10490, 384.261 
10491, 15.7387 
10492, 194.199 
10493, 205.801 
10494, 306.705 
10495, 93.2947 
10496, 227.475 
10497, 172.525 
10498, 281.779 
10499, 118.221 
10500, 132.815 
10501, 267.185 
10502, 229.476 
10503, 170.524 
10504, 308.162 
10505, 91.8385 
10506, 270.032 
10507, 129.968 
10508, 308.723 
10509, 91.277 
10510, 231.36 
10511, 168.64 
10512, 133.521 
10513, 266.479 
10514, 279.337 
10515, 120.663 
10516, 184.32 
10517, 215.68 
10518, 121.943 
10519, 278.057 
10520, 298.6 
10521, 101.4 
10522, 370.051 
10523, 29.9492 
10524, 338.054 
10525, 61.9458 
10526, 308.531 
10527, 91.4687 
10528, 227.532 
10529, 172.468 
10530, 338.351 
10531, 61.6487 
10532, 286.79 
10533, 113.21 
10534, 184.909 
10535, 215.091 
10536, 312.198 
10537, 87.802 
10538, 14.7528 
10539, 385.247 
10540, 32.5606 
10541, 367.439 
10542, 297.555 
10543, 102.445 
10544, 286.765 
10545, 113.235 
10546, 122.34 
10547, 277.66 
10548, 256.481 
10549, 143.519 
10550, 376.154 
10551, 23.8456 
10552, 27.4944 
10553, 372.506 
10554, 34.1961 
10555, 365.804 
10556, 207.844 
10557, 192.156 
10558, 37.1116 
10559, 362.888 
10560, 338.403 
10561, 61.5966 
10562, 287.686 
10563, 112.314 
10564, 128.057 
10565, 271.943 
10566, 281.045 
10567, 118.955 
10568, 36.3083 
10569, 363.692 
10570, 385.668 
10571, 14.3319 
10572, 389.405 
10573, 10.5951 
10574, 280.764 
10575, 119.236 
10576, 198.506 
10577, 201.494 
10578, 111.418 
10579, 288.582 
10580, 166.233 
10581, 233.767 
10582, 99.456 
10583, 300.544 
10584, 369.086 
10585, 30.9144 
10586, 236.07 
10587, 163.93 
10588, 53.9481 
10589, 346.052 
10590, 246.22 
10591, 153.78 
10592, 142.913 
10593, 257.087 
10594, 200.706 
10595, 199.294 
10596, 298.518 
10597, 101.482 
10598, 3.61467 
10599, 396.385 
10600, 7.33377 
10601, 392.666 
10602, 6.97041 
10603, 393.03 
10604, 6.25301 
10605, 393.747 
10606, 195.968 
10607, 204.032 
10608, 196.732 
10609, 203.268 
10610, 193.167 
10611, 206.833 
10612, 105.588 
10613, 294.412 
10614, 183.426 
10615, 216.574 
10616, 388.144 
10617, 11.8561 
10618, 177.965 
10619, 222.035 
10620, 395.263 
10621, 4.73695 
10622, 166.165 
10623, 233.835 
10624, 304.785 
10625, 95.2149 
10626, 232.338 
10627, 167.662 
10628, 212.023 
10629, 187.977 
10630, 277.19 
10631, 122.81 
10632, 380.318 
10633, 19.6819 
10634, 200.891 
10635, 199.109 
10636, 108.817 
10637, 291.183 
10638, 147.153 
10639, 252.847 
10640, 381.071 
10641, 18.9285 
10642, 340.897 
10643, 59.1025 
10644, 65.9601 
10645, 334.04 
10646, 64.3456 
10647, 335.654 
10648, 44.8174 
10649, 355.183 
10650, 36.2531 
10651, 363.747 
10652, 221.032 
10653, 178.968 
10654, 220.014 
10655, 179.986 
10656, 241.588 
10657, 158.412 
10658, 396.083 
10659, 3.91693 
10660, 329.089 
10661, 70.9106 
10662, 169.722 
10663, 230.278 
10664, 94.0858 
10665, 305.914 
10666, 82.4135 
10667, 317.586 
10668, 99.3036 
10669, 300.696 
10670, 330.554 
10671, 69.4459 
10672, 306.403 
10673, 93.5971 
10674, 385.199 
10675, 14.801 
10676, 334.254 
10677, 65.7463 
10678, 284.606 
10679, 115.394 
10680, 313.079 
10681, 86.9211 
10682, 363.909 
10683, 36.091 
10684, 159.104 
10685, 240.896 
10686, 190.239 
10687, 209.761 
10688, 82.7466 
10689, 317.253 
10690, 376.52 
10691, 23.4799 
10692, 112.137 
10693, 287.863 
10694, 38.0309 
10695, 361.969 
10696, 106.421 
10697, 293.579 
10698, 312.782 
10699, 87.2181 
10700, 347.828 
10701, 52.1721 
10702, 194.167 
10703, 205.833 
10704, 397.22 
10705, 2.78023 
10706, 53.2921 
10707, 346.708 
10708, 354.458 
10709, 45.5417 
10710, 253.943 
10711, 146.057 
10712, 246.553 
10713, 153.447 
10714, 136.562 
10715, 263.438 
10716, 203.879 
10717, 196.121 
10718, 262.333 
10719, 137.667 
10720, 61.2517 
10721, 338.748 
10722, 317.968 
10723, 82.0325 
10724, 204.962 
10725, 195.038 
10726, 361.194 
10727, 38.8063 
10728, 61.9459 
10729, 338.054 
10730, 243.659 
10731, 156.341 
10732, 40.9401 
10733, 359.06 
10734, 145.335 
10735, 254.665 
10736, 243.733 
10737, 156.267 
10738, 261.622 
10739, 138.378 
10740, 171.044 
10741, 228.956 
10742, 356.546 
10743, 43.4537 
10744, 202.907 
10745, 197.093 
10746, 149.374 
10747, 250.626 
10748, 116.618 
10749, 283.382 
10750, 224.128 
10751, 175.872 
10752, 33.4132 
10753, 366.587 
10754, 352.146 
10755, 47.8541 
10756, 219.993 
10757, 180.007 
10758, 274.949 
10759, 125.051 
10760, 319.023 
10761, 80.9773 
10762, 220.57 
10763, 179.43 
10764, 380.584 
10765, 19.4158 
10766, 363.083 
10767, 36.9174 
10768, 143.198 
10769, 256.802 
10770, 356.805 
10771, 43.1946 
10772, 357.249 
10773, 42.751 
10774, 289.198 
10775, 110.802 
10776, 313.187 
10777, 86.8135 
10778, 17.3654 
10779, 382.635 
10780, 89.2877 
10781, 310.712 
10782, 358.729 
10783, 41.2711 
10784, 257.543 
10785, 142.457 
10786, 283.983 
10787, 116.017 
10788, 168.163 
10789, 231.837 
10790, 270.444 
10791, 129.556 
10792, 85.2898 
10793, 314.71 
10794, 145.777 
10795, 254.223 
10796, 311.574 
10797, 88.4257 
10798, 378.496 
10799, 21.5037 
10800, 48.0679 
10801, 351.932 
10802, 339.541 
10803, 60.4593 
10804, 23.8015 
10805, 376.199 
10806, 22.0077 
10807, 377.992 
10808, 384.942 
10809, 15.058 
10810, 191.692 
10811, 208.308 
10812, 393.043 
10813, 6.95667 
10814, 312.488 
10815, 87.5123 
10816, 80.575 
10817, 319.425 
10818, 332.466 
10819, 67.5341 
10820, 267.512 
10821, 132.488 
10822, 383.515 
10823, 16.4851 
10824, 392.004 
10825, 7.99577 
10826, 96.2302 
10827, 303.77 
10828, 273.29 
10829, 126.71 
10830, 356.163 
10831, 43.8369 
10832, 298.623 
10833, 101.377 
10834, 229.607 
10835, 170.393 
10836, 354.785 
10837, 45.2153 
10838, 302.874 
10839, 97.1259 
10840, 262.308 
10841, 137.692 
10842, 384.647 
10843, 15.3527 
10844, 126.709 
10845, 273.291 
10846, 289.605 
10847, 110.395 
10848, 45.3456 
10849, 354.654 
10850, 43.2201 
10851, 356.78 
10852, 241.982 
10853, 158.018 
10854, 73.5091 
10855, 326.491 
10856, 202.834 
10857, 197.166 
10858, 225.401 
10859, 174.599 
10860, 120.443 
10861, 279.557 
10862, 72.3214 
10863, 327.679 
10864, 159.466 
10865, 240.534 
10866, 293.983 
10867, 106.017 
10868, 365.377 
10869, 34.6227 
10870, 155.223 
10871, 244.777 
10872, 93.2312 
10873, 306.769 
10874, 313.936 
10875, 86.0641 
10876, 304.64 
10877, 95.3595 
10878, 305.879 
10879, 94.1214 
10880, 379.416 
10881, 20.5841 
10882, 187.67 
10883, 212.33 
10884, 195.012 
10885, 204.988 
10886, 262.342 
10887, 137.658 
10888, 267.5 
10889, 132.5 
10890, 16.1196 
10891, 383.88 
10892, 21.831 
10893, 378.169 
10894, 81.7037 
10895, 318.296 
10896, 223.833 
10897, 176.167 
10898, 247.817 
10899, 152.183 
10900, 340.071 
10901, 59.9294 
10902, 271.985 
10903, 128.015 
10904, 276.792 
10905, 123.208 
10906, 156.047 
10907, 243.953 
10908, 349.814 
10909, 50.1865 
10910, 313.809 
10911, 86.1907 
10912, 368.631 
10913, 31.3688 
10914, 194.845 
10915, 205.155 
10916, 313.229 
10917, 86.7705 
10918, 322.242 
10919, 77.7575 
10920, 142.97 
10921, 257.03 
10922, 345.598 
10923, 54.4025 
10924, 266.804 
10925, 133.196 
10926, 181.078 
10927, 218.922 
10928, 182.467 
10929, 217.533 
10930, 384.263 
10931, 15.7373 
10932, 136.088 
10933, 263.912 
10934, 195.778 
10935, 204.222 
10936, 173.954 
10937, 226.046 
10938, 332.771 
10939, 67.229 
10940, 311.839 
10941, 88.1606 
10942, 175.811 
10943, 224.189 
10944, 269.236 
10945, 130.764 
10946, 377.647 
10947, 22.3531 
10948, 163.801 
10949, 236.199 
10950, 53.6745 
10951, 346.325 
10952, 45.1032 
10953, 354.897 
10954, 95.8692 
10955, 304.131 
10956, 140.692 
10957, 259.308 
10958, 396.343 
10959, 3.65687 
10960, 130.25 
10961, 269.75 
10962, 283.488 
10963, 116.512 
10964, 337.001 
10965, 62.9988 
10966, 221.325 
10967, 178.675 
10968, 274.625 
10969, 125.375 
10970, 36.5526 
10971, 363.447 
10972, 135.029 
10973, 264.971 
10974, 280.444 
10975, 119.556 
10976, 159.508 
10977, 240.492 
10978, 193.637 
10979, 206.363 
10980, 365.83 
10981, 34.1704 
10982, 336.174 
10983, 63.8257 
10984, 171.725 
10985, 228.275 
10986, 164.256 
10987, 235.744 
10988, 35.5159 
10989, 364.484 
10990, 279.135 
10991, 120.865 
10992, 174.127 
10993, 225.873 
10994, 380.886 
10995, 19.1139 
10996, 247.247 
10997, 152.753 
10998, 190.115 
10999, 209.885 
11000, 18.7896 
11001, 381.21 
11002, 260.099 
11003, 139.901 
11004, 277.602 
11005, 122.398 
11006, 210.038 
11007, 189.962 
11008, 104.984 
11009, 295.016 
11010, 16.0682 
11011, 383.932 
11012, 1.42429 
11013, 398.576 
11014, 1.37429 
11015, 398.626 
11016, 93.6531 
11017, 306.347 
11018, 243.669 
11019, 156.331 
11020, 106.615 
11021, 293.385 
11022, 52.9367 
11023, 347.063 
11024, 167.635 
11025, 232.365 
11026, 204.805 
11027, 195.195 
11028, 135.212 
11029, 264.788 
11030, 189.422 
11031, 210.578 
11032, 114.992 
11033, 285.008 
11034, 337.973 
11035, 62.0266 
11036, 267.302 
11037, 132.698 
11038, 180.945 
11039, 219.055 
11040, 237.036 
11041, 162.964 
11042, 184.639 
11043, 215.361 
11044, 183.062 
11045, 216.938 
11046, 241.755 
11047, 158.245 
11048, 165.922 
11049, 234.078 
11050, 249.995 
11051, 150.005 
11052, 308.944 
11053, 91.0564 
11054, 261.102 
11055, 138.898 
11056, 374.085 
11057, 25.9146 
11058, 244.926 
11059, 155.074 
11060, 320.345 
11061, 79.6548 
11062, 345.166 
11063, 54.8336 
11064, 226.166 
11065, 173.834 
11066, 399.102 
11067, 0.897525 
11068, 283.042 
11069, 116.958 
11070, 375.222 
11071, 24.778 
11072, 343.779 
11073, 56.2211 
11074, 394.915 
11075, 5.0848 
11076, 323.841 
11077, 76.1587 
11078, 206.134 
11079, 193.866 
11080, 87.6415 
11081, 312.359 
11082, 5.81109 
11083, 394.189 
11084, 192.908 
11085, 207.092 
11086, 85.0243 
11087, 314.976 
11088, 70.5583 
11089, 329.442 
11090, 301.334 
11091, 98.6661 
11092, 232.988 
11093, 167.012 
11094, 292.482 
11095, 107.518 
11096, 329.611 
11097, 70.3893 
11098, 224.937 
11099, 175.063 
11100, 349.344 
11101, 50.6557 
11102, 240.249 
11103, 159.751 
11104, 298.556 
11105, 101.444 
11106, 391.312 
11107, 8.688 
11108, 218.717 
11109, 181.283 
11110, 118.345 
11111, 281.655 
11112, 186.306 
11113, 213.694 
11114, 205.743 
11115, 194.257 
11116, 399.651 
11117, 0.348868 
11118, 10.1169 
11119, 389.883 
11120, 16.9528 
11121, 383.047 
11122, 270.15 
11123, 129.85 
11124, 104.859 
11125, 295.141 
11126, 211.061 
11127, 188.939 
11128, 364.596 
11129, 35.4038 
11130, 324.35 
11131, 75.6496 
11132, 308.087 
11133, 91.9127 
11134, 216.562 
11135, 183.438 
11136, 16.7764 
11137, 383.224 
11138, 249.197 
11139, 150.803 
11140, 101.94 
11141, 298.06 
11142, 236.714 
11143, 163.286 
11144, 232.594 
11145, 167.406 
11146, 349.739 
11147, 50.261 
11148, 147.333 
11149, 252.667 
11150, 395.645 
11151, 4.35526 
11152, 391.791 
11153, 8.20885 
11154, 187.101 
11155, 212.899 
11156, 338.041 
11157, 61.9592 
11158, 381.196 
11159, 18.8039 
11160, 397.675 
11161, 2.325 
11162, 30.8997 
11163, 369.1 
11164, 39.1752 
11165, 360.825 
11166, 317.714 
11167, 82.286 
11168, 326.748 
11169, 73.252 
11170, 65.3806 
11171, 334.619 
11172, 369.62 
11173, 30.3796 
11174, 140.739 
11175, 259.261 
11176, 64.0796 
11177, 335.92 
11178, 257.024 
11179, 142.976 
11180, 83.6228 
11181, 316.377 
11182, 137.668 
11183, 262.332 
11184, 305.897 
11185, 94.1029 
11186, 351.735 
11187, 48.2646 
11188, 353.5 
11189, 46.5003 
11190, 123.994 
11191, 276.006 
11192, 342.631 
11193, 57.3686 
11194, 184.141 
11195, 215.859 
11196, 396.143 
11197, 3.85688 
11198, 179.237 
11199, 220.763 
11200, 81.736 
11201, 318.264 
11202, 53.9972 
11203, 346.003 
11204, 263.449 
11205, 136.551 
11206, 284.738 
11207, 115.262 
11208, 87.6885 
11209, 312.311 
11210, 58.0573 
11211, 341.943 
11212, 165.258 
11213, 234.742 
11214, 148.156 
11215, 251.844 
11216, 245.14 
11217, 154.86 
11218, 168.743 
11219, 231.257 
11220, 39.0226 
11221, 360.977 
11222, 113.614 
11223, 286.386 
11224, 70.68 
11225, 329.32 
11226, 103.231 
11227, 296.769 
11228, 130.667 
11229, 269.333 
11230, 396.017 
11231, 3.98329 
11232, 390.084 
11233, 9.91625 
11234, 23.9543 
11235, 376.046 
11236, 70.7159 
11237, 329.284 
11238, 79.0677 
11239, 320.932 
11240, 93.7615 
11241, 306.239 
11242, 36.9826 
11243, 363.017 
11244, 72.2412 
11245, 327.759 
11246, 140.839 
11247, 259.161 
11248, 148.973 
11249, 251.027 
11250, 290.026 
11251, 109.974 
11252, 221.917 
11253, 178.083 
11254, 174.25 
11255, 225.75 
11256, 357.505 
11257, 42.4952 
11258, 181.384 
11259, 218.616 
11260, 77.1267 
11261, 322.873 
11262, 352.446 
11263, 47.5538 
11264, 293.621 
11265, 106.379 
11266, 64.691 
11267, 335.309 
11268, 76.1276 
11269, 323.872 
11270, 311.732 
11271, 88.2681 
11272, 115.959 
11273, 284.041 
11274, 356.039 
11275, 43.9615 
11276, 389.642 
11277, 10.3581 
11278, 259.567 
11279, 140.433 
11280, 141.336 
11281, 258.664 
11282, 228.127 
11283, 171.873 
11284, 62.6822 
11285, 337.318 
11286, 360.954 
11287, 39.046 
11288, 97.0528 
11289, 302.947 
11290, 221.714 
11291, 178.286 
11292, 347.236 
11293, 52.7642 
11294, 170.21 
11295, 229.79 
11296, 33.1142 
11297, 366.886 
11298, 60.9261 
11299, 339.074 
11300, 268.869 
11301, 131.131 
11302, 141.355 
11303, 258.645 
11304, 119.916 
11305, 280.084 
11306, 243.958 
11307, 156.042 
11308, 315.078 
11309, 84.922 
11310, 138.778 
11311, 261.222 
11312, 125.332 
11313, 274.668 
11314, 199.577 
11315, 200.423 
11316, 17.2784 
11317, 382.722 
11318, 236.685 
11319, 163.315 
11320, 385.18 
11321, 14.8196 
11322, 365.474 
11323, 34.5256 
11324, 225.456 
11325, 174.544 
11326, 296.256 
11327, 103.744 
11328, 275.703 
11329, 124.297 
11330, 123.404 
11331, 276.596 
11332, 184.152 
11333, 215.848 
11334, 351.091 
11335, 48.9091 
11336, 82.0364 
11337, 317.964 
11338, 101.637 
11339, 298.363 
11340, 387.023 
11341, 12.9767 
11342, 280.814 
11343, 119.186 
11344, 207.588 
11345, 192.412 
11346, 233.317 
11347, 166.683 
11348, 336.49 
11349, 63.5101 
11350, 259.356 
11351, 140.644 
11352, 156.827 
11353, 243.173 
11354, 364.331 
11355, 35.6688 
11356, 245.464 
11357, 154.536 
11358, 52.2201 
11359, 347.78 
11360, 357.44 
11361, 42.5597 
11362, 22.2521 
11363, 377.748 
11364, 190.22 
11365, 209.78 
11366, 331.683 
11367, 68.3168 
11368, 171.486 
11369, 228.514 
11370, 82.0771 
11371, 317.923 
11372, 185.561 
11373, 214.439 
11374, 161.05 
11375, 238.95 
11376, 293.426 
11377, 106.574 
11378, 306.21 
11379, 93.7903 
11380, 297.006 
11381, 102.994 
11382, 372.337 
11383, 27.6628 
11384, 96.8429 
11385, 303.157 
11386, 8.00999 
11387, 391.99 
11388, 21.6355 
11389, 378.364 
11390, 262.702 
11391, 137.298 
11392, 353.097 
11393, 46.9033 
11394, 243.815 
11395, 156.185 
11396, 326.242 
11397, 73.7578 
11398, 140.068 
11399, 259.932 
11400, 72.7275 
11401, 327.273 
11402, 189.308 
11403, 210.692 
11404, 346.589 
11405, 53.411 
11406, 302.15 
11407, 97.8504 
11408, 253.737 
11409, 146.263 
11410, 50.2318 
11411, 349.768 
11412, 27.51 
11413, 372.49 
11414, 68.0577 
11415, 331.942 
11416, 175.064 
11417, 224.936 
11418, 218.131 
11419, 181.869 
11420, 283.178 
11421, 116.822 
11422, 122.201 
11423, 277.799 
11424, 380.636 
11425, 19.3644 
11426, 373.544 
11427, 26.4563 
11428, 391.917 
11429, 8.08325 
11430, 378.158 
11431, 21.8422 
11432, 355.301 
11433, 44.6987 
11434, 99.4527 
11435, 300.547 
11436, 359.516 
11437, 40.484 
11438, 391.874 
11439, 8.12644 
11440, 161.075 
11441, 238.925 
11442, 373.992 
11443, 26.0075 
11444, 209.169 
11445, 190.831 
11446, 165.648 
11447, 234.352 
11448, 43.8464 
11449, 356.154 
11450, 18.3807 
11451, 381.619 
11452, 371.94 
11453, 28.0604 
11454, 241.861 
11455, 158.139 
11456, 235.417 
11457, 164.583 
11458, 84.6609 
11459, 315.339 
11460, 14.6681 
11461, 385.332 
11462, 16.1853 
11463, 383.815 
11464, 150.865 
11465, 249.135 
11466, 356.341 
11467, 43.6589 
11468, 131.108 
11469, 268.892 
11470, 105.321 
11471, 294.679 
11472, 124.091 
11473, 275.909 
11474, 142.933 
11475, 257.067 
11476, 133.476 
11477, 266.524 
11478, 237.484 
11479, 162.516 
11480, 252.566 
11481, 147.434 
11482, 282.568 
11483, 117.432 
11484, 317.772 
11485, 82.2276 
11486, 129.747 
11487, 270.253 
11488, 155.103 
11489, 244.897 
11490, 130.29 
11491, 269.71 
11492, 136.614 
11493, 263.386 
11494, 384.199 
11495, 15.8007 
11496, 214.054 
11497, 185.946 
11498, 290.192 
11499, 109.808 
11500, 368.171 
11501, 31.8285 
11502, 317.44 
11503, 82.5595 
11504, 146.492 
11505, 253.508 
11506, 186.005 
11507, 213.995 
11508, 320.75 
11509, 79.2503 
11510, 177.224 
11511, 222.776 
11512, 105.167 
11513, 294.833 
11514, 174.305 
11515, 225.695 
11516, 155.669 
11517, 244.331 
11518, 84.2725 
11519, 315.727 
11520, 129.751 
11521, 270.249 
11522, 140.371 
11523, 259.629 
11524, 126.461 
11525, 273.539 
11526, 102.796 
11527, 297.204 
11528, 13.3743 
11529, 386.626 
11530, 100.701 
11531, 299.299 
11532, 42.0355 
11533, 357.965 
11534, 197.367 
11535, 202.633 
11536, 81.3583 
11537, 318.642 
11538, 155.466 
11539, 244.534 
11540, 368.846 
11541, 31.1537 
11542, 299.914 
11543, 100.086 
11544, 31.9522 
11545, 368.048 
11546, 282.08 
11547, 117.92 
11548, 241.799 
11549, 158.201 
11550, 80.907 
11551, 319.093 
11552, 32.0222 
11553, 367.978 
11554, 7.01704 
11555, 392.983 
11556, 237.476 
11557, 162.524 
11558, 91.3006 
11559, 308.699 
11560, 195.308 
11561, 204.692 
11562, 345.072 
11563, 54.928 
11564, 269.202 
11565, 130.798 
11566, 362.647 
11567, 37.3534 
11568, 86.1023 
11569, 313.898 
11570, 289.925 
11571, 110.075 
11572, 138.038 
11573, 261.962 
11574, 202.351 
11575, 197.649 
11576, 3.81895 
11577, 396.181 
11578, 13.0906 
11579, 386.909 
11580, 1.65001 
11581, 398.35 
11582, 70.5447 
11583, 329.455 
11584, 255.511 
11585, 144.489 
11586, 390.574 
11587, 9.4264 
11588, 233.985 
11589, 166.015 
11590, 325.432 
11591, 74.5682 
11592, 322.264 
11593, 77.7357 
11594, 312.067 
11595, 87.9327 
11596, 255.442 
11597, 144.558 
11598, 108.525 
11599, 291.475 
11600, 171.597 
11601, 228.403 
11602, 283.95 
11603, 116.05 
11604, 150.16 
11605, 249.84 
11606, 212.303 
11607, 187.697 
11608, 253.147 
11609, 146.853 
11610, 285.578 
11611, 114.422 
11612, 225.198 
11613, 174.802 
11614, 94.1766 
11615, 305.823 
11616, 185.591 
11617, 214.409 
11618, 235.054 
11619, 164.946 
11620, 183.7 
11621, 216.3 
11622, 386.257 
11623, 13.743 
11624, 104.317 
11625, 295.683 
11626, 249.246 
11627, 150.754 
11628, 226.146 
11629, 173.854 
11630, 148.354 
11631, 251.646 
11632, 168.051 
11633, 231.949 
11634, 67.6369 
11635, 332.363 
11636, 64.4222 
11637, 335.578 
11638, 54.8359 
11639, 345.164 
11640, 110.103 
11641, 289.897 
11642, 195.635 
11643, 204.365 
11644, 385.862 
11645, 14.1375 
11646, 73.3979 
11647, 326.602 
11648, 308.618 
11649, 91.382 
11650, 341.516 
11651, 58.4844 
11652, 133.842 
11653, 266.158 
11654, 314.15 
11655, 85.8501 
11656, 384.745 
11657, 15.2549 
11658, 84.6645 
11659, 315.335 
11660, 356.032 
11661, 43.9685 
11662, 152.482 
11663, 247.518 
11664, 326.289 
11665, 73.7108 
11666, 346.128 
11667, 53.8725 
11668, 319.747 
11669, 80.2529 
11670, 325.749 
11671, 74.2507 
11672, 237.534 
11673, 162.466 
11674, 75.7038 
11675, 324.296 
11676, 70.4361 
11677, 329.564 
11678, 107.386 
11679, 292.614 
11680, 360.272 
11681, 39.7282 
11682, 326.682 
11683, 73.3181 
11684, 264.802 
11685, 135.198 
11686, 268.616 
11687, 131.384 
11688, 346.119 
11689, 53.8814 
11690, 77.9108 
11691, 322.089 
11692, 306.231 
11693, 93.7688 
11694, 307.256 
11695, 92.7438 
11696, 390.151 
11697, 9.84947 
11698, 312.035 
11699, 87.9648 
11700, 53.9023 
11701, 346.098 
11702, 40.521 
11703, 359.479 
11704, 199.157 
11705, 200.843 
11706, 1.72554 
11707, 398.274 
11708, 380.912 
11709, 19.0883 
11710, 241.384 
11711, 158.616 
11712, 131.593 
11713, 268.407 
11714, 328.91 
11715, 71.0896 
11716, 139.288 
11717, 260.712 
11718, 46.3601 
11719, 353.64 
11720, 254.716 
11721, 145.284 
11722, 232.776 
11723, 167.224 
11724, 396.622 
11725, 3.37812 
11726, 114.594 
11727, 285.406 
11728, 126.096 
11729, 273.904 
11730, 123.137 
11731, 276.863 
11732, 211.147 
11733, 188.853 
11734, 360.845 
11735, 39.1545 
11736, 310.941 
11737, 89.0591 
11738, 218.26 
11739, 181.74 
11740, 40.2263 
11741, 359.774 
11742, 15.4871 
11743, 384.513 
11744, 387.159 
11745, 12.8406 
11746, 157.141 
11747, 242.859 
11748, 227.867 
11749, 172.133 
11750, 363.425 
11751, 36.5751 
11752, 337.799 
11753, 62.2005 
11754, 315.082 
11755, 84.9184 
11756, 60.1383 
11757, 339.862 
11758, 15.0579 
11759, 384.942 
11760, 20.0177 
11761, 379.982 
11762, 66.9236 
11763, 333.076 
11764, 146.016 
11765, 253.984 
11766, 363.442 
11767, 36.558 
11768, 130.075 
11769, 269.925 
11770, 190.226 
11771, 209.774 
11772, 236.264 
11773, 163.736 
11774, 399.949 
11775, 0.0514082 
11776, 389.066 
11777, 10.9345 
11778, 349.331 
11779, 50.6688 
11780, 322.645 
11781, 77.3554 
11782, 388.767 
11783, 11.233 
11784, 218.167 
11785, 181.833 
11786, 172.093 
11787, 227.907 
11788, 137.895 
11789, 262.105 
11790, 318.754 
11791, 81.2464 
11792, 329.336 
11793, 70.6643 
11794, 259.609 
11795, 140.391 
11796, 292.351 
11797, 107.649 
11798, 317.03 
11799, 82.97 
11800, 358.492 
11801, 41.5079 
11802, 189.678 
11803, 210.322 
11804, 78.8998 
11805, 321.1 
11806, 265.56 
11807, 134.44 
11808, 9.45359 
11809, 390.546 
11810, 20.2324 
11811, 379.768 
11812, 10.5605 
11813, 389.44 
11814, 18.8078 
11815, 381.192 
11816, 260.51 
11817, 139.49 
11818, 326.217 
11819, 73.7834 
11820, 227.973 
11821, 172.027 
11822, 177.329 
11823, 222.671 
11824, 360.072 
11825, 39.9284 
11826, 62.5829 
11827, 337.417 
11828, 147.96 
11829, 252.04 
11830, 277.808 
11831, 122.192 
11832, 375.909 
11833, 24.0914 
11834, 72.1867 
11835, 327.813 
11836, 164.152 
11837, 235.848 
11838, 184.94 
11839, 215.06 
11840, 115.235 
11841, 284.765 
11842, 253.165 
11843, 146.835 
11844, 286.197 
11845, 113.803 
11846, 156.182 
11847, 243.818 
11848, 183.655 
11849, 216.345 
11850, 338.44 
11851, 61.5599 
11852, 151.487 
11853, 248.513 
11854, 162.519 
11855, 237.481 
11856, 238.643 
11857, 161.357 
11858, 60.0128 
11859, 339.987 
11860, 112.032 
11861, 287.968 
11862, 250.168 
11863, 149.832 
11864, 88.841 
11865, 311.159 
11866, 39.3798 
11867, 360.62 
11868, 349.582 
11869, 50.4177 
11870, 45.4884 
11871, 354.512 
11872, 350.596 
11873, 49.4043 
11874, 114.477 
11875, 285.523 
11876, 190.021 
11877, 209.979 
11878, 390.166 
11879, 9.83445 
11880, 140.817 
11881, 259.183 
11882, 154.663 
11883, 245.337 
11884, 243.377 
11885, 156.623 
11886, 146.109 
11887, 253.891 
11888, 83.0585 
11889, 316.941 
11890, 192.099 
11891, 207.901 
11892, 270.828 
11893, 129.172 
11894, 324.83 
11895, 75.17 
11896, 43.3777 
11897, 356.622 
11898, 79.2639 
11899, 320.736 
11900, 66.7941 
11901, 333.206 
11902, 82.6917 
11903, 317.308 
11904, 361.754 
11905, 38.2459 
11906, 388.09 
11907, 11.9102 
11908, 10.3157 
11909, 389.684 
11910, 253.073 
11911, 146.927 
11912, 211.864 
11913, 188.136 
11914, 40.3103 
11915, 359.69 
11916, 57.5009 
11917, 342.499 
11918, 395.054 
11919, 4.94568 
11920, 179.483 
11921, 220.517 
11922, 394.028 
11923, 5.9719 
11924, 194.951 
11925, 205.049 
11926, 8.73279 
11927, 391.267 
11928, 192.344 
11929, 207.656 
11930, 72.8162 
11931, 327.184 
11932, 64.9947 
11933, 335.005 
11934, 16.082 
11935, 383.918 
11936, 82.7662 
11937, 317.234 
11938, 173.549 
11939, 226.451 
11940, 177.956 
11941, 222.044 
11942, 351.526 
11943, 48.4739 
11944, 149.847 
11945, 250.153 
11946, 292.812 
11947, 107.188 
11948, 263.6 
11949, 136.4 
11950, 304.799 
11951, 95.2012 
11952, 266.389 
11953, 133.611 
11954, 385.013 
11955, 14.9874 
11956, 341.816 
11957, 58.1839 
11958, 380.184 
11959, 19.8155 
11960, 301.944 
11961, 98.0562 
11962, 253.897 
11963, 146.103 
11964, 313.102 
11965, 86.8981 
11966, 261.078 
11967, 138.922 
11968, 101.806 
11969, 298.194 
11970, 229.353 
11971, 170.647 
11972, 78.0709 
11973, 321.929 
11974, 306.884 
11975, 93.1157 
11976, 214.12 
11977, 185.88 
11978, 243.476 
11979, 156.524 
11980, 62.813 
11981, 337.187 
11982, 210.036 
11983, 189.964 
11984, 120.052 
11985, 279.948 
11986, 86.3639 
11987, 313.636 
11988, 62.496 
11989, 337.504 
11990, 385.663 
11991, 14.3371 
11992, 340.213 
11993, 59.7871 
11994, 380.813 
11995, 19.1875 
11996, 300.969 
11997, 99.031 
11998, 48.2301 
11999, 351.77 
12000, 114.959 
12001, 285.041 
12002, 350.139 
12003, 49.8607 
12004, 218.004 
12005, 181.996 
12006, 268.618 
12007, 131.382 
12008, 99.8327 
12009, 300.167 
12010, 135.556 
12011, 264.444 
12012, 171.502 
12013, 228.498 
12014, 170.606 
12015, 229.394 
12016, 130.37 
12017, 269.63 
12018, 112.74 
12019, 287.26 
12020, 160.076 
12021, 239.924 
12022, 63.0468 
12023, 336.953 
12024, 128.959 
12025, 271.041 
12026, 166.413 
12027, 233.587 
12028, 295.138 
12029, 104.862 
12030, 71.0594 
12031, 328.941 
12032, 16.9397 
12033, 383.06 
12034, 28.0194 
12035, 371.981 
12036, 55.8679 
12037, 344.132 
12038, 298.676 
12039, 101.324 
12040, 391.18 
12041, 8.81973 
12042, 383.439 
12043, 16.5614 
12044, 390.623 
12045, 9.37682 
12046, 386.373 
12047, 13.6268 
12048, 274.124 
12049, 125.876 
12050, 285.041 
12051, 114.959 
